{"dwell_times": [{"arr_dt": "1472875334", "direction": "0", "dep_dt": "1472875405", "route_id": "Red", "dwell_time_sec": "71"}, {"arr_dt": "1472875749", "direction": "0", "dep_dt": "1472875817", "route_id": "Red", "dwell_time_sec": "68"}, {"arr_dt": "1472876219", "direction": "0", "dep_dt": "1472876280", "route_id": "Red", "dwell_time_sec": "61"}, {"arr_dt": "1472876689", "direction": "0", "dep_dt": "1472876757", "route_id": "Red", "dwell_time_sec": "68"}, {"arr_dt": "1472877222", "direction": "0", "dep_dt": "1472877297", "route_id": "Red", "dwell_time_sec": "75"}, {"arr_dt": "1472877667", "direction": "0", "dep_dt": "1472877750", "route_id": "Red", "dwell_time_sec": "83"}, {"arr_dt": "1472878409", "direction": "0", "dep_dt": "1472880319", "route_id": "Red", "dwell_time_sec": "1910"}, {"arr_dt": "1472895211", "direction": "0", "dep_dt": "1472895290", "route_id": "Red", "dwell_time_sec": "79"}, {"arr_dt": "1472895784", "direction": "0", "dep_dt": "1472895840", "route_id": "Red", "dwell_time_sec": "56"}, {"arr_dt": "1472896053", "direction": "0", "dep_dt": "1472896116", "route_id": "Red", "dwell_time_sec": "63"}, {"arr_dt": "1472896481", "direction": "0", "dep_dt": "1472896538", "route_id": "Red", "dwell_time_sec": "57"}, {"arr_dt": "1472896858", "direction": "0", "dep_dt": "1472896925", "route_id": "Red", "dwell_time_sec": "67"}, {"arr_dt": "1472897545", "direction": "0", "dep_dt": "1472897599", "route_id": "Red", "dwell_time_sec": "54"}, {"arr_dt": "1472897764", "direction": "0", "dep_dt": "1472897819", "route_id": "Red", "dwell_time_sec": "55"}, {"arr_dt": "1472898495", "direction": "0", "dep_dt": "1472898571", "route_id": "Red", "dwell_time_sec": "76"}, {"arr_dt": "1472898735", "direction": "0", "dep_dt": "1472898791", "route_id": "Red", "dwell_time_sec": "56"}, {"arr_dt": "1472898966", "direction": "0", "dep_dt": "1472899025", "route_id": "Red", "dwell_time_sec": "59"}, {"arr_dt": "1472899479", "direction": "0", "dep_dt": "1472899542", "route_id": "Red", "dwell_time_sec": "63"}, {"arr_dt": "1472899937", "direction": "0", "dep_dt": "1472899997", "route_id": "Red", "dwell_time_sec": "60"}, {"arr_dt": "1472900132", "direction": "0", "dep_dt": "1472900189", "route_id": "Red", "dwell_time_sec": "57"}, {"arr_dt": "1472900593", "direction": "0", "dep_dt": "1472900662", "route_id": "Red", "dwell_time_sec": "69"}, {"arr_dt": "1472901013", "direction": "0", "dep_dt": "1472901079", "route_id": "Red", "dwell_time_sec": "66"}, {"arr_dt": "1472901182", "direction": "0", "dep_dt": "1472901241", "route_id": "Red", "dwell_time_sec": "59"}, {"arr_dt": "1472901695", "direction": "0", "dep_dt": "1472901757", "route_id": "Red", "dwell_time_sec": "62"}, {"arr_dt": "1472902169", "direction": "0", "dep_dt": "1472902237", "route_id": "Red", "dwell_time_sec": "68"}, {"arr_dt": "1472902661", "direction": "0", "dep_dt": "1472902724", "route_id": "Red", "dwell_time_sec": "63"}, {"arr_dt": "1472902955", "direction": "0", "dep_dt": "1472903017", "route_id": "Red", "dwell_time_sec": "62"}, {"arr_dt": "1472903590", "direction": "0", "dep_dt": "1472903671", "route_id": "Red", "dwell_time_sec": "81"}, {"arr_dt": "1472903800", "direction": "0", "dep_dt": "1472903862", "route_id": "Red", "dwell_time_sec": "62"}, {"arr_dt": "1472904221", "direction": "0", "dep_dt": "1472904284", "route_id": "Red", "dwell_time_sec": "63"}, {"arr_dt": "1472904551", "direction": "0", "dep_dt": "1472904620", "route_id": "Red", "dwell_time_sec": "69"}, {"arr_dt": "1472905055", "direction": "0", "dep_dt": "1472905133", "route_id": "Red", "dwell_time_sec": "78"}, {"arr_dt": "1472905474", "direction": "0", "dep_dt": "1472905531", "route_id": "Red", "dwell_time_sec": "57"}, {"arr_dt": "1472905778", "direction": "0", "dep_dt": "1472905838", "route_id": "Red", "dwell_time_sec": "60"}, {"arr_dt": "1472906143", "direction": "0", "dep_dt": "1472906203", "route_id": "Red", "dwell_time_sec": "60"}, {"arr_dt": "1472906468", "direction": "0", "dep_dt": "1472906533", "route_id": "Red", "dwell_time_sec": "65"}, {"arr_dt": "1472907001", "direction": "0", "dep_dt": "1472907084", "route_id": "Red", "dwell_time_sec": "83"}, {"arr_dt": "1472907365", "direction": "0", "dep_dt": "1472907421", "route_id": "Red", "dwell_time_sec": "56"}, {"arr_dt": "1472907739", "direction": "0", "dep_dt": "1472907815", "route_id": "Red", "dwell_time_sec": "76"}, {"arr_dt": "1472908153", "direction": "0", "dep_dt": "1472908218", "route_id": "Red", "dwell_time_sec": "65"}, {"arr_dt": "1472908677", "direction": "0", "dep_dt": "1472908751", "route_id": "Red", "dwell_time_sec": "74"}, {"arr_dt": "1472909122", "direction": "0", "dep_dt": "1472909187", "route_id": "Red", "dwell_time_sec": "65"}, {"arr_dt": "1472909495", "direction": "0", "dep_dt": "1472909557", "route_id": "Red", "dwell_time_sec": "62"}, {"arr_dt": "1472909923", "direction": "0", "dep_dt": "1472909986", "route_id": "Red", "dwell_time_sec": "63"}, {"arr_dt": "1472910432", "direction": "0", "dep_dt": "1472910512", "route_id": "Red", "dwell_time_sec": "80"}, {"arr_dt": "1472910788", "direction": "0", "dep_dt": "1472910886", "route_id": "Red", "dwell_time_sec": "98"}, {"arr_dt": "1472911085", "direction": "0", "dep_dt": "1472911144", "route_id": "Red", "dwell_time_sec": "59"}, {"arr_dt": "1472911441", "direction": "0", "dep_dt": "1472911506", "route_id": "Red", "dwell_time_sec": "65"}, {"arr_dt": "1472911959", "direction": "0", "dep_dt": "1472912025", "route_id": "Red", "dwell_time_sec": "66"}, {"arr_dt": "1472912296", "direction": "0", "dep_dt": "1472912356", "route_id": "Red", "dwell_time_sec": "60"}, {"arr_dt": "1472912925", "direction": "0", "dep_dt": "1472912993", "route_id": "Red", "dwell_time_sec": "68"}, {"arr_dt": "1472913214", "direction": "0", "dep_dt": "1472913292", "route_id": "Red", "dwell_time_sec": "78"}, {"arr_dt": "1472913763", "direction": "0", "dep_dt": "1472913831", "route_id": "Red", "dwell_time_sec": "68"}, {"arr_dt": "1472914243", "direction": "0", "dep_dt": "1472914311", "route_id": "Red", "dwell_time_sec": "68"}, {"arr_dt": "1472914706", "direction": "0", "dep_dt": "1472914803", "route_id": "Red", "dwell_time_sec": "97"}, {"arr_dt": "1472915043", "direction": "0", "dep_dt": "1472915117", "route_id": "Red", "dwell_time_sec": "74"}, {"arr_dt": "1472915333", "direction": "0", "dep_dt": "1472915406", "route_id": "Red", "dwell_time_sec": "73"}, {"arr_dt": "1472915706", "direction": "0", "dep_dt": "1472915869", "route_id": "Red", "dwell_time_sec": "163"}, {"arr_dt": "1472916337", "direction": "0", "dep_dt": "1472916464", "route_id": "Red", "dwell_time_sec": "127"}, {"arr_dt": "1472916660", "direction": "0", "dep_dt": "1472916746", "route_id": "Red", "dwell_time_sec": "86"}, {"arr_dt": "1472916878", "direction": "0", "dep_dt": "1472916947", "route_id": "Red", "dwell_time_sec": "69"}, {"arr_dt": "1472917246", "direction": "0", "dep_dt": "1472917321", "route_id": "Red", "dwell_time_sec": "75"}, {"arr_dt": "1472917659", "direction": "0", "dep_dt": "1472917726", "route_id": "Red", "dwell_time_sec": "67"}, {"arr_dt": "1472918051", "direction": "0", "dep_dt": "1472918120", "route_id": "Red", "dwell_time_sec": "69"}, {"arr_dt": "1472918463", "direction": "0", "dep_dt": "1472918538", "route_id": "Red", "dwell_time_sec": "75"}, {"arr_dt": "1472918955", "direction": "0", "dep_dt": "1472919022", "route_id": "Red", "dwell_time_sec": "67"}, {"arr_dt": "1472919256", "direction": "0", "dep_dt": "1472919340", "route_id": "Red", "dwell_time_sec": "84"}, {"arr_dt": "1472919778", "direction": "0", "dep_dt": "1472919901", "route_id": "Red", "dwell_time_sec": "123"}, {"arr_dt": "1472920104", "direction": "0", "dep_dt": "1472920197", "route_id": "Red", "dwell_time_sec": "93"}, {"arr_dt": "1472920435", "direction": "0", "dep_dt": "1472920501", "route_id": "Red", "dwell_time_sec": "66"}, {"arr_dt": "1472920941", "direction": "0", "dep_dt": "1472921060", "route_id": "Red", "dwell_time_sec": "119"}, {"arr_dt": "1472921351", "direction": "0", "dep_dt": "1472921451", "route_id": "Red", "dwell_time_sec": "100"}, {"arr_dt": "1472921854", "direction": "0", "dep_dt": "1472921961", "route_id": "Red", "dwell_time_sec": "107"}, {"arr_dt": "1472922208", "direction": "0", "dep_dt": "1472922282", "route_id": "Red", "dwell_time_sec": "74"}, {"arr_dt": "1472922693", "direction": "0", "dep_dt": "1472922775", "route_id": "Red", "dwell_time_sec": "82"}, {"arr_dt": "1472923059", "direction": "0", "dep_dt": "1472923146", "route_id": "Red", "dwell_time_sec": "87"}, {"arr_dt": "1472923451", "direction": "0", "dep_dt": "1472923527", "route_id": "Red", "dwell_time_sec": "76"}, {"arr_dt": "1472923638", "direction": "0", "dep_dt": "1472923698", "route_id": "Red", "dwell_time_sec": "60"}, {"arr_dt": "1472924167", "direction": "0", "dep_dt": "1472924240", "route_id": "Red", "dwell_time_sec": "73"}, {"arr_dt": "1472924691", "direction": "0", "dep_dt": "1472924768", "route_id": "Red", "dwell_time_sec": "77"}, {"arr_dt": "1472925047", "direction": "0", "dep_dt": "1472925112", "route_id": "Red", "dwell_time_sec": "65"}, {"arr_dt": "1472925490", "direction": "0", "dep_dt": "1472925587", "route_id": "Red", "dwell_time_sec": "97"}, {"arr_dt": "1472925915", "direction": "0", "dep_dt": "1472925987", "route_id": "Red", "dwell_time_sec": "72"}, {"arr_dt": "1472926252", "direction": "0", "dep_dt": "1472926315", "route_id": "Red", "dwell_time_sec": "63"}, {"arr_dt": "1472926816", "direction": "0", "dep_dt": "1472926900", "route_id": "Red", "dwell_time_sec": "84"}, {"arr_dt": "1472927129", "direction": "0", "dep_dt": "1472927236", "route_id": "Red", "dwell_time_sec": "107"}, {"arr_dt": "1472927450", "direction": "0", "dep_dt": "1472927513", "route_id": "Red", "dwell_time_sec": "63"}, {"arr_dt": "1472927837", "direction": "0", "dep_dt": "1472927901", "route_id": "Red", "dwell_time_sec": "64"}, {"arr_dt": "1472928144", "direction": "0", "dep_dt": "1472928205", "route_id": "Red", "dwell_time_sec": "61"}, {"arr_dt": "1472928780", "direction": "0", "dep_dt": "1472928883", "route_id": "Red", "dwell_time_sec": "103"}, {"arr_dt": "1472929147", "direction": "0", "dep_dt": "1472929223", "route_id": "Red", "dwell_time_sec": "76"}, {"arr_dt": "1472929370", "direction": "0", "dep_dt": "1472929435", "route_id": "Red", "dwell_time_sec": "65"}, {"arr_dt": "1472930132", "direction": "0", "dep_dt": "1472930244", "route_id": "Red", "dwell_time_sec": "112"}, {"arr_dt": "1472930389", "direction": "0", "dep_dt": "1472930455", "route_id": "Red", "dwell_time_sec": "66"}, {"arr_dt": "1472930838", "direction": "0", "dep_dt": "1472930933", "route_id": "Red", "dwell_time_sec": "95"}, {"arr_dt": "1472931205", "direction": "0", "dep_dt": "1472931284", "route_id": "Red", "dwell_time_sec": "79"}, {"arr_dt": "1472931484", "direction": "0", "dep_dt": "1472931544", "route_id": "Red", "dwell_time_sec": "60"}, {"arr_dt": "1472932026", "direction": "0", "dep_dt": "1472932101", "route_id": "Red", "dwell_time_sec": "75"}, {"arr_dt": "1472932419", "direction": "0", "dep_dt": "1472932521", "route_id": "Red", "dwell_time_sec": "102"}, {"arr_dt": "1472932861", "direction": "0", "dep_dt": "1472932948", "route_id": "Red", "dwell_time_sec": "87"}, {"arr_dt": "1472933046", "direction": "0", "dep_dt": "1472933125", "route_id": "Red", "dwell_time_sec": "79"}, {"arr_dt": "1472933646", "direction": "0", "dep_dt": "1472933778", "route_id": "Red", "dwell_time_sec": "132"}, {"arr_dt": "1472933948", "direction": "0", "dep_dt": "1472934025", "route_id": "Red", "dwell_time_sec": "77"}, {"arr_dt": "1472934232", "direction": "0", "dep_dt": "1472934297", "route_id": "Red", "dwell_time_sec": "65"}, {"arr_dt": "1472934750", "direction": "0", "dep_dt": "1472934837", "route_id": "Red", "dwell_time_sec": "87"}, {"arr_dt": "1472935193", "direction": "0", "dep_dt": "1472935262", "route_id": "Red", "dwell_time_sec": "69"}, {"arr_dt": "1472935379", "direction": "0", "dep_dt": "1472935437", "route_id": "Red", "dwell_time_sec": "58"}, {"arr_dt": "1472935964", "direction": "0", "dep_dt": "1472936037", "route_id": "Red", "dwell_time_sec": "73"}, {"arr_dt": "1472936311", "direction": "0", "dep_dt": "1472936396", "route_id": "Red", "dwell_time_sec": "85"}, {"arr_dt": "1472936597", "direction": "0", "dep_dt": "1472936668", "route_id": "Red", "dwell_time_sec": "71"}, {"arr_dt": "1472937162", "direction": "0", "dep_dt": "1472937241", "route_id": "Red", "dwell_time_sec": "79"}, {"arr_dt": "1472937581", "direction": "0", "dep_dt": "1472937674", "route_id": "Red", "dwell_time_sec": "93"}, {"arr_dt": "1472938003", "direction": "0", "dep_dt": "1472938083", "route_id": "Red", "dwell_time_sec": "80"}, {"arr_dt": "1472938387", "direction": "0", "dep_dt": "1472938465", "route_id": "Red", "dwell_time_sec": "78"}, {"arr_dt": "1472938778", "direction": "0", "dep_dt": "1472938844", "route_id": "Red", "dwell_time_sec": "66"}, {"arr_dt": "1472939169", "direction": "0", "dep_dt": "1472939244", "route_id": "Red", "dwell_time_sec": "75"}, {"arr_dt": "1472939751", "direction": "0", "dep_dt": "1472939831", "route_id": "Red", "dwell_time_sec": "80"}, {"arr_dt": "1472939929", "direction": "0", "dep_dt": "1472940014", "route_id": "Red", "dwell_time_sec": "85"}, {"arr_dt": "1472940477", "direction": "0", "dep_dt": "1472940569", "route_id": "Red", "dwell_time_sec": "92"}, {"arr_dt": "1472940701", "direction": "0", "dep_dt": "1472940761", "route_id": "Red", "dwell_time_sec": "60"}, {"arr_dt": "1472941426", "direction": "0", "dep_dt": "1472941530", "route_id": "Red", "dwell_time_sec": "104"}, {"arr_dt": "1472941634", "direction": "0", "dep_dt": "1472941721", "route_id": "Red", "dwell_time_sec": "87"}, {"arr_dt": "1472942288", "direction": "0", "dep_dt": "1472942385", "route_id": "Red", "dwell_time_sec": "97"}, {"arr_dt": "1472942484", "direction": "0", "dep_dt": "1472942568", "route_id": "Red", "dwell_time_sec": "84"}, {"arr_dt": "1472942790", "direction": "0", "dep_dt": "1472942981", "route_id": "Red", "dwell_time_sec": "191"}, {"arr_dt": "1472943308", "direction": "0", "dep_dt": "1472943384", "route_id": "Red", "dwell_time_sec": "76"}, {"arr_dt": "1472943597", "direction": "0", "dep_dt": "1472943669", "route_id": "Red", "dwell_time_sec": "72"}, {"arr_dt": "1472944098", "direction": "0", "dep_dt": "1472944189", "route_id": "Red", "dwell_time_sec": "91"}, {"arr_dt": "1472944409", "direction": "0", "dep_dt": "1472944487", "route_id": "Red", "dwell_time_sec": "78"}, {"arr_dt": "1472944820", "direction": "0", "dep_dt": "1472944889", "route_id": "Red", "dwell_time_sec": "69"}, {"arr_dt": "1472945245", "direction": "0", "dep_dt": "1472945310", "route_id": "Red", "dwell_time_sec": "65"}, {"arr_dt": "1472945713", "direction": "0", "dep_dt": "1472945800", "route_id": "Red", "dwell_time_sec": "87"}, {"arr_dt": "1472946012", "direction": "0", "dep_dt": "1472946181", "route_id": "Red", "dwell_time_sec": "169"}, {"arr_dt": "1472946318", "direction": "0", "dep_dt": "1472946380", "route_id": "Red", "dwell_time_sec": "62"}, {"arr_dt": "1472946780", "direction": "0", "dep_dt": "1472946868", "route_id": "Red", "dwell_time_sec": "88"}, {"arr_dt": "1472947293", "direction": "0", "dep_dt": "1472947470", "route_id": "Red", "dwell_time_sec": "177"}, {"arr_dt": "1472947858", "direction": "0", "dep_dt": "1472947949", "route_id": "Red", "dwell_time_sec": "91"}, {"arr_dt": "1472948320", "direction": "0", "dep_dt": "1472948415", "route_id": "Red", "dwell_time_sec": "95"}, {"arr_dt": "1472948648", "direction": "0", "dep_dt": "1472948723", "route_id": "Red", "dwell_time_sec": "75"}, {"arr_dt": "1472948828", "direction": "0", "dep_dt": "1472948904", "route_id": "Red", "dwell_time_sec": "76"}, {"arr_dt": "1472949256", "direction": "0", "dep_dt": "1472949331", "route_id": "Red", "dwell_time_sec": "75"}, {"arr_dt": "1472949525", "direction": "0", "dep_dt": "1472949594", "route_id": "Red", "dwell_time_sec": "69"}, {"arr_dt": "1472949880", "direction": "0", "dep_dt": "1472949949", "route_id": "Red", "dwell_time_sec": "69"}, {"arr_dt": "1472950320", "direction": "0", "dep_dt": "1472950385", "route_id": "Red", "dwell_time_sec": "65"}, {"arr_dt": "1472950927", "direction": "0", "dep_dt": "1472951000", "route_id": "Red", "dwell_time_sec": "73"}, {"arr_dt": "1472951334", "direction": "0", "dep_dt": "1472951422", "route_id": "Red", "dwell_time_sec": "88"}, {"arr_dt": "1472951962", "direction": "0", "dep_dt": "1472952053", "route_id": "Red", "dwell_time_sec": "91"}, {"arr_dt": "1472952173", "direction": "0", "dep_dt": "1472952245", "route_id": "Red", "dwell_time_sec": "72"}, {"arr_dt": "1472952483", "direction": "0", "dep_dt": "1472952544", "route_id": "Red", "dwell_time_sec": "61"}, {"arr_dt": "1472952845", "direction": "0", "dep_dt": "1472952913", "route_id": "Red", "dwell_time_sec": "68"}, {"arr_dt": "1472953293", "direction": "0", "dep_dt": "1472953376", "route_id": "Red", "dwell_time_sec": "83"}, {"arr_dt": "1472953934", "direction": "0", "dep_dt": "1472954011", "route_id": "Red", "dwell_time_sec": "77"}, {"arr_dt": "1472954448", "direction": "0", "dep_dt": "1472954519", "route_id": "Red", "dwell_time_sec": "71"}, {"arr_dt": "1472954651", "direction": "0", "dep_dt": "1472954707", "route_id": "Red", "dwell_time_sec": "56"}, {"arr_dt": "1472955070", "direction": "0", "dep_dt": "1472955140", "route_id": "Red", "dwell_time_sec": "70"}, {"arr_dt": "1472955535", "direction": "0", "dep_dt": "1472955600", "route_id": "Red", "dwell_time_sec": "65"}, {"arr_dt": "1472955985", "direction": "0", "dep_dt": "1472956054", "route_id": "Red", "dwell_time_sec": "69"}, {"arr_dt": "1472956521", "direction": "0", "dep_dt": "1472956591", "route_id": "Red", "dwell_time_sec": "70"}, {"arr_dt": "1472956944", "direction": "0", "dep_dt": "1472957024", "route_id": "Red", "dwell_time_sec": "80"}, {"arr_dt": "1472957246", "direction": "0", "dep_dt": "1472957305", "route_id": "Red", "dwell_time_sec": "59"}, {"arr_dt": "1472957644", "direction": "0", "dep_dt": "1472957717", "route_id": "Red", "dwell_time_sec": "73"}, {"arr_dt": "1472958214", "direction": "0", "dep_dt": "1472958293", "route_id": "Red", "dwell_time_sec": "79"}, {"arr_dt": "1472958432", "direction": "0", "dep_dt": "1472958488", "route_id": "Red", "dwell_time_sec": "56"}, {"arr_dt": "1472959218", "direction": "0", "dep_dt": "1472959297", "route_id": "Red", "dwell_time_sec": "79"}, {"arr_dt": "1472959406", "direction": "0", "dep_dt": "1472959476", "route_id": "Red", "dwell_time_sec": "70"}, {"arr_dt": "1472959752", "direction": "0", "dep_dt": "1472959843", "route_id": "Red", "dwell_time_sec": "91"}, {"arr_dt": "1472960235", "direction": "0", "dep_dt": "1472960293", "route_id": "Red", "dwell_time_sec": "58"}, {"arr_dt": "1472960787", "direction": "0", "dep_dt": "1472960850", "route_id": "Red", "dwell_time_sec": "63"}, {"arr_dt": "1472961129", "direction": "0", "dep_dt": "1472961191", "route_id": "Red", "dwell_time_sec": "62"}]}