{"dwell_times": [{"arr_dt": "1455771829", "direction": "0", "dep_dt": "1455771893", "route_id": "Red", "dwell_time_sec": "64"}, {"arr_dt": "1455772168", "direction": "0", "dep_dt": "1455772231", "route_id": "Red", "dwell_time_sec": "63"}, {"arr_dt": "1455772404", "direction": "0", "dep_dt": "1455772471", "route_id": "Red", "dwell_time_sec": "67"}, {"arr_dt": "1455772723", "direction": "0", "dep_dt": "1455772812", "route_id": "Red", "dwell_time_sec": "89"}, {"arr_dt": "1455773133", "direction": "0", "dep_dt": "1455773217", "route_id": "Red", "dwell_time_sec": "84"}, {"arr_dt": "1455773774", "direction": "0", "dep_dt": "1455773843", "route_id": "Red", "dwell_time_sec": "69"}, {"arr_dt": "1455774002", "direction": "0", "dep_dt": "1455774312", "route_id": "Red", "dwell_time_sec": "310"}, {"arr_dt": "1455774728", "direction": "0", "dep_dt": "1455776410", "route_id": "Red", "dwell_time_sec": "1682"}, {"arr_dt": "1455791590", "direction": "0", "dep_dt": "1455791665", "route_id": "Red", "dwell_time_sec": "75"}, {"arr_dt": "1455792181", "direction": "0", "dep_dt": "1455792308", "route_id": "Red", "dwell_time_sec": "127"}, {"arr_dt": "1455792531", "direction": "0", "dep_dt": "1455792597", "route_id": "Red", "dwell_time_sec": "66"}, {"arr_dt": "1455792837", "direction": "0", "dep_dt": "1455792901", "route_id": "Red", "dwell_time_sec": "64"}, {"arr_dt": "1455793181", "direction": "0", "dep_dt": "1455793243", "route_id": "Red", "dwell_time_sec": "62"}, {"arr_dt": "1455793877", "direction": "0", "dep_dt": "1455793938", "route_id": "Red", "dwell_time_sec": "61"}, {"arr_dt": "1455794347", "direction": "0", "dep_dt": "1455794413", "route_id": "Red", "dwell_time_sec": "66"}, {"arr_dt": "1455794666", "direction": "0", "dep_dt": "1455794725", "route_id": "Red", "dwell_time_sec": "59"}, {"arr_dt": "1455795182", "direction": "0", "dep_dt": "1455795244", "route_id": "Red", "dwell_time_sec": "62"}, {"arr_dt": "1455795347", "direction": "0", "dep_dt": "1455795408", "route_id": "Red", "dwell_time_sec": "61"}, {"arr_dt": "1455795689", "direction": "0", "dep_dt": "1455795767", "route_id": "Red", "dwell_time_sec": "78"}, {"arr_dt": "1455796301", "direction": "0", "dep_dt": "1455796374", "route_id": "Red", "dwell_time_sec": "73"}, {"arr_dt": "1455796520", "direction": "0", "dep_dt": "1455796588", "route_id": "Red", "dwell_time_sec": "68"}, {"arr_dt": "1455797018", "direction": "0", "dep_dt": "1455797101", "route_id": "Red", "dwell_time_sec": "83"}, {"arr_dt": "1455797204", "direction": "0", "dep_dt": "1455797281", "route_id": "Red", "dwell_time_sec": "77"}, {"arr_dt": "1455797395", "direction": "0", "dep_dt": "1455797468", "route_id": "Red", "dwell_time_sec": "73"}, {"arr_dt": "1455797563", "direction": "0", "dep_dt": "1455797619", "route_id": "Red", "dwell_time_sec": "56"}, {"arr_dt": "1455797750", "direction": "0", "dep_dt": "1455797831", "route_id": "Red", "dwell_time_sec": "81"}, {"arr_dt": "1455798058", "direction": "0", "dep_dt": "1455798148", "route_id": "Red", "dwell_time_sec": "90"}, {"arr_dt": "1455798264", "direction": "0", "dep_dt": "1455798324", "route_id": "Red", "dwell_time_sec": "60"}, {"arr_dt": "1455798711", "direction": "0", "dep_dt": "1455798805", "route_id": "Red", "dwell_time_sec": "94"}, {"arr_dt": "1455798901", "direction": "0", "dep_dt": "1455798979", "route_id": "Red", "dwell_time_sec": "78"}, {"arr_dt": "1455799120", "direction": "0", "dep_dt": "1455799205", "route_id": "Red", "dwell_time_sec": "85"}, {"arr_dt": "1455799320", "direction": "0", "dep_dt": "1455799414", "route_id": "Red", "dwell_time_sec": "94"}, {"arr_dt": "1455799508", "direction": "0", "dep_dt": "1455799594", "route_id": "Red", "dwell_time_sec": "86"}, {"arr_dt": "1455799730", "direction": "0", "dep_dt": "1455799801", "route_id": "Red", "dwell_time_sec": "71"}, {"arr_dt": "1455799904", "direction": "0", "dep_dt": "1455799980", "route_id": "Red", "dwell_time_sec": "76"}, {"arr_dt": "1455800099", "direction": "0", "dep_dt": "1455800193", "route_id": "Red", "dwell_time_sec": "94"}, {"arr_dt": "1455800365", "direction": "0", "dep_dt": "1455800487", "route_id": "Red", "dwell_time_sec": "122"}, {"arr_dt": "1455800586", "direction": "0", "dep_dt": "1455800685", "route_id": "Red", "dwell_time_sec": "99"}, {"arr_dt": "1455800831", "direction": "0", "dep_dt": "1455800926", "route_id": "Red", "dwell_time_sec": "95"}, {"arr_dt": "1455801026", "direction": "0", "dep_dt": "1455801116", "route_id": "Red", "dwell_time_sec": "90"}, {"arr_dt": "1455801285", "direction": "0", "dep_dt": "1455801378", "route_id": "Red", "dwell_time_sec": "93"}, {"arr_dt": "1455801808", "direction": "0", "dep_dt": "1455801926", "route_id": "Red", "dwell_time_sec": "118"}, {"arr_dt": "1455802744", "direction": "0", "dep_dt": "1455802893", "route_id": "Red", "dwell_time_sec": "149"}, {"arr_dt": "1455803414", "direction": "0", "dep_dt": "1455803553", "route_id": "Red", "dwell_time_sec": "139"}, {"arr_dt": "1455804068", "direction": "0", "dep_dt": "1455804227", "route_id": "Red", "dwell_time_sec": "159"}, {"arr_dt": "1455804647", "direction": "0", "dep_dt": "1455804777", "route_id": "Red", "dwell_time_sec": "130"}, {"arr_dt": "1455805029", "direction": "0", "dep_dt": "1455805204", "route_id": "Red", "dwell_time_sec": "175"}, {"arr_dt": "1455805424", "direction": "0", "dep_dt": "1455805547", "route_id": "Red", "dwell_time_sec": "123"}, {"arr_dt": "1455806250", "direction": "0", "dep_dt": "1455806309", "route_id": "Red", "dwell_time_sec": "59"}, {"arr_dt": "1455806559", "direction": "0", "dep_dt": "1455806667", "route_id": "Red", "dwell_time_sec": "108"}, {"arr_dt": "1455806776", "direction": "0", "dep_dt": "1455806862", "route_id": "Red", "dwell_time_sec": "86"}, {"arr_dt": "1455806969", "direction": "0", "dep_dt": "1455807065", "route_id": "Red", "dwell_time_sec": "96"}, {"arr_dt": "1455807156", "direction": "0", "dep_dt": "1455807240", "route_id": "Red", "dwell_time_sec": "84"}, {"arr_dt": "1455807646", "direction": "0", "dep_dt": "1455807730", "route_id": "Red", "dwell_time_sec": "84"}, {"arr_dt": "1455807842", "direction": "0", "dep_dt": "1455807912", "route_id": "Red", "dwell_time_sec": "70"}, {"arr_dt": "1455808021", "direction": "0", "dep_dt": "1455808091", "route_id": "Red", "dwell_time_sec": "70"}, {"arr_dt": "1455808503", "direction": "0", "dep_dt": "1455808583", "route_id": "Red", "dwell_time_sec": "80"}, {"arr_dt": "1455808845", "direction": "0", "dep_dt": "1455808931", "route_id": "Red", "dwell_time_sec": "86"}, {"arr_dt": "1455809057", "direction": "0", "dep_dt": "1455809140", "route_id": "Red", "dwell_time_sec": "83"}, {"arr_dt": "1455809488", "direction": "0", "dep_dt": "1455809569", "route_id": "Red", "dwell_time_sec": "81"}, {"arr_dt": "1455809698", "direction": "0", "dep_dt": "1455809764", "route_id": "Red", "dwell_time_sec": "66"}, {"arr_dt": "1455809881", "direction": "0", "dep_dt": "1455809943", "route_id": "Red", "dwell_time_sec": "62"}, {"arr_dt": "1455810183", "direction": "0", "dep_dt": "1455810271", "route_id": "Red", "dwell_time_sec": "88"}, {"arr_dt": "1455810468", "direction": "0", "dep_dt": "1455810558", "route_id": "Red", "dwell_time_sec": "90"}, {"arr_dt": "1455810655", "direction": "0", "dep_dt": "1455810738", "route_id": "Red", "dwell_time_sec": "83"}, {"arr_dt": "1455810963", "direction": "0", "dep_dt": "1455811044", "route_id": "Red", "dwell_time_sec": "81"}, {"arr_dt": "1455811164", "direction": "0", "dep_dt": "1455811249", "route_id": "Red", "dwell_time_sec": "85"}, {"arr_dt": "1455811446", "direction": "0", "dep_dt": "1455811520", "route_id": "Red", "dwell_time_sec": "74"}, {"arr_dt": "1455811626", "direction": "0", "dep_dt": "1455811769", "route_id": "Red", "dwell_time_sec": "143"}, {"arr_dt": "1455812018", "direction": "0", "dep_dt": "1455812198", "route_id": "Red", "dwell_time_sec": "180"}, {"arr_dt": "1455812587", "direction": "0", "dep_dt": "1455812699", "route_id": "Red", "dwell_time_sec": "112"}, {"arr_dt": "1455813213", "direction": "0", "dep_dt": "1455813347", "route_id": "Red", "dwell_time_sec": "134"}, {"arr_dt": "1455813466", "direction": "0", "dep_dt": "1455813535", "route_id": "Red", "dwell_time_sec": "69"}, {"arr_dt": "1455813783", "direction": "0", "dep_dt": "1455813855", "route_id": "Red", "dwell_time_sec": "72"}, {"arr_dt": "1455814155", "direction": "0", "dep_dt": "1455814213", "route_id": "Red", "dwell_time_sec": "58"}, {"arr_dt": "1455814362", "direction": "0", "dep_dt": "1455814440", "route_id": "Red", "dwell_time_sec": "78"}, {"arr_dt": "1455814579", "direction": "0", "dep_dt": "1455814652", "route_id": "Red", "dwell_time_sec": "73"}, {"arr_dt": "1455814982", "direction": "0", "dep_dt": "1455815042", "route_id": "Red", "dwell_time_sec": "60"}, {"arr_dt": "1455815364", "direction": "0", "dep_dt": "1455815427", "route_id": "Red", "dwell_time_sec": "63"}, {"arr_dt": "1455815891", "direction": "0", "dep_dt": "1455815974", "route_id": "Red", "dwell_time_sec": "83"}, {"arr_dt": "1455816089", "direction": "0", "dep_dt": "1455816163", "route_id": "Red", "dwell_time_sec": "74"}, {"arr_dt": "1455816436", "direction": "0", "dep_dt": "1455816495", "route_id": "Red", "dwell_time_sec": "59"}, {"arr_dt": "1455817148", "direction": "0", "dep_dt": "1455817225", "route_id": "Red", "dwell_time_sec": "77"}, {"arr_dt": "1455817468", "direction": "0", "dep_dt": "1455817543", "route_id": "Red", "dwell_time_sec": "75"}, {"arr_dt": "1455817727", "direction": "0", "dep_dt": "1455817808", "route_id": "Red", "dwell_time_sec": "81"}, {"arr_dt": "1455818284", "direction": "0", "dep_dt": "1455818361", "route_id": "Red", "dwell_time_sec": "77"}, {"arr_dt": "1455818567", "direction": "0", "dep_dt": "1455818624", "route_id": "Red", "dwell_time_sec": "57"}, {"arr_dt": "1455819241", "direction": "0", "dep_dt": "1455819338", "route_id": "Red", "dwell_time_sec": "97"}, {"arr_dt": "1455819452", "direction": "0", "dep_dt": "1455819521", "route_id": "Red", "dwell_time_sec": "69"}, {"arr_dt": "1455819920", "direction": "0", "dep_dt": "1455820015", "route_id": "Red", "dwell_time_sec": "95"}, {"arr_dt": "1455820256", "direction": "0", "dep_dt": "1455820355", "route_id": "Red", "dwell_time_sec": "99"}, {"arr_dt": "1455821021", "direction": "0", "dep_dt": "1455821104", "route_id": "Red", "dwell_time_sec": "83"}, {"arr_dt": "1455821321", "direction": "0", "dep_dt": "1455821391", "route_id": "Red", "dwell_time_sec": "70"}, {"arr_dt": "1455821887", "direction": "0", "dep_dt": "1455821954", "route_id": "Red", "dwell_time_sec": "67"}, {"arr_dt": "1455822266", "direction": "0", "dep_dt": "1455822331", "route_id": "Red", "dwell_time_sec": "65"}, {"arr_dt": "1455822527", "direction": "0", "dep_dt": "1455822627", "route_id": "Red", "dwell_time_sec": "100"}, {"arr_dt": "1455822707", "direction": "0", "dep_dt": "1455822788", "route_id": "Red", "dwell_time_sec": "81"}, {"arr_dt": "1455823440", "direction": "0", "dep_dt": "1455823529", "route_id": "Red", "dwell_time_sec": "89"}, {"arr_dt": "1455823680", "direction": "0", "dep_dt": "1455823764", "route_id": "Red", "dwell_time_sec": "84"}, {"arr_dt": "1455824092", "direction": "0", "dep_dt": "1455824160", "route_id": "Red", "dwell_time_sec": "68"}, {"arr_dt": "1455824635", "direction": "0", "dep_dt": "1455824724", "route_id": "Red", "dwell_time_sec": "89"}, {"arr_dt": "1455824965", "direction": "0", "dep_dt": "1455825039", "route_id": "Red", "dwell_time_sec": "74"}, {"arr_dt": "1455825497", "direction": "0", "dep_dt": "1455825562", "route_id": "Red", "dwell_time_sec": "65"}, {"arr_dt": "1455825771", "direction": "0", "dep_dt": "1455825856", "route_id": "Red", "dwell_time_sec": "85"}, {"arr_dt": "1455826219", "direction": "0", "dep_dt": "1455826307", "route_id": "Red", "dwell_time_sec": "88"}, {"arr_dt": "1455826511", "direction": "0", "dep_dt": "1455826581", "route_id": "Red", "dwell_time_sec": "70"}, {"arr_dt": "1455826971", "direction": "0", "dep_dt": "1455827098", "route_id": "Red", "dwell_time_sec": "127"}, {"arr_dt": "1455827332", "direction": "0", "dep_dt": "1455827462", "route_id": "Red", "dwell_time_sec": "130"}, {"arr_dt": "1455827711", "direction": "0", "dep_dt": "1455827870", "route_id": "Red", "dwell_time_sec": "159"}, {"arr_dt": "1455828270", "direction": "0", "dep_dt": "1455828370", "route_id": "Red", "dwell_time_sec": "100"}, {"arr_dt": "1455828938", "direction": "0", "dep_dt": "1455829028", "route_id": "Red", "dwell_time_sec": "90"}, {"arr_dt": "1455829157", "direction": "0", "dep_dt": "1455829254", "route_id": "Red", "dwell_time_sec": "97"}, {"arr_dt": "1455829401", "direction": "0", "dep_dt": "1455829471", "route_id": "Red", "dwell_time_sec": "70"}, {"arr_dt": "1455829845", "direction": "0", "dep_dt": "1455829936", "route_id": "Red", "dwell_time_sec": "91"}, {"arr_dt": "1455830040", "direction": "0", "dep_dt": "1455830133", "route_id": "Red", "dwell_time_sec": "93"}, {"arr_dt": "1455830298", "direction": "0", "dep_dt": "1455830486", "route_id": "Red", "dwell_time_sec": "188"}, {"arr_dt": "1455830587", "direction": "0", "dep_dt": "1455830696", "route_id": "Red", "dwell_time_sec": "109"}, {"arr_dt": "1455830887", "direction": "0", "dep_dt": "1455831036", "route_id": "Red", "dwell_time_sec": "149"}, {"arr_dt": "1455831116", "direction": "0", "dep_dt": "1455831222", "route_id": "Red", "dwell_time_sec": "106"}, {"arr_dt": "1455831453", "direction": "0", "dep_dt": "1455831543", "route_id": "Red", "dwell_time_sec": "90"}, {"arr_dt": "1455831866", "direction": "0", "dep_dt": "1455831999", "route_id": "Red", "dwell_time_sec": "133"}, {"arr_dt": "1455832091", "direction": "0", "dep_dt": "1455832196", "route_id": "Red", "dwell_time_sec": "105"}, {"arr_dt": "1455832535", "direction": "0", "dep_dt": "1455832663", "route_id": "Red", "dwell_time_sec": "128"}, {"arr_dt": "1455832783", "direction": "0", "dep_dt": "1455832876", "route_id": "Red", "dwell_time_sec": "93"}, {"arr_dt": "1455833017", "direction": "0", "dep_dt": "1455833154", "route_id": "Red", "dwell_time_sec": "137"}, {"arr_dt": "1455833482", "direction": "0", "dep_dt": "1455833626", "route_id": "Red", "dwell_time_sec": "144"}, {"arr_dt": "1455833745", "direction": "0", "dep_dt": "1455833851", "route_id": "Red", "dwell_time_sec": "106"}, {"arr_dt": "1455834081", "direction": "0", "dep_dt": "1455834192", "route_id": "Red", "dwell_time_sec": "111"}, {"arr_dt": "1455834307", "direction": "0", "dep_dt": "1455834435", "route_id": "Red", "dwell_time_sec": "128"}, {"arr_dt": "1455834652", "direction": "0", "dep_dt": "1455834739", "route_id": "Red", "dwell_time_sec": "87"}, {"arr_dt": "1455834873", "direction": "0", "dep_dt": "1455834978", "route_id": "Red", "dwell_time_sec": "105"}, {"arr_dt": "1455835086", "direction": "0", "dep_dt": "1455835185", "route_id": "Red", "dwell_time_sec": "99"}, {"arr_dt": "1455835289", "direction": "0", "dep_dt": "1455835370", "route_id": "Red", "dwell_time_sec": "81"}, {"arr_dt": "1455836131", "direction": "0", "dep_dt": "1455836429", "route_id": "Red", "dwell_time_sec": "298"}, {"arr_dt": "1455836522", "direction": "0", "dep_dt": "1455836643", "route_id": "Red", "dwell_time_sec": "121"}, {"arr_dt": "1455836818", "direction": "0", "dep_dt": "1455836913", "route_id": "Red", "dwell_time_sec": "95"}, {"arr_dt": "1455837120", "direction": "0", "dep_dt": "1455837227", "route_id": "Red", "dwell_time_sec": "107"}, {"arr_dt": "1455837347", "direction": "0", "dep_dt": "1455837464", "route_id": "Red", "dwell_time_sec": "117"}, {"arr_dt": "1455837595", "direction": "0", "dep_dt": "1455837698", "route_id": "Red", "dwell_time_sec": "103"}, {"arr_dt": "1455837795", "direction": "0", "dep_dt": "1455837885", "route_id": "Red", "dwell_time_sec": "90"}, {"arr_dt": "1455838014", "direction": "0", "dep_dt": "1455838114", "route_id": "Red", "dwell_time_sec": "100"}, {"arr_dt": "1455838215", "direction": "0", "dep_dt": "1455838318", "route_id": "Red", "dwell_time_sec": "103"}, {"arr_dt": "1455838416", "direction": "0", "dep_dt": "1455838524", "route_id": "Red", "dwell_time_sec": "108"}, {"arr_dt": "1455838619", "direction": "0", "dep_dt": "1455838739", "route_id": "Red", "dwell_time_sec": "120"}, {"arr_dt": "1455838883", "direction": "0", "dep_dt": "1455838964", "route_id": "Red", "dwell_time_sec": "81"}, {"arr_dt": "1455839082", "direction": "0", "dep_dt": "1455839163", "route_id": "Red", "dwell_time_sec": "81"}, {"arr_dt": "1455840076", "direction": "0", "dep_dt": "1455840163", "route_id": "Red", "dwell_time_sec": "87"}, {"arr_dt": "1455840289", "direction": "0", "dep_dt": "1455840396", "route_id": "Red", "dwell_time_sec": "107"}, {"arr_dt": "1455840520", "direction": "0", "dep_dt": "1455840617", "route_id": "Red", "dwell_time_sec": "97"}, {"arr_dt": "1455841002", "direction": "0", "dep_dt": "1455841069", "route_id": "Red", "dwell_time_sec": "67"}, {"arr_dt": "1455841249", "direction": "0", "dep_dt": "1455841361", "route_id": "Red", "dwell_time_sec": "112"}, {"arr_dt": "1455841451", "direction": "0", "dep_dt": "1455841558", "route_id": "Red", "dwell_time_sec": "107"}, {"arr_dt": "1455841651", "direction": "0", "dep_dt": "1455841765", "route_id": "Red", "dwell_time_sec": "114"}, {"arr_dt": "1455841849", "direction": "0", "dep_dt": "1455841954", "route_id": "Red", "dwell_time_sec": "105"}, {"arr_dt": "1455842048", "direction": "0", "dep_dt": "1455842144", "route_id": "Red", "dwell_time_sec": "96"}, {"arr_dt": "1455842237", "direction": "0", "dep_dt": "1455842330", "route_id": "Red", "dwell_time_sec": "93"}, {"arr_dt": "1455842431", "direction": "0", "dep_dt": "1455842538", "route_id": "Red", "dwell_time_sec": "107"}, {"arr_dt": "1455842624", "direction": "0", "dep_dt": "1455842707", "route_id": "Red", "dwell_time_sec": "83"}, {"arr_dt": "1455842813", "direction": "0", "dep_dt": "1455842888", "route_id": "Red", "dwell_time_sec": "75"}, {"arr_dt": "1455842995", "direction": "0", "dep_dt": "1455843065", "route_id": "Red", "dwell_time_sec": "70"}, {"arr_dt": "1455843170", "direction": "0", "dep_dt": "1455843252", "route_id": "Red", "dwell_time_sec": "82"}, {"arr_dt": "1455843357", "direction": "0", "dep_dt": "1455843436", "route_id": "Red", "dwell_time_sec": "79"}, {"arr_dt": "1455843524", "direction": "0", "dep_dt": "1455843601", "route_id": "Red", "dwell_time_sec": "77"}, {"arr_dt": "1455843908", "direction": "0", "dep_dt": "1455843998", "route_id": "Red", "dwell_time_sec": "90"}, {"arr_dt": "1455844088", "direction": "0", "dep_dt": "1455844163", "route_id": "Red", "dwell_time_sec": "75"}, {"arr_dt": "1455844618", "direction": "0", "dep_dt": "1455844700", "route_id": "Red", "dwell_time_sec": "82"}, {"arr_dt": "1455845018", "direction": "0", "dep_dt": "1455845120", "route_id": "Red", "dwell_time_sec": "102"}, {"arr_dt": "1455845284", "direction": "0", "dep_dt": "1455845353", "route_id": "Red", "dwell_time_sec": "69"}, {"arr_dt": "1455845591", "direction": "0", "dep_dt": "1455845684", "route_id": "Red", "dwell_time_sec": "93"}, {"arr_dt": "1455845906", "direction": "0", "dep_dt": "1455845973", "route_id": "Red", "dwell_time_sec": "67"}, {"arr_dt": "1455846084", "direction": "0", "dep_dt": "1455846168", "route_id": "Red", "dwell_time_sec": "84"}, {"arr_dt": "1455846307", "direction": "0", "dep_dt": "1455846377", "route_id": "Red", "dwell_time_sec": "70"}, {"arr_dt": "1455846721", "direction": "0", "dep_dt": "1455846786", "route_id": "Red", "dwell_time_sec": "65"}, {"arr_dt": "1455846985", "direction": "0", "dep_dt": "1455847043", "route_id": "Red", "dwell_time_sec": "58"}, {"arr_dt": "1455847424", "direction": "0", "dep_dt": "1455847498", "route_id": "Red", "dwell_time_sec": "74"}, {"arr_dt": "1455847945", "direction": "0", "dep_dt": "1455848032", "route_id": "Red", "dwell_time_sec": "87"}, {"arr_dt": "1455848139", "direction": "0", "dep_dt": "1455848221", "route_id": "Red", "dwell_time_sec": "82"}, {"arr_dt": "1455848417", "direction": "0", "dep_dt": "1455848481", "route_id": "Red", "dwell_time_sec": "64"}, {"arr_dt": "1455848669", "direction": "0", "dep_dt": "1455849040", "route_id": "Red", "dwell_time_sec": "371"}, {"arr_dt": "1455849678", "direction": "0", "dep_dt": "1455850045", "route_id": "Red", "dwell_time_sec": "367"}, {"arr_dt": "1455850199", "direction": "0", "dep_dt": "1455850298", "route_id": "Red", "dwell_time_sec": "99"}, {"arr_dt": "1455850397", "direction": "0", "dep_dt": "1455850499", "route_id": "Red", "dwell_time_sec": "102"}, {"arr_dt": "1455850604", "direction": "0", "dep_dt": "1455850720", "route_id": "Red", "dwell_time_sec": "116"}, {"arr_dt": "1455850816", "direction": "0", "dep_dt": "1455850899", "route_id": "Red", "dwell_time_sec": "83"}, {"arr_dt": "1455851104", "direction": "0", "dep_dt": "1455851173", "route_id": "Red", "dwell_time_sec": "69"}, {"arr_dt": "1455851394", "direction": "0", "dep_dt": "1455851463", "route_id": "Red", "dwell_time_sec": "69"}, {"arr_dt": "1455851937", "direction": "0", "dep_dt": "1455852036", "route_id": "Red", "dwell_time_sec": "99"}, {"arr_dt": "1455852165", "direction": "0", "dep_dt": "1455852230", "route_id": "Red", "dwell_time_sec": "65"}, {"arr_dt": "1455852366", "direction": "0", "dep_dt": "1455852434", "route_id": "Red", "dwell_time_sec": "68"}, {"arr_dt": "1455853179", "direction": "0", "dep_dt": "1455853243", "route_id": "Red", "dwell_time_sec": "64"}, {"arr_dt": "1455853378", "direction": "0", "dep_dt": "1455853446", "route_id": "Red", "dwell_time_sec": "68"}, {"arr_dt": "1455853686", "direction": "0", "dep_dt": "1455853758", "route_id": "Red", "dwell_time_sec": "72"}, {"arr_dt": "1455854062", "direction": "0", "dep_dt": "1455854126", "route_id": "Red", "dwell_time_sec": "64"}, {"arr_dt": "1455854392", "direction": "0", "dep_dt": "1455854482", "route_id": "Red", "dwell_time_sec": "90"}, {"arr_dt": "1455854749", "direction": "0", "dep_dt": "1455854816", "route_id": "Red", "dwell_time_sec": "67"}, {"arr_dt": "1455855162", "direction": "0", "dep_dt": "1455855230", "route_id": "Red", "dwell_time_sec": "68"}, {"arr_dt": "1455855798", "direction": "0", "dep_dt": "1455855887", "route_id": "Red", "dwell_time_sec": "89"}, {"arr_dt": "1455855990", "direction": "0", "dep_dt": "1455856068", "route_id": "Red", "dwell_time_sec": "78"}, {"arr_dt": "1455856344", "direction": "0", "dep_dt": "1455856409", "route_id": "Red", "dwell_time_sec": "65"}, {"arr_dt": "1455856823", "direction": "0", "dep_dt": "1455857035", "route_id": "Red", "dwell_time_sec": "212"}, {"arr_dt": "1455857136", "direction": "0", "dep_dt": "1455857215", "route_id": "Red", "dwell_time_sec": "79"}, {"arr_dt": "1455857306", "direction": "0", "dep_dt": "1455857503", "route_id": "Red", "dwell_time_sec": "197"}, {"arr_dt": "1455857656", "direction": "0", "dep_dt": "1455857746", "route_id": "Red", "dwell_time_sec": "90"}, {"arr_dt": "1455857910", "direction": "0", "dep_dt": "1455857969", "route_id": "Red", "dwell_time_sec": "59"}]}