{"dwell_times": [{"arr_dt": "1471579292", "direction": "0", "dep_dt": "1471579359", "route_id": "Red", "dwell_time_sec": "67"}, {"arr_dt": "1471579764", "direction": "0", "dep_dt": "1471579830", "route_id": "Red", "dwell_time_sec": "66"}, {"arr_dt": "1471580139", "direction": "0", "dep_dt": "1471580205", "route_id": "Red", "dwell_time_sec": "66"}, {"arr_dt": "1471580869", "direction": "0", "dep_dt": "1471580974", "route_id": "Red", "dwell_time_sec": "105"}, {"arr_dt": "1471581134", "direction": "0", "dep_dt": "1471581197", "route_id": "Red", "dwell_time_sec": "63"}, {"arr_dt": "1471581438", "direction": "0", "dep_dt": "1471581695", "route_id": "Red", "dwell_time_sec": "257"}, {"arr_dt": "1471582854", "direction": "0", "dep_dt": "1471583843", "route_id": "Red", "dwell_time_sec": "989"}, {"arr_dt": "1471599181", "direction": "0", "dep_dt": "1471599242", "route_id": "Red", "dwell_time_sec": "61"}, {"arr_dt": "1471599747", "direction": "0", "dep_dt": "1471599802", "route_id": "Red", "dwell_time_sec": "55"}, {"arr_dt": "1471600005", "direction": "0", "dep_dt": "1471600061", "route_id": "Red", "dwell_time_sec": "56"}, {"arr_dt": "1471600520", "direction": "0", "dep_dt": "1471600597", "route_id": "Red", "dwell_time_sec": "77"}, {"arr_dt": "1471600864", "direction": "0", "dep_dt": "1471600926", "route_id": "Red", "dwell_time_sec": "62"}, {"arr_dt": "1471601536", "direction": "0", "dep_dt": "1471601637", "route_id": "Red", "dwell_time_sec": "101"}, {"arr_dt": "1471601938", "direction": "0", "dep_dt": "1471602007", "route_id": "Red", "dwell_time_sec": "69"}, {"arr_dt": "1471602454", "direction": "0", "dep_dt": "1471602539", "route_id": "Red", "dwell_time_sec": "85"}, {"arr_dt": "1471602702", "direction": "0", "dep_dt": "1471602796", "route_id": "Red", "dwell_time_sec": "94"}, {"arr_dt": "1471603083", "direction": "0", "dep_dt": "1471603147", "route_id": "Red", "dwell_time_sec": "64"}, {"arr_dt": "1471603312", "direction": "0", "dep_dt": "1471603374", "route_id": "Red", "dwell_time_sec": "62"}, {"arr_dt": "1471603562", "direction": "0", "dep_dt": "1471603633", "route_id": "Red", "dwell_time_sec": "71"}, {"arr_dt": "1471603864", "direction": "0", "dep_dt": "1471603924", "route_id": "Red", "dwell_time_sec": "60"}, {"arr_dt": "1471604298", "direction": "0", "dep_dt": "1471604366", "route_id": "Red", "dwell_time_sec": "68"}, {"arr_dt": "1471604476", "direction": "0", "dep_dt": "1471604553", "route_id": "Red", "dwell_time_sec": "77"}, {"arr_dt": "1471605053", "direction": "0", "dep_dt": "1471605138", "route_id": "Red", "dwell_time_sec": "85"}, {"arr_dt": "1471605235", "direction": "0", "dep_dt": "1471605311", "route_id": "Red", "dwell_time_sec": "76"}, {"arr_dt": "1471605494", "direction": "0", "dep_dt": "1471605567", "route_id": "Red", "dwell_time_sec": "73"}, {"arr_dt": "1471605674", "direction": "0", "dep_dt": "1471605743", "route_id": "Red", "dwell_time_sec": "69"}, {"arr_dt": "1471606119", "direction": "0", "dep_dt": "1471606208", "route_id": "Red", "dwell_time_sec": "89"}, {"arr_dt": "1471606357", "direction": "0", "dep_dt": "1471606475", "route_id": "Red", "dwell_time_sec": "118"}, {"arr_dt": "1471606697", "direction": "0", "dep_dt": "1471606761", "route_id": "Red", "dwell_time_sec": "64"}, {"arr_dt": "1471606873", "direction": "0", "dep_dt": "1471606944", "route_id": "Red", "dwell_time_sec": "71"}, {"arr_dt": "1471607040", "direction": "0", "dep_dt": "1471607114", "route_id": "Red", "dwell_time_sec": "74"}, {"arr_dt": "1471607374", "direction": "0", "dep_dt": "1471607454", "route_id": "Red", "dwell_time_sec": "80"}, {"arr_dt": "1471607557", "direction": "0", "dep_dt": "1471607628", "route_id": "Red", "dwell_time_sec": "71"}, {"arr_dt": "1471607764", "direction": "0", "dep_dt": "1471607830", "route_id": "Red", "dwell_time_sec": "66"}, {"arr_dt": "1471607973", "direction": "0", "dep_dt": "1471608053", "route_id": "Red", "dwell_time_sec": "80"}, {"arr_dt": "1471608260", "direction": "0", "dep_dt": "1471608337", "route_id": "Red", "dwell_time_sec": "77"}, {"arr_dt": "1471608451", "direction": "0", "dep_dt": "1471608527", "route_id": "Red", "dwell_time_sec": "76"}, {"arr_dt": "1471608634", "direction": "0", "dep_dt": "1471608757", "route_id": "Red", "dwell_time_sec": "123"}, {"arr_dt": "1471608849", "direction": "0", "dep_dt": "1471608935", "route_id": "Red", "dwell_time_sec": "86"}, {"arr_dt": "1471609297", "direction": "0", "dep_dt": "1471609390", "route_id": "Red", "dwell_time_sec": "93"}, {"arr_dt": "1471609649", "direction": "0", "dep_dt": "1471609753", "route_id": "Red", "dwell_time_sec": "104"}, {"arr_dt": "1471609933", "direction": "0", "dep_dt": "1471610013", "route_id": "Red", "dwell_time_sec": "80"}, {"arr_dt": "1471610547", "direction": "0", "dep_dt": "1471610665", "route_id": "Red", "dwell_time_sec": "118"}, {"arr_dt": "1471611025", "direction": "0", "dep_dt": "1471611233", "route_id": "Red", "dwell_time_sec": "208"}, {"arr_dt": "1471611710", "direction": "0", "dep_dt": "1471611814", "route_id": "Red", "dwell_time_sec": "104"}, {"arr_dt": "1471612495", "direction": "0", "dep_dt": "1471612583", "route_id": "Red", "dwell_time_sec": "88"}, {"arr_dt": "1471613094", "direction": "0", "dep_dt": "1471613172", "route_id": "Red", "dwell_time_sec": "78"}, {"arr_dt": "1471613824", "direction": "0", "dep_dt": "1471613902", "route_id": "Red", "dwell_time_sec": "78"}, {"arr_dt": "1471614758", "direction": "0", "dep_dt": "1471614878", "route_id": "Red", "dwell_time_sec": "120"}, {"arr_dt": "1471615010", "direction": "0", "dep_dt": "1471615115", "route_id": "Red", "dwell_time_sec": "105"}, {"arr_dt": "1471615268", "direction": "0", "dep_dt": "1471615459", "route_id": "Red", "dwell_time_sec": "191"}, {"arr_dt": "1471615583", "direction": "0", "dep_dt": "1471615641", "route_id": "Red", "dwell_time_sec": "58"}, {"arr_dt": "1471615766", "direction": "0", "dep_dt": "1471615864", "route_id": "Red", "dwell_time_sec": "98"}, {"arr_dt": "1471615946", "direction": "0", "dep_dt": "1471616011", "route_id": "Red", "dwell_time_sec": "65"}, {"arr_dt": "1471616110", "direction": "0", "dep_dt": "1471616196", "route_id": "Red", "dwell_time_sec": "86"}, {"arr_dt": "1471616298", "direction": "0", "dep_dt": "1471616379", "route_id": "Red", "dwell_time_sec": "81"}, {"arr_dt": "1471616470", "direction": "0", "dep_dt": "1471616580", "route_id": "Red", "dwell_time_sec": "110"}, {"arr_dt": "1471616668", "direction": "0", "dep_dt": "1471616757", "route_id": "Red", "dwell_time_sec": "89"}, {"arr_dt": "1471616849", "direction": "0", "dep_dt": "1471616931", "route_id": "Red", "dwell_time_sec": "82"}, {"arr_dt": "1471617254", "direction": "0", "dep_dt": "1471617331", "route_id": "Red", "dwell_time_sec": "77"}, {"arr_dt": "1471617427", "direction": "0", "dep_dt": "1471617508", "route_id": "Red", "dwell_time_sec": "81"}, {"arr_dt": "1471617604", "direction": "0", "dep_dt": "1471617696", "route_id": "Red", "dwell_time_sec": "92"}, {"arr_dt": "1471617806", "direction": "0", "dep_dt": "1471617882", "route_id": "Red", "dwell_time_sec": "76"}, {"arr_dt": "1471617991", "direction": "0", "dep_dt": "1471618067", "route_id": "Red", "dwell_time_sec": "76"}, {"arr_dt": "1471618369", "direction": "0", "dep_dt": "1471618446", "route_id": "Red", "dwell_time_sec": "77"}, {"arr_dt": "1471618555", "direction": "0", "dep_dt": "1471618627", "route_id": "Red", "dwell_time_sec": "72"}, {"arr_dt": "1471618722", "direction": "0", "dep_dt": "1471618816", "route_id": "Red", "dwell_time_sec": "94"}, {"arr_dt": "1471619151", "direction": "0", "dep_dt": "1471619213", "route_id": "Red", "dwell_time_sec": "62"}, {"arr_dt": "1471619455", "direction": "0", "dep_dt": "1471619534", "route_id": "Red", "dwell_time_sec": "79"}, {"arr_dt": "1471619680", "direction": "0", "dep_dt": "1471619742", "route_id": "Red", "dwell_time_sec": "62"}, {"arr_dt": "1471620116", "direction": "0", "dep_dt": "1471620195", "route_id": "Red", "dwell_time_sec": "79"}, {"arr_dt": "1471620571", "direction": "0", "dep_dt": "1471620637", "route_id": "Red", "dwell_time_sec": "66"}, {"arr_dt": "1471620865", "direction": "0", "dep_dt": "1471621130", "route_id": "Red", "dwell_time_sec": "265"}, {"arr_dt": "1471621176", "direction": "0", "dep_dt": "1471621361", "route_id": "Red", "dwell_time_sec": "185"}, {"arr_dt": "1471621644", "direction": "0", "dep_dt": "1471621740", "route_id": "Red", "dwell_time_sec": "96"}, {"arr_dt": "1471621943", "direction": "0", "dep_dt": "1471622013", "route_id": "Red", "dwell_time_sec": "70"}, {"arr_dt": "1471622250", "direction": "0", "dep_dt": "1471622320", "route_id": "Red", "dwell_time_sec": "70"}, {"arr_dt": "1471622550", "direction": "0", "dep_dt": "1471622613", "route_id": "Red", "dwell_time_sec": "63"}, {"arr_dt": "1471623001", "direction": "0", "dep_dt": "1471623069", "route_id": "Red", "dwell_time_sec": "68"}, {"arr_dt": "1471623541", "direction": "0", "dep_dt": "1471623647", "route_id": "Red", "dwell_time_sec": "106"}, {"arr_dt": "1471623768", "direction": "0", "dep_dt": "1471623854", "route_id": "Red", "dwell_time_sec": "86"}, {"arr_dt": "1471624614", "direction": "0", "dep_dt": "1471624727", "route_id": "Red", "dwell_time_sec": "113"}, {"arr_dt": "1471625051", "direction": "0", "dep_dt": "1471625130", "route_id": "Red", "dwell_time_sec": "79"}, {"arr_dt": "1471625233", "direction": "0", "dep_dt": "1471625308", "route_id": "Red", "dwell_time_sec": "75"}, {"arr_dt": "1471625423", "direction": "0", "dep_dt": "1471625494", "route_id": "Red", "dwell_time_sec": "71"}, {"arr_dt": "1471625617", "direction": "0", "dep_dt": "1471625692", "route_id": "Red", "dwell_time_sec": "75"}, {"arr_dt": "1471626172", "direction": "0", "dep_dt": "1471626261", "route_id": "Red", "dwell_time_sec": "89"}, {"arr_dt": "1471626651", "direction": "0", "dep_dt": "1471626735", "route_id": "Red", "dwell_time_sec": "84"}, {"arr_dt": "1471626862", "direction": "0", "dep_dt": "1471626922", "route_id": "Red", "dwell_time_sec": "60"}, {"arr_dt": "1471627576", "direction": "0", "dep_dt": "1471627675", "route_id": "Red", "dwell_time_sec": "99"}, {"arr_dt": "1471627776", "direction": "0", "dep_dt": "1471627853", "route_id": "Red", "dwell_time_sec": "77"}, {"arr_dt": "1471628230", "direction": "0", "dep_dt": "1471628312", "route_id": "Red", "dwell_time_sec": "82"}, {"arr_dt": "1471628674", "direction": "0", "dep_dt": "1471628758", "route_id": "Red", "dwell_time_sec": "84"}, {"arr_dt": "1471629006", "direction": "0", "dep_dt": "1471629088", "route_id": "Red", "dwell_time_sec": "82"}, {"arr_dt": "1471629648", "direction": "0", "dep_dt": "1471629721", "route_id": "Red", "dwell_time_sec": "73"}, {"arr_dt": "1471629903", "direction": "0", "dep_dt": "1471629969", "route_id": "Red", "dwell_time_sec": "66"}, {"arr_dt": "1471630522", "direction": "0", "dep_dt": "1471630615", "route_id": "Red", "dwell_time_sec": "93"}, {"arr_dt": "1471631257", "direction": "0", "dep_dt": "1471631347", "route_id": "Red", "dwell_time_sec": "90"}, {"arr_dt": "1471631452", "direction": "0", "dep_dt": "1471631550", "route_id": "Red", "dwell_time_sec": "98"}, {"arr_dt": "1471631730", "direction": "0", "dep_dt": "1471631829", "route_id": "Red", "dwell_time_sec": "99"}, {"arr_dt": "1471632162", "direction": "0", "dep_dt": "1471632260", "route_id": "Red", "dwell_time_sec": "98"}, {"arr_dt": "1471632567", "direction": "0", "dep_dt": "1471632647", "route_id": "Red", "dwell_time_sec": "80"}, {"arr_dt": "1471633357", "direction": "0", "dep_dt": "1471633458", "route_id": "Red", "dwell_time_sec": "101"}, {"arr_dt": "1471633908", "direction": "0", "dep_dt": "1471633999", "route_id": "Red", "dwell_time_sec": "91"}, {"arr_dt": "1471634413", "direction": "0", "dep_dt": "1471634520", "route_id": "Red", "dwell_time_sec": "107"}, {"arr_dt": "1471634686", "direction": "0", "dep_dt": "1471634760", "route_id": "Red", "dwell_time_sec": "74"}, {"arr_dt": "1471635176", "direction": "0", "dep_dt": "1471635312", "route_id": "Red", "dwell_time_sec": "136"}, {"arr_dt": "1471635491", "direction": "0", "dep_dt": "1471635605", "route_id": "Red", "dwell_time_sec": "114"}, {"arr_dt": "1471635756", "direction": "0", "dep_dt": "1471635915", "route_id": "Red", "dwell_time_sec": "159"}, {"arr_dt": "1471636121", "direction": "0", "dep_dt": "1471636202", "route_id": "Red", "dwell_time_sec": "81"}, {"arr_dt": "1471636309", "direction": "0", "dep_dt": "1471636428", "route_id": "Red", "dwell_time_sec": "119"}, {"arr_dt": "1471636566", "direction": "0", "dep_dt": "1471636674", "route_id": "Red", "dwell_time_sec": "108"}, {"arr_dt": "1471636892", "direction": "0", "dep_dt": "1471637099", "route_id": "Red", "dwell_time_sec": "207"}, {"arr_dt": "1471637365", "direction": "0", "dep_dt": "1471637469", "route_id": "Red", "dwell_time_sec": "104"}, {"arr_dt": "1471637593", "direction": "0", "dep_dt": "1471637679", "route_id": "Red", "dwell_time_sec": "86"}, {"arr_dt": "1471637943", "direction": "0", "dep_dt": "1471638047", "route_id": "Red", "dwell_time_sec": "104"}, {"arr_dt": "1471638156", "direction": "0", "dep_dt": "1471638249", "route_id": "Red", "dwell_time_sec": "93"}, {"arr_dt": "1471638504", "direction": "0", "dep_dt": "1471638615", "route_id": "Red", "dwell_time_sec": "111"}, {"arr_dt": "1471638732", "direction": "0", "dep_dt": "1471638822", "route_id": "Red", "dwell_time_sec": "90"}, {"arr_dt": "1471638957", "direction": "0", "dep_dt": "1471639049", "route_id": "Red", "dwell_time_sec": "92"}, {"arr_dt": "1471639358", "direction": "0", "dep_dt": "1471639602", "route_id": "Red", "dwell_time_sec": "244"}, {"arr_dt": "1471639592", "direction": "0", "dep_dt": "1471639684", "route_id": "Red", "dwell_time_sec": "92"}, {"arr_dt": "1471639783", "direction": "0", "dep_dt": "1471639889", "route_id": "Red", "dwell_time_sec": "106"}, {"arr_dt": "1471640090", "direction": "0", "dep_dt": "1471640182", "route_id": "Red", "dwell_time_sec": "92"}, {"arr_dt": "1471640285", "direction": "0", "dep_dt": "1471640369", "route_id": "Red", "dwell_time_sec": "84"}, {"arr_dt": "1471640464", "direction": "0", "dep_dt": "1471640570", "route_id": "Red", "dwell_time_sec": "106"}, {"arr_dt": "1471640662", "direction": "0", "dep_dt": "1471640757", "route_id": "Red", "dwell_time_sec": "95"}, {"arr_dt": "1471640919", "direction": "0", "dep_dt": "1471641034", "route_id": "Red", "dwell_time_sec": "115"}, {"arr_dt": "1471641154", "direction": "0", "dep_dt": "1471641281", "route_id": "Red", "dwell_time_sec": "127"}, {"arr_dt": "1471641415", "direction": "0", "dep_dt": "1471641500", "route_id": "Red", "dwell_time_sec": "85"}, {"arr_dt": "1471641597", "direction": "0", "dep_dt": "1471641690", "route_id": "Red", "dwell_time_sec": "93"}, {"arr_dt": "1471641823", "direction": "0", "dep_dt": "1471641919", "route_id": "Red", "dwell_time_sec": "96"}, {"arr_dt": "1471642449", "direction": "0", "dep_dt": "1471642581", "route_id": "Red", "dwell_time_sec": "132"}, {"arr_dt": "1471642721", "direction": "0", "dep_dt": "1471642831", "route_id": "Red", "dwell_time_sec": "110"}, {"arr_dt": "1471642959", "direction": "0", "dep_dt": "1471643058", "route_id": "Red", "dwell_time_sec": "99"}, {"arr_dt": "1471643188", "direction": "0", "dep_dt": "1471643298", "route_id": "Red", "dwell_time_sec": "110"}, {"arr_dt": "1471643373", "direction": "0", "dep_dt": "1471643453", "route_id": "Red", "dwell_time_sec": "80"}, {"arr_dt": "1471643549", "direction": "0", "dep_dt": "1471643646", "route_id": "Red", "dwell_time_sec": "97"}, {"arr_dt": "1471643876", "direction": "0", "dep_dt": "1471643965", "route_id": "Red", "dwell_time_sec": "89"}, {"arr_dt": "1471644113", "direction": "0", "dep_dt": "1471644188", "route_id": "Red", "dwell_time_sec": "75"}, {"arr_dt": "1471644325", "direction": "0", "dep_dt": "1471644402", "route_id": "Red", "dwell_time_sec": "77"}, {"arr_dt": "1471644632", "direction": "0", "dep_dt": "1471644716", "route_id": "Red", "dwell_time_sec": "84"}, {"arr_dt": "1471644827", "direction": "0", "dep_dt": "1471644914", "route_id": "Red", "dwell_time_sec": "87"}, {"arr_dt": "1471645069", "direction": "0", "dep_dt": "1471645145", "route_id": "Red", "dwell_time_sec": "76"}, {"arr_dt": "1471645282", "direction": "0", "dep_dt": "1471645373", "route_id": "Red", "dwell_time_sec": "91"}, {"arr_dt": "1471645492", "direction": "0", "dep_dt": "1471645586", "route_id": "Red", "dwell_time_sec": "94"}, {"arr_dt": "1471645707", "direction": "0", "dep_dt": "1471645779", "route_id": "Red", "dwell_time_sec": "72"}, {"arr_dt": "1471645884", "direction": "0", "dep_dt": "1471645950", "route_id": "Red", "dwell_time_sec": "66"}, {"arr_dt": "1471646175", "direction": "0", "dep_dt": "1471646360", "route_id": "Red", "dwell_time_sec": "185"}, {"arr_dt": "1471646585", "direction": "0", "dep_dt": "1471646663", "route_id": "Red", "dwell_time_sec": "78"}, {"arr_dt": "1471646922", "direction": "0", "dep_dt": "1471646987", "route_id": "Red", "dwell_time_sec": "65"}, {"arr_dt": "1471647095", "direction": "0", "dep_dt": "1471647179", "route_id": "Red", "dwell_time_sec": "84"}, {"arr_dt": "1471647359", "direction": "0", "dep_dt": "1471647484", "route_id": "Red", "dwell_time_sec": "125"}, {"arr_dt": "1471647624", "direction": "0", "dep_dt": "1471647698", "route_id": "Red", "dwell_time_sec": "74"}, {"arr_dt": "1471647934", "direction": "0", "dep_dt": "1471648043", "route_id": "Red", "dwell_time_sec": "109"}, {"arr_dt": "1471648176", "direction": "0", "dep_dt": "1471648267", "route_id": "Red", "dwell_time_sec": "91"}, {"arr_dt": "1471648657", "direction": "0", "dep_dt": "1471648768", "route_id": "Red", "dwell_time_sec": "111"}, {"arr_dt": "1471648889", "direction": "0", "dep_dt": "1471648984", "route_id": "Red", "dwell_time_sec": "95"}, {"arr_dt": "1471649071", "direction": "0", "dep_dt": "1471649203", "route_id": "Red", "dwell_time_sec": "132"}, {"arr_dt": "1471649297", "direction": "0", "dep_dt": "1471649384", "route_id": "Red", "dwell_time_sec": "87"}, {"arr_dt": "1471649473", "direction": "0", "dep_dt": "1471649563", "route_id": "Red", "dwell_time_sec": "90"}, {"arr_dt": "1471649827", "direction": "0", "dep_dt": "1471649909", "route_id": "Red", "dwell_time_sec": "82"}, {"arr_dt": "1471650020", "direction": "0", "dep_dt": "1471650092", "route_id": "Red", "dwell_time_sec": "72"}, {"arr_dt": "1471650397", "direction": "0", "dep_dt": "1471650464", "route_id": "Red", "dwell_time_sec": "67"}, {"arr_dt": "1471650585", "direction": "0", "dep_dt": "1471650658", "route_id": "Red", "dwell_time_sec": "73"}, {"arr_dt": "1471650759", "direction": "0", "dep_dt": "1471650828", "route_id": "Red", "dwell_time_sec": "69"}, {"arr_dt": "1471651028", "direction": "0", "dep_dt": "1471651109", "route_id": "Red", "dwell_time_sec": "81"}, {"arr_dt": "1471651394", "direction": "0", "dep_dt": "1471651459", "route_id": "Red", "dwell_time_sec": "65"}, {"arr_dt": "1471651563", "direction": "0", "dep_dt": "1471651635", "route_id": "Red", "dwell_time_sec": "72"}, {"arr_dt": "1471651913", "direction": "0", "dep_dt": "1471651987", "route_id": "Red", "dwell_time_sec": "74"}, {"arr_dt": "1471652107", "direction": "0", "dep_dt": "1471652173", "route_id": "Red", "dwell_time_sec": "66"}, {"arr_dt": "1471652464", "direction": "0", "dep_dt": "1471652530", "route_id": "Red", "dwell_time_sec": "66"}, {"arr_dt": "1471652753", "direction": "0", "dep_dt": "1471652820", "route_id": "Red", "dwell_time_sec": "67"}, {"arr_dt": "1471653700", "direction": "0", "dep_dt": "1471653759", "route_id": "Red", "dwell_time_sec": "59"}, {"arr_dt": "1471654374", "direction": "0", "dep_dt": "1471654502", "route_id": "Red", "dwell_time_sec": "128"}, {"arr_dt": "1471654740", "direction": "0", "dep_dt": "1471654819", "route_id": "Red", "dwell_time_sec": "79"}, {"arr_dt": "1471655029", "direction": "0", "dep_dt": "1471655094", "route_id": "Red", "dwell_time_sec": "65"}, {"arr_dt": "1471655523", "direction": "0", "dep_dt": "1471655592", "route_id": "Red", "dwell_time_sec": "69"}, {"arr_dt": "1471655854", "direction": "0", "dep_dt": "1471655924", "route_id": "Red", "dwell_time_sec": "70"}, {"arr_dt": "1471656047", "direction": "0", "dep_dt": "1471656121", "route_id": "Red", "dwell_time_sec": "74"}, {"arr_dt": "1471656446", "direction": "0", "dep_dt": "1471656508", "route_id": "Red", "dwell_time_sec": "62"}, {"arr_dt": "1471656834", "direction": "0", "dep_dt": "1471656911", "route_id": "Red", "dwell_time_sec": "77"}, {"arr_dt": "1471657259", "direction": "0", "dep_dt": "1471657398", "route_id": "Red", "dwell_time_sec": "139"}, {"arr_dt": "1471657731", "direction": "0", "dep_dt": "1471657815", "route_id": "Red", "dwell_time_sec": "84"}, {"arr_dt": "1471657985", "direction": "0", "dep_dt": "1471658076", "route_id": "Red", "dwell_time_sec": "91"}, {"arr_dt": "1471658424", "direction": "0", "dep_dt": "1471658509", "route_id": "Red", "dwell_time_sec": "85"}, {"arr_dt": "1471658705", "direction": "0", "dep_dt": "1471658777", "route_id": "Red", "dwell_time_sec": "72"}, {"arr_dt": "1471658946", "direction": "0", "dep_dt": "1471659025", "route_id": "Red", "dwell_time_sec": "79"}, {"arr_dt": "1471659246", "direction": "0", "dep_dt": "1471659317", "route_id": "Red", "dwell_time_sec": "71"}, {"arr_dt": "1471659612", "direction": "0", "dep_dt": "1471659665", "route_id": "Red", "dwell_time_sec": "53"}, {"arr_dt": "1471660130", "direction": "0", "dep_dt": "1471660198", "route_id": "Red", "dwell_time_sec": "68"}, {"arr_dt": "1471660388", "direction": "0", "dep_dt": "1471660466", "route_id": "Red", "dwell_time_sec": "78"}, {"arr_dt": "1471660609", "direction": "0", "dep_dt": "1471660670", "route_id": "Red", "dwell_time_sec": "61"}, {"arr_dt": "1471661010", "direction": "0", "dep_dt": "1471661077", "route_id": "Red", "dwell_time_sec": "67"}, {"arr_dt": "1471661367", "direction": "0", "dep_dt": "1471661424", "route_id": "Red", "dwell_time_sec": "57"}, {"arr_dt": "1471661819", "direction": "0", "dep_dt": "1471661891", "route_id": "Red", "dwell_time_sec": "72"}, {"arr_dt": "1471662236", "direction": "0", "dep_dt": "1471662309", "route_id": "Red", "dwell_time_sec": "73"}, {"arr_dt": "1471662413", "direction": "0", "dep_dt": "1471662486", "route_id": "Red", "dwell_time_sec": "73"}, {"arr_dt": "1471663146", "direction": "0", "dep_dt": "1471663232", "route_id": "Red", "dwell_time_sec": "86"}, {"arr_dt": "1471663336", "direction": "0", "dep_dt": "1471663419", "route_id": "Red", "dwell_time_sec": "83"}, {"arr_dt": "1471663597", "direction": "0", "dep_dt": "1471663666", "route_id": "Red", "dwell_time_sec": "69"}, {"arr_dt": "1471664234", "direction": "0", "dep_dt": "1471664303", "route_id": "Red", "dwell_time_sec": "69"}, {"arr_dt": "1471664508", "direction": "0", "dep_dt": "1471664567", "route_id": "Red", "dwell_time_sec": "59"}, {"arr_dt": "1471664855", "direction": "0", "dep_dt": "1471664915", "route_id": "Red", "dwell_time_sec": "60"}, {"arr_dt": "1471665345", "direction": "0", "dep_dt": "1471665421", "route_id": "Red", "dwell_time_sec": "76"}]}