{"dwell_times": [{"arr_dt": "1454562009", "direction": "0", "dep_dt": "1454562074", "route_id": "Red", "dwell_time_sec": "65"}, {"arr_dt": "1454562384", "direction": "0", "dep_dt": "1454562444", "route_id": "Red", "dwell_time_sec": "60"}, {"arr_dt": "1454562732", "direction": "0", "dep_dt": "1454562794", "route_id": "Red", "dwell_time_sec": "62"}, {"arr_dt": "1454563074", "direction": "0", "dep_dt": "1454563137", "route_id": "Red", "dwell_time_sec": "63"}, {"arr_dt": "1454563450", "direction": "0", "dep_dt": "1454563512", "route_id": "Red", "dwell_time_sec": "62"}, {"arr_dt": "1454563916", "direction": "0", "dep_dt": "1454563984", "route_id": "Red", "dwell_time_sec": "68"}, {"arr_dt": "1454564214", "direction": "0", "dep_dt": "1454564268", "route_id": "Red", "dwell_time_sec": "54"}, {"arr_dt": "1454565171", "direction": "0", "dep_dt": "1454566584", "route_id": "Red", "dwell_time_sec": "1413"}, {"arr_dt": "1454582559", "direction": "0", "dep_dt": "1454582633", "route_id": "Red", "dwell_time_sec": "74"}, {"arr_dt": "1454582964", "direction": "0", "dep_dt": "1454583031", "route_id": "Red", "dwell_time_sec": "67"}, {"arr_dt": "1454583340", "direction": "0", "dep_dt": "1454583400", "route_id": "Red", "dwell_time_sec": "60"}, {"arr_dt": "1454583687", "direction": "0", "dep_dt": "1454583747", "route_id": "Red", "dwell_time_sec": "60"}, {"arr_dt": "1454584338", "direction": "0", "dep_dt": "1454584417", "route_id": "Red", "dwell_time_sec": "79"}, {"arr_dt": "1454584764", "direction": "0", "dep_dt": "1454584838", "route_id": "Red", "dwell_time_sec": "74"}, {"arr_dt": "1454585093", "direction": "0", "dep_dt": "1454585155", "route_id": "Red", "dwell_time_sec": "62"}, {"arr_dt": "1454585525", "direction": "0", "dep_dt": "1454585649", "route_id": "Red", "dwell_time_sec": "124"}, {"arr_dt": "1454585725", "direction": "0", "dep_dt": "1454585793", "route_id": "Red", "dwell_time_sec": "68"}, {"arr_dt": "1454586238", "direction": "0", "dep_dt": "1454586308", "route_id": "Red", "dwell_time_sec": "70"}, {"arr_dt": "1454586462", "direction": "0", "dep_dt": "1454586534", "route_id": "Red", "dwell_time_sec": "72"}, {"arr_dt": "1454586942", "direction": "0", "dep_dt": "1454587029", "route_id": "Red", "dwell_time_sec": "87"}, {"arr_dt": "1454587403", "direction": "0", "dep_dt": "1454587490", "route_id": "Red", "dwell_time_sec": "87"}, {"arr_dt": "1454587875", "direction": "0", "dep_dt": "1454587959", "route_id": "Red", "dwell_time_sec": "84"}, {"arr_dt": "1454588063", "direction": "0", "dep_dt": "1454588157", "route_id": "Red", "dwell_time_sec": "94"}, {"arr_dt": "1454588255", "direction": "0", "dep_dt": "1454588307", "route_id": "Red", "dwell_time_sec": "52"}, {"arr_dt": "1454588427", "direction": "0", "dep_dt": "1454588504", "route_id": "Red", "dwell_time_sec": "77"}, {"arr_dt": "1454588611", "direction": "0", "dep_dt": "1454588695", "route_id": "Red", "dwell_time_sec": "84"}, {"arr_dt": "1454588958", "direction": "0", "dep_dt": "1454589028", "route_id": "Red", "dwell_time_sec": "70"}, {"arr_dt": "1454589324", "direction": "0", "dep_dt": "1454589412", "route_id": "Red", "dwell_time_sec": "88"}, {"arr_dt": "1454589536", "direction": "0", "dep_dt": "1454589632", "route_id": "Red", "dwell_time_sec": "96"}, {"arr_dt": "1454589751", "direction": "0", "dep_dt": "1454589854", "route_id": "Red", "dwell_time_sec": "103"}, {"arr_dt": "1454590231", "direction": "0", "dep_dt": "1454590335", "route_id": "Red", "dwell_time_sec": "104"}, {"arr_dt": "1454590470", "direction": "0", "dep_dt": "1454590549", "route_id": "Red", "dwell_time_sec": "79"}, {"arr_dt": "1454590929", "direction": "0", "dep_dt": "1454591037", "route_id": "Red", "dwell_time_sec": "108"}, {"arr_dt": "1454591130", "direction": "0", "dep_dt": "1454591240", "route_id": "Red", "dwell_time_sec": "110"}, {"arr_dt": "1454591362", "direction": "0", "dep_dt": "1454591447", "route_id": "Red", "dwell_time_sec": "85"}, {"arr_dt": "1454591537", "direction": "0", "dep_dt": "1454591625", "route_id": "Red", "dwell_time_sec": "88"}, {"arr_dt": "1454591714", "direction": "0", "dep_dt": "1454591843", "route_id": "Red", "dwell_time_sec": "129"}, {"arr_dt": "1454591936", "direction": "0", "dep_dt": "1454592025", "route_id": "Red", "dwell_time_sec": "89"}, {"arr_dt": "1454592112", "direction": "0", "dep_dt": "1454592206", "route_id": "Red", "dwell_time_sec": "94"}, {"arr_dt": "1454592326", "direction": "0", "dep_dt": "1454592399", "route_id": "Red", "dwell_time_sec": "73"}, {"arr_dt": "1454592498", "direction": "0", "dep_dt": "1454592602", "route_id": "Red", "dwell_time_sec": "104"}, {"arr_dt": "1454592715", "direction": "0", "dep_dt": "1454592860", "route_id": "Red", "dwell_time_sec": "145"}, {"arr_dt": "1454592944", "direction": "0", "dep_dt": "1454593058", "route_id": "Red", "dwell_time_sec": "114"}, {"arr_dt": "1454593514", "direction": "0", "dep_dt": "1454593638", "route_id": "Red", "dwell_time_sec": "124"}, {"arr_dt": "1454593882", "direction": "0", "dep_dt": "1454594007", "route_id": "Red", "dwell_time_sec": "125"}, {"arr_dt": "1454594267", "direction": "0", "dep_dt": "1454594387", "route_id": "Red", "dwell_time_sec": "120"}, {"arr_dt": "1454594495", "direction": "0", "dep_dt": "1454594596", "route_id": "Red", "dwell_time_sec": "101"}, {"arr_dt": "1454594732", "direction": "0", "dep_dt": "1454594823", "route_id": "Red", "dwell_time_sec": "91"}, {"arr_dt": "1454594937", "direction": "0", "dep_dt": "1454595021", "route_id": "Red", "dwell_time_sec": "84"}, {"arr_dt": "1454595168", "direction": "0", "dep_dt": "1454595264", "route_id": "Red", "dwell_time_sec": "96"}, {"arr_dt": "1454595517", "direction": "0", "dep_dt": "1454595611", "route_id": "Red", "dwell_time_sec": "94"}, {"arr_dt": "1454595708", "direction": "0", "dep_dt": "1454595782", "route_id": "Red", "dwell_time_sec": "74"}, {"arr_dt": "1454595888", "direction": "0", "dep_dt": "1454595964", "route_id": "Red", "dwell_time_sec": "76"}, {"arr_dt": "1454596072", "direction": "0", "dep_dt": "1454596163", "route_id": "Red", "dwell_time_sec": "91"}, {"arr_dt": "1454596278", "direction": "0", "dep_dt": "1454596364", "route_id": "Red", "dwell_time_sec": "86"}, {"arr_dt": "1454596490", "direction": "0", "dep_dt": "1454596580", "route_id": "Red", "dwell_time_sec": "90"}, {"arr_dt": "1454596954", "direction": "0", "dep_dt": "1454597031", "route_id": "Red", "dwell_time_sec": "77"}, {"arr_dt": "1454597146", "direction": "0", "dep_dt": "1454597206", "route_id": "Red", "dwell_time_sec": "60"}, {"arr_dt": "1454597325", "direction": "0", "dep_dt": "1454597412", "route_id": "Red", "dwell_time_sec": "87"}, {"arr_dt": "1454597539", "direction": "0", "dep_dt": "1454597610", "route_id": "Red", "dwell_time_sec": "71"}, {"arr_dt": "1454597737", "direction": "0", "dep_dt": "1454597792", "route_id": "Red", "dwell_time_sec": "55"}, {"arr_dt": "1454597892", "direction": "0", "dep_dt": "1454597955", "route_id": "Red", "dwell_time_sec": "63"}, {"arr_dt": "1454598064", "direction": "0", "dep_dt": "1454598136", "route_id": "Red", "dwell_time_sec": "72"}, {"arr_dt": "1454598280", "direction": "0", "dep_dt": "1454598437", "route_id": "Red", "dwell_time_sec": "157"}, {"arr_dt": "1454598534", "direction": "0", "dep_dt": "1454598598", "route_id": "Red", "dwell_time_sec": "64"}, {"arr_dt": "1454598695", "direction": "0", "dep_dt": "1454598757", "route_id": "Red", "dwell_time_sec": "62"}, {"arr_dt": "1454598928", "direction": "0", "dep_dt": "1454598991", "route_id": "Red", "dwell_time_sec": "63"}, {"arr_dt": "1454599121", "direction": "0", "dep_dt": "1454599228", "route_id": "Red", "dwell_time_sec": "107"}, {"arr_dt": "1454599326", "direction": "0", "dep_dt": "1454599416", "route_id": "Red", "dwell_time_sec": "90"}, {"arr_dt": "1454599534", "direction": "0", "dep_dt": "1454599606", "route_id": "Red", "dwell_time_sec": "72"}, {"arr_dt": "1454599997", "direction": "0", "dep_dt": "1454600071", "route_id": "Red", "dwell_time_sec": "74"}, {"arr_dt": "1454600175", "direction": "0", "dep_dt": "1454600266", "route_id": "Red", "dwell_time_sec": "91"}, {"arr_dt": "1454600439", "direction": "0", "dep_dt": "1454600493", "route_id": "Red", "dwell_time_sec": "54"}, {"arr_dt": "1454600727", "direction": "0", "dep_dt": "1454600785", "route_id": "Red", "dwell_time_sec": "58"}, {"arr_dt": "1454601092", "direction": "0", "dep_dt": "1454601153", "route_id": "Red", "dwell_time_sec": "61"}, {"arr_dt": "1454601346", "direction": "0", "dep_dt": "1454601412", "route_id": "Red", "dwell_time_sec": "66"}, {"arr_dt": "1454601791", "direction": "0", "dep_dt": "1454601861", "route_id": "Red", "dwell_time_sec": "70"}, {"arr_dt": "1454601981", "direction": "0", "dep_dt": "1454602043", "route_id": "Red", "dwell_time_sec": "62"}, {"arr_dt": "1454602277", "direction": "0", "dep_dt": "1454602364", "route_id": "Red", "dwell_time_sec": "87"}, {"arr_dt": "1454602669", "direction": "0", "dep_dt": "1454602752", "route_id": "Red", "dwell_time_sec": "83"}, {"arr_dt": "1454602839", "direction": "0", "dep_dt": "1454602922", "route_id": "Red", "dwell_time_sec": "83"}, {"arr_dt": "1454603227", "direction": "0", "dep_dt": "1454603286", "route_id": "Red", "dwell_time_sec": "59"}, {"arr_dt": "1454603515", "direction": "0", "dep_dt": "1454603582", "route_id": "Red", "dwell_time_sec": "67"}, {"arr_dt": "1454603828", "direction": "0", "dep_dt": "1454603894", "route_id": "Red", "dwell_time_sec": "66"}, {"arr_dt": "1454604117", "direction": "0", "dep_dt": "1454604181", "route_id": "Red", "dwell_time_sec": "64"}, {"arr_dt": "1454604502", "direction": "0", "dep_dt": "1454604588", "route_id": "Red", "dwell_time_sec": "86"}, {"arr_dt": "1454604696", "direction": "0", "dep_dt": "1454604753", "route_id": "Red", "dwell_time_sec": "57"}, {"arr_dt": "1454605304", "direction": "0", "dep_dt": "1454605458", "route_id": "Red", "dwell_time_sec": "154"}, {"arr_dt": "1454605637", "direction": "0", "dep_dt": "1454605694", "route_id": "Red", "dwell_time_sec": "57"}, {"arr_dt": "1454606260", "direction": "0", "dep_dt": "1454606333", "route_id": "Red", "dwell_time_sec": "73"}, {"arr_dt": "1454606500", "direction": "0", "dep_dt": "1454606572", "route_id": "Red", "dwell_time_sec": "72"}, {"arr_dt": "1454606919", "direction": "0", "dep_dt": "1454607046", "route_id": "Red", "dwell_time_sec": "127"}, {"arr_dt": "1454607350", "direction": "0", "dep_dt": "1454607414", "route_id": "Red", "dwell_time_sec": "64"}, {"arr_dt": "1454607653", "direction": "0", "dep_dt": "1454607736", "route_id": "Red", "dwell_time_sec": "83"}, {"arr_dt": "1454608139", "direction": "0", "dep_dt": "1454608204", "route_id": "Red", "dwell_time_sec": "65"}, {"arr_dt": "1454608462", "direction": "0", "dep_dt": "1454608536", "route_id": "Red", "dwell_time_sec": "74"}, {"arr_dt": "1454609174", "direction": "0", "dep_dt": "1454609255", "route_id": "Red", "dwell_time_sec": "81"}, {"arr_dt": "1454609390", "direction": "0", "dep_dt": "1454609477", "route_id": "Red", "dwell_time_sec": "87"}, {"arr_dt": "1454609969", "direction": "0", "dep_dt": "1454610293", "route_id": "Red", "dwell_time_sec": "324"}, {"arr_dt": "1454610575", "direction": "0", "dep_dt": "1454610677", "route_id": "Red", "dwell_time_sec": "102"}, {"arr_dt": "1454610764", "direction": "0", "dep_dt": "1454610825", "route_id": "Red", "dwell_time_sec": "61"}, {"arr_dt": "1454611134", "direction": "0", "dep_dt": "1454611248", "route_id": "Red", "dwell_time_sec": "114"}, {"arr_dt": "1454611578", "direction": "0", "dep_dt": "1454611677", "route_id": "Red", "dwell_time_sec": "99"}, {"arr_dt": "1454611912", "direction": "0", "dep_dt": "1454611997", "route_id": "Red", "dwell_time_sec": "85"}, {"arr_dt": "1454612431", "direction": "0", "dep_dt": "1454612518", "route_id": "Red", "dwell_time_sec": "87"}, {"arr_dt": "1454612773", "direction": "0", "dep_dt": "1454612842", "route_id": "Red", "dwell_time_sec": "69"}, {"arr_dt": "1454613105", "direction": "0", "dep_dt": "1454613167", "route_id": "Red", "dwell_time_sec": "62"}, {"arr_dt": "1454613530", "direction": "0", "dep_dt": "1454613608", "route_id": "Red", "dwell_time_sec": "78"}, {"arr_dt": "1454613990", "direction": "0", "dep_dt": "1454614086", "route_id": "Red", "dwell_time_sec": "96"}, {"arr_dt": "1454614436", "direction": "0", "dep_dt": "1454614530", "route_id": "Red", "dwell_time_sec": "94"}, {"arr_dt": "1454614951", "direction": "0", "dep_dt": "1454615031", "route_id": "Red", "dwell_time_sec": "80"}, {"arr_dt": "1454615268", "direction": "0", "dep_dt": "1454615337", "route_id": "Red", "dwell_time_sec": "69"}, {"arr_dt": "1454615684", "direction": "0", "dep_dt": "1454615776", "route_id": "Red", "dwell_time_sec": "92"}, {"arr_dt": "1454615976", "direction": "0", "dep_dt": "1454616044", "route_id": "Red", "dwell_time_sec": "68"}, {"arr_dt": "1454620716", "direction": "0", "dep_dt": "1454620823", "route_id": "Red", "dwell_time_sec": "107"}, {"arr_dt": "1454620961", "direction": "0", "dep_dt": "1454621045", "route_id": "Red", "dwell_time_sec": "84"}, {"arr_dt": "1454622634", "direction": "0", "dep_dt": "1454622798", "route_id": "Red", "dwell_time_sec": "164"}, {"arr_dt": "1454622878", "direction": "0", "dep_dt": "1454623040", "route_id": "Red", "dwell_time_sec": "162"}, {"arr_dt": "1454623244", "direction": "0", "dep_dt": "1454623358", "route_id": "Red", "dwell_time_sec": "114"}, {"arr_dt": "1454623635", "direction": "0", "dep_dt": "1454623769", "route_id": "Red", "dwell_time_sec": "134"}, {"arr_dt": "1454623966", "direction": "0", "dep_dt": "1454624086", "route_id": "Red", "dwell_time_sec": "120"}, {"arr_dt": "1454624256", "direction": "0", "dep_dt": "1454624376", "route_id": "Red", "dwell_time_sec": "120"}, {"arr_dt": "1454624567", "direction": "0", "dep_dt": "1454624673", "route_id": "Red", "dwell_time_sec": "106"}, {"arr_dt": "1454624881", "direction": "0", "dep_dt": "1454624991", "route_id": "Red", "dwell_time_sec": "110"}, {"arr_dt": "1454625144", "direction": "0", "dep_dt": "1454625246", "route_id": "Red", "dwell_time_sec": "102"}, {"arr_dt": "1454625470", "direction": "0", "dep_dt": "1454625621", "route_id": "Red", "dwell_time_sec": "151"}, {"arr_dt": "1454625705", "direction": "0", "dep_dt": "1454625800", "route_id": "Red", "dwell_time_sec": "95"}, {"arr_dt": "1454625965", "direction": "0", "dep_dt": "1454626059", "route_id": "Red", "dwell_time_sec": "94"}, {"arr_dt": "1454626178", "direction": "0", "dep_dt": "1454626324", "route_id": "Red", "dwell_time_sec": "146"}, {"arr_dt": "1454626406", "direction": "0", "dep_dt": "1454626526", "route_id": "Red", "dwell_time_sec": "120"}, {"arr_dt": "1454626617", "direction": "0", "dep_dt": "1454626711", "route_id": "Red", "dwell_time_sec": "94"}, {"arr_dt": "1454626822", "direction": "0", "dep_dt": "1454626935", "route_id": "Red", "dwell_time_sec": "113"}, {"arr_dt": "1454627021", "direction": "0", "dep_dt": "1454627108", "route_id": "Red", "dwell_time_sec": "87"}, {"arr_dt": "1454627220", "direction": "0", "dep_dt": "1454627325", "route_id": "Red", "dwell_time_sec": "105"}, {"arr_dt": "1454627409", "direction": "0", "dep_dt": "1454627541", "route_id": "Red", "dwell_time_sec": "132"}, {"arr_dt": "1454627635", "direction": "0", "dep_dt": "1454627733", "route_id": "Red", "dwell_time_sec": "98"}, {"arr_dt": "1454627812", "direction": "0", "dep_dt": "1454627941", "route_id": "Red", "dwell_time_sec": "129"}, {"arr_dt": "1454628037", "direction": "0", "dep_dt": "1454628129", "route_id": "Red", "dwell_time_sec": "92"}, {"arr_dt": "1454628523", "direction": "0", "dep_dt": "1454628615", "route_id": "Red", "dwell_time_sec": "92"}, {"arr_dt": "1454628722", "direction": "0", "dep_dt": "1454628849", "route_id": "Red", "dwell_time_sec": "127"}, {"arr_dt": "1454629098", "direction": "0", "dep_dt": "1454629181", "route_id": "Red", "dwell_time_sec": "83"}, {"arr_dt": "1454629469", "direction": "0", "dep_dt": "1454629564", "route_id": "Red", "dwell_time_sec": "95"}, {"arr_dt": "1454629736", "direction": "0", "dep_dt": "1454629812", "route_id": "Red", "dwell_time_sec": "76"}, {"arr_dt": "1454630086", "direction": "0", "dep_dt": "1454630169", "route_id": "Red", "dwell_time_sec": "83"}, {"arr_dt": "1454630494", "direction": "0", "dep_dt": "1454630578", "route_id": "Red", "dwell_time_sec": "84"}, {"arr_dt": "1454630690", "direction": "0", "dep_dt": "1454630776", "route_id": "Red", "dwell_time_sec": "86"}, {"arr_dt": "1454631091", "direction": "0", "dep_dt": "1454631185", "route_id": "Red", "dwell_time_sec": "94"}, {"arr_dt": "1454631293", "direction": "0", "dep_dt": "1454631378", "route_id": "Red", "dwell_time_sec": "85"}, {"arr_dt": "1454631480", "direction": "0", "dep_dt": "1454631559", "route_id": "Red", "dwell_time_sec": "79"}, {"arr_dt": "1454631866", "direction": "0", "dep_dt": "1454631979", "route_id": "Red", "dwell_time_sec": "113"}, {"arr_dt": "1454632244", "direction": "0", "dep_dt": "1454632315", "route_id": "Red", "dwell_time_sec": "71"}, {"arr_dt": "1454632435", "direction": "0", "dep_dt": "1454632514", "route_id": "Red", "dwell_time_sec": "79"}, {"arr_dt": "1454632741", "direction": "0", "dep_dt": "1454632817", "route_id": "Red", "dwell_time_sec": "76"}, {"arr_dt": "1454632937", "direction": "0", "dep_dt": "1454633015", "route_id": "Red", "dwell_time_sec": "78"}, {"arr_dt": "1454633258", "direction": "0", "dep_dt": "1454633336", "route_id": "Red", "dwell_time_sec": "78"}, {"arr_dt": "1454633436", "direction": "0", "dep_dt": "1454633513", "route_id": "Red", "dwell_time_sec": "77"}, {"arr_dt": "1454633755", "direction": "0", "dep_dt": "1454633832", "route_id": "Red", "dwell_time_sec": "77"}, {"arr_dt": "1454634088", "direction": "0", "dep_dt": "1454634154", "route_id": "Red", "dwell_time_sec": "66"}, {"arr_dt": "1454634827", "direction": "0", "dep_dt": "1454634899", "route_id": "Red", "dwell_time_sec": "72"}, {"arr_dt": "1454635115", "direction": "0", "dep_dt": "1454635208", "route_id": "Red", "dwell_time_sec": "93"}, {"arr_dt": "1454635292", "direction": "0", "dep_dt": "1454635368", "route_id": "Red", "dwell_time_sec": "76"}, {"arr_dt": "1454635579", "direction": "0", "dep_dt": "1454635675", "route_id": "Red", "dwell_time_sec": "96"}, {"arr_dt": "1454635780", "direction": "0", "dep_dt": "1454635894", "route_id": "Red", "dwell_time_sec": "114"}, {"arr_dt": "1454635997", "direction": "0", "dep_dt": "1454636069", "route_id": "Red", "dwell_time_sec": "72"}, {"arr_dt": "1454636491", "direction": "0", "dep_dt": "1454636600", "route_id": "Red", "dwell_time_sec": "109"}, {"arr_dt": "1454636815", "direction": "0", "dep_dt": "1454636882", "route_id": "Red", "dwell_time_sec": "67"}, {"arr_dt": "1454637185", "direction": "0", "dep_dt": "1454637512", "route_id": "Red", "dwell_time_sec": "327"}, {"arr_dt": "1454637702", "direction": "0", "dep_dt": "1454637779", "route_id": "Red", "dwell_time_sec": "77"}, {"arr_dt": "1454637883", "direction": "0", "dep_dt": "1454637979", "route_id": "Red", "dwell_time_sec": "96"}, {"arr_dt": "1454638484", "direction": "0", "dep_dt": "1454638566", "route_id": "Red", "dwell_time_sec": "82"}, {"arr_dt": "1454638693", "direction": "0", "dep_dt": "1454638762", "route_id": "Red", "dwell_time_sec": "69"}, {"arr_dt": "1454639122", "direction": "0", "dep_dt": "1454639191", "route_id": "Red", "dwell_time_sec": "69"}, {"arr_dt": "1454639432", "direction": "0", "dep_dt": "1454639508", "route_id": "Red", "dwell_time_sec": "76"}, {"arr_dt": "1454639829", "direction": "0", "dep_dt": "1454639903", "route_id": "Red", "dwell_time_sec": "74"}, {"arr_dt": "1454640388", "direction": "0", "dep_dt": "1454640471", "route_id": "Red", "dwell_time_sec": "83"}, {"arr_dt": "1454640741", "direction": "0", "dep_dt": "1454640821", "route_id": "Red", "dwell_time_sec": "80"}, {"arr_dt": "1454640911", "direction": "0", "dep_dt": "1454640993", "route_id": "Red", "dwell_time_sec": "82"}, {"arr_dt": "1454641210", "direction": "0", "dep_dt": "1454641267", "route_id": "Red", "dwell_time_sec": "57"}, {"arr_dt": "1454641396", "direction": "0", "dep_dt": "1454641476", "route_id": "Red", "dwell_time_sec": "80"}, {"arr_dt": "1454641788", "direction": "0", "dep_dt": "1454641857", "route_id": "Red", "dwell_time_sec": "69"}, {"arr_dt": "1454642239", "direction": "0", "dep_dt": "1454642323", "route_id": "Red", "dwell_time_sec": "84"}, {"arr_dt": "1454642848", "direction": "0", "dep_dt": "1454642914", "route_id": "Red", "dwell_time_sec": "66"}, {"arr_dt": "1454643058", "direction": "0", "dep_dt": "1454643125", "route_id": "Red", "dwell_time_sec": "67"}, {"arr_dt": "1454643615", "direction": "0", "dep_dt": "1454643677", "route_id": "Red", "dwell_time_sec": "62"}, {"arr_dt": "1454643784", "direction": "0", "dep_dt": "1454643850", "route_id": "Red", "dwell_time_sec": "66"}, {"arr_dt": "1454644316", "direction": "0", "dep_dt": "1454644378", "route_id": "Red", "dwell_time_sec": "62"}, {"arr_dt": "1454644602", "direction": "0", "dep_dt": "1454644666", "route_id": "Red", "dwell_time_sec": "64"}, {"arr_dt": "1454644967", "direction": "0", "dep_dt": "1454645023", "route_id": "Red", "dwell_time_sec": "56"}, {"arr_dt": "1454645477", "direction": "0", "dep_dt": "1454645540", "route_id": "Red", "dwell_time_sec": "63"}, {"arr_dt": "1454645889", "direction": "0", "dep_dt": "1454645969", "route_id": "Red", "dwell_time_sec": "80"}, {"arr_dt": "1454646192", "direction": "0", "dep_dt": "1454646261", "route_id": "Red", "dwell_time_sec": "69"}, {"arr_dt": "1454646740", "direction": "0", "dep_dt": "1454646805", "route_id": "Red", "dwell_time_sec": "65"}, {"arr_dt": "1454647063", "direction": "0", "dep_dt": "1454647127", "route_id": "Red", "dwell_time_sec": "64"}, {"arr_dt": "1454647369", "direction": "0", "dep_dt": "1454647448", "route_id": "Red", "dwell_time_sec": "79"}, {"arr_dt": "1454647729", "direction": "0", "dep_dt": "1454647789", "route_id": "Red", "dwell_time_sec": "60"}, {"arr_dt": "1454648126", "direction": "0", "dep_dt": "1454648190", "route_id": "Red", "dwell_time_sec": "64"}, {"arr_dt": "1454648302", "direction": "0", "dep_dt": "1454648365", "route_id": "Red", "dwell_time_sec": "63"}]}