{"dwell_times": [{"arr_dt": "1477627383", "direction": "0", "dep_dt": "1477627467", "route_id": "Red", "dwell_time_sec": "84"}, {"arr_dt": "1477627592", "direction": "0", "dep_dt": "1477627656", "route_id": "Red", "dwell_time_sec": "64"}, {"arr_dt": "1477627973", "direction": "0", "dep_dt": "1477628046", "route_id": "Red", "dwell_time_sec": "73"}, {"arr_dt": "1477628452", "direction": "0", "dep_dt": "1477628524", "route_id": "Red", "dwell_time_sec": "72"}, {"arr_dt": "1477628803", "direction": "0", "dep_dt": "1477628854", "route_id": "Red", "dwell_time_sec": "51"}, {"arr_dt": "1477629406", "direction": "0", "dep_dt": "1477629474", "route_id": "Red", "dwell_time_sec": "68"}, {"arr_dt": "1477630455", "direction": "0", "dep_dt": "1477631282", "route_id": "Red", "dwell_time_sec": "827"}, {"arr_dt": "1477647302", "direction": "0", "dep_dt": "1477647396", "route_id": "Red", "dwell_time_sec": "94"}, {"arr_dt": "1477647783", "direction": "0", "dep_dt": "1477647854", "route_id": "Red", "dwell_time_sec": "71"}, {"arr_dt": "1477648221", "direction": "0", "dep_dt": "1477648282", "route_id": "Red", "dwell_time_sec": "61"}, {"arr_dt": "1477648820", "direction": "0", "dep_dt": "1477648878", "route_id": "Red", "dwell_time_sec": "58"}, {"arr_dt": "1477649336", "direction": "0", "dep_dt": "1477649425", "route_id": "Red", "dwell_time_sec": "89"}, {"arr_dt": "1477649799", "direction": "0", "dep_dt": "1477649868", "route_id": "Red", "dwell_time_sec": "69"}, {"arr_dt": "1477650138", "direction": "0", "dep_dt": "1477650202", "route_id": "Red", "dwell_time_sec": "64"}, {"arr_dt": "1477650560", "direction": "0", "dep_dt": "1477650620", "route_id": "Red", "dwell_time_sec": "60"}, {"arr_dt": "1477650896", "direction": "0", "dep_dt": "1477650955", "route_id": "Red", "dwell_time_sec": "59"}, {"arr_dt": "1477651101", "direction": "0", "dep_dt": "1477651342", "route_id": "Red", "dwell_time_sec": "241"}, {"arr_dt": "1477651508", "direction": "0", "dep_dt": "1477651570", "route_id": "Red", "dwell_time_sec": "62"}, {"arr_dt": "1477651965", "direction": "0", "dep_dt": "1477652044", "route_id": "Red", "dwell_time_sec": "79"}, {"arr_dt": "1477652192", "direction": "0", "dep_dt": "1477652279", "route_id": "Red", "dwell_time_sec": "87"}, {"arr_dt": "1477652375", "direction": "0", "dep_dt": "1477652438", "route_id": "Red", "dwell_time_sec": "63"}, {"arr_dt": "1477652781", "direction": "0", "dep_dt": "1477652875", "route_id": "Red", "dwell_time_sec": "94"}, {"arr_dt": "1477653149", "direction": "0", "dep_dt": "1477653226", "route_id": "Red", "dwell_time_sec": "77"}, {"arr_dt": "1477653351", "direction": "0", "dep_dt": "1477653432", "route_id": "Red", "dwell_time_sec": "81"}, {"arr_dt": "1477653547", "direction": "0", "dep_dt": "1477653615", "route_id": "Red", "dwell_time_sec": "68"}, {"arr_dt": "1477653912", "direction": "0", "dep_dt": "1477653992", "route_id": "Red", "dwell_time_sec": "80"}, {"arr_dt": "1477654155", "direction": "0", "dep_dt": "1477654232", "route_id": "Red", "dwell_time_sec": "77"}, {"arr_dt": "1477654416", "direction": "0", "dep_dt": "1477654500", "route_id": "Red", "dwell_time_sec": "84"}, {"arr_dt": "1477654605", "direction": "0", "dep_dt": "1477654677", "route_id": "Red", "dwell_time_sec": "72"}, {"arr_dt": "1477654877", "direction": "0", "dep_dt": "1477654954", "route_id": "Red", "dwell_time_sec": "77"}, {"arr_dt": "1477655071", "direction": "0", "dep_dt": "1477655152", "route_id": "Red", "dwell_time_sec": "81"}, {"arr_dt": "1477655375", "direction": "0", "dep_dt": "1477655453", "route_id": "Red", "dwell_time_sec": "78"}, {"arr_dt": "1477655580", "direction": "0", "dep_dt": "1477655692", "route_id": "Red", "dwell_time_sec": "112"}, {"arr_dt": "1477655788", "direction": "0", "dep_dt": "1477655915", "route_id": "Red", "dwell_time_sec": "127"}, {"arr_dt": "1477656024", "direction": "0", "dep_dt": "1477656087", "route_id": "Red", "dwell_time_sec": "63"}, {"arr_dt": "1477656219", "direction": "0", "dep_dt": "1477656290", "route_id": "Red", "dwell_time_sec": "71"}, {"arr_dt": "1477656399", "direction": "0", "dep_dt": "1477656498", "route_id": "Red", "dwell_time_sec": "99"}, {"arr_dt": "1477656729", "direction": "0", "dep_dt": "1477656845", "route_id": "Red", "dwell_time_sec": "116"}, {"arr_dt": "1477656947", "direction": "0", "dep_dt": "1477657035", "route_id": "Red", "dwell_time_sec": "88"}, {"arr_dt": "1477657152", "direction": "0", "dep_dt": "1477657241", "route_id": "Red", "dwell_time_sec": "89"}, {"arr_dt": "1477657352", "direction": "0", "dep_dt": "1477657457", "route_id": "Red", "dwell_time_sec": "105"}, {"arr_dt": "1477657557", "direction": "0", "dep_dt": "1477657648", "route_id": "Red", "dwell_time_sec": "91"}, {"arr_dt": "1477657805", "direction": "0", "dep_dt": "1477657893", "route_id": "Red", "dwell_time_sec": "88"}, {"arr_dt": "1477658007", "direction": "0", "dep_dt": "1477658099", "route_id": "Red", "dwell_time_sec": "92"}, {"arr_dt": "1477658375", "direction": "0", "dep_dt": "1477658501", "route_id": "Red", "dwell_time_sec": "126"}, {"arr_dt": "1477658635", "direction": "0", "dep_dt": "1477658743", "route_id": "Red", "dwell_time_sec": "108"}, {"arr_dt": "1477658898", "direction": "0", "dep_dt": "1477658991", "route_id": "Red", "dwell_time_sec": "93"}, {"arr_dt": "1477659462", "direction": "0", "dep_dt": "1477659639", "route_id": "Red", "dwell_time_sec": "177"}, {"arr_dt": "1477659734", "direction": "0", "dep_dt": "1477659835", "route_id": "Red", "dwell_time_sec": "101"}, {"arr_dt": "1477660050", "direction": "0", "dep_dt": "1477660149", "route_id": "Red", "dwell_time_sec": "99"}, {"arr_dt": "1477660254", "direction": "0", "dep_dt": "1477660338", "route_id": "Red", "dwell_time_sec": "84"}, {"arr_dt": "1477660458", "direction": "0", "dep_dt": "1477660577", "route_id": "Red", "dwell_time_sec": "119"}, {"arr_dt": "1477660676", "direction": "0", "dep_dt": "1477660790", "route_id": "Red", "dwell_time_sec": "114"}, {"arr_dt": "1477660902", "direction": "0", "dep_dt": "1477660981", "route_id": "Red", "dwell_time_sec": "79"}, {"arr_dt": "1477661092", "direction": "0", "dep_dt": "1477661182", "route_id": "Red", "dwell_time_sec": "90"}, {"arr_dt": "1477661288", "direction": "0", "dep_dt": "1477661380", "route_id": "Red", "dwell_time_sec": "92"}, {"arr_dt": "1477661479", "direction": "0", "dep_dt": "1477661571", "route_id": "Red", "dwell_time_sec": "92"}, {"arr_dt": "1477661656", "direction": "0", "dep_dt": "1477661733", "route_id": "Red", "dwell_time_sec": "77"}, {"arr_dt": "1477661841", "direction": "0", "dep_dt": "1477661920", "route_id": "Red", "dwell_time_sec": "79"}, {"arr_dt": "1477662031", "direction": "0", "dep_dt": "1477662110", "route_id": "Red", "dwell_time_sec": "79"}, {"arr_dt": "1477662218", "direction": "0", "dep_dt": "1477662290", "route_id": "Red", "dwell_time_sec": "72"}, {"arr_dt": "1477662688", "direction": "0", "dep_dt": "1477662772", "route_id": "Red", "dwell_time_sec": "84"}, {"arr_dt": "1477662876", "direction": "0", "dep_dt": "1477662953", "route_id": "Red", "dwell_time_sec": "77"}, {"arr_dt": "1477663076", "direction": "0", "dep_dt": "1477663140", "route_id": "Red", "dwell_time_sec": "64"}, {"arr_dt": "1477663243", "direction": "0", "dep_dt": "1477663305", "route_id": "Red", "dwell_time_sec": "62"}, {"arr_dt": "1477663526", "direction": "0", "dep_dt": "1477663600", "route_id": "Red", "dwell_time_sec": "74"}, {"arr_dt": "1477663913", "direction": "0", "dep_dt": "1477664002", "route_id": "Red", "dwell_time_sec": "89"}, {"arr_dt": "1477664088", "direction": "0", "dep_dt": "1477664164", "route_id": "Red", "dwell_time_sec": "76"}, {"arr_dt": "1477664275", "direction": "0", "dep_dt": "1477664356", "route_id": "Red", "dwell_time_sec": "81"}, {"arr_dt": "1477664476", "direction": "0", "dep_dt": "1477664538", "route_id": "Red", "dwell_time_sec": "62"}, {"arr_dt": "1477664760", "direction": "0", "dep_dt": "1477664870", "route_id": "Red", "dwell_time_sec": "110"}, {"arr_dt": "1477664985", "direction": "0", "dep_dt": "1477665045", "route_id": "Red", "dwell_time_sec": "60"}, {"arr_dt": "1477665266", "direction": "0", "dep_dt": "1477665328", "route_id": "Red", "dwell_time_sec": "62"}, {"arr_dt": "1477665724", "direction": "0", "dep_dt": "1477665800", "route_id": "Red", "dwell_time_sec": "76"}, {"arr_dt": "1477666122", "direction": "0", "dep_dt": "1477666190", "route_id": "Red", "dwell_time_sec": "68"}, {"arr_dt": "1477666825", "direction": "0", "dep_dt": "1477666928", "route_id": "Red", "dwell_time_sec": "103"}, {"arr_dt": "1477667056", "direction": "0", "dep_dt": "1477667119", "route_id": "Red", "dwell_time_sec": "63"}, {"arr_dt": "1477667236", "direction": "0", "dep_dt": "1477667302", "route_id": "Red", "dwell_time_sec": "66"}, {"arr_dt": "1477667489", "direction": "0", "dep_dt": "1477667554", "route_id": "Red", "dwell_time_sec": "65"}, {"arr_dt": "1477668088", "direction": "0", "dep_dt": "1477668162", "route_id": "Red", "dwell_time_sec": "74"}, {"arr_dt": "1477668578", "direction": "0", "dep_dt": "1477668656", "route_id": "Red", "dwell_time_sec": "78"}, {"arr_dt": "1477668903", "direction": "0", "dep_dt": "1477668995", "route_id": "Red", "dwell_time_sec": "92"}, {"arr_dt": "1477669569", "direction": "0", "dep_dt": "1477669651", "route_id": "Red", "dwell_time_sec": "82"}, {"arr_dt": "1477669998", "direction": "0", "dep_dt": "1477670067", "route_id": "Red", "dwell_time_sec": "69"}, {"arr_dt": "1477670318", "direction": "0", "dep_dt": "1477670385", "route_id": "Red", "dwell_time_sec": "67"}, {"arr_dt": "1477670895", "direction": "0", "dep_dt": "1477670966", "route_id": "Red", "dwell_time_sec": "71"}, {"arr_dt": "1477671292", "direction": "0", "dep_dt": "1477671362", "route_id": "Red", "dwell_time_sec": "70"}, {"arr_dt": "1477671813", "direction": "0", "dep_dt": "1477671899", "route_id": "Red", "dwell_time_sec": "86"}, {"arr_dt": "1477672479", "direction": "0", "dep_dt": "1477672547", "route_id": "Red", "dwell_time_sec": "68"}, {"arr_dt": "1477673106", "direction": "0", "dep_dt": "1477673317", "route_id": "Red", "dwell_time_sec": "211"}, {"arr_dt": "1477673712", "direction": "0", "dep_dt": "1477673785", "route_id": "Red", "dwell_time_sec": "73"}, {"arr_dt": "1477674166", "direction": "0", "dep_dt": "1477674426", "route_id": "Red", "dwell_time_sec": "260"}, {"arr_dt": "1477675159", "direction": "0", "dep_dt": "1477675266", "route_id": "Red", "dwell_time_sec": "107"}, {"arr_dt": "1477675851", "direction": "0", "dep_dt": "1477675956", "route_id": "Red", "dwell_time_sec": "105"}, {"arr_dt": "1477676088", "direction": "0", "dep_dt": "1477676169", "route_id": "Red", "dwell_time_sec": "81"}, {"arr_dt": "1477676316", "direction": "0", "dep_dt": "1477676392", "route_id": "Red", "dwell_time_sec": "76"}, {"arr_dt": "1477676526", "direction": "0", "dep_dt": "1477676588", "route_id": "Red", "dwell_time_sec": "62"}, {"arr_dt": "1477676863", "direction": "0", "dep_dt": "1477676927", "route_id": "Red", "dwell_time_sec": "64"}, {"arr_dt": "1477677158", "direction": "0", "dep_dt": "1477677230", "route_id": "Red", "dwell_time_sec": "72"}, {"arr_dt": "1477677588", "direction": "0", "dep_dt": "1477677668", "route_id": "Red", "dwell_time_sec": "80"}, {"arr_dt": "1477678294", "direction": "0", "dep_dt": "1477678371", "route_id": "Red", "dwell_time_sec": "77"}, {"arr_dt": "1477679055", "direction": "0", "dep_dt": "1477679154", "route_id": "Red", "dwell_time_sec": "99"}, {"arr_dt": "1477679294", "direction": "0", "dep_dt": "1477679377", "route_id": "Red", "dwell_time_sec": "83"}, {"arr_dt": "1477679549", "direction": "0", "dep_dt": "1477679622", "route_id": "Red", "dwell_time_sec": "73"}, {"arr_dt": "1477679911", "direction": "0", "dep_dt": "1477679988", "route_id": "Red", "dwell_time_sec": "77"}, {"arr_dt": "1477680221", "direction": "0", "dep_dt": "1477680307", "route_id": "Red", "dwell_time_sec": "86"}, {"arr_dt": "1477680516", "direction": "0", "dep_dt": "1477680587", "route_id": "Red", "dwell_time_sec": "71"}, {"arr_dt": "1477680865", "direction": "0", "dep_dt": "1477680970", "route_id": "Red", "dwell_time_sec": "105"}, {"arr_dt": "1477681360", "direction": "0", "dep_dt": "1477681477", "route_id": "Red", "dwell_time_sec": "117"}, {"arr_dt": "1477681654", "direction": "0", "dep_dt": "1477681745", "route_id": "Red", "dwell_time_sec": "91"}, {"arr_dt": "1477682274", "direction": "0", "dep_dt": "1477682379", "route_id": "Red", "dwell_time_sec": "105"}, {"arr_dt": "1477682528", "direction": "0", "dep_dt": "1477682608", "route_id": "Red", "dwell_time_sec": "80"}, {"arr_dt": "1477683297", "direction": "0", "dep_dt": "1477683467", "route_id": "Red", "dwell_time_sec": "170"}, {"arr_dt": "1477683898", "direction": "0", "dep_dt": "1477684058", "route_id": "Red", "dwell_time_sec": "160"}, {"arr_dt": "1477684169", "direction": "0", "dep_dt": "1477684299", "route_id": "Red", "dwell_time_sec": "130"}, {"arr_dt": "1477684510", "direction": "0", "dep_dt": "1477684632", "route_id": "Red", "dwell_time_sec": "122"}, {"arr_dt": "1477684738", "direction": "0", "dep_dt": "1477684826", "route_id": "Red", "dwell_time_sec": "88"}, {"arr_dt": "1477685101", "direction": "0", "dep_dt": "1477685194", "route_id": "Red", "dwell_time_sec": "93"}, {"arr_dt": "1477685309", "direction": "0", "dep_dt": "1477685388", "route_id": "Red", "dwell_time_sec": "79"}, {"arr_dt": "1477685652", "direction": "0", "dep_dt": "1477685736", "route_id": "Red", "dwell_time_sec": "84"}, {"arr_dt": "1477685985", "direction": "0", "dep_dt": "1477686090", "route_id": "Red", "dwell_time_sec": "105"}, {"arr_dt": "1477686302", "direction": "0", "dep_dt": "1477686393", "route_id": "Red", "dwell_time_sec": "91"}, {"arr_dt": "1477686558", "direction": "0", "dep_dt": "1477686634", "route_id": "Red", "dwell_time_sec": "76"}, {"arr_dt": "1477686763", "direction": "0", "dep_dt": "1477686872", "route_id": "Red", "dwell_time_sec": "109"}, {"arr_dt": "1477686985", "direction": "0", "dep_dt": "1477687075", "route_id": "Red", "dwell_time_sec": "90"}, {"arr_dt": "1477687204", "direction": "0", "dep_dt": "1477687317", "route_id": "Red", "dwell_time_sec": "113"}, {"arr_dt": "1477687466", "direction": "0", "dep_dt": "1477687590", "route_id": "Red", "dwell_time_sec": "124"}, {"arr_dt": "1477687688", "direction": "0", "dep_dt": "1477687787", "route_id": "Red", "dwell_time_sec": "99"}, {"arr_dt": "1477687929", "direction": "0", "dep_dt": "1477688104", "route_id": "Red", "dwell_time_sec": "175"}, {"arr_dt": "1477688223", "direction": "0", "dep_dt": "1477688321", "route_id": "Red", "dwell_time_sec": "98"}, {"arr_dt": "1477688453", "direction": "0", "dep_dt": "1477688536", "route_id": "Red", "dwell_time_sec": "83"}, {"arr_dt": "1477688679", "direction": "0", "dep_dt": "1477688785", "route_id": "Red", "dwell_time_sec": "106"}, {"arr_dt": "1477688883", "direction": "0", "dep_dt": "1477688975", "route_id": "Red", "dwell_time_sec": "92"}, {"arr_dt": "1477689089", "direction": "0", "dep_dt": "1477689193", "route_id": "Red", "dwell_time_sec": "104"}, {"arr_dt": "1477689331", "direction": "0", "dep_dt": "1477689407", "route_id": "Red", "dwell_time_sec": "76"}, {"arr_dt": "1477689611", "direction": "0", "dep_dt": "1477689769", "route_id": "Red", "dwell_time_sec": "158"}, {"arr_dt": "1477689897", "direction": "0", "dep_dt": "1477690003", "route_id": "Red", "dwell_time_sec": "106"}, {"arr_dt": "1477690133", "direction": "0", "dep_dt": "1477690245", "route_id": "Red", "dwell_time_sec": "112"}, {"arr_dt": "1477690398", "direction": "0", "dep_dt": "1477690563", "route_id": "Red", "dwell_time_sec": "165"}, {"arr_dt": "1477690923", "direction": "0", "dep_dt": "1477691085", "route_id": "Red", "dwell_time_sec": "162"}, {"arr_dt": "1477691203", "direction": "0", "dep_dt": "1477691330", "route_id": "Red", "dwell_time_sec": "127"}, {"arr_dt": "1477691509", "direction": "0", "dep_dt": "1477691598", "route_id": "Red", "dwell_time_sec": "89"}, {"arr_dt": "1477691716", "direction": "0", "dep_dt": "1477691810", "route_id": "Red", "dwell_time_sec": "94"}, {"arr_dt": "1477691938", "direction": "0", "dep_dt": "1477692032", "route_id": "Red", "dwell_time_sec": "94"}, {"arr_dt": "1477692153", "direction": "0", "dep_dt": "1477692250", "route_id": "Red", "dwell_time_sec": "97"}, {"arr_dt": "1477692377", "direction": "0", "dep_dt": "1477692460", "route_id": "Red", "dwell_time_sec": "83"}, {"arr_dt": "1477692561", "direction": "0", "dep_dt": "1477692660", "route_id": "Red", "dwell_time_sec": "99"}, {"arr_dt": "1477692768", "direction": "0", "dep_dt": "1477692838", "route_id": "Red", "dwell_time_sec": "70"}, {"arr_dt": "1477692953", "direction": "0", "dep_dt": "1477693030", "route_id": "Red", "dwell_time_sec": "77"}, {"arr_dt": "1477693133", "direction": "0", "dep_dt": "1477693230", "route_id": "Red", "dwell_time_sec": "97"}, {"arr_dt": "1477693368", "direction": "0", "dep_dt": "1477693457", "route_id": "Red", "dwell_time_sec": "89"}, {"arr_dt": "1477693562", "direction": "0", "dep_dt": "1477693669", "route_id": "Red", "dwell_time_sec": "107"}, {"arr_dt": "1477693779", "direction": "0", "dep_dt": "1477693937", "route_id": "Red", "dwell_time_sec": "158"}, {"arr_dt": "1477694047", "direction": "0", "dep_dt": "1477694117", "route_id": "Red", "dwell_time_sec": "70"}, {"arr_dt": "1477694835", "direction": "0", "dep_dt": "1477694923", "route_id": "Red", "dwell_time_sec": "88"}, {"arr_dt": "1477695120", "direction": "0", "dep_dt": "1477695188", "route_id": "Red", "dwell_time_sec": "68"}, {"arr_dt": "1477695376", "direction": "0", "dep_dt": "1477695471", "route_id": "Red", "dwell_time_sec": "95"}, {"arr_dt": "1477695864", "direction": "0", "dep_dt": "1477695952", "route_id": "Red", "dwell_time_sec": "88"}, {"arr_dt": "1477696159", "direction": "0", "dep_dt": "1477696233", "route_id": "Red", "dwell_time_sec": "74"}, {"arr_dt": "1477696443", "direction": "0", "dep_dt": "1477696516", "route_id": "Red", "dwell_time_sec": "73"}, {"arr_dt": "1477696709", "direction": "0", "dep_dt": "1477696820", "route_id": "Red", "dwell_time_sec": "111"}, {"arr_dt": "1477697326", "direction": "0", "dep_dt": "1477697436", "route_id": "Red", "dwell_time_sec": "110"}, {"arr_dt": "1477697562", "direction": "0", "dep_dt": "1477697647", "route_id": "Red", "dwell_time_sec": "85"}, {"arr_dt": "1477697751", "direction": "0", "dep_dt": "1477697818", "route_id": "Red", "dwell_time_sec": "67"}, {"arr_dt": "1477697922", "direction": "0", "dep_dt": "1477697984", "route_id": "Red", "dwell_time_sec": "62"}, {"arr_dt": "1477698116", "direction": "0", "dep_dt": "1477698202", "route_id": "Red", "dwell_time_sec": "86"}, {"arr_dt": "1477698316", "direction": "0", "dep_dt": "1477698384", "route_id": "Red", "dwell_time_sec": "68"}, {"arr_dt": "1477698505", "direction": "0", "dep_dt": "1477698561", "route_id": "Red", "dwell_time_sec": "56"}, {"arr_dt": "1477698806", "direction": "0", "dep_dt": "1477698872", "route_id": "Red", "dwell_time_sec": "66"}, {"arr_dt": "1477698975", "direction": "0", "dep_dt": "1477699033", "route_id": "Red", "dwell_time_sec": "58"}, {"arr_dt": "1477699318", "direction": "0", "dep_dt": "1477699393", "route_id": "Red", "dwell_time_sec": "75"}, {"arr_dt": "1477699588", "direction": "0", "dep_dt": "1477699656", "route_id": "Red", "dwell_time_sec": "68"}, {"arr_dt": "1477699765", "direction": "0", "dep_dt": "1477699829", "route_id": "Red", "dwell_time_sec": "64"}, {"arr_dt": "1477700085", "direction": "0", "dep_dt": "1477700137", "route_id": "Red", "dwell_time_sec": "52"}, {"arr_dt": "1477701046", "direction": "0", "dep_dt": "1477701112", "route_id": "Red", "dwell_time_sec": "66"}, {"arr_dt": "1477701213", "direction": "0", "dep_dt": "1477701278", "route_id": "Red", "dwell_time_sec": "65"}, {"arr_dt": "1477701516", "direction": "0", "dep_dt": "1477701585", "route_id": "Red", "dwell_time_sec": "69"}, {"arr_dt": "1477701716", "direction": "0", "dep_dt": "1477701784", "route_id": "Red", "dwell_time_sec": "68"}, {"arr_dt": "1477702099", "direction": "0", "dep_dt": "1477702169", "route_id": "Red", "dwell_time_sec": "70"}, {"arr_dt": "1477702508", "direction": "0", "dep_dt": "1477702583", "route_id": "Red", "dwell_time_sec": "75"}, {"arr_dt": "1477702719", "direction": "0", "dep_dt": "1477702785", "route_id": "Red", "dwell_time_sec": "66"}, {"arr_dt": "1477703111", "direction": "0", "dep_dt": "1477703177", "route_id": "Red", "dwell_time_sec": "66"}, {"arr_dt": "1477703325", "direction": "0", "dep_dt": "1477703404", "route_id": "Red", "dwell_time_sec": "79"}, {"arr_dt": "1477703707", "direction": "0", "dep_dt": "1477703771", "route_id": "Red", "dwell_time_sec": "64"}, {"arr_dt": "1477704052", "direction": "0", "dep_dt": "1477704130", "route_id": "Red", "dwell_time_sec": "78"}, {"arr_dt": "1477704535", "direction": "0", "dep_dt": "1477704599", "route_id": "Red", "dwell_time_sec": "64"}, {"arr_dt": "1477705018", "direction": "0", "dep_dt": "1477705090", "route_id": "Red", "dwell_time_sec": "72"}, {"arr_dt": "1477705378", "direction": "0", "dep_dt": "1477705445", "route_id": "Red", "dwell_time_sec": "67"}, {"arr_dt": "1477705646", "direction": "0", "dep_dt": "1477705714", "route_id": "Red", "dwell_time_sec": "68"}, {"arr_dt": "1477705898", "direction": "0", "dep_dt": "1477705969", "route_id": "Red", "dwell_time_sec": "71"}, {"arr_dt": "1477706927", "direction": "0", "dep_dt": "1477707024", "route_id": "Red", "dwell_time_sec": "97"}, {"arr_dt": "1477707128", "direction": "0", "dep_dt": "1477707184", "route_id": "Red", "dwell_time_sec": "56"}, {"arr_dt": "1477707298", "direction": "0", "dep_dt": "1477707363", "route_id": "Red", "dwell_time_sec": "65"}, {"arr_dt": "1477707538", "direction": "0", "dep_dt": "1477707611", "route_id": "Red", "dwell_time_sec": "73"}, {"arr_dt": "1477707933", "direction": "0", "dep_dt": "1477708004", "route_id": "Red", "dwell_time_sec": "71"}, {"arr_dt": "1477708142", "direction": "0", "dep_dt": "1477708215", "route_id": "Red", "dwell_time_sec": "73"}, {"arr_dt": "1477708589", "direction": "0", "dep_dt": "1477708660", "route_id": "Red", "dwell_time_sec": "71"}, {"arr_dt": "1477708967", "direction": "0", "dep_dt": "1477709034", "route_id": "Red", "dwell_time_sec": "67"}, {"arr_dt": "1477709418", "direction": "0", "dep_dt": "1477709487", "route_id": "Red", "dwell_time_sec": "69"}, {"arr_dt": "1477709590", "direction": "0", "dep_dt": "1477709642", "route_id": "Red", "dwell_time_sec": "52"}, {"arr_dt": "1477709962", "direction": "0", "dep_dt": "1477710024", "route_id": "Red", "dwell_time_sec": "62"}, {"arr_dt": "1477710462", "direction": "0", "dep_dt": "1477710539", "route_id": "Red", "dwell_time_sec": "77"}, {"arr_dt": "1477710971", "direction": "0", "dep_dt": "1477711082", "route_id": "Red", "dwell_time_sec": "111"}, {"arr_dt": "1477711363", "direction": "0", "dep_dt": "1477711438", "route_id": "Red", "dwell_time_sec": "75"}, {"arr_dt": "1477711816", "direction": "0", "dep_dt": "1477711896", "route_id": "Red", "dwell_time_sec": "80"}, {"arr_dt": "1477712080", "direction": "0", "dep_dt": "1477712148", "route_id": "Red", "dwell_time_sec": "68"}, {"arr_dt": "1477712384", "direction": "0", "dep_dt": "1477712464", "route_id": "Red", "dwell_time_sec": "80"}, {"arr_dt": "1477712594", "direction": "0", "dep_dt": "1477712653", "route_id": "Red", "dwell_time_sec": "59"}, {"arr_dt": "1477713022", "direction": "0", "dep_dt": "1477713103", "route_id": "Red", "dwell_time_sec": "81"}, {"arr_dt": "1477713468", "direction": "0", "dep_dt": "1477713545", "route_id": "Red", "dwell_time_sec": "77"}]}