{"dwell_times": [{"arr_dt": "1468468855", "direction": "0", "dep_dt": "1468468923", "route_id": "Red", "dwell_time_sec": "68"}, {"arr_dt": "1468469265", "direction": "0", "dep_dt": "1468469349", "route_id": "Red", "dwell_time_sec": "84"}, {"arr_dt": "1468469560", "direction": "0", "dep_dt": "1468469742", "route_id": "Red", "dwell_time_sec": "182"}, {"arr_dt": "1468470002", "direction": "0", "dep_dt": "1468470077", "route_id": "Red", "dwell_time_sec": "75"}, {"arr_dt": "1468470474", "direction": "0", "dep_dt": "1468470555", "route_id": "Red", "dwell_time_sec": "81"}, {"arr_dt": "1468470878", "direction": "0", "dep_dt": "1468470942", "route_id": "Red", "dwell_time_sec": "64"}, {"arr_dt": "1468471308", "direction": "0", "dep_dt": "1468471381", "route_id": "Red", "dwell_time_sec": "73"}, {"arr_dt": "1468472664", "direction": "0", "dep_dt": "1468473267", "route_id": "Red", "dwell_time_sec": "603"}, {"arr_dt": "1468488848", "direction": "0", "dep_dt": "1468488926", "route_id": "Red", "dwell_time_sec": "78"}, {"arr_dt": "1468489375", "direction": "0", "dep_dt": "1468489452", "route_id": "Red", "dwell_time_sec": "77"}, {"arr_dt": "1468489690", "direction": "0", "dep_dt": "1468489749", "route_id": "Red", "dwell_time_sec": "59"}, {"arr_dt": "1468490068", "direction": "0", "dep_dt": "1468490125", "route_id": "Red", "dwell_time_sec": "57"}, {"arr_dt": "1468490509", "direction": "0", "dep_dt": "1468490580", "route_id": "Red", "dwell_time_sec": "71"}, {"arr_dt": "1468491027", "direction": "0", "dep_dt": "1468491089", "route_id": "Red", "dwell_time_sec": "62"}, {"arr_dt": "1468491545", "direction": "0", "dep_dt": "1468491603", "route_id": "Red", "dwell_time_sec": "58"}, {"arr_dt": "1468492091", "direction": "0", "dep_dt": "1468492152", "route_id": "Red", "dwell_time_sec": "61"}, {"arr_dt": "1468492323", "direction": "0", "dep_dt": "1468492378", "route_id": "Red", "dwell_time_sec": "55"}, {"arr_dt": "1468492619", "direction": "0", "dep_dt": "1468492680", "route_id": "Red", "dwell_time_sec": "61"}, {"arr_dt": "1468492975", "direction": "0", "dep_dt": "1468493053", "route_id": "Red", "dwell_time_sec": "78"}, {"arr_dt": "1468493258", "direction": "0", "dep_dt": "1468493317", "route_id": "Red", "dwell_time_sec": "59"}, {"arr_dt": "1468493573", "direction": "0", "dep_dt": "1468493636", "route_id": "Red", "dwell_time_sec": "63"}, {"arr_dt": "1468493894", "direction": "0", "dep_dt": "1468493961", "route_id": "Red", "dwell_time_sec": "67"}, {"arr_dt": "1468494246", "direction": "0", "dep_dt": "1468494317", "route_id": "Red", "dwell_time_sec": "71"}, {"arr_dt": "1468494600", "direction": "0", "dep_dt": "1468494673", "route_id": "Red", "dwell_time_sec": "73"}, {"arr_dt": "1468494842", "direction": "0", "dep_dt": "1468494915", "route_id": "Red", "dwell_time_sec": "73"}, {"arr_dt": "1468495031", "direction": "0", "dep_dt": "1468495093", "route_id": "Red", "dwell_time_sec": "62"}, {"arr_dt": "1468495508", "direction": "0", "dep_dt": "1468495583", "route_id": "Red", "dwell_time_sec": "75"}, {"arr_dt": "1468495972", "direction": "0", "dep_dt": "1468496092", "route_id": "Red", "dwell_time_sec": "120"}, {"arr_dt": "1468496214", "direction": "0", "dep_dt": "1468496306", "route_id": "Red", "dwell_time_sec": "92"}, {"arr_dt": "1468496466", "direction": "0", "dep_dt": "1468496557", "route_id": "Red", "dwell_time_sec": "91"}, {"arr_dt": "1468496664", "direction": "0", "dep_dt": "1468496765", "route_id": "Red", "dwell_time_sec": "101"}, {"arr_dt": "1468496843", "direction": "0", "dep_dt": "1468496933", "route_id": "Red", "dwell_time_sec": "90"}, {"arr_dt": "1468497075", "direction": "0", "dep_dt": "1468497152", "route_id": "Red", "dwell_time_sec": "77"}, {"arr_dt": "1468497343", "direction": "0", "dep_dt": "1468497449", "route_id": "Red", "dwell_time_sec": "106"}, {"arr_dt": "1468497550", "direction": "0", "dep_dt": "1468497633", "route_id": "Red", "dwell_time_sec": "83"}, {"arr_dt": "1468497801", "direction": "0", "dep_dt": "1468497921", "route_id": "Red", "dwell_time_sec": "120"}, {"arr_dt": "1468498019", "direction": "0", "dep_dt": "1468498114", "route_id": "Red", "dwell_time_sec": "95"}, {"arr_dt": "1468498271", "direction": "0", "dep_dt": "1468498350", "route_id": "Red", "dwell_time_sec": "79"}, {"arr_dt": "1468498615", "direction": "0", "dep_dt": "1468498748", "route_id": "Red", "dwell_time_sec": "133"}, {"arr_dt": "1468498864", "direction": "0", "dep_dt": "1468498964", "route_id": "Red", "dwell_time_sec": "100"}, {"arr_dt": "1468499055", "direction": "0", "dep_dt": "1468499178", "route_id": "Red", "dwell_time_sec": "123"}, {"arr_dt": "1468499270", "direction": "0", "dep_dt": "1468499365", "route_id": "Red", "dwell_time_sec": "95"}, {"arr_dt": "1468499511", "direction": "0", "dep_dt": "1468499609", "route_id": "Red", "dwell_time_sec": "98"}, {"arr_dt": "1468499702", "direction": "0", "dep_dt": "1468499833", "route_id": "Red", "dwell_time_sec": "131"}, {"arr_dt": "1468499984", "direction": "0", "dep_dt": "1468500102", "route_id": "Red", "dwell_time_sec": "118"}, {"arr_dt": "1468500228", "direction": "0", "dep_dt": "1468500339", "route_id": "Red", "dwell_time_sec": "111"}, {"arr_dt": "1468500458", "direction": "0", "dep_dt": "1468500568", "route_id": "Red", "dwell_time_sec": "110"}, {"arr_dt": "1468500662", "direction": "0", "dep_dt": "1468500740", "route_id": "Red", "dwell_time_sec": "78"}, {"arr_dt": "1468500890", "direction": "0", "dep_dt": "1468500975", "route_id": "Red", "dwell_time_sec": "85"}, {"arr_dt": "1468501066", "direction": "0", "dep_dt": "1468501142", "route_id": "Red", "dwell_time_sec": "76"}, {"arr_dt": "1468501341", "direction": "0", "dep_dt": "1468501452", "route_id": "Red", "dwell_time_sec": "111"}, {"arr_dt": "1468501655", "direction": "0", "dep_dt": "1468501756", "route_id": "Red", "dwell_time_sec": "101"}, {"arr_dt": "1468501863", "direction": "0", "dep_dt": "1468501949", "route_id": "Red", "dwell_time_sec": "86"}, {"arr_dt": "1468502058", "direction": "0", "dep_dt": "1468502170", "route_id": "Red", "dwell_time_sec": "112"}, {"arr_dt": "1468502330", "direction": "0", "dep_dt": "1468502415", "route_id": "Red", "dwell_time_sec": "85"}, {"arr_dt": "1468502551", "direction": "0", "dep_dt": "1468502631", "route_id": "Red", "dwell_time_sec": "80"}, {"arr_dt": "1468502921", "direction": "0", "dep_dt": "1468503039", "route_id": "Red", "dwell_time_sec": "118"}, {"arr_dt": "1468503138", "direction": "0", "dep_dt": "1468503236", "route_id": "Red", "dwell_time_sec": "98"}, {"arr_dt": "1468503393", "direction": "0", "dep_dt": "1468503580", "route_id": "Red", "dwell_time_sec": "187"}, {"arr_dt": "1468503944", "direction": "0", "dep_dt": "1468504040", "route_id": "Red", "dwell_time_sec": "96"}, {"arr_dt": "1468504160", "direction": "0", "dep_dt": "1468504237", "route_id": "Red", "dwell_time_sec": "77"}, {"arr_dt": "1468504385", "direction": "0", "dep_dt": "1468504475", "route_id": "Red", "dwell_time_sec": "90"}, {"arr_dt": "1468504596", "direction": "0", "dep_dt": "1468504681", "route_id": "Red", "dwell_time_sec": "85"}, {"arr_dt": "1468504795", "direction": "0", "dep_dt": "1468504871", "route_id": "Red", "dwell_time_sec": "76"}, {"arr_dt": "1468504975", "direction": "0", "dep_dt": "1468505056", "route_id": "Red", "dwell_time_sec": "81"}, {"arr_dt": "1468505164", "direction": "0", "dep_dt": "1468505243", "route_id": "Red", "dwell_time_sec": "79"}, {"arr_dt": "1468505340", "direction": "0", "dep_dt": "1468505413", "route_id": "Red", "dwell_time_sec": "73"}, {"arr_dt": "1468505562", "direction": "0", "dep_dt": "1468505651", "route_id": "Red", "dwell_time_sec": "89"}, {"arr_dt": "1468505796", "direction": "0", "dep_dt": "1468505965", "route_id": "Red", "dwell_time_sec": "169"}, {"arr_dt": "1468506091", "direction": "0", "dep_dt": "1468506160", "route_id": "Red", "dwell_time_sec": "69"}, {"arr_dt": "1468506303", "direction": "0", "dep_dt": "1468506381", "route_id": "Red", "dwell_time_sec": "78"}, {"arr_dt": "1468506500", "direction": "0", "dep_dt": "1468506566", "route_id": "Red", "dwell_time_sec": "66"}, {"arr_dt": "1468506671", "direction": "0", "dep_dt": "1468506733", "route_id": "Red", "dwell_time_sec": "62"}, {"arr_dt": "1468506957", "direction": "0", "dep_dt": "1468507034", "route_id": "Red", "dwell_time_sec": "77"}, {"arr_dt": "1468507314", "direction": "0", "dep_dt": "1468507382", "route_id": "Red", "dwell_time_sec": "68"}, {"arr_dt": "1468507746", "direction": "0", "dep_dt": "1468507834", "route_id": "Red", "dwell_time_sec": "88"}, {"arr_dt": "1468508097", "direction": "0", "dep_dt": "1468508175", "route_id": "Red", "dwell_time_sec": "78"}, {"arr_dt": "1468508338", "direction": "0", "dep_dt": "1468508468", "route_id": "Red", "dwell_time_sec": "130"}, {"arr_dt": "1468508845", "direction": "0", "dep_dt": "1468508916", "route_id": "Red", "dwell_time_sec": "71"}, {"arr_dt": "1468509153", "direction": "0", "dep_dt": "1468509408", "route_id": "Red", "dwell_time_sec": "255"}, {"arr_dt": "1468509515", "direction": "0", "dep_dt": "1468509590", "route_id": "Red", "dwell_time_sec": "75"}, {"arr_dt": "1468509993", "direction": "0", "dep_dt": "1468510064", "route_id": "Red", "dwell_time_sec": "71"}, {"arr_dt": "1468510344", "direction": "0", "dep_dt": "1468510416", "route_id": "Red", "dwell_time_sec": "72"}, {"arr_dt": "1468510527", "direction": "0", "dep_dt": "1468510604", "route_id": "Red", "dwell_time_sec": "77"}, {"arr_dt": "1468510933", "direction": "0", "dep_dt": "1468511010", "route_id": "Red", "dwell_time_sec": "77"}, {"arr_dt": "1468511515", "direction": "0", "dep_dt": "1468511614", "route_id": "Red", "dwell_time_sec": "99"}, {"arr_dt": "1468511712", "direction": "0", "dep_dt": "1468511790", "route_id": "Red", "dwell_time_sec": "78"}, {"arr_dt": "1468511946", "direction": "0", "dep_dt": "1468512012", "route_id": "Red", "dwell_time_sec": "66"}, {"arr_dt": "1468512379", "direction": "0", "dep_dt": "1468512459", "route_id": "Red", "dwell_time_sec": "80"}, {"arr_dt": "1468512721", "direction": "0", "dep_dt": "1468512802", "route_id": "Red", "dwell_time_sec": "81"}, {"arr_dt": "1468513329", "direction": "0", "dep_dt": "1468513417", "route_id": "Red", "dwell_time_sec": "88"}, {"arr_dt": "1468513845", "direction": "0", "dep_dt": "1468513920", "route_id": "Red", "dwell_time_sec": "75"}, {"arr_dt": "1468514362", "direction": "0", "dep_dt": "1468514425", "route_id": "Red", "dwell_time_sec": "63"}, {"arr_dt": "1468514951", "direction": "0", "dep_dt": "1468515044", "route_id": "Red", "dwell_time_sec": "93"}, {"arr_dt": "1468515798", "direction": "0", "dep_dt": "1468515893", "route_id": "Red", "dwell_time_sec": "95"}, {"arr_dt": "1468516082", "direction": "0", "dep_dt": "1468516172", "route_id": "Red", "dwell_time_sec": "90"}, {"arr_dt": "1468516603", "direction": "0", "dep_dt": "1468516705", "route_id": "Red", "dwell_time_sec": "102"}, {"arr_dt": "1468517061", "direction": "0", "dep_dt": "1468517147", "route_id": "Red", "dwell_time_sec": "86"}, {"arr_dt": "1468517559", "direction": "0", "dep_dt": "1468517645", "route_id": "Red", "dwell_time_sec": "86"}, {"arr_dt": "1468517881", "direction": "0", "dep_dt": "1468517966", "route_id": "Red", "dwell_time_sec": "85"}, {"arr_dt": "1468518056", "direction": "0", "dep_dt": "1468518130", "route_id": "Red", "dwell_time_sec": "74"}, {"arr_dt": "1468518505", "direction": "0", "dep_dt": "1468518585", "route_id": "Red", "dwell_time_sec": "80"}, {"arr_dt": "1468518805", "direction": "0", "dep_dt": "1468518878", "route_id": "Red", "dwell_time_sec": "73"}, {"arr_dt": "1468519333", "direction": "0", "dep_dt": "1468519404", "route_id": "Red", "dwell_time_sec": "71"}, {"arr_dt": "1468519637", "direction": "0", "dep_dt": "1468519721", "route_id": "Red", "dwell_time_sec": "84"}, {"arr_dt": "1468520158", "direction": "0", "dep_dt": "1468520247", "route_id": "Red", "dwell_time_sec": "89"}, {"arr_dt": "1468520385", "direction": "0", "dep_dt": "1468520568", "route_id": "Red", "dwell_time_sec": "183"}, {"arr_dt": "1468520845", "direction": "0", "dep_dt": "1468520924", "route_id": "Red", "dwell_time_sec": "79"}, {"arr_dt": "1468521111", "direction": "0", "dep_dt": "1468521175", "route_id": "Red", "dwell_time_sec": "64"}, {"arr_dt": "1468521745", "direction": "0", "dep_dt": "1468521863", "route_id": "Red", "dwell_time_sec": "118"}, {"arr_dt": "1468522094", "direction": "0", "dep_dt": "1468522186", "route_id": "Red", "dwell_time_sec": "92"}, {"arr_dt": "1468522621", "direction": "0", "dep_dt": "1468522706", "route_id": "Red", "dwell_time_sec": "85"}, {"arr_dt": "1468522884", "direction": "0", "dep_dt": "1468522963", "route_id": "Red", "dwell_time_sec": "79"}, {"arr_dt": "1468523773", "direction": "0", "dep_dt": "1468523854", "route_id": "Red", "dwell_time_sec": "81"}, {"arr_dt": "1468524513", "direction": "0", "dep_dt": "1468524634", "route_id": "Red", "dwell_time_sec": "121"}, {"arr_dt": "1468524733", "direction": "0", "dep_dt": "1468524855", "route_id": "Red", "dwell_time_sec": "122"}, {"arr_dt": "1468524990", "direction": "0", "dep_dt": "1468525119", "route_id": "Red", "dwell_time_sec": "129"}, {"arr_dt": "1468525418", "direction": "0", "dep_dt": "1468525518", "route_id": "Red", "dwell_time_sec": "100"}, {"arr_dt": "1468525832", "direction": "0", "dep_dt": "1468526017", "route_id": "Red", "dwell_time_sec": "185"}, {"arr_dt": "1468526320", "direction": "0", "dep_dt": "1468526397", "route_id": "Red", "dwell_time_sec": "77"}, {"arr_dt": "1468526603", "direction": "0", "dep_dt": "1468526680", "route_id": "Red", "dwell_time_sec": "77"}, {"arr_dt": "1468526947", "direction": "0", "dep_dt": "1468527052", "route_id": "Red", "dwell_time_sec": "105"}, {"arr_dt": "1468527174", "direction": "0", "dep_dt": "1468527257", "route_id": "Red", "dwell_time_sec": "83"}, {"arr_dt": "1468527509", "direction": "0", "dep_dt": "1468527610", "route_id": "Red", "dwell_time_sec": "101"}, {"arr_dt": "1468527885", "direction": "0", "dep_dt": "1468527972", "route_id": "Red", "dwell_time_sec": "87"}, {"arr_dt": "1468528099", "direction": "0", "dep_dt": "1468528197", "route_id": "Red", "dwell_time_sec": "98"}, {"arr_dt": "1468528302", "direction": "0", "dep_dt": "1468528403", "route_id": "Red", "dwell_time_sec": "101"}, {"arr_dt": "1468528546", "direction": "0", "dep_dt": "1468528638", "route_id": "Red", "dwell_time_sec": "92"}, {"arr_dt": "1468528755", "direction": "0", "dep_dt": "1468528880", "route_id": "Red", "dwell_time_sec": "125"}, {"arr_dt": "1468528979", "direction": "0", "dep_dt": "1468529128", "route_id": "Red", "dwell_time_sec": "149"}, {"arr_dt": "1468529280", "direction": "0", "dep_dt": "1468529390", "route_id": "Red", "dwell_time_sec": "110"}, {"arr_dt": "1468529476", "direction": "0", "dep_dt": "1468529566", "route_id": "Red", "dwell_time_sec": "90"}, {"arr_dt": "1468529842", "direction": "0", "dep_dt": "1468530083", "route_id": "Red", "dwell_time_sec": "241"}, {"arr_dt": "1468530584", "direction": "0", "dep_dt": "1468530750", "route_id": "Red", "dwell_time_sec": "166"}, {"arr_dt": "1468530840", "direction": "0", "dep_dt": "1468531006", "route_id": "Red", "dwell_time_sec": "166"}, {"arr_dt": "1468531199", "direction": "0", "dep_dt": "1468531351", "route_id": "Red", "dwell_time_sec": "152"}, {"arr_dt": "1468531553", "direction": "0", "dep_dt": "1468531685", "route_id": "Red", "dwell_time_sec": "132"}, {"arr_dt": "1468531860", "direction": "0", "dep_dt": "1468532010", "route_id": "Red", "dwell_time_sec": "150"}, {"arr_dt": "1468532091", "direction": "0", "dep_dt": "1468532198", "route_id": "Red", "dwell_time_sec": "107"}, {"arr_dt": "1468532316", "direction": "0", "dep_dt": "1468532421", "route_id": "Red", "dwell_time_sec": "105"}, {"arr_dt": "1468532517", "direction": "0", "dep_dt": "1468532626", "route_id": "Red", "dwell_time_sec": "109"}, {"arr_dt": "1468532737", "direction": "0", "dep_dt": "1468532873", "route_id": "Red", "dwell_time_sec": "136"}, {"arr_dt": "1468532975", "direction": "0", "dep_dt": "1468533068", "route_id": "Red", "dwell_time_sec": "93"}, {"arr_dt": "1468533204", "direction": "0", "dep_dt": "1468533303", "route_id": "Red", "dwell_time_sec": "99"}, {"arr_dt": "1468533450", "direction": "0", "dep_dt": "1468533539", "route_id": "Red", "dwell_time_sec": "89"}, {"arr_dt": "1468533642", "direction": "0", "dep_dt": "1468533752", "route_id": "Red", "dwell_time_sec": "110"}, {"arr_dt": "1468533849", "direction": "0", "dep_dt": "1468533946", "route_id": "Red", "dwell_time_sec": "97"}, {"arr_dt": "1468534049", "direction": "0", "dep_dt": "1468534146", "route_id": "Red", "dwell_time_sec": "97"}, {"arr_dt": "1468534233", "direction": "0", "dep_dt": "1468534343", "route_id": "Red", "dwell_time_sec": "110"}, {"arr_dt": "1468534432", "direction": "0", "dep_dt": "1468534522", "route_id": "Red", "dwell_time_sec": "90"}, {"arr_dt": "1468534642", "direction": "0", "dep_dt": "1468534731", "route_id": "Red", "dwell_time_sec": "89"}, {"arr_dt": "1468534824", "direction": "0", "dep_dt": "1468534904", "route_id": "Red", "dwell_time_sec": "80"}, {"arr_dt": "1468535004", "direction": "0", "dep_dt": "1468535105", "route_id": "Red", "dwell_time_sec": "101"}, {"arr_dt": "1468535193", "direction": "0", "dep_dt": "1468535312", "route_id": "Red", "dwell_time_sec": "119"}, {"arr_dt": "1468535402", "direction": "0", "dep_dt": "1468535497", "route_id": "Red", "dwell_time_sec": "95"}, {"arr_dt": "1468535903", "direction": "0", "dep_dt": "1468535985", "route_id": "Red", "dwell_time_sec": "82"}, {"arr_dt": "1468536093", "direction": "0", "dep_dt": "1468536187", "route_id": "Red", "dwell_time_sec": "94"}, {"arr_dt": "1468536318", "direction": "0", "dep_dt": "1468536404", "route_id": "Red", "dwell_time_sec": "86"}, {"arr_dt": "1468536713", "direction": "0", "dep_dt": "1468536816", "route_id": "Red", "dwell_time_sec": "103"}, {"arr_dt": "1468536941", "direction": "0", "dep_dt": "1468537022", "route_id": "Red", "dwell_time_sec": "81"}, {"arr_dt": "1468537240", "direction": "0", "dep_dt": "1468537320", "route_id": "Red", "dwell_time_sec": "80"}, {"arr_dt": "1468537501", "direction": "0", "dep_dt": "1468537597", "route_id": "Red", "dwell_time_sec": "96"}, {"arr_dt": "1468537729", "direction": "0", "dep_dt": "1468537816", "route_id": "Red", "dwell_time_sec": "87"}, {"arr_dt": "1468537998", "direction": "0", "dep_dt": "1468538073", "route_id": "Red", "dwell_time_sec": "75"}, {"arr_dt": "1468538664", "direction": "0", "dep_dt": "1468538750", "route_id": "Red", "dwell_time_sec": "86"}, {"arr_dt": "1468538917", "direction": "0", "dep_dt": "1468538997", "route_id": "Red", "dwell_time_sec": "80"}, {"arr_dt": "1468539125", "direction": "0", "dep_dt": "1468539211", "route_id": "Red", "dwell_time_sec": "86"}, {"arr_dt": "1468539314", "direction": "0", "dep_dt": "1468539389", "route_id": "Red", "dwell_time_sec": "75"}, {"arr_dt": "1468539495", "direction": "0", "dep_dt": "1468539566", "route_id": "Red", "dwell_time_sec": "71"}, {"arr_dt": "1468539709", "direction": "0", "dep_dt": "1468539776", "route_id": "Red", "dwell_time_sec": "67"}, {"arr_dt": "1468539905", "direction": "0", "dep_dt": "1468539975", "route_id": "Red", "dwell_time_sec": "70"}, {"arr_dt": "1468540087", "direction": "0", "dep_dt": "1468540160", "route_id": "Red", "dwell_time_sec": "73"}, {"arr_dt": "1468540363", "direction": "0", "dep_dt": "1468540447", "route_id": "Red", "dwell_time_sec": "84"}, {"arr_dt": "1468541176", "direction": "0", "dep_dt": "1468541265", "route_id": "Red", "dwell_time_sec": "89"}, {"arr_dt": "1468541456", "direction": "0", "dep_dt": "1468541551", "route_id": "Red", "dwell_time_sec": "95"}, {"arr_dt": "1468541642", "direction": "0", "dep_dt": "1468541742", "route_id": "Red", "dwell_time_sec": "100"}, {"arr_dt": "1468541824", "direction": "0", "dep_dt": "1468541986", "route_id": "Red", "dwell_time_sec": "162"}, {"arr_dt": "1468541982", "direction": "0", "dep_dt": "1468542076", "route_id": "Red", "dwell_time_sec": "94"}, {"arr_dt": "1468542483", "direction": "0", "dep_dt": "1468542556", "route_id": "Red", "dwell_time_sec": "73"}, {"arr_dt": "1468542657", "direction": "0", "dep_dt": "1468542732", "route_id": "Red", "dwell_time_sec": "75"}, {"arr_dt": "1468542922", "direction": "0", "dep_dt": "1468542986", "route_id": "Red", "dwell_time_sec": "64"}, {"arr_dt": "1468543093", "direction": "0", "dep_dt": "1468543171", "route_id": "Red", "dwell_time_sec": "78"}, {"arr_dt": "1468543269", "direction": "0", "dep_dt": "1468543331", "route_id": "Red", "dwell_time_sec": "62"}, {"arr_dt": "1468543949", "direction": "0", "dep_dt": "1468544039", "route_id": "Red", "dwell_time_sec": "90"}, {"arr_dt": "1468544254", "direction": "0", "dep_dt": "1468544344", "route_id": "Red", "dwell_time_sec": "90"}, {"arr_dt": "1468544986", "direction": "0", "dep_dt": "1468545073", "route_id": "Red", "dwell_time_sec": "87"}, {"arr_dt": "1468545165", "direction": "0", "dep_dt": "1468545244", "route_id": "Red", "dwell_time_sec": "79"}, {"arr_dt": "1468545455", "direction": "0", "dep_dt": "1468545532", "route_id": "Red", "dwell_time_sec": "77"}, {"arr_dt": "1468545898", "direction": "0", "dep_dt": "1468545980", "route_id": "Red", "dwell_time_sec": "82"}, {"arr_dt": "1468546124", "direction": "0", "dep_dt": "1468546187", "route_id": "Red", "dwell_time_sec": "63"}, {"arr_dt": "1468546558", "direction": "0", "dep_dt": "1468546639", "route_id": "Red", "dwell_time_sec": "81"}, {"arr_dt": "1468547034", "direction": "0", "dep_dt": "1468547104", "route_id": "Red", "dwell_time_sec": "70"}, {"arr_dt": "1468547379", "direction": "0", "dep_dt": "1468547456", "route_id": "Red", "dwell_time_sec": "77"}, {"arr_dt": "1468547555", "direction": "0", "dep_dt": "1468547638", "route_id": "Red", "dwell_time_sec": "83"}, {"arr_dt": "1468547856", "direction": "0", "dep_dt": "1468547937", "route_id": "Red", "dwell_time_sec": "81"}, {"arr_dt": "1468548195", "direction": "0", "dep_dt": "1468548260", "route_id": "Red", "dwell_time_sec": "65"}, {"arr_dt": "1468548570", "direction": "0", "dep_dt": "1468548630", "route_id": "Red", "dwell_time_sec": "60"}, {"arr_dt": "1468548761", "direction": "0", "dep_dt": "1468548829", "route_id": "Red", "dwell_time_sec": "68"}, {"arr_dt": "1468549461", "direction": "0", "dep_dt": "1468549536", "route_id": "Red", "dwell_time_sec": "75"}, {"arr_dt": "1468549637", "direction": "0", "dep_dt": "1468549718", "route_id": "Red", "dwell_time_sec": "81"}, {"arr_dt": "1468550120", "direction": "0", "dep_dt": "1468550200", "route_id": "Red", "dwell_time_sec": "80"}, {"arr_dt": "1468550565", "direction": "0", "dep_dt": "1468550635", "route_id": "Red", "dwell_time_sec": "70"}, {"arr_dt": "1468550839", "direction": "0", "dep_dt": "1468550906", "route_id": "Red", "dwell_time_sec": "67"}, {"arr_dt": "1468551348", "direction": "0", "dep_dt": "1468551422", "route_id": "Red", "dwell_time_sec": "74"}, {"arr_dt": "1468551611", "direction": "0", "dep_dt": "1468551678", "route_id": "Red", "dwell_time_sec": "67"}, {"arr_dt": "1468551784", "direction": "0", "dep_dt": "1468551843", "route_id": "Red", "dwell_time_sec": "59"}, {"arr_dt": "1468552623", "direction": "0", "dep_dt": "1468552756", "route_id": "Red", "dwell_time_sec": "133"}, {"arr_dt": "1468552831", "direction": "0", "dep_dt": "1468552934", "route_id": "Red", "dwell_time_sec": "103"}, {"arr_dt": "1468553065", "direction": "0", "dep_dt": "1468553156", "route_id": "Red", "dwell_time_sec": "91"}, {"arr_dt": "1468553409", "direction": "0", "dep_dt": "1468553469", "route_id": "Red", "dwell_time_sec": "60"}, {"arr_dt": "1468553781", "direction": "0", "dep_dt": "1468553850", "route_id": "Red", "dwell_time_sec": "69"}, {"arr_dt": "1468554166", "direction": "0", "dep_dt": "1468554231", "route_id": "Red", "dwell_time_sec": "65"}, {"arr_dt": "1468554339", "direction": "0", "dep_dt": "1468554402", "route_id": "Red", "dwell_time_sec": "63"}, {"arr_dt": "1468554785", "direction": "0", "dep_dt": "1468554848", "route_id": "Red", "dwell_time_sec": "63"}]}