{"dwell_times": [{"arr_dt": "1468036898", "direction": "0", "dep_dt": "1468036975", "route_id": "Red", "dwell_time_sec": "77"}, {"arr_dt": "1468037083", "direction": "0", "dep_dt": "1468037144", "route_id": "Red", "dwell_time_sec": "61"}, {"arr_dt": "1468037847", "direction": "0", "dep_dt": "1468037919", "route_id": "Red", "dwell_time_sec": "72"}, {"arr_dt": "1468038049", "direction": "0", "dep_dt": "1468038109", "route_id": "Red", "dwell_time_sec": "60"}, {"arr_dt": "1468038711", "direction": "0", "dep_dt": "1468039372", "route_id": "Red", "dwell_time_sec": "661"}, {"arr_dt": "1468039659", "direction": "0", "dep_dt": "1468041868", "route_id": "Red", "dwell_time_sec": "2209"}, {"arr_dt": "1468057633", "direction": "0", "dep_dt": "1468057776", "route_id": "Red", "dwell_time_sec": "143"}, {"arr_dt": "1468057991", "direction": "0", "dep_dt": "1468058091", "route_id": "Red", "dwell_time_sec": "100"}, {"arr_dt": "1468058318", "direction": "0", "dep_dt": "1468058438", "route_id": "Red", "dwell_time_sec": "120"}, {"arr_dt": "1468059901", "direction": "0", "dep_dt": "1468060011", "route_id": "Red", "dwell_time_sec": "110"}, {"arr_dt": "1468060274", "direction": "0", "dep_dt": "1468060353", "route_id": "Red", "dwell_time_sec": "79"}, {"arr_dt": "1468060761", "direction": "0", "dep_dt": "1468060908", "route_id": "Red", "dwell_time_sec": "147"}, {"arr_dt": "1468061228", "direction": "0", "dep_dt": "1468061337", "route_id": "Red", "dwell_time_sec": "109"}, {"arr_dt": "1468061596", "direction": "0", "dep_dt": "1468061722", "route_id": "Red", "dwell_time_sec": "126"}, {"arr_dt": "1468061986", "direction": "0", "dep_dt": "1468062071", "route_id": "Red", "dwell_time_sec": "85"}, {"arr_dt": "1468062379", "direction": "0", "dep_dt": "1468062483", "route_id": "Red", "dwell_time_sec": "104"}, {"arr_dt": "1468062685", "direction": "0", "dep_dt": "1468062771", "route_id": "Red", "dwell_time_sec": "86"}, {"arr_dt": "1468063310", "direction": "0", "dep_dt": "1468063411", "route_id": "Red", "dwell_time_sec": "101"}, {"arr_dt": "1468063672", "direction": "0", "dep_dt": "1468063800", "route_id": "Red", "dwell_time_sec": "128"}, {"arr_dt": "1468064287", "direction": "0", "dep_dt": "1468064382", "route_id": "Red", "dwell_time_sec": "95"}, {"arr_dt": "1468065141", "direction": "0", "dep_dt": "1468065215", "route_id": "Red", "dwell_time_sec": "74"}, {"arr_dt": "1468065455", "direction": "0", "dep_dt": "1468065529", "route_id": "Red", "dwell_time_sec": "74"}, {"arr_dt": "1468065898", "direction": "0", "dep_dt": "1468066013", "route_id": "Red", "dwell_time_sec": "115"}, {"arr_dt": "1468066201", "direction": "0", "dep_dt": "1468066352", "route_id": "Red", "dwell_time_sec": "151"}, {"arr_dt": "1468067058", "direction": "0", "dep_dt": "1468067141", "route_id": "Red", "dwell_time_sec": "83"}, {"arr_dt": "1468067446", "direction": "0", "dep_dt": "1468067522", "route_id": "Red", "dwell_time_sec": "76"}, {"arr_dt": "1468067843", "direction": "0", "dep_dt": "1468067906", "route_id": "Red", "dwell_time_sec": "63"}, {"arr_dt": "1468068181", "direction": "0", "dep_dt": "1468068325", "route_id": "Red", "dwell_time_sec": "144"}, {"arr_dt": "1468068825", "direction": "0", "dep_dt": "1468068940", "route_id": "Red", "dwell_time_sec": "115"}, {"arr_dt": "1468069148", "direction": "0", "dep_dt": "1468069219", "route_id": "Red", "dwell_time_sec": "71"}, {"arr_dt": "1468069502", "direction": "0", "dep_dt": "1468069578", "route_id": "Red", "dwell_time_sec": "76"}, {"arr_dt": "1468069804", "direction": "0", "dep_dt": "1468069940", "route_id": "Red", "dwell_time_sec": "136"}, {"arr_dt": "1468070438", "direction": "0", "dep_dt": "1468070554", "route_id": "Red", "dwell_time_sec": "116"}, {"arr_dt": "1468070876", "direction": "0", "dep_dt": "1468070987", "route_id": "Red", "dwell_time_sec": "111"}, {"arr_dt": "1468071502", "direction": "0", "dep_dt": "1468071677", "route_id": "Red", "dwell_time_sec": "175"}, {"arr_dt": "1468071807", "direction": "0", "dep_dt": "1468071919", "route_id": "Red", "dwell_time_sec": "112"}, {"arr_dt": "1468072348", "direction": "0", "dep_dt": "1468072427", "route_id": "Red", "dwell_time_sec": "79"}, {"arr_dt": "1468072659", "direction": "0", "dep_dt": "1468072790", "route_id": "Red", "dwell_time_sec": "131"}, {"arr_dt": "1468073246", "direction": "0", "dep_dt": "1468073350", "route_id": "Red", "dwell_time_sec": "104"}, {"arr_dt": "1468073574", "direction": "0", "dep_dt": "1468073710", "route_id": "Red", "dwell_time_sec": "136"}, {"arr_dt": "1468074189", "direction": "0", "dep_dt": "1468074332", "route_id": "Red", "dwell_time_sec": "143"}, {"arr_dt": "1468074553", "direction": "0", "dep_dt": "1468074635", "route_id": "Red", "dwell_time_sec": "82"}, {"arr_dt": "1468075507", "direction": "0", "dep_dt": "1468075620", "route_id": "Red", "dwell_time_sec": "113"}, {"arr_dt": "1468075931", "direction": "0", "dep_dt": "1468076130", "route_id": "Red", "dwell_time_sec": "199"}, {"arr_dt": "1468076296", "direction": "0", "dep_dt": "1468076414", "route_id": "Red", "dwell_time_sec": "118"}, {"arr_dt": "1468076675", "direction": "0", "dep_dt": "1468076770", "route_id": "Red", "dwell_time_sec": "95"}, {"arr_dt": "1468077080", "direction": "0", "dep_dt": "1468077187", "route_id": "Red", "dwell_time_sec": "107"}, {"arr_dt": "1468077413", "direction": "0", "dep_dt": "1468077560", "route_id": "Red", "dwell_time_sec": "147"}, {"arr_dt": "1468077751", "direction": "0", "dep_dt": "1468077850", "route_id": "Red", "dwell_time_sec": "99"}, {"arr_dt": "1468078506", "direction": "0", "dep_dt": "1468078582", "route_id": "Red", "dwell_time_sec": "76"}, {"arr_dt": "1468078916", "direction": "0", "dep_dt": "1468079076", "route_id": "Red", "dwell_time_sec": "160"}, {"arr_dt": "1468079370", "direction": "0", "dep_dt": "1468079538", "route_id": "Red", "dwell_time_sec": "168"}, {"arr_dt": "1468079865", "direction": "0", "dep_dt": "1468079993", "route_id": "Red", "dwell_time_sec": "128"}, {"arr_dt": "1468080255", "direction": "0", "dep_dt": "1468080445", "route_id": "Red", "dwell_time_sec": "190"}, {"arr_dt": "1468080625", "direction": "0", "dep_dt": "1468080747", "route_id": "Red", "dwell_time_sec": "122"}, {"arr_dt": "1468080961", "direction": "0", "dep_dt": "1468081100", "route_id": "Red", "dwell_time_sec": "139"}, {"arr_dt": "1468081708", "direction": "0", "dep_dt": "1468081842", "route_id": "Red", "dwell_time_sec": "134"}, {"arr_dt": "1468082536", "direction": "0", "dep_dt": "1468082629", "route_id": "Red", "dwell_time_sec": "93"}, {"arr_dt": "1468082792", "direction": "0", "dep_dt": "1468082955", "route_id": "Red", "dwell_time_sec": "163"}, {"arr_dt": "1468083169", "direction": "0", "dep_dt": "1468083311", "route_id": "Red", "dwell_time_sec": "142"}, {"arr_dt": "1468083909", "direction": "0", "dep_dt": "1468084066", "route_id": "Red", "dwell_time_sec": "157"}, {"arr_dt": "1468084581", "direction": "0", "dep_dt": "1468084714", "route_id": "Red", "dwell_time_sec": "133"}, {"arr_dt": "1468084948", "direction": "0", "dep_dt": "1468085157", "route_id": "Red", "dwell_time_sec": "209"}, {"arr_dt": "1468085357", "direction": "0", "dep_dt": "1468085677", "route_id": "Red", "dwell_time_sec": "320"}, {"arr_dt": "1468086400", "direction": "0", "dep_dt": "1468086505", "route_id": "Red", "dwell_time_sec": "105"}, {"arr_dt": "1468086767", "direction": "0", "dep_dt": "1468086950", "route_id": "Red", "dwell_time_sec": "183"}, {"arr_dt": "1468087152", "direction": "0", "dep_dt": "1468087301", "route_id": "Red", "dwell_time_sec": "149"}, {"arr_dt": "1468087519", "direction": "0", "dep_dt": "1468087692", "route_id": "Red", "dwell_time_sec": "173"}, {"arr_dt": "1468087966", "direction": "0", "dep_dt": "1468088113", "route_id": "Red", "dwell_time_sec": "147"}, {"arr_dt": "1468088399", "direction": "0", "dep_dt": "1468088513", "route_id": "Red", "dwell_time_sec": "114"}, {"arr_dt": "1468088919", "direction": "0", "dep_dt": "1468089088", "route_id": "Red", "dwell_time_sec": "169"}, {"arr_dt": "1468089318", "direction": "0", "dep_dt": "1468089519", "route_id": "Red", "dwell_time_sec": "201"}, {"arr_dt": "1468089857", "direction": "0", "dep_dt": "1468089995", "route_id": "Red", "dwell_time_sec": "138"}, {"arr_dt": "1468090527", "direction": "0", "dep_dt": "1468090594", "route_id": "Red", "dwell_time_sec": "67"}, {"arr_dt": "1468091175", "direction": "0", "dep_dt": "1468091432", "route_id": "Red", "dwell_time_sec": "257"}, {"arr_dt": "1468091591", "direction": "0", "dep_dt": "1468091792", "route_id": "Red", "dwell_time_sec": "201"}, {"arr_dt": "1468091930", "direction": "0", "dep_dt": "1468092073", "route_id": "Red", "dwell_time_sec": "143"}, {"arr_dt": "1468092372", "direction": "0", "dep_dt": "1468092521", "route_id": "Red", "dwell_time_sec": "149"}, {"arr_dt": "1468092758", "direction": "0", "dep_dt": "1468092887", "route_id": "Red", "dwell_time_sec": "129"}, {"arr_dt": "1468093164", "direction": "0", "dep_dt": "1468093317", "route_id": "Red", "dwell_time_sec": "153"}, {"arr_dt": "1468093583", "direction": "0", "dep_dt": "1468093721", "route_id": "Red", "dwell_time_sec": "138"}, {"arr_dt": "1468093981", "direction": "0", "dep_dt": "1468094057", "route_id": "Red", "dwell_time_sec": "76"}, {"arr_dt": "1468094304", "direction": "0", "dep_dt": "1468094454", "route_id": "Red", "dwell_time_sec": "150"}, {"arr_dt": "1468094853", "direction": "0", "dep_dt": "1468094991", "route_id": "Red", "dwell_time_sec": "138"}, {"arr_dt": "1468095446", "direction": "0", "dep_dt": "1468095578", "route_id": "Red", "dwell_time_sec": "132"}, {"arr_dt": "1468095819", "direction": "0", "dep_dt": "1468095964", "route_id": "Red", "dwell_time_sec": "145"}, {"arr_dt": "1468096153", "direction": "0", "dep_dt": "1468096305", "route_id": "Red", "dwell_time_sec": "152"}, {"arr_dt": "1468096503", "direction": "0", "dep_dt": "1468096681", "route_id": "Red", "dwell_time_sec": "178"}, {"arr_dt": "1468097236", "direction": "0", "dep_dt": "1468097478", "route_id": "Red", "dwell_time_sec": "242"}, {"arr_dt": "1468097793", "direction": "0", "dep_dt": "1468098004", "route_id": "Red", "dwell_time_sec": "211"}, {"arr_dt": "1468098212", "direction": "0", "dep_dt": "1468098361", "route_id": "Red", "dwell_time_sec": "149"}, {"arr_dt": "1468098580", "direction": "0", "dep_dt": "1468098818", "route_id": "Red", "dwell_time_sec": "238"}, {"arr_dt": "1468099025", "direction": "0", "dep_dt": "1468099192", "route_id": "Red", "dwell_time_sec": "167"}, {"arr_dt": "1468099456", "direction": "0", "dep_dt": "1468099607", "route_id": "Red", "dwell_time_sec": "151"}, {"arr_dt": "1468099962", "direction": "0", "dep_dt": "1468100074", "route_id": "Red", "dwell_time_sec": "112"}, {"arr_dt": "1468100311", "direction": "0", "dep_dt": "1468100476", "route_id": "Red", "dwell_time_sec": "165"}, {"arr_dt": "1468100902", "direction": "0", "dep_dt": "1468101031", "route_id": "Red", "dwell_time_sec": "129"}, {"arr_dt": "1468101273", "direction": "0", "dep_dt": "1468101397", "route_id": "Red", "dwell_time_sec": "124"}, {"arr_dt": "1468101686", "direction": "0", "dep_dt": "1468101927", "route_id": "Red", "dwell_time_sec": "241"}, {"arr_dt": "1468103165", "direction": "0", "dep_dt": "1468103251", "route_id": "Red", "dwell_time_sec": "86"}, {"arr_dt": "1468103475", "direction": "0", "dep_dt": "1468103649", "route_id": "Red", "dwell_time_sec": "174"}, {"arr_dt": "1468103921", "direction": "0", "dep_dt": "1468104167", "route_id": "Red", "dwell_time_sec": "246"}, {"arr_dt": "1468105310", "direction": "0", "dep_dt": "1468105383", "route_id": "Red", "dwell_time_sec": "73"}, {"arr_dt": "1468106563", "direction": "0", "dep_dt": "1468106671", "route_id": "Red", "dwell_time_sec": "108"}, {"arr_dt": "1468107470", "direction": "0", "dep_dt": "1468107649", "route_id": "Red", "dwell_time_sec": "179"}, {"arr_dt": "1468108605", "direction": "0", "dep_dt": "1468108737", "route_id": "Red", "dwell_time_sec": "132"}, {"arr_dt": "1468108980", "direction": "0", "dep_dt": "1468109087", "route_id": "Red", "dwell_time_sec": "107"}, {"arr_dt": "1468109337", "direction": "0", "dep_dt": "1468109496", "route_id": "Red", "dwell_time_sec": "159"}, {"arr_dt": "1468109799", "direction": "0", "dep_dt": "1468109965", "route_id": "Red", "dwell_time_sec": "166"}, {"arr_dt": "1468110363", "direction": "0", "dep_dt": "1468110569", "route_id": "Red", "dwell_time_sec": "206"}, {"arr_dt": "1468110789", "direction": "0", "dep_dt": "1468110929", "route_id": "Red", "dwell_time_sec": "140"}, {"arr_dt": "1468111137", "direction": "0", "dep_dt": "1468111248", "route_id": "Red", "dwell_time_sec": "111"}, {"arr_dt": "1468111598", "direction": "0", "dep_dt": "1468111690", "route_id": "Red", "dwell_time_sec": "92"}, {"arr_dt": "1468111931", "direction": "0", "dep_dt": "1468112043", "route_id": "Red", "dwell_time_sec": "112"}, {"arr_dt": "1468112298", "direction": "0", "dep_dt": "1468112494", "route_id": "Red", "dwell_time_sec": "196"}, {"arr_dt": "1468112661", "direction": "0", "dep_dt": "1468112863", "route_id": "Red", "dwell_time_sec": "202"}, {"arr_dt": "1468113002", "direction": "0", "dep_dt": "1468113289", "route_id": "Red", "dwell_time_sec": "287"}, {"arr_dt": "1468113557", "direction": "0", "dep_dt": "1468113738", "route_id": "Red", "dwell_time_sec": "181"}, {"arr_dt": "1468114456", "direction": "0", "dep_dt": "1468114597", "route_id": "Red", "dwell_time_sec": "141"}, {"arr_dt": "1468114838", "direction": "0", "dep_dt": "1468114992", "route_id": "Red", "dwell_time_sec": "154"}, {"arr_dt": "1468115232", "direction": "0", "dep_dt": "1468115373", "route_id": "Red", "dwell_time_sec": "141"}, {"arr_dt": "1468115648", "direction": "0", "dep_dt": "1468115790", "route_id": "Red", "dwell_time_sec": "142"}, {"arr_dt": "1468116107", "direction": "0", "dep_dt": "1468116293", "route_id": "Red", "dwell_time_sec": "186"}, {"arr_dt": "1468116523", "direction": "0", "dep_dt": "1468116730", "route_id": "Red", "dwell_time_sec": "207"}, {"arr_dt": "1468116988", "direction": "0", "dep_dt": "1468117118", "route_id": "Red", "dwell_time_sec": "130"}, {"arr_dt": "1468117447", "direction": "0", "dep_dt": "1468117593", "route_id": "Red", "dwell_time_sec": "146"}, {"arr_dt": "1468117864", "direction": "0", "dep_dt": "1468117984", "route_id": "Red", "dwell_time_sec": "120"}, {"arr_dt": "1468118222", "direction": "0", "dep_dt": "1468118369", "route_id": "Red", "dwell_time_sec": "147"}, {"arr_dt": "1468118756", "direction": "0", "dep_dt": "1468118911", "route_id": "Red", "dwell_time_sec": "155"}, {"arr_dt": "1468120165", "direction": "0", "dep_dt": "1468120335", "route_id": "Red", "dwell_time_sec": "170"}, {"arr_dt": "1468120535", "direction": "0", "dep_dt": "1468120725", "route_id": "Red", "dwell_time_sec": "190"}, {"arr_dt": "1468121137", "direction": "0", "dep_dt": "1468121318", "route_id": "Red", "dwell_time_sec": "181"}, {"arr_dt": "1468121480", "direction": "0", "dep_dt": "1468121616", "route_id": "Red", "dwell_time_sec": "136"}, {"arr_dt": "1468121864", "direction": "0", "dep_dt": "1468122014", "route_id": "Red", "dwell_time_sec": "150"}, {"arr_dt": "1468122325", "direction": "0", "dep_dt": "1468122453", "route_id": "Red", "dwell_time_sec": "128"}]}