{"dwell_times": [{"arr_dt": "1477195450", "direction": "0", "dep_dt": "1477195532", "route_id": "Red", "dwell_time_sec": "82"}, {"arr_dt": "1477195892", "direction": "0", "dep_dt": "1477195971", "route_id": "Red", "dwell_time_sec": "79"}, {"arr_dt": "1477196569", "direction": "0", "dep_dt": "1477196640", "route_id": "Red", "dwell_time_sec": "71"}, {"arr_dt": "1477197157", "direction": "0", "dep_dt": "1477197221", "route_id": "Red", "dwell_time_sec": "64"}, {"arr_dt": "1477198325", "direction": "0", "dep_dt": "1477200030", "route_id": "Red", "dwell_time_sec": "1705"}, {"arr_dt": "1477218248", "direction": "0", "dep_dt": "1477218334", "route_id": "Red", "dwell_time_sec": "86"}, {"arr_dt": "1477218583", "direction": "0", "dep_dt": "1477218642", "route_id": "Red", "dwell_time_sec": "59"}, {"arr_dt": "1477218871", "direction": "0", "dep_dt": "1477218966", "route_id": "Red", "dwell_time_sec": "95"}, {"arr_dt": "1477219726", "direction": "0", "dep_dt": "1477219790", "route_id": "Red", "dwell_time_sec": "64"}, {"arr_dt": "1477220313", "direction": "0", "dep_dt": "1477220384", "route_id": "Red", "dwell_time_sec": "71"}, {"arr_dt": "1477220835", "direction": "0", "dep_dt": "1477220898", "route_id": "Red", "dwell_time_sec": "63"}, {"arr_dt": "1477221570", "direction": "0", "dep_dt": "1477221675", "route_id": "Red", "dwell_time_sec": "105"}, {"arr_dt": "1477222137", "direction": "0", "dep_dt": "1477222213", "route_id": "Red", "dwell_time_sec": "76"}, {"arr_dt": "1477222760", "direction": "0", "dep_dt": "1477222828", "route_id": "Red", "dwell_time_sec": "68"}, {"arr_dt": "1477223332", "direction": "0", "dep_dt": "1477223427", "route_id": "Red", "dwell_time_sec": "95"}, {"arr_dt": "1477223984", "direction": "0", "dep_dt": "1477224125", "route_id": "Red", "dwell_time_sec": "141"}, {"arr_dt": "1477224514", "direction": "0", "dep_dt": "1477224597", "route_id": "Red", "dwell_time_sec": "83"}, {"arr_dt": "1477225071", "direction": "0", "dep_dt": "1477225189", "route_id": "Red", "dwell_time_sec": "118"}, {"arr_dt": "1477225688", "direction": "0", "dep_dt": "1477225758", "route_id": "Red", "dwell_time_sec": "70"}, {"arr_dt": "1477226418", "direction": "0", "dep_dt": "1477226492", "route_id": "Red", "dwell_time_sec": "74"}, {"arr_dt": "1477226859", "direction": "0", "dep_dt": "1477226925", "route_id": "Red", "dwell_time_sec": "66"}, {"arr_dt": "1477227550", "direction": "0", "dep_dt": "1477227623", "route_id": "Red", "dwell_time_sec": "73"}, {"arr_dt": "1477228023", "direction": "0", "dep_dt": "1477228085", "route_id": "Red", "dwell_time_sec": "62"}, {"arr_dt": "1477228688", "direction": "0", "dep_dt": "1477228743", "route_id": "Red", "dwell_time_sec": "55"}, {"arr_dt": "1477229391", "direction": "0", "dep_dt": "1477229493", "route_id": "Red", "dwell_time_sec": "102"}, {"arr_dt": "1477229953", "direction": "0", "dep_dt": "1477230033", "route_id": "Red", "dwell_time_sec": "80"}, {"arr_dt": "1477230603", "direction": "0", "dep_dt": "1477230696", "route_id": "Red", "dwell_time_sec": "93"}, {"arr_dt": "1477231281", "direction": "0", "dep_dt": "1477231363", "route_id": "Red", "dwell_time_sec": "82"}, {"arr_dt": "1477231855", "direction": "0", "dep_dt": "1477231948", "route_id": "Red", "dwell_time_sec": "93"}, {"arr_dt": "1477232302", "direction": "0", "dep_dt": "1477232375", "route_id": "Red", "dwell_time_sec": "73"}, {"arr_dt": "1477233010", "direction": "0", "dep_dt": "1477233112", "route_id": "Red", "dwell_time_sec": "102"}, {"arr_dt": "1477233529", "direction": "0", "dep_dt": "1477233619", "route_id": "Red", "dwell_time_sec": "90"}, {"arr_dt": "1477234151", "direction": "0", "dep_dt": "1477234234", "route_id": "Red", "dwell_time_sec": "83"}, {"arr_dt": "1477234817", "direction": "0", "dep_dt": "1477234922", "route_id": "Red", "dwell_time_sec": "105"}, {"arr_dt": "1477235361", "direction": "0", "dep_dt": "1477235451", "route_id": "Red", "dwell_time_sec": "90"}, {"arr_dt": "1477235945", "direction": "0", "dep_dt": "1477236008", "route_id": "Red", "dwell_time_sec": "63"}, {"arr_dt": "1477236631", "direction": "0", "dep_dt": "1477236720", "route_id": "Red", "dwell_time_sec": "89"}, {"arr_dt": "1477237219", "direction": "0", "dep_dt": "1477237296", "route_id": "Red", "dwell_time_sec": "77"}, {"arr_dt": "1477237852", "direction": "0", "dep_dt": "1477237947", "route_id": "Red", "dwell_time_sec": "95"}, {"arr_dt": "1477238343", "direction": "0", "dep_dt": "1477238417", "route_id": "Red", "dwell_time_sec": "74"}, {"arr_dt": "1477239140", "direction": "0", "dep_dt": "1477239242", "route_id": "Red", "dwell_time_sec": "102"}, {"arr_dt": "1477239472", "direction": "0", "dep_dt": "1477239571", "route_id": "Red", "dwell_time_sec": "99"}, {"arr_dt": "1477240172", "direction": "0", "dep_dt": "1477240259", "route_id": "Red", "dwell_time_sec": "87"}, {"arr_dt": "1477240750", "direction": "0", "dep_dt": "1477240842", "route_id": "Red", "dwell_time_sec": "92"}, {"arr_dt": "1477241396", "direction": "0", "dep_dt": "1477241470", "route_id": "Red", "dwell_time_sec": "74"}, {"arr_dt": "1477241970", "direction": "0", "dep_dt": "1477242045", "route_id": "Red", "dwell_time_sec": "75"}, {"arr_dt": "1477242582", "direction": "0", "dep_dt": "1477242669", "route_id": "Red", "dwell_time_sec": "87"}, {"arr_dt": "1477243123", "direction": "0", "dep_dt": "1477243224", "route_id": "Red", "dwell_time_sec": "101"}, {"arr_dt": "1477243948", "direction": "0", "dep_dt": "1477244051", "route_id": "Red", "dwell_time_sec": "103"}, {"arr_dt": "1477244573", "direction": "0", "dep_dt": "1477244684", "route_id": "Red", "dwell_time_sec": "111"}, {"arr_dt": "1477245425", "direction": "0", "dep_dt": "1477245520", "route_id": "Red", "dwell_time_sec": "95"}, {"arr_dt": "1477245628", "direction": "0", "dep_dt": "1477245717", "route_id": "Red", "dwell_time_sec": "89"}, {"arr_dt": "1477246274", "direction": "0", "dep_dt": "1477246368", "route_id": "Red", "dwell_time_sec": "94"}, {"arr_dt": "1477246726", "direction": "0", "dep_dt": "1477246812", "route_id": "Red", "dwell_time_sec": "86"}, {"arr_dt": "1477247440", "direction": "0", "dep_dt": "1477247512", "route_id": "Red", "dwell_time_sec": "72"}, {"arr_dt": "1477248286", "direction": "0", "dep_dt": "1477248512", "route_id": "Red", "dwell_time_sec": "226"}, {"arr_dt": "1477248548", "direction": "0", "dep_dt": "1477248631", "route_id": "Red", "dwell_time_sec": "83"}, {"arr_dt": "1477249383", "direction": "0", "dep_dt": "1477249471", "route_id": "Red", "dwell_time_sec": "88"}, {"arr_dt": "1477249962", "direction": "0", "dep_dt": "1477250041", "route_id": "Red", "dwell_time_sec": "79"}, {"arr_dt": "1477250352", "direction": "0", "dep_dt": "1477250425", "route_id": "Red", "dwell_time_sec": "73"}, {"arr_dt": "1477251125", "direction": "0", "dep_dt": "1477251250", "route_id": "Red", "dwell_time_sec": "125"}, {"arr_dt": "1477251656", "direction": "0", "dep_dt": "1477251736", "route_id": "Red", "dwell_time_sec": "80"}, {"arr_dt": "1477252459", "direction": "0", "dep_dt": "1477252581", "route_id": "Red", "dwell_time_sec": "122"}, {"arr_dt": "1477252802", "direction": "0", "dep_dt": "1477252879", "route_id": "Red", "dwell_time_sec": "77"}, {"arr_dt": "1477253507", "direction": "0", "dep_dt": "1477253637", "route_id": "Red", "dwell_time_sec": "130"}, {"arr_dt": "1477255279", "direction": "0", "dep_dt": "1477255361", "route_id": "Red", "dwell_time_sec": "82"}, {"arr_dt": "1477255881", "direction": "0", "dep_dt": "1477255977", "route_id": "Red", "dwell_time_sec": "96"}, {"arr_dt": "1477256585", "direction": "0", "dep_dt": "1477256695", "route_id": "Red", "dwell_time_sec": "110"}, {"arr_dt": "1477257023", "direction": "0", "dep_dt": "1477257110", "route_id": "Red", "dwell_time_sec": "87"}, {"arr_dt": "1477257551", "direction": "0", "dep_dt": "1477257634", "route_id": "Red", "dwell_time_sec": "83"}, {"arr_dt": "1477258290", "direction": "0", "dep_dt": "1477258410", "route_id": "Red", "dwell_time_sec": "120"}, {"arr_dt": "1477258737", "direction": "0", "dep_dt": "1477258806", "route_id": "Red", "dwell_time_sec": "69"}, {"arr_dt": "1477259444", "direction": "0", "dep_dt": "1477259546", "route_id": "Red", "dwell_time_sec": "102"}, {"arr_dt": "1477259976", "direction": "0", "dep_dt": "1477260070", "route_id": "Red", "dwell_time_sec": "94"}, {"arr_dt": "1477260721", "direction": "0", "dep_dt": "1477260795", "route_id": "Red", "dwell_time_sec": "74"}, {"arr_dt": "1477261241", "direction": "0", "dep_dt": "1477261343", "route_id": "Red", "dwell_time_sec": "102"}, {"arr_dt": "1477261790", "direction": "0", "dep_dt": "1477261857", "route_id": "Red", "dwell_time_sec": "67"}, {"arr_dt": "1477262377", "direction": "0", "dep_dt": "1477262455", "route_id": "Red", "dwell_time_sec": "78"}, {"arr_dt": "1477262941", "direction": "0", "dep_dt": "1477263022", "route_id": "Red", "dwell_time_sec": "81"}, {"arr_dt": "1477263554", "direction": "0", "dep_dt": "1477263659", "route_id": "Red", "dwell_time_sec": "105"}, {"arr_dt": "1477264123", "direction": "0", "dep_dt": "1477264230", "route_id": "Red", "dwell_time_sec": "107"}, {"arr_dt": "1477264659", "direction": "0", "dep_dt": "1477264732", "route_id": "Red", "dwell_time_sec": "73"}, {"arr_dt": "1477265410", "direction": "0", "dep_dt": "1477265499", "route_id": "Red", "dwell_time_sec": "89"}, {"arr_dt": "1477266002", "direction": "0", "dep_dt": "1477266089", "route_id": "Red", "dwell_time_sec": "87"}, {"arr_dt": "1477266605", "direction": "0", "dep_dt": "1477266673", "route_id": "Red", "dwell_time_sec": "68"}, {"arr_dt": "1477267224", "direction": "0", "dep_dt": "1477267348", "route_id": "Red", "dwell_time_sec": "124"}, {"arr_dt": "1477267826", "direction": "0", "dep_dt": "1477267962", "route_id": "Red", "dwell_time_sec": "136"}, {"arr_dt": "1477275474", "direction": "0", "dep_dt": "1477275592", "route_id": "Red", "dwell_time_sec": "118"}, {"arr_dt": "1477276309", "direction": "0", "dep_dt": "1477276551", "route_id": "Red", "dwell_time_sec": "242"}, {"arr_dt": "1477277048", "direction": "0", "dep_dt": "1477277122", "route_id": "Red", "dwell_time_sec": "74"}, {"arr_dt": "1477278073", "direction": "0", "dep_dt": "1477278145", "route_id": "Red", "dwell_time_sec": "72"}, {"arr_dt": "1477278666", "direction": "0", "dep_dt": "1477278733", "route_id": "Red", "dwell_time_sec": "67"}, {"arr_dt": "1477279940", "direction": "0", "dep_dt": "1477280023", "route_id": "Red", "dwell_time_sec": "83"}, {"arr_dt": "1477280158", "direction": "0", "dep_dt": "1477280225", "route_id": "Red", "dwell_time_sec": "67"}]}