{"dwell_times": [{"arr_dt": "1471838758", "direction": "0", "dep_dt": "1471838821", "route_id": "Red", "dwell_time_sec": "63"}, {"arr_dt": "1471839160", "direction": "0", "dep_dt": "1471839227", "route_id": "Red", "dwell_time_sec": "67"}, {"arr_dt": "1471839775", "direction": "0", "dep_dt": "1471839850", "route_id": "Red", "dwell_time_sec": "75"}, {"arr_dt": "1471840074", "direction": "0", "dep_dt": "1471840133", "route_id": "Red", "dwell_time_sec": "59"}, {"arr_dt": "1471840739", "direction": "0", "dep_dt": "1471840803", "route_id": "Red", "dwell_time_sec": "64"}, {"arr_dt": "1471842391", "direction": "0", "dep_dt": "1471843585", "route_id": "Red", "dwell_time_sec": "1194"}, {"arr_dt": "1471858580", "direction": "0", "dep_dt": "1471858646", "route_id": "Red", "dwell_time_sec": "66"}, {"arr_dt": "1471859081", "direction": "0", "dep_dt": "1471859158", "route_id": "Red", "dwell_time_sec": "77"}, {"arr_dt": "1471859445", "direction": "0", "dep_dt": "1471859505", "route_id": "Red", "dwell_time_sec": "60"}, {"arr_dt": "1471859917", "direction": "0", "dep_dt": "1471859975", "route_id": "Red", "dwell_time_sec": "58"}, {"arr_dt": "1471860415", "direction": "0", "dep_dt": "1471860485", "route_id": "Red", "dwell_time_sec": "70"}, {"arr_dt": "1471860813", "direction": "0", "dep_dt": "1471860873", "route_id": "Red", "dwell_time_sec": "60"}, {"arr_dt": "1471861271", "direction": "0", "dep_dt": "1471861331", "route_id": "Red", "dwell_time_sec": "60"}, {"arr_dt": "1471861635", "direction": "0", "dep_dt": "1471861701", "route_id": "Red", "dwell_time_sec": "66"}, {"arr_dt": "1471862683", "direction": "0", "dep_dt": "1471862747", "route_id": "Red", "dwell_time_sec": "64"}, {"arr_dt": "1471862916", "direction": "0", "dep_dt": "1471862979", "route_id": "Red", "dwell_time_sec": "63"}, {"arr_dt": "1471863332", "direction": "0", "dep_dt": "1471863398", "route_id": "Red", "dwell_time_sec": "66"}, {"arr_dt": "1471863936", "direction": "0", "dep_dt": "1471864006", "route_id": "Red", "dwell_time_sec": "70"}, {"arr_dt": "1471864285", "direction": "0", "dep_dt": "1471864351", "route_id": "Red", "dwell_time_sec": "66"}, {"arr_dt": "1471864525", "direction": "0", "dep_dt": "1471864590", "route_id": "Red", "dwell_time_sec": "65"}, {"arr_dt": "1471865136", "direction": "0", "dep_dt": "1471865231", "route_id": "Red", "dwell_time_sec": "95"}, {"arr_dt": "1471865393", "direction": "0", "dep_dt": "1471865456", "route_id": "Red", "dwell_time_sec": "63"}, {"arr_dt": "1471865561", "direction": "0", "dep_dt": "1471865633", "route_id": "Red", "dwell_time_sec": "72"}, {"arr_dt": "1471865831", "direction": "0", "dep_dt": "1471865928", "route_id": "Red", "dwell_time_sec": "97"}, {"arr_dt": "1471866018", "direction": "0", "dep_dt": "1471866097", "route_id": "Red", "dwell_time_sec": "79"}, {"arr_dt": "1471866231", "direction": "0", "dep_dt": "1471866312", "route_id": "Red", "dwell_time_sec": "81"}, {"arr_dt": "1471866460", "direction": "0", "dep_dt": "1471866524", "route_id": "Red", "dwell_time_sec": "64"}, {"arr_dt": "1471866646", "direction": "0", "dep_dt": "1471866714", "route_id": "Red", "dwell_time_sec": "68"}, {"arr_dt": "1471866812", "direction": "0", "dep_dt": "1471866900", "route_id": "Red", "dwell_time_sec": "88"}, {"arr_dt": "1471867116", "direction": "0", "dep_dt": "1471867205", "route_id": "Red", "dwell_time_sec": "89"}, {"arr_dt": "1471867299", "direction": "0", "dep_dt": "1471867382", "route_id": "Red", "dwell_time_sec": "83"}, {"arr_dt": "1471867549", "direction": "0", "dep_dt": "1471867620", "route_id": "Red", "dwell_time_sec": "71"}, {"arr_dt": "1471867725", "direction": "0", "dep_dt": "1471867801", "route_id": "Red", "dwell_time_sec": "76"}, {"arr_dt": "1471867913", "direction": "0", "dep_dt": "1471867996", "route_id": "Red", "dwell_time_sec": "83"}, {"arr_dt": "1471868093", "direction": "0", "dep_dt": "1471868186", "route_id": "Red", "dwell_time_sec": "93"}, {"arr_dt": "1471868395", "direction": "0", "dep_dt": "1471868484", "route_id": "Red", "dwell_time_sec": "89"}, {"arr_dt": "1471868587", "direction": "0", "dep_dt": "1471868683", "route_id": "Red", "dwell_time_sec": "96"}, {"arr_dt": "1471868789", "direction": "0", "dep_dt": "1471868891", "route_id": "Red", "dwell_time_sec": "102"}, {"arr_dt": "1471868997", "direction": "0", "dep_dt": "1471869069", "route_id": "Red", "dwell_time_sec": "72"}, {"arr_dt": "1471869310", "direction": "0", "dep_dt": "1471869407", "route_id": "Red", "dwell_time_sec": "97"}, {"arr_dt": "1471869779", "direction": "0", "dep_dt": "1471869883", "route_id": "Red", "dwell_time_sec": "104"}, {"arr_dt": "1471869979", "direction": "0", "dep_dt": "1471870078", "route_id": "Red", "dwell_time_sec": "99"}, {"arr_dt": "1471870221", "direction": "0", "dep_dt": "1471870304", "route_id": "Red", "dwell_time_sec": "83"}, {"arr_dt": "1471870400", "direction": "0", "dep_dt": "1471870481", "route_id": "Red", "dwell_time_sec": "81"}, {"arr_dt": "1471870651", "direction": "0", "dep_dt": "1471870751", "route_id": "Red", "dwell_time_sec": "100"}, {"arr_dt": "1471870948", "direction": "0", "dep_dt": "1471871024", "route_id": "Red", "dwell_time_sec": "76"}, {"arr_dt": "1471871240", "direction": "0", "dep_dt": "1471871320", "route_id": "Red", "dwell_time_sec": "80"}, {"arr_dt": "1471871589", "direction": "0", "dep_dt": "1471871665", "route_id": "Red", "dwell_time_sec": "76"}, {"arr_dt": "1471871875", "direction": "0", "dep_dt": "1471871968", "route_id": "Red", "dwell_time_sec": "93"}, {"arr_dt": "1471872183", "direction": "0", "dep_dt": "1471872265", "route_id": "Red", "dwell_time_sec": "82"}, {"arr_dt": "1471872388", "direction": "0", "dep_dt": "1471872472", "route_id": "Red", "dwell_time_sec": "84"}, {"arr_dt": "1471872598", "direction": "0", "dep_dt": "1471872674", "route_id": "Red", "dwell_time_sec": "76"}, {"arr_dt": "1471872917", "direction": "0", "dep_dt": "1471872997", "route_id": "Red", "dwell_time_sec": "80"}, {"arr_dt": "1471873135", "direction": "0", "dep_dt": "1471873207", "route_id": "Red", "dwell_time_sec": "72"}, {"arr_dt": "1471873312", "direction": "0", "dep_dt": "1471873384", "route_id": "Red", "dwell_time_sec": "72"}, {"arr_dt": "1471873502", "direction": "0", "dep_dt": "1471873565", "route_id": "Red", "dwell_time_sec": "63"}, {"arr_dt": "1471873670", "direction": "0", "dep_dt": "1471873731", "route_id": "Red", "dwell_time_sec": "61"}, {"arr_dt": "1471873850", "direction": "0", "dep_dt": "1471873910", "route_id": "Red", "dwell_time_sec": "60"}, {"arr_dt": "1471874064", "direction": "0", "dep_dt": "1471874167", "route_id": "Red", "dwell_time_sec": "103"}, {"arr_dt": "1471874262", "direction": "0", "dep_dt": "1471874338", "route_id": "Red", "dwell_time_sec": "76"}, {"arr_dt": "1471874547", "direction": "0", "dep_dt": "1471874630", "route_id": "Red", "dwell_time_sec": "83"}, {"arr_dt": "1471874735", "direction": "0", "dep_dt": "1471874822", "route_id": "Red", "dwell_time_sec": "87"}, {"arr_dt": "1471874924", "direction": "0", "dep_dt": "1471874979", "route_id": "Red", "dwell_time_sec": "55"}, {"arr_dt": "1471875123", "direction": "0", "dep_dt": "1471875191", "route_id": "Red", "dwell_time_sec": "68"}, {"arr_dt": "1471875476", "direction": "0", "dep_dt": "1471875557", "route_id": "Red", "dwell_time_sec": "81"}, {"arr_dt": "1471875692", "direction": "0", "dep_dt": "1471875759", "route_id": "Red", "dwell_time_sec": "67"}, {"arr_dt": "1471875984", "direction": "0", "dep_dt": "1471876051", "route_id": "Red", "dwell_time_sec": "67"}, {"arr_dt": "1471876281", "direction": "0", "dep_dt": "1471876349", "route_id": "Red", "dwell_time_sec": "68"}, {"arr_dt": "1471876747", "direction": "0", "dep_dt": "1471876832", "route_id": "Red", "dwell_time_sec": "85"}, {"arr_dt": "1471877121", "direction": "0", "dep_dt": "1471877221", "route_id": "Red", "dwell_time_sec": "100"}, {"arr_dt": "1471877463", "direction": "0", "dep_dt": "1471877550", "route_id": "Red", "dwell_time_sec": "87"}, {"arr_dt": "1471877808", "direction": "0", "dep_dt": "1471877894", "route_id": "Red", "dwell_time_sec": "86"}, {"arr_dt": "1471877993", "direction": "0", "dep_dt": "1471878072", "route_id": "Red", "dwell_time_sec": "79"}, {"arr_dt": "1471878243", "direction": "0", "dep_dt": "1471878338", "route_id": "Red", "dwell_time_sec": "95"}, {"arr_dt": "1471878837", "direction": "0", "dep_dt": "1471878907", "route_id": "Red", "dwell_time_sec": "70"}, {"arr_dt": "1471879198", "direction": "0", "dep_dt": "1471879267", "route_id": "Red", "dwell_time_sec": "69"}, {"arr_dt": "1471879521", "direction": "0", "dep_dt": "1471879608", "route_id": "Red", "dwell_time_sec": "87"}, {"arr_dt": "1471880095", "direction": "0", "dep_dt": "1471880223", "route_id": "Red", "dwell_time_sec": "128"}, {"arr_dt": "1471880556", "direction": "0", "dep_dt": "1471880643", "route_id": "Red", "dwell_time_sec": "87"}, {"arr_dt": "1471880861", "direction": "0", "dep_dt": "1471880943", "route_id": "Red", "dwell_time_sec": "82"}, {"arr_dt": "1471881050", "direction": "0", "dep_dt": "1471881125", "route_id": "Red", "dwell_time_sec": "75"}, {"arr_dt": "1471881423", "direction": "0", "dep_dt": "1471881493", "route_id": "Red", "dwell_time_sec": "70"}, {"arr_dt": "1471882008", "direction": "0", "dep_dt": "1471882078", "route_id": "Red", "dwell_time_sec": "70"}, {"arr_dt": "1471882276", "direction": "0", "dep_dt": "1471882365", "route_id": "Red", "dwell_time_sec": "89"}, {"arr_dt": "1471883079", "direction": "0", "dep_dt": "1471883147", "route_id": "Red", "dwell_time_sec": "68"}, {"arr_dt": "1471883295", "direction": "0", "dep_dt": "1471883376", "route_id": "Red", "dwell_time_sec": "81"}, {"arr_dt": "1471883721", "direction": "0", "dep_dt": "1471883784", "route_id": "Red", "dwell_time_sec": "63"}, {"arr_dt": "1471884044", "direction": "0", "dep_dt": "1471884109", "route_id": "Red", "dwell_time_sec": "65"}, {"arr_dt": "1471884475", "direction": "0", "dep_dt": "1471884545", "route_id": "Red", "dwell_time_sec": "70"}, {"arr_dt": "1471884820", "direction": "0", "dep_dt": "1471884886", "route_id": "Red", "dwell_time_sec": "66"}, {"arr_dt": "1471885488", "direction": "0", "dep_dt": "1471885664", "route_id": "Red", "dwell_time_sec": "176"}, {"arr_dt": "1471885906", "direction": "0", "dep_dt": "1471885984", "route_id": "Red", "dwell_time_sec": "78"}, {"arr_dt": "1471886493", "direction": "0", "dep_dt": "1471886614", "route_id": "Red", "dwell_time_sec": "121"}, {"arr_dt": "1471886710", "direction": "0", "dep_dt": "1471886787", "route_id": "Red", "dwell_time_sec": "77"}, {"arr_dt": "1471886919", "direction": "0", "dep_dt": "1471887036", "route_id": "Red", "dwell_time_sec": "117"}, {"arr_dt": "1471887487", "direction": "0", "dep_dt": "1471887562", "route_id": "Red", "dwell_time_sec": "75"}, {"arr_dt": "1471887734", "direction": "0", "dep_dt": "1471887804", "route_id": "Red", "dwell_time_sec": "70"}, {"arr_dt": "1471888266", "direction": "0", "dep_dt": "1471888344", "route_id": "Red", "dwell_time_sec": "78"}, {"arr_dt": "1471888847", "direction": "0", "dep_dt": "1471888911", "route_id": "Red", "dwell_time_sec": "64"}, {"arr_dt": "1471889393", "direction": "0", "dep_dt": "1471889469", "route_id": "Red", "dwell_time_sec": "76"}, {"arr_dt": "1471889577", "direction": "0", "dep_dt": "1471889651", "route_id": "Red", "dwell_time_sec": "74"}, {"arr_dt": "1471889935", "direction": "0", "dep_dt": "1471890014", "route_id": "Red", "dwell_time_sec": "79"}, {"arr_dt": "1471890313", "direction": "0", "dep_dt": "1471890395", "route_id": "Red", "dwell_time_sec": "82"}, {"arr_dt": "1471890850", "direction": "0", "dep_dt": "1471890933", "route_id": "Red", "dwell_time_sec": "83"}, {"arr_dt": "1471891168", "direction": "0", "dep_dt": "1471891448", "route_id": "Red", "dwell_time_sec": "280"}, {"arr_dt": "1471891750", "direction": "0", "dep_dt": "1471891828", "route_id": "Red", "dwell_time_sec": "78"}, {"arr_dt": "1471892282", "direction": "0", "dep_dt": "1471892388", "route_id": "Red", "dwell_time_sec": "106"}, {"arr_dt": "1471892536", "direction": "0", "dep_dt": "1471892600", "route_id": "Red", "dwell_time_sec": "64"}, {"arr_dt": "1471892771", "direction": "0", "dep_dt": "1471892840", "route_id": "Red", "dwell_time_sec": "69"}, {"arr_dt": "1471893518", "direction": "0", "dep_dt": "1471893613", "route_id": "Red", "dwell_time_sec": "95"}, {"arr_dt": "1471893765", "direction": "0", "dep_dt": "1471893837", "route_id": "Red", "dwell_time_sec": "72"}, {"arr_dt": "1471894137", "direction": "0", "dep_dt": "1471894329", "route_id": "Red", "dwell_time_sec": "192"}, {"arr_dt": "1471894626", "direction": "0", "dep_dt": "1471894730", "route_id": "Red", "dwell_time_sec": "104"}, {"arr_dt": "1471894930", "direction": "0", "dep_dt": "1471895002", "route_id": "Red", "dwell_time_sec": "72"}, {"arr_dt": "1471895342", "direction": "0", "dep_dt": "1471895435", "route_id": "Red", "dwell_time_sec": "93"}, {"arr_dt": "1471895708", "direction": "0", "dep_dt": "1471895807", "route_id": "Red", "dwell_time_sec": "99"}, {"arr_dt": "1471895918", "direction": "0", "dep_dt": "1471896001", "route_id": "Red", "dwell_time_sec": "83"}, {"arr_dt": "1471896406", "direction": "0", "dep_dt": "1471896513", "route_id": "Red", "dwell_time_sec": "107"}, {"arr_dt": "1471896611", "direction": "0", "dep_dt": "1471896725", "route_id": "Red", "dwell_time_sec": "114"}, {"arr_dt": "1471897116", "direction": "0", "dep_dt": "1471897227", "route_id": "Red", "dwell_time_sec": "111"}, {"arr_dt": "1471897315", "direction": "0", "dep_dt": "1471897398", "route_id": "Red", "dwell_time_sec": "83"}, {"arr_dt": "1471897539", "direction": "0", "dep_dt": "1471897657", "route_id": "Red", "dwell_time_sec": "118"}, {"arr_dt": "1471897758", "direction": "0", "dep_dt": "1471897853", "route_id": "Red", "dwell_time_sec": "95"}, {"arr_dt": "1471898040", "direction": "0", "dep_dt": "1471898118", "route_id": "Red", "dwell_time_sec": "78"}, {"arr_dt": "1471898223", "direction": "0", "dep_dt": "1471898324", "route_id": "Red", "dwell_time_sec": "101"}, {"arr_dt": "1471898447", "direction": "0", "dep_dt": "1471898540", "route_id": "Red", "dwell_time_sec": "93"}, {"arr_dt": "1471898712", "direction": "0", "dep_dt": "1471898874", "route_id": "Red", "dwell_time_sec": "162"}, {"arr_dt": "1471899149", "direction": "0", "dep_dt": "1471899262", "route_id": "Red", "dwell_time_sec": "113"}, {"arr_dt": "1471899410", "direction": "0", "dep_dt": "1471899515", "route_id": "Red", "dwell_time_sec": "105"}, {"arr_dt": "1471899772", "direction": "0", "dep_dt": "1471899868", "route_id": "Red", "dwell_time_sec": "96"}, {"arr_dt": "1471899985", "direction": "0", "dep_dt": "1471900079", "route_id": "Red", "dwell_time_sec": "94"}, {"arr_dt": "1471900526", "direction": "0", "dep_dt": "1471900666", "route_id": "Red", "dwell_time_sec": "140"}, {"arr_dt": "1471900757", "direction": "0", "dep_dt": "1471900862", "route_id": "Red", "dwell_time_sec": "105"}, {"arr_dt": "1471900979", "direction": "0", "dep_dt": "1471901076", "route_id": "Red", "dwell_time_sec": "97"}, {"arr_dt": "1471901262", "direction": "0", "dep_dt": "1471901368", "route_id": "Red", "dwell_time_sec": "106"}, {"arr_dt": "1471901478", "direction": "0", "dep_dt": "1471901591", "route_id": "Red", "dwell_time_sec": "113"}, {"arr_dt": "1471901709", "direction": "0", "dep_dt": "1471901796", "route_id": "Red", "dwell_time_sec": "87"}, {"arr_dt": "1471901906", "direction": "0", "dep_dt": "1471901998", "route_id": "Red", "dwell_time_sec": "92"}, {"arr_dt": "1471902119", "direction": "0", "dep_dt": "1471902210", "route_id": "Red", "dwell_time_sec": "91"}, {"arr_dt": "1471902327", "direction": "0", "dep_dt": "1471902422", "route_id": "Red", "dwell_time_sec": "95"}, {"arr_dt": "1471902558", "direction": "0", "dep_dt": "1471902655", "route_id": "Red", "dwell_time_sec": "97"}, {"arr_dt": "1471902742", "direction": "0", "dep_dt": "1471902815", "route_id": "Red", "dwell_time_sec": "73"}, {"arr_dt": "1471902976", "direction": "0", "dep_dt": "1471903076", "route_id": "Red", "dwell_time_sec": "100"}, {"arr_dt": "1471903214", "direction": "0", "dep_dt": "1471903283", "route_id": "Red", "dwell_time_sec": "69"}, {"arr_dt": "1471903548", "direction": "0", "dep_dt": "1471903622", "route_id": "Red", "dwell_time_sec": "74"}, {"arr_dt": "1471903747", "direction": "0", "dep_dt": "1471903822", "route_id": "Red", "dwell_time_sec": "75"}, {"arr_dt": "1471903980", "direction": "0", "dep_dt": "1471904069", "route_id": "Red", "dwell_time_sec": "89"}, {"arr_dt": "1471904238", "direction": "0", "dep_dt": "1471904349", "route_id": "Red", "dwell_time_sec": "111"}, {"arr_dt": "1471904673", "direction": "0", "dep_dt": "1471904777", "route_id": "Red", "dwell_time_sec": "104"}, {"arr_dt": "1471904871", "direction": "0", "dep_dt": "1471904966", "route_id": "Red", "dwell_time_sec": "95"}, {"arr_dt": "1471905115", "direction": "0", "dep_dt": "1471905232", "route_id": "Red", "dwell_time_sec": "117"}, {"arr_dt": "1471905313", "direction": "0", "dep_dt": "1471905398", "route_id": "Red", "dwell_time_sec": "85"}, {"arr_dt": "1471905516", "direction": "0", "dep_dt": "1471905601", "route_id": "Red", "dwell_time_sec": "85"}, {"arr_dt": "1471905720", "direction": "0", "dep_dt": "1471905807", "route_id": "Red", "dwell_time_sec": "87"}, {"arr_dt": "1471905949", "direction": "0", "dep_dt": "1471906022", "route_id": "Red", "dwell_time_sec": "73"}, {"arr_dt": "1471906135", "direction": "0", "dep_dt": "1471906213", "route_id": "Red", "dwell_time_sec": "78"}, {"arr_dt": "1471906570", "direction": "0", "dep_dt": "1471906659", "route_id": "Red", "dwell_time_sec": "89"}, {"arr_dt": "1471906983", "direction": "0", "dep_dt": "1471907069", "route_id": "Red", "dwell_time_sec": "86"}, {"arr_dt": "1471907274", "direction": "0", "dep_dt": "1471907353", "route_id": "Red", "dwell_time_sec": "79"}, {"arr_dt": "1471907474", "direction": "0", "dep_dt": "1471907552", "route_id": "Red", "dwell_time_sec": "78"}, {"arr_dt": "1471907666", "direction": "0", "dep_dt": "1471907737", "route_id": "Red", "dwell_time_sec": "71"}, {"arr_dt": "1471907920", "direction": "0", "dep_dt": "1471908007", "route_id": "Red", "dwell_time_sec": "87"}, {"arr_dt": "1471908117", "direction": "0", "dep_dt": "1471908185", "route_id": "Red", "dwell_time_sec": "68"}, {"arr_dt": "1471908371", "direction": "0", "dep_dt": "1471908460", "route_id": "Red", "dwell_time_sec": "89"}, {"arr_dt": "1471908573", "direction": "0", "dep_dt": "1471908646", "route_id": "Red", "dwell_time_sec": "73"}, {"arr_dt": "1471908764", "direction": "0", "dep_dt": "1471908838", "route_id": "Red", "dwell_time_sec": "74"}, {"arr_dt": "1471908946", "direction": "0", "dep_dt": "1471909010", "route_id": "Red", "dwell_time_sec": "64"}, {"arr_dt": "1471909317", "direction": "0", "dep_dt": "1471909387", "route_id": "Red", "dwell_time_sec": "70"}, {"arr_dt": "1471909644", "direction": "0", "dep_dt": "1471909730", "route_id": "Red", "dwell_time_sec": "86"}, {"arr_dt": "1471909968", "direction": "0", "dep_dt": "1471910040", "route_id": "Red", "dwell_time_sec": "72"}, {"arr_dt": "1471910222", "direction": "0", "dep_dt": "1471910307", "route_id": "Red", "dwell_time_sec": "85"}, {"arr_dt": "1471910507", "direction": "0", "dep_dt": "1471910844", "route_id": "Red", "dwell_time_sec": "337"}, {"arr_dt": "1471911132", "direction": "0", "dep_dt": "1471911221", "route_id": "Red", "dwell_time_sec": "89"}, {"arr_dt": "1471911493", "direction": "0", "dep_dt": "1471911569", "route_id": "Red", "dwell_time_sec": "76"}, {"arr_dt": "1471912108", "direction": "0", "dep_dt": "1471912193", "route_id": "Red", "dwell_time_sec": "85"}, {"arr_dt": "1471912313", "direction": "0", "dep_dt": "1471912413", "route_id": "Red", "dwell_time_sec": "100"}, {"arr_dt": "1471912533", "direction": "0", "dep_dt": "1471912598", "route_id": "Red", "dwell_time_sec": "65"}, {"arr_dt": "1471912945", "direction": "0", "dep_dt": "1471913018", "route_id": "Red", "dwell_time_sec": "73"}, {"arr_dt": "1471913131", "direction": "0", "dep_dt": "1471913207", "route_id": "Red", "dwell_time_sec": "76"}, {"arr_dt": "1471913430", "direction": "0", "dep_dt": "1471913504", "route_id": "Red", "dwell_time_sec": "74"}, {"arr_dt": "1471913683", "direction": "0", "dep_dt": "1471913754", "route_id": "Red", "dwell_time_sec": "71"}, {"arr_dt": "1471914070", "direction": "0", "dep_dt": "1471914131", "route_id": "Red", "dwell_time_sec": "61"}, {"arr_dt": "1471914432", "direction": "0", "dep_dt": "1471914500", "route_id": "Red", "dwell_time_sec": "68"}, {"arr_dt": "1471914667", "direction": "0", "dep_dt": "1471914737", "route_id": "Red", "dwell_time_sec": "70"}, {"arr_dt": "1471915086", "direction": "0", "dep_dt": "1471915175", "route_id": "Red", "dwell_time_sec": "89"}, {"arr_dt": "1471915500", "direction": "0", "dep_dt": "1471915564", "route_id": "Red", "dwell_time_sec": "64"}, {"arr_dt": "1471915784", "direction": "0", "dep_dt": "1471915860", "route_id": "Red", "dwell_time_sec": "76"}, {"arr_dt": "1471916188", "direction": "0", "dep_dt": "1471916264", "route_id": "Red", "dwell_time_sec": "76"}, {"arr_dt": "1471916587", "direction": "0", "dep_dt": "1471916653", "route_id": "Red", "dwell_time_sec": "66"}, {"arr_dt": "1471916967", "direction": "0", "dep_dt": "1471917040", "route_id": "Red", "dwell_time_sec": "73"}, {"arr_dt": "1471917370", "direction": "0", "dep_dt": "1471917462", "route_id": "Red", "dwell_time_sec": "92"}, {"arr_dt": "1471917674", "direction": "0", "dep_dt": "1471917738", "route_id": "Red", "dwell_time_sec": "64"}, {"arr_dt": "1471917970", "direction": "0", "dep_dt": "1471918034", "route_id": "Red", "dwell_time_sec": "64"}, {"arr_dt": "1471918435", "direction": "0", "dep_dt": "1471918513", "route_id": "Red", "dwell_time_sec": "78"}, {"arr_dt": "1471918926", "direction": "0", "dep_dt": "1471918998", "route_id": "Red", "dwell_time_sec": "72"}, {"arr_dt": "1471919288", "direction": "0", "dep_dt": "1471919360", "route_id": "Red", "dwell_time_sec": "72"}, {"arr_dt": "1471919569", "direction": "0", "dep_dt": "1471919633", "route_id": "Red", "dwell_time_sec": "64"}, {"arr_dt": "1471919915", "direction": "0", "dep_dt": "1471919994", "route_id": "Red", "dwell_time_sec": "79"}, {"arr_dt": "1471920419", "direction": "0", "dep_dt": "1471920485", "route_id": "Red", "dwell_time_sec": "66"}, {"arr_dt": "1471920758", "direction": "0", "dep_dt": "1471920867", "route_id": "Red", "dwell_time_sec": "109"}, {"arr_dt": "1471921242", "direction": "0", "dep_dt": "1471921304", "route_id": "Red", "dwell_time_sec": "62"}, {"arr_dt": "1471921489", "direction": "0", "dep_dt": "1471921544", "route_id": "Red", "dwell_time_sec": "55"}, {"arr_dt": "1471921970", "direction": "0", "dep_dt": "1471922048", "route_id": "Red", "dwell_time_sec": "78"}, {"arr_dt": "1471922201", "direction": "0", "dep_dt": "1471922265", "route_id": "Red", "dwell_time_sec": "64"}, {"arr_dt": "1471922636", "direction": "0", "dep_dt": "1471922711", "route_id": "Red", "dwell_time_sec": "75"}, {"arr_dt": "1471923104", "direction": "0", "dep_dt": "1471923181", "route_id": "Red", "dwell_time_sec": "77"}, {"arr_dt": "1471923283", "direction": "0", "dep_dt": "1471923330", "route_id": "Red", "dwell_time_sec": "47"}, {"arr_dt": "1471923699", "direction": "0", "dep_dt": "1471923758", "route_id": "Red", "dwell_time_sec": "59"}, {"arr_dt": "1471924035", "direction": "0", "dep_dt": "1471924099", "route_id": "Red", "dwell_time_sec": "64"}, {"arr_dt": "1471924464", "direction": "0", "dep_dt": "1471924534", "route_id": "Red", "dwell_time_sec": "70"}]}