{"dwell_times": [{"arr_dt": "1472788838", "direction": "0", "dep_dt": "1472788906", "route_id": "Red", "dwell_time_sec": "68"}, {"arr_dt": "1472789211", "direction": "0", "dep_dt": "1472789279", "route_id": "Red", "dwell_time_sec": "68"}, {"arr_dt": "1472789574", "direction": "0", "dep_dt": "1472789627", "route_id": "Red", "dwell_time_sec": "53"}, {"arr_dt": "1472790074", "direction": "0", "dep_dt": "1472790141", "route_id": "Red", "dwell_time_sec": "67"}, {"arr_dt": "1472790453", "direction": "0", "dep_dt": "1472790514", "route_id": "Red", "dwell_time_sec": "61"}, {"arr_dt": "1472790850", "direction": "0", "dep_dt": "1472790940", "route_id": "Red", "dwell_time_sec": "90"}, {"arr_dt": "1472791910", "direction": "0", "dep_dt": "1472793165", "route_id": "Red", "dwell_time_sec": "1255"}, {"arr_dt": "1472808769", "direction": "0", "dep_dt": "1472808828", "route_id": "Red", "dwell_time_sec": "59"}, {"arr_dt": "1472809454", "direction": "0", "dep_dt": "1472809525", "route_id": "Red", "dwell_time_sec": "71"}, {"arr_dt": "1472809631", "direction": "0", "dep_dt": "1472809694", "route_id": "Red", "dwell_time_sec": "63"}, {"arr_dt": "1472810020", "direction": "0", "dep_dt": "1472810071", "route_id": "Red", "dwell_time_sec": "51"}, {"arr_dt": "1472810527", "direction": "0", "dep_dt": "1472810591", "route_id": "Red", "dwell_time_sec": "64"}, {"arr_dt": "1472811124", "direction": "0", "dep_dt": "1472811198", "route_id": "Red", "dwell_time_sec": "74"}, {"arr_dt": "1472811436", "direction": "0", "dep_dt": "1472811497", "route_id": "Red", "dwell_time_sec": "61"}, {"arr_dt": "1472812006", "direction": "0", "dep_dt": "1472812064", "route_id": "Red", "dwell_time_sec": "58"}, {"arr_dt": "1472812265", "direction": "0", "dep_dt": "1472812318", "route_id": "Red", "dwell_time_sec": "53"}, {"arr_dt": "1472812541", "direction": "0", "dep_dt": "1472812598", "route_id": "Red", "dwell_time_sec": "57"}, {"arr_dt": "1472812861", "direction": "0", "dep_dt": "1472812929", "route_id": "Red", "dwell_time_sec": "68"}, {"arr_dt": "1472813117", "direction": "0", "dep_dt": "1472813195", "route_id": "Red", "dwell_time_sec": "78"}, {"arr_dt": "1472813486", "direction": "0", "dep_dt": "1472813551", "route_id": "Red", "dwell_time_sec": "65"}, {"arr_dt": "1472813744", "direction": "0", "dep_dt": "1472813804", "route_id": "Red", "dwell_time_sec": "60"}, {"arr_dt": "1472814067", "direction": "0", "dep_dt": "1472814127", "route_id": "Red", "dwell_time_sec": "60"}, {"arr_dt": "1472814402", "direction": "0", "dep_dt": "1472814474", "route_id": "Red", "dwell_time_sec": "72"}, {"arr_dt": "1472814668", "direction": "0", "dep_dt": "1472814742", "route_id": "Red", "dwell_time_sec": "74"}, {"arr_dt": "1472814981", "direction": "0", "dep_dt": "1472815046", "route_id": "Red", "dwell_time_sec": "65"}, {"arr_dt": "1472815334", "direction": "0", "dep_dt": "1472815405", "route_id": "Red", "dwell_time_sec": "71"}, {"arr_dt": "1472815505", "direction": "0", "dep_dt": "1472815586", "route_id": "Red", "dwell_time_sec": "81"}, {"arr_dt": "1472815777", "direction": "0", "dep_dt": "1472815856", "route_id": "Red", "dwell_time_sec": "79"}, {"arr_dt": "1472815971", "direction": "0", "dep_dt": "1472816042", "route_id": "Red", "dwell_time_sec": "71"}, {"arr_dt": "1472816262", "direction": "0", "dep_dt": "1472816364", "route_id": "Red", "dwell_time_sec": "102"}, {"arr_dt": "1472816462", "direction": "0", "dep_dt": "1472816524", "route_id": "Red", "dwell_time_sec": "62"}, {"arr_dt": "1472816673", "direction": "0", "dep_dt": "1472816745", "route_id": "Red", "dwell_time_sec": "72"}, {"arr_dt": "1472816866", "direction": "0", "dep_dt": "1472816951", "route_id": "Red", "dwell_time_sec": "85"}, {"arr_dt": "1472817225", "direction": "0", "dep_dt": "1472817315", "route_id": "Red", "dwell_time_sec": "90"}, {"arr_dt": "1472817449", "direction": "0", "dep_dt": "1472817532", "route_id": "Red", "dwell_time_sec": "83"}, {"arr_dt": "1472817636", "direction": "0", "dep_dt": "1472817706", "route_id": "Red", "dwell_time_sec": "70"}, {"arr_dt": "1472817817", "direction": "0", "dep_dt": "1472817893", "route_id": "Red", "dwell_time_sec": "76"}, {"arr_dt": "1472818006", "direction": "0", "dep_dt": "1472818066", "route_id": "Red", "dwell_time_sec": "60"}, {"arr_dt": "1472818233", "direction": "0", "dep_dt": "1472818316", "route_id": "Red", "dwell_time_sec": "83"}, {"arr_dt": "1472818472", "direction": "0", "dep_dt": "1472818552", "route_id": "Red", "dwell_time_sec": "80"}, {"arr_dt": "1472818707", "direction": "0", "dep_dt": "1472818785", "route_id": "Red", "dwell_time_sec": "78"}, {"arr_dt": "1472818916", "direction": "0", "dep_dt": "1472819005", "route_id": "Red", "dwell_time_sec": "89"}, {"arr_dt": "1472819148", "direction": "0", "dep_dt": "1472819233", "route_id": "Red", "dwell_time_sec": "85"}, {"arr_dt": "1472819382", "direction": "0", "dep_dt": "1472819457", "route_id": "Red", "dwell_time_sec": "75"}, {"arr_dt": "1472819592", "direction": "0", "dep_dt": "1472819665", "route_id": "Red", "dwell_time_sec": "73"}, {"arr_dt": "1472819897", "direction": "0", "dep_dt": "1472819999", "route_id": "Red", "dwell_time_sec": "102"}, {"arr_dt": "1472820129", "direction": "0", "dep_dt": "1472820217", "route_id": "Red", "dwell_time_sec": "88"}, {"arr_dt": "1472820348", "direction": "0", "dep_dt": "1472820420", "route_id": "Red", "dwell_time_sec": "72"}, {"arr_dt": "1472820542", "direction": "0", "dep_dt": "1472820624", "route_id": "Red", "dwell_time_sec": "82"}, {"arr_dt": "1472820961", "direction": "0", "dep_dt": "1472821049", "route_id": "Red", "dwell_time_sec": "88"}, {"arr_dt": "1472821143", "direction": "0", "dep_dt": "1472821232", "route_id": "Red", "dwell_time_sec": "89"}, {"arr_dt": "1472821387", "direction": "0", "dep_dt": "1472821463", "route_id": "Red", "dwell_time_sec": "76"}, {"arr_dt": "1472821570", "direction": "0", "dep_dt": "1472821653", "route_id": "Red", "dwell_time_sec": "83"}, {"arr_dt": "1472821847", "direction": "0", "dep_dt": "1472821921", "route_id": "Red", "dwell_time_sec": "74"}, {"arr_dt": "1472822033", "direction": "0", "dep_dt": "1472822132", "route_id": "Red", "dwell_time_sec": "99"}, {"arr_dt": "1472822481", "direction": "0", "dep_dt": "1472822563", "route_id": "Red", "dwell_time_sec": "82"}, {"arr_dt": "1472822727", "direction": "0", "dep_dt": "1472822801", "route_id": "Red", "dwell_time_sec": "74"}, {"arr_dt": "1472823017", "direction": "0", "dep_dt": "1472823087", "route_id": "Red", "dwell_time_sec": "70"}, {"arr_dt": "1472823187", "direction": "0", "dep_dt": "1472823253", "route_id": "Red", "dwell_time_sec": "66"}, {"arr_dt": "1472823376", "direction": "0", "dep_dt": "1472823437", "route_id": "Red", "dwell_time_sec": "61"}, {"arr_dt": "1472823756", "direction": "0", "dep_dt": "1472823831", "route_id": "Red", "dwell_time_sec": "75"}, {"arr_dt": "1472823936", "direction": "0", "dep_dt": "1472824009", "route_id": "Red", "dwell_time_sec": "73"}, {"arr_dt": "1472824341", "direction": "0", "dep_dt": "1472824415", "route_id": "Red", "dwell_time_sec": "74"}, {"arr_dt": "1472824631", "direction": "0", "dep_dt": "1472824695", "route_id": "Red", "dwell_time_sec": "64"}, {"arr_dt": "1472824951", "direction": "0", "dep_dt": "1472825046", "route_id": "Red", "dwell_time_sec": "95"}, {"arr_dt": "1472825158", "direction": "0", "dep_dt": "1472825279", "route_id": "Red", "dwell_time_sec": "121"}, {"arr_dt": "1472825372", "direction": "0", "dep_dt": "1472825441", "route_id": "Red", "dwell_time_sec": "69"}, {"arr_dt": "1472825607", "direction": "0", "dep_dt": "1472825708", "route_id": "Red", "dwell_time_sec": "101"}, {"arr_dt": "1472825827", "direction": "0", "dep_dt": "1472825906", "route_id": "Red", "dwell_time_sec": "79"}, {"arr_dt": "1472826231", "direction": "0", "dep_dt": "1472826315", "route_id": "Red", "dwell_time_sec": "84"}, {"arr_dt": "1472826420", "direction": "0", "dep_dt": "1472826489", "route_id": "Red", "dwell_time_sec": "69"}, {"arr_dt": "1472826719", "direction": "0", "dep_dt": "1472826826", "route_id": "Red", "dwell_time_sec": "107"}, {"arr_dt": "1472826987", "direction": "0", "dep_dt": "1472827055", "route_id": "Red", "dwell_time_sec": "68"}, {"arr_dt": "1472827472", "direction": "0", "dep_dt": "1472827546", "route_id": "Red", "dwell_time_sec": "74"}, {"arr_dt": "1472827658", "direction": "0", "dep_dt": "1472827720", "route_id": "Red", "dwell_time_sec": "62"}, {"arr_dt": "1472828284", "direction": "0", "dep_dt": "1472828373", "route_id": "Red", "dwell_time_sec": "89"}, {"arr_dt": "1472828478", "direction": "0", "dep_dt": "1472828558", "route_id": "Red", "dwell_time_sec": "80"}, {"arr_dt": "1472828832", "direction": "0", "dep_dt": "1472828906", "route_id": "Red", "dwell_time_sec": "74"}, {"arr_dt": "1472829183", "direction": "0", "dep_dt": "1472829327", "route_id": "Red", "dwell_time_sec": "144"}, {"arr_dt": "1472829473", "direction": "0", "dep_dt": "1472829536", "route_id": "Red", "dwell_time_sec": "63"}, {"arr_dt": "1472829732", "direction": "0", "dep_dt": "1472829801", "route_id": "Red", "dwell_time_sec": "69"}, {"arr_dt": "1472830278", "direction": "0", "dep_dt": "1472830352", "route_id": "Red", "dwell_time_sec": "74"}, {"arr_dt": "1472830779", "direction": "0", "dep_dt": "1472830860", "route_id": "Red", "dwell_time_sec": "81"}, {"arr_dt": "1472831116", "direction": "0", "dep_dt": "1472831188", "route_id": "Red", "dwell_time_sec": "72"}, {"arr_dt": "1472831615", "direction": "0", "dep_dt": "1472831713", "route_id": "Red", "dwell_time_sec": "98"}, {"arr_dt": "1472832044", "direction": "0", "dep_dt": "1472832108", "route_id": "Red", "dwell_time_sec": "64"}, {"arr_dt": "1472832517", "direction": "0", "dep_dt": "1472832599", "route_id": "Red", "dwell_time_sec": "82"}, {"arr_dt": "1472832860", "direction": "0", "dep_dt": "1472832920", "route_id": "Red", "dwell_time_sec": "60"}, {"arr_dt": "1472833240", "direction": "0", "dep_dt": "1472833301", "route_id": "Red", "dwell_time_sec": "61"}, {"arr_dt": "1472833888", "direction": "0", "dep_dt": "1472833984", "route_id": "Red", "dwell_time_sec": "96"}, {"arr_dt": "1472834081", "direction": "0", "dep_dt": "1472834153", "route_id": "Red", "dwell_time_sec": "72"}, {"arr_dt": "1472834739", "direction": "0", "dep_dt": "1472834829", "route_id": "Red", "dwell_time_sec": "90"}, {"arr_dt": "1472834950", "direction": "0", "dep_dt": "1472835126", "route_id": "Red", "dwell_time_sec": "176"}, {"arr_dt": "1472835316", "direction": "0", "dep_dt": "1472835385", "route_id": "Red", "dwell_time_sec": "69"}, {"arr_dt": "1472835681", "direction": "0", "dep_dt": "1472835748", "route_id": "Red", "dwell_time_sec": "67"}, {"arr_dt": "1472836523", "direction": "0", "dep_dt": "1472836625", "route_id": "Red", "dwell_time_sec": "102"}, {"arr_dt": "1472836946", "direction": "0", "dep_dt": "1472837027", "route_id": "Red", "dwell_time_sec": "81"}, {"arr_dt": "1472837159", "direction": "0", "dep_dt": "1472837237", "route_id": "Red", "dwell_time_sec": "78"}, {"arr_dt": "1472837457", "direction": "0", "dep_dt": "1472837532", "route_id": "Red", "dwell_time_sec": "75"}, {"arr_dt": "1472837870", "direction": "0", "dep_dt": "1472837944", "route_id": "Red", "dwell_time_sec": "74"}, {"arr_dt": "1472838167", "direction": "0", "dep_dt": "1472838346", "route_id": "Red", "dwell_time_sec": "179"}, {"arr_dt": "1472838687", "direction": "0", "dep_dt": "1472838798", "route_id": "Red", "dwell_time_sec": "111"}, {"arr_dt": "1472839006", "direction": "0", "dep_dt": "1472839070", "route_id": "Red", "dwell_time_sec": "64"}, {"arr_dt": "1472839487", "direction": "0", "dep_dt": "1472839567", "route_id": "Red", "dwell_time_sec": "80"}, {"arr_dt": "1472839867", "direction": "0", "dep_dt": "1472839947", "route_id": "Red", "dwell_time_sec": "80"}, {"arr_dt": "1472840357", "direction": "0", "dep_dt": "1472840438", "route_id": "Red", "dwell_time_sec": "81"}, {"arr_dt": "1472840726", "direction": "0", "dep_dt": "1472840853", "route_id": "Red", "dwell_time_sec": "127"}, {"arr_dt": "1472841388", "direction": "0", "dep_dt": "1472841474", "route_id": "Red", "dwell_time_sec": "86"}, {"arr_dt": "1472841642", "direction": "0", "dep_dt": "1472841710", "route_id": "Red", "dwell_time_sec": "68"}, {"arr_dt": "1472842262", "direction": "0", "dep_dt": "1472842365", "route_id": "Red", "dwell_time_sec": "103"}, {"arr_dt": "1472842746", "direction": "0", "dep_dt": "1472842892", "route_id": "Red", "dwell_time_sec": "146"}, {"arr_dt": "1472842997", "direction": "0", "dep_dt": "1472843094", "route_id": "Red", "dwell_time_sec": "97"}, {"arr_dt": "1472843310", "direction": "0", "dep_dt": "1472843391", "route_id": "Red", "dwell_time_sec": "81"}, {"arr_dt": "1472843741", "direction": "0", "dep_dt": "1472843830", "route_id": "Red", "dwell_time_sec": "89"}, {"arr_dt": "1472844111", "direction": "0", "dep_dt": "1472844319", "route_id": "Red", "dwell_time_sec": "208"}, {"arr_dt": "1472844504", "direction": "0", "dep_dt": "1472844585", "route_id": "Red", "dwell_time_sec": "81"}, {"arr_dt": "1472844787", "direction": "0", "dep_dt": "1472844892", "route_id": "Red", "dwell_time_sec": "105"}, {"arr_dt": "1472845108", "direction": "0", "dep_dt": "1472845205", "route_id": "Red", "dwell_time_sec": "97"}, {"arr_dt": "1472845577", "direction": "0", "dep_dt": "1472845771", "route_id": "Red", "dwell_time_sec": "194"}, {"arr_dt": "1472845865", "direction": "0", "dep_dt": "1472845948", "route_id": "Red", "dwell_time_sec": "83"}, {"arr_dt": "1472846095", "direction": "0", "dep_dt": "1472846176", "route_id": "Red", "dwell_time_sec": "81"}, {"arr_dt": "1472846354", "direction": "0", "dep_dt": "1472846432", "route_id": "Red", "dwell_time_sec": "78"}, {"arr_dt": "1472846774", "direction": "0", "dep_dt": "1472846879", "route_id": "Red", "dwell_time_sec": "105"}, {"arr_dt": "1472846980", "direction": "0", "dep_dt": "1472847088", "route_id": "Red", "dwell_time_sec": "108"}, {"arr_dt": "1472847348", "direction": "0", "dep_dt": "1472847432", "route_id": "Red", "dwell_time_sec": "84"}, {"arr_dt": "1472847559", "direction": "0", "dep_dt": "1472847637", "route_id": "Red", "dwell_time_sec": "78"}, {"arr_dt": "1472847937", "direction": "0", "dep_dt": "1472848023", "route_id": "Red", "dwell_time_sec": "86"}, {"arr_dt": "1472848281", "direction": "0", "dep_dt": "1472848372", "route_id": "Red", "dwell_time_sec": "91"}, {"arr_dt": "1472848469", "direction": "0", "dep_dt": "1472848678", "route_id": "Red", "dwell_time_sec": "209"}, {"arr_dt": "1472848772", "direction": "0", "dep_dt": "1472848857", "route_id": "Red", "dwell_time_sec": "85"}, {"arr_dt": "1472849007", "direction": "0", "dep_dt": "1472849110", "route_id": "Red", "dwell_time_sec": "103"}, {"arr_dt": "1472849294", "direction": "0", "dep_dt": "1472849373", "route_id": "Red", "dwell_time_sec": "79"}, {"arr_dt": "1472849482", "direction": "0", "dep_dt": "1472849579", "route_id": "Red", "dwell_time_sec": "97"}, {"arr_dt": "1472849685", "direction": "0", "dep_dt": "1472849765", "route_id": "Red", "dwell_time_sec": "80"}, {"arr_dt": "1472849972", "direction": "0", "dep_dt": "1472850074", "route_id": "Red", "dwell_time_sec": "102"}, {"arr_dt": "1472850210", "direction": "0", "dep_dt": "1472850290", "route_id": "Red", "dwell_time_sec": "80"}, {"arr_dt": "1472850395", "direction": "0", "dep_dt": "1472850500", "route_id": "Red", "dwell_time_sec": "105"}, {"arr_dt": "1472850866", "direction": "0", "dep_dt": "1472850977", "route_id": "Red", "dwell_time_sec": "111"}, {"arr_dt": "1472851078", "direction": "0", "dep_dt": "1472851181", "route_id": "Red", "dwell_time_sec": "103"}, {"arr_dt": "1472851305", "direction": "0", "dep_dt": "1472851422", "route_id": "Red", "dwell_time_sec": "117"}, {"arr_dt": "1472851507", "direction": "0", "dep_dt": "1472851604", "route_id": "Red", "dwell_time_sec": "97"}, {"arr_dt": "1472851726", "direction": "0", "dep_dt": "1472851812", "route_id": "Red", "dwell_time_sec": "86"}, {"arr_dt": "1472851912", "direction": "0", "dep_dt": "1472852034", "route_id": "Red", "dwell_time_sec": "122"}, {"arr_dt": "1472852134", "direction": "0", "dep_dt": "1472852235", "route_id": "Red", "dwell_time_sec": "101"}, {"arr_dt": "1472852327", "direction": "0", "dep_dt": "1472852422", "route_id": "Red", "dwell_time_sec": "95"}, {"arr_dt": "1472852556", "direction": "0", "dep_dt": "1472852632", "route_id": "Red", "dwell_time_sec": "76"}, {"arr_dt": "1472852763", "direction": "0", "dep_dt": "1472852862", "route_id": "Red", "dwell_time_sec": "99"}, {"arr_dt": "1472853159", "direction": "0", "dep_dt": "1472853277", "route_id": "Red", "dwell_time_sec": "118"}, {"arr_dt": "1472853361", "direction": "0", "dep_dt": "1472853461", "route_id": "Red", "dwell_time_sec": "100"}, {"arr_dt": "1472853586", "direction": "0", "dep_dt": "1472853676", "route_id": "Red", "dwell_time_sec": "90"}, {"arr_dt": "1472853801", "direction": "0", "dep_dt": "1472853936", "route_id": "Red", "dwell_time_sec": "135"}, {"arr_dt": "1472854071", "direction": "0", "dep_dt": "1472854153", "route_id": "Red", "dwell_time_sec": "82"}, {"arr_dt": "1472854395", "direction": "0", "dep_dt": "1472854472", "route_id": "Red", "dwell_time_sec": "77"}, {"arr_dt": "1472854688", "direction": "0", "dep_dt": "1472854770", "route_id": "Red", "dwell_time_sec": "82"}, {"arr_dt": "1472854934", "direction": "0", "dep_dt": "1472855042", "route_id": "Red", "dwell_time_sec": "108"}, {"arr_dt": "1472855242", "direction": "0", "dep_dt": "1472855310", "route_id": "Red", "dwell_time_sec": "68"}, {"arr_dt": "1472855431", "direction": "0", "dep_dt": "1472855529", "route_id": "Red", "dwell_time_sec": "98"}, {"arr_dt": "1472855693", "direction": "0", "dep_dt": "1472855770", "route_id": "Red", "dwell_time_sec": "77"}, {"arr_dt": "1472855883", "direction": "0", "dep_dt": "1472855952", "route_id": "Red", "dwell_time_sec": "69"}, {"arr_dt": "1472856068", "direction": "0", "dep_dt": "1472856136", "route_id": "Red", "dwell_time_sec": "68"}, {"arr_dt": "1472856257", "direction": "0", "dep_dt": "1472856333", "route_id": "Red", "dwell_time_sec": "76"}, {"arr_dt": "1472856544", "direction": "0", "dep_dt": "1472856617", "route_id": "Red", "dwell_time_sec": "73"}, {"arr_dt": "1472856780", "direction": "0", "dep_dt": "1472856862", "route_id": "Red", "dwell_time_sec": "82"}, {"arr_dt": "1472856979", "direction": "0", "dep_dt": "1472857059", "route_id": "Red", "dwell_time_sec": "80"}, {"arr_dt": "1472857202", "direction": "0", "dep_dt": "1472857298", "route_id": "Red", "dwell_time_sec": "96"}, {"arr_dt": "1472857452", "direction": "0", "dep_dt": "1472857516", "route_id": "Red", "dwell_time_sec": "64"}, {"arr_dt": "1472857778", "direction": "0", "dep_dt": "1472857848", "route_id": "Red", "dwell_time_sec": "70"}, {"arr_dt": "1472858053", "direction": "0", "dep_dt": "1472858137", "route_id": "Red", "dwell_time_sec": "84"}, {"arr_dt": "1472858240", "direction": "0", "dep_dt": "1472858317", "route_id": "Red", "dwell_time_sec": "77"}, {"arr_dt": "1472858592", "direction": "0", "dep_dt": "1472858663", "route_id": "Red", "dwell_time_sec": "71"}, {"arr_dt": "1472858873", "direction": "0", "dep_dt": "1472858960", "route_id": "Red", "dwell_time_sec": "87"}, {"arr_dt": "1472859168", "direction": "0", "dep_dt": "1472859255", "route_id": "Red", "dwell_time_sec": "87"}, {"arr_dt": "1472859374", "direction": "0", "dep_dt": "1472859451", "route_id": "Red", "dwell_time_sec": "77"}, {"arr_dt": "1472859654", "direction": "0", "dep_dt": "1472859723", "route_id": "Red", "dwell_time_sec": "69"}, {"arr_dt": "1472859835", "direction": "0", "dep_dt": "1472859910", "route_id": "Red", "dwell_time_sec": "75"}, {"arr_dt": "1472860047", "direction": "0", "dep_dt": "1472860130", "route_id": "Red", "dwell_time_sec": "83"}, {"arr_dt": "1472860385", "direction": "0", "dep_dt": "1472860460", "route_id": "Red", "dwell_time_sec": "75"}, {"arr_dt": "1472860775", "direction": "0", "dep_dt": "1472860935", "route_id": "Red", "dwell_time_sec": "160"}, {"arr_dt": "1472861016", "direction": "0", "dep_dt": "1472861136", "route_id": "Red", "dwell_time_sec": "120"}, {"arr_dt": "1472861416", "direction": "0", "dep_dt": "1472861495", "route_id": "Red", "dwell_time_sec": "79"}, {"arr_dt": "1472861599", "direction": "0", "dep_dt": "1472861678", "route_id": "Red", "dwell_time_sec": "79"}, {"arr_dt": "1472862027", "direction": "0", "dep_dt": "1472862124", "route_id": "Red", "dwell_time_sec": "97"}, {"arr_dt": "1472862402", "direction": "0", "dep_dt": "1472862490", "route_id": "Red", "dwell_time_sec": "88"}, {"arr_dt": "1472862805", "direction": "0", "dep_dt": "1472862892", "route_id": "Red", "dwell_time_sec": "87"}, {"arr_dt": "1472862987", "direction": "0", "dep_dt": "1472863073", "route_id": "Red", "dwell_time_sec": "86"}, {"arr_dt": "1472863402", "direction": "0", "dep_dt": "1472863478", "route_id": "Red", "dwell_time_sec": "76"}, {"arr_dt": "1472863636", "direction": "0", "dep_dt": "1472863702", "route_id": "Red", "dwell_time_sec": "66"}, {"arr_dt": "1472864127", "direction": "0", "dep_dt": "1472864201", "route_id": "Red", "dwell_time_sec": "74"}, {"arr_dt": "1472864402", "direction": "0", "dep_dt": "1472864468", "route_id": "Red", "dwell_time_sec": "66"}, {"arr_dt": "1472864748", "direction": "0", "dep_dt": "1472864835", "route_id": "Red", "dwell_time_sec": "87"}, {"arr_dt": "1472865205", "direction": "0", "dep_dt": "1472865266", "route_id": "Red", "dwell_time_sec": "61"}, {"arr_dt": "1472866031", "direction": "0", "dep_dt": "1472866097", "route_id": "Red", "dwell_time_sec": "66"}, {"arr_dt": "1472866267", "direction": "0", "dep_dt": "1472866333", "route_id": "Red", "dwell_time_sec": "66"}, {"arr_dt": "1472866433", "direction": "0", "dep_dt": "1472866525", "route_id": "Red", "dwell_time_sec": "92"}, {"arr_dt": "1472866652", "direction": "0", "dep_dt": "1472866731", "route_id": "Red", "dwell_time_sec": "79"}, {"arr_dt": "1472866972", "direction": "0", "dep_dt": "1472867061", "route_id": "Red", "dwell_time_sec": "89"}, {"arr_dt": "1472867381", "direction": "0", "dep_dt": "1472867469", "route_id": "Red", "dwell_time_sec": "88"}, {"arr_dt": "1472867575", "direction": "0", "dep_dt": "1472867644", "route_id": "Red", "dwell_time_sec": "69"}, {"arr_dt": "1472868064", "direction": "0", "dep_dt": "1472868133", "route_id": "Red", "dwell_time_sec": "69"}, {"arr_dt": "1472868466", "direction": "0", "dep_dt": "1472868547", "route_id": "Red", "dwell_time_sec": "81"}, {"arr_dt": "1472868654", "direction": "0", "dep_dt": "1472868745", "route_id": "Red", "dwell_time_sec": "91"}, {"arr_dt": "1472869190", "direction": "0", "dep_dt": "1472869271", "route_id": "Red", "dwell_time_sec": "81"}, {"arr_dt": "1472869496", "direction": "0", "dep_dt": "1472869566", "route_id": "Red", "dwell_time_sec": "70"}, {"arr_dt": "1472870053", "direction": "0", "dep_dt": "1472870143", "route_id": "Red", "dwell_time_sec": "90"}, {"arr_dt": "1472870265", "direction": "0", "dep_dt": "1472870326", "route_id": "Red", "dwell_time_sec": "61"}, {"arr_dt": "1472870802", "direction": "0", "dep_dt": "1472870906", "route_id": "Red", "dwell_time_sec": "104"}, {"arr_dt": "1472871037", "direction": "0", "dep_dt": "1472871100", "route_id": "Red", "dwell_time_sec": "63"}, {"arr_dt": "1472871289", "direction": "0", "dep_dt": "1472871354", "route_id": "Red", "dwell_time_sec": "65"}, {"arr_dt": "1472871860", "direction": "0", "dep_dt": "1472871937", "route_id": "Red", "dwell_time_sec": "77"}, {"arr_dt": "1472872046", "direction": "0", "dep_dt": "1472872108", "route_id": "Red", "dwell_time_sec": "62"}, {"arr_dt": "1472872394", "direction": "0", "dep_dt": "1472872462", "route_id": "Red", "dwell_time_sec": "68"}, {"arr_dt": "1472872943", "direction": "0", "dep_dt": "1472873023", "route_id": "Red", "dwell_time_sec": "80"}, {"arr_dt": "1472873129", "direction": "0", "dep_dt": "1472873200", "route_id": "Red", "dwell_time_sec": "71"}, {"arr_dt": "1472873452", "direction": "0", "dep_dt": "1472873522", "route_id": "Red", "dwell_time_sec": "70"}, {"arr_dt": "1472873833", "direction": "0", "dep_dt": "1472873894", "route_id": "Red", "dwell_time_sec": "61"}, {"arr_dt": "1472874151", "direction": "0", "dep_dt": "1472874216", "route_id": "Red", "dwell_time_sec": "65"}, {"arr_dt": "1472874536", "direction": "0", "dep_dt": "1472874614", "route_id": "Red", "dwell_time_sec": "78"}, {"arr_dt": "1472874885", "direction": "0", "dep_dt": "1472874957", "route_id": "Red", "dwell_time_sec": "72"}]}