{"dwell_times": [{"arr_dt": "1457413257", "direction": "0", "dep_dt": "1457413324", "route_id": "Red", "dwell_time_sec": "67"}, {"arr_dt": "1457413638", "direction": "0", "dep_dt": "1457413697", "route_id": "Red", "dwell_time_sec": "59"}, {"arr_dt": "1457414223", "direction": "0", "dep_dt": "1457414287", "route_id": "Red", "dwell_time_sec": "64"}, {"arr_dt": "1457414676", "direction": "0", "dep_dt": "1457414762", "route_id": "Red", "dwell_time_sec": "86"}, {"arr_dt": "1457414963", "direction": "0", "dep_dt": "1457415015", "route_id": "Red", "dwell_time_sec": "52"}, {"arr_dt": "1457415355", "direction": "0", "dep_dt": "1457415413", "route_id": "Red", "dwell_time_sec": "58"}, {"arr_dt": "1457415997", "direction": "0", "dep_dt": "1457417674", "route_id": "Red", "dwell_time_sec": "1677"}, {"arr_dt": "1457433150", "direction": "0", "dep_dt": "1457433203", "route_id": "Red", "dwell_time_sec": "53"}, {"arr_dt": "1457433761", "direction": "0", "dep_dt": "1457433825", "route_id": "Red", "dwell_time_sec": "64"}, {"arr_dt": "1457434104", "direction": "0", "dep_dt": "1457434168", "route_id": "Red", "dwell_time_sec": "64"}, {"arr_dt": "1457434511", "direction": "0", "dep_dt": "1457434588", "route_id": "Red", "dwell_time_sec": "77"}, {"arr_dt": "1457434964", "direction": "0", "dep_dt": "1457435030", "route_id": "Red", "dwell_time_sec": "66"}, {"arr_dt": "1457435332", "direction": "0", "dep_dt": "1457435388", "route_id": "Red", "dwell_time_sec": "56"}, {"arr_dt": "1457435970", "direction": "0", "dep_dt": "1457436038", "route_id": "Red", "dwell_time_sec": "68"}, {"arr_dt": "1457436527", "direction": "0", "dep_dt": "1457436607", "route_id": "Red", "dwell_time_sec": "80"}, {"arr_dt": "1457436690", "direction": "0", "dep_dt": "1457436754", "route_id": "Red", "dwell_time_sec": "64"}, {"arr_dt": "1457437135", "direction": "0", "dep_dt": "1457437203", "route_id": "Red", "dwell_time_sec": "68"}, {"arr_dt": "1457437302", "direction": "0", "dep_dt": "1457437370", "route_id": "Red", "dwell_time_sec": "68"}, {"arr_dt": "1457437832", "direction": "0", "dep_dt": "1457437905", "route_id": "Red", "dwell_time_sec": "73"}, {"arr_dt": "1457438267", "direction": "0", "dep_dt": "1457438364", "route_id": "Red", "dwell_time_sec": "97"}, {"arr_dt": "1457438652", "direction": "0", "dep_dt": "1457438729", "route_id": "Red", "dwell_time_sec": "77"}, {"arr_dt": "1457438878", "direction": "0", "dep_dt": "1457438971", "route_id": "Red", "dwell_time_sec": "93"}, {"arr_dt": "1457439316", "direction": "0", "dep_dt": "1457439386", "route_id": "Red", "dwell_time_sec": "70"}, {"arr_dt": "1457439494", "direction": "0", "dep_dt": "1457439574", "route_id": "Red", "dwell_time_sec": "80"}, {"arr_dt": "1457439936", "direction": "0", "dep_dt": "1457440031", "route_id": "Red", "dwell_time_sec": "95"}, {"arr_dt": "1457440218", "direction": "0", "dep_dt": "1457440294", "route_id": "Red", "dwell_time_sec": "76"}, {"arr_dt": "1457440915", "direction": "0", "dep_dt": "1457441008", "route_id": "Red", "dwell_time_sec": "93"}, {"arr_dt": "1457441105", "direction": "0", "dep_dt": "1457441202", "route_id": "Red", "dwell_time_sec": "97"}, {"arr_dt": "1457441427", "direction": "0", "dep_dt": "1457441517", "route_id": "Red", "dwell_time_sec": "90"}, {"arr_dt": "1457441749", "direction": "0", "dep_dt": "1457441826", "route_id": "Red", "dwell_time_sec": "77"}, {"arr_dt": "1457441956", "direction": "0", "dep_dt": "1457442046", "route_id": "Red", "dwell_time_sec": "90"}, {"arr_dt": "1457442146", "direction": "0", "dep_dt": "1457442268", "route_id": "Red", "dwell_time_sec": "122"}, {"arr_dt": "1457442365", "direction": "0", "dep_dt": "1457442435", "route_id": "Red", "dwell_time_sec": "70"}, {"arr_dt": "1457442553", "direction": "0", "dep_dt": "1457442634", "route_id": "Red", "dwell_time_sec": "81"}, {"arr_dt": "1457442736", "direction": "0", "dep_dt": "1457442813", "route_id": "Red", "dwell_time_sec": "77"}, {"arr_dt": "1457442919", "direction": "0", "dep_dt": "1457443018", "route_id": "Red", "dwell_time_sec": "99"}, {"arr_dt": "1457443116", "direction": "0", "dep_dt": "1457443221", "route_id": "Red", "dwell_time_sec": "105"}, {"arr_dt": "1457443314", "direction": "0", "dep_dt": "1457443391", "route_id": "Red", "dwell_time_sec": "77"}, {"arr_dt": "1457443541", "direction": "0", "dep_dt": "1457443654", "route_id": "Red", "dwell_time_sec": "113"}, {"arr_dt": "1457443745", "direction": "0", "dep_dt": "1457443826", "route_id": "Red", "dwell_time_sec": "81"}, {"arr_dt": "1457443945", "direction": "0", "dep_dt": "1457444039", "route_id": "Red", "dwell_time_sec": "94"}, {"arr_dt": "1457444155", "direction": "0", "dep_dt": "1457444255", "route_id": "Red", "dwell_time_sec": "100"}, {"arr_dt": "1457444424", "direction": "0", "dep_dt": "1457444542", "route_id": "Red", "dwell_time_sec": "118"}, {"arr_dt": "1457444628", "direction": "0", "dep_dt": "1457444742", "route_id": "Red", "dwell_time_sec": "114"}, {"arr_dt": "1457444854", "direction": "0", "dep_dt": "1457444941", "route_id": "Red", "dwell_time_sec": "87"}, {"arr_dt": "1457445061", "direction": "0", "dep_dt": "1457445156", "route_id": "Red", "dwell_time_sec": "95"}, {"arr_dt": "1457445541", "direction": "0", "dep_dt": "1457445671", "route_id": "Red", "dwell_time_sec": "130"}, {"arr_dt": "1457445748", "direction": "0", "dep_dt": "1457445843", "route_id": "Red", "dwell_time_sec": "95"}, {"arr_dt": "1457446121", "direction": "0", "dep_dt": "1457446229", "route_id": "Red", "dwell_time_sec": "108"}, {"arr_dt": "1457446330", "direction": "0", "dep_dt": "1457446419", "route_id": "Red", "dwell_time_sec": "89"}, {"arr_dt": "1457446548", "direction": "0", "dep_dt": "1457446642", "route_id": "Red", "dwell_time_sec": "94"}, {"arr_dt": "1457446742", "direction": "0", "dep_dt": "1457446830", "route_id": "Red", "dwell_time_sec": "88"}, {"arr_dt": "1457446939", "direction": "0", "dep_dt": "1457447005", "route_id": "Red", "dwell_time_sec": "66"}, {"arr_dt": "1457447102", "direction": "0", "dep_dt": "1457447181", "route_id": "Red", "dwell_time_sec": "79"}, {"arr_dt": "1457447575", "direction": "0", "dep_dt": "1457447645", "route_id": "Red", "dwell_time_sec": "70"}, {"arr_dt": "1457447852", "direction": "0", "dep_dt": "1457447939", "route_id": "Red", "dwell_time_sec": "87"}, {"arr_dt": "1457448098", "direction": "0", "dep_dt": "1457448167", "route_id": "Red", "dwell_time_sec": "69"}, {"arr_dt": "1457448283", "direction": "0", "dep_dt": "1457448355", "route_id": "Red", "dwell_time_sec": "72"}, {"arr_dt": "1457448457", "direction": "0", "dep_dt": "1457448553", "route_id": "Red", "dwell_time_sec": "96"}, {"arr_dt": "1457449036", "direction": "0", "dep_dt": "1457449103", "route_id": "Red", "dwell_time_sec": "67"}, {"arr_dt": "1457449322", "direction": "0", "dep_dt": "1457449382", "route_id": "Red", "dwell_time_sec": "60"}, {"arr_dt": "1457449490", "direction": "0", "dep_dt": "1457449558", "route_id": "Red", "dwell_time_sec": "68"}, {"arr_dt": "1457449746", "direction": "0", "dep_dt": "1457449851", "route_id": "Red", "dwell_time_sec": "105"}, {"arr_dt": "1457449946", "direction": "0", "dep_dt": "1457450017", "route_id": "Red", "dwell_time_sec": "71"}, {"arr_dt": "1457450110", "direction": "0", "dep_dt": "1457450186", "route_id": "Red", "dwell_time_sec": "76"}, {"arr_dt": "1457450315", "direction": "0", "dep_dt": "1457450394", "route_id": "Red", "dwell_time_sec": "79"}, {"arr_dt": "1457450617", "direction": "0", "dep_dt": "1457450715", "route_id": "Red", "dwell_time_sec": "98"}, {"arr_dt": "1457450837", "direction": "0", "dep_dt": "1457450977", "route_id": "Red", "dwell_time_sec": "140"}, {"arr_dt": "1457451064", "direction": "0", "dep_dt": "1457451144", "route_id": "Red", "dwell_time_sec": "80"}, {"arr_dt": "1457451245", "direction": "0", "dep_dt": "1457451323", "route_id": "Red", "dwell_time_sec": "78"}, {"arr_dt": "1457451693", "direction": "0", "dep_dt": "1457451760", "route_id": "Red", "dwell_time_sec": "67"}, {"arr_dt": "1457451916", "direction": "0", "dep_dt": "1457452007", "route_id": "Red", "dwell_time_sec": "91"}, {"arr_dt": "1457452394", "direction": "0", "dep_dt": "1457452465", "route_id": "Red", "dwell_time_sec": "71"}, {"arr_dt": "1457452862", "direction": "0", "dep_dt": "1457452936", "route_id": "Red", "dwell_time_sec": "74"}, {"arr_dt": "1457453252", "direction": "0", "dep_dt": "1457453338", "route_id": "Red", "dwell_time_sec": "86"}, {"arr_dt": "1457453446", "direction": "0", "dep_dt": "1457453507", "route_id": "Red", "dwell_time_sec": "61"}, {"arr_dt": "1457453657", "direction": "0", "dep_dt": "1457453718", "route_id": "Red", "dwell_time_sec": "61"}, {"arr_dt": "1457454102", "direction": "0", "dep_dt": "1457454288", "route_id": "Red", "dwell_time_sec": "186"}, {"arr_dt": "1457454559", "direction": "0", "dep_dt": "1457454656", "route_id": "Red", "dwell_time_sec": "97"}, {"arr_dt": "1457455015", "direction": "0", "dep_dt": "1457455109", "route_id": "Red", "dwell_time_sec": "94"}, {"arr_dt": "1457455356", "direction": "0", "dep_dt": "1457455436", "route_id": "Red", "dwell_time_sec": "80"}, {"arr_dt": "1457455768", "direction": "0", "dep_dt": "1457455853", "route_id": "Red", "dwell_time_sec": "85"}, {"arr_dt": "1457456001", "direction": "0", "dep_dt": "1457456071", "route_id": "Red", "dwell_time_sec": "70"}, {"arr_dt": "1457456533", "direction": "0", "dep_dt": "1457456596", "route_id": "Red", "dwell_time_sec": "63"}, {"arr_dt": "1457457202", "direction": "0", "dep_dt": "1457457423", "route_id": "Red", "dwell_time_sec": "221"}, {"arr_dt": "1457457385", "direction": "0", "dep_dt": "1457457457", "route_id": "Red", "dwell_time_sec": "72"}, {"arr_dt": "1457457750", "direction": "0", "dep_dt": "1457457835", "route_id": "Red", "dwell_time_sec": "85"}, {"arr_dt": "1457458467", "direction": "0", "dep_dt": "1457458547", "route_id": "Red", "dwell_time_sec": "80"}, {"arr_dt": "1457458714", "direction": "0", "dep_dt": "1457458776", "route_id": "Red", "dwell_time_sec": "62"}, {"arr_dt": "1457459443", "direction": "0", "dep_dt": "1457459527", "route_id": "Red", "dwell_time_sec": "84"}, {"arr_dt": "1457459613", "direction": "0", "dep_dt": "1457459688", "route_id": "Red", "dwell_time_sec": "75"}, {"arr_dt": "1457459963", "direction": "0", "dep_dt": "1457460046", "route_id": "Red", "dwell_time_sec": "83"}, {"arr_dt": "1457460269", "direction": "0", "dep_dt": "1457460344", "route_id": "Red", "dwell_time_sec": "75"}, {"arr_dt": "1457460751", "direction": "0", "dep_dt": "1457460820", "route_id": "Red", "dwell_time_sec": "69"}, {"arr_dt": "1457461279", "direction": "0", "dep_dt": "1457461371", "route_id": "Red", "dwell_time_sec": "92"}, {"arr_dt": "1457461856", "direction": "0", "dep_dt": "1457461988", "route_id": "Red", "dwell_time_sec": "132"}, {"arr_dt": "1457462097", "direction": "0", "dep_dt": "1457462170", "route_id": "Red", "dwell_time_sec": "73"}, {"arr_dt": "1457462323", "direction": "0", "dep_dt": "1457462385", "route_id": "Red", "dwell_time_sec": "62"}, {"arr_dt": "1457462929", "direction": "0", "dep_dt": "1457463006", "route_id": "Red", "dwell_time_sec": "77"}, {"arr_dt": "1457463165", "direction": "0", "dep_dt": "1457463231", "route_id": "Red", "dwell_time_sec": "66"}, {"arr_dt": "1457463553", "direction": "0", "dep_dt": "1457463622", "route_id": "Red", "dwell_time_sec": "69"}, {"arr_dt": "1457464262", "direction": "0", "dep_dt": "1457464339", "route_id": "Red", "dwell_time_sec": "77"}, {"arr_dt": "1457464782", "direction": "0", "dep_dt": "1457464869", "route_id": "Red", "dwell_time_sec": "87"}, {"arr_dt": "1457465249", "direction": "0", "dep_dt": "1457465331", "route_id": "Red", "dwell_time_sec": "82"}, {"arr_dt": "1457465938", "direction": "0", "dep_dt": "1457466033", "route_id": "Red", "dwell_time_sec": "95"}, {"arr_dt": "1457466135", "direction": "0", "dep_dt": "1457466220", "route_id": "Red", "dwell_time_sec": "85"}, {"arr_dt": "1457466430", "direction": "0", "dep_dt": "1457466539", "route_id": "Red", "dwell_time_sec": "109"}, {"arr_dt": "1457466890", "direction": "0", "dep_dt": "1457466978", "route_id": "Red", "dwell_time_sec": "88"}, {"arr_dt": "1457467239", "direction": "0", "dep_dt": "1457467316", "route_id": "Red", "dwell_time_sec": "77"}, {"arr_dt": "1457467673", "direction": "0", "dep_dt": "1457467751", "route_id": "Red", "dwell_time_sec": "78"}, {"arr_dt": "1457468216", "direction": "0", "dep_dt": "1457468325", "route_id": "Red", "dwell_time_sec": "109"}, {"arr_dt": "1457468817", "direction": "0", "dep_dt": "1457468927", "route_id": "Red", "dwell_time_sec": "110"}, {"arr_dt": "1457469287", "direction": "0", "dep_dt": "1457469583", "route_id": "Red", "dwell_time_sec": "296"}, {"arr_dt": "1457469562", "direction": "0", "dep_dt": "1457469649", "route_id": "Red", "dwell_time_sec": "87"}, {"arr_dt": "1457469826", "direction": "0", "dep_dt": "1457469914", "route_id": "Red", "dwell_time_sec": "88"}, {"arr_dt": "1457470009", "direction": "0", "dep_dt": "1457470087", "route_id": "Red", "dwell_time_sec": "78"}, {"arr_dt": "1457470203", "direction": "0", "dep_dt": "1457470291", "route_id": "Red", "dwell_time_sec": "88"}, {"arr_dt": "1457470544", "direction": "0", "dep_dt": "1457470636", "route_id": "Red", "dwell_time_sec": "92"}, {"arr_dt": "1457470772", "direction": "0", "dep_dt": "1457470875", "route_id": "Red", "dwell_time_sec": "103"}, {"arr_dt": "1457471375", "direction": "0", "dep_dt": "1457471502", "route_id": "Red", "dwell_time_sec": "127"}, {"arr_dt": "1457471597", "direction": "0", "dep_dt": "1457471693", "route_id": "Red", "dwell_time_sec": "96"}, {"arr_dt": "1457471929", "direction": "0", "dep_dt": "1457472021", "route_id": "Red", "dwell_time_sec": "92"}, {"arr_dt": "1457472138", "direction": "0", "dep_dt": "1457472388", "route_id": "Red", "dwell_time_sec": "250"}, {"arr_dt": "1457472632", "direction": "0", "dep_dt": "1457472753", "route_id": "Red", "dwell_time_sec": "121"}, {"arr_dt": "1457472848", "direction": "0", "dep_dt": "1457472937", "route_id": "Red", "dwell_time_sec": "89"}, {"arr_dt": "1457473121", "direction": "0", "dep_dt": "1457473237", "route_id": "Red", "dwell_time_sec": "116"}, {"arr_dt": "1457473334", "direction": "0", "dep_dt": "1457473426", "route_id": "Red", "dwell_time_sec": "92"}, {"arr_dt": "1457473533", "direction": "0", "dep_dt": "1457473637", "route_id": "Red", "dwell_time_sec": "104"}, {"arr_dt": "1457473736", "direction": "0", "dep_dt": "1457473834", "route_id": "Red", "dwell_time_sec": "98"}, {"arr_dt": "1457474002", "direction": "0", "dep_dt": "1457474085", "route_id": "Red", "dwell_time_sec": "83"}, {"arr_dt": "1457474190", "direction": "0", "dep_dt": "1457474286", "route_id": "Red", "dwell_time_sec": "96"}, {"arr_dt": "1457474478", "direction": "0", "dep_dt": "1457474564", "route_id": "Red", "dwell_time_sec": "86"}, {"arr_dt": "1457474815", "direction": "0", "dep_dt": "1457474899", "route_id": "Red", "dwell_time_sec": "84"}, {"arr_dt": "1457475077", "direction": "0", "dep_dt": "1457475199", "route_id": "Red", "dwell_time_sec": "122"}, {"arr_dt": "1457475560", "direction": "0", "dep_dt": "1457475699", "route_id": "Red", "dwell_time_sec": "139"}, {"arr_dt": "1457475827", "direction": "0", "dep_dt": "1457475925", "route_id": "Red", "dwell_time_sec": "98"}, {"arr_dt": "1457476158", "direction": "0", "dep_dt": "1457476283", "route_id": "Red", "dwell_time_sec": "125"}, {"arr_dt": "1457476379", "direction": "0", "dep_dt": "1457476495", "route_id": "Red", "dwell_time_sec": "116"}, {"arr_dt": "1457476650", "direction": "0", "dep_dt": "1457476750", "route_id": "Red", "dwell_time_sec": "100"}, {"arr_dt": "1457476930", "direction": "0", "dep_dt": "1457477040", "route_id": "Red", "dwell_time_sec": "110"}, {"arr_dt": "1457477132", "direction": "0", "dep_dt": "1457477230", "route_id": "Red", "dwell_time_sec": "98"}, {"arr_dt": "1457477355", "direction": "0", "dep_dt": "1457477448", "route_id": "Red", "dwell_time_sec": "93"}, {"arr_dt": "1457477543", "direction": "0", "dep_dt": "1457477637", "route_id": "Red", "dwell_time_sec": "94"}, {"arr_dt": "1457477735", "direction": "0", "dep_dt": "1457477821", "route_id": "Red", "dwell_time_sec": "86"}, {"arr_dt": "1457477939", "direction": "0", "dep_dt": "1457478037", "route_id": "Red", "dwell_time_sec": "98"}, {"arr_dt": "1457478148", "direction": "0", "dep_dt": "1457478249", "route_id": "Red", "dwell_time_sec": "101"}, {"arr_dt": "1457478486", "direction": "0", "dep_dt": "1457478622", "route_id": "Red", "dwell_time_sec": "136"}, {"arr_dt": "1457478753", "direction": "0", "dep_dt": "1457478832", "route_id": "Red", "dwell_time_sec": "79"}, {"arr_dt": "1457478977", "direction": "0", "dep_dt": "1457479089", "route_id": "Red", "dwell_time_sec": "112"}, {"arr_dt": "1457479229", "direction": "0", "dep_dt": "1457479453", "route_id": "Red", "dwell_time_sec": "224"}, {"arr_dt": "1457479448", "direction": "0", "dep_dt": "1457479531", "route_id": "Red", "dwell_time_sec": "83"}, {"arr_dt": "1457479776", "direction": "0", "dep_dt": "1457479873", "route_id": "Red", "dwell_time_sec": "97"}, {"arr_dt": "1457479968", "direction": "0", "dep_dt": "1457480046", "route_id": "Red", "dwell_time_sec": "78"}, {"arr_dt": "1457480175", "direction": "0", "dep_dt": "1457480243", "route_id": "Red", "dwell_time_sec": "68"}, {"arr_dt": "1457480347", "direction": "0", "dep_dt": "1457480439", "route_id": "Red", "dwell_time_sec": "92"}, {"arr_dt": "1457480533", "direction": "0", "dep_dt": "1457480608", "route_id": "Red", "dwell_time_sec": "75"}, {"arr_dt": "1457480887", "direction": "0", "dep_dt": "1457480961", "route_id": "Red", "dwell_time_sec": "74"}, {"arr_dt": "1457481110", "direction": "0", "dep_dt": "1457481193", "route_id": "Red", "dwell_time_sec": "83"}, {"arr_dt": "1457481306", "direction": "0", "dep_dt": "1457481381", "route_id": "Red", "dwell_time_sec": "75"}, {"arr_dt": "1457481528", "direction": "0", "dep_dt": "1457481604", "route_id": "Red", "dwell_time_sec": "76"}, {"arr_dt": "1457482156", "direction": "0", "dep_dt": "1457482253", "route_id": "Red", "dwell_time_sec": "97"}, {"arr_dt": "1457482407", "direction": "0", "dep_dt": "1457482493", "route_id": "Red", "dwell_time_sec": "86"}, {"arr_dt": "1457482592", "direction": "0", "dep_dt": "1457482680", "route_id": "Red", "dwell_time_sec": "88"}, {"arr_dt": "1457482936", "direction": "0", "dep_dt": "1457483024", "route_id": "Red", "dwell_time_sec": "88"}, {"arr_dt": "1457483125", "direction": "0", "dep_dt": "1457483201", "route_id": "Red", "dwell_time_sec": "76"}, {"arr_dt": "1457483320", "direction": "0", "dep_dt": "1457483421", "route_id": "Red", "dwell_time_sec": "101"}, {"arr_dt": "1457483509", "direction": "0", "dep_dt": "1457483598", "route_id": "Red", "dwell_time_sec": "89"}, {"arr_dt": "1457483755", "direction": "0", "dep_dt": "1457483818", "route_id": "Red", "dwell_time_sec": "63"}, {"arr_dt": "1457484166", "direction": "0", "dep_dt": "1457484243", "route_id": "Red", "dwell_time_sec": "77"}, {"arr_dt": "1457484413", "direction": "0", "dep_dt": "1457484514", "route_id": "Red", "dwell_time_sec": "101"}, {"arr_dt": "1457484800", "direction": "0", "dep_dt": "1457484877", "route_id": "Red", "dwell_time_sec": "77"}, {"arr_dt": "1457484990", "direction": "0", "dep_dt": "1457485079", "route_id": "Red", "dwell_time_sec": "89"}, {"arr_dt": "1457485388", "direction": "0", "dep_dt": "1457485455", "route_id": "Red", "dwell_time_sec": "67"}, {"arr_dt": "1457485577", "direction": "0", "dep_dt": "1457485636", "route_id": "Red", "dwell_time_sec": "59"}, {"arr_dt": "1457485839", "direction": "0", "dep_dt": "1457485899", "route_id": "Red", "dwell_time_sec": "60"}, {"arr_dt": "1457486024", "direction": "0", "dep_dt": "1457486088", "route_id": "Red", "dwell_time_sec": "64"}, {"arr_dt": "1457486336", "direction": "0", "dep_dt": "1457486419", "route_id": "Red", "dwell_time_sec": "83"}, {"arr_dt": "1457486769", "direction": "0", "dep_dt": "1457486832", "route_id": "Red", "dwell_time_sec": "63"}, {"arr_dt": "1457487158", "direction": "0", "dep_dt": "1457487227", "route_id": "Red", "dwell_time_sec": "69"}, {"arr_dt": "1457487658", "direction": "0", "dep_dt": "1457487727", "route_id": "Red", "dwell_time_sec": "69"}, {"arr_dt": "1457487894", "direction": "0", "dep_dt": "1457487950", "route_id": "Red", "dwell_time_sec": "56"}, {"arr_dt": "1457488132", "direction": "0", "dep_dt": "1457488199", "route_id": "Red", "dwell_time_sec": "67"}, {"arr_dt": "1457488638", "direction": "0", "dep_dt": "1457488714", "route_id": "Red", "dwell_time_sec": "76"}, {"arr_dt": "1457489599", "direction": "0", "dep_dt": "1457489697", "route_id": "Red", "dwell_time_sec": "98"}, {"arr_dt": "1457489933", "direction": "0", "dep_dt": "1457489998", "route_id": "Red", "dwell_time_sec": "65"}, {"arr_dt": "1457490256", "direction": "0", "dep_dt": "1457490354", "route_id": "Red", "dwell_time_sec": "98"}, {"arr_dt": "1457490462", "direction": "0", "dep_dt": "1457490525", "route_id": "Red", "dwell_time_sec": "63"}, {"arr_dt": "1457491042", "direction": "0", "dep_dt": "1457491138", "route_id": "Red", "dwell_time_sec": "96"}, {"arr_dt": "1457491275", "direction": "0", "dep_dt": "1457491335", "route_id": "Red", "dwell_time_sec": "60"}, {"arr_dt": "1457491442", "direction": "0", "dep_dt": "1457491520", "route_id": "Red", "dwell_time_sec": "78"}, {"arr_dt": "1457491819", "direction": "0", "dep_dt": "1457491886", "route_id": "Red", "dwell_time_sec": "67"}, {"arr_dt": "1457492053", "direction": "0", "dep_dt": "1457492127", "route_id": "Red", "dwell_time_sec": "74"}, {"arr_dt": "1457492574", "direction": "0", "dep_dt": "1457492634", "route_id": "Red", "dwell_time_sec": "60"}, {"arr_dt": "1457492758", "direction": "0", "dep_dt": "1457492815", "route_id": "Red", "dwell_time_sec": "57"}, {"arr_dt": "1457493252", "direction": "0", "dep_dt": "1457493316", "route_id": "Red", "dwell_time_sec": "64"}, {"arr_dt": "1457494281", "direction": "0", "dep_dt": "1457494347", "route_id": "Red", "dwell_time_sec": "66"}, {"arr_dt": "1457494493", "direction": "0", "dep_dt": "1457494626", "route_id": "Red", "dwell_time_sec": "133"}, {"arr_dt": "1457495326", "direction": "0", "dep_dt": "1457495392", "route_id": "Red", "dwell_time_sec": "66"}, {"arr_dt": "1457495730", "direction": "0", "dep_dt": "1457495797", "route_id": "Red", "dwell_time_sec": "67"}, {"arr_dt": "1457496150", "direction": "0", "dep_dt": "1457496218", "route_id": "Red", "dwell_time_sec": "68"}, {"arr_dt": "1457496573", "direction": "0", "dep_dt": "1457496643", "route_id": "Red", "dwell_time_sec": "70"}, {"arr_dt": "1457497063", "direction": "0", "dep_dt": "1457497132", "route_id": "Red", "dwell_time_sec": "69"}, {"arr_dt": "1457497563", "direction": "0", "dep_dt": "1457497630", "route_id": "Red", "dwell_time_sec": "67"}, {"arr_dt": "1457497779", "direction": "0", "dep_dt": "1457497862", "route_id": "Red", "dwell_time_sec": "83"}, {"arr_dt": "1457497947", "direction": "0", "dep_dt": "1457497998", "route_id": "Red", "dwell_time_sec": "51"}, {"arr_dt": "1457498284", "direction": "0", "dep_dt": "1457498347", "route_id": "Red", "dwell_time_sec": "63"}, {"arr_dt": "1457498557", "direction": "0", "dep_dt": "1457498624", "route_id": "Red", "dwell_time_sec": "67"}, {"arr_dt": "1457499020", "direction": "0", "dep_dt": "1457499104", "route_id": "Red", "dwell_time_sec": "84"}, {"arr_dt": "1457499185", "direction": "0", "dep_dt": "1457499251", "route_id": "Red", "dwell_time_sec": "66"}, {"arr_dt": "1457499483", "direction": "0", "dep_dt": "1457499547", "route_id": "Red", "dwell_time_sec": "64"}]}