{"dwell_times": [{"arr_dt": "1465617586", "direction": "0", "dep_dt": "1465617633", "route_id": "Red", "dwell_time_sec": "47"}, {"arr_dt": "1465618329", "direction": "0", "dep_dt": "1465618396", "route_id": "Red", "dwell_time_sec": "67"}, {"arr_dt": "1465618503", "direction": "0", "dep_dt": "1465618575", "route_id": "Red", "dwell_time_sec": "72"}, {"arr_dt": "1465619411", "direction": "0", "dep_dt": "1465619469", "route_id": "Red", "dwell_time_sec": "58"}, {"arr_dt": "1465619567", "direction": "0", "dep_dt": "1465619630", "route_id": "Red", "dwell_time_sec": "63"}, {"arr_dt": "1465619726", "direction": "0", "dep_dt": "1465619777", "route_id": "Red", "dwell_time_sec": "51"}, {"arr_dt": "1465621010", "direction": "0", "dep_dt": "1465622334", "route_id": "Red", "dwell_time_sec": "1324"}, {"arr_dt": "1465637731", "direction": "0", "dep_dt": "1465637795", "route_id": "Red", "dwell_time_sec": "64"}, {"arr_dt": "1465638084", "direction": "0", "dep_dt": "1465638139", "route_id": "Red", "dwell_time_sec": "55"}, {"arr_dt": "1465638423", "direction": "0", "dep_dt": "1465638473", "route_id": "Red", "dwell_time_sec": "50"}, {"arr_dt": "1465638922", "direction": "0", "dep_dt": "1465638979", "route_id": "Red", "dwell_time_sec": "57"}, {"arr_dt": "1465639315", "direction": "0", "dep_dt": "1465639382", "route_id": "Red", "dwell_time_sec": "67"}, {"arr_dt": "1465639820", "direction": "0", "dep_dt": "1465639874", "route_id": "Red", "dwell_time_sec": "54"}, {"arr_dt": "1465640239", "direction": "0", "dep_dt": "1465640292", "route_id": "Red", "dwell_time_sec": "53"}, {"arr_dt": "1465640717", "direction": "0", "dep_dt": "1465640781", "route_id": "Red", "dwell_time_sec": "64"}, {"arr_dt": "1465641258", "direction": "0", "dep_dt": "1465641323", "route_id": "Red", "dwell_time_sec": "65"}, {"arr_dt": "1465641427", "direction": "0", "dep_dt": "1465641481", "route_id": "Red", "dwell_time_sec": "54"}, {"arr_dt": "1465641840", "direction": "0", "dep_dt": "1465641913", "route_id": "Red", "dwell_time_sec": "73"}, {"arr_dt": "1465642292", "direction": "0", "dep_dt": "1465642355", "route_id": "Red", "dwell_time_sec": "63"}, {"arr_dt": "1465642705", "direction": "0", "dep_dt": "1465642770", "route_id": "Red", "dwell_time_sec": "65"}, {"arr_dt": "1465643046", "direction": "0", "dep_dt": "1465643120", "route_id": "Red", "dwell_time_sec": "74"}, {"arr_dt": "1465643575", "direction": "0", "dep_dt": "1465643642", "route_id": "Red", "dwell_time_sec": "67"}, {"arr_dt": "1465644047", "direction": "0", "dep_dt": "1465644108", "route_id": "Red", "dwell_time_sec": "61"}, {"arr_dt": "1465644495", "direction": "0", "dep_dt": "1465644554", "route_id": "Red", "dwell_time_sec": "59"}, {"arr_dt": "1465645179", "direction": "0", "dep_dt": "1465645245", "route_id": "Red", "dwell_time_sec": "66"}, {"arr_dt": "1465645692", "direction": "0", "dep_dt": "1465645750", "route_id": "Red", "dwell_time_sec": "58"}, {"arr_dt": "1465646294", "direction": "0", "dep_dt": "1465646378", "route_id": "Red", "dwell_time_sec": "84"}, {"arr_dt": "1465646633", "direction": "0", "dep_dt": "1465646686", "route_id": "Red", "dwell_time_sec": "53"}, {"arr_dt": "1465646853", "direction": "0", "dep_dt": "1465646910", "route_id": "Red", "dwell_time_sec": "57"}, {"arr_dt": "1465647269", "direction": "0", "dep_dt": "1465647341", "route_id": "Red", "dwell_time_sec": "72"}, {"arr_dt": "1465647830", "direction": "0", "dep_dt": "1465647902", "route_id": "Red", "dwell_time_sec": "72"}, {"arr_dt": "1465648052", "direction": "0", "dep_dt": "1465648110", "route_id": "Red", "dwell_time_sec": "58"}, {"arr_dt": "1465648666", "direction": "0", "dep_dt": "1465648739", "route_id": "Red", "dwell_time_sec": "73"}, {"arr_dt": "1465648995", "direction": "0", "dep_dt": "1465649069", "route_id": "Red", "dwell_time_sec": "74"}, {"arr_dt": "1465649442", "direction": "0", "dep_dt": "1465649507", "route_id": "Red", "dwell_time_sec": "65"}, {"arr_dt": "1465649829", "direction": "0", "dep_dt": "1465649904", "route_id": "Red", "dwell_time_sec": "75"}, {"arr_dt": "1465650437", "direction": "0", "dep_dt": "1465650503", "route_id": "Red", "dwell_time_sec": "66"}, {"arr_dt": "1465651017", "direction": "0", "dep_dt": "1465651128", "route_id": "Red", "dwell_time_sec": "111"}, {"arr_dt": "1465651459", "direction": "0", "dep_dt": "1465651544", "route_id": "Red", "dwell_time_sec": "85"}, {"arr_dt": "1465651704", "direction": "0", "dep_dt": "1465651779", "route_id": "Red", "dwell_time_sec": "75"}, {"arr_dt": "1465651959", "direction": "0", "dep_dt": "1465652028", "route_id": "Red", "dwell_time_sec": "69"}, {"arr_dt": "1465652611", "direction": "0", "dep_dt": "1465652671", "route_id": "Red", "dwell_time_sec": "60"}, {"arr_dt": "1465653082", "direction": "0", "dep_dt": "1465653158", "route_id": "Red", "dwell_time_sec": "76"}, {"arr_dt": "1465653271", "direction": "0", "dep_dt": "1465653352", "route_id": "Red", "dwell_time_sec": "81"}, {"arr_dt": "1465653833", "direction": "0", "dep_dt": "1465653933", "route_id": "Red", "dwell_time_sec": "100"}, {"arr_dt": "1465654113", "direction": "0", "dep_dt": "1465654183", "route_id": "Red", "dwell_time_sec": "70"}, {"arr_dt": "1465654563", "direction": "0", "dep_dt": "1465654632", "route_id": "Red", "dwell_time_sec": "69"}, {"arr_dt": "1465654932", "direction": "0", "dep_dt": "1465655000", "route_id": "Red", "dwell_time_sec": "68"}, {"arr_dt": "1465655320", "direction": "0", "dep_dt": "1465655421", "route_id": "Red", "dwell_time_sec": "101"}, {"arr_dt": "1465655822", "direction": "0", "dep_dt": "1465655922", "route_id": "Red", "dwell_time_sec": "100"}, {"arr_dt": "1465656193", "direction": "0", "dep_dt": "1465656334", "route_id": "Red", "dwell_time_sec": "141"}, {"arr_dt": "1465656652", "direction": "0", "dep_dt": "1465656756", "route_id": "Red", "dwell_time_sec": "104"}, {"arr_dt": "1465657072", "direction": "0", "dep_dt": "1465657159", "route_id": "Red", "dwell_time_sec": "87"}, {"arr_dt": "1465657314", "direction": "0", "dep_dt": "1465657374", "route_id": "Red", "dwell_time_sec": "60"}, {"arr_dt": "1465657712", "direction": "0", "dep_dt": "1465657783", "route_id": "Red", "dwell_time_sec": "71"}, {"arr_dt": "1465658275", "direction": "0", "dep_dt": "1465658358", "route_id": "Red", "dwell_time_sec": "83"}, {"arr_dt": "1465658756", "direction": "0", "dep_dt": "1465658878", "route_id": "Red", "dwell_time_sec": "122"}, {"arr_dt": "1465659127", "direction": "0", "dep_dt": "1465659206", "route_id": "Red", "dwell_time_sec": "79"}, {"arr_dt": "1465659621", "direction": "0", "dep_dt": "1465659728", "route_id": "Red", "dwell_time_sec": "107"}, {"arr_dt": "1465660155", "direction": "0", "dep_dt": "1465660229", "route_id": "Red", "dwell_time_sec": "74"}, {"arr_dt": "1465660527", "direction": "0", "dep_dt": "1465660698", "route_id": "Red", "dwell_time_sec": "171"}, {"arr_dt": "1465661131", "direction": "0", "dep_dt": "1465661233", "route_id": "Red", "dwell_time_sec": "102"}, {"arr_dt": "1465661330", "direction": "0", "dep_dt": "1465661440", "route_id": "Red", "dwell_time_sec": "110"}, {"arr_dt": "1465661713", "direction": "0", "dep_dt": "1465661804", "route_id": "Red", "dwell_time_sec": "91"}, {"arr_dt": "1465662175", "direction": "0", "dep_dt": "1465662340", "route_id": "Red", "dwell_time_sec": "165"}, {"arr_dt": "1465662714", "direction": "0", "dep_dt": "1465662811", "route_id": "Red", "dwell_time_sec": "97"}, {"arr_dt": "1465663065", "direction": "0", "dep_dt": "1465663134", "route_id": "Red", "dwell_time_sec": "69"}, {"arr_dt": "1465663579", "direction": "0", "dep_dt": "1465663680", "route_id": "Red", "dwell_time_sec": "101"}, {"arr_dt": "1465663852", "direction": "0", "dep_dt": "1465663929", "route_id": "Red", "dwell_time_sec": "77"}, {"arr_dt": "1465664119", "direction": "0", "dep_dt": "1465664184", "route_id": "Red", "dwell_time_sec": "65"}, {"arr_dt": "1465664540", "direction": "0", "dep_dt": "1465664622", "route_id": "Red", "dwell_time_sec": "82"}, {"arr_dt": "1465664947", "direction": "0", "dep_dt": "1465665063", "route_id": "Red", "dwell_time_sec": "116"}, {"arr_dt": "1465665432", "direction": "0", "dep_dt": "1465665527", "route_id": "Red", "dwell_time_sec": "95"}, {"arr_dt": "1465665848", "direction": "0", "dep_dt": "1465665925", "route_id": "Red", "dwell_time_sec": "77"}, {"arr_dt": "1465666316", "direction": "0", "dep_dt": "1465666409", "route_id": "Red", "dwell_time_sec": "93"}, {"arr_dt": "1465666860", "direction": "0", "dep_dt": "1465666951", "route_id": "Red", "dwell_time_sec": "91"}, {"arr_dt": "1465667073", "direction": "0", "dep_dt": "1465667153", "route_id": "Red", "dwell_time_sec": "80"}, {"arr_dt": "1465667563", "direction": "0", "dep_dt": "1465667660", "route_id": "Red", "dwell_time_sec": "97"}, {"arr_dt": "1465668271", "direction": "0", "dep_dt": "1465668386", "route_id": "Red", "dwell_time_sec": "115"}, {"arr_dt": "1465668562", "direction": "0", "dep_dt": "1465668649", "route_id": "Red", "dwell_time_sec": "87"}, {"arr_dt": "1465668820", "direction": "0", "dep_dt": "1465668930", "route_id": "Red", "dwell_time_sec": "110"}, {"arr_dt": "1465669213", "direction": "0", "dep_dt": "1465669300", "route_id": "Red", "dwell_time_sec": "87"}, {"arr_dt": "1465669571", "direction": "0", "dep_dt": "1465669630", "route_id": "Red", "dwell_time_sec": "59"}, {"arr_dt": "1465670041", "direction": "0", "dep_dt": "1465670128", "route_id": "Red", "dwell_time_sec": "87"}, {"arr_dt": "1465670493", "direction": "0", "dep_dt": "1465670580", "route_id": "Red", "dwell_time_sec": "87"}, {"arr_dt": "1465670831", "direction": "0", "dep_dt": "1465670901", "route_id": "Red", "dwell_time_sec": "70"}, {"arr_dt": "1465671322", "direction": "0", "dep_dt": "1465671413", "route_id": "Red", "dwell_time_sec": "91"}, {"arr_dt": "1465671641", "direction": "0", "dep_dt": "1465671710", "route_id": "Red", "dwell_time_sec": "69"}, {"arr_dt": "1465672208", "direction": "0", "dep_dt": "1465672309", "route_id": "Red", "dwell_time_sec": "101"}, {"arr_dt": "1465672821", "direction": "0", "dep_dt": "1465672908", "route_id": "Red", "dwell_time_sec": "87"}, {"arr_dt": "1465673128", "direction": "0", "dep_dt": "1465673251", "route_id": "Red", "dwell_time_sec": "123"}, {"arr_dt": "1465673534", "direction": "0", "dep_dt": "1465673613", "route_id": "Red", "dwell_time_sec": "79"}, {"arr_dt": "1465674135", "direction": "0", "dep_dt": "1465674246", "route_id": "Red", "dwell_time_sec": "111"}, {"arr_dt": "1465674346", "direction": "0", "dep_dt": "1465674431", "route_id": "Red", "dwell_time_sec": "85"}, {"arr_dt": "1465674661", "direction": "0", "dep_dt": "1465674743", "route_id": "Red", "dwell_time_sec": "82"}, {"arr_dt": "1465675091", "direction": "0", "dep_dt": "1465675173", "route_id": "Red", "dwell_time_sec": "82"}, {"arr_dt": "1465675474", "direction": "0", "dep_dt": "1465675547", "route_id": "Red", "dwell_time_sec": "73"}, {"arr_dt": "1465675882", "direction": "0", "dep_dt": "1465675958", "route_id": "Red", "dwell_time_sec": "76"}, {"arr_dt": "1465676436", "direction": "0", "dep_dt": "1465676529", "route_id": "Red", "dwell_time_sec": "93"}, {"arr_dt": "1465676916", "direction": "0", "dep_dt": "1465677018", "route_id": "Red", "dwell_time_sec": "102"}, {"arr_dt": "1465677381", "direction": "0", "dep_dt": "1465677482", "route_id": "Red", "dwell_time_sec": "101"}, {"arr_dt": "1465677570", "direction": "0", "dep_dt": "1465677644", "route_id": "Red", "dwell_time_sec": "74"}, {"arr_dt": "1465678116", "direction": "0", "dep_dt": "1465678202", "route_id": "Red", "dwell_time_sec": "86"}, {"arr_dt": "1465679300", "direction": "0", "dep_dt": "1465679391", "route_id": "Red", "dwell_time_sec": "91"}, {"arr_dt": "1465679507", "direction": "0", "dep_dt": "1465679604", "route_id": "Red", "dwell_time_sec": "97"}, {"arr_dt": "1465679899", "direction": "0", "dep_dt": "1465679964", "route_id": "Red", "dwell_time_sec": "65"}, {"arr_dt": "1465680254", "direction": "0", "dep_dt": "1465680340", "route_id": "Red", "dwell_time_sec": "86"}, {"arr_dt": "1465680428", "direction": "0", "dep_dt": "1465680493", "route_id": "Red", "dwell_time_sec": "65"}, {"arr_dt": "1465680746", "direction": "0", "dep_dt": "1465680818", "route_id": "Red", "dwell_time_sec": "72"}, {"arr_dt": "1465681121", "direction": "0", "dep_dt": "1465681189", "route_id": "Red", "dwell_time_sec": "68"}, {"arr_dt": "1465681710", "direction": "0", "dep_dt": "1465681783", "route_id": "Red", "dwell_time_sec": "73"}, {"arr_dt": "1465681908", "direction": "0", "dep_dt": "1465681981", "route_id": "Red", "dwell_time_sec": "73"}, {"arr_dt": "1465682405", "direction": "0", "dep_dt": "1465682492", "route_id": "Red", "dwell_time_sec": "87"}, {"arr_dt": "1465682701", "direction": "0", "dep_dt": "1465682772", "route_id": "Red", "dwell_time_sec": "71"}, {"arr_dt": "1465683210", "direction": "0", "dep_dt": "1465683297", "route_id": "Red", "dwell_time_sec": "87"}, {"arr_dt": "1465683607", "direction": "0", "dep_dt": "1465683699", "route_id": "Red", "dwell_time_sec": "92"}, {"arr_dt": "1465684082", "direction": "0", "dep_dt": "1465684155", "route_id": "Red", "dwell_time_sec": "73"}, {"arr_dt": "1465684449", "direction": "0", "dep_dt": "1465684553", "route_id": "Red", "dwell_time_sec": "104"}, {"arr_dt": "1465685059", "direction": "0", "dep_dt": "1465685140", "route_id": "Red", "dwell_time_sec": "81"}, {"arr_dt": "1465685644", "direction": "0", "dep_dt": "1465685722", "route_id": "Red", "dwell_time_sec": "78"}, {"arr_dt": "1465685906", "direction": "0", "dep_dt": "1465685973", "route_id": "Red", "dwell_time_sec": "67"}, {"arr_dt": "1465686325", "direction": "0", "dep_dt": "1465686389", "route_id": "Red", "dwell_time_sec": "64"}, {"arr_dt": "1465686775", "direction": "0", "dep_dt": "1465686849", "route_id": "Red", "dwell_time_sec": "74"}, {"arr_dt": "1465686958", "direction": "0", "dep_dt": "1465687025", "route_id": "Red", "dwell_time_sec": "67"}, {"arr_dt": "1465687336", "direction": "0", "dep_dt": "1465687442", "route_id": "Red", "dwell_time_sec": "106"}, {"arr_dt": "1465687659", "direction": "0", "dep_dt": "1465687723", "route_id": "Red", "dwell_time_sec": "64"}, {"arr_dt": "1465688080", "direction": "0", "dep_dt": "1465688148", "route_id": "Red", "dwell_time_sec": "68"}, {"arr_dt": "1465688469", "direction": "0", "dep_dt": "1465688531", "route_id": "Red", "dwell_time_sec": "62"}, {"arr_dt": "1465688945", "direction": "0", "dep_dt": "1465689020", "route_id": "Red", "dwell_time_sec": "75"}, {"arr_dt": "1465689399", "direction": "0", "dep_dt": "1465689465", "route_id": "Red", "dwell_time_sec": "66"}, {"arr_dt": "1465689817", "direction": "0", "dep_dt": "1465689913", "route_id": "Red", "dwell_time_sec": "96"}, {"arr_dt": "1465690123", "direction": "0", "dep_dt": "1465690197", "route_id": "Red", "dwell_time_sec": "74"}, {"arr_dt": "1465690567", "direction": "0", "dep_dt": "1465690635", "route_id": "Red", "dwell_time_sec": "68"}, {"arr_dt": "1465691068", "direction": "0", "dep_dt": "1465691149", "route_id": "Red", "dwell_time_sec": "81"}, {"arr_dt": "1465691526", "direction": "0", "dep_dt": "1465691593", "route_id": "Red", "dwell_time_sec": "67"}, {"arr_dt": "1465691887", "direction": "0", "dep_dt": "1465691964", "route_id": "Red", "dwell_time_sec": "77"}, {"arr_dt": "1465692280", "direction": "0", "dep_dt": "1465692339", "route_id": "Red", "dwell_time_sec": "59"}, {"arr_dt": "1465692792", "direction": "0", "dep_dt": "1465692858", "route_id": "Red", "dwell_time_sec": "66"}, {"arr_dt": "1465693157", "direction": "0", "dep_dt": "1465693253", "route_id": "Red", "dwell_time_sec": "96"}, {"arr_dt": "1465693621", "direction": "0", "dep_dt": "1465693688", "route_id": "Red", "dwell_time_sec": "67"}, {"arr_dt": "1465694096", "direction": "0", "dep_dt": "1465694177", "route_id": "Red", "dwell_time_sec": "81"}, {"arr_dt": "1465694593", "direction": "0", "dep_dt": "1465694685", "route_id": "Red", "dwell_time_sec": "92"}, {"arr_dt": "1465694914", "direction": "0", "dep_dt": "1465694993", "route_id": "Red", "dwell_time_sec": "79"}, {"arr_dt": "1465695190", "direction": "0", "dep_dt": "1465695260", "route_id": "Red", "dwell_time_sec": "70"}, {"arr_dt": "1465695713", "direction": "0", "dep_dt": "1465695791", "route_id": "Red", "dwell_time_sec": "78"}, {"arr_dt": "1465696110", "direction": "0", "dep_dt": "1465696177", "route_id": "Red", "dwell_time_sec": "67"}, {"arr_dt": "1465696524", "direction": "0", "dep_dt": "1465696588", "route_id": "Red", "dwell_time_sec": "64"}, {"arr_dt": "1465696756", "direction": "0", "dep_dt": "1465696808", "route_id": "Red", "dwell_time_sec": "52"}, {"arr_dt": "1465697427", "direction": "0", "dep_dt": "1465697508", "route_id": "Red", "dwell_time_sec": "81"}, {"arr_dt": "1465697727", "direction": "0", "dep_dt": "1465697794", "route_id": "Red", "dwell_time_sec": "67"}, {"arr_dt": "1465698172", "direction": "0", "dep_dt": "1465698236", "route_id": "Red", "dwell_time_sec": "64"}, {"arr_dt": "1465698575", "direction": "0", "dep_dt": "1465698649", "route_id": "Red", "dwell_time_sec": "74"}, {"arr_dt": "1465699098", "direction": "0", "dep_dt": "1465699201", "route_id": "Red", "dwell_time_sec": "103"}, {"arr_dt": "1465699373", "direction": "0", "dep_dt": "1465699443", "route_id": "Red", "dwell_time_sec": "70"}, {"arr_dt": "1465699873", "direction": "0", "dep_dt": "1465699963", "route_id": "Red", "dwell_time_sec": "90"}, {"arr_dt": "1465700150", "direction": "0", "dep_dt": "1465700213", "route_id": "Red", "dwell_time_sec": "63"}, {"arr_dt": "1465700702", "direction": "0", "dep_dt": "1465700773", "route_id": "Red", "dwell_time_sec": "71"}, {"arr_dt": "1465701094", "direction": "0", "dep_dt": "1465701161", "route_id": "Red", "dwell_time_sec": "67"}, {"arr_dt": "1465701630", "direction": "0", "dep_dt": "1465701706", "route_id": "Red", "dwell_time_sec": "76"}, {"arr_dt": "1465701850", "direction": "0", "dep_dt": "1465701906", "route_id": "Red", "dwell_time_sec": "56"}, {"arr_dt": "1465702353", "direction": "0", "dep_dt": "1465702416", "route_id": "Red", "dwell_time_sec": "63"}, {"arr_dt": "1465702724", "direction": "0", "dep_dt": "1465702789", "route_id": "Red", "dwell_time_sec": "65"}, {"arr_dt": "1465703223", "direction": "0", "dep_dt": "1465703303", "route_id": "Red", "dwell_time_sec": "80"}, {"arr_dt": "1465703621", "direction": "0", "dep_dt": "1465703698", "route_id": "Red", "dwell_time_sec": "77"}]}