{"dwell_times": [{"arr_dt": "1463630322", "direction": "0", "dep_dt": "1463630413", "route_id": "Red", "dwell_time_sec": "91"}, {"arr_dt": "1463630667", "direction": "0", "dep_dt": "1463630727", "route_id": "Red", "dwell_time_sec": "60"}, {"arr_dt": "1463630902", "direction": "0", "dep_dt": "1463630961", "route_id": "Red", "dwell_time_sec": "59"}, {"arr_dt": "1463631303", "direction": "0", "dep_dt": "1463631353", "route_id": "Red", "dwell_time_sec": "50"}, {"arr_dt": "1463632015", "direction": "0", "dep_dt": "1463632093", "route_id": "Red", "dwell_time_sec": "78"}, {"arr_dt": "1463632821", "direction": "0", "dep_dt": "1463632895", "route_id": "Red", "dwell_time_sec": "74"}, {"arr_dt": "1463633046", "direction": "0", "dep_dt": "1463633100", "route_id": "Red", "dwell_time_sec": "54"}, {"arr_dt": "1463633755", "direction": "0", "dep_dt": "1463635205", "route_id": "Red", "dwell_time_sec": "1450"}, {"arr_dt": "1463650341", "direction": "0", "dep_dt": "1463650398", "route_id": "Red", "dwell_time_sec": "57"}, {"arr_dt": "1463650966", "direction": "0", "dep_dt": "1463651083", "route_id": "Red", "dwell_time_sec": "117"}, {"arr_dt": "1463651314", "direction": "0", "dep_dt": "1463651379", "route_id": "Red", "dwell_time_sec": "65"}, {"arr_dt": "1463651663", "direction": "0", "dep_dt": "1463651720", "route_id": "Red", "dwell_time_sec": "57"}, {"arr_dt": "1463652092", "direction": "0", "dep_dt": "1463652157", "route_id": "Red", "dwell_time_sec": "65"}, {"arr_dt": "1463652692", "direction": "0", "dep_dt": "1463652756", "route_id": "Red", "dwell_time_sec": "64"}, {"arr_dt": "1463653034", "direction": "0", "dep_dt": "1463653088", "route_id": "Red", "dwell_time_sec": "54"}, {"arr_dt": "1463653509", "direction": "0", "dep_dt": "1463653599", "route_id": "Red", "dwell_time_sec": "90"}, {"arr_dt": "1463653961", "direction": "0", "dep_dt": "1463654072", "route_id": "Red", "dwell_time_sec": "111"}, {"arr_dt": "1463654184", "direction": "0", "dep_dt": "1463654269", "route_id": "Red", "dwell_time_sec": "85"}, {"arr_dt": "1463654607", "direction": "0", "dep_dt": "1463654677", "route_id": "Red", "dwell_time_sec": "70"}, {"arr_dt": "1463654776", "direction": "0", "dep_dt": "1463654859", "route_id": "Red", "dwell_time_sec": "83"}, {"arr_dt": "1463655271", "direction": "0", "dep_dt": "1463655351", "route_id": "Red", "dwell_time_sec": "80"}, {"arr_dt": "1463655547", "direction": "0", "dep_dt": "1463655629", "route_id": "Red", "dwell_time_sec": "82"}, {"arr_dt": "1463655763", "direction": "0", "dep_dt": "1463655853", "route_id": "Red", "dwell_time_sec": "90"}, {"arr_dt": "1463656056", "direction": "0", "dep_dt": "1463656125", "route_id": "Red", "dwell_time_sec": "69"}, {"arr_dt": "1463656223", "direction": "0", "dep_dt": "1463656286", "route_id": "Red", "dwell_time_sec": "63"}, {"arr_dt": "1463656514", "direction": "0", "dep_dt": "1463656582", "route_id": "Red", "dwell_time_sec": "68"}, {"arr_dt": "1463656729", "direction": "0", "dep_dt": "1463656791", "route_id": "Red", "dwell_time_sec": "62"}, {"arr_dt": "1463656908", "direction": "0", "dep_dt": "1463656975", "route_id": "Red", "dwell_time_sec": "67"}, {"arr_dt": "1463657085", "direction": "0", "dep_dt": "1463657153", "route_id": "Red", "dwell_time_sec": "68"}, {"arr_dt": "1463657486", "direction": "0", "dep_dt": "1463657565", "route_id": "Red", "dwell_time_sec": "79"}, {"arr_dt": "1463657680", "direction": "0", "dep_dt": "1463657758", "route_id": "Red", "dwell_time_sec": "78"}, {"arr_dt": "1463657941", "direction": "0", "dep_dt": "1463658016", "route_id": "Red", "dwell_time_sec": "75"}, {"arr_dt": "1463658125", "direction": "0", "dep_dt": "1463658192", "route_id": "Red", "dwell_time_sec": "67"}, {"arr_dt": "1463658328", "direction": "0", "dep_dt": "1463658393", "route_id": "Red", "dwell_time_sec": "65"}, {"arr_dt": "1463658582", "direction": "0", "dep_dt": "1463658667", "route_id": "Red", "dwell_time_sec": "85"}, {"arr_dt": "1463658791", "direction": "0", "dep_dt": "1463658857", "route_id": "Red", "dwell_time_sec": "66"}, {"arr_dt": "1463659013", "direction": "0", "dep_dt": "1463659118", "route_id": "Red", "dwell_time_sec": "105"}, {"arr_dt": "1463659333", "direction": "0", "dep_dt": "1463659426", "route_id": "Red", "dwell_time_sec": "93"}, {"arr_dt": "1463659536", "direction": "0", "dep_dt": "1463659642", "route_id": "Red", "dwell_time_sec": "106"}, {"arr_dt": "1463659844", "direction": "0", "dep_dt": "1463659928", "route_id": "Red", "dwell_time_sec": "84"}, {"arr_dt": "1463660080", "direction": "0", "dep_dt": "1463660168", "route_id": "Red", "dwell_time_sec": "88"}, {"arr_dt": "1463660296", "direction": "0", "dep_dt": "1463660362", "route_id": "Red", "dwell_time_sec": "66"}, {"arr_dt": "1463660662", "direction": "0", "dep_dt": "1463660755", "route_id": "Red", "dwell_time_sec": "93"}, {"arr_dt": "1463660858", "direction": "0", "dep_dt": "1463660954", "route_id": "Red", "dwell_time_sec": "96"}, {"arr_dt": "1463661109", "direction": "0", "dep_dt": "1463661200", "route_id": "Red", "dwell_time_sec": "91"}, {"arr_dt": "1463661363", "direction": "0", "dep_dt": "1463661478", "route_id": "Red", "dwell_time_sec": "115"}, {"arr_dt": "1463661593", "direction": "0", "dep_dt": "1463661663", "route_id": "Red", "dwell_time_sec": "70"}, {"arr_dt": "1463661818", "direction": "0", "dep_dt": "1463661907", "route_id": "Red", "dwell_time_sec": "89"}, {"arr_dt": "1463662023", "direction": "0", "dep_dt": "1463662114", "route_id": "Red", "dwell_time_sec": "91"}, {"arr_dt": "1463662452", "direction": "0", "dep_dt": "1463662573", "route_id": "Red", "dwell_time_sec": "121"}, {"arr_dt": "1463662697", "direction": "0", "dep_dt": "1463662815", "route_id": "Red", "dwell_time_sec": "118"}, {"arr_dt": "1463662939", "direction": "0", "dep_dt": "1463663017", "route_id": "Red", "dwell_time_sec": "78"}, {"arr_dt": "1463663112", "direction": "0", "dep_dt": "1463663196", "route_id": "Red", "dwell_time_sec": "84"}, {"arr_dt": "1463663369", "direction": "0", "dep_dt": "1463663465", "route_id": "Red", "dwell_time_sec": "96"}, {"arr_dt": "1463663550", "direction": "0", "dep_dt": "1463663627", "route_id": "Red", "dwell_time_sec": "77"}, {"arr_dt": "1463663811", "direction": "0", "dep_dt": "1463663908", "route_id": "Red", "dwell_time_sec": "97"}, {"arr_dt": "1463663982", "direction": "0", "dep_dt": "1463664057", "route_id": "Red", "dwell_time_sec": "75"}, {"arr_dt": "1463664161", "direction": "0", "dep_dt": "1463664231", "route_id": "Red", "dwell_time_sec": "70"}, {"arr_dt": "1463664715", "direction": "0", "dep_dt": "1463664817", "route_id": "Red", "dwell_time_sec": "102"}, {"arr_dt": "1463664942", "direction": "0", "dep_dt": "1463665024", "route_id": "Red", "dwell_time_sec": "82"}, {"arr_dt": "1463665181", "direction": "0", "dep_dt": "1463665257", "route_id": "Red", "dwell_time_sec": "76"}, {"arr_dt": "1463665378", "direction": "0", "dep_dt": "1463665452", "route_id": "Red", "dwell_time_sec": "74"}, {"arr_dt": "1463665557", "direction": "0", "dep_dt": "1463665643", "route_id": "Red", "dwell_time_sec": "86"}, {"arr_dt": "1463666048", "direction": "0", "dep_dt": "1463666120", "route_id": "Red", "dwell_time_sec": "72"}, {"arr_dt": "1463666214", "direction": "0", "dep_dt": "1463666286", "route_id": "Red", "dwell_time_sec": "72"}, {"arr_dt": "1463666406", "direction": "0", "dep_dt": "1463666499", "route_id": "Red", "dwell_time_sec": "93"}, {"arr_dt": "1463666962", "direction": "0", "dep_dt": "1463667045", "route_id": "Red", "dwell_time_sec": "83"}, {"arr_dt": "1463667158", "direction": "0", "dep_dt": "1463667242", "route_id": "Red", "dwell_time_sec": "84"}, {"arr_dt": "1463667339", "direction": "0", "dep_dt": "1463667421", "route_id": "Red", "dwell_time_sec": "82"}, {"arr_dt": "1463667517", "direction": "0", "dep_dt": "1463667617", "route_id": "Red", "dwell_time_sec": "100"}, {"arr_dt": "1463667736", "direction": "0", "dep_dt": "1463667800", "route_id": "Red", "dwell_time_sec": "64"}, {"arr_dt": "1463667909", "direction": "0", "dep_dt": "1463667959", "route_id": "Red", "dwell_time_sec": "50"}, {"arr_dt": "1463668079", "direction": "0", "dep_dt": "1463668141", "route_id": "Red", "dwell_time_sec": "62"}, {"arr_dt": "1463668266", "direction": "0", "dep_dt": "1463668354", "route_id": "Red", "dwell_time_sec": "88"}, {"arr_dt": "1463668541", "direction": "0", "dep_dt": "1463668619", "route_id": "Red", "dwell_time_sec": "78"}, {"arr_dt": "1463668993", "direction": "0", "dep_dt": "1463669061", "route_id": "Red", "dwell_time_sec": "68"}, {"arr_dt": "1463669256", "direction": "0", "dep_dt": "1463669323", "route_id": "Red", "dwell_time_sec": "67"}, {"arr_dt": "1463669567", "direction": "0", "dep_dt": "1463669639", "route_id": "Red", "dwell_time_sec": "72"}, {"arr_dt": "1463669789", "direction": "0", "dep_dt": "1463669856", "route_id": "Red", "dwell_time_sec": "67"}, {"arr_dt": "1463670304", "direction": "0", "dep_dt": "1463670370", "route_id": "Red", "dwell_time_sec": "66"}, {"arr_dt": "1463670828", "direction": "0", "dep_dt": "1463670906", "route_id": "Red", "dwell_time_sec": "78"}, {"arr_dt": "1463671002", "direction": "0", "dep_dt": "1463671073", "route_id": "Red", "dwell_time_sec": "71"}, {"arr_dt": "1463671515", "direction": "0", "dep_dt": "1463671623", "route_id": "Red", "dwell_time_sec": "108"}, {"arr_dt": "1463671839", "direction": "0", "dep_dt": "1463671988", "route_id": "Red", "dwell_time_sec": "149"}, {"arr_dt": "1463672496", "direction": "0", "dep_dt": "1463672567", "route_id": "Red", "dwell_time_sec": "71"}, {"arr_dt": "1463672857", "direction": "0", "dep_dt": "1463672948", "route_id": "Red", "dwell_time_sec": "91"}, {"arr_dt": "1463673434", "direction": "0", "dep_dt": "1463673513", "route_id": "Red", "dwell_time_sec": "79"}, {"arr_dt": "1463673923", "direction": "0", "dep_dt": "1463673996", "route_id": "Red", "dwell_time_sec": "73"}, {"arr_dt": "1463674092", "direction": "0", "dep_dt": "1463674290", "route_id": "Red", "dwell_time_sec": "198"}, {"arr_dt": "1463674476", "direction": "0", "dep_dt": "1463674546", "route_id": "Red", "dwell_time_sec": "70"}, {"arr_dt": "1463674924", "direction": "0", "dep_dt": "1463674997", "route_id": "Red", "dwell_time_sec": "73"}, {"arr_dt": "1463675219", "direction": "0", "dep_dt": "1463675282", "route_id": "Red", "dwell_time_sec": "63"}, {"arr_dt": "1463675660", "direction": "0", "dep_dt": "1463675742", "route_id": "Red", "dwell_time_sec": "82"}, {"arr_dt": "1463676256", "direction": "0", "dep_dt": "1463676349", "route_id": "Red", "dwell_time_sec": "93"}, {"arr_dt": "1463676536", "direction": "0", "dep_dt": "1463676624", "route_id": "Red", "dwell_time_sec": "88"}, {"arr_dt": "1463676956", "direction": "0", "dep_dt": "1463677031", "route_id": "Red", "dwell_time_sec": "75"}, {"arr_dt": "1463677416", "direction": "0", "dep_dt": "1463677612", "route_id": "Red", "dwell_time_sec": "196"}, {"arr_dt": "1463677719", "direction": "0", "dep_dt": "1463677787", "route_id": "Red", "dwell_time_sec": "68"}, {"arr_dt": "1463678207", "direction": "0", "dep_dt": "1463678300", "route_id": "Red", "dwell_time_sec": "93"}, {"arr_dt": "1463678672", "direction": "0", "dep_dt": "1463678742", "route_id": "Red", "dwell_time_sec": "70"}, {"arr_dt": "1463678971", "direction": "0", "dep_dt": "1463679045", "route_id": "Red", "dwell_time_sec": "74"}, {"arr_dt": "1463679349", "direction": "0", "dep_dt": "1463679434", "route_id": "Red", "dwell_time_sec": "85"}, {"arr_dt": "1463679711", "direction": "0", "dep_dt": "1463679797", "route_id": "Red", "dwell_time_sec": "86"}, {"arr_dt": "1463680356", "direction": "0", "dep_dt": "1463680440", "route_id": "Red", "dwell_time_sec": "84"}, {"arr_dt": "1463680733", "direction": "0", "dep_dt": "1463680818", "route_id": "Red", "dwell_time_sec": "85"}, {"arr_dt": "1463681212", "direction": "0", "dep_dt": "1463681352", "route_id": "Red", "dwell_time_sec": "140"}, {"arr_dt": "1463681650", "direction": "0", "dep_dt": "1463681717", "route_id": "Red", "dwell_time_sec": "67"}, {"arr_dt": "1463682218", "direction": "0", "dep_dt": "1463682307", "route_id": "Red", "dwell_time_sec": "89"}, {"arr_dt": "1463682654", "direction": "0", "dep_dt": "1463682749", "route_id": "Red", "dwell_time_sec": "95"}, {"arr_dt": "1463683077", "direction": "0", "dep_dt": "1463683168", "route_id": "Red", "dwell_time_sec": "91"}, {"arr_dt": "1463683328", "direction": "0", "dep_dt": "1463683508", "route_id": "Red", "dwell_time_sec": "180"}, {"arr_dt": "1463683737", "direction": "0", "dep_dt": "1463683801", "route_id": "Red", "dwell_time_sec": "64"}, {"arr_dt": "1463684271", "direction": "0", "dep_dt": "1463684371", "route_id": "Red", "dwell_time_sec": "100"}, {"arr_dt": "1463684534", "direction": "0", "dep_dt": "1463684597", "route_id": "Red", "dwell_time_sec": "63"}, {"arr_dt": "1463685013", "direction": "0", "dep_dt": "1463685100", "route_id": "Red", "dwell_time_sec": "87"}, {"arr_dt": "1463685423", "direction": "0", "dep_dt": "1463685518", "route_id": "Red", "dwell_time_sec": "95"}, {"arr_dt": "1463685944", "direction": "0", "dep_dt": "1463686034", "route_id": "Red", "dwell_time_sec": "90"}, {"arr_dt": "1463686204", "direction": "0", "dep_dt": "1463686414", "route_id": "Red", "dwell_time_sec": "210"}, {"arr_dt": "1463686597", "direction": "0", "dep_dt": "1463686672", "route_id": "Red", "dwell_time_sec": "75"}, {"arr_dt": "1463686779", "direction": "0", "dep_dt": "1463686892", "route_id": "Red", "dwell_time_sec": "113"}, {"arr_dt": "1463687236", "direction": "0", "dep_dt": "1463687356", "route_id": "Red", "dwell_time_sec": "120"}, {"arr_dt": "1463687470", "direction": "0", "dep_dt": "1463687644", "route_id": "Red", "dwell_time_sec": "174"}, {"arr_dt": "1463687983", "direction": "0", "dep_dt": "1463688093", "route_id": "Red", "dwell_time_sec": "110"}, {"arr_dt": "1463688213", "direction": "0", "dep_dt": "1463688299", "route_id": "Red", "dwell_time_sec": "86"}, {"arr_dt": "1463688572", "direction": "0", "dep_dt": "1463688653", "route_id": "Red", "dwell_time_sec": "81"}, {"arr_dt": "1463688757", "direction": "0", "dep_dt": "1463688862", "route_id": "Red", "dwell_time_sec": "105"}, {"arr_dt": "1463688985", "direction": "0", "dep_dt": "1463689082", "route_id": "Red", "dwell_time_sec": "97"}, {"arr_dt": "1463689366", "direction": "0", "dep_dt": "1463689470", "route_id": "Red", "dwell_time_sec": "104"}, {"arr_dt": "1463689710", "direction": "0", "dep_dt": "1463689823", "route_id": "Red", "dwell_time_sec": "113"}, {"arr_dt": "1463689906", "direction": "0", "dep_dt": "1463690031", "route_id": "Red", "dwell_time_sec": "125"}, {"arr_dt": "1463690377", "direction": "0", "dep_dt": "1463690495", "route_id": "Red", "dwell_time_sec": "118"}, {"arr_dt": "1463690590", "direction": "0", "dep_dt": "1463690687", "route_id": "Red", "dwell_time_sec": "97"}, {"arr_dt": "1463691014", "direction": "0", "dep_dt": "1463691152", "route_id": "Red", "dwell_time_sec": "138"}, {"arr_dt": "1463691481", "direction": "0", "dep_dt": "1463691623", "route_id": "Red", "dwell_time_sec": "142"}, {"arr_dt": "1463691693", "direction": "0", "dep_dt": "1463691785", "route_id": "Red", "dwell_time_sec": "92"}, {"arr_dt": "1463692046", "direction": "0", "dep_dt": "1463692171", "route_id": "Red", "dwell_time_sec": "125"}, {"arr_dt": "1463692248", "direction": "0", "dep_dt": "1463692343", "route_id": "Red", "dwell_time_sec": "95"}, {"arr_dt": "1463692477", "direction": "0", "dep_dt": "1463692589", "route_id": "Red", "dwell_time_sec": "112"}, {"arr_dt": "1463692706", "direction": "0", "dep_dt": "1463692818", "route_id": "Red", "dwell_time_sec": "112"}, {"arr_dt": "1463693036", "direction": "0", "dep_dt": "1463693174", "route_id": "Red", "dwell_time_sec": "138"}, {"arr_dt": "1463693276", "direction": "0", "dep_dt": "1463693369", "route_id": "Red", "dwell_time_sec": "93"}, {"arr_dt": "1463693504", "direction": "0", "dep_dt": "1463693623", "route_id": "Red", "dwell_time_sec": "119"}, {"arr_dt": "1463693706", "direction": "0", "dep_dt": "1463693799", "route_id": "Red", "dwell_time_sec": "93"}, {"arr_dt": "1463693942", "direction": "0", "dep_dt": "1463694044", "route_id": "Red", "dwell_time_sec": "102"}, {"arr_dt": "1463694196", "direction": "0", "dep_dt": "1463694303", "route_id": "Red", "dwell_time_sec": "107"}, {"arr_dt": "1463694394", "direction": "0", "dep_dt": "1463694480", "route_id": "Red", "dwell_time_sec": "86"}, {"arr_dt": "1463694603", "direction": "0", "dep_dt": "1463694713", "route_id": "Red", "dwell_time_sec": "110"}, {"arr_dt": "1463694827", "direction": "0", "dep_dt": "1463694919", "route_id": "Red", "dwell_time_sec": "92"}, {"arr_dt": "1463695009", "direction": "0", "dep_dt": "1463695105", "route_id": "Red", "dwell_time_sec": "96"}, {"arr_dt": "1463695241", "direction": "0", "dep_dt": "1463695339", "route_id": "Red", "dwell_time_sec": "98"}, {"arr_dt": "1463695904", "direction": "0", "dep_dt": "1463695995", "route_id": "Red", "dwell_time_sec": "91"}, {"arr_dt": "1463696423", "direction": "0", "dep_dt": "1463696554", "route_id": "Red", "dwell_time_sec": "131"}, {"arr_dt": "1463696650", "direction": "0", "dep_dt": "1463696753", "route_id": "Red", "dwell_time_sec": "103"}, {"arr_dt": "1463696927", "direction": "0", "dep_dt": "1463697040", "route_id": "Red", "dwell_time_sec": "113"}, {"arr_dt": "1463697147", "direction": "0", "dep_dt": "1463697241", "route_id": "Red", "dwell_time_sec": "94"}, {"arr_dt": "1463697331", "direction": "0", "dep_dt": "1463697425", "route_id": "Red", "dwell_time_sec": "94"}, {"arr_dt": "1463697507", "direction": "0", "dep_dt": "1463697587", "route_id": "Red", "dwell_time_sec": "80"}, {"arr_dt": "1463697684", "direction": "0", "dep_dt": "1463697763", "route_id": "Red", "dwell_time_sec": "79"}, {"arr_dt": "1463697857", "direction": "0", "dep_dt": "1463697934", "route_id": "Red", "dwell_time_sec": "77"}, {"arr_dt": "1463698084", "direction": "0", "dep_dt": "1463698172", "route_id": "Red", "dwell_time_sec": "88"}, {"arr_dt": "1463698283", "direction": "0", "dep_dt": "1463698364", "route_id": "Red", "dwell_time_sec": "81"}, {"arr_dt": "1463698710", "direction": "0", "dep_dt": "1463698795", "route_id": "Red", "dwell_time_sec": "85"}, {"arr_dt": "1463698920", "direction": "0", "dep_dt": "1463699002", "route_id": "Red", "dwell_time_sec": "82"}, {"arr_dt": "1463699295", "direction": "0", "dep_dt": "1463699384", "route_id": "Red", "dwell_time_sec": "89"}, {"arr_dt": "1463699527", "direction": "0", "dep_dt": "1463699622", "route_id": "Red", "dwell_time_sec": "95"}, {"arr_dt": "1463699763", "direction": "0", "dep_dt": "1463699831", "route_id": "Red", "dwell_time_sec": "68"}, {"arr_dt": "1463700015", "direction": "0", "dep_dt": "1463700144", "route_id": "Red", "dwell_time_sec": "129"}, {"arr_dt": "1463700328", "direction": "0", "dep_dt": "1463700410", "route_id": "Red", "dwell_time_sec": "82"}, {"arr_dt": "1463700516", "direction": "0", "dep_dt": "1463700597", "route_id": "Red", "dwell_time_sec": "81"}, {"arr_dt": "1463700696", "direction": "0", "dep_dt": "1463700785", "route_id": "Red", "dwell_time_sec": "89"}, {"arr_dt": "1463700919", "direction": "0", "dep_dt": "1463701021", "route_id": "Red", "dwell_time_sec": "102"}, {"arr_dt": "1463701132", "direction": "0", "dep_dt": "1463701211", "route_id": "Red", "dwell_time_sec": "79"}, {"arr_dt": "1463701323", "direction": "0", "dep_dt": "1463701401", "route_id": "Red", "dwell_time_sec": "78"}, {"arr_dt": "1463701522", "direction": "0", "dep_dt": "1463701604", "route_id": "Red", "dwell_time_sec": "82"}, {"arr_dt": "1463701782", "direction": "0", "dep_dt": "1463701847", "route_id": "Red", "dwell_time_sec": "65"}, {"arr_dt": "1463702070", "direction": "0", "dep_dt": "1463702132", "route_id": "Red", "dwell_time_sec": "62"}, {"arr_dt": "1463702286", "direction": "0", "dep_dt": "1463702372", "route_id": "Red", "dwell_time_sec": "86"}, {"arr_dt": "1463702694", "direction": "0", "dep_dt": "1463702752", "route_id": "Red", "dwell_time_sec": "58"}, {"arr_dt": "1463702894", "direction": "0", "dep_dt": "1463702963", "route_id": "Red", "dwell_time_sec": "69"}, {"arr_dt": "1463703332", "direction": "0", "dep_dt": "1463703408", "route_id": "Red", "dwell_time_sec": "76"}, {"arr_dt": "1463703854", "direction": "0", "dep_dt": "1463703938", "route_id": "Red", "dwell_time_sec": "84"}, {"arr_dt": "1463704326", "direction": "0", "dep_dt": "1463704403", "route_id": "Red", "dwell_time_sec": "77"}, {"arr_dt": "1463704503", "direction": "0", "dep_dt": "1463704575", "route_id": "Red", "dwell_time_sec": "72"}, {"arr_dt": "1463704673", "direction": "0", "dep_dt": "1463704738", "route_id": "Red", "dwell_time_sec": "65"}, {"arr_dt": "1463704826", "direction": "0", "dep_dt": "1463704898", "route_id": "Red", "dwell_time_sec": "72"}, {"arr_dt": "1463705447", "direction": "0", "dep_dt": "1463705529", "route_id": "Red", "dwell_time_sec": "82"}, {"arr_dt": "1463705752", "direction": "0", "dep_dt": "1463705839", "route_id": "Red", "dwell_time_sec": "87"}, {"arr_dt": "1463706468", "direction": "0", "dep_dt": "1463706564", "route_id": "Red", "dwell_time_sec": "96"}, {"arr_dt": "1463706665", "direction": "0", "dep_dt": "1463706776", "route_id": "Red", "dwell_time_sec": "111"}, {"arr_dt": "1463706861", "direction": "0", "dep_dt": "1463706935", "route_id": "Red", "dwell_time_sec": "74"}, {"arr_dt": "1463707246", "direction": "0", "dep_dt": "1463707330", "route_id": "Red", "dwell_time_sec": "84"}, {"arr_dt": "1463707646", "direction": "0", "dep_dt": "1463707713", "route_id": "Red", "dwell_time_sec": "67"}, {"arr_dt": "1463707840", "direction": "0", "dep_dt": "1463707907", "route_id": "Red", "dwell_time_sec": "67"}, {"arr_dt": "1463708300", "direction": "0", "dep_dt": "1463708372", "route_id": "Red", "dwell_time_sec": "72"}, {"arr_dt": "1463708607", "direction": "0", "dep_dt": "1463708694", "route_id": "Red", "dwell_time_sec": "87"}, {"arr_dt": "1463709405", "direction": "0", "dep_dt": "1463709477", "route_id": "Red", "dwell_time_sec": "72"}, {"arr_dt": "1463709591", "direction": "0", "dep_dt": "1463709655", "route_id": "Red", "dwell_time_sec": "64"}, {"arr_dt": "1463709842", "direction": "0", "dep_dt": "1463709907", "route_id": "Red", "dwell_time_sec": "65"}, {"arr_dt": "1463710190", "direction": "0", "dep_dt": "1463710269", "route_id": "Red", "dwell_time_sec": "79"}, {"arr_dt": "1463710486", "direction": "0", "dep_dt": "1463710562", "route_id": "Red", "dwell_time_sec": "76"}, {"arr_dt": "1463711012", "direction": "0", "dep_dt": "1463711087", "route_id": "Red", "dwell_time_sec": "75"}, {"arr_dt": "1463711301", "direction": "0", "dep_dt": "1463711400", "route_id": "Red", "dwell_time_sec": "99"}, {"arr_dt": "1463711504", "direction": "0", "dep_dt": "1463711571", "route_id": "Red", "dwell_time_sec": "67"}, {"arr_dt": "1463711924", "direction": "0", "dep_dt": "1463712000", "route_id": "Red", "dwell_time_sec": "76"}, {"arr_dt": "1463712204", "direction": "0", "dep_dt": "1463712264", "route_id": "Red", "dwell_time_sec": "60"}, {"arr_dt": "1463712638", "direction": "0", "dep_dt": "1463712711", "route_id": "Red", "dwell_time_sec": "73"}, {"arr_dt": "1463712824", "direction": "0", "dep_dt": "1463712879", "route_id": "Red", "dwell_time_sec": "55"}, {"arr_dt": "1463713276", "direction": "0", "dep_dt": "1463713336", "route_id": "Red", "dwell_time_sec": "60"}, {"arr_dt": "1463713638", "direction": "0", "dep_dt": "1463713702", "route_id": "Red", "dwell_time_sec": "64"}, {"arr_dt": "1463714211", "direction": "0", "dep_dt": "1463714298", "route_id": "Red", "dwell_time_sec": "87"}, {"arr_dt": "1463714616", "direction": "0", "dep_dt": "1463714701", "route_id": "Red", "dwell_time_sec": "85"}, {"arr_dt": "1463714936", "direction": "0", "dep_dt": "1463715005", "route_id": "Red", "dwell_time_sec": "69"}, {"arr_dt": "1463715168", "direction": "0", "dep_dt": "1463715239", "route_id": "Red", "dwell_time_sec": "71"}, {"arr_dt": "1463715542", "direction": "0", "dep_dt": "1463715628", "route_id": "Red", "dwell_time_sec": "86"}, {"arr_dt": "1463715947", "direction": "0", "dep_dt": "1463716003", "route_id": "Red", "dwell_time_sec": "56"}, {"arr_dt": "1463716209", "direction": "0", "dep_dt": "1463716267", "route_id": "Red", "dwell_time_sec": "58"}, {"arr_dt": "1463716658", "direction": "0", "dep_dt": "1463716727", "route_id": "Red", "dwell_time_sec": "69"}]}