{"dwell_times": [{"arr_dt": "1477972781", "direction": "0", "dep_dt": "1477972841", "route_id": "Red", "dwell_time_sec": "60"}, {"arr_dt": "1477973099", "direction": "0", "dep_dt": "1477973165", "route_id": "Red", "dwell_time_sec": "66"}, {"arr_dt": "1477973696", "direction": "0", "dep_dt": "1477973757", "route_id": "Red", "dwell_time_sec": "61"}, {"arr_dt": "1477973884", "direction": "0", "dep_dt": "1477974104", "route_id": "Red", "dwell_time_sec": "220"}, {"arr_dt": "1477974309", "direction": "0", "dep_dt": "1477974381", "route_id": "Red", "dwell_time_sec": "72"}, {"arr_dt": "1477974507", "direction": "0", "dep_dt": "1477974583", "route_id": "Red", "dwell_time_sec": "76"}, {"arr_dt": "1477975031", "direction": "0", "dep_dt": "1477975092", "route_id": "Red", "dwell_time_sec": "61"}, {"arr_dt": "1477976019", "direction": "0", "dep_dt": "1477977193", "route_id": "Red", "dwell_time_sec": "1174"}, {"arr_dt": "1477992779", "direction": "0", "dep_dt": "1477992836", "route_id": "Red", "dwell_time_sec": "57"}, {"arr_dt": "1477993383", "direction": "0", "dep_dt": "1477993451", "route_id": "Red", "dwell_time_sec": "68"}, {"arr_dt": "1477993691", "direction": "0", "dep_dt": "1477993751", "route_id": "Red", "dwell_time_sec": "60"}, {"arr_dt": "1477994099", "direction": "0", "dep_dt": "1477994155", "route_id": "Red", "dwell_time_sec": "56"}, {"arr_dt": "1477994610", "direction": "0", "dep_dt": "1477994682", "route_id": "Red", "dwell_time_sec": "72"}, {"arr_dt": "1477995086", "direction": "0", "dep_dt": "1477995157", "route_id": "Red", "dwell_time_sec": "71"}, {"arr_dt": "1477995682", "direction": "0", "dep_dt": "1477995760", "route_id": "Red", "dwell_time_sec": "78"}, {"arr_dt": "1477996210", "direction": "0", "dep_dt": "1477996277", "route_id": "Red", "dwell_time_sec": "67"}, {"arr_dt": "1477996466", "direction": "0", "dep_dt": "1477996533", "route_id": "Red", "dwell_time_sec": "67"}, {"arr_dt": "1477996698", "direction": "0", "dep_dt": "1477996759", "route_id": "Red", "dwell_time_sec": "61"}, {"arr_dt": "1477997067", "direction": "0", "dep_dt": "1477997141", "route_id": "Red", "dwell_time_sec": "74"}, {"arr_dt": "1477998086", "direction": "0", "dep_dt": "1477998150", "route_id": "Red", "dwell_time_sec": "64"}, {"arr_dt": "1477998578", "direction": "0", "dep_dt": "1477998655", "route_id": "Red", "dwell_time_sec": "77"}, {"arr_dt": "1477998809", "direction": "0", "dep_dt": "1477998896", "route_id": "Red", "dwell_time_sec": "87"}, {"arr_dt": "1477999700", "direction": "0", "dep_dt": "1477999841", "route_id": "Red", "dwell_time_sec": "141"}, {"arr_dt": "1478000028", "direction": "0", "dep_dt": "1478000134", "route_id": "Red", "dwell_time_sec": "106"}, {"arr_dt": "1478000281", "direction": "0", "dep_dt": "1478000479", "route_id": "Red", "dwell_time_sec": "198"}, {"arr_dt": "1478000759", "direction": "0", "dep_dt": "1478000864", "route_id": "Red", "dwell_time_sec": "105"}, {"arr_dt": "1478001130", "direction": "0", "dep_dt": "1478001239", "route_id": "Red", "dwell_time_sec": "109"}, {"arr_dt": "1478001596", "direction": "0", "dep_dt": "1478001708", "route_id": "Red", "dwell_time_sec": "112"}, {"arr_dt": "1478001792", "direction": "0", "dep_dt": "1478001904", "route_id": "Red", "dwell_time_sec": "112"}, {"arr_dt": "1478002003", "direction": "0", "dep_dt": "1478002117", "route_id": "Red", "dwell_time_sec": "114"}, {"arr_dt": "1478002212", "direction": "0", "dep_dt": "1478002304", "route_id": "Red", "dwell_time_sec": "92"}, {"arr_dt": "1478002458", "direction": "0", "dep_dt": "1478002570", "route_id": "Red", "dwell_time_sec": "112"}, {"arr_dt": "1478002670", "direction": "0", "dep_dt": "1478002764", "route_id": "Red", "dwell_time_sec": "94"}, {"arr_dt": "1478002866", "direction": "0", "dep_dt": "1478002961", "route_id": "Red", "dwell_time_sec": "95"}, {"arr_dt": "1478003062", "direction": "0", "dep_dt": "1478003147", "route_id": "Red", "dwell_time_sec": "85"}, {"arr_dt": "1478003249", "direction": "0", "dep_dt": "1478003335", "route_id": "Red", "dwell_time_sec": "86"}, {"arr_dt": "1478003415", "direction": "0", "dep_dt": "1478003512", "route_id": "Red", "dwell_time_sec": "97"}, {"arr_dt": "1478003630", "direction": "0", "dep_dt": "1478003742", "route_id": "Red", "dwell_time_sec": "112"}, {"arr_dt": "1478003866", "direction": "0", "dep_dt": "1478003941", "route_id": "Red", "dwell_time_sec": "75"}, {"arr_dt": "1478004069", "direction": "0", "dep_dt": "1478004171", "route_id": "Red", "dwell_time_sec": "102"}, {"arr_dt": "1478004439", "direction": "0", "dep_dt": "1478004608", "route_id": "Red", "dwell_time_sec": "169"}, {"arr_dt": "1478004705", "direction": "0", "dep_dt": "1478004821", "route_id": "Red", "dwell_time_sec": "116"}, {"arr_dt": "1478004932", "direction": "0", "dep_dt": "1478005047", "route_id": "Red", "dwell_time_sec": "115"}, {"arr_dt": "1478005150", "direction": "0", "dep_dt": "1478005273", "route_id": "Red", "dwell_time_sec": "123"}, {"arr_dt": "1478005374", "direction": "0", "dep_dt": "1478005461", "route_id": "Red", "dwell_time_sec": "87"}, {"arr_dt": "1478005654", "direction": "0", "dep_dt": "1478005754", "route_id": "Red", "dwell_time_sec": "100"}, {"arr_dt": "1478006111", "direction": "0", "dep_dt": "1478006202", "route_id": "Red", "dwell_time_sec": "91"}, {"arr_dt": "1478006618", "direction": "0", "dep_dt": "1478006729", "route_id": "Red", "dwell_time_sec": "111"}, {"arr_dt": "1478006982", "direction": "0", "dep_dt": "1478007077", "route_id": "Red", "dwell_time_sec": "95"}, {"arr_dt": "1478007275", "direction": "0", "dep_dt": "1478007379", "route_id": "Red", "dwell_time_sec": "104"}, {"arr_dt": "1478007732", "direction": "0", "dep_dt": "1478007822", "route_id": "Red", "dwell_time_sec": "90"}, {"arr_dt": "1478007913", "direction": "0", "dep_dt": "1478008023", "route_id": "Red", "dwell_time_sec": "110"}, {"arr_dt": "1478008108", "direction": "0", "dep_dt": "1478008216", "route_id": "Red", "dwell_time_sec": "108"}, {"arr_dt": "1478008302", "direction": "0", "dep_dt": "1478008422", "route_id": "Red", "dwell_time_sec": "120"}, {"arr_dt": "1478008518", "direction": "0", "dep_dt": "1478008612", "route_id": "Red", "dwell_time_sec": "94"}, {"arr_dt": "1478008929", "direction": "0", "dep_dt": "1478009121", "route_id": "Red", "dwell_time_sec": "192"}, {"arr_dt": "1478009141", "direction": "0", "dep_dt": "1478009216", "route_id": "Red", "dwell_time_sec": "75"}, {"arr_dt": "1478009315", "direction": "0", "dep_dt": "1478009401", "route_id": "Red", "dwell_time_sec": "86"}, {"arr_dt": "1478009514", "direction": "0", "dep_dt": "1478009604", "route_id": "Red", "dwell_time_sec": "90"}, {"arr_dt": "1478009779", "direction": "0", "dep_dt": "1478009879", "route_id": "Red", "dwell_time_sec": "100"}, {"arr_dt": "1478009976", "direction": "0", "dep_dt": "1478010054", "route_id": "Red", "dwell_time_sec": "78"}, {"arr_dt": "1478010156", "direction": "0", "dep_dt": "1478010260", "route_id": "Red", "dwell_time_sec": "104"}, {"arr_dt": "1478010391", "direction": "0", "dep_dt": "1478010479", "route_id": "Red", "dwell_time_sec": "88"}, {"arr_dt": "1478010602", "direction": "0", "dep_dt": "1478010689", "route_id": "Red", "dwell_time_sec": "87"}, {"arr_dt": "1478010794", "direction": "0", "dep_dt": "1478010873", "route_id": "Red", "dwell_time_sec": "79"}, {"arr_dt": "1478010967", "direction": "0", "dep_dt": "1478011066", "route_id": "Red", "dwell_time_sec": "99"}, {"arr_dt": "1478011177", "direction": "0", "dep_dt": "1478011260", "route_id": "Red", "dwell_time_sec": "83"}, {"arr_dt": "1478011355", "direction": "0", "dep_dt": "1478011463", "route_id": "Red", "dwell_time_sec": "108"}, {"arr_dt": "1478011739", "direction": "0", "dep_dt": "1478011833", "route_id": "Red", "dwell_time_sec": "94"}, {"arr_dt": "1478011923", "direction": "0", "dep_dt": "1478012004", "route_id": "Red", "dwell_time_sec": "81"}, {"arr_dt": "1478012174", "direction": "0", "dep_dt": "1478012231", "route_id": "Red", "dwell_time_sec": "57"}, {"arr_dt": "1478012449", "direction": "0", "dep_dt": "1478012510", "route_id": "Red", "dwell_time_sec": "61"}, {"arr_dt": "1478012930", "direction": "0", "dep_dt": "1478012994", "route_id": "Red", "dwell_time_sec": "64"}, {"arr_dt": "1478013588", "direction": "0", "dep_dt": "1478013681", "route_id": "Red", "dwell_time_sec": "93"}, {"arr_dt": "1478013981", "direction": "0", "dep_dt": "1478014135", "route_id": "Red", "dwell_time_sec": "154"}, {"arr_dt": "1478014333", "direction": "0", "dep_dt": "1478014395", "route_id": "Red", "dwell_time_sec": "62"}, {"arr_dt": "1478014765", "direction": "0", "dep_dt": "1478014835", "route_id": "Red", "dwell_time_sec": "70"}, {"arr_dt": "1478014948", "direction": "0", "dep_dt": "1478015071", "route_id": "Red", "dwell_time_sec": "123"}, {"arr_dt": "1478015524", "direction": "0", "dep_dt": "1478015619", "route_id": "Red", "dwell_time_sec": "95"}, {"arr_dt": "1478015707", "direction": "0", "dep_dt": "1478015798", "route_id": "Red", "dwell_time_sec": "91"}, {"arr_dt": "1478016044", "direction": "0", "dep_dt": "1478016113", "route_id": "Red", "dwell_time_sec": "69"}, {"arr_dt": "1478016602", "direction": "0", "dep_dt": "1478016675", "route_id": "Red", "dwell_time_sec": "73"}, {"arr_dt": "1478016987", "direction": "0", "dep_dt": "1478017142", "route_id": "Red", "dwell_time_sec": "155"}, {"arr_dt": "1478017427", "direction": "0", "dep_dt": "1478017512", "route_id": "Red", "dwell_time_sec": "85"}, {"arr_dt": "1478017866", "direction": "0", "dep_dt": "1478017961", "route_id": "Red", "dwell_time_sec": "95"}, {"arr_dt": "1478018367", "direction": "0", "dep_dt": "1478018443", "route_id": "Red", "dwell_time_sec": "76"}, {"arr_dt": "1478018978", "direction": "0", "dep_dt": "1478019062", "route_id": "Red", "dwell_time_sec": "84"}, {"arr_dt": "1478019574", "direction": "0", "dep_dt": "1478019660", "route_id": "Red", "dwell_time_sec": "86"}, {"arr_dt": "1478019906", "direction": "0", "dep_dt": "1478019991", "route_id": "Red", "dwell_time_sec": "85"}, {"arr_dt": "1478020102", "direction": "0", "dep_dt": "1478020262", "route_id": "Red", "dwell_time_sec": "160"}, {"arr_dt": "1478020604", "direction": "0", "dep_dt": "1478020672", "route_id": "Red", "dwell_time_sec": "68"}, {"arr_dt": "1478020832", "direction": "0", "dep_dt": "1478020909", "route_id": "Red", "dwell_time_sec": "77"}, {"arr_dt": "1478021102", "direction": "0", "dep_dt": "1478021161", "route_id": "Red", "dwell_time_sec": "59"}, {"arr_dt": "1478021455", "direction": "0", "dep_dt": "1478021522", "route_id": "Red", "dwell_time_sec": "67"}, {"arr_dt": "1478022142", "direction": "0", "dep_dt": "1478022221", "route_id": "Red", "dwell_time_sec": "79"}, {"arr_dt": "1478022325", "direction": "0", "dep_dt": "1478022454", "route_id": "Red", "dwell_time_sec": "129"}, {"arr_dt": "1478022731", "direction": "0", "dep_dt": "1478022844", "route_id": "Red", "dwell_time_sec": "113"}, {"arr_dt": "1478023160", "direction": "0", "dep_dt": "1478023269", "route_id": "Red", "dwell_time_sec": "109"}, {"arr_dt": "1478023773", "direction": "0", "dep_dt": "1478023858", "route_id": "Red", "dwell_time_sec": "85"}, {"arr_dt": "1478024328", "direction": "0", "dep_dt": "1478024414", "route_id": "Red", "dwell_time_sec": "86"}, {"arr_dt": "1478025047", "direction": "0", "dep_dt": "1478025136", "route_id": "Red", "dwell_time_sec": "89"}, {"arr_dt": "1478025475", "direction": "0", "dep_dt": "1478025566", "route_id": "Red", "dwell_time_sec": "91"}, {"arr_dt": "1478025744", "direction": "0", "dep_dt": "1478025815", "route_id": "Red", "dwell_time_sec": "71"}, {"arr_dt": "1478025926", "direction": "0", "dep_dt": "1478026010", "route_id": "Red", "dwell_time_sec": "84"}, {"arr_dt": "1478026995", "direction": "0", "dep_dt": "1478027091", "route_id": "Red", "dwell_time_sec": "96"}, {"arr_dt": "1478027221", "direction": "0", "dep_dt": "1478027302", "route_id": "Red", "dwell_time_sec": "81"}, {"arr_dt": "1478027678", "direction": "0", "dep_dt": "1478027750", "route_id": "Red", "dwell_time_sec": "72"}, {"arr_dt": "1478028250", "direction": "0", "dep_dt": "1478028364", "route_id": "Red", "dwell_time_sec": "114"}, {"arr_dt": "1478028465", "direction": "0", "dep_dt": "1478028556", "route_id": "Red", "dwell_time_sec": "91"}, {"arr_dt": "1478028756", "direction": "0", "dep_dt": "1478028835", "route_id": "Red", "dwell_time_sec": "79"}, {"arr_dt": "1478029186", "direction": "0", "dep_dt": "1478029286", "route_id": "Red", "dwell_time_sec": "100"}, {"arr_dt": "1478029540", "direction": "0", "dep_dt": "1478029641", "route_id": "Red", "dwell_time_sec": "101"}, {"arr_dt": "1478029767", "direction": "0", "dep_dt": "1478029856", "route_id": "Red", "dwell_time_sec": "89"}, {"arr_dt": "1478030102", "direction": "0", "dep_dt": "1478030184", "route_id": "Red", "dwell_time_sec": "82"}, {"arr_dt": "1478030544", "direction": "0", "dep_dt": "1478030645", "route_id": "Red", "dwell_time_sec": "101"}, {"arr_dt": "1478031006", "direction": "0", "dep_dt": "1478031128", "route_id": "Red", "dwell_time_sec": "122"}, {"arr_dt": "1478031351", "direction": "0", "dep_dt": "1478031453", "route_id": "Red", "dwell_time_sec": "102"}, {"arr_dt": "1478031552", "direction": "0", "dep_dt": "1478031640", "route_id": "Red", "dwell_time_sec": "88"}, {"arr_dt": "1478031975", "direction": "0", "dep_dt": "1478032122", "route_id": "Red", "dwell_time_sec": "147"}, {"arr_dt": "1478032204", "direction": "0", "dep_dt": "1478032299", "route_id": "Red", "dwell_time_sec": "95"}, {"arr_dt": "1478032500", "direction": "0", "dep_dt": "1478032592", "route_id": "Red", "dwell_time_sec": "92"}, {"arr_dt": "1478032714", "direction": "0", "dep_dt": "1478032816", "route_id": "Red", "dwell_time_sec": "102"}, {"arr_dt": "1478032931", "direction": "0", "dep_dt": "1478033033", "route_id": "Red", "dwell_time_sec": "102"}, {"arr_dt": "1478033258", "direction": "0", "dep_dt": "1478033363", "route_id": "Red", "dwell_time_sec": "105"}, {"arr_dt": "1478033494", "direction": "0", "dep_dt": "1478033605", "route_id": "Red", "dwell_time_sec": "111"}, {"arr_dt": "1478033713", "direction": "0", "dep_dt": "1478033845", "route_id": "Red", "dwell_time_sec": "132"}, {"arr_dt": "1478033939", "direction": "0", "dep_dt": "1478034048", "route_id": "Red", "dwell_time_sec": "109"}, {"arr_dt": "1478034151", "direction": "0", "dep_dt": "1478034238", "route_id": "Red", "dwell_time_sec": "87"}, {"arr_dt": "1478034368", "direction": "0", "dep_dt": "1478034466", "route_id": "Red", "dwell_time_sec": "98"}, {"arr_dt": "1478034581", "direction": "0", "dep_dt": "1478034689", "route_id": "Red", "dwell_time_sec": "108"}, {"arr_dt": "1478034841", "direction": "0", "dep_dt": "1478034961", "route_id": "Red", "dwell_time_sec": "120"}, {"arr_dt": "1478035052", "direction": "0", "dep_dt": "1478035194", "route_id": "Red", "dwell_time_sec": "142"}, {"arr_dt": "1478035349", "direction": "0", "dep_dt": "1478035481", "route_id": "Red", "dwell_time_sec": "132"}, {"arr_dt": "1478035575", "direction": "0", "dep_dt": "1478035685", "route_id": "Red", "dwell_time_sec": "110"}, {"arr_dt": "1478035851", "direction": "0", "dep_dt": "1478035945", "route_id": "Red", "dwell_time_sec": "94"}, {"arr_dt": "1478036085", "direction": "0", "dep_dt": "1478036180", "route_id": "Red", "dwell_time_sec": "95"}, {"arr_dt": "1478036344", "direction": "0", "dep_dt": "1478036444", "route_id": "Red", "dwell_time_sec": "100"}, {"arr_dt": "1478036640", "direction": "0", "dep_dt": "1478036742", "route_id": "Red", "dwell_time_sec": "102"}, {"arr_dt": "1478036844", "direction": "0", "dep_dt": "1478036947", "route_id": "Red", "dwell_time_sec": "103"}, {"arr_dt": "1478037103", "direction": "0", "dep_dt": "1478037210", "route_id": "Red", "dwell_time_sec": "107"}, {"arr_dt": "1478037307", "direction": "0", "dep_dt": "1478037413", "route_id": "Red", "dwell_time_sec": "106"}, {"arr_dt": "1478037516", "direction": "0", "dep_dt": "1478037630", "route_id": "Red", "dwell_time_sec": "114"}, {"arr_dt": "1478037740", "direction": "0", "dep_dt": "1478037841", "route_id": "Red", "dwell_time_sec": "101"}, {"arr_dt": "1478038012", "direction": "0", "dep_dt": "1478038103", "route_id": "Red", "dwell_time_sec": "91"}, {"arr_dt": "1478038211", "direction": "0", "dep_dt": "1478038345", "route_id": "Red", "dwell_time_sec": "134"}, {"arr_dt": "1478038513", "direction": "0", "dep_dt": "1478038620", "route_id": "Red", "dwell_time_sec": "107"}, {"arr_dt": "1478038705", "direction": "0", "dep_dt": "1478038833", "route_id": "Red", "dwell_time_sec": "128"}, {"arr_dt": "1478038928", "direction": "0", "dep_dt": "1478039011", "route_id": "Red", "dwell_time_sec": "83"}, {"arr_dt": "1478039155", "direction": "0", "dep_dt": "1478039244", "route_id": "Red", "dwell_time_sec": "89"}, {"arr_dt": "1478039501", "direction": "0", "dep_dt": "1478039599", "route_id": "Red", "dwell_time_sec": "98"}, {"arr_dt": "1478039702", "direction": "0", "dep_dt": "1478039789", "route_id": "Red", "dwell_time_sec": "87"}, {"arr_dt": "1478039913", "direction": "0", "dep_dt": "1478039994", "route_id": "Red", "dwell_time_sec": "81"}, {"arr_dt": "1478040094", "direction": "0", "dep_dt": "1478040179", "route_id": "Red", "dwell_time_sec": "85"}, {"arr_dt": "1478040316", "direction": "0", "dep_dt": "1478040420", "route_id": "Red", "dwell_time_sec": "104"}, {"arr_dt": "1478040537", "direction": "0", "dep_dt": "1478040615", "route_id": "Red", "dwell_time_sec": "78"}, {"arr_dt": "1478040860", "direction": "0", "dep_dt": "1478040935", "route_id": "Red", "dwell_time_sec": "75"}, {"arr_dt": "1478041060", "direction": "0", "dep_dt": "1478041133", "route_id": "Red", "dwell_time_sec": "73"}, {"arr_dt": "1478041352", "direction": "0", "dep_dt": "1478041435", "route_id": "Red", "dwell_time_sec": "83"}, {"arr_dt": "1478041657", "direction": "0", "dep_dt": "1478041734", "route_id": "Red", "dwell_time_sec": "77"}, {"arr_dt": "1478041988", "direction": "0", "dep_dt": "1478042062", "route_id": "Red", "dwell_time_sec": "74"}, {"arr_dt": "1478042167", "direction": "0", "dep_dt": "1478042237", "route_id": "Red", "dwell_time_sec": "70"}, {"arr_dt": "1478042785", "direction": "0", "dep_dt": "1478042885", "route_id": "Red", "dwell_time_sec": "100"}, {"arr_dt": "1478042987", "direction": "0", "dep_dt": "1478043073", "route_id": "Red", "dwell_time_sec": "86"}, {"arr_dt": "1478043204", "direction": "0", "dep_dt": "1478043290", "route_id": "Red", "dwell_time_sec": "86"}, {"arr_dt": "1478043390", "direction": "0", "dep_dt": "1478043481", "route_id": "Red", "dwell_time_sec": "91"}, {"arr_dt": "1478043668", "direction": "0", "dep_dt": "1478043766", "route_id": "Red", "dwell_time_sec": "98"}, {"arr_dt": "1478043862", "direction": "0", "dep_dt": "1478043959", "route_id": "Red", "dwell_time_sec": "97"}, {"arr_dt": "1478044106", "direction": "0", "dep_dt": "1478044182", "route_id": "Red", "dwell_time_sec": "76"}, {"arr_dt": "1478044325", "direction": "0", "dep_dt": "1478044402", "route_id": "Red", "dwell_time_sec": "77"}, {"arr_dt": "1478044569", "direction": "0", "dep_dt": "1478044631", "route_id": "Red", "dwell_time_sec": "62"}, {"arr_dt": "1478044758", "direction": "0", "dep_dt": "1478044833", "route_id": "Red", "dwell_time_sec": "75"}, {"arr_dt": "1478045088", "direction": "0", "dep_dt": "1478045161", "route_id": "Red", "dwell_time_sec": "73"}, {"arr_dt": "1478045347", "direction": "0", "dep_dt": "1478045428", "route_id": "Red", "dwell_time_sec": "81"}, {"arr_dt": "1478045566", "direction": "0", "dep_dt": "1478045626", "route_id": "Red", "dwell_time_sec": "60"}, {"arr_dt": "1478046029", "direction": "0", "dep_dt": "1478046106", "route_id": "Red", "dwell_time_sec": "77"}, {"arr_dt": "1478046506", "direction": "0", "dep_dt": "1478046605", "route_id": "Red", "dwell_time_sec": "99"}, {"arr_dt": "1478046742", "direction": "0", "dep_dt": "1478046810", "route_id": "Red", "dwell_time_sec": "68"}, {"arr_dt": "1478047002", "direction": "0", "dep_dt": "1478047071", "route_id": "Red", "dwell_time_sec": "69"}, {"arr_dt": "1478047410", "direction": "0", "dep_dt": "1478047495", "route_id": "Red", "dwell_time_sec": "85"}, {"arr_dt": "1478047630", "direction": "0", "dep_dt": "1478047698", "route_id": "Red", "dwell_time_sec": "68"}, {"arr_dt": "1478048055", "direction": "0", "dep_dt": "1478048127", "route_id": "Red", "dwell_time_sec": "72"}, {"arr_dt": "1478048366", "direction": "0", "dep_dt": "1478048431", "route_id": "Red", "dwell_time_sec": "65"}, {"arr_dt": "1478048993", "direction": "0", "dep_dt": "1478049101", "route_id": "Red", "dwell_time_sec": "108"}, {"arr_dt": "1478049554", "direction": "0", "dep_dt": "1478049645", "route_id": "Red", "dwell_time_sec": "91"}, {"arr_dt": "1478049771", "direction": "0", "dep_dt": "1478049843", "route_id": "Red", "dwell_time_sec": "72"}, {"arr_dt": "1478049961", "direction": "0", "dep_dt": "1478050037", "route_id": "Red", "dwell_time_sec": "76"}, {"arr_dt": "1478050771", "direction": "0", "dep_dt": "1478050883", "route_id": "Red", "dwell_time_sec": "112"}, {"arr_dt": "1478050968", "direction": "0", "dep_dt": "1478051047", "route_id": "Red", "dwell_time_sec": "79"}, {"arr_dt": "1478051706", "direction": "0", "dep_dt": "1478051826", "route_id": "Red", "dwell_time_sec": "120"}, {"arr_dt": "1478051945", "direction": "0", "dep_dt": "1478052028", "route_id": "Red", "dwell_time_sec": "83"}, {"arr_dt": "1478052557", "direction": "0", "dep_dt": "1478052689", "route_id": "Red", "dwell_time_sec": "132"}, {"arr_dt": "1478053313", "direction": "0", "dep_dt": "1478053519", "route_id": "Red", "dwell_time_sec": "206"}, {"arr_dt": "1478054430", "direction": "0", "dep_dt": "1478054526", "route_id": "Red", "dwell_time_sec": "96"}, {"arr_dt": "1478054897", "direction": "0", "dep_dt": "1478054981", "route_id": "Red", "dwell_time_sec": "84"}, {"arr_dt": "1478055295", "direction": "0", "dep_dt": "1478055376", "route_id": "Red", "dwell_time_sec": "81"}, {"arr_dt": "1478055602", "direction": "0", "dep_dt": "1478055691", "route_id": "Red", "dwell_time_sec": "89"}, {"arr_dt": "1478056134", "direction": "0", "dep_dt": "1478056230", "route_id": "Red", "dwell_time_sec": "96"}, {"arr_dt": "1478056993", "direction": "0", "dep_dt": "1478057108", "route_id": "Red", "dwell_time_sec": "115"}, {"arr_dt": "1478057608", "direction": "0", "dep_dt": "1478057695", "route_id": "Red", "dwell_time_sec": "87"}, {"arr_dt": "1478058128", "direction": "0", "dep_dt": "1478058201", "route_id": "Red", "dwell_time_sec": "73"}, {"arr_dt": "1478058485", "direction": "0", "dep_dt": "1478058576", "route_id": "Red", "dwell_time_sec": "91"}]}