{"dwell_times": [{"arr_dt": "1456808355", "direction": "0", "dep_dt": "1456808427", "route_id": "Red", "dwell_time_sec": "72"}, {"arr_dt": "1456808871", "direction": "0", "dep_dt": "1456808946", "route_id": "Red", "dwell_time_sec": "75"}, {"arr_dt": "1456809273", "direction": "0", "dep_dt": "1456809345", "route_id": "Red", "dwell_time_sec": "72"}, {"arr_dt": "1456809677", "direction": "0", "dep_dt": "1456809749", "route_id": "Red", "dwell_time_sec": "72"}, {"arr_dt": "1456809937", "direction": "0", "dep_dt": "1456809994", "route_id": "Red", "dwell_time_sec": "57"}, {"arr_dt": "1456810405", "direction": "0", "dep_dt": "1456810467", "route_id": "Red", "dwell_time_sec": "62"}, {"arr_dt": "1456810747", "direction": "0", "dep_dt": "1456810801", "route_id": "Red", "dwell_time_sec": "54"}, {"arr_dt": "1456828388", "direction": "0", "dep_dt": "1456828458", "route_id": "Red", "dwell_time_sec": "70"}, {"arr_dt": "1456828938", "direction": "0", "dep_dt": "1456829009", "route_id": "Red", "dwell_time_sec": "71"}, {"arr_dt": "1456829219", "direction": "0", "dep_dt": "1456829286", "route_id": "Red", "dwell_time_sec": "67"}, {"arr_dt": "1456829620", "direction": "0", "dep_dt": "1456829684", "route_id": "Red", "dwell_time_sec": "64"}, {"arr_dt": "1456830080", "direction": "0", "dep_dt": "1456830146", "route_id": "Red", "dwell_time_sec": "66"}, {"arr_dt": "1456830669", "direction": "0", "dep_dt": "1456830729", "route_id": "Red", "dwell_time_sec": "60"}, {"arr_dt": "1456831710", "direction": "0", "dep_dt": "1456831792", "route_id": "Red", "dwell_time_sec": "82"}, {"arr_dt": "1456831890", "direction": "0", "dep_dt": "1456831962", "route_id": "Red", "dwell_time_sec": "72"}, {"arr_dt": "1456832194", "direction": "0", "dep_dt": "1456832260", "route_id": "Red", "dwell_time_sec": "66"}, {"arr_dt": "1456832376", "direction": "0", "dep_dt": "1456832438", "route_id": "Red", "dwell_time_sec": "62"}, {"arr_dt": "1456832645", "direction": "0", "dep_dt": "1456832707", "route_id": "Red", "dwell_time_sec": "62"}, {"arr_dt": "1456832963", "direction": "0", "dep_dt": "1456833021", "route_id": "Red", "dwell_time_sec": "58"}, {"arr_dt": "1456833341", "direction": "0", "dep_dt": "1456833407", "route_id": "Red", "dwell_time_sec": "66"}, {"arr_dt": "1456833736", "direction": "0", "dep_dt": "1456833818", "route_id": "Red", "dwell_time_sec": "82"}, {"arr_dt": "1456833949", "direction": "0", "dep_dt": "1456834014", "route_id": "Red", "dwell_time_sec": "65"}, {"arr_dt": "1456834256", "direction": "0", "dep_dt": "1456834347", "route_id": "Red", "dwell_time_sec": "91"}, {"arr_dt": "1456834437", "direction": "0", "dep_dt": "1456834536", "route_id": "Red", "dwell_time_sec": "99"}, {"arr_dt": "1456834612", "direction": "0", "dep_dt": "1456834704", "route_id": "Red", "dwell_time_sec": "92"}, {"arr_dt": "1456834839", "direction": "0", "dep_dt": "1456834912", "route_id": "Red", "dwell_time_sec": "73"}, {"arr_dt": "1456835034", "direction": "0", "dep_dt": "1456835096", "route_id": "Red", "dwell_time_sec": "62"}, {"arr_dt": "1456835316", "direction": "0", "dep_dt": "1456835397", "route_id": "Red", "dwell_time_sec": "81"}, {"arr_dt": "1456835520", "direction": "0", "dep_dt": "1456835614", "route_id": "Red", "dwell_time_sec": "94"}, {"arr_dt": "1456835862", "direction": "0", "dep_dt": "1456835947", "route_id": "Red", "dwell_time_sec": "85"}, {"arr_dt": "1456836048", "direction": "0", "dep_dt": "1456836147", "route_id": "Red", "dwell_time_sec": "99"}, {"arr_dt": "1456836248", "direction": "0", "dep_dt": "1456836334", "route_id": "Red", "dwell_time_sec": "86"}, {"arr_dt": "1456836452", "direction": "0", "dep_dt": "1456836547", "route_id": "Red", "dwell_time_sec": "95"}, {"arr_dt": "1456836750", "direction": "0", "dep_dt": "1456836834", "route_id": "Red", "dwell_time_sec": "84"}, {"arr_dt": "1456836932", "direction": "0", "dep_dt": "1456837007", "route_id": "Red", "dwell_time_sec": "75"}, {"arr_dt": "1456837374", "direction": "0", "dep_dt": "1456837496", "route_id": "Red", "dwell_time_sec": "122"}, {"arr_dt": "1456837617", "direction": "0", "dep_dt": "1456837744", "route_id": "Red", "dwell_time_sec": "127"}, {"arr_dt": "1456837853", "direction": "0", "dep_dt": "1456837943", "route_id": "Red", "dwell_time_sec": "90"}, {"arr_dt": "1456838077", "direction": "0", "dep_dt": "1456838293", "route_id": "Red", "dwell_time_sec": "216"}, {"arr_dt": "1456838388", "direction": "0", "dep_dt": "1456838497", "route_id": "Red", "dwell_time_sec": "109"}, {"arr_dt": "1456838737", "direction": "0", "dep_dt": "1456838858", "route_id": "Red", "dwell_time_sec": "121"}, {"arr_dt": "1456838997", "direction": "0", "dep_dt": "1456839090", "route_id": "Red", "dwell_time_sec": "93"}, {"arr_dt": "1456839181", "direction": "0", "dep_dt": "1456839276", "route_id": "Red", "dwell_time_sec": "95"}, {"arr_dt": "1456839437", "direction": "0", "dep_dt": "1456839558", "route_id": "Red", "dwell_time_sec": "121"}, {"arr_dt": "1456839656", "direction": "0", "dep_dt": "1456839781", "route_id": "Red", "dwell_time_sec": "125"}, {"arr_dt": "1456839880", "direction": "0", "dep_dt": "1456839978", "route_id": "Red", "dwell_time_sec": "98"}, {"arr_dt": "1456840098", "direction": "0", "dep_dt": "1456840200", "route_id": "Red", "dwell_time_sec": "102"}, {"arr_dt": "1456840301", "direction": "0", "dep_dt": "1456840394", "route_id": "Red", "dwell_time_sec": "93"}, {"arr_dt": "1456840679", "direction": "0", "dep_dt": "1456840797", "route_id": "Red", "dwell_time_sec": "118"}, {"arr_dt": "1456840900", "direction": "0", "dep_dt": "1456840989", "route_id": "Red", "dwell_time_sec": "89"}, {"arr_dt": "1456841146", "direction": "0", "dep_dt": "1456841246", "route_id": "Red", "dwell_time_sec": "100"}, {"arr_dt": "1456841364", "direction": "0", "dep_dt": "1456841447", "route_id": "Red", "dwell_time_sec": "83"}, {"arr_dt": "1456841559", "direction": "0", "dep_dt": "1456841649", "route_id": "Red", "dwell_time_sec": "90"}, {"arr_dt": "1456841749", "direction": "0", "dep_dt": "1456841825", "route_id": "Red", "dwell_time_sec": "76"}, {"arr_dt": "1456841927", "direction": "0", "dep_dt": "1456842019", "route_id": "Red", "dwell_time_sec": "92"}, {"arr_dt": "1456842117", "direction": "0", "dep_dt": "1456842193", "route_id": "Red", "dwell_time_sec": "76"}, {"arr_dt": "1456842327", "direction": "0", "dep_dt": "1456842428", "route_id": "Red", "dwell_time_sec": "101"}, {"arr_dt": "1456842512", "direction": "0", "dep_dt": "1456842588", "route_id": "Red", "dwell_time_sec": "76"}, {"arr_dt": "1456842756", "direction": "0", "dep_dt": "1456842831", "route_id": "Red", "dwell_time_sec": "75"}, {"arr_dt": "1456842935", "direction": "0", "dep_dt": "1456843013", "route_id": "Red", "dwell_time_sec": "78"}, {"arr_dt": "1456843126", "direction": "0", "dep_dt": "1456843215", "route_id": "Red", "dwell_time_sec": "89"}, {"arr_dt": "1456843387", "direction": "0", "dep_dt": "1456843467", "route_id": "Red", "dwell_time_sec": "80"}, {"arr_dt": "1456843761", "direction": "0", "dep_dt": "1456843853", "route_id": "Red", "dwell_time_sec": "92"}, {"arr_dt": "1456843939", "direction": "0", "dep_dt": "1456844018", "route_id": "Red", "dwell_time_sec": "79"}, {"arr_dt": "1456844159", "direction": "0", "dep_dt": "1456844223", "route_id": "Red", "dwell_time_sec": "64"}, {"arr_dt": "1456844322", "direction": "0", "dep_dt": "1456844415", "route_id": "Red", "dwell_time_sec": "93"}, {"arr_dt": "1456844772", "direction": "0", "dep_dt": "1456844834", "route_id": "Red", "dwell_time_sec": "62"}, {"arr_dt": "1456844997", "direction": "0", "dep_dt": "1456845077", "route_id": "Red", "dwell_time_sec": "80"}, {"arr_dt": "1456845234", "direction": "0", "dep_dt": "1456845308", "route_id": "Red", "dwell_time_sec": "74"}, {"arr_dt": "1456845441", "direction": "0", "dep_dt": "1456845526", "route_id": "Red", "dwell_time_sec": "85"}, {"arr_dt": "1456845922", "direction": "0", "dep_dt": "1456846009", "route_id": "Red", "dwell_time_sec": "87"}, {"arr_dt": "1456846096", "direction": "0", "dep_dt": "1456846203", "route_id": "Red", "dwell_time_sec": "107"}, {"arr_dt": "1456846308", "direction": "0", "dep_dt": "1456846379", "route_id": "Red", "dwell_time_sec": "71"}, {"arr_dt": "1456846474", "direction": "0", "dep_dt": "1456846547", "route_id": "Red", "dwell_time_sec": "73"}, {"arr_dt": "1456846832", "direction": "0", "dep_dt": "1456846890", "route_id": "Red", "dwell_time_sec": "58"}, {"arr_dt": "1456847196", "direction": "0", "dep_dt": "1456847299", "route_id": "Red", "dwell_time_sec": "103"}, {"arr_dt": "1456847589", "direction": "0", "dep_dt": "1456847666", "route_id": "Red", "dwell_time_sec": "77"}, {"arr_dt": "1456848044", "direction": "0", "dep_dt": "1456848139", "route_id": "Red", "dwell_time_sec": "95"}, {"arr_dt": "1456848258", "direction": "0", "dep_dt": "1456848389", "route_id": "Red", "dwell_time_sec": "131"}, {"arr_dt": "1456848456", "direction": "0", "dep_dt": "1456848530", "route_id": "Red", "dwell_time_sec": "74"}, {"arr_dt": "1456848917", "direction": "0", "dep_dt": "1456848992", "route_id": "Red", "dwell_time_sec": "75"}, {"arr_dt": "1456849130", "direction": "0", "dep_dt": "1456849191", "route_id": "Red", "dwell_time_sec": "61"}, {"arr_dt": "1456849698", "direction": "0", "dep_dt": "1456849799", "route_id": "Red", "dwell_time_sec": "101"}, {"arr_dt": "1456850221", "direction": "0", "dep_dt": "1456850328", "route_id": "Red", "dwell_time_sec": "107"}, {"arr_dt": "1456850461", "direction": "0", "dep_dt": "1456850518", "route_id": "Red", "dwell_time_sec": "57"}, {"arr_dt": "1456850954", "direction": "0", "dep_dt": "1456851029", "route_id": "Red", "dwell_time_sec": "75"}, {"arr_dt": "1456851180", "direction": "0", "dep_dt": "1456851244", "route_id": "Red", "dwell_time_sec": "64"}, {"arr_dt": "1456851615", "direction": "0", "dep_dt": "1456851795", "route_id": "Red", "dwell_time_sec": "180"}, {"arr_dt": "1456852111", "direction": "0", "dep_dt": "1456852248", "route_id": "Red", "dwell_time_sec": "137"}, {"arr_dt": "1456852640", "direction": "0", "dep_dt": "1456852705", "route_id": "Red", "dwell_time_sec": "65"}, {"arr_dt": "1456853069", "direction": "0", "dep_dt": "1456853141", "route_id": "Red", "dwell_time_sec": "72"}, {"arr_dt": "1456853312", "direction": "0", "dep_dt": "1456853396", "route_id": "Red", "dwell_time_sec": "84"}, {"arr_dt": "1456853740", "direction": "0", "dep_dt": "1456853812", "route_id": "Red", "dwell_time_sec": "72"}, {"arr_dt": "1456854237", "direction": "0", "dep_dt": "1456854357", "route_id": "Red", "dwell_time_sec": "120"}, {"arr_dt": "1456854710", "direction": "0", "dep_dt": "1456854801", "route_id": "Red", "dwell_time_sec": "91"}, {"arr_dt": "1456855048", "direction": "0", "dep_dt": "1456855112", "route_id": "Red", "dwell_time_sec": "64"}, {"arr_dt": "1456855538", "direction": "0", "dep_dt": "1456855608", "route_id": "Red", "dwell_time_sec": "70"}, {"arr_dt": "1456855908", "direction": "0", "dep_dt": "1456856009", "route_id": "Red", "dwell_time_sec": "101"}, {"arr_dt": "1456856269", "direction": "0", "dep_dt": "1456856339", "route_id": "Red", "dwell_time_sec": "70"}, {"arr_dt": "1456856753", "direction": "0", "dep_dt": "1456856833", "route_id": "Red", "dwell_time_sec": "80"}, {"arr_dt": "1456857070", "direction": "0", "dep_dt": "1456857137", "route_id": "Red", "dwell_time_sec": "67"}, {"arr_dt": "1456857538", "direction": "0", "dep_dt": "1456857604", "route_id": "Red", "dwell_time_sec": "66"}, {"arr_dt": "1456857729", "direction": "0", "dep_dt": "1456857799", "route_id": "Red", "dwell_time_sec": "70"}, {"arr_dt": "1456858245", "direction": "0", "dep_dt": "1456858339", "route_id": "Red", "dwell_time_sec": "94"}, {"arr_dt": "1456859008", "direction": "0", "dep_dt": "1456859074", "route_id": "Red", "dwell_time_sec": "66"}, {"arr_dt": "1456859631", "direction": "0", "dep_dt": "1456859715", "route_id": "Red", "dwell_time_sec": "84"}, {"arr_dt": "1456860409", "direction": "0", "dep_dt": "1456860496", "route_id": "Red", "dwell_time_sec": "87"}, {"arr_dt": "1456860710", "direction": "0", "dep_dt": "1456860793", "route_id": "Red", "dwell_time_sec": "83"}, {"arr_dt": "1456861339", "direction": "0", "dep_dt": "1456861433", "route_id": "Red", "dwell_time_sec": "94"}, {"arr_dt": "1456861789", "direction": "0", "dep_dt": "1456861924", "route_id": "Red", "dwell_time_sec": "135"}, {"arr_dt": "1456862007", "direction": "0", "dep_dt": "1456862102", "route_id": "Red", "dwell_time_sec": "95"}, {"arr_dt": "1456862253", "direction": "0", "dep_dt": "1456862375", "route_id": "Red", "dwell_time_sec": "122"}, {"arr_dt": "1456862637", "direction": "0", "dep_dt": "1456862718", "route_id": "Red", "dwell_time_sec": "81"}, {"arr_dt": "1456862995", "direction": "0", "dep_dt": "1456863075", "route_id": "Red", "dwell_time_sec": "80"}, {"arr_dt": "1456863402", "direction": "0", "dep_dt": "1456863481", "route_id": "Red", "dwell_time_sec": "79"}, {"arr_dt": "1456863736", "direction": "0", "dep_dt": "1456863802", "route_id": "Red", "dwell_time_sec": "66"}, {"arr_dt": "1456863915", "direction": "0", "dep_dt": "1456863984", "route_id": "Red", "dwell_time_sec": "69"}, {"arr_dt": "1456864403", "direction": "0", "dep_dt": "1456864503", "route_id": "Red", "dwell_time_sec": "100"}, {"arr_dt": "1456864635", "direction": "0", "dep_dt": "1456864718", "route_id": "Red", "dwell_time_sec": "83"}, {"arr_dt": "1456865255", "direction": "0", "dep_dt": "1456865367", "route_id": "Red", "dwell_time_sec": "112"}, {"arr_dt": "1456865563", "direction": "0", "dep_dt": "1456865641", "route_id": "Red", "dwell_time_sec": "78"}, {"arr_dt": "1456865940", "direction": "0", "dep_dt": "1456866033", "route_id": "Red", "dwell_time_sec": "93"}, {"arr_dt": "1456866163", "direction": "0", "dep_dt": "1456866269", "route_id": "Red", "dwell_time_sec": "106"}, {"arr_dt": "1456866806", "direction": "0", "dep_dt": "1456866918", "route_id": "Red", "dwell_time_sec": "112"}, {"arr_dt": "1456867100", "direction": "0", "dep_dt": "1456867196", "route_id": "Red", "dwell_time_sec": "96"}, {"arr_dt": "1456867438", "direction": "0", "dep_dt": "1456867537", "route_id": "Red", "dwell_time_sec": "99"}, {"arr_dt": "1456867885", "direction": "0", "dep_dt": "1456867980", "route_id": "Red", "dwell_time_sec": "95"}, {"arr_dt": "1456868118", "direction": "0", "dep_dt": "1456868235", "route_id": "Red", "dwell_time_sec": "117"}, {"arr_dt": "1456868358", "direction": "0", "dep_dt": "1456868446", "route_id": "Red", "dwell_time_sec": "88"}, {"arr_dt": "1456868550", "direction": "0", "dep_dt": "1456868705", "route_id": "Red", "dwell_time_sec": "155"}, {"arr_dt": "1456868797", "direction": "0", "dep_dt": "1456868894", "route_id": "Red", "dwell_time_sec": "97"}, {"arr_dt": "1456869005", "direction": "0", "dep_dt": "1456869103", "route_id": "Red", "dwell_time_sec": "98"}, {"arr_dt": "1456869215", "direction": "0", "dep_dt": "1456869328", "route_id": "Red", "dwell_time_sec": "113"}, {"arr_dt": "1456869411", "direction": "0", "dep_dt": "1456869500", "route_id": "Red", "dwell_time_sec": "89"}, {"arr_dt": "1456869710", "direction": "0", "dep_dt": "1456869867", "route_id": "Red", "dwell_time_sec": "157"}, {"arr_dt": "1456869963", "direction": "0", "dep_dt": "1456870056", "route_id": "Red", "dwell_time_sec": "93"}, {"arr_dt": "1456870236", "direction": "0", "dep_dt": "1456870390", "route_id": "Red", "dwell_time_sec": "154"}, {"arr_dt": "1456870835", "direction": "0", "dep_dt": "1456870953", "route_id": "Red", "dwell_time_sec": "118"}, {"arr_dt": "1456871042", "direction": "0", "dep_dt": "1456871172", "route_id": "Red", "dwell_time_sec": "130"}, {"arr_dt": "1456871275", "direction": "0", "dep_dt": "1456871378", "route_id": "Red", "dwell_time_sec": "103"}, {"arr_dt": "1456871594", "direction": "0", "dep_dt": "1456871688", "route_id": "Red", "dwell_time_sec": "94"}, {"arr_dt": "1456871820", "direction": "0", "dep_dt": "1456871932", "route_id": "Red", "dwell_time_sec": "112"}, {"arr_dt": "1456872020", "direction": "0", "dep_dt": "1456872139", "route_id": "Red", "dwell_time_sec": "119"}, {"arr_dt": "1456872263", "direction": "0", "dep_dt": "1456872358", "route_id": "Red", "dwell_time_sec": "95"}, {"arr_dt": "1456872449", "direction": "0", "dep_dt": "1456872545", "route_id": "Red", "dwell_time_sec": "96"}, {"arr_dt": "1456872639", "direction": "0", "dep_dt": "1456872757", "route_id": "Red", "dwell_time_sec": "118"}, {"arr_dt": "1456872829", "direction": "0", "dep_dt": "1456872930", "route_id": "Red", "dwell_time_sec": "101"}, {"arr_dt": "1456874343", "direction": "0", "dep_dt": "1456874471", "route_id": "Red", "dwell_time_sec": "128"}, {"arr_dt": "1456874560", "direction": "0", "dep_dt": "1456874658", "route_id": "Red", "dwell_time_sec": "98"}, {"arr_dt": "1456874812", "direction": "0", "dep_dt": "1456874894", "route_id": "Red", "dwell_time_sec": "82"}, {"arr_dt": "1456874998", "direction": "0", "dep_dt": "1456875109", "route_id": "Red", "dwell_time_sec": "111"}, {"arr_dt": "1456875207", "direction": "0", "dep_dt": "1456875307", "route_id": "Red", "dwell_time_sec": "100"}, {"arr_dt": "1456875378", "direction": "0", "dep_dt": "1456875463", "route_id": "Red", "dwell_time_sec": "85"}, {"arr_dt": "1456875576", "direction": "0", "dep_dt": "1456875639", "route_id": "Red", "dwell_time_sec": "63"}, {"arr_dt": "1456875975", "direction": "0", "dep_dt": "1456876041", "route_id": "Red", "dwell_time_sec": "66"}, {"arr_dt": "1456876663", "direction": "0", "dep_dt": "1456876766", "route_id": "Red", "dwell_time_sec": "103"}, {"arr_dt": "1456876867", "direction": "0", "dep_dt": "1456876970", "route_id": "Red", "dwell_time_sec": "103"}, {"arr_dt": "1456877134", "direction": "0", "dep_dt": "1456877209", "route_id": "Red", "dwell_time_sec": "75"}, {"arr_dt": "1456877330", "direction": "0", "dep_dt": "1456877414", "route_id": "Red", "dwell_time_sec": "84"}, {"arr_dt": "1456877654", "direction": "0", "dep_dt": "1456877727", "route_id": "Red", "dwell_time_sec": "73"}, {"arr_dt": "1456877854", "direction": "0", "dep_dt": "1456877938", "route_id": "Red", "dwell_time_sec": "84"}, {"arr_dt": "1456878181", "direction": "0", "dep_dt": "1456878259", "route_id": "Red", "dwell_time_sec": "78"}, {"arr_dt": "1456878549", "direction": "0", "dep_dt": "1456878622", "route_id": "Red", "dwell_time_sec": "73"}, {"arr_dt": "1456878798", "direction": "0", "dep_dt": "1456878874", "route_id": "Red", "dwell_time_sec": "76"}, {"arr_dt": "1456878981", "direction": "0", "dep_dt": "1456879057", "route_id": "Red", "dwell_time_sec": "76"}, {"arr_dt": "1456879220", "direction": "0", "dep_dt": "1456879288", "route_id": "Red", "dwell_time_sec": "68"}, {"arr_dt": "1456879395", "direction": "0", "dep_dt": "1456879464", "route_id": "Red", "dwell_time_sec": "69"}, {"arr_dt": "1456879682", "direction": "0", "dep_dt": "1456879773", "route_id": "Red", "dwell_time_sec": "91"}, {"arr_dt": "1456879857", "direction": "0", "dep_dt": "1456879926", "route_id": "Red", "dwell_time_sec": "69"}, {"arr_dt": "1456880061", "direction": "0", "dep_dt": "1456880125", "route_id": "Red", "dwell_time_sec": "64"}, {"arr_dt": "1456880323", "direction": "0", "dep_dt": "1456880398", "route_id": "Red", "dwell_time_sec": "75"}, {"arr_dt": "1456880501", "direction": "0", "dep_dt": "1456880578", "route_id": "Red", "dwell_time_sec": "77"}, {"arr_dt": "1456880725", "direction": "0", "dep_dt": "1456880815", "route_id": "Red", "dwell_time_sec": "90"}, {"arr_dt": "1456881154", "direction": "0", "dep_dt": "1456881219", "route_id": "Red", "dwell_time_sec": "65"}, {"arr_dt": "1456881604", "direction": "0", "dep_dt": "1456881679", "route_id": "Red", "dwell_time_sec": "75"}, {"arr_dt": "1456882043", "direction": "0", "dep_dt": "1456882106", "route_id": "Red", "dwell_time_sec": "63"}, {"arr_dt": "1456882297", "direction": "0", "dep_dt": "1456882357", "route_id": "Red", "dwell_time_sec": "60"}, {"arr_dt": "1456882664", "direction": "0", "dep_dt": "1456882732", "route_id": "Red", "dwell_time_sec": "68"}, {"arr_dt": "1456882854", "direction": "0", "dep_dt": "1456882944", "route_id": "Red", "dwell_time_sec": "90"}, {"arr_dt": "1456883108", "direction": "0", "dep_dt": "1456883166", "route_id": "Red", "dwell_time_sec": "58"}, {"arr_dt": "1456883711", "direction": "0", "dep_dt": "1456883809", "route_id": "Red", "dwell_time_sec": "98"}, {"arr_dt": "1456884233", "direction": "0", "dep_dt": "1456884315", "route_id": "Red", "dwell_time_sec": "82"}, {"arr_dt": "1456884427", "direction": "0", "dep_dt": "1456884537", "route_id": "Red", "dwell_time_sec": "110"}, {"arr_dt": "1456884766", "direction": "0", "dep_dt": "1456884838", "route_id": "Red", "dwell_time_sec": "72"}, {"arr_dt": "1456884982", "direction": "0", "dep_dt": "1456885047", "route_id": "Red", "dwell_time_sec": "65"}, {"arr_dt": "1456885277", "direction": "0", "dep_dt": "1456885345", "route_id": "Red", "dwell_time_sec": "68"}, {"arr_dt": "1456885721", "direction": "0", "dep_dt": "1456885790", "route_id": "Red", "dwell_time_sec": "69"}, {"arr_dt": "1456886191", "direction": "0", "dep_dt": "1456886258", "route_id": "Red", "dwell_time_sec": "67"}, {"arr_dt": "1456886361", "direction": "0", "dep_dt": "1456886451", "route_id": "Red", "dwell_time_sec": "90"}, {"arr_dt": "1456886665", "direction": "0", "dep_dt": "1456886726", "route_id": "Red", "dwell_time_sec": "61"}, {"arr_dt": "1456887170", "direction": "0", "dep_dt": "1456887267", "route_id": "Red", "dwell_time_sec": "97"}, {"arr_dt": "1456887364", "direction": "0", "dep_dt": "1456887453", "route_id": "Red", "dwell_time_sec": "89"}, {"arr_dt": "1456887695", "direction": "0", "dep_dt": "1456887803", "route_id": "Red", "dwell_time_sec": "108"}, {"arr_dt": "1456888194", "direction": "0", "dep_dt": "1456888271", "route_id": "Red", "dwell_time_sec": "77"}, {"arr_dt": "1456888447", "direction": "0", "dep_dt": "1456888515", "route_id": "Red", "dwell_time_sec": "68"}, {"arr_dt": "1456888963", "direction": "0", "dep_dt": "1456889035", "route_id": "Red", "dwell_time_sec": "72"}, {"arr_dt": "1456889292", "direction": "0", "dep_dt": "1456889358", "route_id": "Red", "dwell_time_sec": "66"}, {"arr_dt": "1456889638", "direction": "0", "dep_dt": "1456889829", "route_id": "Red", "dwell_time_sec": "191"}, {"arr_dt": "1456889942", "direction": "0", "dep_dt": "1456890018", "route_id": "Red", "dwell_time_sec": "76"}, {"arr_dt": "1456890391", "direction": "0", "dep_dt": "1456890451", "route_id": "Red", "dwell_time_sec": "60"}, {"arr_dt": "1456890669", "direction": "0", "dep_dt": "1456890734", "route_id": "Red", "dwell_time_sec": "65"}, {"arr_dt": "1456891100", "direction": "0", "dep_dt": "1456891188", "route_id": "Red", "dwell_time_sec": "88"}, {"arr_dt": "1456891501", "direction": "0", "dep_dt": "1456891569", "route_id": "Red", "dwell_time_sec": "68"}, {"arr_dt": "1456891677", "direction": "0", "dep_dt": "1456891733", "route_id": "Red", "dwell_time_sec": "56"}, {"arr_dt": "1456892063", "direction": "0", "dep_dt": "1456892158", "route_id": "Red", "dwell_time_sec": "95"}, {"arr_dt": "1456892486", "direction": "0", "dep_dt": "1456892572", "route_id": "Red", "dwell_time_sec": "86"}, {"arr_dt": "1456892716", "direction": "0", "dep_dt": "1456892782", "route_id": "Red", "dwell_time_sec": "66"}, {"arr_dt": "1456892877", "direction": "0", "dep_dt": "1456892947", "route_id": "Red", "dwell_time_sec": "70"}, {"arr_dt": "1456893410", "direction": "0", "dep_dt": "1456893478", "route_id": "Red", "dwell_time_sec": "68"}, {"arr_dt": "1456893651", "direction": "0", "dep_dt": "1456893703", "route_id": "Red", "dwell_time_sec": "52"}, {"arr_dt": "1456894352", "direction": "0", "dep_dt": "1456894418", "route_id": "Red", "dwell_time_sec": "66"}, {"arr_dt": "1456894688", "direction": "0", "dep_dt": "1456894755", "route_id": "Red", "dwell_time_sec": "67"}]}