{"dwell_times": [{"arr_dt": "1451883599", "direction": "0", "dep_dt": "1451883660", "route_id": "Red", "dwell_time_sec": "61"}, {"arr_dt": "1451884201", "direction": "0", "dep_dt": "1451884271", "route_id": "Red", "dwell_time_sec": "70"}, {"arr_dt": "1451884584", "direction": "0", "dep_dt": "1451884664", "route_id": "Red", "dwell_time_sec": "80"}, {"arr_dt": "1451885250", "direction": "0", "dep_dt": "1451885306", "route_id": "Red", "dwell_time_sec": "56"}, {"arr_dt": "1451885440", "direction": "0", "dep_dt": "1451885485", "route_id": "Red", "dwell_time_sec": "45"}, {"arr_dt": "1451886455", "direction": "0", "dep_dt": "1451887815", "route_id": "Red", "dwell_time_sec": "1360"}, {"arr_dt": "1451903677", "direction": "0", "dep_dt": "1451903741", "route_id": "Red", "dwell_time_sec": "64"}, {"arr_dt": "1451904200", "direction": "0", "dep_dt": "1451904275", "route_id": "Red", "dwell_time_sec": "75"}, {"arr_dt": "1451904466", "direction": "0", "dep_dt": "1451904534", "route_id": "Red", "dwell_time_sec": "68"}, {"arr_dt": "1451904805", "direction": "0", "dep_dt": "1451904870", "route_id": "Red", "dwell_time_sec": "65"}, {"arr_dt": "1451905175", "direction": "0", "dep_dt": "1451905232", "route_id": "Red", "dwell_time_sec": "57"}, {"arr_dt": "1451905767", "direction": "0", "dep_dt": "1451905835", "route_id": "Red", "dwell_time_sec": "68"}, {"arr_dt": "1451906314", "direction": "0", "dep_dt": "1451906373", "route_id": "Red", "dwell_time_sec": "59"}, {"arr_dt": "1451906699", "direction": "0", "dep_dt": "1451906779", "route_id": "Red", "dwell_time_sec": "80"}, {"arr_dt": "1451907034", "direction": "0", "dep_dt": "1451907100", "route_id": "Red", "dwell_time_sec": "66"}, {"arr_dt": "1451907379", "direction": "0", "dep_dt": "1451907454", "route_id": "Red", "dwell_time_sec": "75"}, {"arr_dt": "1451907679", "direction": "0", "dep_dt": "1451907781", "route_id": "Red", "dwell_time_sec": "102"}, {"arr_dt": "1451908337", "direction": "0", "dep_dt": "1451908421", "route_id": "Red", "dwell_time_sec": "84"}, {"arr_dt": "1451908657", "direction": "0", "dep_dt": "1451908725", "route_id": "Red", "dwell_time_sec": "68"}, {"arr_dt": "1451908899", "direction": "0", "dep_dt": "1451908972", "route_id": "Red", "dwell_time_sec": "73"}, {"arr_dt": "1451909160", "direction": "0", "dep_dt": "1451909221", "route_id": "Red", "dwell_time_sec": "61"}, {"arr_dt": "1451909351", "direction": "0", "dep_dt": "1451909430", "route_id": "Red", "dwell_time_sec": "79"}, {"arr_dt": "1451909653", "direction": "0", "dep_dt": "1451909724", "route_id": "Red", "dwell_time_sec": "71"}, {"arr_dt": "1451910209", "direction": "0", "dep_dt": "1451910284", "route_id": "Red", "dwell_time_sec": "75"}, {"arr_dt": "1451910392", "direction": "0", "dep_dt": "1451910479", "route_id": "Red", "dwell_time_sec": "87"}, {"arr_dt": "1451910584", "direction": "0", "dep_dt": "1451910680", "route_id": "Red", "dwell_time_sec": "96"}, {"arr_dt": "1451910770", "direction": "0", "dep_dt": "1451910854", "route_id": "Red", "dwell_time_sec": "84"}, {"arr_dt": "1451910996", "direction": "0", "dep_dt": "1451911067", "route_id": "Red", "dwell_time_sec": "71"}, {"arr_dt": "1451911178", "direction": "0", "dep_dt": "1451911263", "route_id": "Red", "dwell_time_sec": "85"}, {"arr_dt": "1451911855", "direction": "0", "dep_dt": "1451911992", "route_id": "Red", "dwell_time_sec": "137"}, {"arr_dt": "1451912084", "direction": "0", "dep_dt": "1451912198", "route_id": "Red", "dwell_time_sec": "114"}, {"arr_dt": "1451912374", "direction": "0", "dep_dt": "1451912461", "route_id": "Red", "dwell_time_sec": "87"}, {"arr_dt": "1451912562", "direction": "0", "dep_dt": "1451912675", "route_id": "Red", "dwell_time_sec": "113"}, {"arr_dt": "1451912759", "direction": "0", "dep_dt": "1451912857", "route_id": "Red", "dwell_time_sec": "98"}, {"arr_dt": "1451912971", "direction": "0", "dep_dt": "1451913099", "route_id": "Red", "dwell_time_sec": "128"}, {"arr_dt": "1451913201", "direction": "0", "dep_dt": "1451913317", "route_id": "Red", "dwell_time_sec": "116"}, {"arr_dt": "1451913476", "direction": "0", "dep_dt": "1451913564", "route_id": "Red", "dwell_time_sec": "88"}, {"arr_dt": "1451913682", "direction": "0", "dep_dt": "1451913802", "route_id": "Red", "dwell_time_sec": "120"}, {"arr_dt": "1451914235", "direction": "0", "dep_dt": "1451914388", "route_id": "Red", "dwell_time_sec": "153"}, {"arr_dt": "1451914478", "direction": "0", "dep_dt": "1451914586", "route_id": "Red", "dwell_time_sec": "108"}, {"arr_dt": "1451914790", "direction": "0", "dep_dt": "1451914912", "route_id": "Red", "dwell_time_sec": "122"}, {"arr_dt": "1451915014", "direction": "0", "dep_dt": "1451915104", "route_id": "Red", "dwell_time_sec": "90"}, {"arr_dt": "1451915190", "direction": "0", "dep_dt": "1451915290", "route_id": "Red", "dwell_time_sec": "100"}, {"arr_dt": "1451915909", "direction": "0", "dep_dt": "1451916025", "route_id": "Red", "dwell_time_sec": "116"}, {"arr_dt": "1451916132", "direction": "0", "dep_dt": "1451916217", "route_id": "Red", "dwell_time_sec": "85"}, {"arr_dt": "1451916357", "direction": "0", "dep_dt": "1451916462", "route_id": "Red", "dwell_time_sec": "105"}, {"arr_dt": "1451916555", "direction": "0", "dep_dt": "1451916660", "route_id": "Red", "dwell_time_sec": "105"}, {"arr_dt": "1451916754", "direction": "0", "dep_dt": "1451916888", "route_id": "Red", "dwell_time_sec": "134"}, {"arr_dt": "1451916961", "direction": "0", "dep_dt": "1451917055", "route_id": "Red", "dwell_time_sec": "94"}, {"arr_dt": "1451917178", "direction": "0", "dep_dt": "1451917287", "route_id": "Red", "dwell_time_sec": "109"}, {"arr_dt": "1451917378", "direction": "0", "dep_dt": "1451917469", "route_id": "Red", "dwell_time_sec": "91"}, {"arr_dt": "1451917573", "direction": "0", "dep_dt": "1451917671", "route_id": "Red", "dwell_time_sec": "98"}, {"arr_dt": "1451917770", "direction": "0", "dep_dt": "1451917860", "route_id": "Red", "dwell_time_sec": "90"}, {"arr_dt": "1451917962", "direction": "0", "dep_dt": "1451918138", "route_id": "Red", "dwell_time_sec": "176"}, {"arr_dt": "1451918136", "direction": "0", "dep_dt": "1451918264", "route_id": "Red", "dwell_time_sec": "128"}, {"arr_dt": "1451918364", "direction": "0", "dep_dt": "1451918448", "route_id": "Red", "dwell_time_sec": "84"}, {"arr_dt": "1451918521", "direction": "0", "dep_dt": "1451918596", "route_id": "Red", "dwell_time_sec": "75"}, {"arr_dt": "1451918790", "direction": "0", "dep_dt": "1451918874", "route_id": "Red", "dwell_time_sec": "84"}, {"arr_dt": "1451918997", "direction": "0", "dep_dt": "1451919063", "route_id": "Red", "dwell_time_sec": "66"}, {"arr_dt": "1451919552", "direction": "0", "dep_dt": "1451919664", "route_id": "Red", "dwell_time_sec": "112"}, {"arr_dt": "1451920049", "direction": "0", "dep_dt": "1451920121", "route_id": "Red", "dwell_time_sec": "72"}, {"arr_dt": "1451920238", "direction": "0", "dep_dt": "1451920313", "route_id": "Red", "dwell_time_sec": "75"}, {"arr_dt": "1451920511", "direction": "0", "dep_dt": "1451920583", "route_id": "Red", "dwell_time_sec": "72"}, {"arr_dt": "1451920689", "direction": "0", "dep_dt": "1451920802", "route_id": "Red", "dwell_time_sec": "113"}, {"arr_dt": "1451920887", "direction": "0", "dep_dt": "1451920972", "route_id": "Red", "dwell_time_sec": "85"}, {"arr_dt": "1451921056", "direction": "0", "dep_dt": "1451921156", "route_id": "Red", "dwell_time_sec": "100"}, {"arr_dt": "1451921250", "direction": "0", "dep_dt": "1451921349", "route_id": "Red", "dwell_time_sec": "99"}, {"arr_dt": "1451921424", "direction": "0", "dep_dt": "1451921494", "route_id": "Red", "dwell_time_sec": "70"}, {"arr_dt": "1451921602", "direction": "0", "dep_dt": "1451921677", "route_id": "Red", "dwell_time_sec": "75"}, {"arr_dt": "1451921880", "direction": "0", "dep_dt": "1451921962", "route_id": "Red", "dwell_time_sec": "82"}, {"arr_dt": "1451922415", "direction": "0", "dep_dt": "1451922539", "route_id": "Red", "dwell_time_sec": "124"}, {"arr_dt": "1451922680", "direction": "0", "dep_dt": "1451922738", "route_id": "Red", "dwell_time_sec": "58"}, {"arr_dt": "1451923159", "direction": "0", "dep_dt": "1451923244", "route_id": "Red", "dwell_time_sec": "85"}, {"arr_dt": "1451923353", "direction": "0", "dep_dt": "1451923421", "route_id": "Red", "dwell_time_sec": "68"}, {"arr_dt": "1451923841", "direction": "0", "dep_dt": "1451923915", "route_id": "Red", "dwell_time_sec": "74"}, {"arr_dt": "1451924145", "direction": "0", "dep_dt": "1451924227", "route_id": "Red", "dwell_time_sec": "82"}, {"arr_dt": "1451924529", "direction": "0", "dep_dt": "1451924596", "route_id": "Red", "dwell_time_sec": "67"}, {"arr_dt": "1451924984", "direction": "0", "dep_dt": "1451925048", "route_id": "Red", "dwell_time_sec": "64"}, {"arr_dt": "1451925326", "direction": "0", "dep_dt": "1451925409", "route_id": "Red", "dwell_time_sec": "83"}, {"arr_dt": "1451925661", "direction": "0", "dep_dt": "1451925744", "route_id": "Red", "dwell_time_sec": "83"}, {"arr_dt": "1451926052", "direction": "0", "dep_dt": "1451926130", "route_id": "Red", "dwell_time_sec": "78"}, {"arr_dt": "1451926568", "direction": "0", "dep_dt": "1451926639", "route_id": "Red", "dwell_time_sec": "71"}, {"arr_dt": "1451926759", "direction": "0", "dep_dt": "1451926828", "route_id": "Red", "dwell_time_sec": "69"}, {"arr_dt": "1451927364", "direction": "0", "dep_dt": "1451927431", "route_id": "Red", "dwell_time_sec": "67"}, {"arr_dt": "1451927537", "direction": "0", "dep_dt": "1451927604", "route_id": "Red", "dwell_time_sec": "67"}, {"arr_dt": "1451927984", "direction": "0", "dep_dt": "1451928068", "route_id": "Red", "dwell_time_sec": "84"}, {"arr_dt": "1451928251", "direction": "0", "dep_dt": "1451928316", "route_id": "Red", "dwell_time_sec": "65"}, {"arr_dt": "1451928601", "direction": "0", "dep_dt": "1451928679", "route_id": "Red", "dwell_time_sec": "78"}, {"arr_dt": "1451928974", "direction": "0", "dep_dt": "1451929171", "route_id": "Red", "dwell_time_sec": "197"}, {"arr_dt": "1451929467", "direction": "0", "dep_dt": "1451929532", "route_id": "Red", "dwell_time_sec": "65"}, {"arr_dt": "1451929902", "direction": "0", "dep_dt": "1451929996", "route_id": "Red", "dwell_time_sec": "94"}, {"arr_dt": "1451930638", "direction": "0", "dep_dt": "1451930720", "route_id": "Red", "dwell_time_sec": "82"}, {"arr_dt": "1451930835", "direction": "0", "dep_dt": "1451930897", "route_id": "Red", "dwell_time_sec": "62"}, {"arr_dt": "1451931202", "direction": "0", "dep_dt": "1451931269", "route_id": "Red", "dwell_time_sec": "67"}, {"arr_dt": "1451931561", "direction": "0", "dep_dt": "1451931635", "route_id": "Red", "dwell_time_sec": "74"}, {"arr_dt": "1451931840", "direction": "0", "dep_dt": "1451931905", "route_id": "Red", "dwell_time_sec": "65"}, {"arr_dt": "1451932314", "direction": "0", "dep_dt": "1451932495", "route_id": "Red", "dwell_time_sec": "181"}, {"arr_dt": "1451932747", "direction": "0", "dep_dt": "1451932821", "route_id": "Red", "dwell_time_sec": "74"}, {"arr_dt": "1451933189", "direction": "0", "dep_dt": "1451933254", "route_id": "Red", "dwell_time_sec": "65"}, {"arr_dt": "1451933705", "direction": "0", "dep_dt": "1451933774", "route_id": "Red", "dwell_time_sec": "69"}, {"arr_dt": "1451934153", "direction": "0", "dep_dt": "1451934227", "route_id": "Red", "dwell_time_sec": "74"}, {"arr_dt": "1451934426", "direction": "0", "dep_dt": "1451934504", "route_id": "Red", "dwell_time_sec": "78"}, {"arr_dt": "1451934800", "direction": "0", "dep_dt": "1451934863", "route_id": "Red", "dwell_time_sec": "63"}, {"arr_dt": "1451935268", "direction": "0", "dep_dt": "1451935347", "route_id": "Red", "dwell_time_sec": "79"}, {"arr_dt": "1451935731", "direction": "0", "dep_dt": "1451935832", "route_id": "Red", "dwell_time_sec": "101"}, {"arr_dt": "1451936235", "direction": "0", "dep_dt": "1451936322", "route_id": "Red", "dwell_time_sec": "87"}, {"arr_dt": "1451936432", "direction": "0", "dep_dt": "1451936529", "route_id": "Red", "dwell_time_sec": "97"}, {"arr_dt": "1451937524", "direction": "0", "dep_dt": "1451937642", "route_id": "Red", "dwell_time_sec": "118"}, {"arr_dt": "1451938058", "direction": "0", "dep_dt": "1451938147", "route_id": "Red", "dwell_time_sec": "89"}, {"arr_dt": "1451938509", "direction": "0", "dep_dt": "1451938595", "route_id": "Red", "dwell_time_sec": "86"}, {"arr_dt": "1451938701", "direction": "0", "dep_dt": "1451938781", "route_id": "Red", "dwell_time_sec": "80"}, {"arr_dt": "1451938908", "direction": "0", "dep_dt": "1451938984", "route_id": "Red", "dwell_time_sec": "76"}, {"arr_dt": "1451939200", "direction": "0", "dep_dt": "1451939279", "route_id": "Red", "dwell_time_sec": "79"}, {"arr_dt": "1451939665", "direction": "0", "dep_dt": "1451939766", "route_id": "Red", "dwell_time_sec": "101"}, {"arr_dt": "1451939987", "direction": "0", "dep_dt": "1451940087", "route_id": "Red", "dwell_time_sec": "100"}, {"arr_dt": "1451940353", "direction": "0", "dep_dt": "1451940447", "route_id": "Red", "dwell_time_sec": "94"}, {"arr_dt": "1451940582", "direction": "0", "dep_dt": "1451940649", "route_id": "Red", "dwell_time_sec": "67"}, {"arr_dt": "1451940956", "direction": "0", "dep_dt": "1451941039", "route_id": "Red", "dwell_time_sec": "83"}, {"arr_dt": "1451941151", "direction": "0", "dep_dt": "1451941230", "route_id": "Red", "dwell_time_sec": "79"}, {"arr_dt": "1451941376", "direction": "0", "dep_dt": "1451941660", "route_id": "Red", "dwell_time_sec": "284"}, {"arr_dt": "1451942006", "direction": "0", "dep_dt": "1451942127", "route_id": "Red", "dwell_time_sec": "121"}, {"arr_dt": "1451942223", "direction": "0", "dep_dt": "1451942326", "route_id": "Red", "dwell_time_sec": "103"}, {"arr_dt": "1451942524", "direction": "0", "dep_dt": "1451942615", "route_id": "Red", "dwell_time_sec": "91"}, {"arr_dt": "1451942793", "direction": "0", "dep_dt": "1451942886", "route_id": "Red", "dwell_time_sec": "93"}, {"arr_dt": "1451943124", "direction": "0", "dep_dt": "1451943203", "route_id": "Red", "dwell_time_sec": "79"}, {"arr_dt": "1451943381", "direction": "0", "dep_dt": "1451943480", "route_id": "Red", "dwell_time_sec": "99"}, {"arr_dt": "1451943785", "direction": "0", "dep_dt": "1451943912", "route_id": "Red", "dwell_time_sec": "127"}, {"arr_dt": "1451944533", "direction": "0", "dep_dt": "1451944696", "route_id": "Red", "dwell_time_sec": "163"}, {"arr_dt": "1451944950", "direction": "0", "dep_dt": "1451945093", "route_id": "Red", "dwell_time_sec": "143"}, {"arr_dt": "1451945215", "direction": "0", "dep_dt": "1451945324", "route_id": "Red", "dwell_time_sec": "109"}, {"arr_dt": "1451945550", "direction": "0", "dep_dt": "1451945656", "route_id": "Red", "dwell_time_sec": "106"}, {"arr_dt": "1451945897", "direction": "0", "dep_dt": "1451946038", "route_id": "Red", "dwell_time_sec": "141"}, {"arr_dt": "1451946168", "direction": "0", "dep_dt": "1451946266", "route_id": "Red", "dwell_time_sec": "98"}, {"arr_dt": "1451946461", "direction": "0", "dep_dt": "1451946659", "route_id": "Red", "dwell_time_sec": "198"}, {"arr_dt": "1451946760", "direction": "0", "dep_dt": "1451946931", "route_id": "Red", "dwell_time_sec": "171"}, {"arr_dt": "1451947087", "direction": "0", "dep_dt": "1451947175", "route_id": "Red", "dwell_time_sec": "88"}, {"arr_dt": "1451947291", "direction": "0", "dep_dt": "1451947394", "route_id": "Red", "dwell_time_sec": "103"}, {"arr_dt": "1451947562", "direction": "0", "dep_dt": "1451947676", "route_id": "Red", "dwell_time_sec": "114"}, {"arr_dt": "1451947803", "direction": "0", "dep_dt": "1451947901", "route_id": "Red", "dwell_time_sec": "98"}, {"arr_dt": "1451947992", "direction": "0", "dep_dt": "1451948272", "route_id": "Red", "dwell_time_sec": "280"}, {"arr_dt": "1451948220", "direction": "0", "dep_dt": "1451948337", "route_id": "Red", "dwell_time_sec": "117"}, {"arr_dt": "1451948419", "direction": "0", "dep_dt": "1451948500", "route_id": "Red", "dwell_time_sec": "81"}, {"arr_dt": "1451948599", "direction": "0", "dep_dt": "1451948694", "route_id": "Red", "dwell_time_sec": "95"}, {"arr_dt": "1451948912", "direction": "0", "dep_dt": "1451948994", "route_id": "Red", "dwell_time_sec": "82"}, {"arr_dt": "1451949106", "direction": "0", "dep_dt": "1451949204", "route_id": "Red", "dwell_time_sec": "98"}, {"arr_dt": "1451949306", "direction": "0", "dep_dt": "1451949437", "route_id": "Red", "dwell_time_sec": "131"}, {"arr_dt": "1451949502", "direction": "0", "dep_dt": "1451949586", "route_id": "Red", "dwell_time_sec": "84"}, {"arr_dt": "1451949698", "direction": "0", "dep_dt": "1451949808", "route_id": "Red", "dwell_time_sec": "110"}, {"arr_dt": "1451949903", "direction": "0", "dep_dt": "1451949984", "route_id": "Red", "dwell_time_sec": "81"}, {"arr_dt": "1451950079", "direction": "0", "dep_dt": "1451950178", "route_id": "Red", "dwell_time_sec": "99"}, {"arr_dt": "1451950281", "direction": "0", "dep_dt": "1451950364", "route_id": "Red", "dwell_time_sec": "83"}, {"arr_dt": "1451950488", "direction": "0", "dep_dt": "1451950581", "route_id": "Red", "dwell_time_sec": "93"}, {"arr_dt": "1451950974", "direction": "0", "dep_dt": "1451951053", "route_id": "Red", "dwell_time_sec": "79"}, {"arr_dt": "1451951257", "direction": "0", "dep_dt": "1451951347", "route_id": "Red", "dwell_time_sec": "90"}, {"arr_dt": "1451951439", "direction": "0", "dep_dt": "1451951523", "route_id": "Red", "dwell_time_sec": "84"}, {"arr_dt": "1451951883", "direction": "0", "dep_dt": "1451951962", "route_id": "Red", "dwell_time_sec": "79"}, {"arr_dt": "1451952082", "direction": "0", "dep_dt": "1451952151", "route_id": "Red", "dwell_time_sec": "69"}, {"arr_dt": "1451952592", "direction": "0", "dep_dt": "1451952679", "route_id": "Red", "dwell_time_sec": "87"}, {"arr_dt": "1451952807", "direction": "0", "dep_dt": "1451952876", "route_id": "Red", "dwell_time_sec": "69"}, {"arr_dt": "1451952975", "direction": "0", "dep_dt": "1451953052", "route_id": "Red", "dwell_time_sec": "77"}, {"arr_dt": "1451953264", "direction": "0", "dep_dt": "1451953532", "route_id": "Red", "dwell_time_sec": "268"}, {"arr_dt": "1451953754", "direction": "0", "dep_dt": "1451953857", "route_id": "Red", "dwell_time_sec": "103"}, {"arr_dt": "1451954083", "direction": "0", "dep_dt": "1451954152", "route_id": "Red", "dwell_time_sec": "69"}, {"arr_dt": "1451954306", "direction": "0", "dep_dt": "1451954364", "route_id": "Red", "dwell_time_sec": "58"}, {"arr_dt": "1451954510", "direction": "0", "dep_dt": "1451954593", "route_id": "Red", "dwell_time_sec": "83"}, {"arr_dt": "1451954720", "direction": "0", "dep_dt": "1451954804", "route_id": "Red", "dwell_time_sec": "84"}, {"arr_dt": "1451954911", "direction": "0", "dep_dt": "1451954984", "route_id": "Red", "dwell_time_sec": "73"}, {"arr_dt": "1451955223", "direction": "0", "dep_dt": "1451955296", "route_id": "Red", "dwell_time_sec": "73"}, {"arr_dt": "1451955424", "direction": "0", "dep_dt": "1451955511", "route_id": "Red", "dwell_time_sec": "87"}, {"arr_dt": "1451955757", "direction": "0", "dep_dt": "1451955848", "route_id": "Red", "dwell_time_sec": "91"}, {"arr_dt": "1451955940", "direction": "0", "dep_dt": "1451956021", "route_id": "Red", "dwell_time_sec": "81"}, {"arr_dt": "1451956139", "direction": "0", "dep_dt": "1451956237", "route_id": "Red", "dwell_time_sec": "98"}, {"arr_dt": "1451956344", "direction": "0", "dep_dt": "1451956410", "route_id": "Red", "dwell_time_sec": "66"}, {"arr_dt": "1451956593", "direction": "0", "dep_dt": "1451956665", "route_id": "Red", "dwell_time_sec": "72"}, {"arr_dt": "1451956830", "direction": "0", "dep_dt": "1451956903", "route_id": "Red", "dwell_time_sec": "73"}, {"arr_dt": "1451957188", "direction": "0", "dep_dt": "1451957259", "route_id": "Red", "dwell_time_sec": "71"}, {"arr_dt": "1451957477", "direction": "0", "dep_dt": "1451957557", "route_id": "Red", "dwell_time_sec": "80"}, {"arr_dt": "1451957919", "direction": "0", "dep_dt": "1451957977", "route_id": "Red", "dwell_time_sec": "58"}, {"arr_dt": "1451958361", "direction": "0", "dep_dt": "1451958434", "route_id": "Red", "dwell_time_sec": "73"}, {"arr_dt": "1451958687", "direction": "0", "dep_dt": "1451958776", "route_id": "Red", "dwell_time_sec": "89"}, {"arr_dt": "1451958879", "direction": "0", "dep_dt": "1451958949", "route_id": "Red", "dwell_time_sec": "70"}, {"arr_dt": "1451959226", "direction": "0", "dep_dt": "1451959301", "route_id": "Red", "dwell_time_sec": "75"}, {"arr_dt": "1451959654", "direction": "0", "dep_dt": "1451959736", "route_id": "Red", "dwell_time_sec": "82"}, {"arr_dt": "1451959877", "direction": "0", "dep_dt": "1451959967", "route_id": "Red", "dwell_time_sec": "90"}, {"arr_dt": "1451960122", "direction": "0", "dep_dt": "1451960189", "route_id": "Red", "dwell_time_sec": "67"}, {"arr_dt": "1451960297", "direction": "0", "dep_dt": "1451960378", "route_id": "Red", "dwell_time_sec": "81"}, {"arr_dt": "1451960695", "direction": "0", "dep_dt": "1451960751", "route_id": "Red", "dwell_time_sec": "56"}, {"arr_dt": "1451960948", "direction": "0", "dep_dt": "1451961007", "route_id": "Red", "dwell_time_sec": "59"}, {"arr_dt": "1451961181", "direction": "0", "dep_dt": "1451961266", "route_id": "Red", "dwell_time_sec": "85"}, {"arr_dt": "1451961592", "direction": "0", "dep_dt": "1451961677", "route_id": "Red", "dwell_time_sec": "85"}, {"arr_dt": "1451961946", "direction": "0", "dep_dt": "1451962003", "route_id": "Red", "dwell_time_sec": "57"}, {"arr_dt": "1451962371", "direction": "0", "dep_dt": "1451962454", "route_id": "Red", "dwell_time_sec": "83"}, {"arr_dt": "1451962735", "direction": "0", "dep_dt": "1451962825", "route_id": "Red", "dwell_time_sec": "90"}, {"arr_dt": "1451962998", "direction": "0", "dep_dt": "1451963054", "route_id": "Red", "dwell_time_sec": "56"}, {"arr_dt": "1451963867", "direction": "0", "dep_dt": "1451963930", "route_id": "Red", "dwell_time_sec": "63"}, {"arr_dt": "1451964199", "direction": "0", "dep_dt": "1451964278", "route_id": "Red", "dwell_time_sec": "79"}, {"arr_dt": "1451964619", "direction": "0", "dep_dt": "1451964692", "route_id": "Red", "dwell_time_sec": "73"}, {"arr_dt": "1451964924", "direction": "0", "dep_dt": "1451964988", "route_id": "Red", "dwell_time_sec": "64"}, {"arr_dt": "1451965211", "direction": "0", "dep_dt": "1451965303", "route_id": "Red", "dwell_time_sec": "92"}, {"arr_dt": "1451965579", "direction": "0", "dep_dt": "1451965639", "route_id": "Red", "dwell_time_sec": "60"}, {"arr_dt": "1451965780", "direction": "0", "dep_dt": "1451965838", "route_id": "Red", "dwell_time_sec": "58"}, {"arr_dt": "1451966257", "direction": "0", "dep_dt": "1451966316", "route_id": "Red", "dwell_time_sec": "59"}, {"arr_dt": "1451966690", "direction": "0", "dep_dt": "1451966757", "route_id": "Red", "dwell_time_sec": "67"}, {"arr_dt": "1451967109", "direction": "0", "dep_dt": "1451967178", "route_id": "Red", "dwell_time_sec": "69"}, {"arr_dt": "1451967317", "direction": "0", "dep_dt": "1451967391", "route_id": "Red", "dwell_time_sec": "74"}, {"arr_dt": "1451967743", "direction": "0", "dep_dt": "1451967809", "route_id": "Red", "dwell_time_sec": "66"}, {"arr_dt": "1451968019", "direction": "0", "dep_dt": "1451968078", "route_id": "Red", "dwell_time_sec": "59"}, {"arr_dt": "1451968520", "direction": "0", "dep_dt": "1451968584", "route_id": "Red", "dwell_time_sec": "64"}, {"arr_dt": "1451968719", "direction": "0", "dep_dt": "1451968797", "route_id": "Red", "dwell_time_sec": "78"}, {"arr_dt": "1451969198", "direction": "0", "dep_dt": "1451969275", "route_id": "Red", "dwell_time_sec": "77"}, {"arr_dt": "1451969541", "direction": "0", "dep_dt": "1451969601", "route_id": "Red", "dwell_time_sec": "60"}]}