{"dwell_times": [{"arr_dt": "1470369624", "direction": "0", "dep_dt": "1470369689", "route_id": "Red", "dwell_time_sec": "65"}, {"arr_dt": "1470370146", "direction": "0", "dep_dt": "1470370201", "route_id": "Red", "dwell_time_sec": "55"}, {"arr_dt": "1470370553", "direction": "0", "dep_dt": "1470370618", "route_id": "Red", "dwell_time_sec": "65"}, {"arr_dt": "1470370762", "direction": "0", "dep_dt": "1470370823", "route_id": "Red", "dwell_time_sec": "61"}, {"arr_dt": "1470371216", "direction": "0", "dep_dt": "1470371280", "route_id": "Red", "dwell_time_sec": "64"}, {"arr_dt": "1470371450", "direction": "0", "dep_dt": "1470371514", "route_id": "Red", "dwell_time_sec": "64"}, {"arr_dt": "1470371882", "direction": "0", "dep_dt": "1470371951", "route_id": "Red", "dwell_time_sec": "69"}, {"arr_dt": "1470373047", "direction": "0", "dep_dt": "1470374783", "route_id": "Red", "dwell_time_sec": "1736"}, {"arr_dt": "1470389615", "direction": "0", "dep_dt": "1470389681", "route_id": "Red", "dwell_time_sec": "66"}, {"arr_dt": "1470390174", "direction": "0", "dep_dt": "1470390262", "route_id": "Red", "dwell_time_sec": "88"}, {"arr_dt": "1470390519", "direction": "0", "dep_dt": "1470390587", "route_id": "Red", "dwell_time_sec": "68"}, {"arr_dt": "1470390945", "direction": "0", "dep_dt": "1470391008", "route_id": "Red", "dwell_time_sec": "63"}, {"arr_dt": "1470391432", "direction": "0", "dep_dt": "1470391497", "route_id": "Red", "dwell_time_sec": "65"}, {"arr_dt": "1470392089", "direction": "0", "dep_dt": "1470392157", "route_id": "Red", "dwell_time_sec": "68"}, {"arr_dt": "1470392372", "direction": "0", "dep_dt": "1470392447", "route_id": "Red", "dwell_time_sec": "75"}, {"arr_dt": "1470392975", "direction": "0", "dep_dt": "1470393032", "route_id": "Red", "dwell_time_sec": "57"}, {"arr_dt": "1470393275", "direction": "0", "dep_dt": "1470393333", "route_id": "Red", "dwell_time_sec": "58"}, {"arr_dt": "1470393456", "direction": "0", "dep_dt": "1470393518", "route_id": "Red", "dwell_time_sec": "62"}, {"arr_dt": "1470393892", "direction": "0", "dep_dt": "1470393961", "route_id": "Red", "dwell_time_sec": "69"}, {"arr_dt": "1470394116", "direction": "0", "dep_dt": "1470394175", "route_id": "Red", "dwell_time_sec": "59"}, {"arr_dt": "1470394469", "direction": "0", "dep_dt": "1470394530", "route_id": "Red", "dwell_time_sec": "61"}, {"arr_dt": "1470394763", "direction": "0", "dep_dt": "1470394826", "route_id": "Red", "dwell_time_sec": "63"}, {"arr_dt": "1470395027", "direction": "0", "dep_dt": "1470395093", "route_id": "Red", "dwell_time_sec": "66"}, {"arr_dt": "1470395357", "direction": "0", "dep_dt": "1470395419", "route_id": "Red", "dwell_time_sec": "62"}, {"arr_dt": "1470395625", "direction": "0", "dep_dt": "1470395689", "route_id": "Red", "dwell_time_sec": "64"}, {"arr_dt": "1470395811", "direction": "0", "dep_dt": "1470395905", "route_id": "Red", "dwell_time_sec": "94"}, {"arr_dt": "1470396111", "direction": "0", "dep_dt": "1470396183", "route_id": "Red", "dwell_time_sec": "72"}, {"arr_dt": "1470396339", "direction": "0", "dep_dt": "1470396405", "route_id": "Red", "dwell_time_sec": "66"}, {"arr_dt": "1470396635", "direction": "0", "dep_dt": "1470396737", "route_id": "Red", "dwell_time_sec": "102"}, {"arr_dt": "1470396823", "direction": "0", "dep_dt": "1470396897", "route_id": "Red", "dwell_time_sec": "74"}, {"arr_dt": "1470397377", "direction": "0", "dep_dt": "1470397468", "route_id": "Red", "dwell_time_sec": "91"}, {"arr_dt": "1470397598", "direction": "0", "dep_dt": "1470397664", "route_id": "Red", "dwell_time_sec": "66"}, {"arr_dt": "1470398507", "direction": "0", "dep_dt": "1470398609", "route_id": "Red", "dwell_time_sec": "102"}, {"arr_dt": "1470398968", "direction": "0", "dep_dt": "1470399107", "route_id": "Red", "dwell_time_sec": "139"}, {"arr_dt": "1470399223", "direction": "0", "dep_dt": "1470399318", "route_id": "Red", "dwell_time_sec": "95"}, {"arr_dt": "1470399606", "direction": "0", "dep_dt": "1470399686", "route_id": "Red", "dwell_time_sec": "80"}, {"arr_dt": "1470399799", "direction": "0", "dep_dt": "1470399886", "route_id": "Red", "dwell_time_sec": "87"}, {"arr_dt": "1470399993", "direction": "0", "dep_dt": "1470400074", "route_id": "Red", "dwell_time_sec": "81"}, {"arr_dt": "1470400352", "direction": "0", "dep_dt": "1470400711", "route_id": "Red", "dwell_time_sec": "359"}, {"arr_dt": "1470400832", "direction": "0", "dep_dt": "1470400928", "route_id": "Red", "dwell_time_sec": "96"}, {"arr_dt": "1470401060", "direction": "0", "dep_dt": "1470401159", "route_id": "Red", "dwell_time_sec": "99"}, {"arr_dt": "1470401252", "direction": "0", "dep_dt": "1470401339", "route_id": "Red", "dwell_time_sec": "87"}, {"arr_dt": "1470401508", "direction": "0", "dep_dt": "1470401599", "route_id": "Red", "dwell_time_sec": "91"}, {"arr_dt": "1470401833", "direction": "0", "dep_dt": "1470401956", "route_id": "Red", "dwell_time_sec": "123"}, {"arr_dt": "1470402027", "direction": "0", "dep_dt": "1470402122", "route_id": "Red", "dwell_time_sec": "95"}, {"arr_dt": "1470402251", "direction": "0", "dep_dt": "1470402321", "route_id": "Red", "dwell_time_sec": "70"}, {"arr_dt": "1470402417", "direction": "0", "dep_dt": "1470402515", "route_id": "Red", "dwell_time_sec": "98"}, {"arr_dt": "1470402615", "direction": "0", "dep_dt": "1470402697", "route_id": "Red", "dwell_time_sec": "82"}, {"arr_dt": "1470402796", "direction": "0", "dep_dt": "1470402898", "route_id": "Red", "dwell_time_sec": "102"}, {"arr_dt": "1470402993", "direction": "0", "dep_dt": "1470403156", "route_id": "Red", "dwell_time_sec": "163"}, {"arr_dt": "1470403251", "direction": "0", "dep_dt": "1470403348", "route_id": "Red", "dwell_time_sec": "97"}, {"arr_dt": "1470403629", "direction": "0", "dep_dt": "1470403759", "route_id": "Red", "dwell_time_sec": "130"}, {"arr_dt": "1470403833", "direction": "0", "dep_dt": "1470403945", "route_id": "Red", "dwell_time_sec": "112"}, {"arr_dt": "1470404038", "direction": "0", "dep_dt": "1470404151", "route_id": "Red", "dwell_time_sec": "113"}, {"arr_dt": "1470404264", "direction": "0", "dep_dt": "1470404368", "route_id": "Red", "dwell_time_sec": "104"}, {"arr_dt": "1470404449", "direction": "0", "dep_dt": "1470404521", "route_id": "Red", "dwell_time_sec": "72"}, {"arr_dt": "1470404769", "direction": "0", "dep_dt": "1470404850", "route_id": "Red", "dwell_time_sec": "81"}, {"arr_dt": "1470405327", "direction": "0", "dep_dt": "1470405415", "route_id": "Red", "dwell_time_sec": "88"}, {"arr_dt": "1470405874", "direction": "0", "dep_dt": "1470405958", "route_id": "Red", "dwell_time_sec": "84"}, {"arr_dt": "1470406070", "direction": "0", "dep_dt": "1470406165", "route_id": "Red", "dwell_time_sec": "95"}, {"arr_dt": "1470406256", "direction": "0", "dep_dt": "1470406371", "route_id": "Red", "dwell_time_sec": "115"}, {"arr_dt": "1470406461", "direction": "0", "dep_dt": "1470406553", "route_id": "Red", "dwell_time_sec": "92"}, {"arr_dt": "1470406679", "direction": "0", "dep_dt": "1470406751", "route_id": "Red", "dwell_time_sec": "72"}, {"arr_dt": "1470407243", "direction": "0", "dep_dt": "1470407312", "route_id": "Red", "dwell_time_sec": "69"}, {"arr_dt": "1470407423", "direction": "0", "dep_dt": "1470407498", "route_id": "Red", "dwell_time_sec": "75"}, {"arr_dt": "1470407751", "direction": "0", "dep_dt": "1470407844", "route_id": "Red", "dwell_time_sec": "93"}, {"arr_dt": "1470408305", "direction": "0", "dep_dt": "1470408395", "route_id": "Red", "dwell_time_sec": "90"}, {"arr_dt": "1470408551", "direction": "0", "dep_dt": "1470408625", "route_id": "Red", "dwell_time_sec": "74"}, {"arr_dt": "1470409311", "direction": "0", "dep_dt": "1470409389", "route_id": "Red", "dwell_time_sec": "78"}, {"arr_dt": "1470409485", "direction": "0", "dep_dt": "1470409560", "route_id": "Red", "dwell_time_sec": "75"}, {"arr_dt": "1470409749", "direction": "0", "dep_dt": "1470409825", "route_id": "Red", "dwell_time_sec": "76"}, {"arr_dt": "1470410008", "direction": "0", "dep_dt": "1470410084", "route_id": "Red", "dwell_time_sec": "76"}, {"arr_dt": "1470410274", "direction": "0", "dep_dt": "1470410368", "route_id": "Red", "dwell_time_sec": "94"}, {"arr_dt": "1470410488", "direction": "0", "dep_dt": "1470410557", "route_id": "Red", "dwell_time_sec": "69"}, {"arr_dt": "1470410759", "direction": "0", "dep_dt": "1470410839", "route_id": "Red", "dwell_time_sec": "80"}, {"arr_dt": "1470410994", "direction": "0", "dep_dt": "1470411106", "route_id": "Red", "dwell_time_sec": "112"}, {"arr_dt": "1470411435", "direction": "0", "dep_dt": "1470411525", "route_id": "Red", "dwell_time_sec": "90"}, {"arr_dt": "1470411649", "direction": "0", "dep_dt": "1470411724", "route_id": "Red", "dwell_time_sec": "75"}, {"arr_dt": "1470412439", "direction": "0", "dep_dt": "1470412527", "route_id": "Red", "dwell_time_sec": "88"}, {"arr_dt": "1470412850", "direction": "0", "dep_dt": "1470413045", "route_id": "Red", "dwell_time_sec": "195"}, {"arr_dt": "1470413158", "direction": "0", "dep_dt": "1470413230", "route_id": "Red", "dwell_time_sec": "72"}, {"arr_dt": "1470413622", "direction": "0", "dep_dt": "1470413700", "route_id": "Red", "dwell_time_sec": "78"}, {"arr_dt": "1470414217", "direction": "0", "dep_dt": "1470414311", "route_id": "Red", "dwell_time_sec": "94"}, {"arr_dt": "1470414552", "direction": "0", "dep_dt": "1470414628", "route_id": "Red", "dwell_time_sec": "76"}, {"arr_dt": "1470415073", "direction": "0", "dep_dt": "1470415162", "route_id": "Red", "dwell_time_sec": "89"}, {"arr_dt": "1470415391", "direction": "0", "dep_dt": "1470415495", "route_id": "Red", "dwell_time_sec": "104"}, {"arr_dt": "1470415639", "direction": "0", "dep_dt": "1470415703", "route_id": "Red", "dwell_time_sec": "64"}, {"arr_dt": "1470416101", "direction": "0", "dep_dt": "1470416176", "route_id": "Red", "dwell_time_sec": "75"}, {"arr_dt": "1470416485", "direction": "0", "dep_dt": "1470416555", "route_id": "Red", "dwell_time_sec": "70"}, {"arr_dt": "1470417194", "direction": "0", "dep_dt": "1470417369", "route_id": "Red", "dwell_time_sec": "175"}, {"arr_dt": "1470417788", "direction": "0", "dep_dt": "1470417906", "route_id": "Red", "dwell_time_sec": "118"}, {"arr_dt": "1470418011", "direction": "0", "dep_dt": "1470418110", "route_id": "Red", "dwell_time_sec": "99"}, {"arr_dt": "1470418286", "direction": "0", "dep_dt": "1470418367", "route_id": "Red", "dwell_time_sec": "81"}, {"arr_dt": "1470418620", "direction": "0", "dep_dt": "1470418691", "route_id": "Red", "dwell_time_sec": "71"}, {"arr_dt": "1470419216", "direction": "0", "dep_dt": "1470419321", "route_id": "Red", "dwell_time_sec": "105"}, {"arr_dt": "1470419452", "direction": "0", "dep_dt": "1470419521", "route_id": "Red", "dwell_time_sec": "69"}, {"arr_dt": "1470419873", "direction": "0", "dep_dt": "1470419960", "route_id": "Red", "dwell_time_sec": "87"}, {"arr_dt": "1470420385", "direction": "0", "dep_dt": "1470420489", "route_id": "Red", "dwell_time_sec": "104"}, {"arr_dt": "1470420848", "direction": "0", "dep_dt": "1470420933", "route_id": "Red", "dwell_time_sec": "85"}, {"arr_dt": "1470421159", "direction": "0", "dep_dt": "1470421225", "route_id": "Red", "dwell_time_sec": "66"}, {"arr_dt": "1470421529", "direction": "0", "dep_dt": "1470421603", "route_id": "Red", "dwell_time_sec": "74"}, {"arr_dt": "1470422021", "direction": "0", "dep_dt": "1470422110", "route_id": "Red", "dwell_time_sec": "89"}, {"arr_dt": "1470422466", "direction": "0", "dep_dt": "1470422570", "route_id": "Red", "dwell_time_sec": "104"}, {"arr_dt": "1470423010", "direction": "0", "dep_dt": "1470423109", "route_id": "Red", "dwell_time_sec": "99"}, {"arr_dt": "1470423835", "direction": "0", "dep_dt": "1470423916", "route_id": "Red", "dwell_time_sec": "81"}, {"arr_dt": "1470424203", "direction": "0", "dep_dt": "1470424285", "route_id": "Red", "dwell_time_sec": "82"}, {"arr_dt": "1470424583", "direction": "0", "dep_dt": "1470424663", "route_id": "Red", "dwell_time_sec": "80"}, {"arr_dt": "1470425102", "direction": "0", "dep_dt": "1470425223", "route_id": "Red", "dwell_time_sec": "121"}, {"arr_dt": "1470425344", "direction": "0", "dep_dt": "1470425419", "route_id": "Red", "dwell_time_sec": "75"}, {"arr_dt": "1470425844", "direction": "0", "dep_dt": "1470425990", "route_id": "Red", "dwell_time_sec": "146"}, {"arr_dt": "1470426263", "direction": "0", "dep_dt": "1470426411", "route_id": "Red", "dwell_time_sec": "148"}, {"arr_dt": "1470426842", "direction": "0", "dep_dt": "1470426937", "route_id": "Red", "dwell_time_sec": "95"}, {"arr_dt": "1470427118", "direction": "0", "dep_dt": "1470427197", "route_id": "Red", "dwell_time_sec": "79"}, {"arr_dt": "1470427448", "direction": "0", "dep_dt": "1470427568", "route_id": "Red", "dwell_time_sec": "120"}, {"arr_dt": "1470428101", "direction": "0", "dep_dt": "1470428234", "route_id": "Red", "dwell_time_sec": "133"}, {"arr_dt": "1470428338", "direction": "0", "dep_dt": "1470428436", "route_id": "Red", "dwell_time_sec": "98"}, {"arr_dt": "1470428582", "direction": "0", "dep_dt": "1470428689", "route_id": "Red", "dwell_time_sec": "107"}, {"arr_dt": "1470428798", "direction": "0", "dep_dt": "1470428888", "route_id": "Red", "dwell_time_sec": "90"}, {"arr_dt": "1470428993", "direction": "0", "dep_dt": "1470429086", "route_id": "Red", "dwell_time_sec": "93"}, {"arr_dt": "1470429241", "direction": "0", "dep_dt": "1470429336", "route_id": "Red", "dwell_time_sec": "95"}, {"arr_dt": "1470429537", "direction": "0", "dep_dt": "1470429646", "route_id": "Red", "dwell_time_sec": "109"}, {"arr_dt": "1470429753", "direction": "0", "dep_dt": "1470429945", "route_id": "Red", "dwell_time_sec": "192"}, {"arr_dt": "1470430051", "direction": "0", "dep_dt": "1470430176", "route_id": "Red", "dwell_time_sec": "125"}, {"arr_dt": "1470430258", "direction": "0", "dep_dt": "1470430343", "route_id": "Red", "dwell_time_sec": "85"}, {"arr_dt": "1470430468", "direction": "0", "dep_dt": "1470430559", "route_id": "Red", "dwell_time_sec": "91"}, {"arr_dt": "1470430721", "direction": "0", "dep_dt": "1470430816", "route_id": "Red", "dwell_time_sec": "95"}, {"arr_dt": "1470430969", "direction": "0", "dep_dt": "1470431059", "route_id": "Red", "dwell_time_sec": "90"}, {"arr_dt": "1470431198", "direction": "0", "dep_dt": "1470431304", "route_id": "Red", "dwell_time_sec": "106"}, {"arr_dt": "1470431530", "direction": "0", "dep_dt": "1470431629", "route_id": "Red", "dwell_time_sec": "99"}, {"arr_dt": "1470431763", "direction": "0", "dep_dt": "1470431858", "route_id": "Red", "dwell_time_sec": "95"}, {"arr_dt": "1470432119", "direction": "0", "dep_dt": "1470432214", "route_id": "Red", "dwell_time_sec": "95"}, {"arr_dt": "1470432335", "direction": "0", "dep_dt": "1470432471", "route_id": "Red", "dwell_time_sec": "136"}, {"arr_dt": "1470432825", "direction": "0", "dep_dt": "1470432999", "route_id": "Red", "dwell_time_sec": "174"}, {"arr_dt": "1470433096", "direction": "0", "dep_dt": "1470433224", "route_id": "Red", "dwell_time_sec": "128"}, {"arr_dt": "1470433332", "direction": "0", "dep_dt": "1470433451", "route_id": "Red", "dwell_time_sec": "119"}, {"arr_dt": "1470433550", "direction": "0", "dep_dt": "1470433671", "route_id": "Red", "dwell_time_sec": "121"}, {"arr_dt": "1470433766", "direction": "0", "dep_dt": "1470433852", "route_id": "Red", "dwell_time_sec": "86"}, {"arr_dt": "1470433964", "direction": "0", "dep_dt": "1470434046", "route_id": "Red", "dwell_time_sec": "82"}, {"arr_dt": "1470434147", "direction": "0", "dep_dt": "1470434242", "route_id": "Red", "dwell_time_sec": "95"}, {"arr_dt": "1470434388", "direction": "0", "dep_dt": "1470434494", "route_id": "Red", "dwell_time_sec": "106"}, {"arr_dt": "1470434587", "direction": "0", "dep_dt": "1470434668", "route_id": "Red", "dwell_time_sec": "81"}, {"arr_dt": "1470434786", "direction": "0", "dep_dt": "1470434888", "route_id": "Red", "dwell_time_sec": "102"}, {"arr_dt": "1470434995", "direction": "0", "dep_dt": "1470435102", "route_id": "Red", "dwell_time_sec": "107"}, {"arr_dt": "1470435224", "direction": "0", "dep_dt": "1470435333", "route_id": "Red", "dwell_time_sec": "109"}, {"arr_dt": "1470435439", "direction": "0", "dep_dt": "1470435520", "route_id": "Red", "dwell_time_sec": "81"}, {"arr_dt": "1470435942", "direction": "0", "dep_dt": "1470436071", "route_id": "Red", "dwell_time_sec": "129"}, {"arr_dt": "1470436190", "direction": "0", "dep_dt": "1470436336", "route_id": "Red", "dwell_time_sec": "146"}, {"arr_dt": "1470436532", "direction": "0", "dep_dt": "1470436663", "route_id": "Red", "dwell_time_sec": "131"}, {"arr_dt": "1470436746", "direction": "0", "dep_dt": "1470436834", "route_id": "Red", "dwell_time_sec": "88"}, {"arr_dt": "1470436971", "direction": "0", "dep_dt": "1470437042", "route_id": "Red", "dwell_time_sec": "71"}, {"arr_dt": "1470437160", "direction": "0", "dep_dt": "1470437260", "route_id": "Red", "dwell_time_sec": "100"}, {"arr_dt": "1470437368", "direction": "0", "dep_dt": "1470437445", "route_id": "Red", "dwell_time_sec": "77"}, {"arr_dt": "1470437549", "direction": "0", "dep_dt": "1470437620", "route_id": "Red", "dwell_time_sec": "71"}, {"arr_dt": "1470437732", "direction": "0", "dep_dt": "1470437806", "route_id": "Red", "dwell_time_sec": "74"}, {"arr_dt": "1470437971", "direction": "0", "dep_dt": "1470438046", "route_id": "Red", "dwell_time_sec": "75"}, {"arr_dt": "1470438266", "direction": "0", "dep_dt": "1470438347", "route_id": "Red", "dwell_time_sec": "81"}, {"arr_dt": "1470438466", "direction": "0", "dep_dt": "1470438543", "route_id": "Red", "dwell_time_sec": "77"}, {"arr_dt": "1470438802", "direction": "0", "dep_dt": "1470438872", "route_id": "Red", "dwell_time_sec": "70"}, {"arr_dt": "1470439421", "direction": "0", "dep_dt": "1470439519", "route_id": "Red", "dwell_time_sec": "98"}, {"arr_dt": "1470439615", "direction": "0", "dep_dt": "1470439697", "route_id": "Red", "dwell_time_sec": "82"}, {"arr_dt": "1470439996", "direction": "0", "dep_dt": "1470440078", "route_id": "Red", "dwell_time_sec": "82"}, {"arr_dt": "1470440271", "direction": "0", "dep_dt": "1470440346", "route_id": "Red", "dwell_time_sec": "75"}, {"arr_dt": "1470440450", "direction": "0", "dep_dt": "1470440525", "route_id": "Red", "dwell_time_sec": "75"}, {"arr_dt": "1470440723", "direction": "0", "dep_dt": "1470440789", "route_id": "Red", "dwell_time_sec": "66"}, {"arr_dt": "1470441064", "direction": "0", "dep_dt": "1470441138", "route_id": "Red", "dwell_time_sec": "74"}, {"arr_dt": "1470441411", "direction": "0", "dep_dt": "1470441481", "route_id": "Red", "dwell_time_sec": "70"}, {"arr_dt": "1470441874", "direction": "0", "dep_dt": "1470441955", "route_id": "Red", "dwell_time_sec": "81"}, {"arr_dt": "1470442216", "direction": "0", "dep_dt": "1470442284", "route_id": "Red", "dwell_time_sec": "68"}, {"arr_dt": "1470442402", "direction": "0", "dep_dt": "1470442469", "route_id": "Red", "dwell_time_sec": "67"}, {"arr_dt": "1470443206", "direction": "0", "dep_dt": "1470443294", "route_id": "Red", "dwell_time_sec": "88"}, {"arr_dt": "1470443471", "direction": "0", "dep_dt": "1470443539", "route_id": "Red", "dwell_time_sec": "68"}, {"arr_dt": "1470443841", "direction": "0", "dep_dt": "1470443921", "route_id": "Red", "dwell_time_sec": "80"}, {"arr_dt": "1470444194", "direction": "0", "dep_dt": "1470444256", "route_id": "Red", "dwell_time_sec": "62"}, {"arr_dt": "1470444446", "direction": "0", "dep_dt": "1470444509", "route_id": "Red", "dwell_time_sec": "63"}, {"arr_dt": "1470444727", "direction": "0", "dep_dt": "1470444801", "route_id": "Red", "dwell_time_sec": "74"}, {"arr_dt": "1470445245", "direction": "0", "dep_dt": "1470445338", "route_id": "Red", "dwell_time_sec": "93"}, {"arr_dt": "1470445528", "direction": "0", "dep_dt": "1470445615", "route_id": "Red", "dwell_time_sec": "87"}, {"arr_dt": "1470445824", "direction": "0", "dep_dt": "1470445898", "route_id": "Red", "dwell_time_sec": "74"}, {"arr_dt": "1470446156", "direction": "0", "dep_dt": "1470446363", "route_id": "Red", "dwell_time_sec": "207"}, {"arr_dt": "1470446468", "direction": "0", "dep_dt": "1470446549", "route_id": "Red", "dwell_time_sec": "81"}, {"arr_dt": "1470446901", "direction": "0", "dep_dt": "1470446980", "route_id": "Red", "dwell_time_sec": "79"}, {"arr_dt": "1470447410", "direction": "0", "dep_dt": "1470447496", "route_id": "Red", "dwell_time_sec": "86"}, {"arr_dt": "1470447634", "direction": "0", "dep_dt": "1470447711", "route_id": "Red", "dwell_time_sec": "77"}, {"arr_dt": "1470447858", "direction": "0", "dep_dt": "1470447951", "route_id": "Red", "dwell_time_sec": "93"}, {"arr_dt": "1470448212", "direction": "0", "dep_dt": "1470448277", "route_id": "Red", "dwell_time_sec": "65"}, {"arr_dt": "1470448414", "direction": "0", "dep_dt": "1470448486", "route_id": "Red", "dwell_time_sec": "72"}, {"arr_dt": "1470448792", "direction": "0", "dep_dt": "1470448876", "route_id": "Red", "dwell_time_sec": "84"}, {"arr_dt": "1470449022", "direction": "0", "dep_dt": "1470449090", "route_id": "Red", "dwell_time_sec": "68"}, {"arr_dt": "1470449474", "direction": "0", "dep_dt": "1470449545", "route_id": "Red", "dwell_time_sec": "71"}, {"arr_dt": "1470449665", "direction": "0", "dep_dt": "1470449733", "route_id": "Red", "dwell_time_sec": "68"}, {"arr_dt": "1470450077", "direction": "0", "dep_dt": "1470450144", "route_id": "Red", "dwell_time_sec": "67"}, {"arr_dt": "1470450427", "direction": "0", "dep_dt": "1470450497", "route_id": "Red", "dwell_time_sec": "70"}, {"arr_dt": "1470450789", "direction": "0", "dep_dt": "1470450877", "route_id": "Red", "dwell_time_sec": "88"}, {"arr_dt": "1470451288", "direction": "0", "dep_dt": "1470451373", "route_id": "Red", "dwell_time_sec": "85"}, {"arr_dt": "1470451511", "direction": "0", "dep_dt": "1470451576", "route_id": "Red", "dwell_time_sec": "65"}, {"arr_dt": "1470452156", "direction": "0", "dep_dt": "1470452246", "route_id": "Red", "dwell_time_sec": "90"}, {"arr_dt": "1470452494", "direction": "0", "dep_dt": "1470452567", "route_id": "Red", "dwell_time_sec": "73"}, {"arr_dt": "1470452950", "direction": "0", "dep_dt": "1470453036", "route_id": "Red", "dwell_time_sec": "86"}, {"arr_dt": "1470453480", "direction": "0", "dep_dt": "1470453581", "route_id": "Red", "dwell_time_sec": "101"}, {"arr_dt": "1470453675", "direction": "0", "dep_dt": "1470453782", "route_id": "Red", "dwell_time_sec": "107"}, {"arr_dt": "1470453877", "direction": "0", "dep_dt": "1470453959", "route_id": "Red", "dwell_time_sec": "82"}, {"arr_dt": "1470454111", "direction": "0", "dep_dt": "1470454190", "route_id": "Red", "dwell_time_sec": "79"}, {"arr_dt": "1470454450", "direction": "0", "dep_dt": "1470454520", "route_id": "Red", "dwell_time_sec": "70"}, {"arr_dt": "1470454782", "direction": "0", "dep_dt": "1470454848", "route_id": "Red", "dwell_time_sec": "66"}, {"arr_dt": "1470455143", "direction": "0", "dep_dt": "1470455221", "route_id": "Red", "dwell_time_sec": "78"}, {"arr_dt": "1470455348", "direction": "0", "dep_dt": "1470455415", "route_id": "Red", "dwell_time_sec": "67"}, {"arr_dt": "1470455853", "direction": "0", "dep_dt": "1470455941", "route_id": "Red", "dwell_time_sec": "88"}]}