{"dwell_times": [{"arr_dt": "1454302790", "direction": "0", "dep_dt": "1454302848", "route_id": "Red", "dwell_time_sec": "58"}, {"arr_dt": "1454303412", "direction": "0", "dep_dt": "1454303489", "route_id": "Red", "dwell_time_sec": "77"}, {"arr_dt": "1454303997", "direction": "0", "dep_dt": "1454304057", "route_id": "Red", "dwell_time_sec": "60"}, {"arr_dt": "1454304448", "direction": "0", "dep_dt": "1454304493", "route_id": "Red", "dwell_time_sec": "45"}, {"arr_dt": "1454304710", "direction": "0", "dep_dt": "1454304753", "route_id": "Red", "dwell_time_sec": "43"}, {"arr_dt": "1454305641", "direction": "0", "dep_dt": "1454307491", "route_id": "Red", "dwell_time_sec": "1850"}, {"arr_dt": "1454322865", "direction": "0", "dep_dt": "1454322946", "route_id": "Red", "dwell_time_sec": "81"}, {"arr_dt": "1454323310", "direction": "0", "dep_dt": "1454323368", "route_id": "Red", "dwell_time_sec": "58"}, {"arr_dt": "1454323592", "direction": "0", "dep_dt": "1454323661", "route_id": "Red", "dwell_time_sec": "69"}, {"arr_dt": "1454324036", "direction": "0", "dep_dt": "1454324103", "route_id": "Red", "dwell_time_sec": "67"}, {"arr_dt": "1454324529", "direction": "0", "dep_dt": "1454324600", "route_id": "Red", "dwell_time_sec": "71"}, {"arr_dt": "1454325061", "direction": "0", "dep_dt": "1454325147", "route_id": "Red", "dwell_time_sec": "86"}, {"arr_dt": "1454325470", "direction": "0", "dep_dt": "1454325527", "route_id": "Red", "dwell_time_sec": "57"}, {"arr_dt": "1454325948", "direction": "0", "dep_dt": "1454326027", "route_id": "Red", "dwell_time_sec": "79"}, {"arr_dt": "1454326555", "direction": "0", "dep_dt": "1454326621", "route_id": "Red", "dwell_time_sec": "66"}, {"arr_dt": "1454326737", "direction": "0", "dep_dt": "1454326799", "route_id": "Red", "dwell_time_sec": "62"}, {"arr_dt": "1454327127", "direction": "0", "dep_dt": "1454327200", "route_id": "Red", "dwell_time_sec": "73"}, {"arr_dt": "1454327375", "direction": "0", "dep_dt": "1454327459", "route_id": "Red", "dwell_time_sec": "84"}, {"arr_dt": "1454327725", "direction": "0", "dep_dt": "1454327796", "route_id": "Red", "dwell_time_sec": "71"}, {"arr_dt": "1454328240", "direction": "0", "dep_dt": "1454328346", "route_id": "Red", "dwell_time_sec": "106"}, {"arr_dt": "1454328427", "direction": "0", "dep_dt": "1454328508", "route_id": "Red", "dwell_time_sec": "81"}, {"arr_dt": "1454328747", "direction": "0", "dep_dt": "1454328828", "route_id": "Red", "dwell_time_sec": "81"}, {"arr_dt": "1454328930", "direction": "0", "dep_dt": "1454329018", "route_id": "Red", "dwell_time_sec": "88"}, {"arr_dt": "1454329119", "direction": "0", "dep_dt": "1454329193", "route_id": "Red", "dwell_time_sec": "74"}, {"arr_dt": "1454329302", "direction": "0", "dep_dt": "1454329408", "route_id": "Red", "dwell_time_sec": "106"}, {"arr_dt": "1454329505", "direction": "0", "dep_dt": "1454329592", "route_id": "Red", "dwell_time_sec": "87"}, {"arr_dt": "1454329701", "direction": "0", "dep_dt": "1454329786", "route_id": "Red", "dwell_time_sec": "85"}, {"arr_dt": "1454330195", "direction": "0", "dep_dt": "1454330293", "route_id": "Red", "dwell_time_sec": "98"}, {"arr_dt": "1454330395", "direction": "0", "dep_dt": "1454330495", "route_id": "Red", "dwell_time_sec": "100"}, {"arr_dt": "1454330619", "direction": "0", "dep_dt": "1454330704", "route_id": "Red", "dwell_time_sec": "85"}, {"arr_dt": "1454330803", "direction": "0", "dep_dt": "1454330889", "route_id": "Red", "dwell_time_sec": "86"}, {"arr_dt": "1454331134", "direction": "0", "dep_dt": "1454331223", "route_id": "Red", "dwell_time_sec": "89"}, {"arr_dt": "1454331329", "direction": "0", "dep_dt": "1454331417", "route_id": "Red", "dwell_time_sec": "88"}, {"arr_dt": "1454331517", "direction": "0", "dep_dt": "1454331622", "route_id": "Red", "dwell_time_sec": "105"}, {"arr_dt": "1454331757", "direction": "0", "dep_dt": "1454331834", "route_id": "Red", "dwell_time_sec": "77"}, {"arr_dt": "1454331949", "direction": "0", "dep_dt": "1454332059", "route_id": "Red", "dwell_time_sec": "110"}, {"arr_dt": "1454332368", "direction": "0", "dep_dt": "1454332472", "route_id": "Red", "dwell_time_sec": "104"}, {"arr_dt": "1454332584", "direction": "0", "dep_dt": "1454332714", "route_id": "Red", "dwell_time_sec": "130"}, {"arr_dt": "1454332798", "direction": "0", "dep_dt": "1454332893", "route_id": "Red", "dwell_time_sec": "95"}, {"arr_dt": "1454333095", "direction": "0", "dep_dt": "1454333214", "route_id": "Red", "dwell_time_sec": "119"}, {"arr_dt": "1454333331", "direction": "0", "dep_dt": "1454333411", "route_id": "Red", "dwell_time_sec": "80"}, {"arr_dt": "1454333575", "direction": "0", "dep_dt": "1454333674", "route_id": "Red", "dwell_time_sec": "99"}, {"arr_dt": "1454333780", "direction": "0", "dep_dt": "1454333901", "route_id": "Red", "dwell_time_sec": "121"}, {"arr_dt": "1454334182", "direction": "0", "dep_dt": "1454334286", "route_id": "Red", "dwell_time_sec": "104"}, {"arr_dt": "1454334380", "direction": "0", "dep_dt": "1454334474", "route_id": "Red", "dwell_time_sec": "94"}, {"arr_dt": "1454334624", "direction": "0", "dep_dt": "1454334719", "route_id": "Red", "dwell_time_sec": "95"}, {"arr_dt": "1454334808", "direction": "0", "dep_dt": "1454334902", "route_id": "Red", "dwell_time_sec": "94"}, {"arr_dt": "1454335071", "direction": "0", "dep_dt": "1454335164", "route_id": "Red", "dwell_time_sec": "93"}, {"arr_dt": "1454335270", "direction": "0", "dep_dt": "1454335363", "route_id": "Red", "dwell_time_sec": "93"}, {"arr_dt": "1454335528", "direction": "0", "dep_dt": "1454335645", "route_id": "Red", "dwell_time_sec": "117"}, {"arr_dt": "1454335734", "direction": "0", "dep_dt": "1454335820", "route_id": "Red", "dwell_time_sec": "86"}, {"arr_dt": "1454335947", "direction": "0", "dep_dt": "1454336108", "route_id": "Red", "dwell_time_sec": "161"}, {"arr_dt": "1454336182", "direction": "0", "dep_dt": "1454336283", "route_id": "Red", "dwell_time_sec": "101"}, {"arr_dt": "1454336380", "direction": "0", "dep_dt": "1454336463", "route_id": "Red", "dwell_time_sec": "83"}, {"arr_dt": "1454336558", "direction": "0", "dep_dt": "1454336673", "route_id": "Red", "dwell_time_sec": "115"}, {"arr_dt": "1454336770", "direction": "0", "dep_dt": "1454336855", "route_id": "Red", "dwell_time_sec": "85"}, {"arr_dt": "1454337191", "direction": "0", "dep_dt": "1454337289", "route_id": "Red", "dwell_time_sec": "98"}, {"arr_dt": "1454337369", "direction": "0", "dep_dt": "1454337457", "route_id": "Red", "dwell_time_sec": "88"}, {"arr_dt": "1454337738", "direction": "0", "dep_dt": "1454337822", "route_id": "Red", "dwell_time_sec": "84"}, {"arr_dt": "1454337908", "direction": "0", "dep_dt": "1454337972", "route_id": "Red", "dwell_time_sec": "64"}, {"arr_dt": "1454338102", "direction": "0", "dep_dt": "1454338166", "route_id": "Red", "dwell_time_sec": "64"}, {"arr_dt": "1454338272", "direction": "0", "dep_dt": "1454338344", "route_id": "Red", "dwell_time_sec": "72"}, {"arr_dt": "1454338507", "direction": "0", "dep_dt": "1454338586", "route_id": "Red", "dwell_time_sec": "79"}, {"arr_dt": "1454338700", "direction": "0", "dep_dt": "1454338767", "route_id": "Red", "dwell_time_sec": "67"}, {"arr_dt": "1454338875", "direction": "0", "dep_dt": "1454338937", "route_id": "Red", "dwell_time_sec": "62"}, {"arr_dt": "1454339141", "direction": "0", "dep_dt": "1454339204", "route_id": "Red", "dwell_time_sec": "63"}, {"arr_dt": "1454339470", "direction": "0", "dep_dt": "1454339544", "route_id": "Red", "dwell_time_sec": "74"}, {"arr_dt": "1454339652", "direction": "0", "dep_dt": "1454339727", "route_id": "Red", "dwell_time_sec": "75"}, {"arr_dt": "1454339868", "direction": "0", "dep_dt": "1454339936", "route_id": "Red", "dwell_time_sec": "68"}, {"arr_dt": "1454340089", "direction": "0", "dep_dt": "1454340151", "route_id": "Red", "dwell_time_sec": "62"}, {"arr_dt": "1454340407", "direction": "0", "dep_dt": "1454340474", "route_id": "Red", "dwell_time_sec": "67"}, {"arr_dt": "1454340575", "direction": "0", "dep_dt": "1454340663", "route_id": "Red", "dwell_time_sec": "88"}, {"arr_dt": "1454340947", "direction": "0", "dep_dt": "1454341010", "route_id": "Red", "dwell_time_sec": "63"}, {"arr_dt": "1454341113", "direction": "0", "dep_dt": "1454341187", "route_id": "Red", "dwell_time_sec": "74"}, {"arr_dt": "1454341429", "direction": "0", "dep_dt": "1454341490", "route_id": "Red", "dwell_time_sec": "61"}, {"arr_dt": "1454342071", "direction": "0", "dep_dt": "1454342145", "route_id": "Red", "dwell_time_sec": "74"}, {"arr_dt": "1454342489", "direction": "0", "dep_dt": "1454342562", "route_id": "Red", "dwell_time_sec": "73"}, {"arr_dt": "1454342780", "direction": "0", "dep_dt": "1454342839", "route_id": "Red", "dwell_time_sec": "59"}, {"arr_dt": "1454343077", "direction": "0", "dep_dt": "1454343141", "route_id": "Red", "dwell_time_sec": "64"}, {"arr_dt": "1454343677", "direction": "0", "dep_dt": "1454343756", "route_id": "Red", "dwell_time_sec": "79"}, {"arr_dt": "1454343887", "direction": "0", "dep_dt": "1454343949", "route_id": "Red", "dwell_time_sec": "62"}, {"arr_dt": "1454344326", "direction": "0", "dep_dt": "1454344392", "route_id": "Red", "dwell_time_sec": "66"}, {"arr_dt": "1454344676", "direction": "0", "dep_dt": "1454344765", "route_id": "Red", "dwell_time_sec": "89"}, {"arr_dt": "1454345054", "direction": "0", "dep_dt": "1454345128", "route_id": "Red", "dwell_time_sec": "74"}, {"arr_dt": "1454345489", "direction": "0", "dep_dt": "1454345589", "route_id": "Red", "dwell_time_sec": "100"}, {"arr_dt": "1454345937", "direction": "0", "dep_dt": "1454346004", "route_id": "Red", "dwell_time_sec": "67"}, {"arr_dt": "1454346104", "direction": "0", "dep_dt": "1454346171", "route_id": "Red", "dwell_time_sec": "67"}, {"arr_dt": "1454346473", "direction": "0", "dep_dt": "1454346539", "route_id": "Red", "dwell_time_sec": "66"}, {"arr_dt": "1454346815", "direction": "0", "dep_dt": "1454346880", "route_id": "Red", "dwell_time_sec": "65"}, {"arr_dt": "1454347366", "direction": "0", "dep_dt": "1454347458", "route_id": "Red", "dwell_time_sec": "92"}, {"arr_dt": "1454347603", "direction": "0", "dep_dt": "1454347659", "route_id": "Red", "dwell_time_sec": "56"}, {"arr_dt": "1454348319", "direction": "0", "dep_dt": "1454348411", "route_id": "Red", "dwell_time_sec": "92"}, {"arr_dt": "1454348577", "direction": "0", "dep_dt": "1454348680", "route_id": "Red", "dwell_time_sec": "103"}, {"arr_dt": "1454348843", "direction": "0", "dep_dt": "1454348909", "route_id": "Red", "dwell_time_sec": "66"}, {"arr_dt": "1454349297", "direction": "0", "dep_dt": "1454349407", "route_id": "Red", "dwell_time_sec": "110"}, {"arr_dt": "1454349865", "direction": "0", "dep_dt": "1454349937", "route_id": "Red", "dwell_time_sec": "72"}, {"arr_dt": "1454350262", "direction": "0", "dep_dt": "1454350332", "route_id": "Red", "dwell_time_sec": "70"}, {"arr_dt": "1454350677", "direction": "0", "dep_dt": "1454350749", "route_id": "Red", "dwell_time_sec": "72"}, {"arr_dt": "1454351049", "direction": "0", "dep_dt": "1454351135", "route_id": "Red", "dwell_time_sec": "86"}, {"arr_dt": "1454351505", "direction": "0", "dep_dt": "1454351595", "route_id": "Red", "dwell_time_sec": "90"}, {"arr_dt": "1454351890", "direction": "0", "dep_dt": "1454351957", "route_id": "Red", "dwell_time_sec": "67"}, {"arr_dt": "1454352330", "direction": "0", "dep_dt": "1454352421", "route_id": "Red", "dwell_time_sec": "91"}, {"arr_dt": "1454352762", "direction": "0", "dep_dt": "1454352837", "route_id": "Red", "dwell_time_sec": "75"}, {"arr_dt": "1454353585", "direction": "0", "dep_dt": "1454353657", "route_id": "Red", "dwell_time_sec": "72"}, {"arr_dt": "1454354031", "direction": "0", "dep_dt": "1454354105", "route_id": "Red", "dwell_time_sec": "74"}, {"arr_dt": "1454354679", "direction": "0", "dep_dt": "1454354773", "route_id": "Red", "dwell_time_sec": "94"}, {"arr_dt": "1454355064", "direction": "0", "dep_dt": "1454355148", "route_id": "Red", "dwell_time_sec": "84"}, {"arr_dt": "1454355249", "direction": "0", "dep_dt": "1454355337", "route_id": "Red", "dwell_time_sec": "88"}, {"arr_dt": "1454355614", "direction": "0", "dep_dt": "1454355702", "route_id": "Red", "dwell_time_sec": "88"}, {"arr_dt": "1454356051", "direction": "0", "dep_dt": "1454356131", "route_id": "Red", "dwell_time_sec": "80"}, {"arr_dt": "1454356432", "direction": "0", "dep_dt": "1454356503", "route_id": "Red", "dwell_time_sec": "71"}, {"arr_dt": "1454356746", "direction": "0", "dep_dt": "1454356828", "route_id": "Red", "dwell_time_sec": "82"}, {"arr_dt": "1454357289", "direction": "0", "dep_dt": "1454357371", "route_id": "Red", "dwell_time_sec": "82"}, {"arr_dt": "1454357739", "direction": "0", "dep_dt": "1454357828", "route_id": "Red", "dwell_time_sec": "89"}, {"arr_dt": "1454358215", "direction": "0", "dep_dt": "1454358307", "route_id": "Red", "dwell_time_sec": "92"}, {"arr_dt": "1454358388", "direction": "0", "dep_dt": "1454358472", "route_id": "Red", "dwell_time_sec": "84"}, {"arr_dt": "1454358715", "direction": "0", "dep_dt": "1454358781", "route_id": "Red", "dwell_time_sec": "66"}, {"arr_dt": "1454358892", "direction": "0", "dep_dt": "1454358972", "route_id": "Red", "dwell_time_sec": "80"}, {"arr_dt": "1454359561", "direction": "0", "dep_dt": "1454359708", "route_id": "Red", "dwell_time_sec": "147"}, {"arr_dt": "1454359895", "direction": "0", "dep_dt": "1454359979", "route_id": "Red", "dwell_time_sec": "84"}, {"arr_dt": "1454360425", "direction": "0", "dep_dt": "1454360540", "route_id": "Red", "dwell_time_sec": "115"}, {"arr_dt": "1454360638", "direction": "0", "dep_dt": "1454360708", "route_id": "Red", "dwell_time_sec": "70"}, {"arr_dt": "1454360985", "direction": "0", "dep_dt": "1454361085", "route_id": "Red", "dwell_time_sec": "100"}, {"arr_dt": "1454361196", "direction": "0", "dep_dt": "1454361301", "route_id": "Red", "dwell_time_sec": "105"}, {"arr_dt": "1454361408", "direction": "0", "dep_dt": "1454361528", "route_id": "Red", "dwell_time_sec": "120"}, {"arr_dt": "1454361661", "direction": "0", "dep_dt": "1454361761", "route_id": "Red", "dwell_time_sec": "100"}, {"arr_dt": "1454362016", "direction": "0", "dep_dt": "1454362127", "route_id": "Red", "dwell_time_sec": "111"}, {"arr_dt": "1454362619", "direction": "0", "dep_dt": "1454362706", "route_id": "Red", "dwell_time_sec": "87"}, {"arr_dt": "1454362932", "direction": "0", "dep_dt": "1454363059", "route_id": "Red", "dwell_time_sec": "127"}, {"arr_dt": "1454363175", "direction": "0", "dep_dt": "1454363288", "route_id": "Red", "dwell_time_sec": "113"}, {"arr_dt": "1454363441", "direction": "0", "dep_dt": "1454363521", "route_id": "Red", "dwell_time_sec": "80"}, {"arr_dt": "1454363626", "direction": "0", "dep_dt": "1454363713", "route_id": "Red", "dwell_time_sec": "87"}, {"arr_dt": "1454364247", "direction": "0", "dep_dt": "1454364382", "route_id": "Red", "dwell_time_sec": "135"}, {"arr_dt": "1454364482", "direction": "0", "dep_dt": "1454364564", "route_id": "Red", "dwell_time_sec": "82"}, {"arr_dt": "1454364844", "direction": "0", "dep_dt": "1454364972", "route_id": "Red", "dwell_time_sec": "128"}, {"arr_dt": "1454365048", "direction": "0", "dep_dt": "1454365181", "route_id": "Red", "dwell_time_sec": "133"}, {"arr_dt": "1454365301", "direction": "0", "dep_dt": "1454365405", "route_id": "Red", "dwell_time_sec": "104"}, {"arr_dt": "1454365730", "direction": "0", "dep_dt": "1454365829", "route_id": "Red", "dwell_time_sec": "99"}, {"arr_dt": "1454366014", "direction": "0", "dep_dt": "1454366117", "route_id": "Red", "dwell_time_sec": "103"}, {"arr_dt": "1454366215", "direction": "0", "dep_dt": "1454366354", "route_id": "Red", "dwell_time_sec": "139"}, {"arr_dt": "1454366445", "direction": "0", "dep_dt": "1454366523", "route_id": "Red", "dwell_time_sec": "78"}, {"arr_dt": "1454366662", "direction": "0", "dep_dt": "1454366766", "route_id": "Red", "dwell_time_sec": "104"}, {"arr_dt": "1454366851", "direction": "0", "dep_dt": "1454366953", "route_id": "Red", "dwell_time_sec": "102"}, {"arr_dt": "1454367044", "direction": "0", "dep_dt": "1454367144", "route_id": "Red", "dwell_time_sec": "100"}, {"arr_dt": "1454367221", "direction": "0", "dep_dt": "1454367314", "route_id": "Red", "dwell_time_sec": "93"}, {"arr_dt": "1454367418", "direction": "0", "dep_dt": "1454367528", "route_id": "Red", "dwell_time_sec": "110"}, {"arr_dt": "1454367627", "direction": "0", "dep_dt": "1454367710", "route_id": "Red", "dwell_time_sec": "83"}, {"arr_dt": "1454367822", "direction": "0", "dep_dt": "1454367905", "route_id": "Red", "dwell_time_sec": "83"}, {"arr_dt": "1454367997", "direction": "0", "dep_dt": "1454368094", "route_id": "Red", "dwell_time_sec": "97"}, {"arr_dt": "1454368190", "direction": "0", "dep_dt": "1454368271", "route_id": "Red", "dwell_time_sec": "81"}, {"arr_dt": "1454368394", "direction": "0", "dep_dt": "1454368496", "route_id": "Red", "dwell_time_sec": "102"}, {"arr_dt": "1454368638", "direction": "0", "dep_dt": "1454368821", "route_id": "Red", "dwell_time_sec": "183"}, {"arr_dt": "1454368907", "direction": "0", "dep_dt": "1454368984", "route_id": "Red", "dwell_time_sec": "77"}, {"arr_dt": "1454369088", "direction": "0", "dep_dt": "1454369186", "route_id": "Red", "dwell_time_sec": "98"}, {"arr_dt": "1454369281", "direction": "0", "dep_dt": "1454369375", "route_id": "Red", "dwell_time_sec": "94"}, {"arr_dt": "1454369461", "direction": "0", "dep_dt": "1454369543", "route_id": "Red", "dwell_time_sec": "82"}, {"arr_dt": "1454370468", "direction": "0", "dep_dt": "1454370576", "route_id": "Red", "dwell_time_sec": "108"}, {"arr_dt": "1454370676", "direction": "0", "dep_dt": "1454370767", "route_id": "Red", "dwell_time_sec": "91"}, {"arr_dt": "1454370913", "direction": "0", "dep_dt": "1454370999", "route_id": "Red", "dwell_time_sec": "86"}, {"arr_dt": "1454371173", "direction": "0", "dep_dt": "1454371241", "route_id": "Red", "dwell_time_sec": "68"}, {"arr_dt": "1454371610", "direction": "0", "dep_dt": "1454371693", "route_id": "Red", "dwell_time_sec": "83"}, {"arr_dt": "1454371880", "direction": "0", "dep_dt": "1454371952", "route_id": "Red", "dwell_time_sec": "72"}, {"arr_dt": "1454372096", "direction": "0", "dep_dt": "1454372186", "route_id": "Red", "dwell_time_sec": "90"}, {"arr_dt": "1454372291", "direction": "0", "dep_dt": "1454372368", "route_id": "Red", "dwell_time_sec": "77"}, {"arr_dt": "1454372594", "direction": "0", "dep_dt": "1454372676", "route_id": "Red", "dwell_time_sec": "82"}, {"arr_dt": "1454372873", "direction": "0", "dep_dt": "1454372943", "route_id": "Red", "dwell_time_sec": "70"}, {"arr_dt": "1454373091", "direction": "0", "dep_dt": "1454373185", "route_id": "Red", "dwell_time_sec": "94"}, {"arr_dt": "1454373382", "direction": "0", "dep_dt": "1454373461", "route_id": "Red", "dwell_time_sec": "79"}, {"arr_dt": "1454373573", "direction": "0", "dep_dt": "1454373644", "route_id": "Red", "dwell_time_sec": "71"}, {"arr_dt": "1454373812", "direction": "0", "dep_dt": "1454373873", "route_id": "Red", "dwell_time_sec": "61"}, {"arr_dt": "1454373994", "direction": "0", "dep_dt": "1454374066", "route_id": "Red", "dwell_time_sec": "72"}, {"arr_dt": "1454374248", "direction": "0", "dep_dt": "1454374347", "route_id": "Red", "dwell_time_sec": "99"}, {"arr_dt": "1454374431", "direction": "0", "dep_dt": "1454374520", "route_id": "Red", "dwell_time_sec": "89"}, {"arr_dt": "1454374709", "direction": "0", "dep_dt": "1454374798", "route_id": "Red", "dwell_time_sec": "89"}, {"arr_dt": "1454374886", "direction": "0", "dep_dt": "1454374958", "route_id": "Red", "dwell_time_sec": "72"}, {"arr_dt": "1454375102", "direction": "0", "dep_dt": "1454375178", "route_id": "Red", "dwell_time_sec": "76"}, {"arr_dt": "1454375269", "direction": "0", "dep_dt": "1454375336", "route_id": "Red", "dwell_time_sec": "67"}, {"arr_dt": "1454375806", "direction": "0", "dep_dt": "1454375898", "route_id": "Red", "dwell_time_sec": "92"}, {"arr_dt": "1454376083", "direction": "0", "dep_dt": "1454376144", "route_id": "Red", "dwell_time_sec": "61"}, {"arr_dt": "1454376270", "direction": "0", "dep_dt": "1454376326", "route_id": "Red", "dwell_time_sec": "56"}, {"arr_dt": "1454376663", "direction": "0", "dep_dt": "1454376743", "route_id": "Red", "dwell_time_sec": "80"}, {"arr_dt": "1454377132", "direction": "0", "dep_dt": "1454377367", "route_id": "Red", "dwell_time_sec": "235"}, {"arr_dt": "1454377594", "direction": "0", "dep_dt": "1454377684", "route_id": "Red", "dwell_time_sec": "90"}, {"arr_dt": "1454377786", "direction": "0", "dep_dt": "1454377858", "route_id": "Red", "dwell_time_sec": "72"}, {"arr_dt": "1454378242", "direction": "0", "dep_dt": "1454378310", "route_id": "Red", "dwell_time_sec": "68"}, {"arr_dt": "1454378670", "direction": "0", "dep_dt": "1454378742", "route_id": "Red", "dwell_time_sec": "72"}, {"arr_dt": "1454379200", "direction": "0", "dep_dt": "1454379278", "route_id": "Red", "dwell_time_sec": "78"}, {"arr_dt": "1454379486", "direction": "0", "dep_dt": "1454379564", "route_id": "Red", "dwell_time_sec": "78"}, {"arr_dt": "1454379758", "direction": "0", "dep_dt": "1454379833", "route_id": "Red", "dwell_time_sec": "75"}, {"arr_dt": "1454380100", "direction": "0", "dep_dt": "1454380164", "route_id": "Red", "dwell_time_sec": "64"}, {"arr_dt": "1454380704", "direction": "0", "dep_dt": "1454380766", "route_id": "Red", "dwell_time_sec": "62"}, {"arr_dt": "1454381143", "direction": "0", "dep_dt": "1454381240", "route_id": "Red", "dwell_time_sec": "97"}, {"arr_dt": "1454381323", "direction": "0", "dep_dt": "1454381392", "route_id": "Red", "dwell_time_sec": "69"}, {"arr_dt": "1454381708", "direction": "0", "dep_dt": "1454381779", "route_id": "Red", "dwell_time_sec": "71"}, {"arr_dt": "1454381889", "direction": "0", "dep_dt": "1454381950", "route_id": "Red", "dwell_time_sec": "61"}, {"arr_dt": "1454382134", "direction": "0", "dep_dt": "1454382204", "route_id": "Red", "dwell_time_sec": "70"}, {"arr_dt": "1454382606", "direction": "0", "dep_dt": "1454382686", "route_id": "Red", "dwell_time_sec": "80"}, {"arr_dt": "1454382918", "direction": "0", "dep_dt": "1454382994", "route_id": "Red", "dwell_time_sec": "76"}, {"arr_dt": "1454383123", "direction": "0", "dep_dt": "1454383190", "route_id": "Red", "dwell_time_sec": "67"}, {"arr_dt": "1454383596", "direction": "0", "dep_dt": "1454383668", "route_id": "Red", "dwell_time_sec": "72"}, {"arr_dt": "1454383896", "direction": "0", "dep_dt": "1454383951", "route_id": "Red", "dwell_time_sec": "55"}, {"arr_dt": "1454384396", "direction": "0", "dep_dt": "1454384473", "route_id": "Red", "dwell_time_sec": "77"}, {"arr_dt": "1454384780", "direction": "0", "dep_dt": "1454384843", "route_id": "Red", "dwell_time_sec": "63"}, {"arr_dt": "1454385114", "direction": "0", "dep_dt": "1454385178", "route_id": "Red", "dwell_time_sec": "64"}, {"arr_dt": "1454385398", "direction": "0", "dep_dt": "1454385468", "route_id": "Red", "dwell_time_sec": "70"}, {"arr_dt": "1454385649", "direction": "0", "dep_dt": "1454385704", "route_id": "Red", "dwell_time_sec": "55"}, {"arr_dt": "1454386144", "direction": "0", "dep_dt": "1454386214", "route_id": "Red", "dwell_time_sec": "70"}, {"arr_dt": "1454386624", "direction": "0", "dep_dt": "1454386727", "route_id": "Red", "dwell_time_sec": "103"}, {"arr_dt": "1454387149", "direction": "0", "dep_dt": "1454387230", "route_id": "Red", "dwell_time_sec": "81"}, {"arr_dt": "1454387334", "direction": "0", "dep_dt": "1454387407", "route_id": "Red", "dwell_time_sec": "73"}, {"arr_dt": "1454387837", "direction": "0", "dep_dt": "1454387894", "route_id": "Red", "dwell_time_sec": "57"}, {"arr_dt": "1454388134", "direction": "0", "dep_dt": "1454388185", "route_id": "Red", "dwell_time_sec": "51"}, {"arr_dt": "1454388478", "direction": "0", "dep_dt": "1454388547", "route_id": "Red", "dwell_time_sec": "69"}, {"arr_dt": "1454388848", "direction": "0", "dep_dt": "1454388906", "route_id": "Red", "dwell_time_sec": "58"}]}