{"dwell_times": [{"arr_dt": "1465099354", "direction": "0", "dep_dt": "1465099418", "route_id": "Red", "dwell_time_sec": "64"}, {"arr_dt": "1465099688", "direction": "0", "dep_dt": "1465099751", "route_id": "Red", "dwell_time_sec": "63"}, {"arr_dt": "1465100291", "direction": "0", "dep_dt": "1465100375", "route_id": "Red", "dwell_time_sec": "84"}, {"arr_dt": "1465100603", "direction": "0", "dep_dt": "1465100671", "route_id": "Red", "dwell_time_sec": "68"}, {"arr_dt": "1465101173", "direction": "0", "dep_dt": "1465101251", "route_id": "Red", "dwell_time_sec": "78"}, {"arr_dt": "1465101550", "direction": "0", "dep_dt": "1465101614", "route_id": "Red", "dwell_time_sec": "64"}, {"arr_dt": "1465102441", "direction": "0", "dep_dt": "1465104889", "route_id": "Red", "dwell_time_sec": "2448"}, {"arr_dt": "1465121922", "direction": "0", "dep_dt": "1465122003", "route_id": "Red", "dwell_time_sec": "81"}, {"arr_dt": "1465122411", "direction": "0", "dep_dt": "1465122474", "route_id": "Red", "dwell_time_sec": "63"}, {"arr_dt": "1465122883", "direction": "0", "dep_dt": "1465122940", "route_id": "Red", "dwell_time_sec": "57"}, {"arr_dt": "1465123429", "direction": "0", "dep_dt": "1465123509", "route_id": "Red", "dwell_time_sec": "80"}, {"arr_dt": "1465124066", "direction": "0", "dep_dt": "1465124131", "route_id": "Red", "dwell_time_sec": "65"}, {"arr_dt": "1465124676", "direction": "0", "dep_dt": "1465124731", "route_id": "Red", "dwell_time_sec": "55"}, {"arr_dt": "1465124976", "direction": "0", "dep_dt": "1465125038", "route_id": "Red", "dwell_time_sec": "62"}, {"arr_dt": "1465125584", "direction": "0", "dep_dt": "1465125642", "route_id": "Red", "dwell_time_sec": "58"}, {"arr_dt": "1465126443", "direction": "0", "dep_dt": "1465126506", "route_id": "Red", "dwell_time_sec": "63"}, {"arr_dt": "1465126627", "direction": "0", "dep_dt": "1465126689", "route_id": "Red", "dwell_time_sec": "62"}, {"arr_dt": "1465127072", "direction": "0", "dep_dt": "1465127136", "route_id": "Red", "dwell_time_sec": "64"}, {"arr_dt": "1465127560", "direction": "0", "dep_dt": "1465127638", "route_id": "Red", "dwell_time_sec": "78"}, {"arr_dt": "1465128374", "direction": "0", "dep_dt": "1465128440", "route_id": "Red", "dwell_time_sec": "66"}, {"arr_dt": "1465128549", "direction": "0", "dep_dt": "1465128611", "route_id": "Red", "dwell_time_sec": "62"}, {"arr_dt": "1465129010", "direction": "0", "dep_dt": "1465129086", "route_id": "Red", "dwell_time_sec": "76"}, {"arr_dt": "1465129424", "direction": "0", "dep_dt": "1465129494", "route_id": "Red", "dwell_time_sec": "70"}, {"arr_dt": "1465129962", "direction": "0", "dep_dt": "1465130025", "route_id": "Red", "dwell_time_sec": "63"}, {"arr_dt": "1465130414", "direction": "0", "dep_dt": "1465130492", "route_id": "Red", "dwell_time_sec": "78"}, {"arr_dt": "1465130834", "direction": "0", "dep_dt": "1465130894", "route_id": "Red", "dwell_time_sec": "60"}, {"arr_dt": "1465131235", "direction": "0", "dep_dt": "1465131291", "route_id": "Red", "dwell_time_sec": "56"}, {"arr_dt": "1465131766", "direction": "0", "dep_dt": "1465131828", "route_id": "Red", "dwell_time_sec": "62"}, {"arr_dt": "1465132320", "direction": "0", "dep_dt": "1465132390", "route_id": "Red", "dwell_time_sec": "70"}, {"arr_dt": "1465132898", "direction": "0", "dep_dt": "1465132968", "route_id": "Red", "dwell_time_sec": "70"}, {"arr_dt": "1465133082", "direction": "0", "dep_dt": "1465133139", "route_id": "Red", "dwell_time_sec": "57"}, {"arr_dt": "1465133829", "direction": "0", "dep_dt": "1465133909", "route_id": "Red", "dwell_time_sec": "80"}, {"arr_dt": "1465134289", "direction": "0", "dep_dt": "1465134350", "route_id": "Red", "dwell_time_sec": "61"}, {"arr_dt": "1465134757", "direction": "0", "dep_dt": "1465134823", "route_id": "Red", "dwell_time_sec": "66"}, {"arr_dt": "1465135015", "direction": "0", "dep_dt": "1465135087", "route_id": "Red", "dwell_time_sec": "72"}, {"arr_dt": "1465135541", "direction": "0", "dep_dt": "1465135614", "route_id": "Red", "dwell_time_sec": "73"}, {"arr_dt": "1465136014", "direction": "0", "dep_dt": "1465136091", "route_id": "Red", "dwell_time_sec": "77"}, {"arr_dt": "1465136318", "direction": "0", "dep_dt": "1465136384", "route_id": "Red", "dwell_time_sec": "66"}, {"arr_dt": "1465136894", "direction": "0", "dep_dt": "1465136972", "route_id": "Red", "dwell_time_sec": "78"}, {"arr_dt": "1465137391", "direction": "0", "dep_dt": "1465137451", "route_id": "Red", "dwell_time_sec": "60"}, {"arr_dt": "1465137808", "direction": "0", "dep_dt": "1465137883", "route_id": "Red", "dwell_time_sec": "75"}, {"arr_dt": "1465138345", "direction": "0", "dep_dt": "1465138419", "route_id": "Red", "dwell_time_sec": "74"}, {"arr_dt": "1465138842", "direction": "0", "dep_dt": "1465138938", "route_id": "Red", "dwell_time_sec": "96"}, {"arr_dt": "1465139458", "direction": "0", "dep_dt": "1465139533", "route_id": "Red", "dwell_time_sec": "75"}, {"arr_dt": "1465139795", "direction": "0", "dep_dt": "1465139850", "route_id": "Red", "dwell_time_sec": "55"}, {"arr_dt": "1465140447", "direction": "0", "dep_dt": "1465140561", "route_id": "Red", "dwell_time_sec": "114"}, {"arr_dt": "1465140675", "direction": "0", "dep_dt": "1465140759", "route_id": "Red", "dwell_time_sec": "84"}, {"arr_dt": "1465141103", "direction": "0", "dep_dt": "1465141168", "route_id": "Red", "dwell_time_sec": "65"}, {"arr_dt": "1465141519", "direction": "0", "dep_dt": "1465141595", "route_id": "Red", "dwell_time_sec": "76"}, {"arr_dt": "1465142320", "direction": "0", "dep_dt": "1465142419", "route_id": "Red", "dwell_time_sec": "99"}, {"arr_dt": "1465142551", "direction": "0", "dep_dt": "1465142641", "route_id": "Red", "dwell_time_sec": "90"}, {"arr_dt": "1465142868", "direction": "0", "dep_dt": "1465142943", "route_id": "Red", "dwell_time_sec": "75"}, {"arr_dt": "1465143506", "direction": "0", "dep_dt": "1465143592", "route_id": "Red", "dwell_time_sec": "86"}, {"arr_dt": "1465143831", "direction": "0", "dep_dt": "1465143901", "route_id": "Red", "dwell_time_sec": "70"}, {"arr_dt": "1465144244", "direction": "0", "dep_dt": "1465144337", "route_id": "Red", "dwell_time_sec": "93"}, {"arr_dt": "1465144725", "direction": "0", "dep_dt": "1465144811", "route_id": "Red", "dwell_time_sec": "86"}, {"arr_dt": "1465145260", "direction": "0", "dep_dt": "1465145328", "route_id": "Red", "dwell_time_sec": "68"}, {"arr_dt": "1465145744", "direction": "0", "dep_dt": "1465145821", "route_id": "Red", "dwell_time_sec": "77"}, {"arr_dt": "1465146288", "direction": "0", "dep_dt": "1465146380", "route_id": "Red", "dwell_time_sec": "92"}, {"arr_dt": "1465147076", "direction": "0", "dep_dt": "1465147176", "route_id": "Red", "dwell_time_sec": "100"}, {"arr_dt": "1465147544", "direction": "0", "dep_dt": "1465147618", "route_id": "Red", "dwell_time_sec": "74"}, {"arr_dt": "1465147827", "direction": "0", "dep_dt": "1465147898", "route_id": "Red", "dwell_time_sec": "71"}, {"arr_dt": "1465148336", "direction": "0", "dep_dt": "1465148407", "route_id": "Red", "dwell_time_sec": "71"}, {"arr_dt": "1465149380", "direction": "0", "dep_dt": "1465149473", "route_id": "Red", "dwell_time_sec": "93"}, {"arr_dt": "1465149760", "direction": "0", "dep_dt": "1465149827", "route_id": "Red", "dwell_time_sec": "67"}, {"arr_dt": "1465149978", "direction": "0", "dep_dt": "1465150064", "route_id": "Red", "dwell_time_sec": "86"}, {"arr_dt": "1465150471", "direction": "0", "dep_dt": "1465150601", "route_id": "Red", "dwell_time_sec": "130"}, {"arr_dt": "1465150713", "direction": "0", "dep_dt": "1465150800", "route_id": "Red", "dwell_time_sec": "87"}, {"arr_dt": "1465151336", "direction": "0", "dep_dt": "1465151414", "route_id": "Red", "dwell_time_sec": "78"}, {"arr_dt": "1465152605", "direction": "0", "dep_dt": "1465152684", "route_id": "Red", "dwell_time_sec": "79"}, {"arr_dt": "1465153029", "direction": "0", "dep_dt": "1465153103", "route_id": "Red", "dwell_time_sec": "74"}, {"arr_dt": "1465153467", "direction": "0", "dep_dt": "1465153524", "route_id": "Red", "dwell_time_sec": "57"}, {"arr_dt": "1465153812", "direction": "0", "dep_dt": "1465153882", "route_id": "Red", "dwell_time_sec": "70"}, {"arr_dt": "1465154253", "direction": "0", "dep_dt": "1465154321", "route_id": "Red", "dwell_time_sec": "68"}, {"arr_dt": "1465154678", "direction": "0", "dep_dt": "1465154866", "route_id": "Red", "dwell_time_sec": "188"}, {"arr_dt": "1465154981", "direction": "0", "dep_dt": "1465155040", "route_id": "Red", "dwell_time_sec": "59"}, {"arr_dt": "1465155445", "direction": "0", "dep_dt": "1465155510", "route_id": "Red", "dwell_time_sec": "65"}, {"arr_dt": "1465155942", "direction": "0", "dep_dt": "1465156010", "route_id": "Red", "dwell_time_sec": "68"}, {"arr_dt": "1465156392", "direction": "0", "dep_dt": "1465156467", "route_id": "Red", "dwell_time_sec": "75"}, {"arr_dt": "1465157002", "direction": "0", "dep_dt": "1465157083", "route_id": "Red", "dwell_time_sec": "81"}, {"arr_dt": "1465157284", "direction": "0", "dep_dt": "1465157362", "route_id": "Red", "dwell_time_sec": "78"}, {"arr_dt": "1465157769", "direction": "0", "dep_dt": "1465157848", "route_id": "Red", "dwell_time_sec": "79"}, {"arr_dt": "1465158125", "direction": "0", "dep_dt": "1465158191", "route_id": "Red", "dwell_time_sec": "66"}, {"arr_dt": "1465158510", "direction": "0", "dep_dt": "1465158582", "route_id": "Red", "dwell_time_sec": "72"}, {"arr_dt": "1465158864", "direction": "0", "dep_dt": "1465158961", "route_id": "Red", "dwell_time_sec": "97"}, {"arr_dt": "1465159269", "direction": "0", "dep_dt": "1465159451", "route_id": "Red", "dwell_time_sec": "182"}, {"arr_dt": "1465160873", "direction": "0", "dep_dt": "1465160981", "route_id": "Red", "dwell_time_sec": "108"}, {"arr_dt": "1465161087", "direction": "0", "dep_dt": "1465161183", "route_id": "Red", "dwell_time_sec": "96"}, {"arr_dt": "1465161683", "direction": "0", "dep_dt": "1465161783", "route_id": "Red", "dwell_time_sec": "100"}, {"arr_dt": "1465162417", "direction": "0", "dep_dt": "1465162512", "route_id": "Red", "dwell_time_sec": "95"}, {"arr_dt": "1465162621", "direction": "0", "dep_dt": "1465162696", "route_id": "Red", "dwell_time_sec": "75"}, {"arr_dt": "1465162817", "direction": "0", "dep_dt": "1465162883", "route_id": "Red", "dwell_time_sec": "66"}, {"arr_dt": "1465163235", "direction": "0", "dep_dt": "1465163306", "route_id": "Red", "dwell_time_sec": "71"}, {"arr_dt": "1465163411", "direction": "0", "dep_dt": "1465163502", "route_id": "Red", "dwell_time_sec": "91"}, {"arr_dt": "1465164004", "direction": "0", "dep_dt": "1465164093", "route_id": "Red", "dwell_time_sec": "89"}, {"arr_dt": "1465164745", "direction": "0", "dep_dt": "1465164848", "route_id": "Red", "dwell_time_sec": "103"}, {"arr_dt": "1465165071", "direction": "0", "dep_dt": "1465165147", "route_id": "Red", "dwell_time_sec": "76"}, {"arr_dt": "1465166204", "direction": "0", "dep_dt": "1465166288", "route_id": "Red", "dwell_time_sec": "84"}, {"arr_dt": "1465166732", "direction": "0", "dep_dt": "1465166808", "route_id": "Red", "dwell_time_sec": "76"}, {"arr_dt": "1465167086", "direction": "0", "dep_dt": "1465167157", "route_id": "Red", "dwell_time_sec": "71"}, {"arr_dt": "1465168144", "direction": "0", "dep_dt": "1465168218", "route_id": "Red", "dwell_time_sec": "74"}, {"arr_dt": "1465168492", "direction": "0", "dep_dt": "1465168550", "route_id": "Red", "dwell_time_sec": "58"}, {"arr_dt": "1465168909", "direction": "0", "dep_dt": "1465168982", "route_id": "Red", "dwell_time_sec": "73"}, {"arr_dt": "1465169110", "direction": "0", "dep_dt": "1465169190", "route_id": "Red", "dwell_time_sec": "80"}, {"arr_dt": "1465169373", "direction": "0", "dep_dt": "1465169457", "route_id": "Red", "dwell_time_sec": "84"}, {"arr_dt": "1465169623", "direction": "0", "dep_dt": "1465169681", "route_id": "Red", "dwell_time_sec": "58"}, {"arr_dt": "1465170276", "direction": "0", "dep_dt": "1465170349", "route_id": "Red", "dwell_time_sec": "73"}, {"arr_dt": "1465170765", "direction": "0", "dep_dt": "1465170834", "route_id": "Red", "dwell_time_sec": "69"}, {"arr_dt": "1465171269", "direction": "0", "dep_dt": "1465171336", "route_id": "Red", "dwell_time_sec": "67"}, {"arr_dt": "1465171439", "direction": "0", "dep_dt": "1465171513", "route_id": "Red", "dwell_time_sec": "74"}, {"arr_dt": "1465171959", "direction": "0", "dep_dt": "1465172032", "route_id": "Red", "dwell_time_sec": "73"}, {"arr_dt": "1465172283", "direction": "0", "dep_dt": "1465172364", "route_id": "Red", "dwell_time_sec": "81"}, {"arr_dt": "1465172624", "direction": "0", "dep_dt": "1465172686", "route_id": "Red", "dwell_time_sec": "62"}, {"arr_dt": "1465173407", "direction": "0", "dep_dt": "1465173487", "route_id": "Red", "dwell_time_sec": "80"}, {"arr_dt": "1465173597", "direction": "0", "dep_dt": "1465173665", "route_id": "Red", "dwell_time_sec": "68"}, {"arr_dt": "1465174064", "direction": "0", "dep_dt": "1465174118", "route_id": "Red", "dwell_time_sec": "54"}, {"arr_dt": "1465174616", "direction": "0", "dep_dt": "1465174689", "route_id": "Red", "dwell_time_sec": "73"}, {"arr_dt": "1465175015", "direction": "0", "dep_dt": "1465175083", "route_id": "Red", "dwell_time_sec": "68"}, {"arr_dt": "1465175652", "direction": "0", "dep_dt": "1465175722", "route_id": "Red", "dwell_time_sec": "70"}, {"arr_dt": "1465176346", "direction": "0", "dep_dt": "1465176421", "route_id": "Red", "dwell_time_sec": "75"}, {"arr_dt": "1465176827", "direction": "0", "dep_dt": "1465176904", "route_id": "Red", "dwell_time_sec": "77"}, {"arr_dt": "1465177261", "direction": "0", "dep_dt": "1465177321", "route_id": "Red", "dwell_time_sec": "60"}, {"arr_dt": "1465177686", "direction": "0", "dep_dt": "1465177757", "route_id": "Red", "dwell_time_sec": "71"}, {"arr_dt": "1465178316", "direction": "0", "dep_dt": "1465178396", "route_id": "Red", "dwell_time_sec": "80"}, {"arr_dt": "1465178713", "direction": "0", "dep_dt": "1465178776", "route_id": "Red", "dwell_time_sec": "63"}, {"arr_dt": "1465179270", "direction": "0", "dep_dt": "1465179342", "route_id": "Red", "dwell_time_sec": "72"}, {"arr_dt": "1465179687", "direction": "0", "dep_dt": "1465179784", "route_id": "Red", "dwell_time_sec": "97"}, {"arr_dt": "1465180160", "direction": "0", "dep_dt": "1465180218", "route_id": "Red", "dwell_time_sec": "58"}, {"arr_dt": "1465180648", "direction": "0", "dep_dt": "1465180722", "route_id": "Red", "dwell_time_sec": "74"}, {"arr_dt": "1465181438", "direction": "0", "dep_dt": "1465181533", "route_id": "Red", "dwell_time_sec": "95"}, {"arr_dt": "1465181826", "direction": "0", "dep_dt": "1465181901", "route_id": "Red", "dwell_time_sec": "75"}, {"arr_dt": "1465182145", "direction": "0", "dep_dt": "1465182208", "route_id": "Red", "dwell_time_sec": "63"}, {"arr_dt": "1465182396", "direction": "0", "dep_dt": "1465182451", "route_id": "Red", "dwell_time_sec": "55"}, {"arr_dt": "1465182948", "direction": "0", "dep_dt": "1465183002", "route_id": "Red", "dwell_time_sec": "54"}, {"arr_dt": "1465183345", "direction": "0", "dep_dt": "1465183403", "route_id": "Red", "dwell_time_sec": "58"}, {"arr_dt": "1465183756", "direction": "0", "dep_dt": "1465183824", "route_id": "Red", "dwell_time_sec": "68"}, {"arr_dt": "1465184333", "direction": "0", "dep_dt": "1465184414", "route_id": "Red", "dwell_time_sec": "81"}, {"arr_dt": "1465184980", "direction": "0", "dep_dt": "1465185048", "route_id": "Red", "dwell_time_sec": "68"}, {"arr_dt": "1465185211", "direction": "0", "dep_dt": "1465185272", "route_id": "Red", "dwell_time_sec": "61"}]}