{"dwell_times": [{"arr_dt": "1460174500", "direction": "0", "dep_dt": "1460174563", "route_id": "Red", "dwell_time_sec": "63"}, {"arr_dt": "1460174665", "direction": "0", "dep_dt": "1460174720", "route_id": "Red", "dwell_time_sec": "55"}, {"arr_dt": "1460174987", "direction": "0", "dep_dt": "1460175046", "route_id": "Red", "dwell_time_sec": "59"}, {"arr_dt": "1460175726", "direction": "0", "dep_dt": "1460175790", "route_id": "Red", "dwell_time_sec": "64"}, {"arr_dt": "1460176124", "direction": "0", "dep_dt": "1460176190", "route_id": "Red", "dwell_time_sec": "66"}, {"arr_dt": "1460176701", "direction": "0", "dep_dt": "1460176762", "route_id": "Red", "dwell_time_sec": "61"}, {"arr_dt": "1460176866", "direction": "0", "dep_dt": "1460176923", "route_id": "Red", "dwell_time_sec": "57"}, {"arr_dt": "1460177866", "direction": "0", "dep_dt": "1460178948", "route_id": "Red", "dwell_time_sec": "1082"}, {"arr_dt": "1460194987", "direction": "0", "dep_dt": "1460195067", "route_id": "Red", "dwell_time_sec": "80"}, {"arr_dt": "1460195873", "direction": "0", "dep_dt": "1460196003", "route_id": "Red", "dwell_time_sec": "130"}, {"arr_dt": "1460196561", "direction": "0", "dep_dt": "1460196646", "route_id": "Red", "dwell_time_sec": "85"}, {"arr_dt": "1460197478", "direction": "0", "dep_dt": "1460197541", "route_id": "Red", "dwell_time_sec": "63"}, {"arr_dt": "1460198102", "direction": "0", "dep_dt": "1460198180", "route_id": "Red", "dwell_time_sec": "78"}, {"arr_dt": "1460198766", "direction": "0", "dep_dt": "1460198838", "route_id": "Red", "dwell_time_sec": "72"}, {"arr_dt": "1460199512", "direction": "0", "dep_dt": "1460199574", "route_id": "Red", "dwell_time_sec": "62"}, {"arr_dt": "1460200012", "direction": "0", "dep_dt": "1460200070", "route_id": "Red", "dwell_time_sec": "58"}, {"arr_dt": "1460200547", "direction": "0", "dep_dt": "1460200642", "route_id": "Red", "dwell_time_sec": "95"}, {"arr_dt": "1460201092", "direction": "0", "dep_dt": "1460201154", "route_id": "Red", "dwell_time_sec": "62"}, {"arr_dt": "1460201605", "direction": "0", "dep_dt": "1460201689", "route_id": "Red", "dwell_time_sec": "84"}, {"arr_dt": "1460202233", "direction": "0", "dep_dt": "1460202297", "route_id": "Red", "dwell_time_sec": "64"}, {"arr_dt": "1460202857", "direction": "0", "dep_dt": "1460202934", "route_id": "Red", "dwell_time_sec": "77"}, {"arr_dt": "1460203418", "direction": "0", "dep_dt": "1460203478", "route_id": "Red", "dwell_time_sec": "60"}, {"arr_dt": "1460203987", "direction": "0", "dep_dt": "1460204066", "route_id": "Red", "dwell_time_sec": "79"}, {"arr_dt": "1460204536", "direction": "0", "dep_dt": "1460204602", "route_id": "Red", "dwell_time_sec": "66"}, {"arr_dt": "1460205285", "direction": "0", "dep_dt": "1460205378", "route_id": "Red", "dwell_time_sec": "93"}, {"arr_dt": "1460205933", "direction": "0", "dep_dt": "1460205998", "route_id": "Red", "dwell_time_sec": "65"}, {"arr_dt": "1460206551", "direction": "0", "dep_dt": "1460206632", "route_id": "Red", "dwell_time_sec": "81"}, {"arr_dt": "1460207154", "direction": "0", "dep_dt": "1460207218", "route_id": "Red", "dwell_time_sec": "64"}, {"arr_dt": "1460207635", "direction": "0", "dep_dt": "1460207715", "route_id": "Red", "dwell_time_sec": "80"}, {"arr_dt": "1460208290", "direction": "0", "dep_dt": "1460208369", "route_id": "Red", "dwell_time_sec": "79"}, {"arr_dt": "1460208964", "direction": "0", "dep_dt": "1460209053", "route_id": "Red", "dwell_time_sec": "89"}, {"arr_dt": "1460209458", "direction": "0", "dep_dt": "1460209549", "route_id": "Red", "dwell_time_sec": "91"}, {"arr_dt": "1460210730", "direction": "0", "dep_dt": "1460210801", "route_id": "Red", "dwell_time_sec": "71"}, {"arr_dt": "1460211420", "direction": "0", "dep_dt": "1460211518", "route_id": "Red", "dwell_time_sec": "98"}, {"arr_dt": "1460211920", "direction": "0", "dep_dt": "1460211982", "route_id": "Red", "dwell_time_sec": "62"}, {"arr_dt": "1460212468", "direction": "0", "dep_dt": "1460212543", "route_id": "Red", "dwell_time_sec": "75"}, {"arr_dt": "1460212995", "direction": "0", "dep_dt": "1460213102", "route_id": "Red", "dwell_time_sec": "107"}, {"arr_dt": "1460213561", "direction": "0", "dep_dt": "1460213635", "route_id": "Red", "dwell_time_sec": "74"}, {"arr_dt": "1460214164", "direction": "0", "dep_dt": "1460214240", "route_id": "Red", "dwell_time_sec": "76"}, {"arr_dt": "1460214912", "direction": "0", "dep_dt": "1460215018", "route_id": "Red", "dwell_time_sec": "106"}, {"arr_dt": "1460215675", "direction": "0", "dep_dt": "1460215755", "route_id": "Red", "dwell_time_sec": "80"}, {"arr_dt": "1460216079", "direction": "0", "dep_dt": "1460216148", "route_id": "Red", "dwell_time_sec": "69"}, {"arr_dt": "1460216723", "direction": "0", "dep_dt": "1460216788", "route_id": "Red", "dwell_time_sec": "65"}, {"arr_dt": "1460217293", "direction": "0", "dep_dt": "1460217365", "route_id": "Red", "dwell_time_sec": "72"}, {"arr_dt": "1460218361", "direction": "0", "dep_dt": "1460218465", "route_id": "Red", "dwell_time_sec": "104"}, {"arr_dt": "1460218869", "direction": "0", "dep_dt": "1460218974", "route_id": "Red", "dwell_time_sec": "105"}, {"arr_dt": "1460219415", "direction": "0", "dep_dt": "1460219485", "route_id": "Red", "dwell_time_sec": "70"}, {"arr_dt": "1460220021", "direction": "0", "dep_dt": "1460220152", "route_id": "Red", "dwell_time_sec": "131"}, {"arr_dt": "1460220693", "direction": "0", "dep_dt": "1460220841", "route_id": "Red", "dwell_time_sec": "148"}, {"arr_dt": "1460221355", "direction": "0", "dep_dt": "1460221447", "route_id": "Red", "dwell_time_sec": "92"}, {"arr_dt": "1460221898", "direction": "0", "dep_dt": "1460221992", "route_id": "Red", "dwell_time_sec": "94"}, {"arr_dt": "1460222317", "direction": "0", "dep_dt": "1460222384", "route_id": "Red", "dwell_time_sec": "67"}, {"arr_dt": "1460223273", "direction": "0", "dep_dt": "1460223425", "route_id": "Red", "dwell_time_sec": "152"}, {"arr_dt": "1460223809", "direction": "0", "dep_dt": "1460223895", "route_id": "Red", "dwell_time_sec": "86"}, {"arr_dt": "1460224410", "direction": "0", "dep_dt": "1460224485", "route_id": "Red", "dwell_time_sec": "75"}, {"arr_dt": "1460224982", "direction": "0", "dep_dt": "1460225067", "route_id": "Red", "dwell_time_sec": "85"}, {"arr_dt": "1460225567", "direction": "0", "dep_dt": "1460225666", "route_id": "Red", "dwell_time_sec": "99"}, {"arr_dt": "1460226189", "direction": "0", "dep_dt": "1460226287", "route_id": "Red", "dwell_time_sec": "98"}, {"arr_dt": "1460226686", "direction": "0", "dep_dt": "1460226796", "route_id": "Red", "dwell_time_sec": "110"}, {"arr_dt": "1460227496", "direction": "0", "dep_dt": "1460227598", "route_id": "Red", "dwell_time_sec": "102"}, {"arr_dt": "1460228135", "direction": "0", "dep_dt": "1460228246", "route_id": "Red", "dwell_time_sec": "111"}, {"arr_dt": "1460228642", "direction": "0", "dep_dt": "1460228734", "route_id": "Red", "dwell_time_sec": "92"}, {"arr_dt": "1460229328", "direction": "0", "dep_dt": "1460229437", "route_id": "Red", "dwell_time_sec": "109"}, {"arr_dt": "1460229874", "direction": "0", "dep_dt": "1460229995", "route_id": "Red", "dwell_time_sec": "121"}, {"arr_dt": "1460230566", "direction": "0", "dep_dt": "1460230650", "route_id": "Red", "dwell_time_sec": "84"}, {"arr_dt": "1460231078", "direction": "0", "dep_dt": "1460231165", "route_id": "Red", "dwell_time_sec": "87"}, {"arr_dt": "1460231868", "direction": "0", "dep_dt": "1460231995", "route_id": "Red", "dwell_time_sec": "127"}, {"arr_dt": "1460232566", "direction": "0", "dep_dt": "1460232730", "route_id": "Red", "dwell_time_sec": "164"}, {"arr_dt": "1460233280", "direction": "0", "dep_dt": "1460233385", "route_id": "Red", "dwell_time_sec": "105"}, {"arr_dt": "1460233998", "direction": "0", "dep_dt": "1460234103", "route_id": "Red", "dwell_time_sec": "105"}, {"arr_dt": "1460234645", "direction": "0", "dep_dt": "1460234713", "route_id": "Red", "dwell_time_sec": "68"}, {"arr_dt": "1460235279", "direction": "0", "dep_dt": "1460235385", "route_id": "Red", "dwell_time_sec": "106"}, {"arr_dt": "1460235840", "direction": "0", "dep_dt": "1460235919", "route_id": "Red", "dwell_time_sec": "79"}, {"arr_dt": "1460236573", "direction": "0", "dep_dt": "1460236656", "route_id": "Red", "dwell_time_sec": "83"}, {"arr_dt": "1460237176", "direction": "0", "dep_dt": "1460237266", "route_id": "Red", "dwell_time_sec": "90"}, {"arr_dt": "1460237678", "direction": "0", "dep_dt": "1460237753", "route_id": "Red", "dwell_time_sec": "75"}, {"arr_dt": "1460238194", "direction": "0", "dep_dt": "1460238276", "route_id": "Red", "dwell_time_sec": "82"}, {"arr_dt": "1460238868", "direction": "0", "dep_dt": "1460238972", "route_id": "Red", "dwell_time_sec": "104"}, {"arr_dt": "1460239528", "direction": "0", "dep_dt": "1460239617", "route_id": "Red", "dwell_time_sec": "89"}, {"arr_dt": "1460240099", "direction": "0", "dep_dt": "1460240182", "route_id": "Red", "dwell_time_sec": "83"}, {"arr_dt": "1460241333", "direction": "0", "dep_dt": "1460241442", "route_id": "Red", "dwell_time_sec": "109"}, {"arr_dt": "1460242296", "direction": "0", "dep_dt": "1460242366", "route_id": "Red", "dwell_time_sec": "70"}, {"arr_dt": "1460242877", "direction": "0", "dep_dt": "1460242979", "route_id": "Red", "dwell_time_sec": "102"}, {"arr_dt": "1460243684", "direction": "0", "dep_dt": "1460243774", "route_id": "Red", "dwell_time_sec": "90"}, {"arr_dt": "1460244162", "direction": "0", "dep_dt": "1460244264", "route_id": "Red", "dwell_time_sec": "102"}, {"arr_dt": "1460244605", "direction": "0", "dep_dt": "1460244686", "route_id": "Red", "dwell_time_sec": "81"}, {"arr_dt": "1460245269", "direction": "0", "dep_dt": "1460245360", "route_id": "Red", "dwell_time_sec": "91"}, {"arr_dt": "1460245743", "direction": "0", "dep_dt": "1460245835", "route_id": "Red", "dwell_time_sec": "92"}, {"arr_dt": "1460246230", "direction": "0", "dep_dt": "1460246306", "route_id": "Red", "dwell_time_sec": "76"}, {"arr_dt": "1460246815", "direction": "0", "dep_dt": "1460246903", "route_id": "Red", "dwell_time_sec": "88"}, {"arr_dt": "1460247410", "direction": "0", "dep_dt": "1460247499", "route_id": "Red", "dwell_time_sec": "89"}, {"arr_dt": "1460247986", "direction": "0", "dep_dt": "1460248077", "route_id": "Red", "dwell_time_sec": "91"}, {"arr_dt": "1460248457", "direction": "0", "dep_dt": "1460248524", "route_id": "Red", "dwell_time_sec": "67"}, {"arr_dt": "1460248993", "direction": "0", "dep_dt": "1460249055", "route_id": "Red", "dwell_time_sec": "62"}, {"arr_dt": "1460249574", "direction": "0", "dep_dt": "1460249646", "route_id": "Red", "dwell_time_sec": "72"}, {"arr_dt": "1460250341", "direction": "0", "dep_dt": "1460250407", "route_id": "Red", "dwell_time_sec": "66"}, {"arr_dt": "1460250859", "direction": "0", "dep_dt": "1460250933", "route_id": "Red", "dwell_time_sec": "74"}, {"arr_dt": "1460251714", "direction": "0", "dep_dt": "1460251792", "route_id": "Red", "dwell_time_sec": "78"}, {"arr_dt": "1460252299", "direction": "0", "dep_dt": "1460252376", "route_id": "Red", "dwell_time_sec": "77"}, {"arr_dt": "1460252809", "direction": "0", "dep_dt": "1460252873", "route_id": "Red", "dwell_time_sec": "64"}, {"arr_dt": "1460253379", "direction": "0", "dep_dt": "1460253456", "route_id": "Red", "dwell_time_sec": "77"}, {"arr_dt": "1460254170", "direction": "0", "dep_dt": "1460254281", "route_id": "Red", "dwell_time_sec": "111"}, {"arr_dt": "1460254747", "direction": "0", "dep_dt": "1460254821", "route_id": "Red", "dwell_time_sec": "74"}, {"arr_dt": "1460255292", "direction": "0", "dep_dt": "1460255359", "route_id": "Red", "dwell_time_sec": "67"}, {"arr_dt": "1460255939", "direction": "0", "dep_dt": "1460256017", "route_id": "Red", "dwell_time_sec": "78"}, {"arr_dt": "1460256588", "direction": "0", "dep_dt": "1460256674", "route_id": "Red", "dwell_time_sec": "86"}, {"arr_dt": "1460257198", "direction": "0", "dep_dt": "1460257286", "route_id": "Red", "dwell_time_sec": "88"}, {"arr_dt": "1460257704", "direction": "0", "dep_dt": "1460257781", "route_id": "Red", "dwell_time_sec": "77"}, {"arr_dt": "1460258248", "direction": "0", "dep_dt": "1460258319", "route_id": "Red", "dwell_time_sec": "71"}, {"arr_dt": "1460259067", "direction": "0", "dep_dt": "1460259167", "route_id": "Red", "dwell_time_sec": "100"}, {"arr_dt": "1460259756", "direction": "0", "dep_dt": "1460259840", "route_id": "Red", "dwell_time_sec": "84"}, {"arr_dt": "1460260486", "direction": "0", "dep_dt": "1460260561", "route_id": "Red", "dwell_time_sec": "75"}]}