{"dwell_times": [{"arr_dt": "1463478483", "direction": "0", "dep_dt": "1463478551", "route_id": "Red", "dwell_time_sec": "68"}, {"arr_dt": "1463478656", "direction": "0", "dep_dt": "1463478754", "route_id": "Red", "dwell_time_sec": "98"}, {"arr_dt": "1463478848", "direction": "0", "dep_dt": "1463478910", "route_id": "Red", "dwell_time_sec": "62"}, {"arr_dt": "1463479242", "direction": "0", "dep_dt": "1463479300", "route_id": "Red", "dwell_time_sec": "58"}, {"arr_dt": "1463479869", "direction": "0", "dep_dt": "1463479930", "route_id": "Red", "dwell_time_sec": "61"}, {"arr_dt": "1463480273", "direction": "0", "dep_dt": "1463480324", "route_id": "Red", "dwell_time_sec": "51"}, {"arr_dt": "1463480772", "direction": "0", "dep_dt": "1463480853", "route_id": "Red", "dwell_time_sec": "81"}, {"arr_dt": "1463481245", "direction": "0", "dep_dt": "1463481317", "route_id": "Red", "dwell_time_sec": "72"}, {"arr_dt": "1463481412", "direction": "0", "dep_dt": "1463481488", "route_id": "Red", "dwell_time_sec": "76"}, {"arr_dt": "1463481744", "direction": "0", "dep_dt": "1463481811", "route_id": "Red", "dwell_time_sec": "67"}, {"arr_dt": "1463482094", "direction": "0", "dep_dt": "1463482153", "route_id": "Red", "dwell_time_sec": "59"}, {"arr_dt": "1463482662", "direction": "0", "dep_dt": "1463482734", "route_id": "Red", "dwell_time_sec": "72"}, {"arr_dt": "1463483004", "direction": "0", "dep_dt": "1463483068", "route_id": "Red", "dwell_time_sec": "64"}, {"arr_dt": "1463483191", "direction": "0", "dep_dt": "1463483260", "route_id": "Red", "dwell_time_sec": "69"}, {"arr_dt": "1463483576", "direction": "0", "dep_dt": "1463483651", "route_id": "Red", "dwell_time_sec": "75"}, {"arr_dt": "1463483755", "direction": "0", "dep_dt": "1463483831", "route_id": "Red", "dwell_time_sec": "76"}, {"arr_dt": "1463483941", "direction": "0", "dep_dt": "1463484010", "route_id": "Red", "dwell_time_sec": "69"}, {"arr_dt": "1463484139", "direction": "0", "dep_dt": "1463484203", "route_id": "Red", "dwell_time_sec": "64"}, {"arr_dt": "1463484326", "direction": "0", "dep_dt": "1463484397", "route_id": "Red", "dwell_time_sec": "71"}, {"arr_dt": "1463484495", "direction": "0", "dep_dt": "1463484568", "route_id": "Red", "dwell_time_sec": "73"}, {"arr_dt": "1463484767", "direction": "0", "dep_dt": "1463484871", "route_id": "Red", "dwell_time_sec": "104"}, {"arr_dt": "1463484988", "direction": "0", "dep_dt": "1463485083", "route_id": "Red", "dwell_time_sec": "95"}, {"arr_dt": "1463485250", "direction": "0", "dep_dt": "1463485330", "route_id": "Red", "dwell_time_sec": "80"}, {"arr_dt": "1463485436", "direction": "0", "dep_dt": "1463485523", "route_id": "Red", "dwell_time_sec": "87"}, {"arr_dt": "1463485636", "direction": "0", "dep_dt": "1463485718", "route_id": "Red", "dwell_time_sec": "82"}, {"arr_dt": "1463486040", "direction": "0", "dep_dt": "1463486110", "route_id": "Red", "dwell_time_sec": "70"}, {"arr_dt": "1463486211", "direction": "0", "dep_dt": "1463486296", "route_id": "Red", "dwell_time_sec": "85"}, {"arr_dt": "1463486547", "direction": "0", "dep_dt": "1463486654", "route_id": "Red", "dwell_time_sec": "107"}, {"arr_dt": "1463486850", "direction": "0", "dep_dt": "1463486945", "route_id": "Red", "dwell_time_sec": "95"}, {"arr_dt": "1463487039", "direction": "0", "dep_dt": "1463487119", "route_id": "Red", "dwell_time_sec": "80"}, {"arr_dt": "1463487295", "direction": "0", "dep_dt": "1463487392", "route_id": "Red", "dwell_time_sec": "97"}, {"arr_dt": "1463487600", "direction": "0", "dep_dt": "1463487689", "route_id": "Red", "dwell_time_sec": "89"}, {"arr_dt": "1463487847", "direction": "0", "dep_dt": "1463487952", "route_id": "Red", "dwell_time_sec": "105"}, {"arr_dt": "1463488054", "direction": "0", "dep_dt": "1463488153", "route_id": "Red", "dwell_time_sec": "99"}, {"arr_dt": "1463488430", "direction": "0", "dep_dt": "1463488523", "route_id": "Red", "dwell_time_sec": "93"}, {"arr_dt": "1463488622", "direction": "0", "dep_dt": "1463488718", "route_id": "Red", "dwell_time_sec": "96"}, {"arr_dt": "1463488869", "direction": "0", "dep_dt": "1463488974", "route_id": "Red", "dwell_time_sec": "105"}, {"arr_dt": "1463489343", "direction": "0", "dep_dt": "1463489413", "route_id": "Red", "dwell_time_sec": "70"}, {"arr_dt": "1463489926", "direction": "0", "dep_dt": "1463490043", "route_id": "Red", "dwell_time_sec": "117"}, {"arr_dt": "1463490147", "direction": "0", "dep_dt": "1463490250", "route_id": "Red", "dwell_time_sec": "103"}, {"arr_dt": "1463490366", "direction": "0", "dep_dt": "1463490448", "route_id": "Red", "dwell_time_sec": "82"}, {"arr_dt": "1463490618", "direction": "0", "dep_dt": "1463490695", "route_id": "Red", "dwell_time_sec": "77"}, {"arr_dt": "1463490797", "direction": "0", "dep_dt": "1463490905", "route_id": "Red", "dwell_time_sec": "108"}, {"arr_dt": "1463490972", "direction": "0", "dep_dt": "1463491053", "route_id": "Red", "dwell_time_sec": "81"}, {"arr_dt": "1463491156", "direction": "0", "dep_dt": "1463491227", "route_id": "Red", "dwell_time_sec": "71"}, {"arr_dt": "1463491323", "direction": "0", "dep_dt": "1463491400", "route_id": "Red", "dwell_time_sec": "77"}, {"arr_dt": "1463491644", "direction": "0", "dep_dt": "1463491725", "route_id": "Red", "dwell_time_sec": "81"}, {"arr_dt": "1463491831", "direction": "0", "dep_dt": "1463491903", "route_id": "Red", "dwell_time_sec": "72"}, {"arr_dt": "1463492064", "direction": "0", "dep_dt": "1463492143", "route_id": "Red", "dwell_time_sec": "79"}, {"arr_dt": "1463492369", "direction": "0", "dep_dt": "1463492459", "route_id": "Red", "dwell_time_sec": "90"}, {"arr_dt": "1463492564", "direction": "0", "dep_dt": "1463492640", "route_id": "Red", "dwell_time_sec": "76"}, {"arr_dt": "1463492769", "direction": "0", "dep_dt": "1463492863", "route_id": "Red", "dwell_time_sec": "94"}, {"arr_dt": "1463493000", "direction": "0", "dep_dt": "1463493090", "route_id": "Red", "dwell_time_sec": "90"}, {"arr_dt": "1463493354", "direction": "0", "dep_dt": "1463493437", "route_id": "Red", "dwell_time_sec": "83"}, {"arr_dt": "1463493558", "direction": "0", "dep_dt": "1463493634", "route_id": "Red", "dwell_time_sec": "76"}, {"arr_dt": "1463493763", "direction": "0", "dep_dt": "1463493827", "route_id": "Red", "dwell_time_sec": "64"}, {"arr_dt": "1463493988", "direction": "0", "dep_dt": "1463494072", "route_id": "Red", "dwell_time_sec": "84"}, {"arr_dt": "1463494222", "direction": "0", "dep_dt": "1463494319", "route_id": "Red", "dwell_time_sec": "97"}, {"arr_dt": "1463494586", "direction": "0", "dep_dt": "1463494662", "route_id": "Red", "dwell_time_sec": "76"}, {"arr_dt": "1463494764", "direction": "0", "dep_dt": "1463494852", "route_id": "Red", "dwell_time_sec": "88"}, {"arr_dt": "1463494969", "direction": "0", "dep_dt": "1463495054", "route_id": "Red", "dwell_time_sec": "85"}, {"arr_dt": "1463495169", "direction": "0", "dep_dt": "1463495231", "route_id": "Red", "dwell_time_sec": "62"}, {"arr_dt": "1463495665", "direction": "0", "dep_dt": "1463495726", "route_id": "Red", "dwell_time_sec": "61"}, {"arr_dt": "1463496038", "direction": "0", "dep_dt": "1463496104", "route_id": "Red", "dwell_time_sec": "66"}, {"arr_dt": "1463496408", "direction": "0", "dep_dt": "1463496473", "route_id": "Red", "dwell_time_sec": "65"}, {"arr_dt": "1463496584", "direction": "0", "dep_dt": "1463496679", "route_id": "Red", "dwell_time_sec": "95"}, {"arr_dt": "1463497076", "direction": "0", "dep_dt": "1463497220", "route_id": "Red", "dwell_time_sec": "144"}, {"arr_dt": "1463497313", "direction": "0", "dep_dt": "1463497400", "route_id": "Red", "dwell_time_sec": "87"}, {"arr_dt": "1463497572", "direction": "0", "dep_dt": "1463497651", "route_id": "Red", "dwell_time_sec": "79"}, {"arr_dt": "1463497939", "direction": "0", "dep_dt": "1463498018", "route_id": "Red", "dwell_time_sec": "79"}, {"arr_dt": "1463498419", "direction": "0", "dep_dt": "1463498486", "route_id": "Red", "dwell_time_sec": "67"}, {"arr_dt": "1463498686", "direction": "0", "dep_dt": "1463498769", "route_id": "Red", "dwell_time_sec": "83"}, {"arr_dt": "1463499166", "direction": "0", "dep_dt": "1463499233", "route_id": "Red", "dwell_time_sec": "67"}, {"arr_dt": "1463499773", "direction": "0", "dep_dt": "1463499865", "route_id": "Red", "dwell_time_sec": "92"}, {"arr_dt": "1463500123", "direction": "0", "dep_dt": "1463500199", "route_id": "Red", "dwell_time_sec": "76"}, {"arr_dt": "1463500388", "direction": "0", "dep_dt": "1463500452", "route_id": "Red", "dwell_time_sec": "64"}, {"arr_dt": "1463500887", "direction": "0", "dep_dt": "1463500986", "route_id": "Red", "dwell_time_sec": "99"}, {"arr_dt": "1463501236", "direction": "0", "dep_dt": "1463501327", "route_id": "Red", "dwell_time_sec": "91"}, {"arr_dt": "1463501898", "direction": "0", "dep_dt": "1463501971", "route_id": "Red", "dwell_time_sec": "73"}, {"arr_dt": "1463502140", "direction": "0", "dep_dt": "1463502200", "route_id": "Red", "dwell_time_sec": "60"}, {"arr_dt": "1463502552", "direction": "0", "dep_dt": "1463502609", "route_id": "Red", "dwell_time_sec": "57"}, {"arr_dt": "1463502845", "direction": "0", "dep_dt": "1463502908", "route_id": "Red", "dwell_time_sec": "63"}, {"arr_dt": "1463503458", "direction": "0", "dep_dt": "1463503528", "route_id": "Red", "dwell_time_sec": "70"}, {"arr_dt": "1463503646", "direction": "0", "dep_dt": "1463503713", "route_id": "Red", "dwell_time_sec": "67"}, {"arr_dt": "1463504095", "direction": "0", "dep_dt": "1463504199", "route_id": "Red", "dwell_time_sec": "104"}, {"arr_dt": "1463504482", "direction": "0", "dep_dt": "1463504553", "route_id": "Red", "dwell_time_sec": "71"}, {"arr_dt": "1463505021", "direction": "0", "dep_dt": "1463505107", "route_id": "Red", "dwell_time_sec": "86"}, {"arr_dt": "1463505460", "direction": "0", "dep_dt": "1463505539", "route_id": "Red", "dwell_time_sec": "79"}, {"arr_dt": "1463505855", "direction": "0", "dep_dt": "1463505926", "route_id": "Red", "dwell_time_sec": "71"}, {"arr_dt": "1463506137", "direction": "0", "dep_dt": "1463506219", "route_id": "Red", "dwell_time_sec": "82"}, {"arr_dt": "1463506966", "direction": "0", "dep_dt": "1463507060", "route_id": "Red", "dwell_time_sec": "94"}, {"arr_dt": "1463507168", "direction": "0", "dep_dt": "1463507233", "route_id": "Red", "dwell_time_sec": "65"}, {"arr_dt": "1463507690", "direction": "0", "dep_dt": "1463507785", "route_id": "Red", "dwell_time_sec": "95"}, {"arr_dt": "1463508367", "direction": "0", "dep_dt": "1463508435", "route_id": "Red", "dwell_time_sec": "68"}, {"arr_dt": "1463508828", "direction": "0", "dep_dt": "1463508905", "route_id": "Red", "dwell_time_sec": "77"}, {"arr_dt": "1463509246", "direction": "0", "dep_dt": "1463509321", "route_id": "Red", "dwell_time_sec": "75"}, {"arr_dt": "1463509493", "direction": "0", "dep_dt": "1463509575", "route_id": "Red", "dwell_time_sec": "82"}, {"arr_dt": "1463510046", "direction": "0", "dep_dt": "1463510139", "route_id": "Red", "dwell_time_sec": "93"}, {"arr_dt": "1463510403", "direction": "0", "dep_dt": "1463510484", "route_id": "Red", "dwell_time_sec": "81"}, {"arr_dt": "1463511404", "direction": "0", "dep_dt": "1463511517", "route_id": "Red", "dwell_time_sec": "113"}, {"arr_dt": "1463511673", "direction": "0", "dep_dt": "1463511752", "route_id": "Red", "dwell_time_sec": "79"}, {"arr_dt": "1463511998", "direction": "0", "dep_dt": "1463512071", "route_id": "Red", "dwell_time_sec": "73"}, {"arr_dt": "1463512758", "direction": "0", "dep_dt": "1463512868", "route_id": "Red", "dwell_time_sec": "110"}, {"arr_dt": "1463513054", "direction": "0", "dep_dt": "1463513144", "route_id": "Red", "dwell_time_sec": "90"}, {"arr_dt": "1463513247", "direction": "0", "dep_dt": "1463513342", "route_id": "Red", "dwell_time_sec": "95"}, {"arr_dt": "1463513723", "direction": "0", "dep_dt": "1463513831", "route_id": "Red", "dwell_time_sec": "108"}, {"arr_dt": "1463513902", "direction": "0", "dep_dt": "1463513999", "route_id": "Red", "dwell_time_sec": "97"}, {"arr_dt": "1463514316", "direction": "0", "dep_dt": "1463514435", "route_id": "Red", "dwell_time_sec": "119"}, {"arr_dt": "1463514565", "direction": "0", "dep_dt": "1463514674", "route_id": "Red", "dwell_time_sec": "109"}, {"arr_dt": "1463515003", "direction": "0", "dep_dt": "1463515106", "route_id": "Red", "dwell_time_sec": "103"}, {"arr_dt": "1463515333", "direction": "0", "dep_dt": "1463515422", "route_id": "Red", "dwell_time_sec": "89"}, {"arr_dt": "1463515602", "direction": "0", "dep_dt": "1463515693", "route_id": "Red", "dwell_time_sec": "91"}, {"arr_dt": "1463515897", "direction": "0", "dep_dt": "1463515988", "route_id": "Red", "dwell_time_sec": "91"}, {"arr_dt": "1463516339", "direction": "0", "dep_dt": "1463516438", "route_id": "Red", "dwell_time_sec": "99"}, {"arr_dt": "1463516547", "direction": "0", "dep_dt": "1463516751", "route_id": "Red", "dwell_time_sec": "204"}, {"arr_dt": "1463516797", "direction": "0", "dep_dt": "1463516880", "route_id": "Red", "dwell_time_sec": "83"}, {"arr_dt": "1463517006", "direction": "0", "dep_dt": "1463517076", "route_id": "Red", "dwell_time_sec": "70"}, {"arr_dt": "1463517521", "direction": "0", "dep_dt": "1463517624", "route_id": "Red", "dwell_time_sec": "103"}, {"arr_dt": "1463517724", "direction": "0", "dep_dt": "1463517820", "route_id": "Red", "dwell_time_sec": "96"}, {"arr_dt": "1463518039", "direction": "0", "dep_dt": "1463518133", "route_id": "Red", "dwell_time_sec": "94"}, {"arr_dt": "1463518311", "direction": "0", "dep_dt": "1463518410", "route_id": "Red", "dwell_time_sec": "99"}, {"arr_dt": "1463518513", "direction": "0", "dep_dt": "1463518599", "route_id": "Red", "dwell_time_sec": "86"}, {"arr_dt": "1463518737", "direction": "0", "dep_dt": "1463518829", "route_id": "Red", "dwell_time_sec": "92"}, {"arr_dt": "1463518986", "direction": "0", "dep_dt": "1463519093", "route_id": "Red", "dwell_time_sec": "107"}, {"arr_dt": "1463519235", "direction": "0", "dep_dt": "1463519308", "route_id": "Red", "dwell_time_sec": "73"}, {"arr_dt": "1463519807", "direction": "0", "dep_dt": "1463519928", "route_id": "Red", "dwell_time_sec": "121"}, {"arr_dt": "1463520031", "direction": "0", "dep_dt": "1463520159", "route_id": "Red", "dwell_time_sec": "128"}, {"arr_dt": "1463520355", "direction": "0", "dep_dt": "1463520505", "route_id": "Red", "dwell_time_sec": "150"}, {"arr_dt": "1463520684", "direction": "0", "dep_dt": "1463520784", "route_id": "Red", "dwell_time_sec": "100"}, {"arr_dt": "1463520987", "direction": "0", "dep_dt": "1463521079", "route_id": "Red", "dwell_time_sec": "92"}, {"arr_dt": "1463521230", "direction": "0", "dep_dt": "1463521462", "route_id": "Red", "dwell_time_sec": "232"}, {"arr_dt": "1463521594", "direction": "0", "dep_dt": "1463521729", "route_id": "Red", "dwell_time_sec": "135"}, {"arr_dt": "1463521830", "direction": "0", "dep_dt": "1463521943", "route_id": "Red", "dwell_time_sec": "113"}, {"arr_dt": "1463522045", "direction": "0", "dep_dt": "1463522139", "route_id": "Red", "dwell_time_sec": "94"}, {"arr_dt": "1463522275", "direction": "0", "dep_dt": "1463522374", "route_id": "Red", "dwell_time_sec": "99"}, {"arr_dt": "1463522464", "direction": "0", "dep_dt": "1463522558", "route_id": "Red", "dwell_time_sec": "94"}, {"arr_dt": "1463522649", "direction": "0", "dep_dt": "1463522734", "route_id": "Red", "dwell_time_sec": "85"}, {"arr_dt": "1463522856", "direction": "0", "dep_dt": "1463522964", "route_id": "Red", "dwell_time_sec": "108"}, {"arr_dt": "1463523037", "direction": "0", "dep_dt": "1463523255", "route_id": "Red", "dwell_time_sec": "218"}, {"arr_dt": "1463523244", "direction": "0", "dep_dt": "1463523331", "route_id": "Red", "dwell_time_sec": "87"}, {"arr_dt": "1463523426", "direction": "0", "dep_dt": "1463523510", "route_id": "Red", "dwell_time_sec": "84"}, {"arr_dt": "1463523602", "direction": "0", "dep_dt": "1463523680", "route_id": "Red", "dwell_time_sec": "78"}, {"arr_dt": "1463523853", "direction": "0", "dep_dt": "1463523930", "route_id": "Red", "dwell_time_sec": "77"}, {"arr_dt": "1463524045", "direction": "0", "dep_dt": "1463524125", "route_id": "Red", "dwell_time_sec": "80"}, {"arr_dt": "1463524217", "direction": "0", "dep_dt": "1463524303", "route_id": "Red", "dwell_time_sec": "86"}, {"arr_dt": "1463524427", "direction": "0", "dep_dt": "1463524514", "route_id": "Red", "dwell_time_sec": "87"}, {"arr_dt": "1463524620", "direction": "0", "dep_dt": "1463524697", "route_id": "Red", "dwell_time_sec": "77"}, {"arr_dt": "1463524872", "direction": "0", "dep_dt": "1463524950", "route_id": "Red", "dwell_time_sec": "78"}, {"arr_dt": "1463525065", "direction": "0", "dep_dt": "1463525130", "route_id": "Red", "dwell_time_sec": "65"}, {"arr_dt": "1463525435", "direction": "0", "dep_dt": "1463525528", "route_id": "Red", "dwell_time_sec": "93"}, {"arr_dt": "1463526001", "direction": "0", "dep_dt": "1463526087", "route_id": "Red", "dwell_time_sec": "86"}, {"arr_dt": "1463526333", "direction": "0", "dep_dt": "1463526420", "route_id": "Red", "dwell_time_sec": "87"}, {"arr_dt": "1463526536", "direction": "0", "dep_dt": "1463526619", "route_id": "Red", "dwell_time_sec": "83"}, {"arr_dt": "1463526944", "direction": "0", "dep_dt": "1463527041", "route_id": "Red", "dwell_time_sec": "97"}, {"arr_dt": "1463527366", "direction": "0", "dep_dt": "1463527441", "route_id": "Red", "dwell_time_sec": "75"}, {"arr_dt": "1463527651", "direction": "0", "dep_dt": "1463527726", "route_id": "Red", "dwell_time_sec": "75"}, {"arr_dt": "1463528234", "direction": "0", "dep_dt": "1463528341", "route_id": "Red", "dwell_time_sec": "107"}, {"arr_dt": "1463528561", "direction": "0", "dep_dt": "1463528652", "route_id": "Red", "dwell_time_sec": "91"}, {"arr_dt": "1463528961", "direction": "0", "dep_dt": "1463529041", "route_id": "Red", "dwell_time_sec": "80"}, {"arr_dt": "1463529163", "direction": "0", "dep_dt": "1463529225", "route_id": "Red", "dwell_time_sec": "62"}, {"arr_dt": "1463529365", "direction": "0", "dep_dt": "1463529433", "route_id": "Red", "dwell_time_sec": "68"}, {"arr_dt": "1463529732", "direction": "0", "dep_dt": "1463529817", "route_id": "Red", "dwell_time_sec": "85"}, {"arr_dt": "1463529923", "direction": "0", "dep_dt": "1463530009", "route_id": "Red", "dwell_time_sec": "86"}, {"arr_dt": "1463530108", "direction": "0", "dep_dt": "1463530179", "route_id": "Red", "dwell_time_sec": "71"}, {"arr_dt": "1463530280", "direction": "0", "dep_dt": "1463530359", "route_id": "Red", "dwell_time_sec": "79"}, {"arr_dt": "1463530589", "direction": "0", "dep_dt": "1463530721", "route_id": "Red", "dwell_time_sec": "132"}, {"arr_dt": "1463530924", "direction": "0", "dep_dt": "1463531004", "route_id": "Red", "dwell_time_sec": "80"}, {"arr_dt": "1463531182", "direction": "0", "dep_dt": "1463531253", "route_id": "Red", "dwell_time_sec": "71"}, {"arr_dt": "1463531358", "direction": "0", "dep_dt": "1463531460", "route_id": "Red", "dwell_time_sec": "102"}, {"arr_dt": "1463531769", "direction": "0", "dep_dt": "1463531851", "route_id": "Red", "dwell_time_sec": "82"}, {"arr_dt": "1463531951", "direction": "0", "dep_dt": "1463532034", "route_id": "Red", "dwell_time_sec": "83"}, {"arr_dt": "1463532165", "direction": "0", "dep_dt": "1463532244", "route_id": "Red", "dwell_time_sec": "79"}, {"arr_dt": "1463532349", "direction": "0", "dep_dt": "1463532423", "route_id": "Red", "dwell_time_sec": "74"}, {"arr_dt": "1463532627", "direction": "0", "dep_dt": "1463532714", "route_id": "Red", "dwell_time_sec": "87"}, {"arr_dt": "1463532876", "direction": "0", "dep_dt": "1463532964", "route_id": "Red", "dwell_time_sec": "88"}, {"arr_dt": "1463533587", "direction": "0", "dep_dt": "1463533675", "route_id": "Red", "dwell_time_sec": "88"}, {"arr_dt": "1463533813", "direction": "0", "dep_dt": "1463533880", "route_id": "Red", "dwell_time_sec": "67"}, {"arr_dt": "1463534075", "direction": "0", "dep_dt": "1463534144", "route_id": "Red", "dwell_time_sec": "69"}, {"arr_dt": "1463534475", "direction": "0", "dep_dt": "1463534550", "route_id": "Red", "dwell_time_sec": "75"}, {"arr_dt": "1463534653", "direction": "0", "dep_dt": "1463534732", "route_id": "Red", "dwell_time_sec": "79"}, {"arr_dt": "1463535366", "direction": "0", "dep_dt": "1463535444", "route_id": "Red", "dwell_time_sec": "78"}, {"arr_dt": "1463535662", "direction": "0", "dep_dt": "1463535746", "route_id": "Red", "dwell_time_sec": "84"}, {"arr_dt": "1463535865", "direction": "0", "dep_dt": "1463535929", "route_id": "Red", "dwell_time_sec": "64"}, {"arr_dt": "1463536075", "direction": "0", "dep_dt": "1463536142", "route_id": "Red", "dwell_time_sec": "67"}, {"arr_dt": "1463536609", "direction": "0", "dep_dt": "1463536690", "route_id": "Red", "dwell_time_sec": "81"}, {"arr_dt": "1463537398", "direction": "0", "dep_dt": "1463537508", "route_id": "Red", "dwell_time_sec": "110"}, {"arr_dt": "1463537640", "direction": "0", "dep_dt": "1463537722", "route_id": "Red", "dwell_time_sec": "82"}, {"arr_dt": "1463538421", "direction": "0", "dep_dt": "1463538493", "route_id": "Red", "dwell_time_sec": "72"}, {"arr_dt": "1463538951", "direction": "0", "dep_dt": "1463539017", "route_id": "Red", "dwell_time_sec": "66"}, {"arr_dt": "1463539148", "direction": "0", "dep_dt": "1463539228", "route_id": "Red", "dwell_time_sec": "80"}, {"arr_dt": "1463539438", "direction": "0", "dep_dt": "1463539510", "route_id": "Red", "dwell_time_sec": "72"}, {"arr_dt": "1463539734", "direction": "0", "dep_dt": "1463539804", "route_id": "Red", "dwell_time_sec": "70"}, {"arr_dt": "1463540177", "direction": "0", "dep_dt": "1463540232", "route_id": "Red", "dwell_time_sec": "55"}, {"arr_dt": "1463540628", "direction": "0", "dep_dt": "1463540706", "route_id": "Red", "dwell_time_sec": "78"}, {"arr_dt": "1463540859", "direction": "0", "dep_dt": "1463540923", "route_id": "Red", "dwell_time_sec": "64"}, {"arr_dt": "1463541359", "direction": "0", "dep_dt": "1463541440", "route_id": "Red", "dwell_time_sec": "81"}, {"arr_dt": "1463541560", "direction": "0", "dep_dt": "1463541625", "route_id": "Red", "dwell_time_sec": "65"}, {"arr_dt": "1463541951", "direction": "0", "dep_dt": "1463542014", "route_id": "Red", "dwell_time_sec": "63"}, {"arr_dt": "1463542373", "direction": "0", "dep_dt": "1463542430", "route_id": "Red", "dwell_time_sec": "57"}, {"arr_dt": "1463542633", "direction": "0", "dep_dt": "1463542712", "route_id": "Red", "dwell_time_sec": "79"}, {"arr_dt": "1463543145", "direction": "0", "dep_dt": "1463543208", "route_id": "Red", "dwell_time_sec": "63"}, {"arr_dt": "1463543490", "direction": "0", "dep_dt": "1463543550", "route_id": "Red", "dwell_time_sec": "60"}, {"arr_dt": "1463543917", "direction": "0", "dep_dt": "1463543982", "route_id": "Red", "dwell_time_sec": "65"}]}