{"dwell_times": [{"arr_dt": "1452920513", "direction": "0", "dep_dt": "1452920573", "route_id": "Red", "dwell_time_sec": "60"}, {"arr_dt": "1452921047", "direction": "0", "dep_dt": "1452921146", "route_id": "Red", "dwell_time_sec": "99"}, {"arr_dt": "1452921430", "direction": "0", "dep_dt": "1452921511", "route_id": "Red", "dwell_time_sec": "81"}, {"arr_dt": "1452921797", "direction": "0", "dep_dt": "1452921859", "route_id": "Red", "dwell_time_sec": "62"}, {"arr_dt": "1452922248", "direction": "0", "dep_dt": "1452922310", "route_id": "Red", "dwell_time_sec": "62"}, {"arr_dt": "1452922932", "direction": "0", "dep_dt": "1452923038", "route_id": "Red", "dwell_time_sec": "106"}, {"arr_dt": "1452923261", "direction": "0", "dep_dt": "1452923322", "route_id": "Red", "dwell_time_sec": "61"}, {"arr_dt": "1452923600", "direction": "0", "dep_dt": "1452923644", "route_id": "Red", "dwell_time_sec": "44"}, {"arr_dt": "1452924156", "direction": "0", "dep_dt": "1452924225", "route_id": "Red", "dwell_time_sec": "69"}, {"arr_dt": "1452925236", "direction": "0", "dep_dt": "1452925308", "route_id": "Red", "dwell_time_sec": "72"}, {"arr_dt": "1452925417", "direction": "0", "dep_dt": "1452925487", "route_id": "Red", "dwell_time_sec": "70"}, {"arr_dt": "1452926370", "direction": "0", "dep_dt": "1452926431", "route_id": "Red", "dwell_time_sec": "61"}, {"arr_dt": "1452926774", "direction": "0", "dep_dt": "1452926836", "route_id": "Red", "dwell_time_sec": "62"}, {"arr_dt": "1452927697", "direction": "0", "dep_dt": "1452927773", "route_id": "Red", "dwell_time_sec": "76"}, {"arr_dt": "1452928522", "direction": "0", "dep_dt": "1452929650", "route_id": "Red", "dwell_time_sec": "1128"}, {"arr_dt": "1452942852", "direction": "0", "dep_dt": "1452942936", "route_id": "Red", "dwell_time_sec": "84"}, {"arr_dt": "1452947129", "direction": "0", "dep_dt": "1452947294", "route_id": "Red", "dwell_time_sec": "165"}, {"arr_dt": "1452948730", "direction": "0", "dep_dt": "1452948891", "route_id": "Red", "dwell_time_sec": "161"}, {"arr_dt": "1452949638", "direction": "0", "dep_dt": "1452949791", "route_id": "Red", "dwell_time_sec": "153"}, {"arr_dt": "1452954517", "direction": "0", "dep_dt": "1452954626", "route_id": "Red", "dwell_time_sec": "109"}, {"arr_dt": "1452955990", "direction": "0", "dep_dt": "1452956179", "route_id": "Red", "dwell_time_sec": "189"}, {"arr_dt": "1452958190", "direction": "0", "dep_dt": "1452958261", "route_id": "Red", "dwell_time_sec": "71"}, {"arr_dt": "1452958709", "direction": "0", "dep_dt": "1452958858", "route_id": "Red", "dwell_time_sec": "149"}, {"arr_dt": "1452960506", "direction": "0", "dep_dt": "1452960656", "route_id": "Red", "dwell_time_sec": "150"}, {"arr_dt": "1452962327", "direction": "0", "dep_dt": "1452962528", "route_id": "Red", "dwell_time_sec": "201"}, {"arr_dt": "1452963267", "direction": "0", "dep_dt": "1452963459", "route_id": "Red", "dwell_time_sec": "192"}, {"arr_dt": "1452977595", "direction": "0", "dep_dt": "1452977766", "route_id": "Red", "dwell_time_sec": "171"}, {"arr_dt": "1452979484", "direction": "0", "dep_dt": "1452979624", "route_id": "Red", "dwell_time_sec": "140"}, {"arr_dt": "1452984233", "direction": "0", "dep_dt": "1452984384", "route_id": "Red", "dwell_time_sec": "151"}, {"arr_dt": "1452984789", "direction": "0", "dep_dt": "1452984933", "route_id": "Red", "dwell_time_sec": "144"}, {"arr_dt": "1452985456", "direction": "0", "dep_dt": "1452985630", "route_id": "Red", "dwell_time_sec": "174"}, {"arr_dt": "1452986698", "direction": "0", "dep_dt": "1452986866", "route_id": "Red", "dwell_time_sec": "168"}, {"arr_dt": "1452987440", "direction": "0", "dep_dt": "1452987788", "route_id": "Red", "dwell_time_sec": "348"}, {"arr_dt": "1452988348", "direction": "0", "dep_dt": "1452988478", "route_id": "Red", "dwell_time_sec": "130"}, {"arr_dt": "1452997092", "direction": "0", "dep_dt": "1452997206", "route_id": "Red", "dwell_time_sec": "114"}]}