{"dwell_times": [{"arr_dt": "1472961806", "direction": "0", "dep_dt": "1472961897", "route_id": "Red", "dwell_time_sec": "91"}, {"arr_dt": "1472962056", "direction": "0", "dep_dt": "1472962147", "route_id": "Red", "dwell_time_sec": "91"}, {"arr_dt": "1472962478", "direction": "0", "dep_dt": "1472962551", "route_id": "Red", "dwell_time_sec": "73"}, {"arr_dt": "1472962903", "direction": "0", "dep_dt": "1472962973", "route_id": "Red", "dwell_time_sec": "70"}, {"arr_dt": "1472963378", "direction": "0", "dep_dt": "1472963443", "route_id": "Red", "dwell_time_sec": "65"}, {"arr_dt": "1472963881", "direction": "0", "dep_dt": "1472963944", "route_id": "Red", "dwell_time_sec": "63"}, {"arr_dt": "1472964251", "direction": "0", "dep_dt": "1472964412", "route_id": "Red", "dwell_time_sec": "161"}, {"arr_dt": "1472965085", "direction": "0", "dep_dt": "1472967511", "route_id": "Red", "dwell_time_sec": "2426"}, {"arr_dt": "1472984380", "direction": "0", "dep_dt": "1472984456", "route_id": "Red", "dwell_time_sec": "76"}, {"arr_dt": "1472984780", "direction": "0", "dep_dt": "1472984848", "route_id": "Red", "dwell_time_sec": "68"}, {"arr_dt": "1472985328", "direction": "0", "dep_dt": "1472985393", "route_id": "Red", "dwell_time_sec": "65"}, {"arr_dt": "1472985815", "direction": "0", "dep_dt": "1472985898", "route_id": "Red", "dwell_time_sec": "83"}, {"arr_dt": "1472986443", "direction": "0", "dep_dt": "1472986504", "route_id": "Red", "dwell_time_sec": "61"}, {"arr_dt": "1472986711", "direction": "0", "dep_dt": "1472986771", "route_id": "Red", "dwell_time_sec": "60"}, {"arr_dt": "1472987207", "direction": "0", "dep_dt": "1472987270", "route_id": "Red", "dwell_time_sec": "63"}, {"arr_dt": "1472987692", "direction": "0", "dep_dt": "1472987765", "route_id": "Red", "dwell_time_sec": "73"}, {"arr_dt": "1472987979", "direction": "0", "dep_dt": "1472988034", "route_id": "Red", "dwell_time_sec": "55"}, {"arr_dt": "1472988384", "direction": "0", "dep_dt": "1472988446", "route_id": "Red", "dwell_time_sec": "62"}, {"arr_dt": "1472988986", "direction": "0", "dep_dt": "1472989044", "route_id": "Red", "dwell_time_sec": "58"}, {"arr_dt": "1472989527", "direction": "0", "dep_dt": "1472989597", "route_id": "Red", "dwell_time_sec": "70"}, {"arr_dt": "1472990393", "direction": "0", "dep_dt": "1472990465", "route_id": "Red", "dwell_time_sec": "72"}, {"arr_dt": "1472990815", "direction": "0", "dep_dt": "1472990885", "route_id": "Red", "dwell_time_sec": "70"}, {"arr_dt": "1472991259", "direction": "0", "dep_dt": "1472991319", "route_id": "Red", "dwell_time_sec": "60"}, {"arr_dt": "1472991565", "direction": "0", "dep_dt": "1472991623", "route_id": "Red", "dwell_time_sec": "58"}, {"arr_dt": "1472992120", "direction": "0", "dep_dt": "1472992267", "route_id": "Red", "dwell_time_sec": "147"}, {"arr_dt": "1472992563", "direction": "0", "dep_dt": "1472992690", "route_id": "Red", "dwell_time_sec": "127"}, {"arr_dt": "1472992992", "direction": "0", "dep_dt": "1472993061", "route_id": "Red", "dwell_time_sec": "69"}, {"arr_dt": "1472993408", "direction": "0", "dep_dt": "1472993465", "route_id": "Red", "dwell_time_sec": "57"}, {"arr_dt": "1472993958", "direction": "0", "dep_dt": "1472994156", "route_id": "Red", "dwell_time_sec": "198"}, {"arr_dt": "1472994423", "direction": "0", "dep_dt": "1472994477", "route_id": "Red", "dwell_time_sec": "54"}, {"arr_dt": "1472995027", "direction": "0", "dep_dt": "1472995086", "route_id": "Red", "dwell_time_sec": "59"}, {"arr_dt": "1472995643", "direction": "0", "dep_dt": "1472995710", "route_id": "Red", "dwell_time_sec": "67"}, {"arr_dt": "1472996127", "direction": "0", "dep_dt": "1472996265", "route_id": "Red", "dwell_time_sec": "138"}, {"arr_dt": "1472996499", "direction": "0", "dep_dt": "1472996585", "route_id": "Red", "dwell_time_sec": "86"}, {"arr_dt": "1472996808", "direction": "0", "dep_dt": "1472996892", "route_id": "Red", "dwell_time_sec": "84"}, {"arr_dt": "1472997000", "direction": "0", "dep_dt": "1472997073", "route_id": "Red", "dwell_time_sec": "73"}, {"arr_dt": "1472997675", "direction": "0", "dep_dt": "1472997752", "route_id": "Red", "dwell_time_sec": "77"}, {"arr_dt": "1472997941", "direction": "0", "dep_dt": "1472998020", "route_id": "Red", "dwell_time_sec": "79"}, {"arr_dt": "1472998523", "direction": "0", "dep_dt": "1472998598", "route_id": "Red", "dwell_time_sec": "75"}, {"arr_dt": "1472999094", "direction": "0", "dep_dt": "1472999163", "route_id": "Red", "dwell_time_sec": "69"}, {"arr_dt": "1472999505", "direction": "0", "dep_dt": "1472999574", "route_id": "Red", "dwell_time_sec": "69"}, {"arr_dt": "1472999877", "direction": "0", "dep_dt": "1472999950", "route_id": "Red", "dwell_time_sec": "73"}, {"arr_dt": "1473000624", "direction": "0", "dep_dt": "1473000717", "route_id": "Red", "dwell_time_sec": "93"}, {"arr_dt": "1473001031", "direction": "0", "dep_dt": "1473001104", "route_id": "Red", "dwell_time_sec": "73"}, {"arr_dt": "1473001459", "direction": "0", "dep_dt": "1473001532", "route_id": "Red", "dwell_time_sec": "73"}, {"arr_dt": "1473001795", "direction": "0", "dep_dt": "1473002081", "route_id": "Red", "dwell_time_sec": "286"}, {"arr_dt": "1473002284", "direction": "0", "dep_dt": "1473002364", "route_id": "Red", "dwell_time_sec": "80"}, {"arr_dt": "1473002601", "direction": "0", "dep_dt": "1473002674", "route_id": "Red", "dwell_time_sec": "73"}, {"arr_dt": "1473003357", "direction": "0", "dep_dt": "1473003440", "route_id": "Red", "dwell_time_sec": "83"}, {"arr_dt": "1473004524", "direction": "0", "dep_dt": "1473004618", "route_id": "Red", "dwell_time_sec": "94"}, {"arr_dt": "1473004784", "direction": "0", "dep_dt": "1473004861", "route_id": "Red", "dwell_time_sec": "77"}, {"arr_dt": "1473005112", "direction": "0", "dep_dt": "1473005180", "route_id": "Red", "dwell_time_sec": "68"}, {"arr_dt": "1473005329", "direction": "0", "dep_dt": "1473005389", "route_id": "Red", "dwell_time_sec": "60"}, {"arr_dt": "1473005970", "direction": "0", "dep_dt": "1473006062", "route_id": "Red", "dwell_time_sec": "92"}, {"arr_dt": "1473006361", "direction": "0", "dep_dt": "1473006431", "route_id": "Red", "dwell_time_sec": "70"}, {"arr_dt": "1473006608", "direction": "0", "dep_dt": "1473006689", "route_id": "Red", "dwell_time_sec": "81"}, {"arr_dt": "1473007048", "direction": "0", "dep_dt": "1473007108", "route_id": "Red", "dwell_time_sec": "60"}, {"arr_dt": "1473007592", "direction": "0", "dep_dt": "1473007670", "route_id": "Red", "dwell_time_sec": "78"}, {"arr_dt": "1473007967", "direction": "0", "dep_dt": "1473008054", "route_id": "Red", "dwell_time_sec": "87"}, {"arr_dt": "1473008629", "direction": "0", "dep_dt": "1473008698", "route_id": "Red", "dwell_time_sec": "69"}, {"arr_dt": "1473009011", "direction": "0", "dep_dt": "1473009096", "route_id": "Red", "dwell_time_sec": "85"}, {"arr_dt": "1473009562", "direction": "0", "dep_dt": "1473009636", "route_id": "Red", "dwell_time_sec": "74"}, {"arr_dt": "1473009912", "direction": "0", "dep_dt": "1473009991", "route_id": "Red", "dwell_time_sec": "79"}, {"arr_dt": "1473010335", "direction": "0", "dep_dt": "1473010401", "route_id": "Red", "dwell_time_sec": "66"}, {"arr_dt": "1473010676", "direction": "0", "dep_dt": "1473010762", "route_id": "Red", "dwell_time_sec": "86"}, {"arr_dt": "1473011529", "direction": "0", "dep_dt": "1473011651", "route_id": "Red", "dwell_time_sec": "122"}, {"arr_dt": "1473011853", "direction": "0", "dep_dt": "1473011978", "route_id": "Red", "dwell_time_sec": "125"}, {"arr_dt": "1473012138", "direction": "0", "dep_dt": "1473012210", "route_id": "Red", "dwell_time_sec": "72"}, {"arr_dt": "1473012463", "direction": "0", "dep_dt": "1473012527", "route_id": "Red", "dwell_time_sec": "64"}, {"arr_dt": "1473012994", "direction": "0", "dep_dt": "1473013086", "route_id": "Red", "dwell_time_sec": "92"}, {"arr_dt": "1473013799", "direction": "0", "dep_dt": "1473013911", "route_id": "Red", "dwell_time_sec": "112"}, {"arr_dt": "1473014268", "direction": "0", "dep_dt": "1473014376", "route_id": "Red", "dwell_time_sec": "108"}, {"arr_dt": "1473014497", "direction": "0", "dep_dt": "1473014562", "route_id": "Red", "dwell_time_sec": "65"}, {"arr_dt": "1473015048", "direction": "0", "dep_dt": "1473015138", "route_id": "Red", "dwell_time_sec": "90"}, {"arr_dt": "1473015325", "direction": "0", "dep_dt": "1473015409", "route_id": "Red", "dwell_time_sec": "84"}, {"arr_dt": "1473015640", "direction": "0", "dep_dt": "1473015712", "route_id": "Red", "dwell_time_sec": "72"}, {"arr_dt": "1473016157", "direction": "0", "dep_dt": "1473016236", "route_id": "Red", "dwell_time_sec": "79"}, {"arr_dt": "1473016748", "direction": "0", "dep_dt": "1473016834", "route_id": "Red", "dwell_time_sec": "86"}, {"arr_dt": "1473017511", "direction": "0", "dep_dt": "1473017611", "route_id": "Red", "dwell_time_sec": "100"}, {"arr_dt": "1473018016", "direction": "0", "dep_dt": "1473018077", "route_id": "Red", "dwell_time_sec": "61"}, {"arr_dt": "1473018464", "direction": "0", "dep_dt": "1473018551", "route_id": "Red", "dwell_time_sec": "87"}, {"arr_dt": "1473018688", "direction": "0", "dep_dt": "1473018760", "route_id": "Red", "dwell_time_sec": "72"}, {"arr_dt": "1473019268", "direction": "0", "dep_dt": "1473019467", "route_id": "Red", "dwell_time_sec": "199"}, {"arr_dt": "1473019654", "direction": "0", "dep_dt": "1473019731", "route_id": "Red", "dwell_time_sec": "77"}, {"arr_dt": "1473019925", "direction": "0", "dep_dt": "1473020000", "route_id": "Red", "dwell_time_sec": "75"}, {"arr_dt": "1473020380", "direction": "0", "dep_dt": "1473020453", "route_id": "Red", "dwell_time_sec": "73"}, {"arr_dt": "1473020813", "direction": "0", "dep_dt": "1473020905", "route_id": "Red", "dwell_time_sec": "92"}, {"arr_dt": "1473021497", "direction": "0", "dep_dt": "1473021581", "route_id": "Red", "dwell_time_sec": "84"}, {"arr_dt": "1473021699", "direction": "0", "dep_dt": "1473021772", "route_id": "Red", "dwell_time_sec": "73"}, {"arr_dt": "1473022480", "direction": "0", "dep_dt": "1473022571", "route_id": "Red", "dwell_time_sec": "91"}, {"arr_dt": "1473023044", "direction": "0", "dep_dt": "1473023129", "route_id": "Red", "dwell_time_sec": "85"}, {"arr_dt": "1473023552", "direction": "0", "dep_dt": "1473023631", "route_id": "Red", "dwell_time_sec": "79"}, {"arr_dt": "1473023962", "direction": "0", "dep_dt": "1473024034", "route_id": "Red", "dwell_time_sec": "72"}, {"arr_dt": "1473024347", "direction": "0", "dep_dt": "1473024416", "route_id": "Red", "dwell_time_sec": "69"}, {"arr_dt": "1473024758", "direction": "0", "dep_dt": "1473024833", "route_id": "Red", "dwell_time_sec": "75"}, {"arr_dt": "1473025127", "direction": "0", "dep_dt": "1473025194", "route_id": "Red", "dwell_time_sec": "67"}, {"arr_dt": "1473025554", "direction": "0", "dep_dt": "1473025622", "route_id": "Red", "dwell_time_sec": "68"}, {"arr_dt": "1473026087", "direction": "0", "dep_dt": "1473026162", "route_id": "Red", "dwell_time_sec": "75"}, {"arr_dt": "1473026605", "direction": "0", "dep_dt": "1473026676", "route_id": "Red", "dwell_time_sec": "71"}, {"arr_dt": "1473027102", "direction": "0", "dep_dt": "1473027167", "route_id": "Red", "dwell_time_sec": "65"}, {"arr_dt": "1473027808", "direction": "0", "dep_dt": "1473027892", "route_id": "Red", "dwell_time_sec": "84"}, {"arr_dt": "1473028325", "direction": "0", "dep_dt": "1473028405", "route_id": "Red", "dwell_time_sec": "80"}, {"arr_dt": "1473028753", "direction": "0", "dep_dt": "1473028828", "route_id": "Red", "dwell_time_sec": "75"}, {"arr_dt": "1473028951", "direction": "0", "dep_dt": "1473029012", "route_id": "Red", "dwell_time_sec": "61"}, {"arr_dt": "1473029524", "direction": "0", "dep_dt": "1473029675", "route_id": "Red", "dwell_time_sec": "151"}, {"arr_dt": "1473030112", "direction": "0", "dep_dt": "1473030206", "route_id": "Red", "dwell_time_sec": "94"}, {"arr_dt": "1473030488", "direction": "0", "dep_dt": "1473030552", "route_id": "Red", "dwell_time_sec": "64"}, {"arr_dt": "1473030754", "direction": "0", "dep_dt": "1473030836", "route_id": "Red", "dwell_time_sec": "82"}, {"arr_dt": "1473031094", "direction": "0", "dep_dt": "1473031322", "route_id": "Red", "dwell_time_sec": "228"}, {"arr_dt": "1473031482", "direction": "0", "dep_dt": "1473031590", "route_id": "Red", "dwell_time_sec": "108"}, {"arr_dt": "1473031900", "direction": "0", "dep_dt": "1473032022", "route_id": "Red", "dwell_time_sec": "122"}, {"arr_dt": "1473032288", "direction": "0", "dep_dt": "1473032360", "route_id": "Red", "dwell_time_sec": "72"}, {"arr_dt": "1473032980", "direction": "0", "dep_dt": "1473033066", "route_id": "Red", "dwell_time_sec": "86"}, {"arr_dt": "1473033378", "direction": "0", "dep_dt": "1473033441", "route_id": "Red", "dwell_time_sec": "63"}, {"arr_dt": "1473033658", "direction": "0", "dep_dt": "1473033723", "route_id": "Red", "dwell_time_sec": "65"}, {"arr_dt": "1473033992", "direction": "0", "dep_dt": "1473034049", "route_id": "Red", "dwell_time_sec": "57"}, {"arr_dt": "1473034714", "direction": "0", "dep_dt": "1473034797", "route_id": "Red", "dwell_time_sec": "83"}, {"arr_dt": "1473035463", "direction": "0", "dep_dt": "1473035545", "route_id": "Red", "dwell_time_sec": "82"}, {"arr_dt": "1473035776", "direction": "0", "dep_dt": "1473035856", "route_id": "Red", "dwell_time_sec": "80"}, {"arr_dt": "1473036038", "direction": "0", "dep_dt": "1473036108", "route_id": "Red", "dwell_time_sec": "70"}, {"arr_dt": "1473036400", "direction": "0", "dep_dt": "1473036553", "route_id": "Red", "dwell_time_sec": "153"}, {"arr_dt": "1473036952", "direction": "0", "dep_dt": "1473037031", "route_id": "Red", "dwell_time_sec": "79"}, {"arr_dt": "1473037374", "direction": "0", "dep_dt": "1473037449", "route_id": "Red", "dwell_time_sec": "75"}, {"arr_dt": "1473037832", "direction": "0", "dep_dt": "1473037902", "route_id": "Red", "dwell_time_sec": "70"}, {"arr_dt": "1473038166", "direction": "0", "dep_dt": "1473038233", "route_id": "Red", "dwell_time_sec": "67"}, {"arr_dt": "1473038624", "direction": "0", "dep_dt": "1473038683", "route_id": "Red", "dwell_time_sec": "59"}, {"arr_dt": "1473039202", "direction": "0", "dep_dt": "1473039281", "route_id": "Red", "dwell_time_sec": "79"}, {"arr_dt": "1473039521", "direction": "0", "dep_dt": "1473039594", "route_id": "Red", "dwell_time_sec": "73"}, {"arr_dt": "1473039985", "direction": "0", "dep_dt": "1473040057", "route_id": "Red", "dwell_time_sec": "72"}, {"arr_dt": "1473040280", "direction": "0", "dep_dt": "1473040355", "route_id": "Red", "dwell_time_sec": "75"}, {"arr_dt": "1473040942", "direction": "0", "dep_dt": "1473041018", "route_id": "Red", "dwell_time_sec": "76"}, {"arr_dt": "1473041312", "direction": "0", "dep_dt": "1473041377", "route_id": "Red", "dwell_time_sec": "65"}, {"arr_dt": "1473041663", "direction": "0", "dep_dt": "1473041742", "route_id": "Red", "dwell_time_sec": "79"}, {"arr_dt": "1473042129", "direction": "0", "dep_dt": "1473042216", "route_id": "Red", "dwell_time_sec": "87"}, {"arr_dt": "1473042767", "direction": "0", "dep_dt": "1473042975", "route_id": "Red", "dwell_time_sec": "208"}, {"arr_dt": "1473043107", "direction": "0", "dep_dt": "1473043190", "route_id": "Red", "dwell_time_sec": "83"}, {"arr_dt": "1473043683", "direction": "0", "dep_dt": "1473043746", "route_id": "Red", "dwell_time_sec": "63"}, {"arr_dt": "1473043981", "direction": "0", "dep_dt": "1473044048", "route_id": "Red", "dwell_time_sec": "67"}, {"arr_dt": "1473044488", "direction": "0", "dep_dt": "1473044546", "route_id": "Red", "dwell_time_sec": "58"}, {"arr_dt": "1473044883", "direction": "0", "dep_dt": "1473044953", "route_id": "Red", "dwell_time_sec": "70"}, {"arr_dt": "1473045495", "direction": "0", "dep_dt": "1473045567", "route_id": "Red", "dwell_time_sec": "72"}, {"arr_dt": "1473046128", "direction": "0", "dep_dt": "1473046203", "route_id": "Red", "dwell_time_sec": "75"}, {"arr_dt": "1473046863", "direction": "0", "dep_dt": "1473046944", "route_id": "Red", "dwell_time_sec": "81"}, {"arr_dt": "1473047161", "direction": "0", "dep_dt": "1473047226", "route_id": "Red", "dwell_time_sec": "65"}, {"arr_dt": "1473047551", "direction": "0", "dep_dt": "1473047618", "route_id": "Red", "dwell_time_sec": "67"}]}