{"dwell_times": [{"arr_dt": "1452427780", "direction": "0", "dep_dt": "1452427963", "route_id": "Red", "dwell_time_sec": "183"}, {"arr_dt": "1452428873", "direction": "0", "dep_dt": "1452429007", "route_id": "Red", "dwell_time_sec": "134"}, {"arr_dt": "1452430407", "direction": "0", "dep_dt": "1452430547", "route_id": "Red", "dwell_time_sec": "140"}, {"arr_dt": "1452433177", "direction": "0", "dep_dt": "1452433388", "route_id": "Red", "dwell_time_sec": "211"}, {"arr_dt": "1452434109", "direction": "0", "dep_dt": "1452434299", "route_id": "Red", "dwell_time_sec": "190"}, {"arr_dt": "1452443491", "direction": "0", "dep_dt": "1452443652", "route_id": "Red", "dwell_time_sec": "161"}, {"arr_dt": "1452450285", "direction": "0", "dep_dt": "1452450471", "route_id": "Red", "dwell_time_sec": "186"}, {"arr_dt": "1452453790", "direction": "0", "dep_dt": "1452453987", "route_id": "Red", "dwell_time_sec": "197"}]}