{"dwell_times": [{"arr_dt": "1460692754", "direction": "0", "dep_dt": "1460692807", "route_id": "Red", "dwell_time_sec": "53"}, {"arr_dt": "1460693163", "direction": "0", "dep_dt": "1460693221", "route_id": "Red", "dwell_time_sec": "58"}, {"arr_dt": "1460693331", "direction": "0", "dep_dt": "1460693393", "route_id": "Red", "dwell_time_sec": "62"}, {"arr_dt": "1460693735", "direction": "0", "dep_dt": "1460693799", "route_id": "Red", "dwell_time_sec": "64"}, {"arr_dt": "1460694079", "direction": "0", "dep_dt": "1460694149", "route_id": "Red", "dwell_time_sec": "70"}, {"arr_dt": "1460694625", "direction": "0", "dep_dt": "1460694685", "route_id": "Red", "dwell_time_sec": "60"}, {"arr_dt": "1460694885", "direction": "0", "dep_dt": "1460694943", "route_id": "Red", "dwell_time_sec": "58"}, {"arr_dt": "1460697075", "direction": "0", "dep_dt": "1460697538", "route_id": "Red", "dwell_time_sec": "463"}, {"arr_dt": "1460712829", "direction": "0", "dep_dt": "1460712882", "route_id": "Red", "dwell_time_sec": "53"}, {"arr_dt": "1460713310", "direction": "0", "dep_dt": "1460713370", "route_id": "Red", "dwell_time_sec": "60"}, {"arr_dt": "1460713761", "direction": "0", "dep_dt": "1460713849", "route_id": "Red", "dwell_time_sec": "88"}, {"arr_dt": "1460714279", "direction": "0", "dep_dt": "1460714350", "route_id": "Red", "dwell_time_sec": "71"}, {"arr_dt": "1460714791", "direction": "0", "dep_dt": "1460714877", "route_id": "Red", "dwell_time_sec": "86"}, {"arr_dt": "1460715258", "direction": "0", "dep_dt": "1460715315", "route_id": "Red", "dwell_time_sec": "57"}, {"arr_dt": "1460715456", "direction": "0", "dep_dt": "1460715508", "route_id": "Red", "dwell_time_sec": "52"}, {"arr_dt": "1460715862", "direction": "0", "dep_dt": "1460715919", "route_id": "Red", "dwell_time_sec": "57"}, {"arr_dt": "1460716411", "direction": "0", "dep_dt": "1460716469", "route_id": "Red", "dwell_time_sec": "58"}, {"arr_dt": "1460716575", "direction": "0", "dep_dt": "1460716663", "route_id": "Red", "dwell_time_sec": "88"}, {"arr_dt": "1460717006", "direction": "0", "dep_dt": "1460717076", "route_id": "Red", "dwell_time_sec": "70"}, {"arr_dt": "1460717184", "direction": "0", "dep_dt": "1460717258", "route_id": "Red", "dwell_time_sec": "74"}, {"arr_dt": "1460717609", "direction": "0", "dep_dt": "1460717680", "route_id": "Red", "dwell_time_sec": "71"}, {"arr_dt": "1460718050", "direction": "0", "dep_dt": "1460718125", "route_id": "Red", "dwell_time_sec": "75"}, {"arr_dt": "1460718302", "direction": "0", "dep_dt": "1460718383", "route_id": "Red", "dwell_time_sec": "81"}, {"arr_dt": "1460718574", "direction": "0", "dep_dt": "1460718631", "route_id": "Red", "dwell_time_sec": "57"}, {"arr_dt": "1460718836", "direction": "0", "dep_dt": "1460718919", "route_id": "Red", "dwell_time_sec": "83"}, {"arr_dt": "1460719273", "direction": "0", "dep_dt": "1460719367", "route_id": "Red", "dwell_time_sec": "94"}, {"arr_dt": "1460719653", "direction": "0", "dep_dt": "1460719722", "route_id": "Red", "dwell_time_sec": "69"}, {"arr_dt": "1460719819", "direction": "0", "dep_dt": "1460719894", "route_id": "Red", "dwell_time_sec": "75"}, {"arr_dt": "1460720277", "direction": "0", "dep_dt": "1460720360", "route_id": "Red", "dwell_time_sec": "83"}, {"arr_dt": "1460720482", "direction": "0", "dep_dt": "1460720573", "route_id": "Red", "dwell_time_sec": "91"}, {"arr_dt": "1460720679", "direction": "0", "dep_dt": "1460720782", "route_id": "Red", "dwell_time_sec": "103"}, {"arr_dt": "1460720857", "direction": "0", "dep_dt": "1460720931", "route_id": "Red", "dwell_time_sec": "74"}, {"arr_dt": "1460721038", "direction": "0", "dep_dt": "1460721105", "route_id": "Red", "dwell_time_sec": "67"}, {"arr_dt": "1460721224", "direction": "0", "dep_dt": "1460721305", "route_id": "Red", "dwell_time_sec": "81"}, {"arr_dt": "1460721418", "direction": "0", "dep_dt": "1460721499", "route_id": "Red", "dwell_time_sec": "81"}, {"arr_dt": "1460721581", "direction": "0", "dep_dt": "1460721668", "route_id": "Red", "dwell_time_sec": "87"}, {"arr_dt": "1460721884", "direction": "0", "dep_dt": "1460721977", "route_id": "Red", "dwell_time_sec": "93"}, {"arr_dt": "1460722083", "direction": "0", "dep_dt": "1460722170", "route_id": "Red", "dwell_time_sec": "87"}, {"arr_dt": "1460722310", "direction": "0", "dep_dt": "1460722402", "route_id": "Red", "dwell_time_sec": "92"}, {"arr_dt": "1460722510", "direction": "0", "dep_dt": "1460722587", "route_id": "Red", "dwell_time_sec": "77"}, {"arr_dt": "1460722796", "direction": "0", "dep_dt": "1460722877", "route_id": "Red", "dwell_time_sec": "81"}, {"arr_dt": "1460723006", "direction": "0", "dep_dt": "1460723094", "route_id": "Red", "dwell_time_sec": "88"}, {"arr_dt": "1460723322", "direction": "0", "dep_dt": "1460723402", "route_id": "Red", "dwell_time_sec": "80"}, {"arr_dt": "1460723522", "direction": "0", "dep_dt": "1460723624", "route_id": "Red", "dwell_time_sec": "102"}, {"arr_dt": "1460723722", "direction": "0", "dep_dt": "1460723806", "route_id": "Red", "dwell_time_sec": "84"}, {"arr_dt": "1460724173", "direction": "0", "dep_dt": "1460724287", "route_id": "Red", "dwell_time_sec": "114"}, {"arr_dt": "1460724382", "direction": "0", "dep_dt": "1460724479", "route_id": "Red", "dwell_time_sec": "97"}, {"arr_dt": "1460724715", "direction": "0", "dep_dt": "1460724812", "route_id": "Red", "dwell_time_sec": "97"}, {"arr_dt": "1460724956", "direction": "0", "dep_dt": "1460725041", "route_id": "Red", "dwell_time_sec": "85"}, {"arr_dt": "1460725522", "direction": "0", "dep_dt": "1460725644", "route_id": "Red", "dwell_time_sec": "122"}, {"arr_dt": "1460725731", "direction": "0", "dep_dt": "1460725830", "route_id": "Red", "dwell_time_sec": "99"}, {"arr_dt": "1460725992", "direction": "0", "dep_dt": "1460726079", "route_id": "Red", "dwell_time_sec": "87"}, {"arr_dt": "1460726204", "direction": "0", "dep_dt": "1460726275", "route_id": "Red", "dwell_time_sec": "71"}, {"arr_dt": "1460726375", "direction": "0", "dep_dt": "1460726471", "route_id": "Red", "dwell_time_sec": "96"}, {"arr_dt": "1460726658", "direction": "0", "dep_dt": "1460726761", "route_id": "Red", "dwell_time_sec": "103"}, {"arr_dt": "1460726852", "direction": "0", "dep_dt": "1460726925", "route_id": "Red", "dwell_time_sec": "73"}, {"arr_dt": "1460727033", "direction": "0", "dep_dt": "1460727125", "route_id": "Red", "dwell_time_sec": "92"}, {"arr_dt": "1460727313", "direction": "0", "dep_dt": "1460727390", "route_id": "Red", "dwell_time_sec": "77"}, {"arr_dt": "1460727552", "direction": "0", "dep_dt": "1460727627", "route_id": "Red", "dwell_time_sec": "75"}, {"arr_dt": "1460727728", "direction": "0", "dep_dt": "1460727794", "route_id": "Red", "dwell_time_sec": "66"}, {"arr_dt": "1460728009", "direction": "0", "dep_dt": "1460728074", "route_id": "Red", "dwell_time_sec": "65"}, {"arr_dt": "1460728254", "direction": "0", "dep_dt": "1460728335", "route_id": "Red", "dwell_time_sec": "81"}, {"arr_dt": "1460728510", "direction": "0", "dep_dt": "1460728591", "route_id": "Red", "dwell_time_sec": "81"}, {"arr_dt": "1460728926", "direction": "0", "dep_dt": "1460729003", "route_id": "Red", "dwell_time_sec": "77"}, {"arr_dt": "1460729114", "direction": "0", "dep_dt": "1460729257", "route_id": "Red", "dwell_time_sec": "143"}, {"arr_dt": "1460729676", "direction": "0", "dep_dt": "1460729796", "route_id": "Red", "dwell_time_sec": "120"}, {"arr_dt": "1460729910", "direction": "0", "dep_dt": "1460729990", "route_id": "Red", "dwell_time_sec": "80"}, {"arr_dt": "1460730104", "direction": "0", "dep_dt": "1460730171", "route_id": "Red", "dwell_time_sec": "67"}, {"arr_dt": "1460730267", "direction": "0", "dep_dt": "1460730355", "route_id": "Red", "dwell_time_sec": "88"}, {"arr_dt": "1460730461", "direction": "0", "dep_dt": "1460730517", "route_id": "Red", "dwell_time_sec": "56"}, {"arr_dt": "1460730616", "direction": "0", "dep_dt": "1460730679", "route_id": "Red", "dwell_time_sec": "63"}, {"arr_dt": "1460730836", "direction": "0", "dep_dt": "1460730902", "route_id": "Red", "dwell_time_sec": "66"}, {"arr_dt": "1460731108", "direction": "0", "dep_dt": "1460731165", "route_id": "Red", "dwell_time_sec": "57"}, {"arr_dt": "1460731486", "direction": "0", "dep_dt": "1460731553", "route_id": "Red", "dwell_time_sec": "67"}, {"arr_dt": "1460731972", "direction": "0", "dep_dt": "1460732069", "route_id": "Red", "dwell_time_sec": "97"}, {"arr_dt": "1460732274", "direction": "0", "dep_dt": "1460732339", "route_id": "Red", "dwell_time_sec": "65"}, {"arr_dt": "1460732437", "direction": "0", "dep_dt": "1460732533", "route_id": "Red", "dwell_time_sec": "96"}, {"arr_dt": "1460732705", "direction": "0", "dep_dt": "1460732788", "route_id": "Red", "dwell_time_sec": "83"}, {"arr_dt": "1460733090", "direction": "0", "dep_dt": "1460733158", "route_id": "Red", "dwell_time_sec": "68"}, {"arr_dt": "1460733809", "direction": "0", "dep_dt": "1460733890", "route_id": "Red", "dwell_time_sec": "81"}, {"arr_dt": "1460734125", "direction": "0", "dep_dt": "1460734197", "route_id": "Red", "dwell_time_sec": "72"}, {"arr_dt": "1460734464", "direction": "0", "dep_dt": "1460734528", "route_id": "Red", "dwell_time_sec": "64"}, {"arr_dt": "1460734978", "direction": "0", "dep_dt": "1460735058", "route_id": "Red", "dwell_time_sec": "80"}, {"arr_dt": "1460735473", "direction": "0", "dep_dt": "1460735554", "route_id": "Red", "dwell_time_sec": "81"}, {"arr_dt": "1460735676", "direction": "0", "dep_dt": "1460735739", "route_id": "Red", "dwell_time_sec": "63"}, {"arr_dt": "1460736389", "direction": "0", "dep_dt": "1460736476", "route_id": "Red", "dwell_time_sec": "87"}, {"arr_dt": "1460736720", "direction": "0", "dep_dt": "1460736787", "route_id": "Red", "dwell_time_sec": "67"}, {"arr_dt": "1460736950", "direction": "0", "dep_dt": "1460737030", "route_id": "Red", "dwell_time_sec": "80"}, {"arr_dt": "1460737234", "direction": "0", "dep_dt": "1460737328", "route_id": "Red", "dwell_time_sec": "94"}, {"arr_dt": "1460737649", "direction": "0", "dep_dt": "1460737714", "route_id": "Red", "dwell_time_sec": "65"}, {"arr_dt": "1460738212", "direction": "0", "dep_dt": "1460738311", "route_id": "Red", "dwell_time_sec": "99"}, {"arr_dt": "1460738767", "direction": "0", "dep_dt": "1460738835", "route_id": "Red", "dwell_time_sec": "68"}, {"arr_dt": "1460739281", "direction": "0", "dep_dt": "1460739363", "route_id": "Red", "dwell_time_sec": "82"}, {"arr_dt": "1460739486", "direction": "0", "dep_dt": "1460739583", "route_id": "Red", "dwell_time_sec": "97"}, {"arr_dt": "1460739688", "direction": "0", "dep_dt": "1460739796", "route_id": "Red", "dwell_time_sec": "108"}, {"arr_dt": "1460740083", "direction": "0", "dep_dt": "1460740178", "route_id": "Red", "dwell_time_sec": "95"}, {"arr_dt": "1460740696", "direction": "0", "dep_dt": "1460740787", "route_id": "Red", "dwell_time_sec": "91"}, {"arr_dt": "1460740961", "direction": "0", "dep_dt": "1460741043", "route_id": "Red", "dwell_time_sec": "82"}, {"arr_dt": "1460741621", "direction": "0", "dep_dt": "1460741788", "route_id": "Red", "dwell_time_sec": "167"}, {"arr_dt": "1460741869", "direction": "0", "dep_dt": "1460741945", "route_id": "Red", "dwell_time_sec": "76"}, {"arr_dt": "1460742480", "direction": "0", "dep_dt": "1460742547", "route_id": "Red", "dwell_time_sec": "67"}, {"arr_dt": "1460742713", "direction": "0", "dep_dt": "1460742805", "route_id": "Red", "dwell_time_sec": "92"}, {"arr_dt": "1460743264", "direction": "0", "dep_dt": "1460743353", "route_id": "Red", "dwell_time_sec": "89"}, {"arr_dt": "1460743544", "direction": "0", "dep_dt": "1460743620", "route_id": "Red", "dwell_time_sec": "76"}, {"arr_dt": "1460743998", "direction": "0", "dep_dt": "1460744086", "route_id": "Red", "dwell_time_sec": "88"}, {"arr_dt": "1460744552", "direction": "0", "dep_dt": "1460744643", "route_id": "Red", "dwell_time_sec": "91"}, {"arr_dt": "1460744837", "direction": "0", "dep_dt": "1460744919", "route_id": "Red", "dwell_time_sec": "82"}, {"arr_dt": "1460745128", "direction": "0", "dep_dt": "1460745205", "route_id": "Red", "dwell_time_sec": "77"}, {"arr_dt": "1460745732", "direction": "0", "dep_dt": "1460745827", "route_id": "Red", "dwell_time_sec": "95"}, {"arr_dt": "1460745967", "direction": "0", "dep_dt": "1460746049", "route_id": "Red", "dwell_time_sec": "82"}, {"arr_dt": "1460746530", "direction": "0", "dep_dt": "1460746639", "route_id": "Red", "dwell_time_sec": "109"}, {"arr_dt": "1460746994", "direction": "0", "dep_dt": "1460747127", "route_id": "Red", "dwell_time_sec": "133"}, {"arr_dt": "1460747320", "direction": "0", "dep_dt": "1460747423", "route_id": "Red", "dwell_time_sec": "103"}, {"arr_dt": "1460747695", "direction": "0", "dep_dt": "1460747772", "route_id": "Red", "dwell_time_sec": "77"}, {"arr_dt": "1460748095", "direction": "0", "dep_dt": "1460748194", "route_id": "Red", "dwell_time_sec": "99"}, {"arr_dt": "1460748737", "direction": "0", "dep_dt": "1460748864", "route_id": "Red", "dwell_time_sec": "127"}, {"arr_dt": "1460749009", "direction": "0", "dep_dt": "1460749126", "route_id": "Red", "dwell_time_sec": "117"}, {"arr_dt": "1460749242", "direction": "0", "dep_dt": "1460749314", "route_id": "Red", "dwell_time_sec": "72"}, {"arr_dt": "1460749756", "direction": "0", "dep_dt": "1460749889", "route_id": "Red", "dwell_time_sec": "133"}, {"arr_dt": "1460750338", "direction": "0", "dep_dt": "1460750438", "route_id": "Red", "dwell_time_sec": "100"}, {"arr_dt": "1460750519", "direction": "0", "dep_dt": "1460750595", "route_id": "Red", "dwell_time_sec": "76"}, {"arr_dt": "1460750802", "direction": "0", "dep_dt": "1460750907", "route_id": "Red", "dwell_time_sec": "105"}, {"arr_dt": "1460751273", "direction": "0", "dep_dt": "1460751419", "route_id": "Red", "dwell_time_sec": "146"}, {"arr_dt": "1460751570", "direction": "0", "dep_dt": "1460751657", "route_id": "Red", "dwell_time_sec": "87"}, {"arr_dt": "1460752286", "direction": "0", "dep_dt": "1460752440", "route_id": "Red", "dwell_time_sec": "154"}, {"arr_dt": "1460752521", "direction": "0", "dep_dt": "1460752642", "route_id": "Red", "dwell_time_sec": "121"}, {"arr_dt": "1460753161", "direction": "0", "dep_dt": "1460753273", "route_id": "Red", "dwell_time_sec": "112"}, {"arr_dt": "1460753363", "direction": "0", "dep_dt": "1460753485", "route_id": "Red", "dwell_time_sec": "122"}, {"arr_dt": "1460753578", "direction": "0", "dep_dt": "1460753693", "route_id": "Red", "dwell_time_sec": "115"}, {"arr_dt": "1460753833", "direction": "0", "dep_dt": "1460753966", "route_id": "Red", "dwell_time_sec": "133"}, {"arr_dt": "1460754095", "direction": "0", "dep_dt": "1460754197", "route_id": "Red", "dwell_time_sec": "102"}, {"arr_dt": "1460754320", "direction": "0", "dep_dt": "1460754625", "route_id": "Red", "dwell_time_sec": "305"}, {"arr_dt": "1460754895", "direction": "0", "dep_dt": "1460754990", "route_id": "Red", "dwell_time_sec": "95"}, {"arr_dt": "1460755179", "direction": "0", "dep_dt": "1460755284", "route_id": "Red", "dwell_time_sec": "105"}, {"arr_dt": "1460755451", "direction": "0", "dep_dt": "1460755538", "route_id": "Red", "dwell_time_sec": "87"}, {"arr_dt": "1460755640", "direction": "0", "dep_dt": "1460755732", "route_id": "Red", "dwell_time_sec": "92"}, {"arr_dt": "1460755832", "direction": "0", "dep_dt": "1460755991", "route_id": "Red", "dwell_time_sec": "159"}, {"arr_dt": "1460756061", "direction": "0", "dep_dt": "1460756198", "route_id": "Red", "dwell_time_sec": "137"}, {"arr_dt": "1460756273", "direction": "0", "dep_dt": "1460756386", "route_id": "Red", "dwell_time_sec": "113"}, {"arr_dt": "1460756479", "direction": "0", "dep_dt": "1460756584", "route_id": "Red", "dwell_time_sec": "105"}, {"arr_dt": "1460756688", "direction": "0", "dep_dt": "1460756823", "route_id": "Red", "dwell_time_sec": "135"}, {"arr_dt": "1460756901", "direction": "0", "dep_dt": "1460757025", "route_id": "Red", "dwell_time_sec": "124"}, {"arr_dt": "1460757120", "direction": "0", "dep_dt": "1460757228", "route_id": "Red", "dwell_time_sec": "108"}, {"arr_dt": "1460757333", "direction": "0", "dep_dt": "1460757453", "route_id": "Red", "dwell_time_sec": "120"}, {"arr_dt": "1460757521", "direction": "0", "dep_dt": "1460757614", "route_id": "Red", "dwell_time_sec": "93"}, {"arr_dt": "1460757757", "direction": "0", "dep_dt": "1460757851", "route_id": "Red", "dwell_time_sec": "94"}, {"arr_dt": "1460757937", "direction": "0", "dep_dt": "1460758043", "route_id": "Red", "dwell_time_sec": "106"}, {"arr_dt": "1460758122", "direction": "0", "dep_dt": "1460758215", "route_id": "Red", "dwell_time_sec": "93"}, {"arr_dt": "1460758309", "direction": "0", "dep_dt": "1460758396", "route_id": "Red", "dwell_time_sec": "87"}, {"arr_dt": "1460758505", "direction": "0", "dep_dt": "1460758579", "route_id": "Red", "dwell_time_sec": "74"}, {"arr_dt": "1460758675", "direction": "0", "dep_dt": "1460758762", "route_id": "Red", "dwell_time_sec": "87"}, {"arr_dt": "1460758857", "direction": "0", "dep_dt": "1460758956", "route_id": "Red", "dwell_time_sec": "99"}, {"arr_dt": "1460759587", "direction": "0", "dep_dt": "1460759718", "route_id": "Red", "dwell_time_sec": "131"}, {"arr_dt": "1460759815", "direction": "0", "dep_dt": "1460759913", "route_id": "Red", "dwell_time_sec": "98"}, {"arr_dt": "1460760525", "direction": "0", "dep_dt": "1460760643", "route_id": "Red", "dwell_time_sec": "118"}, {"arr_dt": "1460760729", "direction": "0", "dep_dt": "1460760827", "route_id": "Red", "dwell_time_sec": "98"}, {"arr_dt": "1460760953", "direction": "0", "dep_dt": "1460761044", "route_id": "Red", "dwell_time_sec": "91"}, {"arr_dt": "1460761133", "direction": "0", "dep_dt": "1460761215", "route_id": "Red", "dwell_time_sec": "82"}, {"arr_dt": "1460761312", "direction": "0", "dep_dt": "1460761404", "route_id": "Red", "dwell_time_sec": "92"}, {"arr_dt": "1460761554", "direction": "0", "dep_dt": "1460761641", "route_id": "Red", "dwell_time_sec": "87"}, {"arr_dt": "1460762286", "direction": "0", "dep_dt": "1460762419", "route_id": "Red", "dwell_time_sec": "133"}, {"arr_dt": "1460762518", "direction": "0", "dep_dt": "1460762612", "route_id": "Red", "dwell_time_sec": "94"}, {"arr_dt": "1460762748", "direction": "0", "dep_dt": "1460762841", "route_id": "Red", "dwell_time_sec": "93"}, {"arr_dt": "1460762932", "direction": "0", "dep_dt": "1460763028", "route_id": "Red", "dwell_time_sec": "96"}, {"arr_dt": "1460763159", "direction": "0", "dep_dt": "1460763229", "route_id": "Red", "dwell_time_sec": "70"}, {"arr_dt": "1460763366", "direction": "0", "dep_dt": "1460763443", "route_id": "Red", "dwell_time_sec": "77"}, {"arr_dt": "1460763638", "direction": "0", "dep_dt": "1460763709", "route_id": "Red", "dwell_time_sec": "71"}, {"arr_dt": "1460763828", "direction": "0", "dep_dt": "1460763917", "route_id": "Red", "dwell_time_sec": "89"}, {"arr_dt": "1460764059", "direction": "0", "dep_dt": "1460764127", "route_id": "Red", "dwell_time_sec": "68"}, {"arr_dt": "1460764236", "direction": "0", "dep_dt": "1460764301", "route_id": "Red", "dwell_time_sec": "65"}, {"arr_dt": "1460764510", "direction": "0", "dep_dt": "1460764588", "route_id": "Red", "dwell_time_sec": "78"}, {"arr_dt": "1460764688", "direction": "0", "dep_dt": "1460764755", "route_id": "Red", "dwell_time_sec": "67"}, {"arr_dt": "1460764949", "direction": "0", "dep_dt": "1460765026", "route_id": "Red", "dwell_time_sec": "77"}, {"arr_dt": "1460765146", "direction": "0", "dep_dt": "1460765229", "route_id": "Red", "dwell_time_sec": "83"}, {"arr_dt": "1460765526", "direction": "0", "dep_dt": "1460765605", "route_id": "Red", "dwell_time_sec": "79"}, {"arr_dt": "1460765819", "direction": "0", "dep_dt": "1460765894", "route_id": "Red", "dwell_time_sec": "75"}, {"arr_dt": "1460766137", "direction": "0", "dep_dt": "1460766213", "route_id": "Red", "dwell_time_sec": "76"}, {"arr_dt": "1460766586", "direction": "0", "dep_dt": "1460766677", "route_id": "Red", "dwell_time_sec": "91"}, {"arr_dt": "1460766839", "direction": "0", "dep_dt": "1460766929", "route_id": "Red", "dwell_time_sec": "90"}, {"arr_dt": "1460767041", "direction": "0", "dep_dt": "1460767111", "route_id": "Red", "dwell_time_sec": "70"}, {"arr_dt": "1460767269", "direction": "0", "dep_dt": "1460767469", "route_id": "Red", "dwell_time_sec": "200"}, {"arr_dt": "1460767787", "direction": "0", "dep_dt": "1460767879", "route_id": "Red", "dwell_time_sec": "92"}, {"arr_dt": "1460768089", "direction": "0", "dep_dt": "1460768198", "route_id": "Red", "dwell_time_sec": "109"}, {"arr_dt": "1460768714", "direction": "0", "dep_dt": "1460768789", "route_id": "Red", "dwell_time_sec": "75"}, {"arr_dt": "1460768916", "direction": "0", "dep_dt": "1460768994", "route_id": "Red", "dwell_time_sec": "78"}, {"arr_dt": "1460769219", "direction": "0", "dep_dt": "1460769285", "route_id": "Red", "dwell_time_sec": "66"}, {"arr_dt": "1460769567", "direction": "0", "dep_dt": "1460769641", "route_id": "Red", "dwell_time_sec": "74"}, {"arr_dt": "1460770141", "direction": "0", "dep_dt": "1460770214", "route_id": "Red", "dwell_time_sec": "73"}, {"arr_dt": "1460770507", "direction": "0", "dep_dt": "1460770597", "route_id": "Red", "dwell_time_sec": "90"}, {"arr_dt": "1460770686", "direction": "0", "dep_dt": "1460770765", "route_id": "Red", "dwell_time_sec": "79"}, {"arr_dt": "1460771017", "direction": "0", "dep_dt": "1460771111", "route_id": "Red", "dwell_time_sec": "94"}, {"arr_dt": "1460771213", "direction": "0", "dep_dt": "1460771296", "route_id": "Red", "dwell_time_sec": "83"}, {"arr_dt": "1460771453", "direction": "0", "dep_dt": "1460771556", "route_id": "Red", "dwell_time_sec": "103"}, {"arr_dt": "1460771961", "direction": "0", "dep_dt": "1460772071", "route_id": "Red", "dwell_time_sec": "110"}, {"arr_dt": "1460772225", "direction": "0", "dep_dt": "1460772323", "route_id": "Red", "dwell_time_sec": "98"}, {"arr_dt": "1460772753", "direction": "0", "dep_dt": "1460772860", "route_id": "Red", "dwell_time_sec": "107"}, {"arr_dt": "1460773070", "direction": "0", "dep_dt": "1460773162", "route_id": "Red", "dwell_time_sec": "92"}, {"arr_dt": "1460773262", "direction": "0", "dep_dt": "1460773336", "route_id": "Red", "dwell_time_sec": "74"}, {"arr_dt": "1460773696", "direction": "0", "dep_dt": "1460773793", "route_id": "Red", "dwell_time_sec": "97"}, {"arr_dt": "1460774181", "direction": "0", "dep_dt": "1460774303", "route_id": "Red", "dwell_time_sec": "122"}, {"arr_dt": "1460774428", "direction": "0", "dep_dt": "1460774539", "route_id": "Red", "dwell_time_sec": "111"}, {"arr_dt": "1460774903", "direction": "0", "dep_dt": "1460774997", "route_id": "Red", "dwell_time_sec": "94"}, {"arr_dt": "1460775113", "direction": "0", "dep_dt": "1460775178", "route_id": "Red", "dwell_time_sec": "65"}, {"arr_dt": "1460775423", "direction": "0", "dep_dt": "1460775485", "route_id": "Red", "dwell_time_sec": "62"}, {"arr_dt": "1460775819", "direction": "0", "dep_dt": "1460775916", "route_id": "Red", "dwell_time_sec": "97"}, {"arr_dt": "1460776352", "direction": "0", "dep_dt": "1460776466", "route_id": "Red", "dwell_time_sec": "114"}, {"arr_dt": "1460776564", "direction": "0", "dep_dt": "1460776655", "route_id": "Red", "dwell_time_sec": "91"}, {"arr_dt": "1460776846", "direction": "0", "dep_dt": "1460776925", "route_id": "Red", "dwell_time_sec": "79"}, {"arr_dt": "1460777330", "direction": "0", "dep_dt": "1460777411", "route_id": "Red", "dwell_time_sec": "81"}, {"arr_dt": "1460777664", "direction": "0", "dep_dt": "1460777758", "route_id": "Red", "dwell_time_sec": "94"}, {"arr_dt": "1460777973", "direction": "0", "dep_dt": "1460778046", "route_id": "Red", "dwell_time_sec": "73"}, {"arr_dt": "1460778611", "direction": "0", "dep_dt": "1460778685", "route_id": "Red", "dwell_time_sec": "74"}]}