{"dwell_times": [{"arr_dt": "1462334625", "direction": "0", "dep_dt": "1462334695", "route_id": "Red", "dwell_time_sec": "70"}, {"arr_dt": "1462334833", "direction": "0", "dep_dt": "1462334900", "route_id": "Red", "dwell_time_sec": "67"}, {"arr_dt": "1462335351", "direction": "0", "dep_dt": "1462335428", "route_id": "Red", "dwell_time_sec": "77"}, {"arr_dt": "1462335650", "direction": "0", "dep_dt": "1462335702", "route_id": "Red", "dwell_time_sec": "52"}, {"arr_dt": "1462335800", "direction": "0", "dep_dt": "1462335848", "route_id": "Red", "dwell_time_sec": "48"}, {"arr_dt": "1462336144", "direction": "0", "dep_dt": "1462336213", "route_id": "Red", "dwell_time_sec": "69"}, {"arr_dt": "1462336672", "direction": "0", "dep_dt": "1462336724", "route_id": "Red", "dwell_time_sec": "52"}, {"arr_dt": "1462337286", "direction": "0", "dep_dt": "1462338898", "route_id": "Red", "dwell_time_sec": "1612"}, {"arr_dt": "1462356782", "direction": "0", "dep_dt": "1462356856", "route_id": "Red", "dwell_time_sec": "74"}, {"arr_dt": "1462357148", "direction": "0", "dep_dt": "1462357225", "route_id": "Red", "dwell_time_sec": "77"}, {"arr_dt": "1462357585", "direction": "0", "dep_dt": "1462357646", "route_id": "Red", "dwell_time_sec": "61"}, {"arr_dt": "1462358079", "direction": "0", "dep_dt": "1462358151", "route_id": "Red", "dwell_time_sec": "72"}, {"arr_dt": "1462358585", "direction": "0", "dep_dt": "1462358679", "route_id": "Red", "dwell_time_sec": "94"}, {"arr_dt": "1462358954", "direction": "0", "dep_dt": "1462359040", "route_id": "Red", "dwell_time_sec": "86"}, {"arr_dt": "1462359206", "direction": "0", "dep_dt": "1462359257", "route_id": "Red", "dwell_time_sec": "51"}, {"arr_dt": "1462359731", "direction": "0", "dep_dt": "1462359801", "route_id": "Red", "dwell_time_sec": "70"}, {"arr_dt": "1462359956", "direction": "0", "dep_dt": "1462360034", "route_id": "Red", "dwell_time_sec": "78"}, {"arr_dt": "1462360121", "direction": "0", "dep_dt": "1462360195", "route_id": "Red", "dwell_time_sec": "74"}, {"arr_dt": "1462360361", "direction": "0", "dep_dt": "1462360476", "route_id": "Red", "dwell_time_sec": "115"}, {"arr_dt": "1462360557", "direction": "0", "dep_dt": "1462360636", "route_id": "Red", "dwell_time_sec": "79"}, {"arr_dt": "1462360997", "direction": "0", "dep_dt": "1462361118", "route_id": "Red", "dwell_time_sec": "121"}, {"arr_dt": "1462361200", "direction": "0", "dep_dt": "1462361277", "route_id": "Red", "dwell_time_sec": "77"}, {"arr_dt": "1462361501", "direction": "0", "dep_dt": "1462361590", "route_id": "Red", "dwell_time_sec": "89"}, {"arr_dt": "1462361691", "direction": "0", "dep_dt": "1462361794", "route_id": "Red", "dwell_time_sec": "103"}, {"arr_dt": "1462361878", "direction": "0", "dep_dt": "1462361986", "route_id": "Red", "dwell_time_sec": "108"}, {"arr_dt": "1462362069", "direction": "0", "dep_dt": "1462362148", "route_id": "Red", "dwell_time_sec": "79"}, {"arr_dt": "1462362262", "direction": "0", "dep_dt": "1462362347", "route_id": "Red", "dwell_time_sec": "85"}, {"arr_dt": "1462362449", "direction": "0", "dep_dt": "1462362529", "route_id": "Red", "dwell_time_sec": "80"}, {"arr_dt": "1462362638", "direction": "0", "dep_dt": "1462362725", "route_id": "Red", "dwell_time_sec": "87"}, {"arr_dt": "1462362800", "direction": "0", "dep_dt": "1462362879", "route_id": "Red", "dwell_time_sec": "79"}, {"arr_dt": "1462362974", "direction": "0", "dep_dt": "1462363063", "route_id": "Red", "dwell_time_sec": "89"}, {"arr_dt": "1462363149", "direction": "0", "dep_dt": "1462363226", "route_id": "Red", "dwell_time_sec": "77"}, {"arr_dt": "1462363615", "direction": "0", "dep_dt": "1462363728", "route_id": "Red", "dwell_time_sec": "113"}, {"arr_dt": "1462363813", "direction": "0", "dep_dt": "1462363921", "route_id": "Red", "dwell_time_sec": "108"}, {"arr_dt": "1462364156", "direction": "0", "dep_dt": "1462364243", "route_id": "Red", "dwell_time_sec": "87"}, {"arr_dt": "1462364359", "direction": "0", "dep_dt": "1462364449", "route_id": "Red", "dwell_time_sec": "90"}, {"arr_dt": "1462364534", "direction": "0", "dep_dt": "1462364617", "route_id": "Red", "dwell_time_sec": "83"}, {"arr_dt": "1462365047", "direction": "0", "dep_dt": "1462365293", "route_id": "Red", "dwell_time_sec": "246"}, {"arr_dt": "1462365396", "direction": "0", "dep_dt": "1462365497", "route_id": "Red", "dwell_time_sec": "101"}, {"arr_dt": "1462365645", "direction": "0", "dep_dt": "1462365746", "route_id": "Red", "dwell_time_sec": "101"}, {"arr_dt": "1462365877", "direction": "0", "dep_dt": "1462365980", "route_id": "Red", "dwell_time_sec": "103"}, {"arr_dt": "1462366064", "direction": "0", "dep_dt": "1462366157", "route_id": "Red", "dwell_time_sec": "93"}, {"arr_dt": "1462366253", "direction": "0", "dep_dt": "1462366345", "route_id": "Red", "dwell_time_sec": "92"}, {"arr_dt": "1462366434", "direction": "0", "dep_dt": "1462366521", "route_id": "Red", "dwell_time_sec": "87"}, {"arr_dt": "1462366822", "direction": "0", "dep_dt": "1462366930", "route_id": "Red", "dwell_time_sec": "108"}, {"arr_dt": "1462367063", "direction": "0", "dep_dt": "1462367212", "route_id": "Red", "dwell_time_sec": "149"}, {"arr_dt": "1462367282", "direction": "0", "dep_dt": "1462367406", "route_id": "Red", "dwell_time_sec": "124"}, {"arr_dt": "1462367483", "direction": "0", "dep_dt": "1462367566", "route_id": "Red", "dwell_time_sec": "83"}, {"arr_dt": "1462367681", "direction": "0", "dep_dt": "1462367796", "route_id": "Red", "dwell_time_sec": "115"}, {"arr_dt": "1462367875", "direction": "0", "dep_dt": "1462367971", "route_id": "Red", "dwell_time_sec": "96"}, {"arr_dt": "1462368203", "direction": "0", "dep_dt": "1462368301", "route_id": "Red", "dwell_time_sec": "98"}, {"arr_dt": "1462368397", "direction": "0", "dep_dt": "1462368487", "route_id": "Red", "dwell_time_sec": "90"}, {"arr_dt": "1462368614", "direction": "0", "dep_dt": "1462368694", "route_id": "Red", "dwell_time_sec": "80"}, {"arr_dt": "1462368789", "direction": "0", "dep_dt": "1462368865", "route_id": "Red", "dwell_time_sec": "76"}, {"arr_dt": "1462368965", "direction": "0", "dep_dt": "1462369038", "route_id": "Red", "dwell_time_sec": "73"}, {"arr_dt": "1462369161", "direction": "0", "dep_dt": "1462369246", "route_id": "Red", "dwell_time_sec": "85"}, {"arr_dt": "1462369358", "direction": "0", "dep_dt": "1462369417", "route_id": "Red", "dwell_time_sec": "59"}, {"arr_dt": "1462369599", "direction": "0", "dep_dt": "1462369663", "route_id": "Red", "dwell_time_sec": "64"}, {"arr_dt": "1462369818", "direction": "0", "dep_dt": "1462369890", "route_id": "Red", "dwell_time_sec": "72"}, {"arr_dt": "1462370025", "direction": "0", "dep_dt": "1462370103", "route_id": "Red", "dwell_time_sec": "78"}, {"arr_dt": "1462370354", "direction": "0", "dep_dt": "1462370420", "route_id": "Red", "dwell_time_sec": "66"}, {"arr_dt": "1462370542", "direction": "0", "dep_dt": "1462370615", "route_id": "Red", "dwell_time_sec": "73"}, {"arr_dt": "1462370964", "direction": "0", "dep_dt": "1462371054", "route_id": "Red", "dwell_time_sec": "90"}, {"arr_dt": "1462371354", "direction": "0", "dep_dt": "1462371429", "route_id": "Red", "dwell_time_sec": "75"}, {"arr_dt": "1462371651", "direction": "0", "dep_dt": "1462371713", "route_id": "Red", "dwell_time_sec": "62"}, {"arr_dt": "1462371820", "direction": "0", "dep_dt": "1462371906", "route_id": "Red", "dwell_time_sec": "86"}, {"arr_dt": "1462372001", "direction": "0", "dep_dt": "1462372092", "route_id": "Red", "dwell_time_sec": "91"}, {"arr_dt": "1462372181", "direction": "0", "dep_dt": "1462372230", "route_id": "Red", "dwell_time_sec": "49"}, {"arr_dt": "1462372377", "direction": "0", "dep_dt": "1462372431", "route_id": "Red", "dwell_time_sec": "54"}, {"arr_dt": "1462372542", "direction": "0", "dep_dt": "1462372611", "route_id": "Red", "dwell_time_sec": "69"}, {"arr_dt": "1462372896", "direction": "0", "dep_dt": "1462372960", "route_id": "Red", "dwell_time_sec": "64"}, {"arr_dt": "1462373125", "direction": "0", "dep_dt": "1462373218", "route_id": "Red", "dwell_time_sec": "93"}, {"arr_dt": "1462373412", "direction": "0", "dep_dt": "1462373489", "route_id": "Red", "dwell_time_sec": "77"}, {"arr_dt": "1462373861", "direction": "0", "dep_dt": "1462373935", "route_id": "Red", "dwell_time_sec": "74"}, {"arr_dt": "1462374039", "direction": "0", "dep_dt": "1462374127", "route_id": "Red", "dwell_time_sec": "88"}, {"arr_dt": "1462374286", "direction": "0", "dep_dt": "1462374347", "route_id": "Red", "dwell_time_sec": "61"}, {"arr_dt": "1462374767", "direction": "0", "dep_dt": "1462374858", "route_id": "Red", "dwell_time_sec": "91"}, {"arr_dt": "1462375126", "direction": "0", "dep_dt": "1462375208", "route_id": "Red", "dwell_time_sec": "82"}, {"arr_dt": "1462375746", "direction": "0", "dep_dt": "1462375822", "route_id": "Red", "dwell_time_sec": "76"}, {"arr_dt": "1462376296", "direction": "0", "dep_dt": "1462376362", "route_id": "Red", "dwell_time_sec": "66"}, {"arr_dt": "1462376762", "direction": "0", "dep_dt": "1462376820", "route_id": "Red", "dwell_time_sec": "58"}, {"arr_dt": "1462377043", "direction": "0", "dep_dt": "1462377126", "route_id": "Red", "dwell_time_sec": "83"}, {"arr_dt": "1462377586", "direction": "0", "dep_dt": "1462377664", "route_id": "Red", "dwell_time_sec": "78"}, {"arr_dt": "1462377924", "direction": "0", "dep_dt": "1462378012", "route_id": "Red", "dwell_time_sec": "88"}, {"arr_dt": "1462378518", "direction": "0", "dep_dt": "1462378612", "route_id": "Red", "dwell_time_sec": "94"}, {"arr_dt": "1462378734", "direction": "0", "dep_dt": "1462378816", "route_id": "Red", "dwell_time_sec": "82"}, {"arr_dt": "1462378925", "direction": "0", "dep_dt": "1462379016", "route_id": "Red", "dwell_time_sec": "91"}, {"arr_dt": "1462379363", "direction": "0", "dep_dt": "1462379422", "route_id": "Red", "dwell_time_sec": "59"}, {"arr_dt": "1462379720", "direction": "0", "dep_dt": "1462379792", "route_id": "Red", "dwell_time_sec": "72"}, {"arr_dt": "1462380112", "direction": "0", "dep_dt": "1462380197", "route_id": "Red", "dwell_time_sec": "85"}, {"arr_dt": "1462380501", "direction": "0", "dep_dt": "1462380566", "route_id": "Red", "dwell_time_sec": "65"}, {"arr_dt": "1462380889", "direction": "0", "dep_dt": "1462380980", "route_id": "Red", "dwell_time_sec": "91"}, {"arr_dt": "1462381325", "direction": "0", "dep_dt": "1462381424", "route_id": "Red", "dwell_time_sec": "99"}, {"arr_dt": "1462381709", "direction": "0", "dep_dt": "1462381773", "route_id": "Red", "dwell_time_sec": "64"}, {"arr_dt": "1462382112", "direction": "0", "dep_dt": "1462382202", "route_id": "Red", "dwell_time_sec": "90"}, {"arr_dt": "1462382622", "direction": "0", "dep_dt": "1462382724", "route_id": "Red", "dwell_time_sec": "102"}, {"arr_dt": "1462383100", "direction": "0", "dep_dt": "1462383193", "route_id": "Red", "dwell_time_sec": "93"}, {"arr_dt": "1462383362", "direction": "0", "dep_dt": "1462383442", "route_id": "Red", "dwell_time_sec": "80"}, {"arr_dt": "1462383760", "direction": "0", "dep_dt": "1462383843", "route_id": "Red", "dwell_time_sec": "83"}, {"arr_dt": "1462384226", "direction": "0", "dep_dt": "1462384317", "route_id": "Red", "dwell_time_sec": "91"}, {"arr_dt": "1462384723", "direction": "0", "dep_dt": "1462384810", "route_id": "Red", "dwell_time_sec": "87"}, {"arr_dt": "1462385014", "direction": "0", "dep_dt": "1462385092", "route_id": "Red", "dwell_time_sec": "78"}, {"arr_dt": "1462385561", "direction": "0", "dep_dt": "1462385645", "route_id": "Red", "dwell_time_sec": "84"}, {"arr_dt": "1462385977", "direction": "0", "dep_dt": "1462386078", "route_id": "Red", "dwell_time_sec": "101"}, {"arr_dt": "1462386310", "direction": "0", "dep_dt": "1462386376", "route_id": "Red", "dwell_time_sec": "66"}, {"arr_dt": "1462386814", "direction": "0", "dep_dt": "1462386904", "route_id": "Red", "dwell_time_sec": "90"}, {"arr_dt": "1462387225", "direction": "0", "dep_dt": "1462387333", "route_id": "Red", "dwell_time_sec": "108"}, {"arr_dt": "1462387726", "direction": "0", "dep_dt": "1462387793", "route_id": "Red", "dwell_time_sec": "67"}, {"arr_dt": "1462387966", "direction": "0", "dep_dt": "1462388046", "route_id": "Red", "dwell_time_sec": "80"}, {"arr_dt": "1462388466", "direction": "0", "dep_dt": "1462388553", "route_id": "Red", "dwell_time_sec": "87"}, {"arr_dt": "1462388935", "direction": "0", "dep_dt": "1462389027", "route_id": "Red", "dwell_time_sec": "92"}, {"arr_dt": "1462389362", "direction": "0", "dep_dt": "1462389443", "route_id": "Red", "dwell_time_sec": "81"}, {"arr_dt": "1462389838", "direction": "0", "dep_dt": "1462389933", "route_id": "Red", "dwell_time_sec": "95"}, {"arr_dt": "1462390331", "direction": "0", "dep_dt": "1462390425", "route_id": "Red", "dwell_time_sec": "94"}, {"arr_dt": "1462390655", "direction": "0", "dep_dt": "1462390744", "route_id": "Red", "dwell_time_sec": "89"}, {"arr_dt": "1462390901", "direction": "0", "dep_dt": "1462390998", "route_id": "Red", "dwell_time_sec": "97"}, {"arr_dt": "1462391136", "direction": "0", "dep_dt": "1462391210", "route_id": "Red", "dwell_time_sec": "74"}, {"arr_dt": "1462391450", "direction": "0", "dep_dt": "1462391517", "route_id": "Red", "dwell_time_sec": "67"}, {"arr_dt": "1462391709", "direction": "0", "dep_dt": "1462391798", "route_id": "Red", "dwell_time_sec": "89"}, {"arr_dt": "1462392150", "direction": "0", "dep_dt": "1462392301", "route_id": "Red", "dwell_time_sec": "151"}, {"arr_dt": "1462392415", "direction": "0", "dep_dt": "1462392558", "route_id": "Red", "dwell_time_sec": "143"}, {"arr_dt": "1462392775", "direction": "0", "dep_dt": "1462392870", "route_id": "Red", "dwell_time_sec": "95"}, {"arr_dt": "1462393175", "direction": "0", "dep_dt": "1462393288", "route_id": "Red", "dwell_time_sec": "113"}, {"arr_dt": "1462393834", "direction": "0", "dep_dt": "1462393937", "route_id": "Red", "dwell_time_sec": "103"}, {"arr_dt": "1462394035", "direction": "0", "dep_dt": "1462394117", "route_id": "Red", "dwell_time_sec": "82"}, {"arr_dt": "1462394334", "direction": "0", "dep_dt": "1462394421", "route_id": "Red", "dwell_time_sec": "87"}, {"arr_dt": "1462394583", "direction": "0", "dep_dt": "1462394673", "route_id": "Red", "dwell_time_sec": "90"}, {"arr_dt": "1462394772", "direction": "0", "dep_dt": "1462394863", "route_id": "Red", "dwell_time_sec": "91"}, {"arr_dt": "1462395298", "direction": "0", "dep_dt": "1462395406", "route_id": "Red", "dwell_time_sec": "108"}, {"arr_dt": "1462395503", "direction": "0", "dep_dt": "1462395582", "route_id": "Red", "dwell_time_sec": "79"}, {"arr_dt": "1462395753", "direction": "0", "dep_dt": "1462395856", "route_id": "Red", "dwell_time_sec": "103"}, {"arr_dt": "1462395951", "direction": "0", "dep_dt": "1462396044", "route_id": "Red", "dwell_time_sec": "93"}, {"arr_dt": "1462396180", "direction": "0", "dep_dt": "1462396281", "route_id": "Red", "dwell_time_sec": "101"}, {"arr_dt": "1462396397", "direction": "0", "dep_dt": "1462396507", "route_id": "Red", "dwell_time_sec": "110"}, {"arr_dt": "1462396642", "direction": "0", "dep_dt": "1462396762", "route_id": "Red", "dwell_time_sec": "120"}, {"arr_dt": "1462396866", "direction": "0", "dep_dt": "1462396969", "route_id": "Red", "dwell_time_sec": "103"}, {"arr_dt": "1462397150", "direction": "0", "dep_dt": "1462397238", "route_id": "Red", "dwell_time_sec": "88"}, {"arr_dt": "1462397377", "direction": "0", "dep_dt": "1462397475", "route_id": "Red", "dwell_time_sec": "98"}, {"arr_dt": "1462397565", "direction": "0", "dep_dt": "1462397660", "route_id": "Red", "dwell_time_sec": "95"}, {"arr_dt": "1462397754", "direction": "0", "dep_dt": "1462397903", "route_id": "Red", "dwell_time_sec": "149"}, {"arr_dt": "1462397980", "direction": "0", "dep_dt": "1462398097", "route_id": "Red", "dwell_time_sec": "117"}, {"arr_dt": "1462398193", "direction": "0", "dep_dt": "1462398319", "route_id": "Red", "dwell_time_sec": "126"}, {"arr_dt": "1462398410", "direction": "0", "dep_dt": "1462398511", "route_id": "Red", "dwell_time_sec": "101"}, {"arr_dt": "1462398623", "direction": "0", "dep_dt": "1462398720", "route_id": "Red", "dwell_time_sec": "97"}, {"arr_dt": "1462398902", "direction": "0", "dep_dt": "1462399001", "route_id": "Red", "dwell_time_sec": "99"}, {"arr_dt": "1462399104", "direction": "0", "dep_dt": "1462399189", "route_id": "Red", "dwell_time_sec": "85"}, {"arr_dt": "1462399317", "direction": "0", "dep_dt": "1462399395", "route_id": "Red", "dwell_time_sec": "78"}, {"arr_dt": "1462399758", "direction": "0", "dep_dt": "1462399932", "route_id": "Red", "dwell_time_sec": "174"}, {"arr_dt": "1462400036", "direction": "0", "dep_dt": "1462400192", "route_id": "Red", "dwell_time_sec": "156"}, {"arr_dt": "1462400304", "direction": "0", "dep_dt": "1462400420", "route_id": "Red", "dwell_time_sec": "116"}, {"arr_dt": "1462400565", "direction": "0", "dep_dt": "1462400663", "route_id": "Red", "dwell_time_sec": "98"}, {"arr_dt": "1462400787", "direction": "0", "dep_dt": "1462400899", "route_id": "Red", "dwell_time_sec": "112"}, {"arr_dt": "1462400993", "direction": "0", "dep_dt": "1462401071", "route_id": "Red", "dwell_time_sec": "78"}, {"arr_dt": "1462401260", "direction": "0", "dep_dt": "1462401354", "route_id": "Red", "dwell_time_sec": "94"}, {"arr_dt": "1462401481", "direction": "0", "dep_dt": "1462401568", "route_id": "Red", "dwell_time_sec": "87"}, {"arr_dt": "1462401684", "direction": "0", "dep_dt": "1462401760", "route_id": "Red", "dwell_time_sec": "76"}, {"arr_dt": "1462401900", "direction": "0", "dep_dt": "1462401978", "route_id": "Red", "dwell_time_sec": "78"}, {"arr_dt": "1462402285", "direction": "0", "dep_dt": "1462402397", "route_id": "Red", "dwell_time_sec": "112"}, {"arr_dt": "1462402863", "direction": "0", "dep_dt": "1462402967", "route_id": "Red", "dwell_time_sec": "104"}, {"arr_dt": "1462403064", "direction": "0", "dep_dt": "1462403145", "route_id": "Red", "dwell_time_sec": "81"}, {"arr_dt": "1462403280", "direction": "0", "dep_dt": "1462403389", "route_id": "Red", "dwell_time_sec": "109"}, {"arr_dt": "1462403508", "direction": "0", "dep_dt": "1462403575", "route_id": "Red", "dwell_time_sec": "67"}, {"arr_dt": "1462403708", "direction": "0", "dep_dt": "1462403803", "route_id": "Red", "dwell_time_sec": "95"}, {"arr_dt": "1462403899", "direction": "0", "dep_dt": "1462403989", "route_id": "Red", "dwell_time_sec": "90"}, {"arr_dt": "1462404199", "direction": "0", "dep_dt": "1462404285", "route_id": "Red", "dwell_time_sec": "86"}, {"arr_dt": "1462404411", "direction": "0", "dep_dt": "1462404502", "route_id": "Red", "dwell_time_sec": "91"}, {"arr_dt": "1462404669", "direction": "0", "dep_dt": "1462404751", "route_id": "Red", "dwell_time_sec": "82"}, {"arr_dt": "1462404846", "direction": "0", "dep_dt": "1462404943", "route_id": "Red", "dwell_time_sec": "97"}, {"arr_dt": "1462405053", "direction": "0", "dep_dt": "1462405115", "route_id": "Red", "dwell_time_sec": "62"}, {"arr_dt": "1462405219", "direction": "0", "dep_dt": "1462405290", "route_id": "Red", "dwell_time_sec": "71"}, {"arr_dt": "1462405481", "direction": "0", "dep_dt": "1462405561", "route_id": "Red", "dwell_time_sec": "80"}, {"arr_dt": "1462405839", "direction": "0", "dep_dt": "1462405919", "route_id": "Red", "dwell_time_sec": "80"}, {"arr_dt": "1462406046", "direction": "0", "dep_dt": "1462406125", "route_id": "Red", "dwell_time_sec": "79"}, {"arr_dt": "1462406357", "direction": "0", "dep_dt": "1462406447", "route_id": "Red", "dwell_time_sec": "90"}, {"arr_dt": "1462406618", "direction": "0", "dep_dt": "1462406679", "route_id": "Red", "dwell_time_sec": "61"}, {"arr_dt": "1462407249", "direction": "0", "dep_dt": "1462407338", "route_id": "Red", "dwell_time_sec": "89"}, {"arr_dt": "1462407436", "direction": "0", "dep_dt": "1462407524", "route_id": "Red", "dwell_time_sec": "88"}, {"arr_dt": "1462407665", "direction": "0", "dep_dt": "1462407745", "route_id": "Red", "dwell_time_sec": "80"}, {"arr_dt": "1462407997", "direction": "0", "dep_dt": "1462408070", "route_id": "Red", "dwell_time_sec": "73"}, {"arr_dt": "1462408346", "direction": "0", "dep_dt": "1462408468", "route_id": "Red", "dwell_time_sec": "122"}, {"arr_dt": "1462408710", "direction": "0", "dep_dt": "1462408775", "route_id": "Red", "dwell_time_sec": "65"}, {"arr_dt": "1462408888", "direction": "0", "dep_dt": "1462408962", "route_id": "Red", "dwell_time_sec": "74"}, {"arr_dt": "1462409303", "direction": "0", "dep_dt": "1462409375", "route_id": "Red", "dwell_time_sec": "72"}, {"arr_dt": "1462409831", "direction": "0", "dep_dt": "1462409905", "route_id": "Red", "dwell_time_sec": "74"}, {"arr_dt": "1462410018", "direction": "0", "dep_dt": "1462410095", "route_id": "Red", "dwell_time_sec": "77"}, {"arr_dt": "1462410582", "direction": "0", "dep_dt": "1462410658", "route_id": "Red", "dwell_time_sec": "76"}, {"arr_dt": "1462411205", "direction": "0", "dep_dt": "1462411279", "route_id": "Red", "dwell_time_sec": "74"}, {"arr_dt": "1462411417", "direction": "0", "dep_dt": "1462411488", "route_id": "Red", "dwell_time_sec": "71"}, {"arr_dt": "1462411720", "direction": "0", "dep_dt": "1462411807", "route_id": "Red", "dwell_time_sec": "87"}, {"arr_dt": "1462412032", "direction": "0", "dep_dt": "1462412100", "route_id": "Red", "dwell_time_sec": "68"}, {"arr_dt": "1462412204", "direction": "0", "dep_dt": "1462412283", "route_id": "Red", "dwell_time_sec": "79"}, {"arr_dt": "1462412529", "direction": "0", "dep_dt": "1462412602", "route_id": "Red", "dwell_time_sec": "73"}, {"arr_dt": "1462412723", "direction": "0", "dep_dt": "1462412802", "route_id": "Red", "dwell_time_sec": "79"}, {"arr_dt": "1462413325", "direction": "0", "dep_dt": "1462413412", "route_id": "Red", "dwell_time_sec": "87"}, {"arr_dt": "1462413807", "direction": "0", "dep_dt": "1462413873", "route_id": "Red", "dwell_time_sec": "66"}, {"arr_dt": "1462414284", "direction": "0", "dep_dt": "1462414354", "route_id": "Red", "dwell_time_sec": "70"}, {"arr_dt": "1462414727", "direction": "0", "dep_dt": "1462414798", "route_id": "Red", "dwell_time_sec": "71"}, {"arr_dt": "1462415030", "direction": "0", "dep_dt": "1462415094", "route_id": "Red", "dwell_time_sec": "64"}, {"arr_dt": "1462415269", "direction": "0", "dep_dt": "1462415341", "route_id": "Red", "dwell_time_sec": "72"}, {"arr_dt": "1462415609", "direction": "0", "dep_dt": "1462415677", "route_id": "Red", "dwell_time_sec": "68"}, {"arr_dt": "1462415791", "direction": "0", "dep_dt": "1462415852", "route_id": "Red", "dwell_time_sec": "61"}, {"arr_dt": "1462416193", "direction": "0", "dep_dt": "1462416259", "route_id": "Red", "dwell_time_sec": "66"}, {"arr_dt": "1462416482", "direction": "0", "dep_dt": "1462416563", "route_id": "Red", "dwell_time_sec": "81"}, {"arr_dt": "1462416834", "direction": "0", "dep_dt": "1462416900", "route_id": "Red", "dwell_time_sec": "66"}, {"arr_dt": "1462417052", "direction": "0", "dep_dt": "1462417134", "route_id": "Red", "dwell_time_sec": "82"}, {"arr_dt": "1462417459", "direction": "0", "dep_dt": "1462417553", "route_id": "Red", "dwell_time_sec": "94"}, {"arr_dt": "1462418174", "direction": "0", "dep_dt": "1462418261", "route_id": "Red", "dwell_time_sec": "87"}, {"arr_dt": "1462418553", "direction": "0", "dep_dt": "1462418632", "route_id": "Red", "dwell_time_sec": "79"}, {"arr_dt": "1462418743", "direction": "0", "dep_dt": "1462418824", "route_id": "Red", "dwell_time_sec": "81"}, {"arr_dt": "1462419058", "direction": "0", "dep_dt": "1462419123", "route_id": "Red", "dwell_time_sec": "65"}, {"arr_dt": "1462419326", "direction": "0", "dep_dt": "1462419390", "route_id": "Red", "dwell_time_sec": "64"}, {"arr_dt": "1462419611", "direction": "0", "dep_dt": "1462419692", "route_id": "Red", "dwell_time_sec": "81"}, {"arr_dt": "1462420105", "direction": "0", "dep_dt": "1462420169", "route_id": "Red", "dwell_time_sec": "64"}, {"arr_dt": "1462420416", "direction": "0", "dep_dt": "1462420482", "route_id": "Red", "dwell_time_sec": "66"}]}