{"dwell_times": [{"arr_dt": "1462161549", "direction": "0", "dep_dt": "1462161620", "route_id": "Red", "dwell_time_sec": "71"}, {"arr_dt": "1462162147", "direction": "0", "dep_dt": "1462162236", "route_id": "Red", "dwell_time_sec": "89"}, {"arr_dt": "1462162611", "direction": "0", "dep_dt": "1462162688", "route_id": "Red", "dwell_time_sec": "77"}, {"arr_dt": "1462163034", "direction": "0", "dep_dt": "1462163107", "route_id": "Red", "dwell_time_sec": "73"}, {"arr_dt": "1462163450", "direction": "0", "dep_dt": "1462163518", "route_id": "Red", "dwell_time_sec": "68"}, {"arr_dt": "1462163914", "direction": "0", "dep_dt": "1462163978", "route_id": "Red", "dwell_time_sec": "64"}, {"arr_dt": "1462164078", "direction": "0", "dep_dt": "1462164127", "route_id": "Red", "dwell_time_sec": "49"}, {"arr_dt": "1462164683", "direction": "0", "dep_dt": "1462166846", "route_id": "Red", "dwell_time_sec": "2163"}, {"arr_dt": "1462181603", "direction": "0", "dep_dt": "1462181692", "route_id": "Red", "dwell_time_sec": "89"}, {"arr_dt": "1462182189", "direction": "0", "dep_dt": "1462182252", "route_id": "Red", "dwell_time_sec": "63"}, {"arr_dt": "1462182468", "direction": "0", "dep_dt": "1462182549", "route_id": "Red", "dwell_time_sec": "81"}, {"arr_dt": "1462182822", "direction": "0", "dep_dt": "1462182896", "route_id": "Red", "dwell_time_sec": "74"}, {"arr_dt": "1462183311", "direction": "0", "dep_dt": "1462183407", "route_id": "Red", "dwell_time_sec": "96"}, {"arr_dt": "1462183894", "direction": "0", "dep_dt": "1462183975", "route_id": "Red", "dwell_time_sec": "81"}, {"arr_dt": "1462184361", "direction": "0", "dep_dt": "1462184439", "route_id": "Red", "dwell_time_sec": "78"}, {"arr_dt": "1462184778", "direction": "0", "dep_dt": "1462184852", "route_id": "Red", "dwell_time_sec": "74"}, {"arr_dt": "1462185209", "direction": "0", "dep_dt": "1462185273", "route_id": "Red", "dwell_time_sec": "64"}, {"arr_dt": "1462185544", "direction": "0", "dep_dt": "1462185629", "route_id": "Red", "dwell_time_sec": "85"}, {"arr_dt": "1462185791", "direction": "0", "dep_dt": "1462185858", "route_id": "Red", "dwell_time_sec": "67"}, {"arr_dt": "1462186066", "direction": "0", "dep_dt": "1462186130", "route_id": "Red", "dwell_time_sec": "64"}, {"arr_dt": "1462186414", "direction": "0", "dep_dt": "1462186482", "route_id": "Red", "dwell_time_sec": "68"}, {"arr_dt": "1462187149", "direction": "0", "dep_dt": "1462187234", "route_id": "Red", "dwell_time_sec": "85"}, {"arr_dt": "1462187420", "direction": "0", "dep_dt": "1462187547", "route_id": "Red", "dwell_time_sec": "127"}, {"arr_dt": "1462187640", "direction": "0", "dep_dt": "1462187746", "route_id": "Red", "dwell_time_sec": "106"}, {"arr_dt": "1462187850", "direction": "0", "dep_dt": "1462187921", "route_id": "Red", "dwell_time_sec": "71"}, {"arr_dt": "1462188021", "direction": "0", "dep_dt": "1462188134", "route_id": "Red", "dwell_time_sec": "113"}, {"arr_dt": "1462188247", "direction": "0", "dep_dt": "1462188317", "route_id": "Red", "dwell_time_sec": "70"}, {"arr_dt": "1462188427", "direction": "0", "dep_dt": "1462188571", "route_id": "Red", "dwell_time_sec": "144"}, {"arr_dt": "1462188601", "direction": "0", "dep_dt": "1462188661", "route_id": "Red", "dwell_time_sec": "60"}, {"arr_dt": "1462188787", "direction": "0", "dep_dt": "1462188874", "route_id": "Red", "dwell_time_sec": "87"}, {"arr_dt": "1462189124", "direction": "0", "dep_dt": "1462189252", "route_id": "Red", "dwell_time_sec": "128"}, {"arr_dt": "1462189375", "direction": "0", "dep_dt": "1462189447", "route_id": "Red", "dwell_time_sec": "72"}, {"arr_dt": "1462189560", "direction": "0", "dep_dt": "1462189634", "route_id": "Red", "dwell_time_sec": "74"}, {"arr_dt": "1462189741", "direction": "0", "dep_dt": "1462189862", "route_id": "Red", "dwell_time_sec": "121"}, {"arr_dt": "1462189947", "direction": "0", "dep_dt": "1462190031", "route_id": "Red", "dwell_time_sec": "84"}, {"arr_dt": "1462190146", "direction": "0", "dep_dt": "1462190215", "route_id": "Red", "dwell_time_sec": "69"}, {"arr_dt": "1462190337", "direction": "0", "dep_dt": "1462190406", "route_id": "Red", "dwell_time_sec": "69"}, {"arr_dt": "1462190515", "direction": "0", "dep_dt": "1462190603", "route_id": "Red", "dwell_time_sec": "88"}, {"arr_dt": "1462190819", "direction": "0", "dep_dt": "1462190926", "route_id": "Red", "dwell_time_sec": "107"}, {"arr_dt": "1462191036", "direction": "0", "dep_dt": "1462191139", "route_id": "Red", "dwell_time_sec": "103"}, {"arr_dt": "1462191259", "direction": "0", "dep_dt": "1462191357", "route_id": "Red", "dwell_time_sec": "98"}, {"arr_dt": "1462191476", "direction": "0", "dep_dt": "1462191565", "route_id": "Red", "dwell_time_sec": "89"}, {"arr_dt": "1462192170", "direction": "0", "dep_dt": "1462192302", "route_id": "Red", "dwell_time_sec": "132"}, {"arr_dt": "1462192411", "direction": "0", "dep_dt": "1462192513", "route_id": "Red", "dwell_time_sec": "102"}, {"arr_dt": "1462192683", "direction": "0", "dep_dt": "1462192869", "route_id": "Red", "dwell_time_sec": "186"}, {"arr_dt": "1462192986", "direction": "0", "dep_dt": "1462193087", "route_id": "Red", "dwell_time_sec": "101"}, {"arr_dt": "1462193332", "direction": "0", "dep_dt": "1462193506", "route_id": "Red", "dwell_time_sec": "174"}, {"arr_dt": "1462193701", "direction": "0", "dep_dt": "1462193811", "route_id": "Red", "dwell_time_sec": "110"}, {"arr_dt": "1462193926", "direction": "0", "dep_dt": "1462194037", "route_id": "Red", "dwell_time_sec": "111"}, {"arr_dt": "1462194142", "direction": "0", "dep_dt": "1462194237", "route_id": "Red", "dwell_time_sec": "95"}, {"arr_dt": "1462194362", "direction": "0", "dep_dt": "1462194445", "route_id": "Red", "dwell_time_sec": "83"}, {"arr_dt": "1462194562", "direction": "0", "dep_dt": "1462194634", "route_id": "Red", "dwell_time_sec": "72"}, {"arr_dt": "1462194740", "direction": "0", "dep_dt": "1462194813", "route_id": "Red", "dwell_time_sec": "73"}, {"arr_dt": "1462194917", "direction": "0", "dep_dt": "1462195003", "route_id": "Red", "dwell_time_sec": "86"}, {"arr_dt": "1462195122", "direction": "0", "dep_dt": "1462195206", "route_id": "Red", "dwell_time_sec": "84"}, {"arr_dt": "1462195311", "direction": "0", "dep_dt": "1462195383", "route_id": "Red", "dwell_time_sec": "72"}, {"arr_dt": "1462195484", "direction": "0", "dep_dt": "1462195581", "route_id": "Red", "dwell_time_sec": "97"}, {"arr_dt": "1462195697", "direction": "0", "dep_dt": "1462195787", "route_id": "Red", "dwell_time_sec": "90"}, {"arr_dt": "1462195893", "direction": "0", "dep_dt": "1462195963", "route_id": "Red", "dwell_time_sec": "70"}, {"arr_dt": "1462196074", "direction": "0", "dep_dt": "1462196143", "route_id": "Red", "dwell_time_sec": "69"}, {"arr_dt": "1462196255", "direction": "0", "dep_dt": "1462196347", "route_id": "Red", "dwell_time_sec": "92"}, {"arr_dt": "1462196461", "direction": "0", "dep_dt": "1462196536", "route_id": "Red", "dwell_time_sec": "75"}, {"arr_dt": "1462196673", "direction": "0", "dep_dt": "1462196755", "route_id": "Red", "dwell_time_sec": "82"}, {"arr_dt": "1462196871", "direction": "0", "dep_dt": "1462196975", "route_id": "Red", "dwell_time_sec": "104"}, {"arr_dt": "1462197114", "direction": "0", "dep_dt": "1462197174", "route_id": "Red", "dwell_time_sec": "60"}, {"arr_dt": "1462197500", "direction": "0", "dep_dt": "1462197567", "route_id": "Red", "dwell_time_sec": "67"}, {"arr_dt": "1462197671", "direction": "0", "dep_dt": "1462197735", "route_id": "Red", "dwell_time_sec": "64"}, {"arr_dt": "1462197972", "direction": "0", "dep_dt": "1462198041", "route_id": "Red", "dwell_time_sec": "69"}, {"arr_dt": "1462198184", "direction": "0", "dep_dt": "1462198281", "route_id": "Red", "dwell_time_sec": "97"}, {"arr_dt": "1462198456", "direction": "0", "dep_dt": "1462198529", "route_id": "Red", "dwell_time_sec": "73"}, {"arr_dt": "1462198675", "direction": "0", "dep_dt": "1462198748", "route_id": "Red", "dwell_time_sec": "73"}, {"arr_dt": "1462199018", "direction": "0", "dep_dt": "1462199086", "route_id": "Red", "dwell_time_sec": "68"}, {"arr_dt": "1462199457", "direction": "0", "dep_dt": "1462199530", "route_id": "Red", "dwell_time_sec": "73"}, {"arr_dt": "1462199641", "direction": "0", "dep_dt": "1462199701", "route_id": "Red", "dwell_time_sec": "60"}, {"arr_dt": "1462199807", "direction": "0", "dep_dt": "1462199873", "route_id": "Red", "dwell_time_sec": "66"}, {"arr_dt": "1462200018", "direction": "0", "dep_dt": "1462200091", "route_id": "Red", "dwell_time_sec": "73"}, {"arr_dt": "1462200415", "direction": "0", "dep_dt": "1462200496", "route_id": "Red", "dwell_time_sec": "81"}, {"arr_dt": "1462200797", "direction": "0", "dep_dt": "1462200953", "route_id": "Red", "dwell_time_sec": "156"}, {"arr_dt": "1462201057", "direction": "0", "dep_dt": "1462201120", "route_id": "Red", "dwell_time_sec": "63"}, {"arr_dt": "1462201257", "direction": "0", "dep_dt": "1462201324", "route_id": "Red", "dwell_time_sec": "67"}, {"arr_dt": "1462201545", "direction": "0", "dep_dt": "1462201613", "route_id": "Red", "dwell_time_sec": "68"}, {"arr_dt": "1462201933", "direction": "0", "dep_dt": "1462202008", "route_id": "Red", "dwell_time_sec": "75"}, {"arr_dt": "1462202238", "direction": "0", "dep_dt": "1462202314", "route_id": "Red", "dwell_time_sec": "76"}, {"arr_dt": "1462202620", "direction": "0", "dep_dt": "1462202718", "route_id": "Red", "dwell_time_sec": "98"}, {"arr_dt": "1462203064", "direction": "0", "dep_dt": "1462203144", "route_id": "Red", "dwell_time_sec": "80"}, {"arr_dt": "1462203966", "direction": "0", "dep_dt": "1462204024", "route_id": "Red", "dwell_time_sec": "58"}, {"arr_dt": "1462204553", "direction": "0", "dep_dt": "1462204639", "route_id": "Red", "dwell_time_sec": "86"}, {"arr_dt": "1462204856", "direction": "0", "dep_dt": "1462204939", "route_id": "Red", "dwell_time_sec": "83"}, {"arr_dt": "1462205347", "direction": "0", "dep_dt": "1462205417", "route_id": "Red", "dwell_time_sec": "70"}, {"arr_dt": "1462205773", "direction": "0", "dep_dt": "1462205848", "route_id": "Red", "dwell_time_sec": "75"}, {"arr_dt": "1462206042", "direction": "0", "dep_dt": "1462206107", "route_id": "Red", "dwell_time_sec": "65"}, {"arr_dt": "1462206688", "direction": "0", "dep_dt": "1462206763", "route_id": "Red", "dwell_time_sec": "75"}, {"arr_dt": "1462206879", "direction": "0", "dep_dt": "1462206964", "route_id": "Red", "dwell_time_sec": "85"}, {"arr_dt": "1462207508", "direction": "0", "dep_dt": "1462207595", "route_id": "Red", "dwell_time_sec": "87"}, {"arr_dt": "1462207848", "direction": "0", "dep_dt": "1462207919", "route_id": "Red", "dwell_time_sec": "71"}, {"arr_dt": "1462208233", "direction": "0", "dep_dt": "1462208303", "route_id": "Red", "dwell_time_sec": "70"}, {"arr_dt": "1462208631", "direction": "0", "dep_dt": "1462208695", "route_id": "Red", "dwell_time_sec": "64"}, {"arr_dt": "1462209046", "direction": "0", "dep_dt": "1462209118", "route_id": "Red", "dwell_time_sec": "72"}, {"arr_dt": "1462209559", "direction": "0", "dep_dt": "1462209644", "route_id": "Red", "dwell_time_sec": "85"}, {"arr_dt": "1462209839", "direction": "0", "dep_dt": "1462209918", "route_id": "Red", "dwell_time_sec": "79"}, {"arr_dt": "1462210363", "direction": "0", "dep_dt": "1462210432", "route_id": "Red", "dwell_time_sec": "69"}, {"arr_dt": "1462210667", "direction": "0", "dep_dt": "1462210758", "route_id": "Red", "dwell_time_sec": "91"}, {"arr_dt": "1462211137", "direction": "0", "dep_dt": "1462211204", "route_id": "Red", "dwell_time_sec": "67"}, {"arr_dt": "1462211513", "direction": "0", "dep_dt": "1462211585", "route_id": "Red", "dwell_time_sec": "72"}, {"arr_dt": "1462212034", "direction": "0", "dep_dt": "1462212101", "route_id": "Red", "dwell_time_sec": "67"}, {"arr_dt": "1462212315", "direction": "0", "dep_dt": "1462212376", "route_id": "Red", "dwell_time_sec": "61"}, {"arr_dt": "1462212766", "direction": "0", "dep_dt": "1462212849", "route_id": "Red", "dwell_time_sec": "83"}, {"arr_dt": "1462213334", "direction": "0", "dep_dt": "1462213439", "route_id": "Red", "dwell_time_sec": "105"}, {"arr_dt": "1462213552", "direction": "0", "dep_dt": "1462213648", "route_id": "Red", "dwell_time_sec": "96"}, {"arr_dt": "1462214100", "direction": "0", "dep_dt": "1462214194", "route_id": "Red", "dwell_time_sec": "94"}, {"arr_dt": "1462214351", "direction": "0", "dep_dt": "1462214433", "route_id": "Red", "dwell_time_sec": "82"}, {"arr_dt": "1462214912", "direction": "0", "dep_dt": "1462214998", "route_id": "Red", "dwell_time_sec": "86"}, {"arr_dt": "1462215273", "direction": "0", "dep_dt": "1462215382", "route_id": "Red", "dwell_time_sec": "109"}, {"arr_dt": "1462215671", "direction": "0", "dep_dt": "1462215758", "route_id": "Red", "dwell_time_sec": "87"}, {"arr_dt": "1462216226", "direction": "0", "dep_dt": "1462216308", "route_id": "Red", "dwell_time_sec": "82"}, {"arr_dt": "1462216754", "direction": "0", "dep_dt": "1462216840", "route_id": "Red", "dwell_time_sec": "86"}, {"arr_dt": "1462217236", "direction": "0", "dep_dt": "1462217344", "route_id": "Red", "dwell_time_sec": "108"}, {"arr_dt": "1462217487", "direction": "0", "dep_dt": "1462217563", "route_id": "Red", "dwell_time_sec": "76"}, {"arr_dt": "1462217725", "direction": "0", "dep_dt": "1462217813", "route_id": "Red", "dwell_time_sec": "88"}, {"arr_dt": "1462217930", "direction": "0", "dep_dt": "1462218007", "route_id": "Red", "dwell_time_sec": "77"}, {"arr_dt": "1462218330", "direction": "0", "dep_dt": "1462218416", "route_id": "Red", "dwell_time_sec": "86"}, {"arr_dt": "1462218551", "direction": "0", "dep_dt": "1462218647", "route_id": "Red", "dwell_time_sec": "96"}, {"arr_dt": "1462219103", "direction": "0", "dep_dt": "1462219180", "route_id": "Red", "dwell_time_sec": "77"}, {"arr_dt": "1462219370", "direction": "0", "dep_dt": "1462219461", "route_id": "Red", "dwell_time_sec": "91"}, {"arr_dt": "1462220012", "direction": "0", "dep_dt": "1462220130", "route_id": "Red", "dwell_time_sec": "118"}, {"arr_dt": "1462220248", "direction": "0", "dep_dt": "1462220332", "route_id": "Red", "dwell_time_sec": "84"}, {"arr_dt": "1462220523", "direction": "0", "dep_dt": "1462220585", "route_id": "Red", "dwell_time_sec": "62"}, {"arr_dt": "1462220821", "direction": "0", "dep_dt": "1462220948", "route_id": "Red", "dwell_time_sec": "127"}, {"arr_dt": "1462221043", "direction": "0", "dep_dt": "1462221139", "route_id": "Red", "dwell_time_sec": "96"}, {"arr_dt": "1462221298", "direction": "0", "dep_dt": "1462221464", "route_id": "Red", "dwell_time_sec": "166"}, {"arr_dt": "1462221580", "direction": "0", "dep_dt": "1462221666", "route_id": "Red", "dwell_time_sec": "86"}, {"arr_dt": "1462222007", "direction": "0", "dep_dt": "1462222096", "route_id": "Red", "dwell_time_sec": "89"}, {"arr_dt": "1462222315", "direction": "0", "dep_dt": "1462222447", "route_id": "Red", "dwell_time_sec": "132"}, {"arr_dt": "1462222552", "direction": "0", "dep_dt": "1462222630", "route_id": "Red", "dwell_time_sec": "78"}, {"arr_dt": "1462222890", "direction": "0", "dep_dt": "1462222988", "route_id": "Red", "dwell_time_sec": "98"}, {"arr_dt": "1462223120", "direction": "0", "dep_dt": "1462223266", "route_id": "Red", "dwell_time_sec": "146"}, {"arr_dt": "1462223380", "direction": "0", "dep_dt": "1462223509", "route_id": "Red", "dwell_time_sec": "129"}, {"arr_dt": "1462223713", "direction": "0", "dep_dt": "1462223801", "route_id": "Red", "dwell_time_sec": "88"}, {"arr_dt": "1462223929", "direction": "0", "dep_dt": "1462224026", "route_id": "Red", "dwell_time_sec": "97"}, {"arr_dt": "1462224200", "direction": "0", "dep_dt": "1462224292", "route_id": "Red", "dwell_time_sec": "92"}, {"arr_dt": "1462224404", "direction": "0", "dep_dt": "1462224488", "route_id": "Red", "dwell_time_sec": "84"}, {"arr_dt": "1462224637", "direction": "0", "dep_dt": "1462224741", "route_id": "Red", "dwell_time_sec": "104"}, {"arr_dt": "1462225307", "direction": "0", "dep_dt": "1462225394", "route_id": "Red", "dwell_time_sec": "87"}, {"arr_dt": "1462225508", "direction": "0", "dep_dt": "1462225596", "route_id": "Red", "dwell_time_sec": "88"}, {"arr_dt": "1462225710", "direction": "0", "dep_dt": "1462225810", "route_id": "Red", "dwell_time_sec": "100"}, {"arr_dt": "1462226039", "direction": "0", "dep_dt": "1462226169", "route_id": "Red", "dwell_time_sec": "130"}, {"arr_dt": "1462226283", "direction": "0", "dep_dt": "1462226431", "route_id": "Red", "dwell_time_sec": "148"}, {"arr_dt": "1462226538", "direction": "0", "dep_dt": "1462226625", "route_id": "Red", "dwell_time_sec": "87"}, {"arr_dt": "1462226747", "direction": "0", "dep_dt": "1462226850", "route_id": "Red", "dwell_time_sec": "103"}, {"arr_dt": "1462226945", "direction": "0", "dep_dt": "1462227006", "route_id": "Red", "dwell_time_sec": "61"}, {"arr_dt": "1462227128", "direction": "0", "dep_dt": "1462227268", "route_id": "Red", "dwell_time_sec": "140"}, {"arr_dt": "1462227463", "direction": "0", "dep_dt": "1462227563", "route_id": "Red", "dwell_time_sec": "100"}, {"arr_dt": "1462227694", "direction": "0", "dep_dt": "1462227845", "route_id": "Red", "dwell_time_sec": "151"}, {"arr_dt": "1462227960", "direction": "0", "dep_dt": "1462228070", "route_id": "Red", "dwell_time_sec": "110"}, {"arr_dt": "1462228158", "direction": "0", "dep_dt": "1462228251", "route_id": "Red", "dwell_time_sec": "93"}, {"arr_dt": "1462228415", "direction": "0", "dep_dt": "1462228479", "route_id": "Red", "dwell_time_sec": "64"}, {"arr_dt": "1462228593", "direction": "0", "dep_dt": "1462228687", "route_id": "Red", "dwell_time_sec": "94"}, {"arr_dt": "1462228780", "direction": "0", "dep_dt": "1462228846", "route_id": "Red", "dwell_time_sec": "66"}, {"arr_dt": "1462229379", "direction": "0", "dep_dt": "1462229469", "route_id": "Red", "dwell_time_sec": "90"}, {"arr_dt": "1462229671", "direction": "0", "dep_dt": "1462229746", "route_id": "Red", "dwell_time_sec": "75"}, {"arr_dt": "1462230007", "direction": "0", "dep_dt": "1462230087", "route_id": "Red", "dwell_time_sec": "80"}, {"arr_dt": "1462230207", "direction": "0", "dep_dt": "1462230281", "route_id": "Red", "dwell_time_sec": "74"}, {"arr_dt": "1462230472", "direction": "0", "dep_dt": "1462230549", "route_id": "Red", "dwell_time_sec": "77"}, {"arr_dt": "1462230656", "direction": "0", "dep_dt": "1462230759", "route_id": "Red", "dwell_time_sec": "103"}, {"arr_dt": "1462230863", "direction": "0", "dep_dt": "1462230932", "route_id": "Red", "dwell_time_sec": "69"}, {"arr_dt": "1462231115", "direction": "0", "dep_dt": "1462231194", "route_id": "Red", "dwell_time_sec": "79"}, {"arr_dt": "1462231388", "direction": "0", "dep_dt": "1462231458", "route_id": "Red", "dwell_time_sec": "70"}, {"arr_dt": "1462231570", "direction": "0", "dep_dt": "1462231655", "route_id": "Red", "dwell_time_sec": "85"}, {"arr_dt": "1462231806", "direction": "0", "dep_dt": "1462231876", "route_id": "Red", "dwell_time_sec": "70"}, {"arr_dt": "1462231986", "direction": "0", "dep_dt": "1462232046", "route_id": "Red", "dwell_time_sec": "60"}, {"arr_dt": "1462232400", "direction": "0", "dep_dt": "1462232487", "route_id": "Red", "dwell_time_sec": "87"}, {"arr_dt": "1462232812", "direction": "0", "dep_dt": "1462232898", "route_id": "Red", "dwell_time_sec": "86"}, {"arr_dt": "1462233018", "direction": "0", "dep_dt": "1462233073", "route_id": "Red", "dwell_time_sec": "55"}, {"arr_dt": "1462233177", "direction": "0", "dep_dt": "1462233241", "route_id": "Red", "dwell_time_sec": "64"}, {"arr_dt": "1462233462", "direction": "0", "dep_dt": "1462233547", "route_id": "Red", "dwell_time_sec": "85"}, {"arr_dt": "1462233784", "direction": "0", "dep_dt": "1462233850", "route_id": "Red", "dwell_time_sec": "66"}, {"arr_dt": "1462234055", "direction": "0", "dep_dt": "1462234113", "route_id": "Red", "dwell_time_sec": "58"}, {"arr_dt": "1462234584", "direction": "0", "dep_dt": "1462234646", "route_id": "Red", "dwell_time_sec": "62"}, {"arr_dt": "1462235028", "direction": "0", "dep_dt": "1462235089", "route_id": "Red", "dwell_time_sec": "61"}, {"arr_dt": "1462235386", "direction": "0", "dep_dt": "1462235458", "route_id": "Red", "dwell_time_sec": "72"}, {"arr_dt": "1462235566", "direction": "0", "dep_dt": "1462235653", "route_id": "Red", "dwell_time_sec": "87"}, {"arr_dt": "1462235931", "direction": "0", "dep_dt": "1462235996", "route_id": "Red", "dwell_time_sec": "65"}, {"arr_dt": "1462236167", "direction": "0", "dep_dt": "1462236499", "route_id": "Red", "dwell_time_sec": "332"}, {"arr_dt": "1462236527", "direction": "0", "dep_dt": "1462236597", "route_id": "Red", "dwell_time_sec": "70"}, {"arr_dt": "1462236734", "direction": "0", "dep_dt": "1462236791", "route_id": "Red", "dwell_time_sec": "57"}, {"arr_dt": "1462237145", "direction": "0", "dep_dt": "1462237210", "route_id": "Red", "dwell_time_sec": "65"}, {"arr_dt": "1462237605", "direction": "0", "dep_dt": "1462237687", "route_id": "Red", "dwell_time_sec": "82"}, {"arr_dt": "1462238092", "direction": "0", "dep_dt": "1462238182", "route_id": "Red", "dwell_time_sec": "90"}, {"arr_dt": "1462238276", "direction": "0", "dep_dt": "1462238358", "route_id": "Red", "dwell_time_sec": "82"}, {"arr_dt": "1462238667", "direction": "0", "dep_dt": "1462238748", "route_id": "Red", "dwell_time_sec": "81"}, {"arr_dt": "1462239166", "direction": "0", "dep_dt": "1462239257", "route_id": "Red", "dwell_time_sec": "91"}, {"arr_dt": "1462239596", "direction": "0", "dep_dt": "1462239687", "route_id": "Red", "dwell_time_sec": "91"}, {"arr_dt": "1462239779", "direction": "0", "dep_dt": "1462239851", "route_id": "Red", "dwell_time_sec": "72"}, {"arr_dt": "1462240103", "direction": "0", "dep_dt": "1462240188", "route_id": "Red", "dwell_time_sec": "85"}, {"arr_dt": "1462240272", "direction": "0", "dep_dt": "1462240345", "route_id": "Red", "dwell_time_sec": "73"}, {"arr_dt": "1462240681", "direction": "0", "dep_dt": "1462240755", "route_id": "Red", "dwell_time_sec": "74"}, {"arr_dt": "1462241023", "direction": "0", "dep_dt": "1462241082", "route_id": "Red", "dwell_time_sec": "59"}, {"arr_dt": "1462241618", "direction": "0", "dep_dt": "1462241684", "route_id": "Red", "dwell_time_sec": "66"}, {"arr_dt": "1462241959", "direction": "0", "dep_dt": "1462242024", "route_id": "Red", "dwell_time_sec": "65"}, {"arr_dt": "1462242335", "direction": "0", "dep_dt": "1462242405", "route_id": "Red", "dwell_time_sec": "70"}, {"arr_dt": "1462242646", "direction": "0", "dep_dt": "1462242718", "route_id": "Red", "dwell_time_sec": "72"}, {"arr_dt": "1462242927", "direction": "0", "dep_dt": "1462242984", "route_id": "Red", "dwell_time_sec": "57"}, {"arr_dt": "1462243227", "direction": "0", "dep_dt": "1462243303", "route_id": "Red", "dwell_time_sec": "76"}, {"arr_dt": "1462243772", "direction": "0", "dep_dt": "1462243862", "route_id": "Red", "dwell_time_sec": "90"}, {"arr_dt": "1462244215", "direction": "0", "dep_dt": "1462244308", "route_id": "Red", "dwell_time_sec": "93"}, {"arr_dt": "1462244553", "direction": "0", "dep_dt": "1462244610", "route_id": "Red", "dwell_time_sec": "57"}, {"arr_dt": "1462244753", "direction": "0", "dep_dt": "1462244814", "route_id": "Red", "dwell_time_sec": "61"}, {"arr_dt": "1462245420", "direction": "0", "dep_dt": "1462245496", "route_id": "Red", "dwell_time_sec": "76"}, {"arr_dt": "1462245723", "direction": "0", "dep_dt": "1462245793", "route_id": "Red", "dwell_time_sec": "70"}, {"arr_dt": "1462246197", "direction": "0", "dep_dt": "1462246278", "route_id": "Red", "dwell_time_sec": "81"}, {"arr_dt": "1462246388", "direction": "0", "dep_dt": "1462246451", "route_id": "Red", "dwell_time_sec": "63"}, {"arr_dt": "1462246805", "direction": "0", "dep_dt": "1462246864", "route_id": "Red", "dwell_time_sec": "59"}, {"arr_dt": "1462247125", "direction": "0", "dep_dt": "1462247195", "route_id": "Red", "dwell_time_sec": "70"}, {"arr_dt": "1462247459", "direction": "0", "dep_dt": "1462247521", "route_id": "Red", "dwell_time_sec": "62"}]}