{"dwell_times": [{"arr_dt": "1476072484", "direction": "0", "dep_dt": "1476072770", "route_id": "Red", "dwell_time_sec": "286"}, {"arr_dt": "1476073181", "direction": "0", "dep_dt": "1476073753", "route_id": "Red", "dwell_time_sec": "572"}, {"arr_dt": "1476075170", "direction": "0", "dep_dt": "1476076315", "route_id": "Red", "dwell_time_sec": "1145"}, {"arr_dt": "1476092127", "direction": "0", "dep_dt": "1476092185", "route_id": "Red", "dwell_time_sec": "58"}, {"arr_dt": "1476092788", "direction": "0", "dep_dt": "1476092847", "route_id": "Red", "dwell_time_sec": "59"}, {"arr_dt": "1476093029", "direction": "0", "dep_dt": "1476093097", "route_id": "Red", "dwell_time_sec": "68"}, {"arr_dt": "1476093518", "direction": "0", "dep_dt": "1476093585", "route_id": "Red", "dwell_time_sec": "67"}, {"arr_dt": "1476093931", "direction": "0", "dep_dt": "1476093991", "route_id": "Red", "dwell_time_sec": "60"}, {"arr_dt": "1476094410", "direction": "0", "dep_dt": "1476094484", "route_id": "Red", "dwell_time_sec": "74"}, {"arr_dt": "1476094835", "direction": "0", "dep_dt": "1476094900", "route_id": "Red", "dwell_time_sec": "65"}, {"arr_dt": "1476095135", "direction": "0", "dep_dt": "1476095188", "route_id": "Red", "dwell_time_sec": "53"}, {"arr_dt": "1476095518", "direction": "0", "dep_dt": "1476095577", "route_id": "Red", "dwell_time_sec": "59"}, {"arr_dt": "1476095795", "direction": "0", "dep_dt": "1476095859", "route_id": "Red", "dwell_time_sec": "64"}, {"arr_dt": "1476096268", "direction": "0", "dep_dt": "1476096342", "route_id": "Red", "dwell_time_sec": "74"}, {"arr_dt": "1476096707", "direction": "0", "dep_dt": "1476096777", "route_id": "Red", "dwell_time_sec": "70"}, {"arr_dt": "1476096897", "direction": "0", "dep_dt": "1476096966", "route_id": "Red", "dwell_time_sec": "69"}, {"arr_dt": "1476097085", "direction": "0", "dep_dt": "1476097142", "route_id": "Red", "dwell_time_sec": "57"}, {"arr_dt": "1476097492", "direction": "0", "dep_dt": "1476097571", "route_id": "Red", "dwell_time_sec": "79"}, {"arr_dt": "1476097670", "direction": "0", "dep_dt": "1476097758", "route_id": "Red", "dwell_time_sec": "88"}, {"arr_dt": "1476097872", "direction": "0", "dep_dt": "1476097934", "route_id": "Red", "dwell_time_sec": "62"}, {"arr_dt": "1476098254", "direction": "0", "dep_dt": "1476098319", "route_id": "Red", "dwell_time_sec": "65"}, {"arr_dt": "1476098491", "direction": "0", "dep_dt": "1476098564", "route_id": "Red", "dwell_time_sec": "73"}, {"arr_dt": "1476098777", "direction": "0", "dep_dt": "1476098843", "route_id": "Red", "dwell_time_sec": "66"}, {"arr_dt": "1476098978", "direction": "0", "dep_dt": "1476099071", "route_id": "Red", "dwell_time_sec": "93"}, {"arr_dt": "1476099243", "direction": "0", "dep_dt": "1476099335", "route_id": "Red", "dwell_time_sec": "92"}, {"arr_dt": "1476099437", "direction": "0", "dep_dt": "1476099528", "route_id": "Red", "dwell_time_sec": "91"}, {"arr_dt": "1476099647", "direction": "0", "dep_dt": "1476099725", "route_id": "Red", "dwell_time_sec": "78"}, {"arr_dt": "1476099888", "direction": "0", "dep_dt": "1476099979", "route_id": "Red", "dwell_time_sec": "91"}, {"arr_dt": "1476100153", "direction": "0", "dep_dt": "1476100231", "route_id": "Red", "dwell_time_sec": "78"}, {"arr_dt": "1476100356", "direction": "0", "dep_dt": "1476100437", "route_id": "Red", "dwell_time_sec": "81"}, {"arr_dt": "1476100549", "direction": "0", "dep_dt": "1476100629", "route_id": "Red", "dwell_time_sec": "80"}, {"arr_dt": "1476100736", "direction": "0", "dep_dt": "1476100823", "route_id": "Red", "dwell_time_sec": "87"}, {"arr_dt": "1476100983", "direction": "0", "dep_dt": "1476101060", "route_id": "Red", "dwell_time_sec": "77"}, {"arr_dt": "1476101159", "direction": "0", "dep_dt": "1476101231", "route_id": "Red", "dwell_time_sec": "72"}, {"arr_dt": "1476101331", "direction": "0", "dep_dt": "1476101410", "route_id": "Red", "dwell_time_sec": "79"}, {"arr_dt": "1476101544", "direction": "0", "dep_dt": "1476101619", "route_id": "Red", "dwell_time_sec": "75"}, {"arr_dt": "1476101943", "direction": "0", "dep_dt": "1476102026", "route_id": "Red", "dwell_time_sec": "83"}, {"arr_dt": "1476102117", "direction": "0", "dep_dt": "1476102202", "route_id": "Red", "dwell_time_sec": "85"}, {"arr_dt": "1476102322", "direction": "0", "dep_dt": "1476102399", "route_id": "Red", "dwell_time_sec": "77"}, {"arr_dt": "1476102741", "direction": "0", "dep_dt": "1476102828", "route_id": "Red", "dwell_time_sec": "87"}, {"arr_dt": "1476103008", "direction": "0", "dep_dt": "1476103085", "route_id": "Red", "dwell_time_sec": "77"}, {"arr_dt": "1476103175", "direction": "0", "dep_dt": "1476103247", "route_id": "Red", "dwell_time_sec": "72"}, {"arr_dt": "1476103370", "direction": "0", "dep_dt": "1476103438", "route_id": "Red", "dwell_time_sec": "68"}, {"arr_dt": "1476103558", "direction": "0", "dep_dt": "1476103625", "route_id": "Red", "dwell_time_sec": "67"}, {"arr_dt": "1476103893", "direction": "0", "dep_dt": "1476103959", "route_id": "Red", "dwell_time_sec": "66"}, {"arr_dt": "1476104070", "direction": "0", "dep_dt": "1476104136", "route_id": "Red", "dwell_time_sec": "66"}, {"arr_dt": "1476104237", "direction": "0", "dep_dt": "1476104321", "route_id": "Red", "dwell_time_sec": "84"}, {"arr_dt": "1476104432", "direction": "0", "dep_dt": "1476104504", "route_id": "Red", "dwell_time_sec": "72"}, {"arr_dt": "1476104792", "direction": "0", "dep_dt": "1476104878", "route_id": "Red", "dwell_time_sec": "86"}, {"arr_dt": "1476105002", "direction": "0", "dep_dt": "1476105076", "route_id": "Red", "dwell_time_sec": "74"}, {"arr_dt": "1476105190", "direction": "0", "dep_dt": "1476105271", "route_id": "Red", "dwell_time_sec": "81"}, {"arr_dt": "1476105393", "direction": "0", "dep_dt": "1476105459", "route_id": "Red", "dwell_time_sec": "66"}, {"arr_dt": "1476105688", "direction": "0", "dep_dt": "1476105759", "route_id": "Red", "dwell_time_sec": "71"}, {"arr_dt": "1476105855", "direction": "0", "dep_dt": "1476105939", "route_id": "Red", "dwell_time_sec": "84"}, {"arr_dt": "1476106349", "direction": "0", "dep_dt": "1476106430", "route_id": "Red", "dwell_time_sec": "81"}, {"arr_dt": "1476106526", "direction": "0", "dep_dt": "1476106633", "route_id": "Red", "dwell_time_sec": "107"}, {"arr_dt": "1476106728", "direction": "0", "dep_dt": "1476106816", "route_id": "Red", "dwell_time_sec": "88"}, {"arr_dt": "1476106930", "direction": "0", "dep_dt": "1476107001", "route_id": "Red", "dwell_time_sec": "71"}, {"arr_dt": "1476107118", "direction": "0", "dep_dt": "1476107190", "route_id": "Red", "dwell_time_sec": "72"}, {"arr_dt": "1476107308", "direction": "0", "dep_dt": "1476107392", "route_id": "Red", "dwell_time_sec": "84"}, {"arr_dt": "1476107575", "direction": "0", "dep_dt": "1476107651", "route_id": "Red", "dwell_time_sec": "76"}, {"arr_dt": "1476107766", "direction": "0", "dep_dt": "1476107832", "route_id": "Red", "dwell_time_sec": "66"}, {"arr_dt": "1476108039", "direction": "0", "dep_dt": "1476108124", "route_id": "Red", "dwell_time_sec": "85"}, {"arr_dt": "1476108238", "direction": "0", "dep_dt": "1476108321", "route_id": "Red", "dwell_time_sec": "83"}, {"arr_dt": "1476108578", "direction": "0", "dep_dt": "1476108643", "route_id": "Red", "dwell_time_sec": "65"}, {"arr_dt": "1476108765", "direction": "0", "dep_dt": "1476108840", "route_id": "Red", "dwell_time_sec": "75"}, {"arr_dt": "1476109003", "direction": "0", "dep_dt": "1476109061", "route_id": "Red", "dwell_time_sec": "58"}, {"arr_dt": "1476109275", "direction": "0", "dep_dt": "1476109337", "route_id": "Red", "dwell_time_sec": "62"}, {"arr_dt": "1476109618", "direction": "0", "dep_dt": "1476109688", "route_id": "Red", "dwell_time_sec": "70"}, {"arr_dt": "1476109832", "direction": "0", "dep_dt": "1476109897", "route_id": "Red", "dwell_time_sec": "65"}, {"arr_dt": "1476110183", "direction": "0", "dep_dt": "1476110259", "route_id": "Red", "dwell_time_sec": "76"}, {"arr_dt": "1476110665", "direction": "0", "dep_dt": "1476110735", "route_id": "Red", "dwell_time_sec": "70"}, {"arr_dt": "1476110926", "direction": "0", "dep_dt": "1476111026", "route_id": "Red", "dwell_time_sec": "100"}, {"arr_dt": "1476111132", "direction": "0", "dep_dt": "1476111207", "route_id": "Red", "dwell_time_sec": "75"}, {"arr_dt": "1476111444", "direction": "0", "dep_dt": "1476111536", "route_id": "Red", "dwell_time_sec": "92"}, {"arr_dt": "1476111908", "direction": "0", "dep_dt": "1476112023", "route_id": "Red", "dwell_time_sec": "115"}, {"arr_dt": "1476112253", "direction": "0", "dep_dt": "1476112330", "route_id": "Red", "dwell_time_sec": "77"}, {"arr_dt": "1476112882", "direction": "0", "dep_dt": "1476112971", "route_id": "Red", "dwell_time_sec": "89"}, {"arr_dt": "1476113091", "direction": "0", "dep_dt": "1476113173", "route_id": "Red", "dwell_time_sec": "82"}, {"arr_dt": "1476113553", "direction": "0", "dep_dt": "1476113632", "route_id": "Red", "dwell_time_sec": "79"}, {"arr_dt": "1476113870", "direction": "0", "dep_dt": "1476113951", "route_id": "Red", "dwell_time_sec": "81"}, {"arr_dt": "1476114370", "direction": "0", "dep_dt": "1476114452", "route_id": "Red", "dwell_time_sec": "82"}, {"arr_dt": "1476114685", "direction": "0", "dep_dt": "1476114755", "route_id": "Red", "dwell_time_sec": "70"}, {"arr_dt": "1476115139", "direction": "0", "dep_dt": "1476115239", "route_id": "Red", "dwell_time_sec": "100"}, {"arr_dt": "1476115683", "direction": "0", "dep_dt": "1476115761", "route_id": "Red", "dwell_time_sec": "78"}, {"arr_dt": "1476115951", "direction": "0", "dep_dt": "1476116061", "route_id": "Red", "dwell_time_sec": "110"}, {"arr_dt": "1476116527", "direction": "0", "dep_dt": "1476116621", "route_id": "Red", "dwell_time_sec": "94"}, {"arr_dt": "1476116810", "direction": "0", "dep_dt": "1476116894", "route_id": "Red", "dwell_time_sec": "84"}, {"arr_dt": "1476117398", "direction": "0", "dep_dt": "1476117493", "route_id": "Red", "dwell_time_sec": "95"}, {"arr_dt": "1476117605", "direction": "0", "dep_dt": "1476117676", "route_id": "Red", "dwell_time_sec": "71"}, {"arr_dt": "1476118215", "direction": "0", "dep_dt": "1476118296", "route_id": "Red", "dwell_time_sec": "81"}, {"arr_dt": "1476118475", "direction": "0", "dep_dt": "1476118562", "route_id": "Red", "dwell_time_sec": "87"}, {"arr_dt": "1476118931", "direction": "0", "dep_dt": "1476119007", "route_id": "Red", "dwell_time_sec": "76"}, {"arr_dt": "1476119428", "direction": "0", "dep_dt": "1476119518", "route_id": "Red", "dwell_time_sec": "90"}, {"arr_dt": "1476119727", "direction": "0", "dep_dt": "1476119801", "route_id": "Red", "dwell_time_sec": "74"}, {"arr_dt": "1476120241", "direction": "0", "dep_dt": "1476120319", "route_id": "Red", "dwell_time_sec": "78"}, {"arr_dt": "1476120552", "direction": "0", "dep_dt": "1476120622", "route_id": "Red", "dwell_time_sec": "70"}, {"arr_dt": "1476121154", "direction": "0", "dep_dt": "1476121235", "route_id": "Red", "dwell_time_sec": "81"}, {"arr_dt": "1476121614", "direction": "0", "dep_dt": "1476121698", "route_id": "Red", "dwell_time_sec": "84"}, {"arr_dt": "1476121975", "direction": "0", "dep_dt": "1476122052", "route_id": "Red", "dwell_time_sec": "77"}, {"arr_dt": "1476122735", "direction": "0", "dep_dt": "1476122808", "route_id": "Red", "dwell_time_sec": "73"}, {"arr_dt": "1476123116", "direction": "0", "dep_dt": "1476123197", "route_id": "Red", "dwell_time_sec": "81"}, {"arr_dt": "1476123517", "direction": "0", "dep_dt": "1476123597", "route_id": "Red", "dwell_time_sec": "80"}, {"arr_dt": "1476124033", "direction": "0", "dep_dt": "1476124118", "route_id": "Red", "dwell_time_sec": "85"}, {"arr_dt": "1476124370", "direction": "0", "dep_dt": "1476124468", "route_id": "Red", "dwell_time_sec": "98"}, {"arr_dt": "1476124826", "direction": "0", "dep_dt": "1476124910", "route_id": "Red", "dwell_time_sec": "84"}, {"arr_dt": "1476125107", "direction": "0", "dep_dt": "1476125190", "route_id": "Red", "dwell_time_sec": "83"}, {"arr_dt": "1476126113", "direction": "0", "dep_dt": "1476126186", "route_id": "Red", "dwell_time_sec": "73"}, {"arr_dt": "1476126453", "direction": "0", "dep_dt": "1476126527", "route_id": "Red", "dwell_time_sec": "74"}, {"arr_dt": "1476126954", "direction": "0", "dep_dt": "1476127037", "route_id": "Red", "dwell_time_sec": "83"}, {"arr_dt": "1476127428", "direction": "0", "dep_dt": "1476127529", "route_id": "Red", "dwell_time_sec": "101"}, {"arr_dt": "1476127845", "direction": "0", "dep_dt": "1476127926", "route_id": "Red", "dwell_time_sec": "81"}, {"arr_dt": "1476128059", "direction": "0", "dep_dt": "1476128168", "route_id": "Red", "dwell_time_sec": "109"}, {"arr_dt": "1476128462", "direction": "0", "dep_dt": "1476128558", "route_id": "Red", "dwell_time_sec": "96"}, {"arr_dt": "1476128742", "direction": "0", "dep_dt": "1476128858", "route_id": "Red", "dwell_time_sec": "116"}, {"arr_dt": "1476129184", "direction": "0", "dep_dt": "1476129264", "route_id": "Red", "dwell_time_sec": "80"}, {"arr_dt": "1476129677", "direction": "0", "dep_dt": "1476129763", "route_id": "Red", "dwell_time_sec": "86"}, {"arr_dt": "1476129904", "direction": "0", "dep_dt": "1476129976", "route_id": "Red", "dwell_time_sec": "72"}, {"arr_dt": "1476130079", "direction": "0", "dep_dt": "1476130153", "route_id": "Red", "dwell_time_sec": "74"}, {"arr_dt": "1476130421", "direction": "0", "dep_dt": "1476130498", "route_id": "Red", "dwell_time_sec": "77"}, {"arr_dt": "1476130592", "direction": "0", "dep_dt": "1476130676", "route_id": "Red", "dwell_time_sec": "84"}, {"arr_dt": "1476130955", "direction": "0", "dep_dt": "1476131047", "route_id": "Red", "dwell_time_sec": "92"}, {"arr_dt": "1476131156", "direction": "0", "dep_dt": "1476131236", "route_id": "Red", "dwell_time_sec": "80"}, {"arr_dt": "1476131364", "direction": "0", "dep_dt": "1476131468", "route_id": "Red", "dwell_time_sec": "104"}, {"arr_dt": "1476131595", "direction": "0", "dep_dt": "1476131683", "route_id": "Red", "dwell_time_sec": "88"}, {"arr_dt": "1476131935", "direction": "0", "dep_dt": "1476132024", "route_id": "Red", "dwell_time_sec": "89"}, {"arr_dt": "1476132120", "direction": "0", "dep_dt": "1476132207", "route_id": "Red", "dwell_time_sec": "87"}, {"arr_dt": "1476132351", "direction": "0", "dep_dt": "1476132430", "route_id": "Red", "dwell_time_sec": "79"}, {"arr_dt": "1476132544", "direction": "0", "dep_dt": "1476132612", "route_id": "Red", "dwell_time_sec": "68"}, {"arr_dt": "1476132843", "direction": "0", "dep_dt": "1476132931", "route_id": "Red", "dwell_time_sec": "88"}, {"arr_dt": "1476133181", "direction": "0", "dep_dt": "1476133270", "route_id": "Red", "dwell_time_sec": "89"}, {"arr_dt": "1476133371", "direction": "0", "dep_dt": "1476133456", "route_id": "Red", "dwell_time_sec": "85"}, {"arr_dt": "1476133768", "direction": "0", "dep_dt": "1476133857", "route_id": "Red", "dwell_time_sec": "89"}, {"arr_dt": "1476133986", "direction": "0", "dep_dt": "1476134066", "route_id": "Red", "dwell_time_sec": "80"}, {"arr_dt": "1476134352", "direction": "0", "dep_dt": "1476134424", "route_id": "Red", "dwell_time_sec": "72"}, {"arr_dt": "1476135289", "direction": "0", "dep_dt": "1476135376", "route_id": "Red", "dwell_time_sec": "87"}, {"arr_dt": "1476135582", "direction": "0", "dep_dt": "1476135662", "route_id": "Red", "dwell_time_sec": "80"}, {"arr_dt": "1476135773", "direction": "0", "dep_dt": "1476135851", "route_id": "Red", "dwell_time_sec": "78"}, {"arr_dt": "1476135967", "direction": "0", "dep_dt": "1476136040", "route_id": "Red", "dwell_time_sec": "73"}, {"arr_dt": "1476136371", "direction": "0", "dep_dt": "1476136448", "route_id": "Red", "dwell_time_sec": "77"}, {"arr_dt": "1476136781", "direction": "0", "dep_dt": "1476136860", "route_id": "Red", "dwell_time_sec": "79"}, {"arr_dt": "1476137225", "direction": "0", "dep_dt": "1476137313", "route_id": "Red", "dwell_time_sec": "88"}, {"arr_dt": "1476137431", "direction": "0", "dep_dt": "1476137516", "route_id": "Red", "dwell_time_sec": "85"}, {"arr_dt": "1476137653", "direction": "0", "dep_dt": "1476137715", "route_id": "Red", "dwell_time_sec": "62"}, {"arr_dt": "1476137991", "direction": "0", "dep_dt": "1476138061", "route_id": "Red", "dwell_time_sec": "70"}, {"arr_dt": "1476138326", "direction": "0", "dep_dt": "1476138429", "route_id": "Red", "dwell_time_sec": "103"}, {"arr_dt": "1476139037", "direction": "0", "dep_dt": "1476139110", "route_id": "Red", "dwell_time_sec": "73"}, {"arr_dt": "1476139202", "direction": "0", "dep_dt": "1476139279", "route_id": "Red", "dwell_time_sec": "77"}, {"arr_dt": "1476139374", "direction": "0", "dep_dt": "1476139454", "route_id": "Red", "dwell_time_sec": "80"}, {"arr_dt": "1476139573", "direction": "0", "dep_dt": "1476139637", "route_id": "Red", "dwell_time_sec": "64"}, {"arr_dt": "1476139768", "direction": "0", "dep_dt": "1476139832", "route_id": "Red", "dwell_time_sec": "64"}, {"arr_dt": "1476140031", "direction": "0", "dep_dt": "1476140112", "route_id": "Red", "dwell_time_sec": "81"}, {"arr_dt": "1476140325", "direction": "0", "dep_dt": "1476140406", "route_id": "Red", "dwell_time_sec": "81"}, {"arr_dt": "1476140535", "direction": "0", "dep_dt": "1476140604", "route_id": "Red", "dwell_time_sec": "69"}, {"arr_dt": "1476140889", "direction": "0", "dep_dt": "1476140965", "route_id": "Red", "dwell_time_sec": "76"}, {"arr_dt": "1476141163", "direction": "0", "dep_dt": "1476141240", "route_id": "Red", "dwell_time_sec": "77"}, {"arr_dt": "1476141338", "direction": "0", "dep_dt": "1476141412", "route_id": "Red", "dwell_time_sec": "74"}, {"arr_dt": "1476141691", "direction": "0", "dep_dt": "1476141762", "route_id": "Red", "dwell_time_sec": "71"}, {"arr_dt": "1476141866", "direction": "0", "dep_dt": "1476141939", "route_id": "Red", "dwell_time_sec": "73"}, {"arr_dt": "1476142053", "direction": "0", "dep_dt": "1476142115", "route_id": "Red", "dwell_time_sec": "62"}, {"arr_dt": "1476142664", "direction": "0", "dep_dt": "1476142736", "route_id": "Red", "dwell_time_sec": "72"}, {"arr_dt": "1476142863", "direction": "0", "dep_dt": "1476142926", "route_id": "Red", "dwell_time_sec": "63"}, {"arr_dt": "1476143275", "direction": "0", "dep_dt": "1476143362", "route_id": "Red", "dwell_time_sec": "87"}, {"arr_dt": "1476143460", "direction": "0", "dep_dt": "1476143538", "route_id": "Red", "dwell_time_sec": "78"}, {"arr_dt": "1476143728", "direction": "0", "dep_dt": "1476143806", "route_id": "Red", "dwell_time_sec": "78"}, {"arr_dt": "1476143995", "direction": "0", "dep_dt": "1476144069", "route_id": "Red", "dwell_time_sec": "74"}, {"arr_dt": "1476144170", "direction": "0", "dep_dt": "1476144231", "route_id": "Red", "dwell_time_sec": "61"}, {"arr_dt": "1476144519", "direction": "0", "dep_dt": "1476144590", "route_id": "Red", "dwell_time_sec": "71"}, {"arr_dt": "1476144767", "direction": "0", "dep_dt": "1476144844", "route_id": "Red", "dwell_time_sec": "77"}, {"arr_dt": "1476145692", "direction": "0", "dep_dt": "1476145766", "route_id": "Red", "dwell_time_sec": "74"}, {"arr_dt": "1476145895", "direction": "0", "dep_dt": "1476145966", "route_id": "Red", "dwell_time_sec": "71"}, {"arr_dt": "1476146255", "direction": "0", "dep_dt": "1476146326", "route_id": "Red", "dwell_time_sec": "71"}, {"arr_dt": "1476146487", "direction": "0", "dep_dt": "1476146567", "route_id": "Red", "dwell_time_sec": "80"}, {"arr_dt": "1476146928", "direction": "0", "dep_dt": "1476146986", "route_id": "Red", "dwell_time_sec": "58"}, {"arr_dt": "1476147143", "direction": "0", "dep_dt": "1476147213", "route_id": "Red", "dwell_time_sec": "70"}, {"arr_dt": "1476147477", "direction": "0", "dep_dt": "1476147545", "route_id": "Red", "dwell_time_sec": "68"}, {"arr_dt": "1476147717", "direction": "0", "dep_dt": "1476147776", "route_id": "Red", "dwell_time_sec": "59"}, {"arr_dt": "1476148160", "direction": "0", "dep_dt": "1476148228", "route_id": "Red", "dwell_time_sec": "68"}, {"arr_dt": "1476148572", "direction": "0", "dep_dt": "1476148641", "route_id": "Red", "dwell_time_sec": "69"}, {"arr_dt": "1476148877", "direction": "0", "dep_dt": "1476148959", "route_id": "Red", "dwell_time_sec": "82"}, {"arr_dt": "1476149099", "direction": "0", "dep_dt": "1476149163", "route_id": "Red", "dwell_time_sec": "64"}, {"arr_dt": "1476149465", "direction": "0", "dep_dt": "1476149535", "route_id": "Red", "dwell_time_sec": "70"}, {"arr_dt": "1476149786", "direction": "0", "dep_dt": "1476149853", "route_id": "Red", "dwell_time_sec": "67"}, {"arr_dt": "1476150317", "direction": "0", "dep_dt": "1476150383", "route_id": "Red", "dwell_time_sec": "66"}, {"arr_dt": "1476150716", "direction": "0", "dep_dt": "1476150781", "route_id": "Red", "dwell_time_sec": "65"}, {"arr_dt": "1476151016", "direction": "0", "dep_dt": "1476151076", "route_id": "Red", "dwell_time_sec": "60"}, {"arr_dt": "1476151353", "direction": "0", "dep_dt": "1476151408", "route_id": "Red", "dwell_time_sec": "55"}, {"arr_dt": "1476151937", "direction": "0", "dep_dt": "1476152021", "route_id": "Red", "dwell_time_sec": "84"}, {"arr_dt": "1476152211", "direction": "0", "dep_dt": "1476152288", "route_id": "Red", "dwell_time_sec": "77"}, {"arr_dt": "1476152560", "direction": "0", "dep_dt": "1476152629", "route_id": "Red", "dwell_time_sec": "69"}, {"arr_dt": "1476152863", "direction": "0", "dep_dt": "1476152934", "route_id": "Red", "dwell_time_sec": "71"}, {"arr_dt": "1476153050", "direction": "0", "dep_dt": "1476153133", "route_id": "Red", "dwell_time_sec": "83"}, {"arr_dt": "1476153409", "direction": "0", "dep_dt": "1476153487", "route_id": "Red", "dwell_time_sec": "78"}, {"arr_dt": "1476153605", "direction": "0", "dep_dt": "1476153704", "route_id": "Red", "dwell_time_sec": "99"}, {"arr_dt": "1476154130", "direction": "0", "dep_dt": "1476154218", "route_id": "Red", "dwell_time_sec": "88"}, {"arr_dt": "1476154341", "direction": "0", "dep_dt": "1476154423", "route_id": "Red", "dwell_time_sec": "82"}, {"arr_dt": "1476154737", "direction": "0", "dep_dt": "1476154810", "route_id": "Red", "dwell_time_sec": "73"}, {"arr_dt": "1476155090", "direction": "0", "dep_dt": "1476155161", "route_id": "Red", "dwell_time_sec": "71"}, {"arr_dt": "1476155552", "direction": "0", "dep_dt": "1476155719", "route_id": "Red", "dwell_time_sec": "167"}, {"arr_dt": "1476156240", "direction": "0", "dep_dt": "1476156310", "route_id": "Red", "dwell_time_sec": "70"}, {"arr_dt": "1476156610", "direction": "0", "dep_dt": "1476156697", "route_id": "Red", "dwell_time_sec": "87"}, {"arr_dt": "1476156948", "direction": "0", "dep_dt": "1476157018", "route_id": "Red", "dwell_time_sec": "70"}, {"arr_dt": "1476157347", "direction": "0", "dep_dt": "1476157410", "route_id": "Red", "dwell_time_sec": "63"}, {"arr_dt": "1476157632", "direction": "0", "dep_dt": "1476157693", "route_id": "Red", "dwell_time_sec": "61"}, {"arr_dt": "1476157909", "direction": "0", "dep_dt": "1476157964", "route_id": "Red", "dwell_time_sec": "55"}]}