{"dwell_times": [{"arr_dt": "1456895038", "direction": "0", "dep_dt": "1456895127", "route_id": "Red", "dwell_time_sec": "89"}, {"arr_dt": "1456895527", "direction": "0", "dep_dt": "1456895609", "route_id": "Red", "dwell_time_sec": "82"}, {"arr_dt": "1456895826", "direction": "0", "dep_dt": "1456895919", "route_id": "Red", "dwell_time_sec": "93"}, {"arr_dt": "1456896162", "direction": "0", "dep_dt": "1456896218", "route_id": "Red", "dwell_time_sec": "56"}, {"arr_dt": "1456896694", "direction": "0", "dep_dt": "1456896757", "route_id": "Red", "dwell_time_sec": "63"}, {"arr_dt": "1456897100", "direction": "0", "dep_dt": "1456897176", "route_id": "Red", "dwell_time_sec": "76"}, {"arr_dt": "1456897810", "direction": "0", "dep_dt": "1456899490", "route_id": "Red", "dwell_time_sec": "1680"}, {"arr_dt": "1456914782", "direction": "0", "dep_dt": "1456914858", "route_id": "Red", "dwell_time_sec": "76"}, {"arr_dt": "1456915432", "direction": "0", "dep_dt": "1456915521", "route_id": "Red", "dwell_time_sec": "89"}, {"arr_dt": "1456915755", "direction": "0", "dep_dt": "1456915839", "route_id": "Red", "dwell_time_sec": "84"}, {"arr_dt": "1456916191", "direction": "0", "dep_dt": "1456916250", "route_id": "Red", "dwell_time_sec": "59"}, {"arr_dt": "1456916598", "direction": "0", "dep_dt": "1456916660", "route_id": "Red", "dwell_time_sec": "62"}, {"arr_dt": "1456917027", "direction": "0", "dep_dt": "1456917082", "route_id": "Red", "dwell_time_sec": "55"}, {"arr_dt": "1456917581", "direction": "0", "dep_dt": "1456917644", "route_id": "Red", "dwell_time_sec": "63"}, {"arr_dt": "1456917964", "direction": "0", "dep_dt": "1456918021", "route_id": "Red", "dwell_time_sec": "57"}, {"arr_dt": "1456918490", "direction": "0", "dep_dt": "1456918551", "route_id": "Red", "dwell_time_sec": "61"}, {"arr_dt": "1456918677", "direction": "0", "dep_dt": "1456918739", "route_id": "Red", "dwell_time_sec": "62"}, {"arr_dt": "1456919087", "direction": "0", "dep_dt": "1456919157", "route_id": "Red", "dwell_time_sec": "70"}, {"arr_dt": "1456919300", "direction": "0", "dep_dt": "1456919361", "route_id": "Red", "dwell_time_sec": "61"}, {"arr_dt": "1456919737", "direction": "0", "dep_dt": "1456919803", "route_id": "Red", "dwell_time_sec": "66"}, {"arr_dt": "1456920092", "direction": "0", "dep_dt": "1456920173", "route_id": "Red", "dwell_time_sec": "81"}, {"arr_dt": "1456920313", "direction": "0", "dep_dt": "1456920381", "route_id": "Red", "dwell_time_sec": "68"}, {"arr_dt": "1456920518", "direction": "0", "dep_dt": "1456920579", "route_id": "Red", "dwell_time_sec": "61"}, {"arr_dt": "1456920751", "direction": "0", "dep_dt": "1456920819", "route_id": "Red", "dwell_time_sec": "68"}, {"arr_dt": "1456920935", "direction": "0", "dep_dt": "1456920993", "route_id": "Red", "dwell_time_sec": "58"}, {"arr_dt": "1456921346", "direction": "0", "dep_dt": "1456921421", "route_id": "Red", "dwell_time_sec": "75"}, {"arr_dt": "1456921529", "direction": "0", "dep_dt": "1456921602", "route_id": "Red", "dwell_time_sec": "73"}, {"arr_dt": "1456921866", "direction": "0", "dep_dt": "1456921956", "route_id": "Red", "dwell_time_sec": "90"}, {"arr_dt": "1456922076", "direction": "0", "dep_dt": "1456922165", "route_id": "Red", "dwell_time_sec": "89"}, {"arr_dt": "1456922357", "direction": "0", "dep_dt": "1456922434", "route_id": "Red", "dwell_time_sec": "77"}, {"arr_dt": "1456922551", "direction": "0", "dep_dt": "1456922642", "route_id": "Red", "dwell_time_sec": "91"}, {"arr_dt": "1456922786", "direction": "0", "dep_dt": "1456922870", "route_id": "Red", "dwell_time_sec": "84"}, {"arr_dt": "1456922977", "direction": "0", "dep_dt": "1456923050", "route_id": "Red", "dwell_time_sec": "73"}, {"arr_dt": "1456923159", "direction": "0", "dep_dt": "1456923223", "route_id": "Red", "dwell_time_sec": "64"}, {"arr_dt": "1456923330", "direction": "0", "dep_dt": "1456923394", "route_id": "Red", "dwell_time_sec": "64"}, {"arr_dt": "1456923700", "direction": "0", "dep_dt": "1456923806", "route_id": "Red", "dwell_time_sec": "106"}, {"arr_dt": "1456923949", "direction": "0", "dep_dt": "1456924038", "route_id": "Red", "dwell_time_sec": "89"}, {"arr_dt": "1456924150", "direction": "0", "dep_dt": "1456924238", "route_id": "Red", "dwell_time_sec": "88"}, {"arr_dt": "1456924422", "direction": "0", "dep_dt": "1456924556", "route_id": "Red", "dwell_time_sec": "134"}, {"arr_dt": "1456924673", "direction": "0", "dep_dt": "1456924762", "route_id": "Red", "dwell_time_sec": "89"}, {"arr_dt": "1456924874", "direction": "0", "dep_dt": "1456924969", "route_id": "Red", "dwell_time_sec": "95"}, {"arr_dt": "1456925285", "direction": "0", "dep_dt": "1456925414", "route_id": "Red", "dwell_time_sec": "129"}, {"arr_dt": "1456925526", "direction": "0", "dep_dt": "1456925623", "route_id": "Red", "dwell_time_sec": "97"}, {"arr_dt": "1456925812", "direction": "0", "dep_dt": "1456925961", "route_id": "Red", "dwell_time_sec": "149"}, {"arr_dt": "1456926077", "direction": "0", "dep_dt": "1456926192", "route_id": "Red", "dwell_time_sec": "115"}, {"arr_dt": "1456926283", "direction": "0", "dep_dt": "1456926383", "route_id": "Red", "dwell_time_sec": "100"}, {"arr_dt": "1456926505", "direction": "0", "dep_dt": "1456926614", "route_id": "Red", "dwell_time_sec": "109"}, {"arr_dt": "1456926726", "direction": "0", "dep_dt": "1456926862", "route_id": "Red", "dwell_time_sec": "136"}, {"arr_dt": "1456927044", "direction": "0", "dep_dt": "1456927164", "route_id": "Red", "dwell_time_sec": "120"}, {"arr_dt": "1456927344", "direction": "0", "dep_dt": "1456927454", "route_id": "Red", "dwell_time_sec": "110"}, {"arr_dt": "1456927576", "direction": "0", "dep_dt": "1456927665", "route_id": "Red", "dwell_time_sec": "89"}, {"arr_dt": "1456927775", "direction": "0", "dep_dt": "1456927873", "route_id": "Red", "dwell_time_sec": "98"}, {"arr_dt": "1456927983", "direction": "0", "dep_dt": "1456928088", "route_id": "Red", "dwell_time_sec": "105"}, {"arr_dt": "1456928187", "direction": "0", "dep_dt": "1456928271", "route_id": "Red", "dwell_time_sec": "84"}, {"arr_dt": "1456928402", "direction": "0", "dep_dt": "1456928488", "route_id": "Red", "dwell_time_sec": "86"}, {"arr_dt": "1456928599", "direction": "0", "dep_dt": "1456928687", "route_id": "Red", "dwell_time_sec": "88"}, {"arr_dt": "1456928771", "direction": "0", "dep_dt": "1456928848", "route_id": "Red", "dwell_time_sec": "77"}, {"arr_dt": "1456928948", "direction": "0", "dep_dt": "1456929056", "route_id": "Red", "dwell_time_sec": "108"}, {"arr_dt": "1456929324", "direction": "0", "dep_dt": "1456929444", "route_id": "Red", "dwell_time_sec": "120"}, {"arr_dt": "1456929555", "direction": "0", "dep_dt": "1456929631", "route_id": "Red", "dwell_time_sec": "76"}, {"arr_dt": "1456929741", "direction": "0", "dep_dt": "1456929796", "route_id": "Red", "dwell_time_sec": "55"}, {"arr_dt": "1456929938", "direction": "0", "dep_dt": "1456930030", "route_id": "Red", "dwell_time_sec": "92"}, {"arr_dt": "1456930239", "direction": "0", "dep_dt": "1456930318", "route_id": "Red", "dwell_time_sec": "79"}, {"arr_dt": "1456930425", "direction": "0", "dep_dt": "1456930526", "route_id": "Red", "dwell_time_sec": "101"}, {"arr_dt": "1456930620", "direction": "0", "dep_dt": "1456930676", "route_id": "Red", "dwell_time_sec": "56"}, {"arr_dt": "1456930842", "direction": "0", "dep_dt": "1456930905", "route_id": "Red", "dwell_time_sec": "63"}, {"arr_dt": "1456931242", "direction": "0", "dep_dt": "1456931325", "route_id": "Red", "dwell_time_sec": "83"}, {"arr_dt": "1456931428", "direction": "0", "dep_dt": "1456931506", "route_id": "Red", "dwell_time_sec": "78"}, {"arr_dt": "1456931654", "direction": "0", "dep_dt": "1456931725", "route_id": "Red", "dwell_time_sec": "71"}, {"arr_dt": "1456931828", "direction": "0", "dep_dt": "1456931887", "route_id": "Red", "dwell_time_sec": "59"}, {"arr_dt": "1456932057", "direction": "0", "dep_dt": "1456932123", "route_id": "Red", "dwell_time_sec": "66"}, {"arr_dt": "1456932234", "direction": "0", "dep_dt": "1456932289", "route_id": "Red", "dwell_time_sec": "55"}, {"arr_dt": "1456932458", "direction": "0", "dep_dt": "1456932513", "route_id": "Red", "dwell_time_sec": "55"}, {"arr_dt": "1456932770", "direction": "0", "dep_dt": "1456932847", "route_id": "Red", "dwell_time_sec": "77"}, {"arr_dt": "1456933195", "direction": "0", "dep_dt": "1456933276", "route_id": "Red", "dwell_time_sec": "81"}, {"arr_dt": "1456933681", "direction": "0", "dep_dt": "1456933764", "route_id": "Red", "dwell_time_sec": "83"}, {"arr_dt": "1456933919", "direction": "0", "dep_dt": "1456934036", "route_id": "Red", "dwell_time_sec": "117"}, {"arr_dt": "1456934398", "direction": "0", "dep_dt": "1456934498", "route_id": "Red", "dwell_time_sec": "100"}, {"arr_dt": "1456934591", "direction": "0", "dep_dt": "1456934665", "route_id": "Red", "dwell_time_sec": "74"}, {"arr_dt": "1456934905", "direction": "0", "dep_dt": "1456934972", "route_id": "Red", "dwell_time_sec": "67"}, {"arr_dt": "1456935373", "direction": "0", "dep_dt": "1456935468", "route_id": "Red", "dwell_time_sec": "95"}, {"arr_dt": "1456935686", "direction": "0", "dep_dt": "1456935747", "route_id": "Red", "dwell_time_sec": "61"}, {"arr_dt": "1456936132", "direction": "0", "dep_dt": "1456936214", "route_id": "Red", "dwell_time_sec": "82"}, {"arr_dt": "1456936449", "direction": "0", "dep_dt": "1456936517", "route_id": "Red", "dwell_time_sec": "68"}, {"arr_dt": "1456937018", "direction": "0", "dep_dt": "1456937116", "route_id": "Red", "dwell_time_sec": "98"}, {"arr_dt": "1456937330", "direction": "0", "dep_dt": "1456937395", "route_id": "Red", "dwell_time_sec": "65"}, {"arr_dt": "1456937647", "direction": "0", "dep_dt": "1456937706", "route_id": "Red", "dwell_time_sec": "59"}, {"arr_dt": "1456937996", "direction": "0", "dep_dt": "1456938076", "route_id": "Red", "dwell_time_sec": "80"}, {"arr_dt": "1456938521", "direction": "0", "dep_dt": "1456938583", "route_id": "Red", "dwell_time_sec": "62"}, {"arr_dt": "1456938963", "direction": "0", "dep_dt": "1456939100", "route_id": "Red", "dwell_time_sec": "137"}, {"arr_dt": "1456939345", "direction": "0", "dep_dt": "1456939442", "route_id": "Red", "dwell_time_sec": "97"}, {"arr_dt": "1456939743", "direction": "0", "dep_dt": "1456939810", "route_id": "Red", "dwell_time_sec": "67"}, {"arr_dt": "1456940223", "direction": "0", "dep_dt": "1456940297", "route_id": "Red", "dwell_time_sec": "74"}, {"arr_dt": "1456940532", "direction": "0", "dep_dt": "1456940594", "route_id": "Red", "dwell_time_sec": "62"}, {"arr_dt": "1456941022", "direction": "0", "dep_dt": "1456941118", "route_id": "Red", "dwell_time_sec": "96"}, {"arr_dt": "1456941513", "direction": "0", "dep_dt": "1456941603", "route_id": "Red", "dwell_time_sec": "90"}, {"arr_dt": "1456941987", "direction": "0", "dep_dt": "1456942065", "route_id": "Red", "dwell_time_sec": "78"}, {"arr_dt": "1456942271", "direction": "0", "dep_dt": "1456942344", "route_id": "Red", "dwell_time_sec": "73"}, {"arr_dt": "1456942751", "direction": "0", "dep_dt": "1456942826", "route_id": "Red", "dwell_time_sec": "75"}, {"arr_dt": "1456942974", "direction": "0", "dep_dt": "1456943035", "route_id": "Red", "dwell_time_sec": "61"}, {"arr_dt": "1456943564", "direction": "0", "dep_dt": "1456943628", "route_id": "Red", "dwell_time_sec": "64"}, {"arr_dt": "1456943887", "direction": "0", "dep_dt": "1456943973", "route_id": "Red", "dwell_time_sec": "86"}, {"arr_dt": "1456944503", "direction": "0", "dep_dt": "1456944589", "route_id": "Red", "dwell_time_sec": "86"}, {"arr_dt": "1456944756", "direction": "0", "dep_dt": "1456944825", "route_id": "Red", "dwell_time_sec": "69"}, {"arr_dt": "1456945416", "direction": "0", "dep_dt": "1456945484", "route_id": "Red", "dwell_time_sec": "68"}, {"arr_dt": "1456945644", "direction": "0", "dep_dt": "1456945709", "route_id": "Red", "dwell_time_sec": "65"}, {"arr_dt": "1456946207", "direction": "0", "dep_dt": "1456946280", "route_id": "Red", "dwell_time_sec": "73"}, {"arr_dt": "1456946429", "direction": "0", "dep_dt": "1456946723", "route_id": "Red", "dwell_time_sec": "294"}, {"arr_dt": "1456946831", "direction": "0", "dep_dt": "1456946927", "route_id": "Red", "dwell_time_sec": "96"}, {"arr_dt": "1456947276", "direction": "0", "dep_dt": "1456947459", "route_id": "Red", "dwell_time_sec": "183"}, {"arr_dt": "1456947918", "direction": "0", "dep_dt": "1456948028", "route_id": "Red", "dwell_time_sec": "110"}, {"arr_dt": "1456948307", "direction": "0", "dep_dt": "1456948372", "route_id": "Red", "dwell_time_sec": "65"}, {"arr_dt": "1456948562", "direction": "0", "dep_dt": "1456948648", "route_id": "Red", "dwell_time_sec": "86"}, {"arr_dt": "1456948817", "direction": "0", "dep_dt": "1456948906", "route_id": "Red", "dwell_time_sec": "89"}, {"arr_dt": "1456949248", "direction": "0", "dep_dt": "1456949346", "route_id": "Red", "dwell_time_sec": "98"}, {"arr_dt": "1456949695", "direction": "0", "dep_dt": "1456949785", "route_id": "Red", "dwell_time_sec": "90"}, {"arr_dt": "1456950267", "direction": "0", "dep_dt": "1456950358", "route_id": "Red", "dwell_time_sec": "91"}, {"arr_dt": "1456950857", "direction": "0", "dep_dt": "1456950952", "route_id": "Red", "dwell_time_sec": "95"}, {"arr_dt": "1456951077", "direction": "0", "dep_dt": "1456951165", "route_id": "Red", "dwell_time_sec": "88"}, {"arr_dt": "1456951403", "direction": "0", "dep_dt": "1456951488", "route_id": "Red", "dwell_time_sec": "85"}, {"arr_dt": "1456951584", "direction": "0", "dep_dt": "1456951697", "route_id": "Red", "dwell_time_sec": "113"}, {"arr_dt": "1456951832", "direction": "0", "dep_dt": "1456951908", "route_id": "Red", "dwell_time_sec": "76"}, {"arr_dt": "1456952203", "direction": "0", "dep_dt": "1456952296", "route_id": "Red", "dwell_time_sec": "93"}, {"arr_dt": "1456952494", "direction": "0", "dep_dt": "1456952548", "route_id": "Red", "dwell_time_sec": "54"}, {"arr_dt": "1456952873", "direction": "0", "dep_dt": "1456952988", "route_id": "Red", "dwell_time_sec": "115"}, {"arr_dt": "1456953272", "direction": "0", "dep_dt": "1456953352", "route_id": "Red", "dwell_time_sec": "80"}, {"arr_dt": "1456953789", "direction": "0", "dep_dt": "1456953904", "route_id": "Red", "dwell_time_sec": "115"}, {"arr_dt": "1456953997", "direction": "0", "dep_dt": "1456954092", "route_id": "Red", "dwell_time_sec": "95"}, {"arr_dt": "1456954230", "direction": "0", "dep_dt": "1456954334", "route_id": "Red", "dwell_time_sec": "104"}, {"arr_dt": "1456954473", "direction": "0", "dep_dt": "1456954556", "route_id": "Red", "dwell_time_sec": "83"}, {"arr_dt": "1456954674", "direction": "0", "dep_dt": "1456954756", "route_id": "Red", "dwell_time_sec": "82"}, {"arr_dt": "1456954893", "direction": "0", "dep_dt": "1456954998", "route_id": "Red", "dwell_time_sec": "105"}, {"arr_dt": "1456955091", "direction": "0", "dep_dt": "1456955215", "route_id": "Red", "dwell_time_sec": "124"}, {"arr_dt": "1456955420", "direction": "0", "dep_dt": "1456955537", "route_id": "Red", "dwell_time_sec": "117"}, {"arr_dt": "1456955632", "direction": "0", "dep_dt": "1456955718", "route_id": "Red", "dwell_time_sec": "86"}, {"arr_dt": "1456955864", "direction": "0", "dep_dt": "1456955951", "route_id": "Red", "dwell_time_sec": "87"}, {"arr_dt": "1456956059", "direction": "0", "dep_dt": "1456956156", "route_id": "Red", "dwell_time_sec": "97"}, {"arr_dt": "1456956264", "direction": "0", "dep_dt": "1456956361", "route_id": "Red", "dwell_time_sec": "97"}, {"arr_dt": "1456956655", "direction": "0", "dep_dt": "1456956774", "route_id": "Red", "dwell_time_sec": "119"}, {"arr_dt": "1456956867", "direction": "0", "dep_dt": "1456956990", "route_id": "Red", "dwell_time_sec": "123"}, {"arr_dt": "1456957206", "direction": "0", "dep_dt": "1456957302", "route_id": "Red", "dwell_time_sec": "96"}, {"arr_dt": "1456957431", "direction": "0", "dep_dt": "1456957532", "route_id": "Red", "dwell_time_sec": "101"}, {"arr_dt": "1456957642", "direction": "0", "dep_dt": "1456957744", "route_id": "Red", "dwell_time_sec": "102"}, {"arr_dt": "1456957876", "direction": "0", "dep_dt": "1456958037", "route_id": "Red", "dwell_time_sec": "161"}, {"arr_dt": "1456958139", "direction": "0", "dep_dt": "1456958234", "route_id": "Red", "dwell_time_sec": "95"}, {"arr_dt": "1456958338", "direction": "0", "dep_dt": "1456958444", "route_id": "Red", "dwell_time_sec": "106"}, {"arr_dt": "1456958534", "direction": "0", "dep_dt": "1456958635", "route_id": "Red", "dwell_time_sec": "101"}, {"arr_dt": "1456958806", "direction": "0", "dep_dt": "1456958908", "route_id": "Red", "dwell_time_sec": "102"}, {"arr_dt": "1456959036", "direction": "0", "dep_dt": "1456959142", "route_id": "Red", "dwell_time_sec": "106"}, {"arr_dt": "1456959233", "direction": "0", "dep_dt": "1456959328", "route_id": "Red", "dwell_time_sec": "95"}, {"arr_dt": "1456959449", "direction": "0", "dep_dt": "1456959557", "route_id": "Red", "dwell_time_sec": "108"}, {"arr_dt": "1456959650", "direction": "0", "dep_dt": "1456959741", "route_id": "Red", "dwell_time_sec": "91"}, {"arr_dt": "1456959982", "direction": "0", "dep_dt": "1456960080", "route_id": "Red", "dwell_time_sec": "98"}, {"arr_dt": "1456960197", "direction": "0", "dep_dt": "1456960287", "route_id": "Red", "dwell_time_sec": "90"}, {"arr_dt": "1456960462", "direction": "0", "dep_dt": "1456960563", "route_id": "Red", "dwell_time_sec": "101"}, {"arr_dt": "1456960752", "direction": "0", "dep_dt": "1456960868", "route_id": "Red", "dwell_time_sec": "116"}, {"arr_dt": "1456960960", "direction": "0", "dep_dt": "1456961035", "route_id": "Red", "dwell_time_sec": "75"}, {"arr_dt": "1456961146", "direction": "0", "dep_dt": "1456961244", "route_id": "Red", "dwell_time_sec": "98"}, {"arr_dt": "1456961386", "direction": "0", "dep_dt": "1456961476", "route_id": "Red", "dwell_time_sec": "90"}, {"arr_dt": "1456961630", "direction": "0", "dep_dt": "1456961718", "route_id": "Red", "dwell_time_sec": "88"}, {"arr_dt": "1456961821", "direction": "0", "dep_dt": "1456961898", "route_id": "Red", "dwell_time_sec": "77"}, {"arr_dt": "1456962025", "direction": "0", "dep_dt": "1456962119", "route_id": "Red", "dwell_time_sec": "94"}, {"arr_dt": "1456962321", "direction": "0", "dep_dt": "1456962408", "route_id": "Red", "dwell_time_sec": "87"}, {"arr_dt": "1456962814", "direction": "0", "dep_dt": "1456962914", "route_id": "Red", "dwell_time_sec": "100"}, {"arr_dt": "1456963011", "direction": "0", "dep_dt": "1456963105", "route_id": "Red", "dwell_time_sec": "94"}, {"arr_dt": "1456963211", "direction": "0", "dep_dt": "1456963296", "route_id": "Red", "dwell_time_sec": "85"}, {"arr_dt": "1456963419", "direction": "0", "dep_dt": "1456963490", "route_id": "Red", "dwell_time_sec": "71"}, {"arr_dt": "1456963729", "direction": "0", "dep_dt": "1456963815", "route_id": "Red", "dwell_time_sec": "86"}, {"arr_dt": "1456963934", "direction": "0", "dep_dt": "1456964018", "route_id": "Red", "dwell_time_sec": "84"}, {"arr_dt": "1456964195", "direction": "0", "dep_dt": "1456964269", "route_id": "Red", "dwell_time_sec": "74"}, {"arr_dt": "1456964383", "direction": "0", "dep_dt": "1456964508", "route_id": "Red", "dwell_time_sec": "125"}, {"arr_dt": "1456964781", "direction": "0", "dep_dt": "1456964904", "route_id": "Red", "dwell_time_sec": "123"}, {"arr_dt": "1456965018", "direction": "0", "dep_dt": "1456965116", "route_id": "Red", "dwell_time_sec": "98"}, {"arr_dt": "1456965211", "direction": "0", "dep_dt": "1456965288", "route_id": "Red", "dwell_time_sec": "77"}, {"arr_dt": "1456965471", "direction": "0", "dep_dt": "1456965556", "route_id": "Red", "dwell_time_sec": "85"}, {"arr_dt": "1456965864", "direction": "0", "dep_dt": "1456965953", "route_id": "Red", "dwell_time_sec": "89"}, {"arr_dt": "1456966049", "direction": "0", "dep_dt": "1456966132", "route_id": "Red", "dwell_time_sec": "83"}, {"arr_dt": "1456966230", "direction": "0", "dep_dt": "1456966309", "route_id": "Red", "dwell_time_sec": "79"}, {"arr_dt": "1456966418", "direction": "0", "dep_dt": "1456966512", "route_id": "Red", "dwell_time_sec": "94"}, {"arr_dt": "1456966720", "direction": "0", "dep_dt": "1456966823", "route_id": "Red", "dwell_time_sec": "103"}, {"arr_dt": "1456966946", "direction": "0", "dep_dt": "1456967151", "route_id": "Red", "dwell_time_sec": "205"}, {"arr_dt": "1456967261", "direction": "0", "dep_dt": "1456967327", "route_id": "Red", "dwell_time_sec": "66"}, {"arr_dt": "1456967474", "direction": "0", "dep_dt": "1456967539", "route_id": "Red", "dwell_time_sec": "65"}, {"arr_dt": "1456967828", "direction": "0", "dep_dt": "1456967907", "route_id": "Red", "dwell_time_sec": "79"}, {"arr_dt": "1456968263", "direction": "0", "dep_dt": "1456968330", "route_id": "Red", "dwell_time_sec": "67"}, {"arr_dt": "1456968810", "direction": "0", "dep_dt": "1456968924", "route_id": "Red", "dwell_time_sec": "114"}, {"arr_dt": "1456968997", "direction": "0", "dep_dt": "1456969072", "route_id": "Red", "dwell_time_sec": "75"}, {"arr_dt": "1456969503", "direction": "0", "dep_dt": "1456969570", "route_id": "Red", "dwell_time_sec": "67"}, {"arr_dt": "1456969952", "direction": "0", "dep_dt": "1456970028", "route_id": "Red", "dwell_time_sec": "76"}, {"arr_dt": "1456970313", "direction": "0", "dep_dt": "1456970382", "route_id": "Red", "dwell_time_sec": "69"}, {"arr_dt": "1456970719", "direction": "0", "dep_dt": "1456970805", "route_id": "Red", "dwell_time_sec": "86"}, {"arr_dt": "1456971300", "direction": "0", "dep_dt": "1456971378", "route_id": "Red", "dwell_time_sec": "78"}, {"arr_dt": "1456971508", "direction": "0", "dep_dt": "1456971589", "route_id": "Red", "dwell_time_sec": "81"}, {"arr_dt": "1456971682", "direction": "0", "dep_dt": "1456971763", "route_id": "Red", "dwell_time_sec": "81"}, {"arr_dt": "1456971997", "direction": "0", "dep_dt": "1456972063", "route_id": "Red", "dwell_time_sec": "66"}, {"arr_dt": "1456972452", "direction": "0", "dep_dt": "1456972546", "route_id": "Red", "dwell_time_sec": "94"}, {"arr_dt": "1456972920", "direction": "0", "dep_dt": "1456973000", "route_id": "Red", "dwell_time_sec": "80"}, {"arr_dt": "1456973100", "direction": "0", "dep_dt": "1456973157", "route_id": "Red", "dwell_time_sec": "57"}, {"arr_dt": "1456973419", "direction": "0", "dep_dt": "1456973484", "route_id": "Red", "dwell_time_sec": "65"}, {"arr_dt": "1456973997", "direction": "0", "dep_dt": "1456974071", "route_id": "Red", "dwell_time_sec": "74"}, {"arr_dt": "1456974232", "direction": "0", "dep_dt": "1456974305", "route_id": "Red", "dwell_time_sec": "73"}, {"arr_dt": "1456974690", "direction": "0", "dep_dt": "1456974772", "route_id": "Red", "dwell_time_sec": "82"}, {"arr_dt": "1456974882", "direction": "0", "dep_dt": "1456974958", "route_id": "Red", "dwell_time_sec": "76"}, {"arr_dt": "1456975269", "direction": "0", "dep_dt": "1456975333", "route_id": "Red", "dwell_time_sec": "64"}, {"arr_dt": "1456975480", "direction": "0", "dep_dt": "1456975546", "route_id": "Red", "dwell_time_sec": "66"}, {"arr_dt": "1456975907", "direction": "0", "dep_dt": "1456975975", "route_id": "Red", "dwell_time_sec": "68"}, {"arr_dt": "1456976226", "direction": "0", "dep_dt": "1456976317", "route_id": "Red", "dwell_time_sec": "91"}, {"arr_dt": "1456976754", "direction": "0", "dep_dt": "1456976817", "route_id": "Red", "dwell_time_sec": "63"}, {"arr_dt": "1456977021", "direction": "0", "dep_dt": "1456977153", "route_id": "Red", "dwell_time_sec": "132"}, {"arr_dt": "1456977691", "direction": "0", "dep_dt": "1456977758", "route_id": "Red", "dwell_time_sec": "67"}, {"arr_dt": "1456978011", "direction": "0", "dep_dt": "1456978076", "route_id": "Red", "dwell_time_sec": "65"}, {"arr_dt": "1456978358", "direction": "0", "dep_dt": "1456978430", "route_id": "Red", "dwell_time_sec": "72"}, {"arr_dt": "1456978775", "direction": "0", "dep_dt": "1456978839", "route_id": "Red", "dwell_time_sec": "64"}, {"arr_dt": "1456979081", "direction": "0", "dep_dt": "1456979139", "route_id": "Red", "dwell_time_sec": "58"}, {"arr_dt": "1456979560", "direction": "0", "dep_dt": "1456979818", "route_id": "Red", "dwell_time_sec": "258"}, {"arr_dt": "1456979975", "direction": "0", "dep_dt": "1456980040", "route_id": "Red", "dwell_time_sec": "65"}, {"arr_dt": "1456980403", "direction": "0", "dep_dt": "1456980465", "route_id": "Red", "dwell_time_sec": "62"}, {"arr_dt": "1456980658", "direction": "0", "dep_dt": "1456980717", "route_id": "Red", "dwell_time_sec": "59"}, {"arr_dt": "1456980995", "direction": "0", "dep_dt": "1456981076", "route_id": "Red", "dwell_time_sec": "81"}]}