{"dwell_times": [{"arr_dt": "1479099576", "direction": "0", "dep_dt": "1479099677", "route_id": "Red", "dwell_time_sec": "101"}, {"arr_dt": "1479100258", "direction": "0", "dep_dt": "1479100358", "route_id": "Red", "dwell_time_sec": "100"}, {"arr_dt": "1479100883", "direction": "0", "dep_dt": "1479100943", "route_id": "Red", "dwell_time_sec": "60"}, {"arr_dt": "1479101449", "direction": "0", "dep_dt": "1479101715", "route_id": "Red", "dwell_time_sec": "266"}, {"arr_dt": "1479102698", "direction": "0", "dep_dt": "1479106881", "route_id": "Red", "dwell_time_sec": "4183"}, {"arr_dt": "1479119802", "direction": "0", "dep_dt": "1479119879", "route_id": "Red", "dwell_time_sec": "77"}, {"arr_dt": "1479120197", "direction": "0", "dep_dt": "1479120257", "route_id": "Red", "dwell_time_sec": "60"}, {"arr_dt": "1479120451", "direction": "0", "dep_dt": "1479120515", "route_id": "Red", "dwell_time_sec": "64"}, {"arr_dt": "1479121029", "direction": "0", "dep_dt": "1479121088", "route_id": "Red", "dwell_time_sec": "59"}, {"arr_dt": "1479121424", "direction": "0", "dep_dt": "1479121490", "route_id": "Red", "dwell_time_sec": "66"}, {"arr_dt": "1479121881", "direction": "0", "dep_dt": "1479121944", "route_id": "Red", "dwell_time_sec": "63"}, {"arr_dt": "1479122507", "direction": "0", "dep_dt": "1479122570", "route_id": "Red", "dwell_time_sec": "63"}, {"arr_dt": "1479122930", "direction": "0", "dep_dt": "1479122999", "route_id": "Red", "dwell_time_sec": "69"}, {"arr_dt": "1479123188", "direction": "0", "dep_dt": "1479123256", "route_id": "Red", "dwell_time_sec": "68"}, {"arr_dt": "1479123363", "direction": "0", "dep_dt": "1479123440", "route_id": "Red", "dwell_time_sec": "77"}, {"arr_dt": "1479123714", "direction": "0", "dep_dt": "1479123783", "route_id": "Red", "dwell_time_sec": "69"}, {"arr_dt": "1479124191", "direction": "0", "dep_dt": "1479124265", "route_id": "Red", "dwell_time_sec": "74"}, {"arr_dt": "1479124385", "direction": "0", "dep_dt": "1479124457", "route_id": "Red", "dwell_time_sec": "72"}, {"arr_dt": "1479124966", "direction": "0", "dep_dt": "1479125050", "route_id": "Red", "dwell_time_sec": "84"}, {"arr_dt": "1479125521", "direction": "0", "dep_dt": "1479125603", "route_id": "Red", "dwell_time_sec": "82"}, {"arr_dt": "1479125925", "direction": "0", "dep_dt": "1479126030", "route_id": "Red", "dwell_time_sec": "105"}, {"arr_dt": "1479126149", "direction": "0", "dep_dt": "1479126228", "route_id": "Red", "dwell_time_sec": "79"}, {"arr_dt": "1479126365", "direction": "0", "dep_dt": "1479126438", "route_id": "Red", "dwell_time_sec": "73"}, {"arr_dt": "1479126547", "direction": "0", "dep_dt": "1479126625", "route_id": "Red", "dwell_time_sec": "78"}, {"arr_dt": "1479126735", "direction": "0", "dep_dt": "1479126900", "route_id": "Red", "dwell_time_sec": "165"}, {"arr_dt": "1479127075", "direction": "0", "dep_dt": "1479127172", "route_id": "Red", "dwell_time_sec": "97"}, {"arr_dt": "1479127271", "direction": "0", "dep_dt": "1479127354", "route_id": "Red", "dwell_time_sec": "83"}, {"arr_dt": "1479127494", "direction": "0", "dep_dt": "1479127586", "route_id": "Red", "dwell_time_sec": "92"}, {"arr_dt": "1479128061", "direction": "0", "dep_dt": "1479128156", "route_id": "Red", "dwell_time_sec": "95"}, {"arr_dt": "1479128274", "direction": "0", "dep_dt": "1479128359", "route_id": "Red", "dwell_time_sec": "85"}, {"arr_dt": "1479128452", "direction": "0", "dep_dt": "1479128561", "route_id": "Red", "dwell_time_sec": "109"}, {"arr_dt": "1479128653", "direction": "0", "dep_dt": "1479128741", "route_id": "Red", "dwell_time_sec": "88"}, {"arr_dt": "1479128917", "direction": "0", "dep_dt": "1479129000", "route_id": "Red", "dwell_time_sec": "83"}, {"arr_dt": "1479129102", "direction": "0", "dep_dt": "1479129233", "route_id": "Red", "dwell_time_sec": "131"}, {"arr_dt": "1479129372", "direction": "0", "dep_dt": "1479129467", "route_id": "Red", "dwell_time_sec": "95"}, {"arr_dt": "1479129571", "direction": "0", "dep_dt": "1479129696", "route_id": "Red", "dwell_time_sec": "125"}, {"arr_dt": "1479129836", "direction": "0", "dep_dt": "1479129943", "route_id": "Red", "dwell_time_sec": "107"}, {"arr_dt": "1479130038", "direction": "0", "dep_dt": "1479130137", "route_id": "Red", "dwell_time_sec": "99"}, {"arr_dt": "1479130285", "direction": "0", "dep_dt": "1479130402", "route_id": "Red", "dwell_time_sec": "117"}, {"arr_dt": "1479130485", "direction": "0", "dep_dt": "1479130581", "route_id": "Red", "dwell_time_sec": "96"}, {"arr_dt": "1479130907", "direction": "0", "dep_dt": "1479131123", "route_id": "Red", "dwell_time_sec": "216"}, {"arr_dt": "1479131227", "direction": "0", "dep_dt": "1479131339", "route_id": "Red", "dwell_time_sec": "112"}, {"arr_dt": "1479131547", "direction": "0", "dep_dt": "1479131655", "route_id": "Red", "dwell_time_sec": "108"}, {"arr_dt": "1479131753", "direction": "0", "dep_dt": "1479131856", "route_id": "Red", "dwell_time_sec": "103"}, {"arr_dt": "1479132023", "direction": "0", "dep_dt": "1479132109", "route_id": "Red", "dwell_time_sec": "86"}, {"arr_dt": "1479132202", "direction": "0", "dep_dt": "1479132289", "route_id": "Red", "dwell_time_sec": "87"}, {"arr_dt": "1479132411", "direction": "0", "dep_dt": "1479132503", "route_id": "Red", "dwell_time_sec": "92"}, {"arr_dt": "1479132636", "direction": "0", "dep_dt": "1479132771", "route_id": "Red", "dwell_time_sec": "135"}, {"arr_dt": "1479132836", "direction": "0", "dep_dt": "1479132949", "route_id": "Red", "dwell_time_sec": "113"}, {"arr_dt": "1479133323", "direction": "0", "dep_dt": "1479133428", "route_id": "Red", "dwell_time_sec": "105"}, {"arr_dt": "1479133536", "direction": "0", "dep_dt": "1479133629", "route_id": "Red", "dwell_time_sec": "93"}, {"arr_dt": "1479133839", "direction": "0", "dep_dt": "1479133920", "route_id": "Red", "dwell_time_sec": "81"}, {"arr_dt": "1479134027", "direction": "0", "dep_dt": "1479134111", "route_id": "Red", "dwell_time_sec": "84"}, {"arr_dt": "1479134196", "direction": "0", "dep_dt": "1479134284", "route_id": "Red", "dwell_time_sec": "88"}, {"arr_dt": "1479134440", "direction": "0", "dep_dt": "1479134527", "route_id": "Red", "dwell_time_sec": "87"}, {"arr_dt": "1479134615", "direction": "0", "dep_dt": "1479134694", "route_id": "Red", "dwell_time_sec": "79"}, {"arr_dt": "1479134776", "direction": "0", "dep_dt": "1479134923", "route_id": "Red", "dwell_time_sec": "147"}, {"arr_dt": "1479134956", "direction": "0", "dep_dt": "1479135037", "route_id": "Red", "dwell_time_sec": "81"}, {"arr_dt": "1479135134", "direction": "0", "dep_dt": "1479135199", "route_id": "Red", "dwell_time_sec": "65"}, {"arr_dt": "1479135373", "direction": "0", "dep_dt": "1479135443", "route_id": "Red", "dwell_time_sec": "70"}, {"arr_dt": "1479135578", "direction": "0", "dep_dt": "1479135647", "route_id": "Red", "dwell_time_sec": "69"}, {"arr_dt": "1479135758", "direction": "0", "dep_dt": "1479135839", "route_id": "Red", "dwell_time_sec": "81"}, {"arr_dt": "1479135995", "direction": "0", "dep_dt": "1479136067", "route_id": "Red", "dwell_time_sec": "72"}, {"arr_dt": "1479136173", "direction": "0", "dep_dt": "1479136237", "route_id": "Red", "dwell_time_sec": "64"}, {"arr_dt": "1479136384", "direction": "0", "dep_dt": "1479136463", "route_id": "Red", "dwell_time_sec": "79"}, {"arr_dt": "1479136718", "direction": "0", "dep_dt": "1479136791", "route_id": "Red", "dwell_time_sec": "73"}, {"arr_dt": "1479136909", "direction": "0", "dep_dt": "1479136976", "route_id": "Red", "dwell_time_sec": "67"}, {"arr_dt": "1479137073", "direction": "0", "dep_dt": "1479137414", "route_id": "Red", "dwell_time_sec": "341"}, {"arr_dt": "1479137524", "direction": "0", "dep_dt": "1479137590", "route_id": "Red", "dwell_time_sec": "66"}, {"arr_dt": "1479138053", "direction": "0", "dep_dt": "1479138143", "route_id": "Red", "dwell_time_sec": "90"}, {"arr_dt": "1479138372", "direction": "0", "dep_dt": "1479138446", "route_id": "Red", "dwell_time_sec": "74"}, {"arr_dt": "1479138799", "direction": "0", "dep_dt": "1479138879", "route_id": "Red", "dwell_time_sec": "80"}, {"arr_dt": "1479139103", "direction": "0", "dep_dt": "1479139170", "route_id": "Red", "dwell_time_sec": "67"}, {"arr_dt": "1479139328", "direction": "0", "dep_dt": "1479139380", "route_id": "Red", "dwell_time_sec": "52"}, {"arr_dt": "1479139968", "direction": "0", "dep_dt": "1479140188", "route_id": "Red", "dwell_time_sec": "220"}, {"arr_dt": "1479140168", "direction": "0", "dep_dt": "1479140250", "route_id": "Red", "dwell_time_sec": "82"}, {"arr_dt": "1479140484", "direction": "0", "dep_dt": "1479140561", "route_id": "Red", "dwell_time_sec": "77"}, {"arr_dt": "1479140956", "direction": "0", "dep_dt": "1479141036", "route_id": "Red", "dwell_time_sec": "80"}, {"arr_dt": "1479141206", "direction": "0", "dep_dt": "1479141273", "route_id": "Red", "dwell_time_sec": "67"}, {"arr_dt": "1479141392", "direction": "0", "dep_dt": "1479141472", "route_id": "Red", "dwell_time_sec": "80"}, {"arr_dt": "1479141843", "direction": "0", "dep_dt": "1479141922", "route_id": "Red", "dwell_time_sec": "79"}, {"arr_dt": "1479142226", "direction": "0", "dep_dt": "1479142289", "route_id": "Red", "dwell_time_sec": "63"}, {"arr_dt": "1479142673", "direction": "0", "dep_dt": "1479142748", "route_id": "Red", "dwell_time_sec": "75"}, {"arr_dt": "1479143226", "direction": "0", "dep_dt": "1479143289", "route_id": "Red", "dwell_time_sec": "63"}, {"arr_dt": "1479143556", "direction": "0", "dep_dt": "1479143618", "route_id": "Red", "dwell_time_sec": "62"}, {"arr_dt": "1479144139", "direction": "0", "dep_dt": "1479144216", "route_id": "Red", "dwell_time_sec": "77"}, {"arr_dt": "1479144493", "direction": "0", "dep_dt": "1479144568", "route_id": "Red", "dwell_time_sec": "75"}, {"arr_dt": "1479145091", "direction": "0", "dep_dt": "1479145178", "route_id": "Red", "dwell_time_sec": "87"}, {"arr_dt": "1479145505", "direction": "0", "dep_dt": "1479145587", "route_id": "Red", "dwell_time_sec": "82"}, {"arr_dt": "1479146016", "direction": "0", "dep_dt": "1479146195", "route_id": "Red", "dwell_time_sec": "179"}, {"arr_dt": "1479146465", "direction": "0", "dep_dt": "1479146542", "route_id": "Red", "dwell_time_sec": "77"}, {"arr_dt": "1479146780", "direction": "0", "dep_dt": "1479146857", "route_id": "Red", "dwell_time_sec": "77"}, {"arr_dt": "1479147075", "direction": "0", "dep_dt": "1479147149", "route_id": "Red", "dwell_time_sec": "74"}, {"arr_dt": "1479147415", "direction": "0", "dep_dt": "1479147483", "route_id": "Red", "dwell_time_sec": "68"}, {"arr_dt": "1479147917", "direction": "0", "dep_dt": "1479147997", "route_id": "Red", "dwell_time_sec": "80"}, {"arr_dt": "1479148170", "direction": "0", "dep_dt": "1479148242", "route_id": "Red", "dwell_time_sec": "72"}, {"arr_dt": "1479148627", "direction": "0", "dep_dt": "1479148714", "route_id": "Red", "dwell_time_sec": "87"}, {"arr_dt": "1479148950", "direction": "0", "dep_dt": "1479149027", "route_id": "Red", "dwell_time_sec": "77"}, {"arr_dt": "1479149512", "direction": "0", "dep_dt": "1479149577", "route_id": "Red", "dwell_time_sec": "65"}, {"arr_dt": "1479150161", "direction": "0", "dep_dt": "1479150236", "route_id": "Red", "dwell_time_sec": "75"}, {"arr_dt": "1479150346", "direction": "0", "dep_dt": "1479150418", "route_id": "Red", "dwell_time_sec": "72"}, {"arr_dt": "1479150710", "direction": "0", "dep_dt": "1479150780", "route_id": "Red", "dwell_time_sec": "70"}, {"arr_dt": "1479151105", "direction": "0", "dep_dt": "1479151177", "route_id": "Red", "dwell_time_sec": "72"}, {"arr_dt": "1479151827", "direction": "0", "dep_dt": "1479151938", "route_id": "Red", "dwell_time_sec": "111"}, {"arr_dt": "1479152100", "direction": "0", "dep_dt": "1479152188", "route_id": "Red", "dwell_time_sec": "88"}, {"arr_dt": "1479152920", "direction": "0", "dep_dt": "1479153017", "route_id": "Red", "dwell_time_sec": "97"}, {"arr_dt": "1479153222", "direction": "0", "dep_dt": "1479153328", "route_id": "Red", "dwell_time_sec": "106"}, {"arr_dt": "1479153435", "direction": "0", "dep_dt": "1479153521", "route_id": "Red", "dwell_time_sec": "86"}, {"arr_dt": "1479153728", "direction": "0", "dep_dt": "1479153801", "route_id": "Red", "dwell_time_sec": "73"}, {"arr_dt": "1479154201", "direction": "0", "dep_dt": "1479154342", "route_id": "Red", "dwell_time_sec": "141"}, {"arr_dt": "1479154573", "direction": "0", "dep_dt": "1479154670", "route_id": "Red", "dwell_time_sec": "97"}, {"arr_dt": "1479154988", "direction": "0", "dep_dt": "1479155117", "route_id": "Red", "dwell_time_sec": "129"}, {"arr_dt": "1479155356", "direction": "0", "dep_dt": "1479155439", "route_id": "Red", "dwell_time_sec": "83"}, {"arr_dt": "1479155932", "direction": "0", "dep_dt": "1479156062", "route_id": "Red", "dwell_time_sec": "130"}, {"arr_dt": "1479156485", "direction": "0", "dep_dt": "1479156581", "route_id": "Red", "dwell_time_sec": "96"}, {"arr_dt": "1479156675", "direction": "0", "dep_dt": "1479156784", "route_id": "Red", "dwell_time_sec": "109"}, {"arr_dt": "1479156937", "direction": "0", "dep_dt": "1479157023", "route_id": "Red", "dwell_time_sec": "86"}, {"arr_dt": "1479157117", "direction": "0", "dep_dt": "1479157202", "route_id": "Red", "dwell_time_sec": "85"}, {"arr_dt": "1479157299", "direction": "0", "dep_dt": "1479157402", "route_id": "Red", "dwell_time_sec": "103"}, {"arr_dt": "1479157774", "direction": "0", "dep_dt": "1479157900", "route_id": "Red", "dwell_time_sec": "126"}, {"arr_dt": "1479157990", "direction": "0", "dep_dt": "1479158090", "route_id": "Red", "dwell_time_sec": "100"}, {"arr_dt": "1479158580", "direction": "0", "dep_dt": "1479158725", "route_id": "Red", "dwell_time_sec": "145"}, {"arr_dt": "1479158953", "direction": "0", "dep_dt": "1479159075", "route_id": "Red", "dwell_time_sec": "122"}, {"arr_dt": "1479159440", "direction": "0", "dep_dt": "1479159568", "route_id": "Red", "dwell_time_sec": "128"}, {"arr_dt": "1479159665", "direction": "0", "dep_dt": "1479159795", "route_id": "Red", "dwell_time_sec": "130"}, {"arr_dt": "1479159953", "direction": "0", "dep_dt": "1479160034", "route_id": "Red", "dwell_time_sec": "81"}, {"arr_dt": "1479160221", "direction": "0", "dep_dt": "1479160337", "route_id": "Red", "dwell_time_sec": "116"}, {"arr_dt": "1479160432", "direction": "0", "dep_dt": "1479160560", "route_id": "Red", "dwell_time_sec": "128"}, {"arr_dt": "1479160678", "direction": "0", "dep_dt": "1479160829", "route_id": "Red", "dwell_time_sec": "151"}, {"arr_dt": "1479160913", "direction": "0", "dep_dt": "1479161066", "route_id": "Red", "dwell_time_sec": "153"}, {"arr_dt": "1479161290", "direction": "0", "dep_dt": "1479161523", "route_id": "Red", "dwell_time_sec": "233"}, {"arr_dt": "1479161617", "direction": "0", "dep_dt": "1479161712", "route_id": "Red", "dwell_time_sec": "95"}, {"arr_dt": "1479161913", "direction": "0", "dep_dt": "1479162027", "route_id": "Red", "dwell_time_sec": "114"}, {"arr_dt": "1479162137", "direction": "0", "dep_dt": "1479162231", "route_id": "Red", "dwell_time_sec": "94"}, {"arr_dt": "1479162374", "direction": "0", "dep_dt": "1479162468", "route_id": "Red", "dwell_time_sec": "94"}, {"arr_dt": "1479162632", "direction": "0", "dep_dt": "1479162768", "route_id": "Red", "dwell_time_sec": "136"}, {"arr_dt": "1479162864", "direction": "0", "dep_dt": "1479162969", "route_id": "Red", "dwell_time_sec": "105"}, {"arr_dt": "1479163128", "direction": "0", "dep_dt": "1479163244", "route_id": "Red", "dwell_time_sec": "116"}, {"arr_dt": "1479163347", "direction": "0", "dep_dt": "1479163432", "route_id": "Red", "dwell_time_sec": "85"}, {"arr_dt": "1479163613", "direction": "0", "dep_dt": "1479163702", "route_id": "Red", "dwell_time_sec": "89"}, {"arr_dt": "1479163876", "direction": "0", "dep_dt": "1479163994", "route_id": "Red", "dwell_time_sec": "118"}, {"arr_dt": "1479164096", "direction": "0", "dep_dt": "1479164204", "route_id": "Red", "dwell_time_sec": "108"}, {"arr_dt": "1479164298", "direction": "0", "dep_dt": "1479164369", "route_id": "Red", "dwell_time_sec": "71"}, {"arr_dt": "1479164554", "direction": "0", "dep_dt": "1479164645", "route_id": "Red", "dwell_time_sec": "91"}, {"arr_dt": "1479164876", "direction": "0", "dep_dt": "1479164961", "route_id": "Red", "dwell_time_sec": "85"}, {"arr_dt": "1479165162", "direction": "0", "dep_dt": "1479165269", "route_id": "Red", "dwell_time_sec": "107"}, {"arr_dt": "1479165409", "direction": "0", "dep_dt": "1479165499", "route_id": "Red", "dwell_time_sec": "90"}, {"arr_dt": "1479165596", "direction": "0", "dep_dt": "1479165693", "route_id": "Red", "dwell_time_sec": "97"}, {"arr_dt": "1479165967", "direction": "0", "dep_dt": "1479166044", "route_id": "Red", "dwell_time_sec": "77"}, {"arr_dt": "1479166150", "direction": "0", "dep_dt": "1479166243", "route_id": "Red", "dwell_time_sec": "93"}, {"arr_dt": "1479166401", "direction": "0", "dep_dt": "1479166492", "route_id": "Red", "dwell_time_sec": "91"}, {"arr_dt": "1479166644", "direction": "0", "dep_dt": "1479166708", "route_id": "Red", "dwell_time_sec": "64"}, {"arr_dt": "1479166855", "direction": "0", "dep_dt": "1479166943", "route_id": "Red", "dwell_time_sec": "88"}, {"arr_dt": "1479167237", "direction": "0", "dep_dt": "1479167329", "route_id": "Red", "dwell_time_sec": "92"}, {"arr_dt": "1479167517", "direction": "0", "dep_dt": "1479167586", "route_id": "Red", "dwell_time_sec": "69"}, {"arr_dt": "1479167698", "direction": "0", "dep_dt": "1479167790", "route_id": "Red", "dwell_time_sec": "92"}, {"arr_dt": "1479167991", "direction": "0", "dep_dt": "1479168090", "route_id": "Red", "dwell_time_sec": "99"}, {"arr_dt": "1479168612", "direction": "0", "dep_dt": "1479168712", "route_id": "Red", "dwell_time_sec": "100"}, {"arr_dt": "1479168809", "direction": "0", "dep_dt": "1479168893", "route_id": "Red", "dwell_time_sec": "84"}, {"arr_dt": "1479168989", "direction": "0", "dep_dt": "1479169085", "route_id": "Red", "dwell_time_sec": "96"}, {"arr_dt": "1479169244", "direction": "0", "dep_dt": "1479169345", "route_id": "Red", "dwell_time_sec": "101"}, {"arr_dt": "1479169440", "direction": "0", "dep_dt": "1479169529", "route_id": "Red", "dwell_time_sec": "89"}, {"arr_dt": "1479169648", "direction": "0", "dep_dt": "1479169730", "route_id": "Red", "dwell_time_sec": "82"}, {"arr_dt": "1479169816", "direction": "0", "dep_dt": "1479169894", "route_id": "Red", "dwell_time_sec": "78"}, {"arr_dt": "1479169996", "direction": "0", "dep_dt": "1479170057", "route_id": "Red", "dwell_time_sec": "61"}, {"arr_dt": "1479170321", "direction": "0", "dep_dt": "1479170392", "route_id": "Red", "dwell_time_sec": "71"}, {"arr_dt": "1479170510", "direction": "0", "dep_dt": "1479170571", "route_id": "Red", "dwell_time_sec": "61"}, {"arr_dt": "1479170811", "direction": "0", "dep_dt": "1479170888", "route_id": "Red", "dwell_time_sec": "77"}, {"arr_dt": "1479171110", "direction": "0", "dep_dt": "1479171181", "route_id": "Red", "dwell_time_sec": "71"}, {"arr_dt": "1479171295", "direction": "0", "dep_dt": "1479171371", "route_id": "Red", "dwell_time_sec": "76"}, {"arr_dt": "1479171586", "direction": "0", "dep_dt": "1479171673", "route_id": "Red", "dwell_time_sec": "87"}, {"arr_dt": "1479171775", "direction": "0", "dep_dt": "1479171867", "route_id": "Red", "dwell_time_sec": "92"}, {"arr_dt": "1479171952", "direction": "0", "dep_dt": "1479172027", "route_id": "Red", "dwell_time_sec": "75"}, {"arr_dt": "1479172130", "direction": "0", "dep_dt": "1479172196", "route_id": "Red", "dwell_time_sec": "66"}, {"arr_dt": "1479172498", "direction": "0", "dep_dt": "1479172570", "route_id": "Red", "dwell_time_sec": "72"}, {"arr_dt": "1479172911", "direction": "0", "dep_dt": "1479172980", "route_id": "Red", "dwell_time_sec": "69"}, {"arr_dt": "1479173218", "direction": "0", "dep_dt": "1479173283", "route_id": "Red", "dwell_time_sec": "65"}, {"arr_dt": "1479173577", "direction": "0", "dep_dt": "1479173645", "route_id": "Red", "dwell_time_sec": "68"}, {"arr_dt": "1479174193", "direction": "0", "dep_dt": "1479174265", "route_id": "Red", "dwell_time_sec": "72"}, {"arr_dt": "1479174538", "direction": "0", "dep_dt": "1479174632", "route_id": "Red", "dwell_time_sec": "94"}, {"arr_dt": "1479174993", "direction": "0", "dep_dt": "1479175074", "route_id": "Red", "dwell_time_sec": "81"}, {"arr_dt": "1479175184", "direction": "0", "dep_dt": "1479175256", "route_id": "Red", "dwell_time_sec": "72"}, {"arr_dt": "1479175719", "direction": "0", "dep_dt": "1479175787", "route_id": "Red", "dwell_time_sec": "68"}, {"arr_dt": "1479176074", "direction": "0", "dep_dt": "1479176270", "route_id": "Red", "dwell_time_sec": "196"}, {"arr_dt": "1479176286", "direction": "0", "dep_dt": "1479176488", "route_id": "Red", "dwell_time_sec": "202"}, {"arr_dt": "1479176494", "direction": "0", "dep_dt": "1479176664", "route_id": "Red", "dwell_time_sec": "170"}, {"arr_dt": "1479176939", "direction": "0", "dep_dt": "1479177015", "route_id": "Red", "dwell_time_sec": "76"}, {"arr_dt": "1479177427", "direction": "0", "dep_dt": "1479177504", "route_id": "Red", "dwell_time_sec": "77"}, {"arr_dt": "1479177611", "direction": "0", "dep_dt": "1479177680", "route_id": "Red", "dwell_time_sec": "69"}, {"arr_dt": "1479178101", "direction": "0", "dep_dt": "1479178181", "route_id": "Red", "dwell_time_sec": "80"}, {"arr_dt": "1479178495", "direction": "0", "dep_dt": "1479178560", "route_id": "Red", "dwell_time_sec": "65"}, {"arr_dt": "1479179039", "direction": "0", "dep_dt": "1479179137", "route_id": "Red", "dwell_time_sec": "98"}, {"arr_dt": "1479179244", "direction": "0", "dep_dt": "1479179325", "route_id": "Red", "dwell_time_sec": "81"}, {"arr_dt": "1479179448", "direction": "0", "dep_dt": "1479179507", "route_id": "Red", "dwell_time_sec": "59"}, {"arr_dt": "1479179672", "direction": "0", "dep_dt": "1479179739", "route_id": "Red", "dwell_time_sec": "67"}, {"arr_dt": "1479179900", "direction": "0", "dep_dt": "1479179973", "route_id": "Red", "dwell_time_sec": "73"}, {"arr_dt": "1479180499", "direction": "0", "dep_dt": "1479180576", "route_id": "Red", "dwell_time_sec": "77"}, {"arr_dt": "1479180871", "direction": "0", "dep_dt": "1479180946", "route_id": "Red", "dwell_time_sec": "75"}, {"arr_dt": "1479181095", "direction": "0", "dep_dt": "1479181174", "route_id": "Red", "dwell_time_sec": "79"}, {"arr_dt": "1479181576", "direction": "0", "dep_dt": "1479181662", "route_id": "Red", "dwell_time_sec": "86"}, {"arr_dt": "1479182221", "direction": "0", "dep_dt": "1479182303", "route_id": "Red", "dwell_time_sec": "82"}, {"arr_dt": "1479182398", "direction": "0", "dep_dt": "1479182477", "route_id": "Red", "dwell_time_sec": "79"}, {"arr_dt": "1479182690", "direction": "0", "dep_dt": "1479182760", "route_id": "Red", "dwell_time_sec": "70"}, {"arr_dt": "1479182889", "direction": "0", "dep_dt": "1479182962", "route_id": "Red", "dwell_time_sec": "73"}, {"arr_dt": "1479183278", "direction": "0", "dep_dt": "1479183342", "route_id": "Red", "dwell_time_sec": "64"}, {"arr_dt": "1479183689", "direction": "0", "dep_dt": "1479183766", "route_id": "Red", "dwell_time_sec": "77"}, {"arr_dt": "1479183858", "direction": "0", "dep_dt": "1479183928", "route_id": "Red", "dwell_time_sec": "70"}, {"arr_dt": "1479184264", "direction": "0", "dep_dt": "1479184333", "route_id": "Red", "dwell_time_sec": "69"}, {"arr_dt": "1479184541", "direction": "0", "dep_dt": "1479184604", "route_id": "Red", "dwell_time_sec": "63"}, {"arr_dt": "1479184928", "direction": "0", "dep_dt": "1479185002", "route_id": "Red", "dwell_time_sec": "74"}, {"arr_dt": "1479185338", "direction": "0", "dep_dt": "1479185396", "route_id": "Red", "dwell_time_sec": "58"}, {"arr_dt": "1479185920", "direction": "0", "dep_dt": "1479185998", "route_id": "Red", "dwell_time_sec": "78"}]}