{"dwell_times": [{"arr_dt": "1476158356", "direction": "0", "dep_dt": "1476158415", "route_id": "Red", "dwell_time_sec": "59"}, {"arr_dt": "1476158833", "direction": "0", "dep_dt": "1476158907", "route_id": "Red", "dwell_time_sec": "74"}, {"arr_dt": "1476159400", "direction": "0", "dep_dt": "1476159470", "route_id": "Red", "dwell_time_sec": "70"}, {"arr_dt": "1476159608", "direction": "0", "dep_dt": "1476159668", "route_id": "Red", "dwell_time_sec": "60"}, {"arr_dt": "1476160052", "direction": "0", "dep_dt": "1476160112", "route_id": "Red", "dwell_time_sec": "60"}, {"arr_dt": "1476160510", "direction": "0", "dep_dt": "1476160574", "route_id": "Red", "dwell_time_sec": "64"}, {"arr_dt": "1476161232", "direction": "0", "dep_dt": "1476163129", "route_id": "Red", "dwell_time_sec": "1897"}, {"arr_dt": "1476178502", "direction": "0", "dep_dt": "1476178577", "route_id": "Red", "dwell_time_sec": "75"}, {"arr_dt": "1476178993", "direction": "0", "dep_dt": "1476179059", "route_id": "Red", "dwell_time_sec": "66"}, {"arr_dt": "1476179311", "direction": "0", "dep_dt": "1476179372", "route_id": "Red", "dwell_time_sec": "61"}, {"arr_dt": "1476179871", "direction": "0", "dep_dt": "1476179935", "route_id": "Red", "dwell_time_sec": "64"}, {"arr_dt": "1476180205", "direction": "0", "dep_dt": "1476180269", "route_id": "Red", "dwell_time_sec": "64"}, {"arr_dt": "1476181054", "direction": "0", "dep_dt": "1476181113", "route_id": "Red", "dwell_time_sec": "59"}, {"arr_dt": "1476181599", "direction": "0", "dep_dt": "1476181651", "route_id": "Red", "dwell_time_sec": "52"}, {"arr_dt": "1476181813", "direction": "0", "dep_dt": "1476181870", "route_id": "Red", "dwell_time_sec": "57"}, {"arr_dt": "1476181984", "direction": "0", "dep_dt": "1476182059", "route_id": "Red", "dwell_time_sec": "75"}, {"arr_dt": "1476182253", "direction": "0", "dep_dt": "1476182318", "route_id": "Red", "dwell_time_sec": "65"}, {"arr_dt": "1476182440", "direction": "0", "dep_dt": "1476182497", "route_id": "Red", "dwell_time_sec": "57"}, {"arr_dt": "1476182836", "direction": "0", "dep_dt": "1476182897", "route_id": "Red", "dwell_time_sec": "61"}, {"arr_dt": "1476183067", "direction": "0", "dep_dt": "1476183131", "route_id": "Red", "dwell_time_sec": "64"}, {"arr_dt": "1476183385", "direction": "0", "dep_dt": "1476183445", "route_id": "Red", "dwell_time_sec": "60"}, {"arr_dt": "1476183808", "direction": "0", "dep_dt": "1476183889", "route_id": "Red", "dwell_time_sec": "81"}, {"arr_dt": "1476184021", "direction": "0", "dep_dt": "1476184106", "route_id": "Red", "dwell_time_sec": "85"}, {"arr_dt": "1476184300", "direction": "0", "dep_dt": "1476184366", "route_id": "Red", "dwell_time_sec": "66"}, {"arr_dt": "1476184693", "direction": "0", "dep_dt": "1476184768", "route_id": "Red", "dwell_time_sec": "75"}, {"arr_dt": "1476184947", "direction": "0", "dep_dt": "1476185014", "route_id": "Red", "dwell_time_sec": "67"}, {"arr_dt": "1476185235", "direction": "0", "dep_dt": "1476185315", "route_id": "Red", "dwell_time_sec": "80"}, {"arr_dt": "1476185445", "direction": "0", "dep_dt": "1476185541", "route_id": "Red", "dwell_time_sec": "96"}, {"arr_dt": "1476185659", "direction": "0", "dep_dt": "1476185742", "route_id": "Red", "dwell_time_sec": "83"}, {"arr_dt": "1476185846", "direction": "0", "dep_dt": "1476185940", "route_id": "Red", "dwell_time_sec": "94"}, {"arr_dt": "1476186254", "direction": "0", "dep_dt": "1476186351", "route_id": "Red", "dwell_time_sec": "97"}, {"arr_dt": "1476186467", "direction": "0", "dep_dt": "1476186551", "route_id": "Red", "dwell_time_sec": "84"}, {"arr_dt": "1476186743", "direction": "0", "dep_dt": "1476186828", "route_id": "Red", "dwell_time_sec": "85"}, {"arr_dt": "1476186995", "direction": "0", "dep_dt": "1476187073", "route_id": "Red", "dwell_time_sec": "78"}, {"arr_dt": "1476187168", "direction": "0", "dep_dt": "1476187279", "route_id": "Red", "dwell_time_sec": "111"}, {"arr_dt": "1476187387", "direction": "0", "dep_dt": "1476187483", "route_id": "Red", "dwell_time_sec": "96"}, {"arr_dt": "1476187571", "direction": "0", "dep_dt": "1476187653", "route_id": "Red", "dwell_time_sec": "82"}, {"arr_dt": "1476187745", "direction": "0", "dep_dt": "1476187852", "route_id": "Red", "dwell_time_sec": "107"}, {"arr_dt": "1476187935", "direction": "0", "dep_dt": "1476188037", "route_id": "Red", "dwell_time_sec": "102"}, {"arr_dt": "1476188169", "direction": "0", "dep_dt": "1476188258", "route_id": "Red", "dwell_time_sec": "89"}, {"arr_dt": "1476188519", "direction": "0", "dep_dt": "1476188609", "route_id": "Red", "dwell_time_sec": "90"}, {"arr_dt": "1476189001", "direction": "0", "dep_dt": "1476189130", "route_id": "Red", "dwell_time_sec": "129"}, {"arr_dt": "1476189234", "direction": "0", "dep_dt": "1476189353", "route_id": "Red", "dwell_time_sec": "119"}, {"arr_dt": "1476189489", "direction": "0", "dep_dt": "1476189600", "route_id": "Red", "dwell_time_sec": "111"}, {"arr_dt": "1476189858", "direction": "0", "dep_dt": "1476189977", "route_id": "Red", "dwell_time_sec": "119"}, {"arr_dt": "1476190072", "direction": "0", "dep_dt": "1476190188", "route_id": "Red", "dwell_time_sec": "116"}, {"arr_dt": "1476190318", "direction": "0", "dep_dt": "1476190416", "route_id": "Red", "dwell_time_sec": "98"}, {"arr_dt": "1476190531", "direction": "0", "dep_dt": "1476190616", "route_id": "Red", "dwell_time_sec": "85"}, {"arr_dt": "1476190721", "direction": "0", "dep_dt": "1476190816", "route_id": "Red", "dwell_time_sec": "95"}, {"arr_dt": "1476190912", "direction": "0", "dep_dt": "1476190997", "route_id": "Red", "dwell_time_sec": "85"}, {"arr_dt": "1476191103", "direction": "0", "dep_dt": "1476191186", "route_id": "Red", "dwell_time_sec": "83"}, {"arr_dt": "1476191289", "direction": "0", "dep_dt": "1476191388", "route_id": "Red", "dwell_time_sec": "99"}, {"arr_dt": "1476191489", "direction": "0", "dep_dt": "1476191597", "route_id": "Red", "dwell_time_sec": "108"}, {"arr_dt": "1476191668", "direction": "0", "dep_dt": "1476191761", "route_id": "Red", "dwell_time_sec": "93"}, {"arr_dt": "1476191922", "direction": "0", "dep_dt": "1476191996", "route_id": "Red", "dwell_time_sec": "74"}, {"arr_dt": "1476192102", "direction": "0", "dep_dt": "1476192183", "route_id": "Red", "dwell_time_sec": "81"}, {"arr_dt": "1476192448", "direction": "0", "dep_dt": "1476192546", "route_id": "Red", "dwell_time_sec": "98"}, {"arr_dt": "1476192639", "direction": "0", "dep_dt": "1476192721", "route_id": "Red", "dwell_time_sec": "82"}, {"arr_dt": "1476192994", "direction": "0", "dep_dt": "1476193074", "route_id": "Red", "dwell_time_sec": "80"}, {"arr_dt": "1476193161", "direction": "0", "dep_dt": "1476193247", "route_id": "Red", "dwell_time_sec": "86"}, {"arr_dt": "1476193402", "direction": "0", "dep_dt": "1476193478", "route_id": "Red", "dwell_time_sec": "76"}, {"arr_dt": "1476193642", "direction": "0", "dep_dt": "1476193726", "route_id": "Red", "dwell_time_sec": "84"}, {"arr_dt": "1476193834", "direction": "0", "dep_dt": "1476193941", "route_id": "Red", "dwell_time_sec": "107"}, {"arr_dt": "1476194049", "direction": "0", "dep_dt": "1476194127", "route_id": "Red", "dwell_time_sec": "78"}, {"arr_dt": "1476194239", "direction": "0", "dep_dt": "1476194309", "route_id": "Red", "dwell_time_sec": "70"}, {"arr_dt": "1476194423", "direction": "0", "dep_dt": "1476194496", "route_id": "Red", "dwell_time_sec": "73"}, {"arr_dt": "1476194749", "direction": "0", "dep_dt": "1476194828", "route_id": "Red", "dwell_time_sec": "79"}, {"arr_dt": "1476194930", "direction": "0", "dep_dt": "1476195005", "route_id": "Red", "dwell_time_sec": "75"}, {"arr_dt": "1476195293", "direction": "0", "dep_dt": "1476195354", "route_id": "Red", "dwell_time_sec": "61"}, {"arr_dt": "1476195646", "direction": "0", "dep_dt": "1476195731", "route_id": "Red", "dwell_time_sec": "85"}, {"arr_dt": "1476195860", "direction": "0", "dep_dt": "1476195924", "route_id": "Red", "dwell_time_sec": "64"}, {"arr_dt": "1476196033", "direction": "0", "dep_dt": "1476196122", "route_id": "Red", "dwell_time_sec": "89"}, {"arr_dt": "1476196454", "direction": "0", "dep_dt": "1476196545", "route_id": "Red", "dwell_time_sec": "91"}, {"arr_dt": "1476196647", "direction": "0", "dep_dt": "1476196722", "route_id": "Red", "dwell_time_sec": "75"}, {"arr_dt": "1476196891", "direction": "0", "dep_dt": "1476196982", "route_id": "Red", "dwell_time_sec": "91"}, {"arr_dt": "1476197369", "direction": "0", "dep_dt": "1476197444", "route_id": "Red", "dwell_time_sec": "75"}, {"arr_dt": "1476197594", "direction": "0", "dep_dt": "1476197683", "route_id": "Red", "dwell_time_sec": "89"}, {"arr_dt": "1476198023", "direction": "0", "dep_dt": "1476198085", "route_id": "Red", "dwell_time_sec": "62"}, {"arr_dt": "1476198340", "direction": "0", "dep_dt": "1476198419", "route_id": "Red", "dwell_time_sec": "79"}, {"arr_dt": "1476198951", "direction": "0", "dep_dt": "1476199046", "route_id": "Red", "dwell_time_sec": "95"}, {"arr_dt": "1476199231", "direction": "0", "dep_dt": "1476199316", "route_id": "Red", "dwell_time_sec": "85"}, {"arr_dt": "1476199409", "direction": "0", "dep_dt": "1476199490", "route_id": "Red", "dwell_time_sec": "81"}, {"arr_dt": "1476200218", "direction": "0", "dep_dt": "1476200321", "route_id": "Red", "dwell_time_sec": "103"}, {"arr_dt": "1476200413", "direction": "0", "dep_dt": "1476200493", "route_id": "Red", "dwell_time_sec": "80"}, {"arr_dt": "1476200611", "direction": "0", "dep_dt": "1476200695", "route_id": "Red", "dwell_time_sec": "84"}, {"arr_dt": "1476200927", "direction": "0", "dep_dt": "1476201004", "route_id": "Red", "dwell_time_sec": "77"}, {"arr_dt": "1476201126", "direction": "0", "dep_dt": "1476201190", "route_id": "Red", "dwell_time_sec": "64"}, {"arr_dt": "1476201708", "direction": "0", "dep_dt": "1476201785", "route_id": "Red", "dwell_time_sec": "77"}, {"arr_dt": "1476202123", "direction": "0", "dep_dt": "1476202201", "route_id": "Red", "dwell_time_sec": "78"}, {"arr_dt": "1476202675", "direction": "0", "dep_dt": "1476202755", "route_id": "Red", "dwell_time_sec": "80"}, {"arr_dt": "1476202967", "direction": "0", "dep_dt": "1476203040", "route_id": "Red", "dwell_time_sec": "73"}, {"arr_dt": "1476203444", "direction": "0", "dep_dt": "1476203534", "route_id": "Red", "dwell_time_sec": "90"}, {"arr_dt": "1476203731", "direction": "0", "dep_dt": "1476203801", "route_id": "Red", "dwell_time_sec": "70"}, {"arr_dt": "1476204247", "direction": "0", "dep_dt": "1476204335", "route_id": "Red", "dwell_time_sec": "88"}, {"arr_dt": "1476204746", "direction": "0", "dep_dt": "1476204819", "route_id": "Red", "dwell_time_sec": "73"}, {"arr_dt": "1476205117", "direction": "0", "dep_dt": "1476205191", "route_id": "Red", "dwell_time_sec": "74"}, {"arr_dt": "1476205516", "direction": "0", "dep_dt": "1476205595", "route_id": "Red", "dwell_time_sec": "79"}, {"arr_dt": "1476206047", "direction": "0", "dep_dt": "1476206118", "route_id": "Red", "dwell_time_sec": "71"}, {"arr_dt": "1476206217", "direction": "0", "dep_dt": "1476206296", "route_id": "Red", "dwell_time_sec": "79"}, {"arr_dt": "1476206812", "direction": "0", "dep_dt": "1476206890", "route_id": "Red", "dwell_time_sec": "78"}, {"arr_dt": "1476207018", "direction": "0", "dep_dt": "1476207086", "route_id": "Red", "dwell_time_sec": "68"}, {"arr_dt": "1476207413", "direction": "0", "dep_dt": "1476207488", "route_id": "Red", "dwell_time_sec": "75"}, {"arr_dt": "1476207901", "direction": "0", "dep_dt": "1476207979", "route_id": "Red", "dwell_time_sec": "78"}, {"arr_dt": "1476208271", "direction": "0", "dep_dt": "1476208337", "route_id": "Red", "dwell_time_sec": "66"}, {"arr_dt": "1476208667", "direction": "0", "dep_dt": "1476208728", "route_id": "Red", "dwell_time_sec": "61"}, {"arr_dt": "1476209216", "direction": "0", "dep_dt": "1476209302", "route_id": "Red", "dwell_time_sec": "86"}, {"arr_dt": "1476209507", "direction": "0", "dep_dt": "1476209578", "route_id": "Red", "dwell_time_sec": "71"}, {"arr_dt": "1476210022", "direction": "0", "dep_dt": "1476210108", "route_id": "Red", "dwell_time_sec": "86"}, {"arr_dt": "1476210387", "direction": "0", "dep_dt": "1476210459", "route_id": "Red", "dwell_time_sec": "72"}, {"arr_dt": "1476210825", "direction": "0", "dep_dt": "1476210904", "route_id": "Red", "dwell_time_sec": "79"}, {"arr_dt": "1476211192", "direction": "0", "dep_dt": "1476211285", "route_id": "Red", "dwell_time_sec": "93"}, {"arr_dt": "1476211684", "direction": "0", "dep_dt": "1476211764", "route_id": "Red", "dwell_time_sec": "80"}, {"arr_dt": "1476212065", "direction": "0", "dep_dt": "1476212150", "route_id": "Red", "dwell_time_sec": "85"}, {"arr_dt": "1476212631", "direction": "0", "dep_dt": "1476212724", "route_id": "Red", "dwell_time_sec": "93"}, {"arr_dt": "1476212860", "direction": "0", "dep_dt": "1476212939", "route_id": "Red", "dwell_time_sec": "79"}, {"arr_dt": "1476213293", "direction": "0", "dep_dt": "1476213381", "route_id": "Red", "dwell_time_sec": "88"}, {"arr_dt": "1476213780", "direction": "0", "dep_dt": "1476213878", "route_id": "Red", "dwell_time_sec": "98"}, {"arr_dt": "1476214083", "direction": "0", "dep_dt": "1476214162", "route_id": "Red", "dwell_time_sec": "79"}, {"arr_dt": "1476214439", "direction": "0", "dep_dt": "1476214526", "route_id": "Red", "dwell_time_sec": "87"}, {"arr_dt": "1476214640", "direction": "0", "dep_dt": "1476214729", "route_id": "Red", "dwell_time_sec": "89"}, {"arr_dt": "1476215025", "direction": "0", "dep_dt": "1476215114", "route_id": "Red", "dwell_time_sec": "89"}, {"arr_dt": "1476215412", "direction": "0", "dep_dt": "1476215511", "route_id": "Red", "dwell_time_sec": "99"}, {"arr_dt": "1476215755", "direction": "0", "dep_dt": "1476215838", "route_id": "Red", "dwell_time_sec": "83"}, {"arr_dt": "1476216007", "direction": "0", "dep_dt": "1476216104", "route_id": "Red", "dwell_time_sec": "97"}, {"arr_dt": "1476216326", "direction": "0", "dep_dt": "1476216409", "route_id": "Red", "dwell_time_sec": "83"}, {"arr_dt": "1476216607", "direction": "0", "dep_dt": "1476216702", "route_id": "Red", "dwell_time_sec": "95"}, {"arr_dt": "1476216988", "direction": "0", "dep_dt": "1476217103", "route_id": "Red", "dwell_time_sec": "115"}, {"arr_dt": "1476217523", "direction": "0", "dep_dt": "1476217650", "route_id": "Red", "dwell_time_sec": "127"}, {"arr_dt": "1476217769", "direction": "0", "dep_dt": "1476217866", "route_id": "Red", "dwell_time_sec": "97"}, {"arr_dt": "1476218278", "direction": "0", "dep_dt": "1476218424", "route_id": "Red", "dwell_time_sec": "146"}, {"arr_dt": "1476218674", "direction": "0", "dep_dt": "1476218791", "route_id": "Red", "dwell_time_sec": "117"}, {"arr_dt": "1476218899", "direction": "0", "dep_dt": "1476218986", "route_id": "Red", "dwell_time_sec": "87"}, {"arr_dt": "1476219192", "direction": "0", "dep_dt": "1476219313", "route_id": "Red", "dwell_time_sec": "121"}, {"arr_dt": "1476219415", "direction": "0", "dep_dt": "1476219518", "route_id": "Red", "dwell_time_sec": "103"}, {"arr_dt": "1476219632", "direction": "0", "dep_dt": "1476219746", "route_id": "Red", "dwell_time_sec": "114"}, {"arr_dt": "1476219835", "direction": "0", "dep_dt": "1476219925", "route_id": "Red", "dwell_time_sec": "90"}, {"arr_dt": "1476220035", "direction": "0", "dep_dt": "1476220126", "route_id": "Red", "dwell_time_sec": "91"}, {"arr_dt": "1476220239", "direction": "0", "dep_dt": "1476220339", "route_id": "Red", "dwell_time_sec": "100"}, {"arr_dt": "1476220449", "direction": "0", "dep_dt": "1476220567", "route_id": "Red", "dwell_time_sec": "118"}, {"arr_dt": "1476220658", "direction": "0", "dep_dt": "1476220767", "route_id": "Red", "dwell_time_sec": "109"}, {"arr_dt": "1476220872", "direction": "0", "dep_dt": "1476220978", "route_id": "Red", "dwell_time_sec": "106"}, {"arr_dt": "1476221082", "direction": "0", "dep_dt": "1476221190", "route_id": "Red", "dwell_time_sec": "108"}, {"arr_dt": "1476221309", "direction": "0", "dep_dt": "1476221414", "route_id": "Red", "dwell_time_sec": "105"}, {"arr_dt": "1476221599", "direction": "0", "dep_dt": "1476221670", "route_id": "Red", "dwell_time_sec": "71"}, {"arr_dt": "1476221778", "direction": "0", "dep_dt": "1476221985", "route_id": "Red", "dwell_time_sec": "207"}, {"arr_dt": "1476222079", "direction": "0", "dep_dt": "1476222252", "route_id": "Red", "dwell_time_sec": "173"}, {"arr_dt": "1476222336", "direction": "0", "dep_dt": "1476222466", "route_id": "Red", "dwell_time_sec": "130"}, {"arr_dt": "1476222558", "direction": "0", "dep_dt": "1476222642", "route_id": "Red", "dwell_time_sec": "84"}, {"arr_dt": "1476222880", "direction": "0", "dep_dt": "1476222981", "route_id": "Red", "dwell_time_sec": "101"}, {"arr_dt": "1476223214", "direction": "0", "dep_dt": "1476223310", "route_id": "Red", "dwell_time_sec": "96"}, {"arr_dt": "1476223507", "direction": "0", "dep_dt": "1476223605", "route_id": "Red", "dwell_time_sec": "98"}, {"arr_dt": "1476223736", "direction": "0", "dep_dt": "1476223837", "route_id": "Red", "dwell_time_sec": "101"}, {"arr_dt": "1476224099", "direction": "0", "dep_dt": "1476224201", "route_id": "Red", "dwell_time_sec": "102"}, {"arr_dt": "1476224462", "direction": "0", "dep_dt": "1476224548", "route_id": "Red", "dwell_time_sec": "86"}, {"arr_dt": "1476224932", "direction": "0", "dep_dt": "1476225047", "route_id": "Red", "dwell_time_sec": "115"}, {"arr_dt": "1476225147", "direction": "0", "dep_dt": "1476225239", "route_id": "Red", "dwell_time_sec": "92"}, {"arr_dt": "1476225378", "direction": "0", "dep_dt": "1476225480", "route_id": "Red", "dwell_time_sec": "102"}, {"arr_dt": "1476225591", "direction": "0", "dep_dt": "1476225735", "route_id": "Red", "dwell_time_sec": "144"}, {"arr_dt": "1476225832", "direction": "0", "dep_dt": "1476225913", "route_id": "Red", "dwell_time_sec": "81"}, {"arr_dt": "1476226032", "direction": "0", "dep_dt": "1476226195", "route_id": "Red", "dwell_time_sec": "163"}, {"arr_dt": "1476226327", "direction": "0", "dep_dt": "1476226414", "route_id": "Red", "dwell_time_sec": "87"}, {"arr_dt": "1476226546", "direction": "0", "dep_dt": "1476226613", "route_id": "Red", "dwell_time_sec": "67"}, {"arr_dt": "1476226726", "direction": "0", "dep_dt": "1476226817", "route_id": "Red", "dwell_time_sec": "91"}, {"arr_dt": "1476226911", "direction": "0", "dep_dt": "1476226988", "route_id": "Red", "dwell_time_sec": "77"}, {"arr_dt": "1476227088", "direction": "0", "dep_dt": "1476227167", "route_id": "Red", "dwell_time_sec": "79"}, {"arr_dt": "1476227370", "direction": "0", "dep_dt": "1476227460", "route_id": "Red", "dwell_time_sec": "90"}, {"arr_dt": "1476227575", "direction": "0", "dep_dt": "1476227667", "route_id": "Red", "dwell_time_sec": "92"}, {"arr_dt": "1476227787", "direction": "0", "dep_dt": "1476227858", "route_id": "Red", "dwell_time_sec": "71"}, {"arr_dt": "1476227956", "direction": "0", "dep_dt": "1476228023", "route_id": "Red", "dwell_time_sec": "67"}, {"arr_dt": "1476228154", "direction": "0", "dep_dt": "1476228223", "route_id": "Red", "dwell_time_sec": "69"}, {"arr_dt": "1476228349", "direction": "0", "dep_dt": "1476228409", "route_id": "Red", "dwell_time_sec": "60"}, {"arr_dt": "1476228667", "direction": "0", "dep_dt": "1476228795", "route_id": "Red", "dwell_time_sec": "128"}, {"arr_dt": "1476228902", "direction": "0", "dep_dt": "1476229006", "route_id": "Red", "dwell_time_sec": "104"}, {"arr_dt": "1476229262", "direction": "0", "dep_dt": "1476229344", "route_id": "Red", "dwell_time_sec": "82"}, {"arr_dt": "1476229450", "direction": "0", "dep_dt": "1476229537", "route_id": "Red", "dwell_time_sec": "87"}, {"arr_dt": "1476229657", "direction": "0", "dep_dt": "1476229731", "route_id": "Red", "dwell_time_sec": "74"}, {"arr_dt": "1476229855", "direction": "0", "dep_dt": "1476229927", "route_id": "Red", "dwell_time_sec": "72"}, {"arr_dt": "1476230145", "direction": "0", "dep_dt": "1476230203", "route_id": "Red", "dwell_time_sec": "58"}, {"arr_dt": "1476231301", "direction": "0", "dep_dt": "1476231390", "route_id": "Red", "dwell_time_sec": "89"}, {"arr_dt": "1476231499", "direction": "0", "dep_dt": "1476232353", "route_id": "Red", "dwell_time_sec": "854"}, {"arr_dt": "1476232357", "direction": "0", "dep_dt": "1476232443", "route_id": "Red", "dwell_time_sec": "86"}, {"arr_dt": "1476232544", "direction": "0", "dep_dt": "1476232634", "route_id": "Red", "dwell_time_sec": "90"}, {"arr_dt": "1476232754", "direction": "0", "dep_dt": "1476232819", "route_id": "Red", "dwell_time_sec": "65"}, {"arr_dt": "1476233009", "direction": "0", "dep_dt": "1476233083", "route_id": "Red", "dwell_time_sec": "74"}, {"arr_dt": "1476233276", "direction": "0", "dep_dt": "1476233368", "route_id": "Red", "dwell_time_sec": "92"}, {"arr_dt": "1476233525", "direction": "0", "dep_dt": "1476233617", "route_id": "Red", "dwell_time_sec": "92"}, {"arr_dt": "1476234149", "direction": "0", "dep_dt": "1476234217", "route_id": "Red", "dwell_time_sec": "68"}, {"arr_dt": "1476234925", "direction": "0", "dep_dt": "1476235023", "route_id": "Red", "dwell_time_sec": "98"}, {"arr_dt": "1476235244", "direction": "0", "dep_dt": "1476235311", "route_id": "Red", "dwell_time_sec": "67"}, {"arr_dt": "1476235550", "direction": "0", "dep_dt": "1476235619", "route_id": "Red", "dwell_time_sec": "69"}, {"arr_dt": "1476235802", "direction": "0", "dep_dt": "1476235873", "route_id": "Red", "dwell_time_sec": "71"}, {"arr_dt": "1476236320", "direction": "0", "dep_dt": "1476236381", "route_id": "Red", "dwell_time_sec": "61"}, {"arr_dt": "1476236700", "direction": "0", "dep_dt": "1476236777", "route_id": "Red", "dwell_time_sec": "77"}, {"arr_dt": "1476236983", "direction": "0", "dep_dt": "1476237062", "route_id": "Red", "dwell_time_sec": "79"}, {"arr_dt": "1476237326", "direction": "0", "dep_dt": "1476237384", "route_id": "Red", "dwell_time_sec": "58"}, {"arr_dt": "1476237855", "direction": "0", "dep_dt": "1476237954", "route_id": "Red", "dwell_time_sec": "99"}, {"arr_dt": "1476238093", "direction": "0", "dep_dt": "1476238157", "route_id": "Red", "dwell_time_sec": "64"}, {"arr_dt": "1476238498", "direction": "0", "dep_dt": "1476238575", "route_id": "Red", "dwell_time_sec": "77"}, {"arr_dt": "1476238737", "direction": "0", "dep_dt": "1476238795", "route_id": "Red", "dwell_time_sec": "58"}, {"arr_dt": "1476239170", "direction": "0", "dep_dt": "1476239398", "route_id": "Red", "dwell_time_sec": "228"}, {"arr_dt": "1476239808", "direction": "0", "dep_dt": "1476239878", "route_id": "Red", "dwell_time_sec": "70"}, {"arr_dt": "1476240187", "direction": "0", "dep_dt": "1476240269", "route_id": "Red", "dwell_time_sec": "82"}, {"arr_dt": "1476240761", "direction": "0", "dep_dt": "1476240836", "route_id": "Red", "dwell_time_sec": "75"}, {"arr_dt": "1476240952", "direction": "0", "dep_dt": "1476241030", "route_id": "Red", "dwell_time_sec": "78"}, {"arr_dt": "1476241128", "direction": "0", "dep_dt": "1476241190", "route_id": "Red", "dwell_time_sec": "62"}, {"arr_dt": "1476241285", "direction": "0", "dep_dt": "1476241347", "route_id": "Red", "dwell_time_sec": "62"}, {"arr_dt": "1476241532", "direction": "0", "dep_dt": "1476241599", "route_id": "Red", "dwell_time_sec": "67"}, {"arr_dt": "1476241789", "direction": "0", "dep_dt": "1476241850", "route_id": "Red", "dwell_time_sec": "61"}, {"arr_dt": "1476242258", "direction": "0", "dep_dt": "1476242479", "route_id": "Red", "dwell_time_sec": "221"}, {"arr_dt": "1476242641", "direction": "0", "dep_dt": "1476242697", "route_id": "Red", "dwell_time_sec": "56"}, {"arr_dt": "1476242957", "direction": "0", "dep_dt": "1476243024", "route_id": "Red", "dwell_time_sec": "67"}, {"arr_dt": "1476243283", "direction": "0", "dep_dt": "1476243345", "route_id": "Red", "dwell_time_sec": "62"}, {"arr_dt": "1476243651", "direction": "0", "dep_dt": "1476243723", "route_id": "Red", "dwell_time_sec": "72"}, {"arr_dt": "1476243936", "direction": "0", "dep_dt": "1476243992", "route_id": "Red", "dwell_time_sec": "56"}, {"arr_dt": "1476244476", "direction": "0", "dep_dt": "1476244530", "route_id": "Red", "dwell_time_sec": "54"}, {"arr_dt": "1476244699", "direction": "0", "dep_dt": "1476244764", "route_id": "Red", "dwell_time_sec": "65"}]}