{"dwell_times": [{"arr_dt": "1469592098", "direction": "0", "dep_dt": "1469592169", "route_id": "Red", "dwell_time_sec": "71"}, {"arr_dt": "1469592385", "direction": "0", "dep_dt": "1469592452", "route_id": "Red", "dwell_time_sec": "67"}, {"arr_dt": "1469592943", "direction": "0", "dep_dt": "1469593022", "route_id": "Red", "dwell_time_sec": "79"}, {"arr_dt": "1469593370", "direction": "0", "dep_dt": "1469593437", "route_id": "Red", "dwell_time_sec": "67"}, {"arr_dt": "1469593975", "direction": "0", "dep_dt": "1469594054", "route_id": "Red", "dwell_time_sec": "79"}, {"arr_dt": "1469594359", "direction": "0", "dep_dt": "1469594419", "route_id": "Red", "dwell_time_sec": "60"}, {"arr_dt": "1469595040", "direction": "0", "dep_dt": "1469596696", "route_id": "Red", "dwell_time_sec": "1656"}, {"arr_dt": "1469612093", "direction": "0", "dep_dt": "1469612159", "route_id": "Red", "dwell_time_sec": "66"}, {"arr_dt": "1469612545", "direction": "0", "dep_dt": "1469612617", "route_id": "Red", "dwell_time_sec": "72"}, {"arr_dt": "1469612908", "direction": "0", "dep_dt": "1469612974", "route_id": "Red", "dwell_time_sec": "66"}, {"arr_dt": "1469613257", "direction": "0", "dep_dt": "1469613309", "route_id": "Red", "dwell_time_sec": "52"}, {"arr_dt": "1469613697", "direction": "0", "dep_dt": "1469613778", "route_id": "Red", "dwell_time_sec": "81"}, {"arr_dt": "1469614171", "direction": "0", "dep_dt": "1469614244", "route_id": "Red", "dwell_time_sec": "73"}, {"arr_dt": "1469614718", "direction": "0", "dep_dt": "1469614780", "route_id": "Red", "dwell_time_sec": "62"}, {"arr_dt": "1469615286", "direction": "0", "dep_dt": "1469615360", "route_id": "Red", "dwell_time_sec": "74"}, {"arr_dt": "1469615579", "direction": "0", "dep_dt": "1469615634", "route_id": "Red", "dwell_time_sec": "55"}, {"arr_dt": "1469615744", "direction": "0", "dep_dt": "1469615807", "route_id": "Red", "dwell_time_sec": "63"}, {"arr_dt": "1469616111", "direction": "0", "dep_dt": "1469616175", "route_id": "Red", "dwell_time_sec": "64"}, {"arr_dt": "1469616370", "direction": "0", "dep_dt": "1469616437", "route_id": "Red", "dwell_time_sec": "67"}, {"arr_dt": "1469616662", "direction": "0", "dep_dt": "1469616725", "route_id": "Red", "dwell_time_sec": "63"}, {"arr_dt": "1469616936", "direction": "0", "dep_dt": "1469617010", "route_id": "Red", "dwell_time_sec": "74"}, {"arr_dt": "1469617502", "direction": "0", "dep_dt": "1469617583", "route_id": "Red", "dwell_time_sec": "81"}, {"arr_dt": "1469617810", "direction": "0", "dep_dt": "1469617880", "route_id": "Red", "dwell_time_sec": "70"}, {"arr_dt": "1469618179", "direction": "0", "dep_dt": "1469618252", "route_id": "Red", "dwell_time_sec": "73"}, {"arr_dt": "1469618358", "direction": "0", "dep_dt": "1469618428", "route_id": "Red", "dwell_time_sec": "70"}, {"arr_dt": "1469618657", "direction": "0", "dep_dt": "1469618758", "route_id": "Red", "dwell_time_sec": "101"}, {"arr_dt": "1469618864", "direction": "0", "dep_dt": "1469618957", "route_id": "Red", "dwell_time_sec": "93"}, {"arr_dt": "1469619057", "direction": "0", "dep_dt": "1469619141", "route_id": "Red", "dwell_time_sec": "84"}, {"arr_dt": "1469619226", "direction": "0", "dep_dt": "1469619311", "route_id": "Red", "dwell_time_sec": "85"}, {"arr_dt": "1469619417", "direction": "0", "dep_dt": "1469619511", "route_id": "Red", "dwell_time_sec": "94"}, {"arr_dt": "1469619695", "direction": "0", "dep_dt": "1469619773", "route_id": "Red", "dwell_time_sec": "78"}, {"arr_dt": "1469619890", "direction": "0", "dep_dt": "1469619983", "route_id": "Red", "dwell_time_sec": "93"}, {"arr_dt": "1469620075", "direction": "0", "dep_dt": "1469620173", "route_id": "Red", "dwell_time_sec": "98"}, {"arr_dt": "1469620551", "direction": "0", "dep_dt": "1469620723", "route_id": "Red", "dwell_time_sec": "172"}, {"arr_dt": "1469620821", "direction": "0", "dep_dt": "1469620960", "route_id": "Red", "dwell_time_sec": "139"}, {"arr_dt": "1469621086", "direction": "0", "dep_dt": "1469621179", "route_id": "Red", "dwell_time_sec": "93"}, {"arr_dt": "1469621303", "direction": "0", "dep_dt": "1469621379", "route_id": "Red", "dwell_time_sec": "76"}, {"arr_dt": "1469621484", "direction": "0", "dep_dt": "1469621596", "route_id": "Red", "dwell_time_sec": "112"}, {"arr_dt": "1469621715", "direction": "0", "dep_dt": "1469621785", "route_id": "Red", "dwell_time_sec": "70"}, {"arr_dt": "1469622276", "direction": "0", "dep_dt": "1469622405", "route_id": "Red", "dwell_time_sec": "129"}, {"arr_dt": "1469622603", "direction": "0", "dep_dt": "1469622715", "route_id": "Red", "dwell_time_sec": "112"}, {"arr_dt": "1469622841", "direction": "0", "dep_dt": "1469622955", "route_id": "Red", "dwell_time_sec": "114"}, {"arr_dt": "1469623054", "direction": "0", "dep_dt": "1469623177", "route_id": "Red", "dwell_time_sec": "123"}, {"arr_dt": "1469623265", "direction": "0", "dep_dt": "1469623377", "route_id": "Red", "dwell_time_sec": "112"}, {"arr_dt": "1469623475", "direction": "0", "dep_dt": "1469623584", "route_id": "Red", "dwell_time_sec": "109"}, {"arr_dt": "1469623678", "direction": "0", "dep_dt": "1469623778", "route_id": "Red", "dwell_time_sec": "100"}, {"arr_dt": "1469623876", "direction": "0", "dep_dt": "1469623982", "route_id": "Red", "dwell_time_sec": "106"}, {"arr_dt": "1469624102", "direction": "0", "dep_dt": "1469624206", "route_id": "Red", "dwell_time_sec": "104"}, {"arr_dt": "1469624302", "direction": "0", "dep_dt": "1469624418", "route_id": "Red", "dwell_time_sec": "116"}, {"arr_dt": "1469624863", "direction": "0", "dep_dt": "1469624980", "route_id": "Red", "dwell_time_sec": "117"}, {"arr_dt": "1469625064", "direction": "0", "dep_dt": "1469625180", "route_id": "Red", "dwell_time_sec": "116"}, {"arr_dt": "1469625295", "direction": "0", "dep_dt": "1469625378", "route_id": "Red", "dwell_time_sec": "83"}, {"arr_dt": "1469625488", "direction": "0", "dep_dt": "1469625556", "route_id": "Red", "dwell_time_sec": "68"}, {"arr_dt": "1469625662", "direction": "0", "dep_dt": "1469625766", "route_id": "Red", "dwell_time_sec": "104"}, {"arr_dt": "1469625875", "direction": "0", "dep_dt": "1469625949", "route_id": "Red", "dwell_time_sec": "74"}, {"arr_dt": "1469626203", "direction": "0", "dep_dt": "1469626288", "route_id": "Red", "dwell_time_sec": "85"}, {"arr_dt": "1469626509", "direction": "0", "dep_dt": "1469626598", "route_id": "Red", "dwell_time_sec": "89"}, {"arr_dt": "1469626696", "direction": "0", "dep_dt": "1469626780", "route_id": "Red", "dwell_time_sec": "84"}, {"arr_dt": "1469627159", "direction": "0", "dep_dt": "1469627281", "route_id": "Red", "dwell_time_sec": "122"}, {"arr_dt": "1469627623", "direction": "0", "dep_dt": "1469627717", "route_id": "Red", "dwell_time_sec": "94"}, {"arr_dt": "1469627852", "direction": "0", "dep_dt": "1469627939", "route_id": "Red", "dwell_time_sec": "87"}, {"arr_dt": "1469628049", "direction": "0", "dep_dt": "1469628120", "route_id": "Red", "dwell_time_sec": "71"}, {"arr_dt": "1469628216", "direction": "0", "dep_dt": "1469628297", "route_id": "Red", "dwell_time_sec": "81"}, {"arr_dt": "1469628404", "direction": "0", "dep_dt": "1469628467", "route_id": "Red", "dwell_time_sec": "63"}, {"arr_dt": "1469628573", "direction": "0", "dep_dt": "1469628651", "route_id": "Red", "dwell_time_sec": "78"}, {"arr_dt": "1469629211", "direction": "0", "dep_dt": "1469629294", "route_id": "Red", "dwell_time_sec": "83"}, {"arr_dt": "1469629398", "direction": "0", "dep_dt": "1469629485", "route_id": "Red", "dwell_time_sec": "87"}, {"arr_dt": "1469629579", "direction": "0", "dep_dt": "1469629660", "route_id": "Red", "dwell_time_sec": "81"}, {"arr_dt": "1469629760", "direction": "0", "dep_dt": "1469629854", "route_id": "Red", "dwell_time_sec": "94"}, {"arr_dt": "1469629962", "direction": "0", "dep_dt": "1469630045", "route_id": "Red", "dwell_time_sec": "83"}, {"arr_dt": "1469630134", "direction": "0", "dep_dt": "1469630218", "route_id": "Red", "dwell_time_sec": "84"}, {"arr_dt": "1469630379", "direction": "0", "dep_dt": "1469630442", "route_id": "Red", "dwell_time_sec": "63"}, {"arr_dt": "1469630617", "direction": "0", "dep_dt": "1469630709", "route_id": "Red", "dwell_time_sec": "92"}, {"arr_dt": "1469631271", "direction": "0", "dep_dt": "1469631389", "route_id": "Red", "dwell_time_sec": "118"}, {"arr_dt": "1469631477", "direction": "0", "dep_dt": "1469631580", "route_id": "Red", "dwell_time_sec": "103"}, {"arr_dt": "1469631686", "direction": "0", "dep_dt": "1469631769", "route_id": "Red", "dwell_time_sec": "83"}, {"arr_dt": "1469631880", "direction": "0", "dep_dt": "1469631942", "route_id": "Red", "dwell_time_sec": "62"}, {"arr_dt": "1469632043", "direction": "0", "dep_dt": "1469632111", "route_id": "Red", "dwell_time_sec": "68"}, {"arr_dt": "1469632310", "direction": "0", "dep_dt": "1469632412", "route_id": "Red", "dwell_time_sec": "102"}, {"arr_dt": "1469632704", "direction": "0", "dep_dt": "1469632783", "route_id": "Red", "dwell_time_sec": "79"}, {"arr_dt": "1469632886", "direction": "0", "dep_dt": "1469632967", "route_id": "Red", "dwell_time_sec": "81"}, {"arr_dt": "1469633179", "direction": "0", "dep_dt": "1469633261", "route_id": "Red", "dwell_time_sec": "82"}, {"arr_dt": "1469633481", "direction": "0", "dep_dt": "1469633546", "route_id": "Red", "dwell_time_sec": "65"}, {"arr_dt": "1469634142", "direction": "0", "dep_dt": "1469634228", "route_id": "Red", "dwell_time_sec": "86"}, {"arr_dt": "1469634696", "direction": "0", "dep_dt": "1469634807", "route_id": "Red", "dwell_time_sec": "111"}, {"arr_dt": "1469635258", "direction": "0", "dep_dt": "1469635345", "route_id": "Red", "dwell_time_sec": "87"}, {"arr_dt": "1469635591", "direction": "0", "dep_dt": "1469635661", "route_id": "Red", "dwell_time_sec": "70"}, {"arr_dt": "1469635855", "direction": "0", "dep_dt": "1469635916", "route_id": "Red", "dwell_time_sec": "61"}, {"arr_dt": "1469636664", "direction": "0", "dep_dt": "1469636747", "route_id": "Red", "dwell_time_sec": "83"}, {"arr_dt": "1469636952", "direction": "0", "dep_dt": "1469637061", "route_id": "Red", "dwell_time_sec": "109"}, {"arr_dt": "1469637756", "direction": "0", "dep_dt": "1469637841", "route_id": "Red", "dwell_time_sec": "85"}, {"arr_dt": "1469638384", "direction": "0", "dep_dt": "1469638468", "route_id": "Red", "dwell_time_sec": "84"}, {"arr_dt": "1469638588", "direction": "0", "dep_dt": "1469638660", "route_id": "Red", "dwell_time_sec": "72"}, {"arr_dt": "1469638887", "direction": "0", "dep_dt": "1469638962", "route_id": "Red", "dwell_time_sec": "75"}, {"arr_dt": "1469639487", "direction": "0", "dep_dt": "1469639611", "route_id": "Red", "dwell_time_sec": "124"}, {"arr_dt": "1469639728", "direction": "0", "dep_dt": "1469639812", "route_id": "Red", "dwell_time_sec": "84"}, {"arr_dt": "1469640227", "direction": "0", "dep_dt": "1469640324", "route_id": "Red", "dwell_time_sec": "97"}, {"arr_dt": "1469640531", "direction": "0", "dep_dt": "1469640611", "route_id": "Red", "dwell_time_sec": "80"}, {"arr_dt": "1469641056", "direction": "0", "dep_dt": "1469641131", "route_id": "Red", "dwell_time_sec": "75"}, {"arr_dt": "1469641413", "direction": "0", "dep_dt": "1469641487", "route_id": "Red", "dwell_time_sec": "74"}, {"arr_dt": "1469641911", "direction": "0", "dep_dt": "1469641996", "route_id": "Red", "dwell_time_sec": "85"}, {"arr_dt": "1469642349", "direction": "0", "dep_dt": "1469642422", "route_id": "Red", "dwell_time_sec": "73"}, {"arr_dt": "1469642623", "direction": "0", "dep_dt": "1469642692", "route_id": "Red", "dwell_time_sec": "69"}, {"arr_dt": "1469643162", "direction": "0", "dep_dt": "1469643261", "route_id": "Red", "dwell_time_sec": "99"}, {"arr_dt": "1469643433", "direction": "0", "dep_dt": "1469643504", "route_id": "Red", "dwell_time_sec": "71"}, {"arr_dt": "1469644496", "direction": "0", "dep_dt": "1469644566", "route_id": "Red", "dwell_time_sec": "70"}, {"arr_dt": "1469644791", "direction": "0", "dep_dt": "1469644883", "route_id": "Red", "dwell_time_sec": "92"}, {"arr_dt": "1469645211", "direction": "0", "dep_dt": "1469645275", "route_id": "Red", "dwell_time_sec": "64"}, {"arr_dt": "1469645702", "direction": "0", "dep_dt": "1469645779", "route_id": "Red", "dwell_time_sec": "77"}, {"arr_dt": "1469646154", "direction": "0", "dep_dt": "1469646252", "route_id": "Red", "dwell_time_sec": "98"}, {"arr_dt": "1469646441", "direction": "0", "dep_dt": "1469646519", "route_id": "Red", "dwell_time_sec": "78"}, {"arr_dt": "1469646954", "direction": "0", "dep_dt": "1469647184", "route_id": "Red", "dwell_time_sec": "230"}, {"arr_dt": "1469647397", "direction": "0", "dep_dt": "1469647490", "route_id": "Red", "dwell_time_sec": "93"}, {"arr_dt": "1469647701", "direction": "0", "dep_dt": "1469647785", "route_id": "Red", "dwell_time_sec": "84"}, {"arr_dt": "1469647923", "direction": "0", "dep_dt": "1469648009", "route_id": "Red", "dwell_time_sec": "86"}, {"arr_dt": "1469648274", "direction": "0", "dep_dt": "1469648359", "route_id": "Red", "dwell_time_sec": "85"}, {"arr_dt": "1469648636", "direction": "0", "dep_dt": "1469648715", "route_id": "Red", "dwell_time_sec": "79"}, {"arr_dt": "1469649065", "direction": "0", "dep_dt": "1469649155", "route_id": "Red", "dwell_time_sec": "90"}, {"arr_dt": "1469649264", "direction": "0", "dep_dt": "1469649353", "route_id": "Red", "dwell_time_sec": "89"}, {"arr_dt": "1469649699", "direction": "0", "dep_dt": "1469649806", "route_id": "Red", "dwell_time_sec": "107"}, {"arr_dt": "1469650060", "direction": "0", "dep_dt": "1469650213", "route_id": "Red", "dwell_time_sec": "153"}, {"arr_dt": "1469650368", "direction": "0", "dep_dt": "1469650496", "route_id": "Red", "dwell_time_sec": "128"}, {"arr_dt": "1469650594", "direction": "0", "dep_dt": "1469650685", "route_id": "Red", "dwell_time_sec": "91"}, {"arr_dt": "1469650801", "direction": "0", "dep_dt": "1469650900", "route_id": "Red", "dwell_time_sec": "99"}, {"arr_dt": "1469651266", "direction": "0", "dep_dt": "1469651366", "route_id": "Red", "dwell_time_sec": "100"}, {"arr_dt": "1469651470", "direction": "0", "dep_dt": "1469651564", "route_id": "Red", "dwell_time_sec": "94"}, {"arr_dt": "1469651757", "direction": "0", "dep_dt": "1469651846", "route_id": "Red", "dwell_time_sec": "89"}, {"arr_dt": "1469651943", "direction": "0", "dep_dt": "1469652054", "route_id": "Red", "dwell_time_sec": "111"}, {"arr_dt": "1469652170", "direction": "0", "dep_dt": "1469652254", "route_id": "Red", "dwell_time_sec": "84"}, {"arr_dt": "1469652358", "direction": "0", "dep_dt": "1469652431", "route_id": "Red", "dwell_time_sec": "73"}, {"arr_dt": "1469652609", "direction": "0", "dep_dt": "1469652700", "route_id": "Red", "dwell_time_sec": "91"}, {"arr_dt": "1469652837", "direction": "0", "dep_dt": "1469652957", "route_id": "Red", "dwell_time_sec": "120"}, {"arr_dt": "1469653324", "direction": "0", "dep_dt": "1469653457", "route_id": "Red", "dwell_time_sec": "133"}, {"arr_dt": "1469653742", "direction": "0", "dep_dt": "1469653928", "route_id": "Red", "dwell_time_sec": "186"}, {"arr_dt": "1469654213", "direction": "0", "dep_dt": "1469654326", "route_id": "Red", "dwell_time_sec": "113"}, {"arr_dt": "1469654434", "direction": "0", "dep_dt": "1469654554", "route_id": "Red", "dwell_time_sec": "120"}, {"arr_dt": "1469654878", "direction": "0", "dep_dt": "1469654987", "route_id": "Red", "dwell_time_sec": "109"}, {"arr_dt": "1469655123", "direction": "0", "dep_dt": "1469655244", "route_id": "Red", "dwell_time_sec": "121"}, {"arr_dt": "1469655354", "direction": "0", "dep_dt": "1469655486", "route_id": "Red", "dwell_time_sec": "132"}, {"arr_dt": "1469655605", "direction": "0", "dep_dt": "1469655743", "route_id": "Red", "dwell_time_sec": "138"}, {"arr_dt": "1469655850", "direction": "0", "dep_dt": "1469655963", "route_id": "Red", "dwell_time_sec": "113"}, {"arr_dt": "1469656107", "direction": "0", "dep_dt": "1469656554", "route_id": "Red", "dwell_time_sec": "447"}, {"arr_dt": "1469656647", "direction": "0", "dep_dt": "1469656794", "route_id": "Red", "dwell_time_sec": "147"}, {"arr_dt": "1469656883", "direction": "0", "dep_dt": "1469656985", "route_id": "Red", "dwell_time_sec": "102"}, {"arr_dt": "1469657092", "direction": "0", "dep_dt": "1469657177", "route_id": "Red", "dwell_time_sec": "85"}, {"arr_dt": "1469657316", "direction": "0", "dep_dt": "1469657421", "route_id": "Red", "dwell_time_sec": "105"}, {"arr_dt": "1469657510", "direction": "0", "dep_dt": "1469657612", "route_id": "Red", "dwell_time_sec": "102"}, {"arr_dt": "1469657721", "direction": "0", "dep_dt": "1469657812", "route_id": "Red", "dwell_time_sec": "91"}, {"arr_dt": "1469657910", "direction": "0", "dep_dt": "1469658004", "route_id": "Red", "dwell_time_sec": "94"}, {"arr_dt": "1469658102", "direction": "0", "dep_dt": "1469658209", "route_id": "Red", "dwell_time_sec": "107"}, {"arr_dt": "1469658315", "direction": "0", "dep_dt": "1469658410", "route_id": "Red", "dwell_time_sec": "95"}, {"arr_dt": "1469658511", "direction": "0", "dep_dt": "1469658609", "route_id": "Red", "dwell_time_sec": "98"}, {"arr_dt": "1469658737", "direction": "0", "dep_dt": "1469658823", "route_id": "Red", "dwell_time_sec": "86"}, {"arr_dt": "1469658931", "direction": "0", "dep_dt": "1469659011", "route_id": "Red", "dwell_time_sec": "80"}, {"arr_dt": "1469659107", "direction": "0", "dep_dt": "1469659173", "route_id": "Red", "dwell_time_sec": "66"}, {"arr_dt": "1469659275", "direction": "0", "dep_dt": "1469659338", "route_id": "Red", "dwell_time_sec": "63"}, {"arr_dt": "1469659446", "direction": "0", "dep_dt": "1469659512", "route_id": "Red", "dwell_time_sec": "66"}, {"arr_dt": "1469659668", "direction": "0", "dep_dt": "1469659738", "route_id": "Red", "dwell_time_sec": "70"}, {"arr_dt": "1469660005", "direction": "0", "dep_dt": "1469660109", "route_id": "Red", "dwell_time_sec": "104"}, {"arr_dt": "1469660378", "direction": "0", "dep_dt": "1469660455", "route_id": "Red", "dwell_time_sec": "77"}, {"arr_dt": "1469660926", "direction": "0", "dep_dt": "1469661008", "route_id": "Red", "dwell_time_sec": "82"}, {"arr_dt": "1469661262", "direction": "0", "dep_dt": "1469661346", "route_id": "Red", "dwell_time_sec": "84"}, {"arr_dt": "1469661599", "direction": "0", "dep_dt": "1469661702", "route_id": "Red", "dwell_time_sec": "103"}, {"arr_dt": "1469661966", "direction": "0", "dep_dt": "1469662083", "route_id": "Red", "dwell_time_sec": "117"}, {"arr_dt": "1469662174", "direction": "0", "dep_dt": "1469662251", "route_id": "Red", "dwell_time_sec": "77"}, {"arr_dt": "1469662432", "direction": "0", "dep_dt": "1469662506", "route_id": "Red", "dwell_time_sec": "74"}, {"arr_dt": "1469662779", "direction": "0", "dep_dt": "1469662862", "route_id": "Red", "dwell_time_sec": "83"}, {"arr_dt": "1469662989", "direction": "0", "dep_dt": "1469663060", "route_id": "Red", "dwell_time_sec": "71"}, {"arr_dt": "1469663214", "direction": "0", "dep_dt": "1469663295", "route_id": "Red", "dwell_time_sec": "81"}, {"arr_dt": "1469663386", "direction": "0", "dep_dt": "1469663466", "route_id": "Red", "dwell_time_sec": "80"}, {"arr_dt": "1469663801", "direction": "0", "dep_dt": "1469663898", "route_id": "Red", "dwell_time_sec": "97"}, {"arr_dt": "1469663991", "direction": "0", "dep_dt": "1469664075", "route_id": "Red", "dwell_time_sec": "84"}, {"arr_dt": "1469664167", "direction": "0", "dep_dt": "1469664246", "route_id": "Red", "dwell_time_sec": "79"}, {"arr_dt": "1469664348", "direction": "0", "dep_dt": "1469664420", "route_id": "Red", "dwell_time_sec": "72"}, {"arr_dt": "1469664640", "direction": "0", "dep_dt": "1469664715", "route_id": "Red", "dwell_time_sec": "75"}, {"arr_dt": "1469664843", "direction": "0", "dep_dt": "1469664906", "route_id": "Red", "dwell_time_sec": "63"}, {"arr_dt": "1469665050", "direction": "0", "dep_dt": "1469665110", "route_id": "Red", "dwell_time_sec": "60"}, {"arr_dt": "1469665257", "direction": "0", "dep_dt": "1469665312", "route_id": "Red", "dwell_time_sec": "55"}, {"arr_dt": "1469665779", "direction": "0", "dep_dt": "1469665850", "route_id": "Red", "dwell_time_sec": "71"}, {"arr_dt": "1469665970", "direction": "0", "dep_dt": "1469666045", "route_id": "Red", "dwell_time_sec": "75"}, {"arr_dt": "1469666273", "direction": "0", "dep_dt": "1469666341", "route_id": "Red", "dwell_time_sec": "68"}, {"arr_dt": "1469666804", "direction": "0", "dep_dt": "1469666886", "route_id": "Red", "dwell_time_sec": "82"}, {"arr_dt": "1469667411", "direction": "0", "dep_dt": "1469667490", "route_id": "Red", "dwell_time_sec": "79"}, {"arr_dt": "1469667835", "direction": "0", "dep_dt": "1469667909", "route_id": "Red", "dwell_time_sec": "74"}, {"arr_dt": "1469668066", "direction": "0", "dep_dt": "1469668132", "route_id": "Red", "dwell_time_sec": "66"}, {"arr_dt": "1469668579", "direction": "0", "dep_dt": "1469668654", "route_id": "Red", "dwell_time_sec": "75"}, {"arr_dt": "1469668939", "direction": "0", "dep_dt": "1469669022", "route_id": "Red", "dwell_time_sec": "83"}, {"arr_dt": "1469669326", "direction": "0", "dep_dt": "1469669401", "route_id": "Red", "dwell_time_sec": "75"}, {"arr_dt": "1469669564", "direction": "0", "dep_dt": "1469669654", "route_id": "Red", "dwell_time_sec": "90"}, {"arr_dt": "1469670043", "direction": "0", "dep_dt": "1469670115", "route_id": "Red", "dwell_time_sec": "72"}, {"arr_dt": "1469670311", "direction": "0", "dep_dt": "1469670378", "route_id": "Red", "dwell_time_sec": "67"}, {"arr_dt": "1469670603", "direction": "0", "dep_dt": "1469670669", "route_id": "Red", "dwell_time_sec": "66"}, {"arr_dt": "1469670791", "direction": "0", "dep_dt": "1469670854", "route_id": "Red", "dwell_time_sec": "63"}, {"arr_dt": "1469671262", "direction": "0", "dep_dt": "1469671323", "route_id": "Red", "dwell_time_sec": "61"}, {"arr_dt": "1469671592", "direction": "0", "dep_dt": "1469671665", "route_id": "Red", "dwell_time_sec": "73"}, {"arr_dt": "1469671984", "direction": "0", "dep_dt": "1469672052", "route_id": "Red", "dwell_time_sec": "68"}, {"arr_dt": "1469672227", "direction": "0", "dep_dt": "1469672324", "route_id": "Red", "dwell_time_sec": "97"}, {"arr_dt": "1469672781", "direction": "0", "dep_dt": "1469672857", "route_id": "Red", "dwell_time_sec": "76"}, {"arr_dt": "1469672968", "direction": "0", "dep_dt": "1469673037", "route_id": "Red", "dwell_time_sec": "69"}, {"arr_dt": "1469673469", "direction": "0", "dep_dt": "1469673569", "route_id": "Red", "dwell_time_sec": "100"}, {"arr_dt": "1469673905", "direction": "0", "dep_dt": "1469673975", "route_id": "Red", "dwell_time_sec": "70"}, {"arr_dt": "1469674071", "direction": "0", "dep_dt": "1469674142", "route_id": "Red", "dwell_time_sec": "71"}, {"arr_dt": "1469674300", "direction": "0", "dep_dt": "1469674366", "route_id": "Red", "dwell_time_sec": "66"}, {"arr_dt": "1469674884", "direction": "0", "dep_dt": "1469674964", "route_id": "Red", "dwell_time_sec": "80"}, {"arr_dt": "1469675086", "direction": "0", "dep_dt": "1469675161", "route_id": "Red", "dwell_time_sec": "75"}, {"arr_dt": "1469675519", "direction": "0", "dep_dt": "1469675610", "route_id": "Red", "dwell_time_sec": "91"}, {"arr_dt": "1469675890", "direction": "0", "dep_dt": "1469675960", "route_id": "Red", "dwell_time_sec": "70"}, {"arr_dt": "1469676385", "direction": "0", "dep_dt": "1469676498", "route_id": "Red", "dwell_time_sec": "113"}, {"arr_dt": "1469676590", "direction": "0", "dep_dt": "1469676659", "route_id": "Red", "dwell_time_sec": "69"}, {"arr_dt": "1469677001", "direction": "0", "dep_dt": "1469677092", "route_id": "Red", "dwell_time_sec": "91"}, {"arr_dt": "1469677280", "direction": "0", "dep_dt": "1469677355", "route_id": "Red", "dwell_time_sec": "75"}, {"arr_dt": "1469677700", "direction": "0", "dep_dt": "1469677766", "route_id": "Red", "dwell_time_sec": "66"}, {"arr_dt": "1469677974", "direction": "0", "dep_dt": "1469678030", "route_id": "Red", "dwell_time_sec": "56"}]}