{"dwell_times": [{"arr_dt": "1475985711", "direction": "0", "dep_dt": "1475985772", "route_id": "Red", "dwell_time_sec": "61"}, {"arr_dt": "1475986471", "direction": "0", "dep_dt": "1475986553", "route_id": "Red", "dwell_time_sec": "82"}, {"arr_dt": "1475987233", "direction": "0", "dep_dt": "1475987314", "route_id": "Red", "dwell_time_sec": "81"}, {"arr_dt": "1475988573", "direction": "0", "dep_dt": "1475990282", "route_id": "Red", "dwell_time_sec": "1709"}, {"arr_dt": "1476008246", "direction": "0", "dep_dt": "1476008308", "route_id": "Red", "dwell_time_sec": "62"}, {"arr_dt": "1476008964", "direction": "0", "dep_dt": "1476009028", "route_id": "Red", "dwell_time_sec": "64"}, {"arr_dt": "1476009467", "direction": "0", "dep_dt": "1476009528", "route_id": "Red", "dwell_time_sec": "61"}, {"arr_dt": "1476010116", "direction": "0", "dep_dt": "1476010179", "route_id": "Red", "dwell_time_sec": "63"}, {"arr_dt": "1476010680", "direction": "0", "dep_dt": "1476010744", "route_id": "Red", "dwell_time_sec": "64"}, {"arr_dt": "1476011311", "direction": "0", "dep_dt": "1476011379", "route_id": "Red", "dwell_time_sec": "68"}, {"arr_dt": "1476012003", "direction": "0", "dep_dt": "1476012072", "route_id": "Red", "dwell_time_sec": "69"}, {"arr_dt": "1476012493", "direction": "0", "dep_dt": "1476012566", "route_id": "Red", "dwell_time_sec": "73"}, {"arr_dt": "1476013105", "direction": "0", "dep_dt": "1476013188", "route_id": "Red", "dwell_time_sec": "83"}, {"arr_dt": "1476013635", "direction": "0", "dep_dt": "1476013697", "route_id": "Red", "dwell_time_sec": "62"}, {"arr_dt": "1476014452", "direction": "0", "dep_dt": "1476014515", "route_id": "Red", "dwell_time_sec": "63"}, {"arr_dt": "1476014906", "direction": "0", "dep_dt": "1476015006", "route_id": "Red", "dwell_time_sec": "100"}, {"arr_dt": "1476015492", "direction": "0", "dep_dt": "1476015559", "route_id": "Red", "dwell_time_sec": "67"}, {"arr_dt": "1476016080", "direction": "0", "dep_dt": "1476016159", "route_id": "Red", "dwell_time_sec": "79"}, {"arr_dt": "1476016745", "direction": "0", "dep_dt": "1476016816", "route_id": "Red", "dwell_time_sec": "71"}, {"arr_dt": "1476017328", "direction": "0", "dep_dt": "1476017391", "route_id": "Red", "dwell_time_sec": "63"}, {"arr_dt": "1476017906", "direction": "0", "dep_dt": "1476017974", "route_id": "Red", "dwell_time_sec": "68"}, {"arr_dt": "1476018457", "direction": "0", "dep_dt": "1476018532", "route_id": "Red", "dwell_time_sec": "75"}, {"arr_dt": "1476019262", "direction": "0", "dep_dt": "1476019338", "route_id": "Red", "dwell_time_sec": "76"}, {"arr_dt": "1476019686", "direction": "0", "dep_dt": "1476019767", "route_id": "Red", "dwell_time_sec": "81"}, {"arr_dt": "1476020354", "direction": "0", "dep_dt": "1476020417", "route_id": "Red", "dwell_time_sec": "63"}, {"arr_dt": "1476020860", "direction": "0", "dep_dt": "1476020954", "route_id": "Red", "dwell_time_sec": "94"}, {"arr_dt": "1476021554", "direction": "0", "dep_dt": "1476021651", "route_id": "Red", "dwell_time_sec": "97"}, {"arr_dt": "1476022097", "direction": "0", "dep_dt": "1476022173", "route_id": "Red", "dwell_time_sec": "76"}, {"arr_dt": "1476022855", "direction": "0", "dep_dt": "1476022944", "route_id": "Red", "dwell_time_sec": "89"}, {"arr_dt": "1476023313", "direction": "0", "dep_dt": "1476023386", "route_id": "Red", "dwell_time_sec": "73"}, {"arr_dt": "1476024200", "direction": "0", "dep_dt": "1476024285", "route_id": "Red", "dwell_time_sec": "85"}, {"arr_dt": "1476024481", "direction": "0", "dep_dt": "1476024567", "route_id": "Red", "dwell_time_sec": "86"}, {"arr_dt": "1476025213", "direction": "0", "dep_dt": "1476025280", "route_id": "Red", "dwell_time_sec": "67"}, {"arr_dt": "1476025908", "direction": "0", "dep_dt": "1476026000", "route_id": "Red", "dwell_time_sec": "92"}, {"arr_dt": "1476026432", "direction": "0", "dep_dt": "1476026503", "route_id": "Red", "dwell_time_sec": "71"}, {"arr_dt": "1476026889", "direction": "0", "dep_dt": "1476026958", "route_id": "Red", "dwell_time_sec": "69"}, {"arr_dt": "1476027581", "direction": "0", "dep_dt": "1476027662", "route_id": "Red", "dwell_time_sec": "81"}, {"arr_dt": "1476028122", "direction": "0", "dep_dt": "1476028198", "route_id": "Red", "dwell_time_sec": "76"}, {"arr_dt": "1476028712", "direction": "0", "dep_dt": "1476028801", "route_id": "Red", "dwell_time_sec": "89"}, {"arr_dt": "1476029295", "direction": "0", "dep_dt": "1476029380", "route_id": "Red", "dwell_time_sec": "85"}, {"arr_dt": "1476030584", "direction": "0", "dep_dt": "1476030665", "route_id": "Red", "dwell_time_sec": "81"}, {"arr_dt": "1476031087", "direction": "0", "dep_dt": "1476031152", "route_id": "Red", "dwell_time_sec": "65"}, {"arr_dt": "1476031701", "direction": "0", "dep_dt": "1476031787", "route_id": "Red", "dwell_time_sec": "86"}, {"arr_dt": "1476032418", "direction": "0", "dep_dt": "1476032494", "route_id": "Red", "dwell_time_sec": "76"}, {"arr_dt": "1476032931", "direction": "0", "dep_dt": "1476033009", "route_id": "Red", "dwell_time_sec": "78"}, {"arr_dt": "1476033463", "direction": "0", "dep_dt": "1476033531", "route_id": "Red", "dwell_time_sec": "68"}, {"arr_dt": "1476034148", "direction": "0", "dep_dt": "1476034227", "route_id": "Red", "dwell_time_sec": "79"}, {"arr_dt": "1476034775", "direction": "0", "dep_dt": "1476034872", "route_id": "Red", "dwell_time_sec": "97"}, {"arr_dt": "1476035436", "direction": "0", "dep_dt": "1476035526", "route_id": "Red", "dwell_time_sec": "90"}, {"arr_dt": "1476035888", "direction": "0", "dep_dt": "1476035962", "route_id": "Red", "dwell_time_sec": "74"}, {"arr_dt": "1476036603", "direction": "0", "dep_dt": "1476036679", "route_id": "Red", "dwell_time_sec": "76"}, {"arr_dt": "1476037262", "direction": "0", "dep_dt": "1476037355", "route_id": "Red", "dwell_time_sec": "93"}, {"arr_dt": "1476037869", "direction": "0", "dep_dt": "1476037954", "route_id": "Red", "dwell_time_sec": "85"}, {"arr_dt": "1476038285", "direction": "0", "dep_dt": "1476038368", "route_id": "Red", "dwell_time_sec": "83"}, {"arr_dt": "1476038931", "direction": "0", "dep_dt": "1476039005", "route_id": "Red", "dwell_time_sec": "74"}, {"arr_dt": "1476039462", "direction": "0", "dep_dt": "1476039529", "route_id": "Red", "dwell_time_sec": "67"}, {"arr_dt": "1476040149", "direction": "0", "dep_dt": "1476040219", "route_id": "Red", "dwell_time_sec": "70"}, {"arr_dt": "1476040735", "direction": "0", "dep_dt": "1476040831", "route_id": "Red", "dwell_time_sec": "96"}, {"arr_dt": "1476041554", "direction": "0", "dep_dt": "1476041631", "route_id": "Red", "dwell_time_sec": "77"}, {"arr_dt": "1476041892", "direction": "0", "dep_dt": "1476041965", "route_id": "Red", "dwell_time_sec": "73"}, {"arr_dt": "1476042540", "direction": "0", "dep_dt": "1476042700", "route_id": "Red", "dwell_time_sec": "160"}, {"arr_dt": "1476043252", "direction": "0", "dep_dt": "1476043344", "route_id": "Red", "dwell_time_sec": "92"}, {"arr_dt": "1476043775", "direction": "0", "dep_dt": "1476043865", "route_id": "Red", "dwell_time_sec": "90"}, {"arr_dt": "1476044365", "direction": "0", "dep_dt": "1476044456", "route_id": "Red", "dwell_time_sec": "91"}, {"arr_dt": "1476045107", "direction": "0", "dep_dt": "1476045219", "route_id": "Red", "dwell_time_sec": "112"}, {"arr_dt": "1476045558", "direction": "0", "dep_dt": "1476045636", "route_id": "Red", "dwell_time_sec": "78"}, {"arr_dt": "1476046106", "direction": "0", "dep_dt": "1476046184", "route_id": "Red", "dwell_time_sec": "78"}, {"arr_dt": "1476046780", "direction": "0", "dep_dt": "1476046854", "route_id": "Red", "dwell_time_sec": "74"}, {"arr_dt": "1476047517", "direction": "0", "dep_dt": "1476047585", "route_id": "Red", "dwell_time_sec": "68"}, {"arr_dt": "1476047853", "direction": "0", "dep_dt": "1476047921", "route_id": "Red", "dwell_time_sec": "68"}, {"arr_dt": "1476048585", "direction": "0", "dep_dt": "1476048697", "route_id": "Red", "dwell_time_sec": "112"}, {"arr_dt": "1476049094", "direction": "0", "dep_dt": "1476049173", "route_id": "Red", "dwell_time_sec": "79"}, {"arr_dt": "1476049835", "direction": "0", "dep_dt": "1476049925", "route_id": "Red", "dwell_time_sec": "90"}, {"arr_dt": "1476050315", "direction": "0", "dep_dt": "1476050401", "route_id": "Red", "dwell_time_sec": "86"}, {"arr_dt": "1476050895", "direction": "0", "dep_dt": "1476050976", "route_id": "Red", "dwell_time_sec": "81"}, {"arr_dt": "1476051538", "direction": "0", "dep_dt": "1476051628", "route_id": "Red", "dwell_time_sec": "90"}, {"arr_dt": "1476052074", "direction": "0", "dep_dt": "1476052156", "route_id": "Red", "dwell_time_sec": "82"}, {"arr_dt": "1476052771", "direction": "0", "dep_dt": "1476052863", "route_id": "Red", "dwell_time_sec": "92"}, {"arr_dt": "1476053299", "direction": "0", "dep_dt": "1476053375", "route_id": "Red", "dwell_time_sec": "76"}, {"arr_dt": "1476053883", "direction": "0", "dep_dt": "1476053960", "route_id": "Red", "dwell_time_sec": "77"}, {"arr_dt": "1476054518", "direction": "0", "dep_dt": "1476054599", "route_id": "Red", "dwell_time_sec": "81"}, {"arr_dt": "1476055360", "direction": "0", "dep_dt": "1476055433", "route_id": "Red", "dwell_time_sec": "73"}, {"arr_dt": "1476055650", "direction": "0", "dep_dt": "1476055740", "route_id": "Red", "dwell_time_sec": "90"}, {"arr_dt": "1476056374", "direction": "0", "dep_dt": "1476056473", "route_id": "Red", "dwell_time_sec": "99"}, {"arr_dt": "1476056986", "direction": "0", "dep_dt": "1476057055", "route_id": "Red", "dwell_time_sec": "69"}, {"arr_dt": "1476057521", "direction": "0", "dep_dt": "1476057604", "route_id": "Red", "dwell_time_sec": "83"}, {"arr_dt": "1476058099", "direction": "0", "dep_dt": "1476058183", "route_id": "Red", "dwell_time_sec": "84"}, {"arr_dt": "1476058801", "direction": "0", "dep_dt": "1476058887", "route_id": "Red", "dwell_time_sec": "86"}, {"arr_dt": "1476059368", "direction": "0", "dep_dt": "1476059441", "route_id": "Red", "dwell_time_sec": "73"}, {"arr_dt": "1476059953", "direction": "0", "dep_dt": "1476060029", "route_id": "Red", "dwell_time_sec": "76"}, {"arr_dt": "1476060460", "direction": "0", "dep_dt": "1476060509", "route_id": "Red", "dwell_time_sec": "49"}, {"arr_dt": "1476061209", "direction": "0", "dep_dt": "1476061280", "route_id": "Red", "dwell_time_sec": "71"}, {"arr_dt": "1476061614", "direction": "0", "dep_dt": "1476061689", "route_id": "Red", "dwell_time_sec": "75"}, {"arr_dt": "1476062403", "direction": "0", "dep_dt": "1476062500", "route_id": "Red", "dwell_time_sec": "97"}, {"arr_dt": "1476062911", "direction": "0", "dep_dt": "1476062975", "route_id": "Red", "dwell_time_sec": "64"}, {"arr_dt": "1476063486", "direction": "0", "dep_dt": "1476063552", "route_id": "Red", "dwell_time_sec": "66"}, {"arr_dt": "1476064056", "direction": "0", "dep_dt": "1476064111", "route_id": "Red", "dwell_time_sec": "55"}, {"arr_dt": "1476064779", "direction": "0", "dep_dt": "1476064849", "route_id": "Red", "dwell_time_sec": "70"}, {"arr_dt": "1476065287", "direction": "0", "dep_dt": "1476065372", "route_id": "Red", "dwell_time_sec": "85"}, {"arr_dt": "1476065920", "direction": "0", "dep_dt": "1476066016", "route_id": "Red", "dwell_time_sec": "96"}, {"arr_dt": "1476066458", "direction": "0", "dep_dt": "1476066542", "route_id": "Red", "dwell_time_sec": "84"}, {"arr_dt": "1476067102", "direction": "0", "dep_dt": "1476067167", "route_id": "Red", "dwell_time_sec": "65"}, {"arr_dt": "1476067562", "direction": "0", "dep_dt": "1476067615", "route_id": "Red", "dwell_time_sec": "53"}, {"arr_dt": "1476068288", "direction": "0", "dep_dt": "1476068351", "route_id": "Red", "dwell_time_sec": "63"}, {"arr_dt": "1476068910", "direction": "0", "dep_dt": "1476068996", "route_id": "Red", "dwell_time_sec": "86"}, {"arr_dt": "1476069487", "direction": "0", "dep_dt": "1476069588", "route_id": "Red", "dwell_time_sec": "101"}, {"arr_dt": "1476070073", "direction": "0", "dep_dt": "1476070131", "route_id": "Red", "dwell_time_sec": "58"}, {"arr_dt": "1476070904", "direction": "0", "dep_dt": "1476070980", "route_id": "Red", "dwell_time_sec": "76"}, {"arr_dt": "1476071341", "direction": "0", "dep_dt": "1476071417", "route_id": "Red", "dwell_time_sec": "76"}, {"arr_dt": "1476071875", "direction": "0", "dep_dt": "1476071953", "route_id": "Red", "dwell_time_sec": "78"}]}