{"dwell_times": [{"arr_dt": "1459396865", "direction": "0", "dep_dt": "1459396947", "route_id": "Red", "dwell_time_sec": "82"}, {"arr_dt": "1459397268", "direction": "0", "dep_dt": "1459397337", "route_id": "Red", "dwell_time_sec": "69"}, {"arr_dt": "1459397607", "direction": "0", "dep_dt": "1459397669", "route_id": "Red", "dwell_time_sec": "62"}, {"arr_dt": "1459398093", "direction": "0", "dep_dt": "1459398177", "route_id": "Red", "dwell_time_sec": "84"}, {"arr_dt": "1459398658", "direction": "0", "dep_dt": "1459398757", "route_id": "Red", "dwell_time_sec": "99"}, {"arr_dt": "1459399300", "direction": "0", "dep_dt": "1459399365", "route_id": "Red", "dwell_time_sec": "65"}, {"arr_dt": "1459399490", "direction": "0", "dep_dt": "1459399537", "route_id": "Red", "dwell_time_sec": "47"}, {"arr_dt": "1459400669", "direction": "0", "dep_dt": "1459401765", "route_id": "Red", "dwell_time_sec": "1096"}, {"arr_dt": "1459416801", "direction": "0", "dep_dt": "1459416852", "route_id": "Red", "dwell_time_sec": "51"}, {"arr_dt": "1459417317", "direction": "0", "dep_dt": "1459417398", "route_id": "Red", "dwell_time_sec": "81"}, {"arr_dt": "1459417747", "direction": "0", "dep_dt": "1459417804", "route_id": "Red", "dwell_time_sec": "57"}, {"arr_dt": "1459418199", "direction": "0", "dep_dt": "1459418256", "route_id": "Red", "dwell_time_sec": "57"}, {"arr_dt": "1459418667", "direction": "0", "dep_dt": "1459418732", "route_id": "Red", "dwell_time_sec": "65"}, {"arr_dt": "1459419087", "direction": "0", "dep_dt": "1459419156", "route_id": "Red", "dwell_time_sec": "69"}, {"arr_dt": "1459419752", "direction": "0", "dep_dt": "1459419829", "route_id": "Red", "dwell_time_sec": "77"}, {"arr_dt": "1459420096", "direction": "0", "dep_dt": "1459420226", "route_id": "Red", "dwell_time_sec": "130"}, {"arr_dt": "1459420368", "direction": "0", "dep_dt": "1459420430", "route_id": "Red", "dwell_time_sec": "62"}, {"arr_dt": "1459420598", "direction": "0", "dep_dt": "1459420678", "route_id": "Red", "dwell_time_sec": "80"}, {"arr_dt": "1459420940", "direction": "0", "dep_dt": "1459421002", "route_id": "Red", "dwell_time_sec": "62"}, {"arr_dt": "1459421139", "direction": "0", "dep_dt": "1459421196", "route_id": "Red", "dwell_time_sec": "57"}, {"arr_dt": "1459421589", "direction": "0", "dep_dt": "1459421667", "route_id": "Red", "dwell_time_sec": "78"}, {"arr_dt": "1459421961", "direction": "0", "dep_dt": "1459422026", "route_id": "Red", "dwell_time_sec": "65"}, {"arr_dt": "1459422301", "direction": "0", "dep_dt": "1459422367", "route_id": "Red", "dwell_time_sec": "66"}, {"arr_dt": "1459422476", "direction": "0", "dep_dt": "1459422580", "route_id": "Red", "dwell_time_sec": "104"}, {"arr_dt": "1459422665", "direction": "0", "dep_dt": "1459422735", "route_id": "Red", "dwell_time_sec": "70"}, {"arr_dt": "1459423133", "direction": "0", "dep_dt": "1459423226", "route_id": "Red", "dwell_time_sec": "93"}, {"arr_dt": "1459423494", "direction": "0", "dep_dt": "1459423566", "route_id": "Red", "dwell_time_sec": "72"}, {"arr_dt": "1459423985", "direction": "0", "dep_dt": "1459424068", "route_id": "Red", "dwell_time_sec": "83"}, {"arr_dt": "1459424766", "direction": "0", "dep_dt": "1459424882", "route_id": "Red", "dwell_time_sec": "116"}, {"arr_dt": "1459425000", "direction": "0", "dep_dt": "1459425098", "route_id": "Red", "dwell_time_sec": "98"}, {"arr_dt": "1459425250", "direction": "0", "dep_dt": "1459425333", "route_id": "Red", "dwell_time_sec": "83"}, {"arr_dt": "1459425473", "direction": "0", "dep_dt": "1459425561", "route_id": "Red", "dwell_time_sec": "88"}, {"arr_dt": "1459425676", "direction": "0", "dep_dt": "1459425764", "route_id": "Red", "dwell_time_sec": "88"}, {"arr_dt": "1459425862", "direction": "0", "dep_dt": "1459425944", "route_id": "Red", "dwell_time_sec": "82"}, {"arr_dt": "1459426028", "direction": "0", "dep_dt": "1459426111", "route_id": "Red", "dwell_time_sec": "83"}, {"arr_dt": "1459426236", "direction": "0", "dep_dt": "1459426303", "route_id": "Red", "dwell_time_sec": "67"}, {"arr_dt": "1459426411", "direction": "0", "dep_dt": "1459426512", "route_id": "Red", "dwell_time_sec": "101"}, {"arr_dt": "1459426621", "direction": "0", "dep_dt": "1459426736", "route_id": "Red", "dwell_time_sec": "115"}, {"arr_dt": "1459426860", "direction": "0", "dep_dt": "1459426964", "route_id": "Red", "dwell_time_sec": "104"}, {"arr_dt": "1459427079", "direction": "0", "dep_dt": "1459427170", "route_id": "Red", "dwell_time_sec": "91"}, {"arr_dt": "1459427261", "direction": "0", "dep_dt": "1459427360", "route_id": "Red", "dwell_time_sec": "99"}, {"arr_dt": "1459427498", "direction": "0", "dep_dt": "1459427583", "route_id": "Red", "dwell_time_sec": "85"}, {"arr_dt": "1459427700", "direction": "0", "dep_dt": "1459427811", "route_id": "Red", "dwell_time_sec": "111"}, {"arr_dt": "1459427902", "direction": "0", "dep_dt": "1459427991", "route_id": "Red", "dwell_time_sec": "89"}, {"arr_dt": "1459428126", "direction": "0", "dep_dt": "1459428216", "route_id": "Red", "dwell_time_sec": "90"}, {"arr_dt": "1459428315", "direction": "0", "dep_dt": "1459428423", "route_id": "Red", "dwell_time_sec": "108"}, {"arr_dt": "1459428549", "direction": "0", "dep_dt": "1459428662", "route_id": "Red", "dwell_time_sec": "113"}, {"arr_dt": "1459428746", "direction": "0", "dep_dt": "1459428825", "route_id": "Red", "dwell_time_sec": "79"}, {"arr_dt": "1459428974", "direction": "0", "dep_dt": "1459429061", "route_id": "Red", "dwell_time_sec": "87"}, {"arr_dt": "1459429194", "direction": "0", "dep_dt": "1459429282", "route_id": "Red", "dwell_time_sec": "88"}, {"arr_dt": "1459429404", "direction": "0", "dep_dt": "1459429486", "route_id": "Red", "dwell_time_sec": "82"}, {"arr_dt": "1459429864", "direction": "0", "dep_dt": "1459429975", "route_id": "Red", "dwell_time_sec": "111"}, {"arr_dt": "1459430089", "direction": "0", "dep_dt": "1459430175", "route_id": "Red", "dwell_time_sec": "86"}, {"arr_dt": "1459430365", "direction": "0", "dep_dt": "1459430455", "route_id": "Red", "dwell_time_sec": "90"}, {"arr_dt": "1459430814", "direction": "0", "dep_dt": "1459430902", "route_id": "Red", "dwell_time_sec": "88"}, {"arr_dt": "1459431007", "direction": "0", "dep_dt": "1459431091", "route_id": "Red", "dwell_time_sec": "84"}, {"arr_dt": "1459431205", "direction": "0", "dep_dt": "1459431294", "route_id": "Red", "dwell_time_sec": "89"}, {"arr_dt": "1459431557", "direction": "0", "dep_dt": "1459431649", "route_id": "Red", "dwell_time_sec": "92"}, {"arr_dt": "1459431779", "direction": "0", "dep_dt": "1459431853", "route_id": "Red", "dwell_time_sec": "74"}, {"arr_dt": "1459431978", "direction": "0", "dep_dt": "1459432044", "route_id": "Red", "dwell_time_sec": "66"}, {"arr_dt": "1459432273", "direction": "0", "dep_dt": "1459432341", "route_id": "Red", "dwell_time_sec": "68"}, {"arr_dt": "1459432661", "direction": "0", "dep_dt": "1459432733", "route_id": "Red", "dwell_time_sec": "72"}, {"arr_dt": "1459432857", "direction": "0", "dep_dt": "1459432931", "route_id": "Red", "dwell_time_sec": "74"}, {"arr_dt": "1459433228", "direction": "0", "dep_dt": "1459433296", "route_id": "Red", "dwell_time_sec": "68"}, {"arr_dt": "1459433391", "direction": "0", "dep_dt": "1459433463", "route_id": "Red", "dwell_time_sec": "72"}, {"arr_dt": "1459433587", "direction": "0", "dep_dt": "1459433667", "route_id": "Red", "dwell_time_sec": "80"}, {"arr_dt": "1459433878", "direction": "0", "dep_dt": "1459433965", "route_id": "Red", "dwell_time_sec": "87"}, {"arr_dt": "1459434081", "direction": "0", "dep_dt": "1459434180", "route_id": "Red", "dwell_time_sec": "99"}, {"arr_dt": "1459434272", "direction": "0", "dep_dt": "1459434341", "route_id": "Red", "dwell_time_sec": "69"}, {"arr_dt": "1459434604", "direction": "0", "dep_dt": "1459434669", "route_id": "Red", "dwell_time_sec": "65"}, {"arr_dt": "1459434781", "direction": "0", "dep_dt": "1459434844", "route_id": "Red", "dwell_time_sec": "63"}, {"arr_dt": "1459434941", "direction": "0", "dep_dt": "1459435003", "route_id": "Red", "dwell_time_sec": "62"}, {"arr_dt": "1459435131", "direction": "0", "dep_dt": "1459435204", "route_id": "Red", "dwell_time_sec": "73"}, {"arr_dt": "1459435431", "direction": "0", "dep_dt": "1459435503", "route_id": "Red", "dwell_time_sec": "72"}, {"arr_dt": "1459443053", "direction": "0", "dep_dt": "1459443167", "route_id": "Red", "dwell_time_sec": "114"}, {"arr_dt": "1459443329", "direction": "0", "dep_dt": "1459443417", "route_id": "Red", "dwell_time_sec": "88"}, {"arr_dt": "1459443667", "direction": "0", "dep_dt": "1459443743", "route_id": "Red", "dwell_time_sec": "76"}, {"arr_dt": "1459444148", "direction": "0", "dep_dt": "1459444215", "route_id": "Red", "dwell_time_sec": "67"}, {"arr_dt": "1459444508", "direction": "0", "dep_dt": "1459444585", "route_id": "Red", "dwell_time_sec": "77"}, {"arr_dt": "1459445024", "direction": "0", "dep_dt": "1459445119", "route_id": "Red", "dwell_time_sec": "95"}, {"arr_dt": "1459445401", "direction": "0", "dep_dt": "1459445495", "route_id": "Red", "dwell_time_sec": "94"}, {"arr_dt": "1459445875", "direction": "0", "dep_dt": "1459445958", "route_id": "Red", "dwell_time_sec": "83"}, {"arr_dt": "1459446208", "direction": "0", "dep_dt": "1459446297", "route_id": "Red", "dwell_time_sec": "89"}, {"arr_dt": "1459446634", "direction": "0", "dep_dt": "1459446720", "route_id": "Red", "dwell_time_sec": "86"}, {"arr_dt": "1459447157", "direction": "0", "dep_dt": "1459447226", "route_id": "Red", "dwell_time_sec": "69"}, {"arr_dt": "1459447412", "direction": "0", "dep_dt": "1459447512", "route_id": "Red", "dwell_time_sec": "100"}, {"arr_dt": "1459447887", "direction": "0", "dep_dt": "1459447963", "route_id": "Red", "dwell_time_sec": "76"}, {"arr_dt": "1459448370", "direction": "0", "dep_dt": "1459448441", "route_id": "Red", "dwell_time_sec": "71"}, {"arr_dt": "1459448827", "direction": "0", "dep_dt": "1459448911", "route_id": "Red", "dwell_time_sec": "84"}, {"arr_dt": "1459449111", "direction": "0", "dep_dt": "1459449177", "route_id": "Red", "dwell_time_sec": "66"}, {"arr_dt": "1459449746", "direction": "0", "dep_dt": "1459449833", "route_id": "Red", "dwell_time_sec": "87"}, {"arr_dt": "1459449976", "direction": "0", "dep_dt": "1459450052", "route_id": "Red", "dwell_time_sec": "76"}, {"arr_dt": "1459450444", "direction": "0", "dep_dt": "1459450523", "route_id": "Red", "dwell_time_sec": "79"}, {"arr_dt": "1459450815", "direction": "0", "dep_dt": "1459450887", "route_id": "Red", "dwell_time_sec": "72"}, {"arr_dt": "1459451423", "direction": "0", "dep_dt": "1459451512", "route_id": "Red", "dwell_time_sec": "89"}, {"arr_dt": "1459451885", "direction": "0", "dep_dt": "1459451987", "route_id": "Red", "dwell_time_sec": "102"}, {"arr_dt": "1459452354", "direction": "0", "dep_dt": "1459452467", "route_id": "Red", "dwell_time_sec": "113"}, {"arr_dt": "1459452602", "direction": "0", "dep_dt": "1459452705", "route_id": "Red", "dwell_time_sec": "103"}, {"arr_dt": "1459452860", "direction": "0", "dep_dt": "1459452930", "route_id": "Red", "dwell_time_sec": "70"}, {"arr_dt": "1459453131", "direction": "0", "dep_dt": "1459453211", "route_id": "Red", "dwell_time_sec": "80"}, {"arr_dt": "1459453569", "direction": "0", "dep_dt": "1459453659", "route_id": "Red", "dwell_time_sec": "90"}, {"arr_dt": "1459453831", "direction": "0", "dep_dt": "1459453938", "route_id": "Red", "dwell_time_sec": "107"}, {"arr_dt": "1459454298", "direction": "0", "dep_dt": "1459454399", "route_id": "Red", "dwell_time_sec": "101"}, {"arr_dt": "1459454497", "direction": "0", "dep_dt": "1459454587", "route_id": "Red", "dwell_time_sec": "90"}, {"arr_dt": "1459454761", "direction": "0", "dep_dt": "1459454836", "route_id": "Red", "dwell_time_sec": "75"}, {"arr_dt": "1459455531", "direction": "0", "dep_dt": "1459455674", "route_id": "Red", "dwell_time_sec": "143"}, {"arr_dt": "1459456063", "direction": "0", "dep_dt": "1459456154", "route_id": "Red", "dwell_time_sec": "91"}, {"arr_dt": "1459456269", "direction": "0", "dep_dt": "1459456377", "route_id": "Red", "dwell_time_sec": "108"}, {"arr_dt": "1459456484", "direction": "0", "dep_dt": "1459456596", "route_id": "Red", "dwell_time_sec": "112"}, {"arr_dt": "1459456684", "direction": "0", "dep_dt": "1459456770", "route_id": "Red", "dwell_time_sec": "86"}, {"arr_dt": "1459456984", "direction": "0", "dep_dt": "1459457073", "route_id": "Red", "dwell_time_sec": "89"}, {"arr_dt": "1459457322", "direction": "0", "dep_dt": "1459457432", "route_id": "Red", "dwell_time_sec": "110"}, {"arr_dt": "1459457514", "direction": "0", "dep_dt": "1459457624", "route_id": "Red", "dwell_time_sec": "110"}, {"arr_dt": "1459457739", "direction": "0", "dep_dt": "1459457823", "route_id": "Red", "dwell_time_sec": "84"}, {"arr_dt": "1459457972", "direction": "0", "dep_dt": "1459458104", "route_id": "Red", "dwell_time_sec": "132"}, {"arr_dt": "1459458208", "direction": "0", "dep_dt": "1459458313", "route_id": "Red", "dwell_time_sec": "105"}, {"arr_dt": "1459458427", "direction": "0", "dep_dt": "1459458531", "route_id": "Red", "dwell_time_sec": "104"}, {"arr_dt": "1459458752", "direction": "0", "dep_dt": "1459458859", "route_id": "Red", "dwell_time_sec": "107"}, {"arr_dt": "1459459205", "direction": "0", "dep_dt": "1459459323", "route_id": "Red", "dwell_time_sec": "118"}, {"arr_dt": "1459459385", "direction": "0", "dep_dt": "1459459486", "route_id": "Red", "dwell_time_sec": "101"}, {"arr_dt": "1459459638", "direction": "0", "dep_dt": "1459459776", "route_id": "Red", "dwell_time_sec": "138"}, {"arr_dt": "1459459845", "direction": "0", "dep_dt": "1459459944", "route_id": "Red", "dwell_time_sec": "99"}, {"arr_dt": "1459460105", "direction": "0", "dep_dt": "1459460199", "route_id": "Red", "dwell_time_sec": "94"}, {"arr_dt": "1459460308", "direction": "0", "dep_dt": "1459460424", "route_id": "Red", "dwell_time_sec": "116"}, {"arr_dt": "1459460512", "direction": "0", "dep_dt": "1459460618", "route_id": "Red", "dwell_time_sec": "106"}, {"arr_dt": "1459460707", "direction": "0", "dep_dt": "1459460792", "route_id": "Red", "dwell_time_sec": "85"}, {"arr_dt": "1459461001", "direction": "0", "dep_dt": "1459461106", "route_id": "Red", "dwell_time_sec": "105"}, {"arr_dt": "1459461192", "direction": "0", "dep_dt": "1459461285", "route_id": "Red", "dwell_time_sec": "93"}, {"arr_dt": "1459461500", "direction": "0", "dep_dt": "1459461587", "route_id": "Red", "dwell_time_sec": "87"}, {"arr_dt": "1459462011", "direction": "0", "dep_dt": "1459462123", "route_id": "Red", "dwell_time_sec": "112"}, {"arr_dt": "1459462219", "direction": "0", "dep_dt": "1459462322", "route_id": "Red", "dwell_time_sec": "103"}, {"arr_dt": "1459462446", "direction": "0", "dep_dt": "1459462543", "route_id": "Red", "dwell_time_sec": "97"}, {"arr_dt": "1459462715", "direction": "0", "dep_dt": "1459462805", "route_id": "Red", "dwell_time_sec": "90"}, {"arr_dt": "1459462938", "direction": "0", "dep_dt": "1459463028", "route_id": "Red", "dwell_time_sec": "90"}, {"arr_dt": "1459463247", "direction": "0", "dep_dt": "1459463319", "route_id": "Red", "dwell_time_sec": "72"}, {"arr_dt": "1459463647", "direction": "0", "dep_dt": "1459463733", "route_id": "Red", "dwell_time_sec": "86"}, {"arr_dt": "1459463889", "direction": "0", "dep_dt": "1459463992", "route_id": "Red", "dwell_time_sec": "103"}, {"arr_dt": "1459464093", "direction": "0", "dep_dt": "1459464177", "route_id": "Red", "dwell_time_sec": "84"}, {"arr_dt": "1459464303", "direction": "0", "dep_dt": "1459464459", "route_id": "Red", "dwell_time_sec": "156"}, {"arr_dt": "1459464484", "direction": "0", "dep_dt": "1459464568", "route_id": "Red", "dwell_time_sec": "84"}, {"arr_dt": "1459464699", "direction": "0", "dep_dt": "1459464774", "route_id": "Red", "dwell_time_sec": "75"}, {"arr_dt": "1459464914", "direction": "0", "dep_dt": "1459464997", "route_id": "Red", "dwell_time_sec": "83"}, {"arr_dt": "1459465104", "direction": "0", "dep_dt": "1459465185", "route_id": "Red", "dwell_time_sec": "81"}, {"arr_dt": "1459465295", "direction": "0", "dep_dt": "1459465390", "route_id": "Red", "dwell_time_sec": "95"}, {"arr_dt": "1459465511", "direction": "0", "dep_dt": "1459465619", "route_id": "Red", "dwell_time_sec": "108"}, {"arr_dt": "1459465696", "direction": "0", "dep_dt": "1459465776", "route_id": "Red", "dwell_time_sec": "80"}, {"arr_dt": "1459465876", "direction": "0", "dep_dt": "1459465976", "route_id": "Red", "dwell_time_sec": "100"}, {"arr_dt": "1459466188", "direction": "0", "dep_dt": "1459466263", "route_id": "Red", "dwell_time_sec": "75"}, {"arr_dt": "1459466691", "direction": "0", "dep_dt": "1459466779", "route_id": "Red", "dwell_time_sec": "88"}, {"arr_dt": "1459467171", "direction": "0", "dep_dt": "1459467255", "route_id": "Red", "dwell_time_sec": "84"}, {"arr_dt": "1459467374", "direction": "0", "dep_dt": "1459467463", "route_id": "Red", "dwell_time_sec": "89"}, {"arr_dt": "1459467579", "direction": "0", "dep_dt": "1459467648", "route_id": "Red", "dwell_time_sec": "69"}, {"arr_dt": "1459467757", "direction": "0", "dep_dt": "1459467859", "route_id": "Red", "dwell_time_sec": "102"}, {"arr_dt": "1459467931", "direction": "0", "dep_dt": "1459468009", "route_id": "Red", "dwell_time_sec": "78"}, {"arr_dt": "1459468316", "direction": "0", "dep_dt": "1459468404", "route_id": "Red", "dwell_time_sec": "88"}, {"arr_dt": "1459468804", "direction": "0", "dep_dt": "1459468884", "route_id": "Red", "dwell_time_sec": "80"}, {"arr_dt": "1459468983", "direction": "0", "dep_dt": "1459469073", "route_id": "Red", "dwell_time_sec": "90"}, {"arr_dt": "1459469165", "direction": "0", "dep_dt": "1459469248", "route_id": "Red", "dwell_time_sec": "83"}, {"arr_dt": "1459469334", "direction": "0", "dep_dt": "1459469411", "route_id": "Red", "dwell_time_sec": "77"}, {"arr_dt": "1459469505", "direction": "0", "dep_dt": "1459469746", "route_id": "Red", "dwell_time_sec": "241"}, {"arr_dt": "1459469745", "direction": "0", "dep_dt": "1459469814", "route_id": "Red", "dwell_time_sec": "69"}, {"arr_dt": "1459470084", "direction": "0", "dep_dt": "1459470159", "route_id": "Red", "dwell_time_sec": "75"}, {"arr_dt": "1459470575", "direction": "0", "dep_dt": "1459470648", "route_id": "Red", "dwell_time_sec": "73"}, {"arr_dt": "1459470979", "direction": "0", "dep_dt": "1459471057", "route_id": "Red", "dwell_time_sec": "78"}, {"arr_dt": "1459471185", "direction": "0", "dep_dt": "1459471251", "route_id": "Red", "dwell_time_sec": "66"}, {"arr_dt": "1459471720", "direction": "0", "dep_dt": "1459471813", "route_id": "Red", "dwell_time_sec": "93"}, {"arr_dt": "1459471912", "direction": "0", "dep_dt": "1459472007", "route_id": "Red", "dwell_time_sec": "95"}, {"arr_dt": "1459472406", "direction": "0", "dep_dt": "1459472493", "route_id": "Red", "dwell_time_sec": "87"}, {"arr_dt": "1459472686", "direction": "0", "dep_dt": "1459472753", "route_id": "Red", "dwell_time_sec": "67"}, {"arr_dt": "1459473037", "direction": "0", "dep_dt": "1459473107", "route_id": "Red", "dwell_time_sec": "70"}, {"arr_dt": "1459473391", "direction": "0", "dep_dt": "1459473458", "route_id": "Red", "dwell_time_sec": "67"}, {"arr_dt": "1459473864", "direction": "0", "dep_dt": "1459473976", "route_id": "Red", "dwell_time_sec": "112"}, {"arr_dt": "1459474066", "direction": "0", "dep_dt": "1459474165", "route_id": "Red", "dwell_time_sec": "99"}, {"arr_dt": "1459474385", "direction": "0", "dep_dt": "1459474458", "route_id": "Red", "dwell_time_sec": "73"}, {"arr_dt": "1459475156", "direction": "0", "dep_dt": "1459475243", "route_id": "Red", "dwell_time_sec": "87"}, {"arr_dt": "1459475688", "direction": "0", "dep_dt": "1459475767", "route_id": "Red", "dwell_time_sec": "79"}, {"arr_dt": "1459475955", "direction": "0", "dep_dt": "1459476027", "route_id": "Red", "dwell_time_sec": "72"}, {"arr_dt": "1459476273", "direction": "0", "dep_dt": "1459476342", "route_id": "Red", "dwell_time_sec": "69"}, {"arr_dt": "1459476454", "direction": "0", "dep_dt": "1459476525", "route_id": "Red", "dwell_time_sec": "71"}, {"arr_dt": "1459476856", "direction": "0", "dep_dt": "1459476923", "route_id": "Red", "dwell_time_sec": "67"}, {"arr_dt": "1459477270", "direction": "0", "dep_dt": "1459477333", "route_id": "Red", "dwell_time_sec": "63"}, {"arr_dt": "1459477431", "direction": "0", "dep_dt": "1459477495", "route_id": "Red", "dwell_time_sec": "64"}, {"arr_dt": "1459477896", "direction": "0", "dep_dt": "1459477973", "route_id": "Red", "dwell_time_sec": "77"}, {"arr_dt": "1459478235", "direction": "0", "dep_dt": "1459478306", "route_id": "Red", "dwell_time_sec": "71"}, {"arr_dt": "1459478412", "direction": "0", "dep_dt": "1459478494", "route_id": "Red", "dwell_time_sec": "82"}, {"arr_dt": "1459478725", "direction": "0", "dep_dt": "1459478782", "route_id": "Red", "dwell_time_sec": "57"}, {"arr_dt": "1459478932", "direction": "0", "dep_dt": "1459478993", "route_id": "Red", "dwell_time_sec": "61"}, {"arr_dt": "1459479481", "direction": "0", "dep_dt": "1459479684", "route_id": "Red", "dwell_time_sec": "203"}, {"arr_dt": "1459479881", "direction": "0", "dep_dt": "1459479953", "route_id": "Red", "dwell_time_sec": "72"}, {"arr_dt": "1459480719", "direction": "0", "dep_dt": "1459480813", "route_id": "Red", "dwell_time_sec": "94"}, {"arr_dt": "1459481150", "direction": "0", "dep_dt": "1459481222", "route_id": "Red", "dwell_time_sec": "72"}, {"arr_dt": "1459481436", "direction": "0", "dep_dt": "1459481512", "route_id": "Red", "dwell_time_sec": "76"}, {"arr_dt": "1459481689", "direction": "0", "dep_dt": "1459481748", "route_id": "Red", "dwell_time_sec": "59"}, {"arr_dt": "1459481889", "direction": "0", "dep_dt": "1459481950", "route_id": "Red", "dwell_time_sec": "61"}, {"arr_dt": "1459482151", "direction": "0", "dep_dt": "1459482224", "route_id": "Red", "dwell_time_sec": "73"}, {"arr_dt": "1459482593", "direction": "0", "dep_dt": "1459482659", "route_id": "Red", "dwell_time_sec": "66"}, {"arr_dt": "1459482800", "direction": "0", "dep_dt": "1459482854", "route_id": "Red", "dwell_time_sec": "54"}]}