{"dwell_times": [{"arr_dt": "1474344059", "direction": "0", "dep_dt": "1474344112", "route_id": "Red", "dwell_time_sec": "53"}, {"arr_dt": "1474344338", "direction": "0", "dep_dt": "1474344470", "route_id": "Red", "dwell_time_sec": "132"}, {"arr_dt": "1474344907", "direction": "0", "dep_dt": "1474344981", "route_id": "Red", "dwell_time_sec": "74"}, {"arr_dt": "1474345198", "direction": "0", "dep_dt": "1474345266", "route_id": "Red", "dwell_time_sec": "68"}, {"arr_dt": "1474345861", "direction": "0", "dep_dt": "1474345960", "route_id": "Red", "dwell_time_sec": "99"}, {"arr_dt": "1474346113", "direction": "0", "dep_dt": "1474346174", "route_id": "Red", "dwell_time_sec": "61"}, {"arr_dt": "1474347216", "direction": "0", "dep_dt": "1474348224", "route_id": "Red", "dwell_time_sec": "1008"}, {"arr_dt": "1474364050", "direction": "0", "dep_dt": "1474364115", "route_id": "Red", "dwell_time_sec": "65"}, {"arr_dt": "1474364906", "direction": "0", "dep_dt": "1474364983", "route_id": "Red", "dwell_time_sec": "77"}, {"arr_dt": "1474365090", "direction": "0", "dep_dt": "1474365168", "route_id": "Red", "dwell_time_sec": "78"}, {"arr_dt": "1474365303", "direction": "0", "dep_dt": "1474365355", "route_id": "Red", "dwell_time_sec": "52"}, {"arr_dt": "1474366018", "direction": "0", "dep_dt": "1474366102", "route_id": "Red", "dwell_time_sec": "84"}, {"arr_dt": "1474366274", "direction": "0", "dep_dt": "1474366333", "route_id": "Red", "dwell_time_sec": "59"}, {"arr_dt": "1474366858", "direction": "0", "dep_dt": "1474366922", "route_id": "Red", "dwell_time_sec": "64"}, {"arr_dt": "1474367241", "direction": "0", "dep_dt": "1474367302", "route_id": "Red", "dwell_time_sec": "61"}, {"arr_dt": "1474367493", "direction": "0", "dep_dt": "1474367551", "route_id": "Red", "dwell_time_sec": "58"}, {"arr_dt": "1474367802", "direction": "0", "dep_dt": "1474367860", "route_id": "Red", "dwell_time_sec": "58"}, {"arr_dt": "1474368038", "direction": "0", "dep_dt": "1474368094", "route_id": "Red", "dwell_time_sec": "56"}, {"arr_dt": "1474368377", "direction": "0", "dep_dt": "1474368451", "route_id": "Red", "dwell_time_sec": "74"}, {"arr_dt": "1474368710", "direction": "0", "dep_dt": "1474368779", "route_id": "Red", "dwell_time_sec": "69"}, {"arr_dt": "1474369463", "direction": "0", "dep_dt": "1474369547", "route_id": "Red", "dwell_time_sec": "84"}, {"arr_dt": "1474369819", "direction": "0", "dep_dt": "1474369889", "route_id": "Red", "dwell_time_sec": "70"}, {"arr_dt": "1474370115", "direction": "0", "dep_dt": "1474370215", "route_id": "Red", "dwell_time_sec": "100"}, {"arr_dt": "1474370318", "direction": "0", "dep_dt": "1474370403", "route_id": "Red", "dwell_time_sec": "85"}, {"arr_dt": "1474370500", "direction": "0", "dep_dt": "1474370590", "route_id": "Red", "dwell_time_sec": "90"}, {"arr_dt": "1474370693", "direction": "0", "dep_dt": "1474370774", "route_id": "Red", "dwell_time_sec": "81"}, {"arr_dt": "1474370916", "direction": "0", "dep_dt": "1474370999", "route_id": "Red", "dwell_time_sec": "83"}, {"arr_dt": "1474371102", "direction": "0", "dep_dt": "1474371190", "route_id": "Red", "dwell_time_sec": "88"}, {"arr_dt": "1474371527", "direction": "0", "dep_dt": "1474371618", "route_id": "Red", "dwell_time_sec": "91"}, {"arr_dt": "1474371721", "direction": "0", "dep_dt": "1474371817", "route_id": "Red", "dwell_time_sec": "96"}, {"arr_dt": "1474371961", "direction": "0", "dep_dt": "1474372044", "route_id": "Red", "dwell_time_sec": "83"}, {"arr_dt": "1474372139", "direction": "0", "dep_dt": "1474372232", "route_id": "Red", "dwell_time_sec": "93"}, {"arr_dt": "1474372495", "direction": "0", "dep_dt": "1474372617", "route_id": "Red", "dwell_time_sec": "122"}, {"arr_dt": "1474372701", "direction": "0", "dep_dt": "1474372786", "route_id": "Red", "dwell_time_sec": "85"}, {"arr_dt": "1474372955", "direction": "0", "dep_dt": "1474373046", "route_id": "Red", "dwell_time_sec": "91"}, {"arr_dt": "1474373142", "direction": "0", "dep_dt": "1474373236", "route_id": "Red", "dwell_time_sec": "94"}, {"arr_dt": "1474373379", "direction": "0", "dep_dt": "1474373464", "route_id": "Red", "dwell_time_sec": "85"}, {"arr_dt": "1474373561", "direction": "0", "dep_dt": "1474373656", "route_id": "Red", "dwell_time_sec": "95"}, {"arr_dt": "1474373741", "direction": "0", "dep_dt": "1474373833", "route_id": "Red", "dwell_time_sec": "92"}, {"arr_dt": "1474374192", "direction": "0", "dep_dt": "1474374311", "route_id": "Red", "dwell_time_sec": "119"}, {"arr_dt": "1474374407", "direction": "0", "dep_dt": "1474374510", "route_id": "Red", "dwell_time_sec": "103"}, {"arr_dt": "1474374601", "direction": "0", "dep_dt": "1474374685", "route_id": "Red", "dwell_time_sec": "84"}, {"arr_dt": "1474374882", "direction": "0", "dep_dt": "1474374985", "route_id": "Red", "dwell_time_sec": "103"}, {"arr_dt": "1474375124", "direction": "0", "dep_dt": "1474375219", "route_id": "Red", "dwell_time_sec": "95"}, {"arr_dt": "1474375347", "direction": "0", "dep_dt": "1474375444", "route_id": "Red", "dwell_time_sec": "97"}, {"arr_dt": "1474375829", "direction": "0", "dep_dt": "1474375951", "route_id": "Red", "dwell_time_sec": "122"}, {"arr_dt": "1474376041", "direction": "0", "dep_dt": "1474376130", "route_id": "Red", "dwell_time_sec": "89"}, {"arr_dt": "1474376336", "direction": "0", "dep_dt": "1474376446", "route_id": "Red", "dwell_time_sec": "110"}, {"arr_dt": "1474376680", "direction": "0", "dep_dt": "1474376763", "route_id": "Red", "dwell_time_sec": "83"}, {"arr_dt": "1474376988", "direction": "0", "dep_dt": "1474377071", "route_id": "Red", "dwell_time_sec": "83"}, {"arr_dt": "1474377182", "direction": "0", "dep_dt": "1474377268", "route_id": "Red", "dwell_time_sec": "86"}, {"arr_dt": "1474377575", "direction": "0", "dep_dt": "1474377667", "route_id": "Red", "dwell_time_sec": "92"}, {"arr_dt": "1474377769", "direction": "0", "dep_dt": "1474377854", "route_id": "Red", "dwell_time_sec": "85"}, {"arr_dt": "1474377962", "direction": "0", "dep_dt": "1474378045", "route_id": "Red", "dwell_time_sec": "83"}, {"arr_dt": "1474378250", "direction": "0", "dep_dt": "1474378356", "route_id": "Red", "dwell_time_sec": "106"}, {"arr_dt": "1474378601", "direction": "0", "dep_dt": "1474378686", "route_id": "Red", "dwell_time_sec": "85"}, {"arr_dt": "1474378858", "direction": "0", "dep_dt": "1474378929", "route_id": "Red", "dwell_time_sec": "71"}, {"arr_dt": "1474379165", "direction": "0", "dep_dt": "1474379239", "route_id": "Red", "dwell_time_sec": "74"}, {"arr_dt": "1474379374", "direction": "0", "dep_dt": "1474379435", "route_id": "Red", "dwell_time_sec": "61"}, {"arr_dt": "1474379616", "direction": "0", "dep_dt": "1474379693", "route_id": "Red", "dwell_time_sec": "77"}, {"arr_dt": "1474379804", "direction": "0", "dep_dt": "1474379888", "route_id": "Red", "dwell_time_sec": "84"}, {"arr_dt": "1474380007", "direction": "0", "dep_dt": "1474380096", "route_id": "Red", "dwell_time_sec": "89"}, {"arr_dt": "1474380212", "direction": "0", "dep_dt": "1474380279", "route_id": "Red", "dwell_time_sec": "67"}, {"arr_dt": "1474380491", "direction": "0", "dep_dt": "1474380552", "route_id": "Red", "dwell_time_sec": "61"}, {"arr_dt": "1474380745", "direction": "0", "dep_dt": "1474380812", "route_id": "Red", "dwell_time_sec": "67"}, {"arr_dt": "1474380946", "direction": "0", "dep_dt": "1474381029", "route_id": "Red", "dwell_time_sec": "83"}, {"arr_dt": "1474381416", "direction": "0", "dep_dt": "1474381504", "route_id": "Red", "dwell_time_sec": "88"}, {"arr_dt": "1474381656", "direction": "0", "dep_dt": "1474381730", "route_id": "Red", "dwell_time_sec": "74"}, {"arr_dt": "1474381888", "direction": "0", "dep_dt": "1474381950", "route_id": "Red", "dwell_time_sec": "62"}, {"arr_dt": "1474382082", "direction": "0", "dep_dt": "1474382153", "route_id": "Red", "dwell_time_sec": "71"}, {"arr_dt": "1474382264", "direction": "0", "dep_dt": "1474382330", "route_id": "Red", "dwell_time_sec": "66"}, {"arr_dt": "1474382596", "direction": "0", "dep_dt": "1474382663", "route_id": "Red", "dwell_time_sec": "67"}, {"arr_dt": "1474382794", "direction": "0", "dep_dt": "1474382871", "route_id": "Red", "dwell_time_sec": "77"}, {"arr_dt": "1474383103", "direction": "0", "dep_dt": "1474383179", "route_id": "Red", "dwell_time_sec": "76"}, {"arr_dt": "1474383414", "direction": "0", "dep_dt": "1474383478", "route_id": "Red", "dwell_time_sec": "64"}, {"arr_dt": "1474383616", "direction": "0", "dep_dt": "1474383685", "route_id": "Red", "dwell_time_sec": "69"}, {"arr_dt": "1474384369", "direction": "0", "dep_dt": "1474384455", "route_id": "Red", "dwell_time_sec": "86"}, {"arr_dt": "1474384559", "direction": "0", "dep_dt": "1474384634", "route_id": "Red", "dwell_time_sec": "75"}, {"arr_dt": "1474384750", "direction": "0", "dep_dt": "1474384822", "route_id": "Red", "dwell_time_sec": "72"}, {"arr_dt": "1474385018", "direction": "0", "dep_dt": "1474385088", "route_id": "Red", "dwell_time_sec": "70"}, {"arr_dt": "1474385342", "direction": "0", "dep_dt": "1474385430", "route_id": "Red", "dwell_time_sec": "88"}, {"arr_dt": "1474385675", "direction": "0", "dep_dt": "1474385767", "route_id": "Red", "dwell_time_sec": "92"}, {"arr_dt": "1474386034", "direction": "0", "dep_dt": "1474386308", "route_id": "Red", "dwell_time_sec": "274"}, {"arr_dt": "1474386772", "direction": "0", "dep_dt": "1474386848", "route_id": "Red", "dwell_time_sec": "76"}, {"arr_dt": "1474387444", "direction": "0", "dep_dt": "1474387515", "route_id": "Red", "dwell_time_sec": "71"}, {"arr_dt": "1474387738", "direction": "0", "dep_dt": "1474387808", "route_id": "Red", "dwell_time_sec": "70"}, {"arr_dt": "1474388003", "direction": "0", "dep_dt": "1474388067", "route_id": "Red", "dwell_time_sec": "64"}, {"arr_dt": "1474388415", "direction": "0", "dep_dt": "1474388498", "route_id": "Red", "dwell_time_sec": "83"}, {"arr_dt": "1474388747", "direction": "0", "dep_dt": "1474388804", "route_id": "Red", "dwell_time_sec": "57"}, {"arr_dt": "1474389168", "direction": "0", "dep_dt": "1474389282", "route_id": "Red", "dwell_time_sec": "114"}, {"arr_dt": "1474389426", "direction": "0", "dep_dt": "1474389482", "route_id": "Red", "dwell_time_sec": "56"}, {"arr_dt": "1474390013", "direction": "0", "dep_dt": "1474390089", "route_id": "Red", "dwell_time_sec": "76"}, {"arr_dt": "1474390579", "direction": "0", "dep_dt": "1474390648", "route_id": "Red", "dwell_time_sec": "69"}, {"arr_dt": "1474390777", "direction": "0", "dep_dt": "1474390854", "route_id": "Red", "dwell_time_sec": "77"}, {"arr_dt": "1474391162", "direction": "0", "dep_dt": "1474391249", "route_id": "Red", "dwell_time_sec": "87"}, {"arr_dt": "1474391507", "direction": "0", "dep_dt": "1474391596", "route_id": "Red", "dwell_time_sec": "89"}, {"arr_dt": "1474391862", "direction": "0", "dep_dt": "1474391944", "route_id": "Red", "dwell_time_sec": "82"}, {"arr_dt": "1474392307", "direction": "0", "dep_dt": "1474392372", "route_id": "Red", "dwell_time_sec": "65"}, {"arr_dt": "1474392555", "direction": "0", "dep_dt": "1474392623", "route_id": "Red", "dwell_time_sec": "68"}, {"arr_dt": "1474393271", "direction": "0", "dep_dt": "1474393347", "route_id": "Red", "dwell_time_sec": "76"}, {"arr_dt": "1474393458", "direction": "0", "dep_dt": "1474393529", "route_id": "Red", "dwell_time_sec": "71"}, {"arr_dt": "1474393895", "direction": "0", "dep_dt": "1474393971", "route_id": "Red", "dwell_time_sec": "76"}, {"arr_dt": "1474394360", "direction": "0", "dep_dt": "1474394436", "route_id": "Red", "dwell_time_sec": "76"}, {"arr_dt": "1474394649", "direction": "0", "dep_dt": "1474394722", "route_id": "Red", "dwell_time_sec": "73"}, {"arr_dt": "1474395130", "direction": "0", "dep_dt": "1474395201", "route_id": "Red", "dwell_time_sec": "71"}, {"arr_dt": "1474395537", "direction": "0", "dep_dt": "1474395615", "route_id": "Red", "dwell_time_sec": "78"}, {"arr_dt": "1474395946", "direction": "0", "dep_dt": "1474396041", "route_id": "Red", "dwell_time_sec": "95"}, {"arr_dt": "1474396457", "direction": "0", "dep_dt": "1474396534", "route_id": "Red", "dwell_time_sec": "77"}, {"arr_dt": "1474396934", "direction": "0", "dep_dt": "1474397019", "route_id": "Red", "dwell_time_sec": "85"}, {"arr_dt": "1474397378", "direction": "0", "dep_dt": "1474397492", "route_id": "Red", "dwell_time_sec": "114"}, {"arr_dt": "1474397774", "direction": "0", "dep_dt": "1474397846", "route_id": "Red", "dwell_time_sec": "72"}, {"arr_dt": "1474398119", "direction": "0", "dep_dt": "1474398209", "route_id": "Red", "dwell_time_sec": "90"}, {"arr_dt": "1474398729", "direction": "0", "dep_dt": "1474398815", "route_id": "Red", "dwell_time_sec": "86"}, {"arr_dt": "1474398998", "direction": "0", "dep_dt": "1474399081", "route_id": "Red", "dwell_time_sec": "83"}, {"arr_dt": "1474399746", "direction": "0", "dep_dt": "1474399857", "route_id": "Red", "dwell_time_sec": "111"}, {"arr_dt": "1474399957", "direction": "0", "dep_dt": "1474400046", "route_id": "Red", "dwell_time_sec": "89"}, {"arr_dt": "1474400182", "direction": "0", "dep_dt": "1474400278", "route_id": "Red", "dwell_time_sec": "96"}, {"arr_dt": "1474400458", "direction": "0", "dep_dt": "1474400535", "route_id": "Red", "dwell_time_sec": "77"}, {"arr_dt": "1474400879", "direction": "0", "dep_dt": "1474400968", "route_id": "Red", "dwell_time_sec": "89"}, {"arr_dt": "1474401074", "direction": "0", "dep_dt": "1474401183", "route_id": "Red", "dwell_time_sec": "109"}, {"arr_dt": "1474401453", "direction": "0", "dep_dt": "1474401556", "route_id": "Red", "dwell_time_sec": "103"}, {"arr_dt": "1474401658", "direction": "0", "dep_dt": "1474401755", "route_id": "Red", "dwell_time_sec": "97"}, {"arr_dt": "1474402061", "direction": "0", "dep_dt": "1474402170", "route_id": "Red", "dwell_time_sec": "109"}, {"arr_dt": "1474402504", "direction": "0", "dep_dt": "1474402644", "route_id": "Red", "dwell_time_sec": "140"}, {"arr_dt": "1474402840", "direction": "0", "dep_dt": "1474402936", "route_id": "Red", "dwell_time_sec": "96"}, {"arr_dt": "1474403073", "direction": "0", "dep_dt": "1474403164", "route_id": "Red", "dwell_time_sec": "91"}, {"arr_dt": "1474403297", "direction": "0", "dep_dt": "1474403389", "route_id": "Red", "dwell_time_sec": "92"}, {"arr_dt": "1474403990", "direction": "0", "dep_dt": "1474404090", "route_id": "Red", "dwell_time_sec": "100"}, {"arr_dt": "1474404207", "direction": "0", "dep_dt": "1474404322", "route_id": "Red", "dwell_time_sec": "115"}, {"arr_dt": "1474404466", "direction": "0", "dep_dt": "1474404571", "route_id": "Red", "dwell_time_sec": "105"}, {"arr_dt": "1474404896", "direction": "0", "dep_dt": "1474405008", "route_id": "Red", "dwell_time_sec": "112"}, {"arr_dt": "1474405117", "direction": "0", "dep_dt": "1474405208", "route_id": "Red", "dwell_time_sec": "91"}, {"arr_dt": "1474405354", "direction": "0", "dep_dt": "1474405446", "route_id": "Red", "dwell_time_sec": "92"}, {"arr_dt": "1474405606", "direction": "0", "dep_dt": "1474405724", "route_id": "Red", "dwell_time_sec": "118"}, {"arr_dt": "1474405811", "direction": "0", "dep_dt": "1474405917", "route_id": "Red", "dwell_time_sec": "106"}, {"arr_dt": "1474406045", "direction": "0", "dep_dt": "1474406131", "route_id": "Red", "dwell_time_sec": "86"}, {"arr_dt": "1474406248", "direction": "0", "dep_dt": "1474406335", "route_id": "Red", "dwell_time_sec": "87"}, {"arr_dt": "1474406440", "direction": "0", "dep_dt": "1474406532", "route_id": "Red", "dwell_time_sec": "92"}, {"arr_dt": "1474406637", "direction": "0", "dep_dt": "1474406743", "route_id": "Red", "dwell_time_sec": "106"}, {"arr_dt": "1474406836", "direction": "0", "dep_dt": "1474406933", "route_id": "Red", "dwell_time_sec": "97"}, {"arr_dt": "1474407049", "direction": "0", "dep_dt": "1474407139", "route_id": "Red", "dwell_time_sec": "90"}, {"arr_dt": "1474407289", "direction": "0", "dep_dt": "1474407357", "route_id": "Red", "dwell_time_sec": "68"}, {"arr_dt": "1474407465", "direction": "0", "dep_dt": "1474407565", "route_id": "Red", "dwell_time_sec": "100"}, {"arr_dt": "1474407656", "direction": "0", "dep_dt": "1474407760", "route_id": "Red", "dwell_time_sec": "104"}, {"arr_dt": "1474407895", "direction": "0", "dep_dt": "1474408047", "route_id": "Red", "dwell_time_sec": "152"}, {"arr_dt": "1474408146", "direction": "0", "dep_dt": "1474408336", "route_id": "Red", "dwell_time_sec": "190"}, {"arr_dt": "1474408431", "direction": "0", "dep_dt": "1474408544", "route_id": "Red", "dwell_time_sec": "113"}, {"arr_dt": "1474408690", "direction": "0", "dep_dt": "1474408827", "route_id": "Red", "dwell_time_sec": "137"}, {"arr_dt": "1474408947", "direction": "0", "dep_dt": "1474409034", "route_id": "Red", "dwell_time_sec": "87"}, {"arr_dt": "1474409168", "direction": "0", "dep_dt": "1474409265", "route_id": "Red", "dwell_time_sec": "97"}, {"arr_dt": "1474409490", "direction": "0", "dep_dt": "1474409573", "route_id": "Red", "dwell_time_sec": "83"}, {"arr_dt": "1474409697", "direction": "0", "dep_dt": "1474409785", "route_id": "Red", "dwell_time_sec": "88"}, {"arr_dt": "1474410181", "direction": "0", "dep_dt": "1474410294", "route_id": "Red", "dwell_time_sec": "113"}, {"arr_dt": "1474410436", "direction": "0", "dep_dt": "1474410510", "route_id": "Red", "dwell_time_sec": "74"}, {"arr_dt": "1474410637", "direction": "0", "dep_dt": "1474410731", "route_id": "Red", "dwell_time_sec": "94"}, {"arr_dt": "1474410834", "direction": "0", "dep_dt": "1474410929", "route_id": "Red", "dwell_time_sec": "95"}, {"arr_dt": "1474411028", "direction": "0", "dep_dt": "1474411117", "route_id": "Red", "dwell_time_sec": "89"}, {"arr_dt": "1474411407", "direction": "0", "dep_dt": "1474411482", "route_id": "Red", "dwell_time_sec": "75"}, {"arr_dt": "1474411669", "direction": "0", "dep_dt": "1474411763", "route_id": "Red", "dwell_time_sec": "94"}, {"arr_dt": "1474411840", "direction": "0", "dep_dt": "1474411932", "route_id": "Red", "dwell_time_sec": "92"}, {"arr_dt": "1474412097", "direction": "0", "dep_dt": "1474412179", "route_id": "Red", "dwell_time_sec": "82"}, {"arr_dt": "1474412288", "direction": "0", "dep_dt": "1474412351", "route_id": "Red", "dwell_time_sec": "63"}, {"arr_dt": "1474412462", "direction": "0", "dep_dt": "1474412555", "route_id": "Red", "dwell_time_sec": "93"}, {"arr_dt": "1474412650", "direction": "0", "dep_dt": "1474412729", "route_id": "Red", "dwell_time_sec": "79"}, {"arr_dt": "1474412873", "direction": "0", "dep_dt": "1474412956", "route_id": "Red", "dwell_time_sec": "83"}, {"arr_dt": "1474413098", "direction": "0", "dep_dt": "1474413169", "route_id": "Red", "dwell_time_sec": "71"}, {"arr_dt": "1474413279", "direction": "0", "dep_dt": "1474413339", "route_id": "Red", "dwell_time_sec": "60"}, {"arr_dt": "1474413539", "direction": "0", "dep_dt": "1474413615", "route_id": "Red", "dwell_time_sec": "76"}, {"arr_dt": "1474413817", "direction": "0", "dep_dt": "1474413889", "route_id": "Red", "dwell_time_sec": "72"}, {"arr_dt": "1474414023", "direction": "0", "dep_dt": "1474414096", "route_id": "Red", "dwell_time_sec": "73"}, {"arr_dt": "1474414429", "direction": "0", "dep_dt": "1474414507", "route_id": "Red", "dwell_time_sec": "78"}, {"arr_dt": "1474414683", "direction": "0", "dep_dt": "1474414771", "route_id": "Red", "dwell_time_sec": "88"}, {"arr_dt": "1474415287", "direction": "0", "dep_dt": "1474415364", "route_id": "Red", "dwell_time_sec": "77"}, {"arr_dt": "1474415492", "direction": "0", "dep_dt": "1474415574", "route_id": "Red", "dwell_time_sec": "82"}, {"arr_dt": "1474415676", "direction": "0", "dep_dt": "1474415759", "route_id": "Red", "dwell_time_sec": "83"}, {"arr_dt": "1474415858", "direction": "0", "dep_dt": "1474415932", "route_id": "Red", "dwell_time_sec": "74"}, {"arr_dt": "1474416042", "direction": "0", "dep_dt": "1474416104", "route_id": "Red", "dwell_time_sec": "62"}, {"arr_dt": "1474416381", "direction": "0", "dep_dt": "1474416443", "route_id": "Red", "dwell_time_sec": "62"}, {"arr_dt": "1474416778", "direction": "0", "dep_dt": "1474416870", "route_id": "Red", "dwell_time_sec": "92"}, {"arr_dt": "1474416965", "direction": "0", "dep_dt": "1474417126", "route_id": "Red", "dwell_time_sec": "161"}, {"arr_dt": "1474417611", "direction": "0", "dep_dt": "1474417710", "route_id": "Red", "dwell_time_sec": "99"}, {"arr_dt": "1474417812", "direction": "0", "dep_dt": "1474417889", "route_id": "Red", "dwell_time_sec": "77"}, {"arr_dt": "1474418016", "direction": "0", "dep_dt": "1474418092", "route_id": "Red", "dwell_time_sec": "76"}, {"arr_dt": "1474418320", "direction": "0", "dep_dt": "1474418391", "route_id": "Red", "dwell_time_sec": "71"}, {"arr_dt": "1474418695", "direction": "0", "dep_dt": "1474418775", "route_id": "Red", "dwell_time_sec": "80"}, {"arr_dt": "1474418969", "direction": "0", "dep_dt": "1474419033", "route_id": "Red", "dwell_time_sec": "64"}, {"arr_dt": "1474419324", "direction": "0", "dep_dt": "1474419400", "route_id": "Red", "dwell_time_sec": "76"}, {"arr_dt": "1474419825", "direction": "0", "dep_dt": "1474419898", "route_id": "Red", "dwell_time_sec": "73"}, {"arr_dt": "1474420048", "direction": "0", "dep_dt": "1474420115", "route_id": "Red", "dwell_time_sec": "67"}, {"arr_dt": "1474420580", "direction": "0", "dep_dt": "1474420659", "route_id": "Red", "dwell_time_sec": "79"}, {"arr_dt": "1474420803", "direction": "0", "dep_dt": "1474420888", "route_id": "Red", "dwell_time_sec": "85"}, {"arr_dt": "1474421185", "direction": "0", "dep_dt": "1474421249", "route_id": "Red", "dwell_time_sec": "64"}, {"arr_dt": "1474421578", "direction": "0", "dep_dt": "1474421648", "route_id": "Red", "dwell_time_sec": "70"}, {"arr_dt": "1474421920", "direction": "0", "dep_dt": "1474421980", "route_id": "Red", "dwell_time_sec": "60"}, {"arr_dt": "1474422115", "direction": "0", "dep_dt": "1474422187", "route_id": "Red", "dwell_time_sec": "72"}, {"arr_dt": "1474422540", "direction": "0", "dep_dt": "1474422601", "route_id": "Red", "dwell_time_sec": "61"}, {"arr_dt": "1474422741", "direction": "0", "dep_dt": "1474422837", "route_id": "Red", "dwell_time_sec": "96"}, {"arr_dt": "1474423189", "direction": "0", "dep_dt": "1474423252", "route_id": "Red", "dwell_time_sec": "63"}, {"arr_dt": "1474423541", "direction": "0", "dep_dt": "1474423610", "route_id": "Red", "dwell_time_sec": "69"}, {"arr_dt": "1474423854", "direction": "0", "dep_dt": "1474423910", "route_id": "Red", "dwell_time_sec": "56"}, {"arr_dt": "1474424337", "direction": "0", "dep_dt": "1474424412", "route_id": "Red", "dwell_time_sec": "75"}, {"arr_dt": "1474424568", "direction": "0", "dep_dt": "1474424633", "route_id": "Red", "dwell_time_sec": "65"}, {"arr_dt": "1474424924", "direction": "0", "dep_dt": "1474424990", "route_id": "Red", "dwell_time_sec": "66"}, {"arr_dt": "1474425437", "direction": "0", "dep_dt": "1474425512", "route_id": "Red", "dwell_time_sec": "75"}, {"arr_dt": "1474425719", "direction": "0", "dep_dt": "1474425792", "route_id": "Red", "dwell_time_sec": "73"}, {"arr_dt": "1474426837", "direction": "0", "dep_dt": "1474426897", "route_id": "Red", "dwell_time_sec": "60"}, {"arr_dt": "1474427056", "direction": "0", "dep_dt": "1474427125", "route_id": "Red", "dwell_time_sec": "69"}, {"arr_dt": "1474427577", "direction": "0", "dep_dt": "1474427642", "route_id": "Red", "dwell_time_sec": "65"}, {"arr_dt": "1474427769", "direction": "0", "dep_dt": "1474427834", "route_id": "Red", "dwell_time_sec": "65"}, {"arr_dt": "1474428212", "direction": "0", "dep_dt": "1474428276", "route_id": "Red", "dwell_time_sec": "64"}, {"arr_dt": "1474428607", "direction": "0", "dep_dt": "1474428673", "route_id": "Red", "dwell_time_sec": "66"}, {"arr_dt": "1474428940", "direction": "0", "dep_dt": "1474429006", "route_id": "Red", "dwell_time_sec": "66"}, {"arr_dt": "1474429441", "direction": "0", "dep_dt": "1474429505", "route_id": "Red", "dwell_time_sec": "64"}, {"arr_dt": "1474429641", "direction": "0", "dep_dt": "1474429703", "route_id": "Red", "dwell_time_sec": "62"}, {"arr_dt": "1474429932", "direction": "0", "dep_dt": "1474429987", "route_id": "Red", "dwell_time_sec": "55"}]}