{"dwell_times": [{"arr_dt": "1461297641", "direction": "0", "dep_dt": "1461297709", "route_id": "Red", "dwell_time_sec": "68"}, {"arr_dt": "1461297888", "direction": "0", "dep_dt": "1461297945", "route_id": "Red", "dwell_time_sec": "57"}, {"arr_dt": "1461298158", "direction": "0", "dep_dt": "1461298225", "route_id": "Red", "dwell_time_sec": "67"}, {"arr_dt": "1461298663", "direction": "0", "dep_dt": "1461298727", "route_id": "Red", "dwell_time_sec": "64"}, {"arr_dt": "1461299012", "direction": "0", "dep_dt": "1461299084", "route_id": "Red", "dwell_time_sec": "72"}, {"arr_dt": "1461299915", "direction": "0", "dep_dt": "1461299971", "route_id": "Red", "dwell_time_sec": "56"}, {"arr_dt": "1461301045", "direction": "0", "dep_dt": "1461302507", "route_id": "Red", "dwell_time_sec": "1462"}, {"arr_dt": "1461317554", "direction": "0", "dep_dt": "1461317610", "route_id": "Red", "dwell_time_sec": "56"}, {"arr_dt": "1461318287", "direction": "0", "dep_dt": "1461318358", "route_id": "Red", "dwell_time_sec": "71"}, {"arr_dt": "1461318480", "direction": "0", "dep_dt": "1461318567", "route_id": "Red", "dwell_time_sec": "87"}, {"arr_dt": "1461318817", "direction": "0", "dep_dt": "1461318873", "route_id": "Red", "dwell_time_sec": "56"}, {"arr_dt": "1461319449", "direction": "0", "dep_dt": "1461319513", "route_id": "Red", "dwell_time_sec": "64"}, {"arr_dt": "1461319930", "direction": "0", "dep_dt": "1461320009", "route_id": "Red", "dwell_time_sec": "79"}, {"arr_dt": "1461320370", "direction": "0", "dep_dt": "1461320427", "route_id": "Red", "dwell_time_sec": "57"}, {"arr_dt": "1461320893", "direction": "0", "dep_dt": "1461320988", "route_id": "Red", "dwell_time_sec": "95"}, {"arr_dt": "1461321074", "direction": "0", "dep_dt": "1461321145", "route_id": "Red", "dwell_time_sec": "71"}, {"arr_dt": "1461321427", "direction": "0", "dep_dt": "1461321487", "route_id": "Red", "dwell_time_sec": "60"}, {"arr_dt": "1461321706", "direction": "0", "dep_dt": "1461321771", "route_id": "Red", "dwell_time_sec": "65"}, {"arr_dt": "1461321959", "direction": "0", "dep_dt": "1461322019", "route_id": "Red", "dwell_time_sec": "60"}, {"arr_dt": "1461322439", "direction": "0", "dep_dt": "1461322527", "route_id": "Red", "dwell_time_sec": "88"}, {"arr_dt": "1461322847", "direction": "0", "dep_dt": "1461322922", "route_id": "Red", "dwell_time_sec": "75"}, {"arr_dt": "1461323082", "direction": "0", "dep_dt": "1461323148", "route_id": "Red", "dwell_time_sec": "66"}, {"arr_dt": "1461323267", "direction": "0", "dep_dt": "1461323349", "route_id": "Red", "dwell_time_sec": "82"}, {"arr_dt": "1461323450", "direction": "0", "dep_dt": "1461323505", "route_id": "Red", "dwell_time_sec": "55"}, {"arr_dt": "1461323667", "direction": "0", "dep_dt": "1461323732", "route_id": "Red", "dwell_time_sec": "65"}, {"arr_dt": "1461323948", "direction": "0", "dep_dt": "1461324017", "route_id": "Red", "dwell_time_sec": "69"}, {"arr_dt": "1461324225", "direction": "0", "dep_dt": "1461324293", "route_id": "Red", "dwell_time_sec": "68"}, {"arr_dt": "1461324526", "direction": "0", "dep_dt": "1461324585", "route_id": "Red", "dwell_time_sec": "59"}, {"arr_dt": "1461324738", "direction": "0", "dep_dt": "1461324815", "route_id": "Red", "dwell_time_sec": "77"}, {"arr_dt": "1461325000", "direction": "0", "dep_dt": "1461325073", "route_id": "Red", "dwell_time_sec": "73"}, {"arr_dt": "1461325187", "direction": "0", "dep_dt": "1461325252", "route_id": "Red", "dwell_time_sec": "65"}, {"arr_dt": "1461325404", "direction": "0", "dep_dt": "1461325468", "route_id": "Red", "dwell_time_sec": "64"}, {"arr_dt": "1461325567", "direction": "0", "dep_dt": "1461325635", "route_id": "Red", "dwell_time_sec": "68"}, {"arr_dt": "1461325836", "direction": "0", "dep_dt": "1461325928", "route_id": "Red", "dwell_time_sec": "92"}, {"arr_dt": "1461326013", "direction": "0", "dep_dt": "1461326086", "route_id": "Red", "dwell_time_sec": "73"}, {"arr_dt": "1461326209", "direction": "0", "dep_dt": "1461326287", "route_id": "Red", "dwell_time_sec": "78"}, {"arr_dt": "1461326476", "direction": "0", "dep_dt": "1461326559", "route_id": "Red", "dwell_time_sec": "83"}, {"arr_dt": "1461326874", "direction": "0", "dep_dt": "1461326982", "route_id": "Red", "dwell_time_sec": "108"}, {"arr_dt": "1461327096", "direction": "0", "dep_dt": "1461327193", "route_id": "Red", "dwell_time_sec": "97"}, {"arr_dt": "1461327333", "direction": "0", "dep_dt": "1461327413", "route_id": "Red", "dwell_time_sec": "80"}, {"arr_dt": "1461327517", "direction": "0", "dep_dt": "1461327613", "route_id": "Red", "dwell_time_sec": "96"}, {"arr_dt": "1461327863", "direction": "0", "dep_dt": "1461327986", "route_id": "Red", "dwell_time_sec": "123"}, {"arr_dt": "1461328078", "direction": "0", "dep_dt": "1461328208", "route_id": "Red", "dwell_time_sec": "130"}, {"arr_dt": "1461328399", "direction": "0", "dep_dt": "1461328494", "route_id": "Red", "dwell_time_sec": "95"}, {"arr_dt": "1461328600", "direction": "0", "dep_dt": "1461328689", "route_id": "Red", "dwell_time_sec": "89"}, {"arr_dt": "1461328936", "direction": "0", "dep_dt": "1461329056", "route_id": "Red", "dwell_time_sec": "120"}, {"arr_dt": "1461329142", "direction": "0", "dep_dt": "1461329232", "route_id": "Red", "dwell_time_sec": "90"}, {"arr_dt": "1461329386", "direction": "0", "dep_dt": "1461329482", "route_id": "Red", "dwell_time_sec": "96"}, {"arr_dt": "1461329574", "direction": "0", "dep_dt": "1461329780", "route_id": "Red", "dwell_time_sec": "206"}, {"arr_dt": "1461330146", "direction": "0", "dep_dt": "1461330278", "route_id": "Red", "dwell_time_sec": "132"}, {"arr_dt": "1461330369", "direction": "0", "dep_dt": "1461330481", "route_id": "Red", "dwell_time_sec": "112"}, {"arr_dt": "1461330659", "direction": "0", "dep_dt": "1461330746", "route_id": "Red", "dwell_time_sec": "87"}, {"arr_dt": "1461330899", "direction": "0", "dep_dt": "1461330987", "route_id": "Red", "dwell_time_sec": "88"}, {"arr_dt": "1461331085", "direction": "0", "dep_dt": "1461331189", "route_id": "Red", "dwell_time_sec": "104"}, {"arr_dt": "1461331310", "direction": "0", "dep_dt": "1461331408", "route_id": "Red", "dwell_time_sec": "98"}, {"arr_dt": "1461331495", "direction": "0", "dep_dt": "1461331596", "route_id": "Red", "dwell_time_sec": "101"}, {"arr_dt": "1461331663", "direction": "0", "dep_dt": "1461331741", "route_id": "Red", "dwell_time_sec": "78"}, {"arr_dt": "1461331834", "direction": "0", "dep_dt": "1461331919", "route_id": "Red", "dwell_time_sec": "85"}, {"arr_dt": "1461332012", "direction": "0", "dep_dt": "1461332117", "route_id": "Red", "dwell_time_sec": "105"}, {"arr_dt": "1461332230", "direction": "0", "dep_dt": "1461332338", "route_id": "Red", "dwell_time_sec": "108"}, {"arr_dt": "1461332423", "direction": "0", "dep_dt": "1461332507", "route_id": "Red", "dwell_time_sec": "84"}, {"arr_dt": "1461332771", "direction": "0", "dep_dt": "1461332867", "route_id": "Red", "dwell_time_sec": "96"}, {"arr_dt": "1461332962", "direction": "0", "dep_dt": "1461333059", "route_id": "Red", "dwell_time_sec": "97"}, {"arr_dt": "1461333191", "direction": "0", "dep_dt": "1461333286", "route_id": "Red", "dwell_time_sec": "95"}, {"arr_dt": "1461333386", "direction": "0", "dep_dt": "1461333492", "route_id": "Red", "dwell_time_sec": "106"}, {"arr_dt": "1461333651", "direction": "0", "dep_dt": "1461333735", "route_id": "Red", "dwell_time_sec": "84"}, {"arr_dt": "1461333861", "direction": "0", "dep_dt": "1461333935", "route_id": "Red", "dwell_time_sec": "74"}, {"arr_dt": "1461334193", "direction": "0", "dep_dt": "1461334296", "route_id": "Red", "dwell_time_sec": "103"}, {"arr_dt": "1461334410", "direction": "0", "dep_dt": "1461334490", "route_id": "Red", "dwell_time_sec": "80"}, {"arr_dt": "1461334713", "direction": "0", "dep_dt": "1461334813", "route_id": "Red", "dwell_time_sec": "100"}, {"arr_dt": "1461334899", "direction": "0", "dep_dt": "1461334977", "route_id": "Red", "dwell_time_sec": "78"}, {"arr_dt": "1461335122", "direction": "0", "dep_dt": "1461335198", "route_id": "Red", "dwell_time_sec": "76"}, {"arr_dt": "1461335290", "direction": "0", "dep_dt": "1461335361", "route_id": "Red", "dwell_time_sec": "71"}, {"arr_dt": "1461335616", "direction": "0", "dep_dt": "1461335684", "route_id": "Red", "dwell_time_sec": "68"}, {"arr_dt": "1461336217", "direction": "0", "dep_dt": "1461336315", "route_id": "Red", "dwell_time_sec": "98"}, {"arr_dt": "1461336663", "direction": "0", "dep_dt": "1461336741", "route_id": "Red", "dwell_time_sec": "78"}, {"arr_dt": "1461336849", "direction": "0", "dep_dt": "1461336932", "route_id": "Red", "dwell_time_sec": "83"}, {"arr_dt": "1461337123", "direction": "0", "dep_dt": "1461337237", "route_id": "Red", "dwell_time_sec": "114"}, {"arr_dt": "1461337315", "direction": "0", "dep_dt": "1461337409", "route_id": "Red", "dwell_time_sec": "94"}, {"arr_dt": "1461337578", "direction": "0", "dep_dt": "1461337644", "route_id": "Red", "dwell_time_sec": "66"}, {"arr_dt": "1461338035", "direction": "0", "dep_dt": "1461338118", "route_id": "Red", "dwell_time_sec": "83"}, {"arr_dt": "1461338288", "direction": "0", "dep_dt": "1461338556", "route_id": "Red", "dwell_time_sec": "268"}, {"arr_dt": "1461338727", "direction": "0", "dep_dt": "1461338800", "route_id": "Red", "dwell_time_sec": "73"}, {"arr_dt": "1461339043", "direction": "0", "dep_dt": "1461339113", "route_id": "Red", "dwell_time_sec": "70"}, {"arr_dt": "1461339494", "direction": "0", "dep_dt": "1461339583", "route_id": "Red", "dwell_time_sec": "89"}, {"arr_dt": "1461340059", "direction": "0", "dep_dt": "1461340157", "route_id": "Red", "dwell_time_sec": "98"}, {"arr_dt": "1461340417", "direction": "0", "dep_dt": "1461340481", "route_id": "Red", "dwell_time_sec": "64"}, {"arr_dt": "1461340822", "direction": "0", "dep_dt": "1461340908", "route_id": "Red", "dwell_time_sec": "86"}, {"arr_dt": "1461341098", "direction": "0", "dep_dt": "1461341182", "route_id": "Red", "dwell_time_sec": "84"}, {"arr_dt": "1461341799", "direction": "0", "dep_dt": "1461341894", "route_id": "Red", "dwell_time_sec": "95"}, {"arr_dt": "1461342118", "direction": "0", "dep_dt": "1461342212", "route_id": "Red", "dwell_time_sec": "94"}, {"arr_dt": "1461342330", "direction": "0", "dep_dt": "1461342407", "route_id": "Red", "dwell_time_sec": "77"}, {"arr_dt": "1461342899", "direction": "0", "dep_dt": "1461342983", "route_id": "Red", "dwell_time_sec": "84"}, {"arr_dt": "1461343216", "direction": "0", "dep_dt": "1461343295", "route_id": "Red", "dwell_time_sec": "79"}, {"arr_dt": "1461343775", "direction": "0", "dep_dt": "1461343858", "route_id": "Red", "dwell_time_sec": "83"}, {"arr_dt": "1461344100", "direction": "0", "dep_dt": "1461344175", "route_id": "Red", "dwell_time_sec": "75"}, {"arr_dt": "1461344668", "direction": "0", "dep_dt": "1461344765", "route_id": "Red", "dwell_time_sec": "97"}, {"arr_dt": "1461344907", "direction": "0", "dep_dt": "1461344980", "route_id": "Red", "dwell_time_sec": "73"}, {"arr_dt": "1461345525", "direction": "0", "dep_dt": "1461345638", "route_id": "Red", "dwell_time_sec": "113"}, {"arr_dt": "1461345903", "direction": "0", "dep_dt": "1461345974", "route_id": "Red", "dwell_time_sec": "71"}, {"arr_dt": "1461346137", "direction": "0", "dep_dt": "1461346219", "route_id": "Red", "dwell_time_sec": "82"}, {"arr_dt": "1461346639", "direction": "0", "dep_dt": "1461346708", "route_id": "Red", "dwell_time_sec": "69"}, {"arr_dt": "1461346970", "direction": "0", "dep_dt": "1461347042", "route_id": "Red", "dwell_time_sec": "72"}, {"arr_dt": "1461347495", "direction": "0", "dep_dt": "1461347590", "route_id": "Red", "dwell_time_sec": "95"}, {"arr_dt": "1461347926", "direction": "0", "dep_dt": "1461348023", "route_id": "Red", "dwell_time_sec": "97"}, {"arr_dt": "1461348244", "direction": "0", "dep_dt": "1461348314", "route_id": "Red", "dwell_time_sec": "70"}, {"arr_dt": "1461348825", "direction": "0", "dep_dt": "1461348913", "route_id": "Red", "dwell_time_sec": "88"}, {"arr_dt": "1461349130", "direction": "0", "dep_dt": "1461349232", "route_id": "Red", "dwell_time_sec": "102"}, {"arr_dt": "1461349613", "direction": "0", "dep_dt": "1461349699", "route_id": "Red", "dwell_time_sec": "86"}, {"arr_dt": "1461350291", "direction": "0", "dep_dt": "1461350424", "route_id": "Red", "dwell_time_sec": "133"}, {"arr_dt": "1461350501", "direction": "0", "dep_dt": "1461350607", "route_id": "Red", "dwell_time_sec": "106"}, {"arr_dt": "1461350808", "direction": "0", "dep_dt": "1461350906", "route_id": "Red", "dwell_time_sec": "98"}, {"arr_dt": "1461351406", "direction": "0", "dep_dt": "1461351493", "route_id": "Red", "dwell_time_sec": "87"}, {"arr_dt": "1461351850", "direction": "0", "dep_dt": "1461351980", "route_id": "Red", "dwell_time_sec": "130"}, {"arr_dt": "1461352073", "direction": "0", "dep_dt": "1461352166", "route_id": "Red", "dwell_time_sec": "93"}, {"arr_dt": "1461352523", "direction": "0", "dep_dt": "1461352615", "route_id": "Red", "dwell_time_sec": "92"}, {"arr_dt": "1461352878", "direction": "0", "dep_dt": "1461352948", "route_id": "Red", "dwell_time_sec": "70"}, {"arr_dt": "1461353306", "direction": "0", "dep_dt": "1461353391", "route_id": "Red", "dwell_time_sec": "85"}, {"arr_dt": "1461353511", "direction": "0", "dep_dt": "1461353604", "route_id": "Red", "dwell_time_sec": "93"}, {"arr_dt": "1461353733", "direction": "0", "dep_dt": "1461353827", "route_id": "Red", "dwell_time_sec": "94"}, {"arr_dt": "1461354383", "direction": "0", "dep_dt": "1461354560", "route_id": "Red", "dwell_time_sec": "177"}, {"arr_dt": "1461354662", "direction": "0", "dep_dt": "1461354756", "route_id": "Red", "dwell_time_sec": "94"}, {"arr_dt": "1461354944", "direction": "0", "dep_dt": "1461355056", "route_id": "Red", "dwell_time_sec": "112"}, {"arr_dt": "1461355486", "direction": "0", "dep_dt": "1461355586", "route_id": "Red", "dwell_time_sec": "100"}, {"arr_dt": "1461355676", "direction": "0", "dep_dt": "1461355777", "route_id": "Red", "dwell_time_sec": "101"}, {"arr_dt": "1461355957", "direction": "0", "dep_dt": "1461356069", "route_id": "Red", "dwell_time_sec": "112"}, {"arr_dt": "1461356375", "direction": "0", "dep_dt": "1461356485", "route_id": "Red", "dwell_time_sec": "110"}, {"arr_dt": "1461356579", "direction": "0", "dep_dt": "1461356694", "route_id": "Red", "dwell_time_sec": "115"}, {"arr_dt": "1461356881", "direction": "0", "dep_dt": "1461357028", "route_id": "Red", "dwell_time_sec": "147"}, {"arr_dt": "1461357136", "direction": "0", "dep_dt": "1461357221", "route_id": "Red", "dwell_time_sec": "85"}, {"arr_dt": "1461357413", "direction": "0", "dep_dt": "1461357516", "route_id": "Red", "dwell_time_sec": "103"}, {"arr_dt": "1461357871", "direction": "0", "dep_dt": "1461357994", "route_id": "Red", "dwell_time_sec": "123"}, {"arr_dt": "1461358100", "direction": "0", "dep_dt": "1461358173", "route_id": "Red", "dwell_time_sec": "73"}, {"arr_dt": "1461358500", "direction": "0", "dep_dt": "1461358634", "route_id": "Red", "dwell_time_sec": "134"}, {"arr_dt": "1461358722", "direction": "0", "dep_dt": "1461358839", "route_id": "Red", "dwell_time_sec": "117"}, {"arr_dt": "1461359015", "direction": "0", "dep_dt": "1461359141", "route_id": "Red", "dwell_time_sec": "126"}, {"arr_dt": "1461359237", "direction": "0", "dep_dt": "1461359323", "route_id": "Red", "dwell_time_sec": "86"}, {"arr_dt": "1461359507", "direction": "0", "dep_dt": "1461359655", "route_id": "Red", "dwell_time_sec": "148"}, {"arr_dt": "1461359730", "direction": "0", "dep_dt": "1461359886", "route_id": "Red", "dwell_time_sec": "156"}, {"arr_dt": "1461359958", "direction": "0", "dep_dt": "1461360063", "route_id": "Red", "dwell_time_sec": "105"}, {"arr_dt": "1461360190", "direction": "0", "dep_dt": "1461360284", "route_id": "Red", "dwell_time_sec": "94"}, {"arr_dt": "1461360377", "direction": "0", "dep_dt": "1461360472", "route_id": "Red", "dwell_time_sec": "95"}, {"arr_dt": "1461360561", "direction": "0", "dep_dt": "1461360666", "route_id": "Red", "dwell_time_sec": "105"}, {"arr_dt": "1461360773", "direction": "0", "dep_dt": "1461360862", "route_id": "Red", "dwell_time_sec": "89"}, {"arr_dt": "1461361045", "direction": "0", "dep_dt": "1461361153", "route_id": "Red", "dwell_time_sec": "108"}, {"arr_dt": "1461361238", "direction": "0", "dep_dt": "1461361355", "route_id": "Red", "dwell_time_sec": "117"}, {"arr_dt": "1461361441", "direction": "0", "dep_dt": "1461361531", "route_id": "Red", "dwell_time_sec": "90"}, {"arr_dt": "1461361650", "direction": "0", "dep_dt": "1461361751", "route_id": "Red", "dwell_time_sec": "101"}, {"arr_dt": "1461361873", "direction": "0", "dep_dt": "1461361984", "route_id": "Red", "dwell_time_sec": "111"}, {"arr_dt": "1461362063", "direction": "0", "dep_dt": "1461362159", "route_id": "Red", "dwell_time_sec": "96"}, {"arr_dt": "1461362329", "direction": "0", "dep_dt": "1461362411", "route_id": "Red", "dwell_time_sec": "82"}, {"arr_dt": "1461362512", "direction": "0", "dep_dt": "1461362608", "route_id": "Red", "dwell_time_sec": "96"}, {"arr_dt": "1461362781", "direction": "0", "dep_dt": "1461362886", "route_id": "Red", "dwell_time_sec": "105"}, {"arr_dt": "1461362993", "direction": "0", "dep_dt": "1461363087", "route_id": "Red", "dwell_time_sec": "94"}, {"arr_dt": "1461363332", "direction": "0", "dep_dt": "1461363446", "route_id": "Red", "dwell_time_sec": "114"}, {"arr_dt": "1461363553", "direction": "0", "dep_dt": "1461363656", "route_id": "Red", "dwell_time_sec": "103"}, {"arr_dt": "1461363779", "direction": "0", "dep_dt": "1461363850", "route_id": "Red", "dwell_time_sec": "71"}, {"arr_dt": "1461363979", "direction": "0", "dep_dt": "1461364053", "route_id": "Red", "dwell_time_sec": "74"}, {"arr_dt": "1461364272", "direction": "0", "dep_dt": "1461364339", "route_id": "Red", "dwell_time_sec": "67"}, {"arr_dt": "1461364500", "direction": "0", "dep_dt": "1461364575", "route_id": "Red", "dwell_time_sec": "75"}, {"arr_dt": "1461364808", "direction": "0", "dep_dt": "1461364898", "route_id": "Red", "dwell_time_sec": "90"}, {"arr_dt": "1461365085", "direction": "0", "dep_dt": "1461365178", "route_id": "Red", "dwell_time_sec": "93"}, {"arr_dt": "1461365299", "direction": "0", "dep_dt": "1461365360", "route_id": "Red", "dwell_time_sec": "61"}, {"arr_dt": "1461365992", "direction": "0", "dep_dt": "1461366125", "route_id": "Red", "dwell_time_sec": "133"}, {"arr_dt": "1461366204", "direction": "0", "dep_dt": "1461366288", "route_id": "Red", "dwell_time_sec": "84"}, {"arr_dt": "1461366429", "direction": "0", "dep_dt": "1461366556", "route_id": "Red", "dwell_time_sec": "127"}, {"arr_dt": "1461366688", "direction": "0", "dep_dt": "1461366792", "route_id": "Red", "dwell_time_sec": "104"}, {"arr_dt": "1461367093", "direction": "0", "dep_dt": "1461367183", "route_id": "Red", "dwell_time_sec": "90"}, {"arr_dt": "1461367279", "direction": "0", "dep_dt": "1461367367", "route_id": "Red", "dwell_time_sec": "88"}, {"arr_dt": "1461367481", "direction": "0", "dep_dt": "1461367578", "route_id": "Red", "dwell_time_sec": "97"}, {"arr_dt": "1461367666", "direction": "0", "dep_dt": "1461367759", "route_id": "Red", "dwell_time_sec": "93"}, {"arr_dt": "1461367916", "direction": "0", "dep_dt": "1461368016", "route_id": "Red", "dwell_time_sec": "100"}, {"arr_dt": "1461368170", "direction": "0", "dep_dt": "1461368254", "route_id": "Red", "dwell_time_sec": "84"}, {"arr_dt": "1461368504", "direction": "0", "dep_dt": "1461368596", "route_id": "Red", "dwell_time_sec": "92"}, {"arr_dt": "1461368682", "direction": "0", "dep_dt": "1461368773", "route_id": "Red", "dwell_time_sec": "91"}, {"arr_dt": "1461368936", "direction": "0", "dep_dt": "1461369028", "route_id": "Red", "dwell_time_sec": "92"}, {"arr_dt": "1461369139", "direction": "0", "dep_dt": "1461369211", "route_id": "Red", "dwell_time_sec": "72"}, {"arr_dt": "1461369406", "direction": "0", "dep_dt": "1461369494", "route_id": "Red", "dwell_time_sec": "88"}, {"arr_dt": "1461369584", "direction": "0", "dep_dt": "1461369658", "route_id": "Red", "dwell_time_sec": "74"}, {"arr_dt": "1461369825", "direction": "0", "dep_dt": "1461369881", "route_id": "Red", "dwell_time_sec": "56"}, {"arr_dt": "1461369996", "direction": "0", "dep_dt": "1461370061", "route_id": "Red", "dwell_time_sec": "65"}, {"arr_dt": "1461370401", "direction": "0", "dep_dt": "1461370486", "route_id": "Red", "dwell_time_sec": "85"}, {"arr_dt": "1461370681", "direction": "0", "dep_dt": "1461370766", "route_id": "Red", "dwell_time_sec": "85"}, {"arr_dt": "1461371116", "direction": "0", "dep_dt": "1461371195", "route_id": "Red", "dwell_time_sec": "79"}, {"arr_dt": "1461371774", "direction": "0", "dep_dt": "1461371866", "route_id": "Red", "dwell_time_sec": "92"}, {"arr_dt": "1461371976", "direction": "0", "dep_dt": "1461372045", "route_id": "Red", "dwell_time_sec": "69"}, {"arr_dt": "1461372210", "direction": "0", "dep_dt": "1461372269", "route_id": "Red", "dwell_time_sec": "59"}, {"arr_dt": "1461372612", "direction": "0", "dep_dt": "1461372697", "route_id": "Red", "dwell_time_sec": "85"}, {"arr_dt": "1461372773", "direction": "0", "dep_dt": "1461372839", "route_id": "Red", "dwell_time_sec": "66"}, {"arr_dt": "1461373094", "direction": "0", "dep_dt": "1461373154", "route_id": "Red", "dwell_time_sec": "60"}, {"arr_dt": "1461373779", "direction": "0", "dep_dt": "1461373853", "route_id": "Red", "dwell_time_sec": "74"}, {"arr_dt": "1461374173", "direction": "0", "dep_dt": "1461374267", "route_id": "Red", "dwell_time_sec": "94"}, {"arr_dt": "1461374367", "direction": "0", "dep_dt": "1461374453", "route_id": "Red", "dwell_time_sec": "86"}, {"arr_dt": "1461374856", "direction": "0", "dep_dt": "1461374931", "route_id": "Red", "dwell_time_sec": "75"}, {"arr_dt": "1461375066", "direction": "0", "dep_dt": "1461375131", "route_id": "Red", "dwell_time_sec": "65"}, {"arr_dt": "1461375705", "direction": "0", "dep_dt": "1461375794", "route_id": "Red", "dwell_time_sec": "89"}, {"arr_dt": "1461375990", "direction": "0", "dep_dt": "1461376092", "route_id": "Red", "dwell_time_sec": "102"}, {"arr_dt": "1461376245", "direction": "0", "dep_dt": "1461376317", "route_id": "Red", "dwell_time_sec": "72"}, {"arr_dt": "1461376617", "direction": "0", "dep_dt": "1461376690", "route_id": "Red", "dwell_time_sec": "73"}, {"arr_dt": "1461377106", "direction": "0", "dep_dt": "1461377182", "route_id": "Red", "dwell_time_sec": "76"}, {"arr_dt": "1461377757", "direction": "0", "dep_dt": "1461377824", "route_id": "Red", "dwell_time_sec": "67"}, {"arr_dt": "1461377980", "direction": "0", "dep_dt": "1461378047", "route_id": "Red", "dwell_time_sec": "67"}, {"arr_dt": "1461378477", "direction": "0", "dep_dt": "1461378535", "route_id": "Red", "dwell_time_sec": "58"}, {"arr_dt": "1461378724", "direction": "0", "dep_dt": "1461378787", "route_id": "Red", "dwell_time_sec": "63"}, {"arr_dt": "1461379075", "direction": "0", "dep_dt": "1461379136", "route_id": "Red", "dwell_time_sec": "61"}, {"arr_dt": "1461379253", "direction": "0", "dep_dt": "1461379310", "route_id": "Red", "dwell_time_sec": "57"}, {"arr_dt": "1461379653", "direction": "0", "dep_dt": "1461379716", "route_id": "Red", "dwell_time_sec": "63"}, {"arr_dt": "1461380072", "direction": "0", "dep_dt": "1461380131", "route_id": "Red", "dwell_time_sec": "59"}, {"arr_dt": "1461380605", "direction": "0", "dep_dt": "1461380675", "route_id": "Red", "dwell_time_sec": "70"}, {"arr_dt": "1461380836", "direction": "0", "dep_dt": "1461380918", "route_id": "Red", "dwell_time_sec": "82"}, {"arr_dt": "1461381456", "direction": "0", "dep_dt": "1461381619", "route_id": "Red", "dwell_time_sec": "163"}, {"arr_dt": "1461381821", "direction": "0", "dep_dt": "1461381921", "route_id": "Red", "dwell_time_sec": "100"}, {"arr_dt": "1461382172", "direction": "0", "dep_dt": "1461382243", "route_id": "Red", "dwell_time_sec": "71"}, {"arr_dt": "1461382375", "direction": "0", "dep_dt": "1461382437", "route_id": "Red", "dwell_time_sec": "62"}, {"arr_dt": "1461382654", "direction": "0", "dep_dt": "1461382710", "route_id": "Red", "dwell_time_sec": "56"}, {"arr_dt": "1461383098", "direction": "0", "dep_dt": "1461383174", "route_id": "Red", "dwell_time_sec": "76"}, {"arr_dt": "1461383542", "direction": "0", "dep_dt": "1461383614", "route_id": "Red", "dwell_time_sec": "72"}, {"arr_dt": "1461383716", "direction": "0", "dep_dt": "1461383806", "route_id": "Red", "dwell_time_sec": "90"}]}