{"dwell_times": [{"arr_dt": "1467345528", "direction": "0", "dep_dt": "1467345613", "route_id": "Red", "dwell_time_sec": "85"}, {"arr_dt": "1467346061", "direction": "0", "dep_dt": "1467346135", "route_id": "Red", "dwell_time_sec": "74"}, {"arr_dt": "1467346363", "direction": "0", "dep_dt": "1467346421", "route_id": "Red", "dwell_time_sec": "58"}, {"arr_dt": "1467346827", "direction": "0", "dep_dt": "1467346887", "route_id": "Red", "dwell_time_sec": "60"}, {"arr_dt": "1467347283", "direction": "0", "dep_dt": "1467347348", "route_id": "Red", "dwell_time_sec": "65"}, {"arr_dt": "1467347650", "direction": "0", "dep_dt": "1467347712", "route_id": "Red", "dwell_time_sec": "62"}, {"arr_dt": "1467348818", "direction": "0", "dep_dt": "1467350557", "route_id": "Red", "dwell_time_sec": "1739"}, {"arr_dt": "1467365693", "direction": "0", "dep_dt": "1467365770", "route_id": "Red", "dwell_time_sec": "77"}, {"arr_dt": "1467366160", "direction": "0", "dep_dt": "1467366301", "route_id": "Red", "dwell_time_sec": "141"}, {"arr_dt": "1467366555", "direction": "0", "dep_dt": "1467366620", "route_id": "Red", "dwell_time_sec": "65"}, {"arr_dt": "1467366859", "direction": "0", "dep_dt": "1467366924", "route_id": "Red", "dwell_time_sec": "65"}, {"arr_dt": "1467367268", "direction": "0", "dep_dt": "1467367348", "route_id": "Red", "dwell_time_sec": "80"}, {"arr_dt": "1467368015", "direction": "0", "dep_dt": "1467368077", "route_id": "Red", "dwell_time_sec": "62"}, {"arr_dt": "1467368331", "direction": "0", "dep_dt": "1467368387", "route_id": "Red", "dwell_time_sec": "56"}, {"arr_dt": "1467368824", "direction": "0", "dep_dt": "1467368885", "route_id": "Red", "dwell_time_sec": "61"}, {"arr_dt": "1467369102", "direction": "0", "dep_dt": "1467369157", "route_id": "Red", "dwell_time_sec": "55"}, {"arr_dt": "1467369321", "direction": "0", "dep_dt": "1467369381", "route_id": "Red", "dwell_time_sec": "60"}, {"arr_dt": "1467369678", "direction": "0", "dep_dt": "1467369734", "route_id": "Red", "dwell_time_sec": "56"}, {"arr_dt": "1467370154", "direction": "0", "dep_dt": "1467370221", "route_id": "Red", "dwell_time_sec": "67"}, {"arr_dt": "1467370357", "direction": "0", "dep_dt": "1467370417", "route_id": "Red", "dwell_time_sec": "60"}, {"arr_dt": "1467370559", "direction": "0", "dep_dt": "1467370618", "route_id": "Red", "dwell_time_sec": "59"}, {"arr_dt": "1467370890", "direction": "0", "dep_dt": "1467370963", "route_id": "Red", "dwell_time_sec": "73"}, {"arr_dt": "1467371179", "direction": "0", "dep_dt": "1467371255", "route_id": "Red", "dwell_time_sec": "76"}, {"arr_dt": "1467371680", "direction": "0", "dep_dt": "1467371742", "route_id": "Red", "dwell_time_sec": "62"}, {"arr_dt": "1467372126", "direction": "0", "dep_dt": "1467372206", "route_id": "Red", "dwell_time_sec": "80"}, {"arr_dt": "1467372414", "direction": "0", "dep_dt": "1467372479", "route_id": "Red", "dwell_time_sec": "65"}, {"arr_dt": "1467372595", "direction": "0", "dep_dt": "1467372658", "route_id": "Red", "dwell_time_sec": "63"}, {"arr_dt": "1467372855", "direction": "0", "dep_dt": "1467372946", "route_id": "Red", "dwell_time_sec": "91"}, {"arr_dt": "1467373042", "direction": "0", "dep_dt": "1467373116", "route_id": "Red", "dwell_time_sec": "74"}, {"arr_dt": "1467373247", "direction": "0", "dep_dt": "1467373333", "route_id": "Red", "dwell_time_sec": "86"}, {"arr_dt": "1467373436", "direction": "0", "dep_dt": "1467373506", "route_id": "Red", "dwell_time_sec": "70"}, {"arr_dt": "1467373657", "direction": "0", "dep_dt": "1467373735", "route_id": "Red", "dwell_time_sec": "78"}, {"arr_dt": "1467373831", "direction": "0", "dep_dt": "1467373920", "route_id": "Red", "dwell_time_sec": "89"}, {"arr_dt": "1467374143", "direction": "0", "dep_dt": "1467374236", "route_id": "Red", "dwell_time_sec": "93"}, {"arr_dt": "1467374336", "direction": "0", "dep_dt": "1467374410", "route_id": "Red", "dwell_time_sec": "74"}, {"arr_dt": "1467374505", "direction": "0", "dep_dt": "1467374583", "route_id": "Red", "dwell_time_sec": "78"}, {"arr_dt": "1467374692", "direction": "0", "dep_dt": "1467374793", "route_id": "Red", "dwell_time_sec": "101"}, {"arr_dt": "1467374932", "direction": "0", "dep_dt": "1467375005", "route_id": "Red", "dwell_time_sec": "73"}, {"arr_dt": "1467375131", "direction": "0", "dep_dt": "1467375218", "route_id": "Red", "dwell_time_sec": "87"}, {"arr_dt": "1467375373", "direction": "0", "dep_dt": "1467375447", "route_id": "Red", "dwell_time_sec": "74"}, {"arr_dt": "1467375717", "direction": "0", "dep_dt": "1467375815", "route_id": "Red", "dwell_time_sec": "98"}, {"arr_dt": "1467375931", "direction": "0", "dep_dt": "1467376016", "route_id": "Red", "dwell_time_sec": "85"}, {"arr_dt": "1467376191", "direction": "0", "dep_dt": "1467376262", "route_id": "Red", "dwell_time_sec": "71"}, {"arr_dt": "1467376376", "direction": "0", "dep_dt": "1467376462", "route_id": "Red", "dwell_time_sec": "86"}, {"arr_dt": "1467376716", "direction": "0", "dep_dt": "1467376821", "route_id": "Red", "dwell_time_sec": "105"}, {"arr_dt": "1467377150", "direction": "0", "dep_dt": "1467377243", "route_id": "Red", "dwell_time_sec": "93"}, {"arr_dt": "1467377378", "direction": "0", "dep_dt": "1467377472", "route_id": "Red", "dwell_time_sec": "94"}, {"arr_dt": "1467377570", "direction": "0", "dep_dt": "1467377669", "route_id": "Red", "dwell_time_sec": "99"}, {"arr_dt": "1467377781", "direction": "0", "dep_dt": "1467377868", "route_id": "Red", "dwell_time_sec": "87"}, {"arr_dt": "1467377959", "direction": "0", "dep_dt": "1467378071", "route_id": "Red", "dwell_time_sec": "112"}, {"arr_dt": "1467378165", "direction": "0", "dep_dt": "1467378242", "route_id": "Red", "dwell_time_sec": "77"}, {"arr_dt": "1467378356", "direction": "0", "dep_dt": "1467378454", "route_id": "Red", "dwell_time_sec": "98"}, {"arr_dt": "1467378572", "direction": "0", "dep_dt": "1467378664", "route_id": "Red", "dwell_time_sec": "92"}, {"arr_dt": "1467378888", "direction": "0", "dep_dt": "1467378986", "route_id": "Red", "dwell_time_sec": "98"}, {"arr_dt": "1467379075", "direction": "0", "dep_dt": "1467379157", "route_id": "Red", "dwell_time_sec": "82"}, {"arr_dt": "1467379351", "direction": "0", "dep_dt": "1467379426", "route_id": "Red", "dwell_time_sec": "75"}, {"arr_dt": "1467379569", "direction": "0", "dep_dt": "1467379659", "route_id": "Red", "dwell_time_sec": "90"}, {"arr_dt": "1467379759", "direction": "0", "dep_dt": "1467379855", "route_id": "Red", "dwell_time_sec": "96"}, {"arr_dt": "1467379935", "direction": "0", "dep_dt": "1467380017", "route_id": "Red", "dwell_time_sec": "82"}, {"arr_dt": "1467380220", "direction": "0", "dep_dt": "1467380299", "route_id": "Red", "dwell_time_sec": "79"}, {"arr_dt": "1467380418", "direction": "0", "dep_dt": "1467380485", "route_id": "Red", "dwell_time_sec": "67"}, {"arr_dt": "1467380582", "direction": "0", "dep_dt": "1467380656", "route_id": "Red", "dwell_time_sec": "74"}, {"arr_dt": "1467380760", "direction": "0", "dep_dt": "1467380821", "route_id": "Red", "dwell_time_sec": "61"}, {"arr_dt": "1467380972", "direction": "0", "dep_dt": "1467381040", "route_id": "Red", "dwell_time_sec": "68"}, {"arr_dt": "1467381149", "direction": "0", "dep_dt": "1467381226", "route_id": "Red", "dwell_time_sec": "77"}, {"arr_dt": "1467381409", "direction": "0", "dep_dt": "1467381479", "route_id": "Red", "dwell_time_sec": "70"}, {"arr_dt": "1467381581", "direction": "0", "dep_dt": "1467381646", "route_id": "Red", "dwell_time_sec": "65"}, {"arr_dt": "1467382087", "direction": "0", "dep_dt": "1467382163", "route_id": "Red", "dwell_time_sec": "76"}, {"arr_dt": "1467382357", "direction": "0", "dep_dt": "1467382426", "route_id": "Red", "dwell_time_sec": "69"}, {"arr_dt": "1467382680", "direction": "0", "dep_dt": "1467382763", "route_id": "Red", "dwell_time_sec": "83"}, {"arr_dt": "1467382937", "direction": "0", "dep_dt": "1467383010", "route_id": "Red", "dwell_time_sec": "73"}, {"arr_dt": "1467383306", "direction": "0", "dep_dt": "1467383385", "route_id": "Red", "dwell_time_sec": "79"}, {"arr_dt": "1467383488", "direction": "0", "dep_dt": "1467383566", "route_id": "Red", "dwell_time_sec": "78"}, {"arr_dt": "1467383710", "direction": "0", "dep_dt": "1467383785", "route_id": "Red", "dwell_time_sec": "75"}, {"arr_dt": "1467383938", "direction": "0", "dep_dt": "1467383994", "route_id": "Red", "dwell_time_sec": "56"}, {"arr_dt": "1467384350", "direction": "0", "dep_dt": "1467384438", "route_id": "Red", "dwell_time_sec": "88"}, {"arr_dt": "1467384683", "direction": "0", "dep_dt": "1467384745", "route_id": "Red", "dwell_time_sec": "62"}, {"arr_dt": "1467384888", "direction": "0", "dep_dt": "1467384947", "route_id": "Red", "dwell_time_sec": "59"}, {"arr_dt": "1467385277", "direction": "0", "dep_dt": "1467385352", "route_id": "Red", "dwell_time_sec": "75"}, {"arr_dt": "1467385565", "direction": "0", "dep_dt": "1467385640", "route_id": "Red", "dwell_time_sec": "75"}, {"arr_dt": "1467386003", "direction": "0", "dep_dt": "1467386076", "route_id": "Red", "dwell_time_sec": "73"}, {"arr_dt": "1467386236", "direction": "0", "dep_dt": "1467386304", "route_id": "Red", "dwell_time_sec": "68"}, {"arr_dt": "1467386612", "direction": "0", "dep_dt": "1467386678", "route_id": "Red", "dwell_time_sec": "66"}, {"arr_dt": "1467387081", "direction": "0", "dep_dt": "1467387150", "route_id": "Red", "dwell_time_sec": "69"}, {"arr_dt": "1467387767", "direction": "0", "dep_dt": "1467387864", "route_id": "Red", "dwell_time_sec": "97"}, {"arr_dt": "1467387977", "direction": "0", "dep_dt": "1467388060", "route_id": "Red", "dwell_time_sec": "83"}, {"arr_dt": "1467388355", "direction": "0", "dep_dt": "1467388427", "route_id": "Red", "dwell_time_sec": "72"}, {"arr_dt": "1467388898", "direction": "0", "dep_dt": "1467388979", "route_id": "Red", "dwell_time_sec": "81"}, {"arr_dt": "1467389108", "direction": "0", "dep_dt": "1467389179", "route_id": "Red", "dwell_time_sec": "71"}, {"arr_dt": "1467389710", "direction": "0", "dep_dt": "1467389802", "route_id": "Red", "dwell_time_sec": "92"}, {"arr_dt": "1467389915", "direction": "0", "dep_dt": "1467389991", "route_id": "Red", "dwell_time_sec": "76"}, {"arr_dt": "1467390532", "direction": "0", "dep_dt": "1467390626", "route_id": "Red", "dwell_time_sec": "94"}, {"arr_dt": "1467390814", "direction": "0", "dep_dt": "1467390875", "route_id": "Red", "dwell_time_sec": "61"}, {"arr_dt": "1467391200", "direction": "0", "dep_dt": "1467391275", "route_id": "Red", "dwell_time_sec": "75"}, {"arr_dt": "1467391748", "direction": "0", "dep_dt": "1467391828", "route_id": "Red", "dwell_time_sec": "80"}, {"arr_dt": "1467392208", "direction": "0", "dep_dt": "1467392290", "route_id": "Red", "dwell_time_sec": "82"}, {"arr_dt": "1467392500", "direction": "0", "dep_dt": "1467392562", "route_id": "Red", "dwell_time_sec": "62"}, {"arr_dt": "1467393126", "direction": "0", "dep_dt": "1467393235", "route_id": "Red", "dwell_time_sec": "109"}, {"arr_dt": "1467393603", "direction": "0", "dep_dt": "1467393696", "route_id": "Red", "dwell_time_sec": "93"}, {"arr_dt": "1467393931", "direction": "0", "dep_dt": "1467394027", "route_id": "Red", "dwell_time_sec": "96"}, {"arr_dt": "1467394160", "direction": "0", "dep_dt": "1467394235", "route_id": "Red", "dwell_time_sec": "75"}, {"arr_dt": "1467394635", "direction": "0", "dep_dt": "1467394715", "route_id": "Red", "dwell_time_sec": "80"}, {"arr_dt": "1467394979", "direction": "0", "dep_dt": "1467395071", "route_id": "Red", "dwell_time_sec": "92"}, {"arr_dt": "1467395495", "direction": "0", "dep_dt": "1467395571", "route_id": "Red", "dwell_time_sec": "76"}, {"arr_dt": "1467395781", "direction": "0", "dep_dt": "1467395864", "route_id": "Red", "dwell_time_sec": "83"}, {"arr_dt": "1467396283", "direction": "0", "dep_dt": "1467396389", "route_id": "Red", "dwell_time_sec": "106"}, {"arr_dt": "1467396803", "direction": "0", "dep_dt": "1467396893", "route_id": "Red", "dwell_time_sec": "90"}, {"arr_dt": "1467397136", "direction": "0", "dep_dt": "1467397241", "route_id": "Red", "dwell_time_sec": "105"}, {"arr_dt": "1467397866", "direction": "0", "dep_dt": "1467397997", "route_id": "Red", "dwell_time_sec": "131"}, {"arr_dt": "1467398281", "direction": "0", "dep_dt": "1467398359", "route_id": "Red", "dwell_time_sec": "78"}, {"arr_dt": "1467398470", "direction": "0", "dep_dt": "1467398552", "route_id": "Red", "dwell_time_sec": "82"}, {"arr_dt": "1467399005", "direction": "0", "dep_dt": "1467399117", "route_id": "Red", "dwell_time_sec": "112"}, {"arr_dt": "1467399546", "direction": "0", "dep_dt": "1467399625", "route_id": "Red", "dwell_time_sec": "79"}, {"arr_dt": "1467399862", "direction": "0", "dep_dt": "1467399954", "route_id": "Red", "dwell_time_sec": "92"}, {"arr_dt": "1467400274", "direction": "0", "dep_dt": "1467400358", "route_id": "Red", "dwell_time_sec": "84"}, {"arr_dt": "1467400558", "direction": "0", "dep_dt": "1467400641", "route_id": "Red", "dwell_time_sec": "83"}, {"arr_dt": "1467401030", "direction": "0", "dep_dt": "1467401142", "route_id": "Red", "dwell_time_sec": "112"}, {"arr_dt": "1467401302", "direction": "0", "dep_dt": "1467401403", "route_id": "Red", "dwell_time_sec": "101"}, {"arr_dt": "1467401952", "direction": "0", "dep_dt": "1467402326", "route_id": "Red", "dwell_time_sec": "374"}, {"arr_dt": "1467402787", "direction": "0", "dep_dt": "1467402909", "route_id": "Red", "dwell_time_sec": "122"}, {"arr_dt": "1467403115", "direction": "0", "dep_dt": "1467403207", "route_id": "Red", "dwell_time_sec": "92"}, {"arr_dt": "1467404414", "direction": "0", "dep_dt": "1467404514", "route_id": "Red", "dwell_time_sec": "100"}, {"arr_dt": "1467404729", "direction": "0", "dep_dt": "1467404824", "route_id": "Red", "dwell_time_sec": "95"}, {"arr_dt": "1467405050", "direction": "0", "dep_dt": "1467405169", "route_id": "Red", "dwell_time_sec": "119"}, {"arr_dt": "1467405479", "direction": "0", "dep_dt": "1467405589", "route_id": "Red", "dwell_time_sec": "110"}, {"arr_dt": "1467406224", "direction": "0", "dep_dt": "1467406360", "route_id": "Red", "dwell_time_sec": "136"}, {"arr_dt": "1467406452", "direction": "0", "dep_dt": "1467406568", "route_id": "Red", "dwell_time_sec": "116"}, {"arr_dt": "1467407157", "direction": "0", "dep_dt": "1467407271", "route_id": "Red", "dwell_time_sec": "114"}, {"arr_dt": "1467407367", "direction": "0", "dep_dt": "1467407457", "route_id": "Red", "dwell_time_sec": "90"}, {"arr_dt": "1467407613", "direction": "0", "dep_dt": "1467407712", "route_id": "Red", "dwell_time_sec": "99"}, {"arr_dt": "1467407795", "direction": "0", "dep_dt": "1467407879", "route_id": "Red", "dwell_time_sec": "84"}, {"arr_dt": "1467408002", "direction": "0", "dep_dt": "1467408097", "route_id": "Red", "dwell_time_sec": "95"}, {"arr_dt": "1467408443", "direction": "0", "dep_dt": "1467408557", "route_id": "Red", "dwell_time_sec": "114"}, {"arr_dt": "1467408661", "direction": "0", "dep_dt": "1467408749", "route_id": "Red", "dwell_time_sec": "88"}, {"arr_dt": "1467408932", "direction": "0", "dep_dt": "1467409027", "route_id": "Red", "dwell_time_sec": "95"}, {"arr_dt": "1467409149", "direction": "0", "dep_dt": "1467409227", "route_id": "Red", "dwell_time_sec": "78"}, {"arr_dt": "1467409343", "direction": "0", "dep_dt": "1467409437", "route_id": "Red", "dwell_time_sec": "94"}, {"arr_dt": "1467409544", "direction": "0", "dep_dt": "1467409692", "route_id": "Red", "dwell_time_sec": "148"}, {"arr_dt": "1467409760", "direction": "0", "dep_dt": "1467409849", "route_id": "Red", "dwell_time_sec": "89"}, {"arr_dt": "1467409948", "direction": "0", "dep_dt": "1467410037", "route_id": "Red", "dwell_time_sec": "89"}, {"arr_dt": "1467410131", "direction": "0", "dep_dt": "1467410228", "route_id": "Red", "dwell_time_sec": "97"}, {"arr_dt": "1467410327", "direction": "0", "dep_dt": "1467410422", "route_id": "Red", "dwell_time_sec": "95"}, {"arr_dt": "1467410521", "direction": "0", "dep_dt": "1467410600", "route_id": "Red", "dwell_time_sec": "79"}, {"arr_dt": "1467410722", "direction": "0", "dep_dt": "1467410808", "route_id": "Red", "dwell_time_sec": "86"}, {"arr_dt": "1467410937", "direction": "0", "dep_dt": "1467411021", "route_id": "Red", "dwell_time_sec": "84"}, {"arr_dt": "1467411324", "direction": "0", "dep_dt": "1467411409", "route_id": "Red", "dwell_time_sec": "85"}, {"arr_dt": "1467411616", "direction": "0", "dep_dt": "1467411689", "route_id": "Red", "dwell_time_sec": "73"}, {"arr_dt": "1467411896", "direction": "0", "dep_dt": "1467411992", "route_id": "Red", "dwell_time_sec": "96"}, {"arr_dt": "1467412115", "direction": "0", "dep_dt": "1467412192", "route_id": "Red", "dwell_time_sec": "77"}, {"arr_dt": "1467412631", "direction": "0", "dep_dt": "1467412751", "route_id": "Red", "dwell_time_sec": "120"}, {"arr_dt": "1467412882", "direction": "0", "dep_dt": "1467413012", "route_id": "Red", "dwell_time_sec": "130"}, {"arr_dt": "1467413268", "direction": "0", "dep_dt": "1467413364", "route_id": "Red", "dwell_time_sec": "96"}, {"arr_dt": "1467413561", "direction": "0", "dep_dt": "1467413629", "route_id": "Red", "dwell_time_sec": "68"}, {"arr_dt": "1467413906", "direction": "0", "dep_dt": "1467414012", "route_id": "Red", "dwell_time_sec": "106"}, {"arr_dt": "1467414142", "direction": "0", "dep_dt": "1467414222", "route_id": "Red", "dwell_time_sec": "80"}, {"arr_dt": "1467414651", "direction": "0", "dep_dt": "1467414810", "route_id": "Red", "dwell_time_sec": "159"}, {"arr_dt": "1467414911", "direction": "0", "dep_dt": "1467414985", "route_id": "Red", "dwell_time_sec": "74"}, {"arr_dt": "1467415105", "direction": "0", "dep_dt": "1467415167", "route_id": "Red", "dwell_time_sec": "62"}, {"arr_dt": "1467415274", "direction": "0", "dep_dt": "1467415349", "route_id": "Red", "dwell_time_sec": "75"}, {"arr_dt": "1467415556", "direction": "0", "dep_dt": "1467415619", "route_id": "Red", "dwell_time_sec": "63"}, {"arr_dt": "1467415863", "direction": "0", "dep_dt": "1467415935", "route_id": "Red", "dwell_time_sec": "72"}, {"arr_dt": "1467416186", "direction": "0", "dep_dt": "1467416249", "route_id": "Red", "dwell_time_sec": "63"}, {"arr_dt": "1467416400", "direction": "0", "dep_dt": "1467416663", "route_id": "Red", "dwell_time_sec": "263"}, {"arr_dt": "1467416821", "direction": "0", "dep_dt": "1467416904", "route_id": "Red", "dwell_time_sec": "83"}, {"arr_dt": "1467417016", "direction": "0", "dep_dt": "1467417074", "route_id": "Red", "dwell_time_sec": "58"}, {"arr_dt": "1467417604", "direction": "0", "dep_dt": "1467417696", "route_id": "Red", "dwell_time_sec": "92"}, {"arr_dt": "1467418110", "direction": "0", "dep_dt": "1467418193", "route_id": "Red", "dwell_time_sec": "83"}, {"arr_dt": "1467418358", "direction": "0", "dep_dt": "1467418488", "route_id": "Red", "dwell_time_sec": "130"}, {"arr_dt": "1467418590", "direction": "0", "dep_dt": "1467418668", "route_id": "Red", "dwell_time_sec": "78"}, {"arr_dt": "1467418772", "direction": "0", "dep_dt": "1467418854", "route_id": "Red", "dwell_time_sec": "82"}, {"arr_dt": "1467418944", "direction": "0", "dep_dt": "1467419023", "route_id": "Red", "dwell_time_sec": "79"}, {"arr_dt": "1467419374", "direction": "0", "dep_dt": "1467419443", "route_id": "Red", "dwell_time_sec": "69"}, {"arr_dt": "1467419550", "direction": "0", "dep_dt": "1467419629", "route_id": "Red", "dwell_time_sec": "79"}, {"arr_dt": "1467419939", "direction": "0", "dep_dt": "1467420010", "route_id": "Red", "dwell_time_sec": "71"}, {"arr_dt": "1467420161", "direction": "0", "dep_dt": "1467420228", "route_id": "Red", "dwell_time_sec": "67"}, {"arr_dt": "1467420637", "direction": "0", "dep_dt": "1467420724", "route_id": "Red", "dwell_time_sec": "87"}, {"arr_dt": "1467420828", "direction": "0", "dep_dt": "1467420905", "route_id": "Red", "dwell_time_sec": "77"}, {"arr_dt": "1467421178", "direction": "0", "dep_dt": "1467421240", "route_id": "Red", "dwell_time_sec": "62"}, {"arr_dt": "1467421557", "direction": "0", "dep_dt": "1467421623", "route_id": "Red", "dwell_time_sec": "66"}, {"arr_dt": "1467421899", "direction": "0", "dep_dt": "1467421964", "route_id": "Red", "dwell_time_sec": "65"}, {"arr_dt": "1467422388", "direction": "0", "dep_dt": "1467422468", "route_id": "Red", "dwell_time_sec": "80"}, {"arr_dt": "1467422679", "direction": "0", "dep_dt": "1467422749", "route_id": "Red", "dwell_time_sec": "70"}, {"arr_dt": "1467422943", "direction": "0", "dep_dt": "1467423024", "route_id": "Red", "dwell_time_sec": "81"}, {"arr_dt": "1467423432", "direction": "0", "dep_dt": "1467423502", "route_id": "Red", "dwell_time_sec": "70"}, {"arr_dt": "1467423742", "direction": "0", "dep_dt": "1467423807", "route_id": "Red", "dwell_time_sec": "65"}, {"arr_dt": "1467424205", "direction": "0", "dep_dt": "1467424276", "route_id": "Red", "dwell_time_sec": "71"}, {"arr_dt": "1467424705", "direction": "0", "dep_dt": "1467424842", "route_id": "Red", "dwell_time_sec": "137"}, {"arr_dt": "1467425209", "direction": "0", "dep_dt": "1467425298", "route_id": "Red", "dwell_time_sec": "89"}, {"arr_dt": "1467425483", "direction": "0", "dep_dt": "1467425580", "route_id": "Red", "dwell_time_sec": "97"}, {"arr_dt": "1467425708", "direction": "0", "dep_dt": "1467425812", "route_id": "Red", "dwell_time_sec": "104"}, {"arr_dt": "1467425983", "direction": "0", "dep_dt": "1467426062", "route_id": "Red", "dwell_time_sec": "79"}, {"arr_dt": "1467426338", "direction": "0", "dep_dt": "1467426424", "route_id": "Red", "dwell_time_sec": "86"}, {"arr_dt": "1467426790", "direction": "0", "dep_dt": "1467426886", "route_id": "Red", "dwell_time_sec": "96"}, {"arr_dt": "1467427003", "direction": "0", "dep_dt": "1467427076", "route_id": "Red", "dwell_time_sec": "73"}, {"arr_dt": "1467427555", "direction": "0", "dep_dt": "1467427607", "route_id": "Red", "dwell_time_sec": "52"}, {"arr_dt": "1467428070", "direction": "0", "dep_dt": "1467428148", "route_id": "Red", "dwell_time_sec": "78"}, {"arr_dt": "1467428411", "direction": "0", "dep_dt": "1467428476", "route_id": "Red", "dwell_time_sec": "65"}, {"arr_dt": "1467428767", "direction": "0", "dep_dt": "1467428865", "route_id": "Red", "dwell_time_sec": "98"}, {"arr_dt": "1467429207", "direction": "0", "dep_dt": "1467429288", "route_id": "Red", "dwell_time_sec": "81"}, {"arr_dt": "1467429742", "direction": "0", "dep_dt": "1467429829", "route_id": "Red", "dwell_time_sec": "87"}, {"arr_dt": "1467430141", "direction": "0", "dep_dt": "1467430213", "route_id": "Red", "dwell_time_sec": "72"}, {"arr_dt": "1467430324", "direction": "0", "dep_dt": "1467430390", "route_id": "Red", "dwell_time_sec": "66"}, {"arr_dt": "1467430596", "direction": "0", "dep_dt": "1467430661", "route_id": "Red", "dwell_time_sec": "65"}, {"arr_dt": "1467430802", "direction": "0", "dep_dt": "1467430869", "route_id": "Red", "dwell_time_sec": "67"}, {"arr_dt": "1467431325", "direction": "0", "dep_dt": "1467431395", "route_id": "Red", "dwell_time_sec": "70"}, {"arr_dt": "1467431555", "direction": "0", "dep_dt": "1467431620", "route_id": "Red", "dwell_time_sec": "65"}]}