{"dwell_times": [{"arr_dt": "1456117197", "direction": "0", "dep_dt": "1456117261", "route_id": "Red", "dwell_time_sec": "64"}, {"arr_dt": "1456117828", "direction": "0", "dep_dt": "1456117896", "route_id": "Red", "dwell_time_sec": "68"}, {"arr_dt": "1456118191", "direction": "0", "dep_dt": "1456118249", "route_id": "Red", "dwell_time_sec": "58"}, {"arr_dt": "1456118865", "direction": "0", "dep_dt": "1456118912", "route_id": "Red", "dwell_time_sec": "47"}, {"arr_dt": "1456119133", "direction": "0", "dep_dt": "1456119174", "route_id": "Red", "dwell_time_sec": "41"}, {"arr_dt": "1456120486", "direction": "0", "dep_dt": "1456121353", "route_id": "Red", "dwell_time_sec": "867"}, {"arr_dt": "1456137201", "direction": "0", "dep_dt": "1456137256", "route_id": "Red", "dwell_time_sec": "55"}, {"arr_dt": "1456137769", "direction": "0", "dep_dt": "1456137827", "route_id": "Red", "dwell_time_sec": "58"}, {"arr_dt": "1456138019", "direction": "0", "dep_dt": "1456138085", "route_id": "Red", "dwell_time_sec": "66"}, {"arr_dt": "1456138483", "direction": "0", "dep_dt": "1456138547", "route_id": "Red", "dwell_time_sec": "64"}, {"arr_dt": "1456139033", "direction": "0", "dep_dt": "1456139115", "route_id": "Red", "dwell_time_sec": "82"}, {"arr_dt": "1456139486", "direction": "0", "dep_dt": "1456139568", "route_id": "Red", "dwell_time_sec": "82"}, {"arr_dt": "1456140056", "direction": "0", "dep_dt": "1456140125", "route_id": "Red", "dwell_time_sec": "69"}, {"arr_dt": "1456140444", "direction": "0", "dep_dt": "1456140498", "route_id": "Red", "dwell_time_sec": "54"}, {"arr_dt": "1456140748", "direction": "0", "dep_dt": "1456140812", "route_id": "Red", "dwell_time_sec": "64"}, {"arr_dt": "1456141158", "direction": "0", "dep_dt": "1456141237", "route_id": "Red", "dwell_time_sec": "79"}, {"arr_dt": "1456141335", "direction": "0", "dep_dt": "1456141403", "route_id": "Red", "dwell_time_sec": "68"}, {"arr_dt": "1456141719", "direction": "0", "dep_dt": "1456141787", "route_id": "Red", "dwell_time_sec": "68"}, {"arr_dt": "1456142182", "direction": "0", "dep_dt": "1456142259", "route_id": "Red", "dwell_time_sec": "77"}, {"arr_dt": "1456142529", "direction": "0", "dep_dt": "1456142603", "route_id": "Red", "dwell_time_sec": "74"}, {"arr_dt": "1456142704", "direction": "0", "dep_dt": "1456142777", "route_id": "Red", "dwell_time_sec": "73"}, {"arr_dt": "1456143040", "direction": "0", "dep_dt": "1456143113", "route_id": "Red", "dwell_time_sec": "73"}, {"arr_dt": "1456143235", "direction": "0", "dep_dt": "1456143301", "route_id": "Red", "dwell_time_sec": "66"}, {"arr_dt": "1456143453", "direction": "0", "dep_dt": "1456143519", "route_id": "Red", "dwell_time_sec": "66"}, {"arr_dt": "1456143628", "direction": "0", "dep_dt": "1456143697", "route_id": "Red", "dwell_time_sec": "69"}, {"arr_dt": "1456143816", "direction": "0", "dep_dt": "1456143878", "route_id": "Red", "dwell_time_sec": "62"}, {"arr_dt": "1456144091", "direction": "0", "dep_dt": "1456144170", "route_id": "Red", "dwell_time_sec": "79"}, {"arr_dt": "1456144329", "direction": "0", "dep_dt": "1456144392", "route_id": "Red", "dwell_time_sec": "63"}, {"arr_dt": "1456144620", "direction": "0", "dep_dt": "1456144712", "route_id": "Red", "dwell_time_sec": "92"}, {"arr_dt": "1456145459", "direction": "0", "dep_dt": "1456145563", "route_id": "Red", "dwell_time_sec": "104"}, {"arr_dt": "1456145679", "direction": "0", "dep_dt": "1456145760", "route_id": "Red", "dwell_time_sec": "81"}, {"arr_dt": "1456145968", "direction": "0", "dep_dt": "1456146047", "route_id": "Red", "dwell_time_sec": "79"}, {"arr_dt": "1456146308", "direction": "0", "dep_dt": "1456146379", "route_id": "Red", "dwell_time_sec": "71"}, {"arr_dt": "1456146496", "direction": "0", "dep_dt": "1456146573", "route_id": "Red", "dwell_time_sec": "77"}, {"arr_dt": "1456146690", "direction": "0", "dep_dt": "1456146788", "route_id": "Red", "dwell_time_sec": "98"}, {"arr_dt": "1456147069", "direction": "0", "dep_dt": "1456147174", "route_id": "Red", "dwell_time_sec": "105"}, {"arr_dt": "1456147262", "direction": "0", "dep_dt": "1456147352", "route_id": "Red", "dwell_time_sec": "90"}, {"arr_dt": "1456147479", "direction": "0", "dep_dt": "1456147588", "route_id": "Red", "dwell_time_sec": "109"}, {"arr_dt": "1456147837", "direction": "0", "dep_dt": "1456147932", "route_id": "Red", "dwell_time_sec": "95"}, {"arr_dt": "1456148061", "direction": "0", "dep_dt": "1456148188", "route_id": "Red", "dwell_time_sec": "127"}, {"arr_dt": "1456148318", "direction": "0", "dep_dt": "1456148480", "route_id": "Red", "dwell_time_sec": "162"}, {"arr_dt": "1456148577", "direction": "0", "dep_dt": "1456148673", "route_id": "Red", "dwell_time_sec": "96"}, {"arr_dt": "1456148795", "direction": "0", "dep_dt": "1456148904", "route_id": "Red", "dwell_time_sec": "109"}, {"arr_dt": "1456149026", "direction": "0", "dep_dt": "1456149132", "route_id": "Red", "dwell_time_sec": "106"}, {"arr_dt": "1456149233", "direction": "0", "dep_dt": "1456149322", "route_id": "Red", "dwell_time_sec": "89"}, {"arr_dt": "1456149429", "direction": "0", "dep_dt": "1456149558", "route_id": "Red", "dwell_time_sec": "129"}, {"arr_dt": "1456149637", "direction": "0", "dep_dt": "1456149736", "route_id": "Red", "dwell_time_sec": "99"}, {"arr_dt": "1456149964", "direction": "0", "dep_dt": "1456150043", "route_id": "Red", "dwell_time_sec": "79"}, {"arr_dt": "1456150190", "direction": "0", "dep_dt": "1456150285", "route_id": "Red", "dwell_time_sec": "95"}, {"arr_dt": "1456150384", "direction": "0", "dep_dt": "1456150473", "route_id": "Red", "dwell_time_sec": "89"}, {"arr_dt": "1456150583", "direction": "0", "dep_dt": "1456150668", "route_id": "Red", "dwell_time_sec": "85"}, {"arr_dt": "1456150792", "direction": "0", "dep_dt": "1456150883", "route_id": "Red", "dwell_time_sec": "91"}, {"arr_dt": "1456151148", "direction": "0", "dep_dt": "1456151242", "route_id": "Red", "dwell_time_sec": "94"}, {"arr_dt": "1456151427", "direction": "0", "dep_dt": "1456151525", "route_id": "Red", "dwell_time_sec": "98"}, {"arr_dt": "1456151644", "direction": "0", "dep_dt": "1456151712", "route_id": "Red", "dwell_time_sec": "68"}, {"arr_dt": "1456151818", "direction": "0", "dep_dt": "1456151888", "route_id": "Red", "dwell_time_sec": "70"}, {"arr_dt": "1456152069", "direction": "0", "dep_dt": "1456152138", "route_id": "Red", "dwell_time_sec": "69"}, {"arr_dt": "1456152323", "direction": "0", "dep_dt": "1456152396", "route_id": "Red", "dwell_time_sec": "73"}, {"arr_dt": "1456152630", "direction": "0", "dep_dt": "1456152701", "route_id": "Red", "dwell_time_sec": "71"}, {"arr_dt": "1456152805", "direction": "0", "dep_dt": "1456152858", "route_id": "Red", "dwell_time_sec": "53"}, {"arr_dt": "1456153031", "direction": "0", "dep_dt": "1456153152", "route_id": "Red", "dwell_time_sec": "121"}, {"arr_dt": "1456153261", "direction": "0", "dep_dt": "1456153334", "route_id": "Red", "dwell_time_sec": "73"}, {"arr_dt": "1456153551", "direction": "0", "dep_dt": "1456153636", "route_id": "Red", "dwell_time_sec": "85"}, {"arr_dt": "1456153758", "direction": "0", "dep_dt": "1456153839", "route_id": "Red", "dwell_time_sec": "81"}, {"arr_dt": "1456154304", "direction": "0", "dep_dt": "1456154390", "route_id": "Red", "dwell_time_sec": "86"}, {"arr_dt": "1456154579", "direction": "0", "dep_dt": "1456154643", "route_id": "Red", "dwell_time_sec": "64"}, {"arr_dt": "1456154810", "direction": "0", "dep_dt": "1456154880", "route_id": "Red", "dwell_time_sec": "70"}, {"arr_dt": "1456155152", "direction": "0", "dep_dt": "1456155225", "route_id": "Red", "dwell_time_sec": "73"}, {"arr_dt": "1456155421", "direction": "0", "dep_dt": "1456155498", "route_id": "Red", "dwell_time_sec": "77"}, {"arr_dt": "1456155582", "direction": "0", "dep_dt": "1456155657", "route_id": "Red", "dwell_time_sec": "75"}, {"arr_dt": "1456155804", "direction": "0", "dep_dt": "1456155875", "route_id": "Red", "dwell_time_sec": "71"}, {"arr_dt": "1456156174", "direction": "0", "dep_dt": "1456156240", "route_id": "Red", "dwell_time_sec": "66"}, {"arr_dt": "1456156492", "direction": "0", "dep_dt": "1456156569", "route_id": "Red", "dwell_time_sec": "77"}, {"arr_dt": "1456157166", "direction": "0", "dep_dt": "1456157256", "route_id": "Red", "dwell_time_sec": "90"}, {"arr_dt": "1456157659", "direction": "0", "dep_dt": "1456157732", "route_id": "Red", "dwell_time_sec": "73"}, {"arr_dt": "1456157879", "direction": "0", "dep_dt": "1456157938", "route_id": "Red", "dwell_time_sec": "59"}, {"arr_dt": "1456158474", "direction": "0", "dep_dt": "1456158567", "route_id": "Red", "dwell_time_sec": "93"}, {"arr_dt": "1456158702", "direction": "0", "dep_dt": "1456158794", "route_id": "Red", "dwell_time_sec": "92"}, {"arr_dt": "1456159113", "direction": "0", "dep_dt": "1456159175", "route_id": "Red", "dwell_time_sec": "62"}, {"arr_dt": "1456159340", "direction": "0", "dep_dt": "1456159398", "route_id": "Red", "dwell_time_sec": "58"}, {"arr_dt": "1456159715", "direction": "0", "dep_dt": "1456159807", "route_id": "Red", "dwell_time_sec": "92"}, {"arr_dt": "1456159897", "direction": "0", "dep_dt": "1456159971", "route_id": "Red", "dwell_time_sec": "74"}, {"arr_dt": "1456160330", "direction": "0", "dep_dt": "1456160394", "route_id": "Red", "dwell_time_sec": "64"}, {"arr_dt": "1456160977", "direction": "0", "dep_dt": "1456161044", "route_id": "Red", "dwell_time_sec": "67"}, {"arr_dt": "1456161248", "direction": "0", "dep_dt": "1456161309", "route_id": "Red", "dwell_time_sec": "61"}, {"arr_dt": "1456161708", "direction": "0", "dep_dt": "1456161779", "route_id": "Red", "dwell_time_sec": "71"}, {"arr_dt": "1456162056", "direction": "0", "dep_dt": "1456162118", "route_id": "Red", "dwell_time_sec": "62"}, {"arr_dt": "1456162728", "direction": "0", "dep_dt": "1456162794", "route_id": "Red", "dwell_time_sec": "66"}, {"arr_dt": "1456163256", "direction": "0", "dep_dt": "1456163323", "route_id": "Red", "dwell_time_sec": "67"}, {"arr_dt": "1456163523", "direction": "0", "dep_dt": "1456163603", "route_id": "Red", "dwell_time_sec": "80"}, {"arr_dt": "1456164182", "direction": "0", "dep_dt": "1456164262", "route_id": "Red", "dwell_time_sec": "80"}, {"arr_dt": "1456164860", "direction": "0", "dep_dt": "1456164972", "route_id": "Red", "dwell_time_sec": "112"}, {"arr_dt": "1456165073", "direction": "0", "dep_dt": "1456165155", "route_id": "Red", "dwell_time_sec": "82"}, {"arr_dt": "1456165259", "direction": "0", "dep_dt": "1456165336", "route_id": "Red", "dwell_time_sec": "77"}, {"arr_dt": "1456165565", "direction": "0", "dep_dt": "1456165655", "route_id": "Red", "dwell_time_sec": "90"}, {"arr_dt": "1456165824", "direction": "0", "dep_dt": "1456165886", "route_id": "Red", "dwell_time_sec": "62"}, {"arr_dt": "1456166450", "direction": "0", "dep_dt": "1456166521", "route_id": "Red", "dwell_time_sec": "71"}, {"arr_dt": "1456166804", "direction": "0", "dep_dt": "1456166888", "route_id": "Red", "dwell_time_sec": "84"}, {"arr_dt": "1456167436", "direction": "0", "dep_dt": "1456167504", "route_id": "Red", "dwell_time_sec": "68"}, {"arr_dt": "1456167628", "direction": "0", "dep_dt": "1456167687", "route_id": "Red", "dwell_time_sec": "59"}, {"arr_dt": "1456168056", "direction": "0", "dep_dt": "1456168117", "route_id": "Red", "dwell_time_sec": "61"}, {"arr_dt": "1456168233", "direction": "0", "dep_dt": "1456168302", "route_id": "Red", "dwell_time_sec": "69"}, {"arr_dt": "1456169220", "direction": "0", "dep_dt": "1456169303", "route_id": "Red", "dwell_time_sec": "83"}, {"arr_dt": "1456169512", "direction": "0", "dep_dt": "1456169606", "route_id": "Red", "dwell_time_sec": "94"}, {"arr_dt": "1456169868", "direction": "0", "dep_dt": "1456169944", "route_id": "Red", "dwell_time_sec": "76"}, {"arr_dt": "1456170661", "direction": "0", "dep_dt": "1456170787", "route_id": "Red", "dwell_time_sec": "126"}, {"arr_dt": "1456170917", "direction": "0", "dep_dt": "1456171000", "route_id": "Red", "dwell_time_sec": "83"}, {"arr_dt": "1456171204", "direction": "0", "dep_dt": "1456171285", "route_id": "Red", "dwell_time_sec": "81"}, {"arr_dt": "1456171816", "direction": "0", "dep_dt": "1456171907", "route_id": "Red", "dwell_time_sec": "91"}, {"arr_dt": "1456172080", "direction": "0", "dep_dt": "1456172146", "route_id": "Red", "dwell_time_sec": "66"}, {"arr_dt": "1456172277", "direction": "0", "dep_dt": "1456172348", "route_id": "Red", "dwell_time_sec": "71"}, {"arr_dt": "1456172545", "direction": "0", "dep_dt": "1456172615", "route_id": "Red", "dwell_time_sec": "70"}, {"arr_dt": "1456172775", "direction": "0", "dep_dt": "1456172866", "route_id": "Red", "dwell_time_sec": "91"}, {"arr_dt": "1456173274", "direction": "0", "dep_dt": "1456173354", "route_id": "Red", "dwell_time_sec": "80"}, {"arr_dt": "1456173471", "direction": "0", "dep_dt": "1456173555", "route_id": "Red", "dwell_time_sec": "84"}, {"arr_dt": "1456173680", "direction": "0", "dep_dt": "1456173758", "route_id": "Red", "dwell_time_sec": "78"}, {"arr_dt": "1456174242", "direction": "0", "dep_dt": "1456174334", "route_id": "Red", "dwell_time_sec": "92"}, {"arr_dt": "1456174502", "direction": "0", "dep_dt": "1456174593", "route_id": "Red", "dwell_time_sec": "91"}, {"arr_dt": "1456174973", "direction": "0", "dep_dt": "1456175041", "route_id": "Red", "dwell_time_sec": "68"}, {"arr_dt": "1456175484", "direction": "0", "dep_dt": "1456175605", "route_id": "Red", "dwell_time_sec": "121"}, {"arr_dt": "1456175699", "direction": "0", "dep_dt": "1456175788", "route_id": "Red", "dwell_time_sec": "89"}, {"arr_dt": "1456176024", "direction": "0", "dep_dt": "1456176258", "route_id": "Red", "dwell_time_sec": "234"}, {"arr_dt": "1456176221", "direction": "0", "dep_dt": "1456176312", "route_id": "Red", "dwell_time_sec": "91"}, {"arr_dt": "1456177031", "direction": "0", "dep_dt": "1456177167", "route_id": "Red", "dwell_time_sec": "136"}, {"arr_dt": "1456177359", "direction": "0", "dep_dt": "1456177447", "route_id": "Red", "dwell_time_sec": "88"}, {"arr_dt": "1456177642", "direction": "0", "dep_dt": "1456177739", "route_id": "Red", "dwell_time_sec": "97"}, {"arr_dt": "1456177884", "direction": "0", "dep_dt": "1456177984", "route_id": "Red", "dwell_time_sec": "100"}, {"arr_dt": "1456178151", "direction": "0", "dep_dt": "1456178242", "route_id": "Red", "dwell_time_sec": "91"}, {"arr_dt": "1456178421", "direction": "0", "dep_dt": "1456178539", "route_id": "Red", "dwell_time_sec": "118"}, {"arr_dt": "1456178623", "direction": "0", "dep_dt": "1456178711", "route_id": "Red", "dwell_time_sec": "88"}, {"arr_dt": "1456178873", "direction": "0", "dep_dt": "1456178971", "route_id": "Red", "dwell_time_sec": "98"}, {"arr_dt": "1456179563", "direction": "0", "dep_dt": "1456179643", "route_id": "Red", "dwell_time_sec": "80"}, {"arr_dt": "1456179790", "direction": "0", "dep_dt": "1456179899", "route_id": "Red", "dwell_time_sec": "109"}, {"arr_dt": "1456180084", "direction": "0", "dep_dt": "1456180181", "route_id": "Red", "dwell_time_sec": "97"}, {"arr_dt": "1456180407", "direction": "0", "dep_dt": "1456180491", "route_id": "Red", "dwell_time_sec": "84"}, {"arr_dt": "1456180599", "direction": "0", "dep_dt": "1456180693", "route_id": "Red", "dwell_time_sec": "94"}, {"arr_dt": "1456180842", "direction": "0", "dep_dt": "1456180968", "route_id": "Red", "dwell_time_sec": "126"}, {"arr_dt": "1456181164", "direction": "0", "dep_dt": "1456181274", "route_id": "Red", "dwell_time_sec": "110"}, {"arr_dt": "1456181408", "direction": "0", "dep_dt": "1456181482", "route_id": "Red", "dwell_time_sec": "74"}, {"arr_dt": "1456181639", "direction": "0", "dep_dt": "1456181718", "route_id": "Red", "dwell_time_sec": "79"}, {"arr_dt": "1456181835", "direction": "0", "dep_dt": "1456181928", "route_id": "Red", "dwell_time_sec": "93"}, {"arr_dt": "1456182158", "direction": "0", "dep_dt": "1456182258", "route_id": "Red", "dwell_time_sec": "100"}, {"arr_dt": "1456182360", "direction": "0", "dep_dt": "1456182456", "route_id": "Red", "dwell_time_sec": "96"}, {"arr_dt": "1456182604", "direction": "0", "dep_dt": "1456182719", "route_id": "Red", "dwell_time_sec": "115"}, {"arr_dt": "1456182809", "direction": "0", "dep_dt": "1456182896", "route_id": "Red", "dwell_time_sec": "87"}, {"arr_dt": "1456183010", "direction": "0", "dep_dt": "1456183193", "route_id": "Red", "dwell_time_sec": "183"}, {"arr_dt": "1456183422", "direction": "0", "dep_dt": "1456183509", "route_id": "Red", "dwell_time_sec": "87"}, {"arr_dt": "1456183747", "direction": "0", "dep_dt": "1456183858", "route_id": "Red", "dwell_time_sec": "111"}, {"arr_dt": "1456183965", "direction": "0", "dep_dt": "1456184057", "route_id": "Red", "dwell_time_sec": "92"}, {"arr_dt": "1456184183", "direction": "0", "dep_dt": "1456184336", "route_id": "Red", "dwell_time_sec": "153"}, {"arr_dt": "1456184426", "direction": "0", "dep_dt": "1456184514", "route_id": "Red", "dwell_time_sec": "88"}, {"arr_dt": "1456184616", "direction": "0", "dep_dt": "1456184688", "route_id": "Red", "dwell_time_sec": "72"}, {"arr_dt": "1456184783", "direction": "0", "dep_dt": "1456184868", "route_id": "Red", "dwell_time_sec": "85"}, {"arr_dt": "1456184975", "direction": "0", "dep_dt": "1456185065", "route_id": "Red", "dwell_time_sec": "90"}, {"arr_dt": "1456185268", "direction": "0", "dep_dt": "1456185338", "route_id": "Red", "dwell_time_sec": "70"}, {"arr_dt": "1456185454", "direction": "0", "dep_dt": "1456185527", "route_id": "Red", "dwell_time_sec": "73"}, {"arr_dt": "1456185922", "direction": "0", "dep_dt": "1456186031", "route_id": "Red", "dwell_time_sec": "109"}, {"arr_dt": "1456186188", "direction": "0", "dep_dt": "1456186254", "route_id": "Red", "dwell_time_sec": "66"}, {"arr_dt": "1456186530", "direction": "0", "dep_dt": "1456186604", "route_id": "Red", "dwell_time_sec": "74"}, {"arr_dt": "1456186732", "direction": "0", "dep_dt": "1456186823", "route_id": "Red", "dwell_time_sec": "91"}, {"arr_dt": "1456186908", "direction": "0", "dep_dt": "1456186982", "route_id": "Red", "dwell_time_sec": "74"}, {"arr_dt": "1456187072", "direction": "0", "dep_dt": "1456187151", "route_id": "Red", "dwell_time_sec": "79"}, {"arr_dt": "1456187317", "direction": "0", "dep_dt": "1456187418", "route_id": "Red", "dwell_time_sec": "101"}, {"arr_dt": "1456187508", "direction": "0", "dep_dt": "1456187584", "route_id": "Red", "dwell_time_sec": "76"}, {"arr_dt": "1456187794", "direction": "0", "dep_dt": "1456187879", "route_id": "Red", "dwell_time_sec": "85"}, {"arr_dt": "1456187994", "direction": "0", "dep_dt": "1456188075", "route_id": "Red", "dwell_time_sec": "81"}, {"arr_dt": "1456188209", "direction": "0", "dep_dt": "1456188277", "route_id": "Red", "dwell_time_sec": "68"}, {"arr_dt": "1456188388", "direction": "0", "dep_dt": "1456188579", "route_id": "Red", "dwell_time_sec": "191"}, {"arr_dt": "1456188809", "direction": "0", "dep_dt": "1456188882", "route_id": "Red", "dwell_time_sec": "73"}, {"arr_dt": "1456188993", "direction": "0", "dep_dt": "1456189063", "route_id": "Red", "dwell_time_sec": "70"}, {"arr_dt": "1456189478", "direction": "0", "dep_dt": "1456189565", "route_id": "Red", "dwell_time_sec": "87"}, {"arr_dt": "1456189674", "direction": "0", "dep_dt": "1456189743", "route_id": "Red", "dwell_time_sec": "69"}, {"arr_dt": "1456189909", "direction": "0", "dep_dt": "1456189973", "route_id": "Red", "dwell_time_sec": "64"}, {"arr_dt": "1456190255", "direction": "0", "dep_dt": "1456190315", "route_id": "Red", "dwell_time_sec": "60"}, {"arr_dt": "1456190446", "direction": "0", "dep_dt": "1456190510", "route_id": "Red", "dwell_time_sec": "64"}, {"arr_dt": "1456190721", "direction": "0", "dep_dt": "1456190784", "route_id": "Red", "dwell_time_sec": "63"}, {"arr_dt": "1456191025", "direction": "0", "dep_dt": "1456191087", "route_id": "Red", "dwell_time_sec": "62"}, {"arr_dt": "1456191364", "direction": "0", "dep_dt": "1456191429", "route_id": "Red", "dwell_time_sec": "65"}, {"arr_dt": "1456191546", "direction": "0", "dep_dt": "1456191626", "route_id": "Red", "dwell_time_sec": "80"}, {"arr_dt": "1456191810", "direction": "0", "dep_dt": "1456191869", "route_id": "Red", "dwell_time_sec": "59"}, {"arr_dt": "1456192290", "direction": "0", "dep_dt": "1456192353", "route_id": "Red", "dwell_time_sec": "63"}, {"arr_dt": "1456192714", "direction": "0", "dep_dt": "1456192786", "route_id": "Red", "dwell_time_sec": "72"}, {"arr_dt": "1456193149", "direction": "0", "dep_dt": "1456193247", "route_id": "Red", "dwell_time_sec": "98"}, {"arr_dt": "1456193593", "direction": "0", "dep_dt": "1456193659", "route_id": "Red", "dwell_time_sec": "66"}, {"arr_dt": "1456193837", "direction": "0", "dep_dt": "1456193896", "route_id": "Red", "dwell_time_sec": "59"}, {"arr_dt": "1456194161", "direction": "0", "dep_dt": "1456194236", "route_id": "Red", "dwell_time_sec": "75"}, {"arr_dt": "1456194394", "direction": "0", "dep_dt": "1456194458", "route_id": "Red", "dwell_time_sec": "64"}, {"arr_dt": "1456195048", "direction": "0", "dep_dt": "1456195151", "route_id": "Red", "dwell_time_sec": "103"}, {"arr_dt": "1456195280", "direction": "0", "dep_dt": "1456195353", "route_id": "Red", "dwell_time_sec": "73"}, {"arr_dt": "1456195852", "direction": "0", "dep_dt": "1456195948", "route_id": "Red", "dwell_time_sec": "96"}, {"arr_dt": "1456196077", "direction": "0", "dep_dt": "1456196150", "route_id": "Red", "dwell_time_sec": "73"}, {"arr_dt": "1456196257", "direction": "0", "dep_dt": "1456196337", "route_id": "Red", "dwell_time_sec": "80"}, {"arr_dt": "1456196510", "direction": "0", "dep_dt": "1456196569", "route_id": "Red", "dwell_time_sec": "59"}, {"arr_dt": "1456196891", "direction": "0", "dep_dt": "1456196971", "route_id": "Red", "dwell_time_sec": "80"}, {"arr_dt": "1456197391", "direction": "0", "dep_dt": "1456197472", "route_id": "Red", "dwell_time_sec": "81"}, {"arr_dt": "1456197608", "direction": "0", "dep_dt": "1456197685", "route_id": "Red", "dwell_time_sec": "77"}, {"arr_dt": "1456198052", "direction": "0", "dep_dt": "1456198112", "route_id": "Red", "dwell_time_sec": "60"}, {"arr_dt": "1456198346", "direction": "0", "dep_dt": "1456198415", "route_id": "Red", "dwell_time_sec": "69"}, {"arr_dt": "1456198678", "direction": "0", "dep_dt": "1456198764", "route_id": "Red", "dwell_time_sec": "86"}, {"arr_dt": "1456198990", "direction": "0", "dep_dt": "1456199063", "route_id": "Red", "dwell_time_sec": "73"}, {"arr_dt": "1456199147", "direction": "0", "dep_dt": "1456199210", "route_id": "Red", "dwell_time_sec": "63"}, {"arr_dt": "1456199738", "direction": "0", "dep_dt": "1456199800", "route_id": "Red", "dwell_time_sec": "62"}, {"arr_dt": "1456199996", "direction": "0", "dep_dt": "1456200261", "route_id": "Red", "dwell_time_sec": "265"}, {"arr_dt": "1456200553", "direction": "0", "dep_dt": "1456200647", "route_id": "Red", "dwell_time_sec": "94"}, {"arr_dt": "1456200992", "direction": "0", "dep_dt": "1456201059", "route_id": "Red", "dwell_time_sec": "67"}, {"arr_dt": "1456201681", "direction": "0", "dep_dt": "1456201754", "route_id": "Red", "dwell_time_sec": "73"}, {"arr_dt": "1456201871", "direction": "0", "dep_dt": "1456201955", "route_id": "Red", "dwell_time_sec": "84"}, {"arr_dt": "1456202311", "direction": "0", "dep_dt": "1456202364", "route_id": "Red", "dwell_time_sec": "53"}, {"arr_dt": "1456202462", "direction": "0", "dep_dt": "1456202516", "route_id": "Red", "dwell_time_sec": "54"}, {"arr_dt": "1456202625", "direction": "0", "dep_dt": "1456202698", "route_id": "Red", "dwell_time_sec": "73"}, {"arr_dt": "1456202802", "direction": "0", "dep_dt": "1456202858", "route_id": "Red", "dwell_time_sec": "56"}, {"arr_dt": "1456203264", "direction": "0", "dep_dt": "1456203320", "route_id": "Red", "dwell_time_sec": "56"}]}