{"dwell_times": [{"arr_dt": "1463803726", "direction": "0", "dep_dt": "1463803798", "route_id": "Red", "dwell_time_sec": "72"}, {"arr_dt": "1463804039", "direction": "0", "dep_dt": "1463804103", "route_id": "Red", "dwell_time_sec": "64"}, {"arr_dt": "1463804289", "direction": "0", "dep_dt": "1463804357", "route_id": "Red", "dwell_time_sec": "68"}, {"arr_dt": "1463804663", "direction": "0", "dep_dt": "1463804782", "route_id": "Red", "dwell_time_sec": "119"}, {"arr_dt": "1463804869", "direction": "0", "dep_dt": "1463804929", "route_id": "Red", "dwell_time_sec": "60"}, {"arr_dt": "1463805287", "direction": "0", "dep_dt": "1463805343", "route_id": "Red", "dwell_time_sec": "56"}, {"arr_dt": "1463806170", "direction": "0", "dep_dt": "1463807769", "route_id": "Red", "dwell_time_sec": "1599"}, {"arr_dt": "1463823144", "direction": "0", "dep_dt": "1463823203", "route_id": "Red", "dwell_time_sec": "59"}, {"arr_dt": "1463823765", "direction": "0", "dep_dt": "1463823849", "route_id": "Red", "dwell_time_sec": "84"}, {"arr_dt": "1463824452", "direction": "0", "dep_dt": "1463824507", "route_id": "Red", "dwell_time_sec": "55"}, {"arr_dt": "1463824965", "direction": "0", "dep_dt": "1463825029", "route_id": "Red", "dwell_time_sec": "64"}, {"arr_dt": "1463825440", "direction": "0", "dep_dt": "1463825507", "route_id": "Red", "dwell_time_sec": "67"}, {"arr_dt": "1463825835", "direction": "0", "dep_dt": "1463825893", "route_id": "Red", "dwell_time_sec": "58"}, {"arr_dt": "1463826413", "direction": "0", "dep_dt": "1463826483", "route_id": "Red", "dwell_time_sec": "70"}, {"arr_dt": "1463826816", "direction": "0", "dep_dt": "1463826875", "route_id": "Red", "dwell_time_sec": "59"}, {"arr_dt": "1463827026", "direction": "0", "dep_dt": "1463827080", "route_id": "Red", "dwell_time_sec": "54"}, {"arr_dt": "1463827444", "direction": "0", "dep_dt": "1463827503", "route_id": "Red", "dwell_time_sec": "59"}, {"arr_dt": "1463827751", "direction": "0", "dep_dt": "1463827804", "route_id": "Red", "dwell_time_sec": "53"}, {"arr_dt": "1463828348", "direction": "0", "dep_dt": "1463828412", "route_id": "Red", "dwell_time_sec": "64"}, {"arr_dt": "1463828740", "direction": "0", "dep_dt": "1463828844", "route_id": "Red", "dwell_time_sec": "104"}, {"arr_dt": "1463829129", "direction": "0", "dep_dt": "1463829194", "route_id": "Red", "dwell_time_sec": "65"}, {"arr_dt": "1463829580", "direction": "0", "dep_dt": "1463829638", "route_id": "Red", "dwell_time_sec": "58"}, {"arr_dt": "1463830052", "direction": "0", "dep_dt": "1463830107", "route_id": "Red", "dwell_time_sec": "55"}, {"arr_dt": "1463830805", "direction": "0", "dep_dt": "1463830869", "route_id": "Red", "dwell_time_sec": "64"}, {"arr_dt": "1463830998", "direction": "0", "dep_dt": "1463831060", "route_id": "Red", "dwell_time_sec": "62"}, {"arr_dt": "1463831307", "direction": "0", "dep_dt": "1463831400", "route_id": "Red", "dwell_time_sec": "93"}, {"arr_dt": "1463831773", "direction": "0", "dep_dt": "1463831840", "route_id": "Red", "dwell_time_sec": "67"}, {"arr_dt": "1463832016", "direction": "0", "dep_dt": "1463832076", "route_id": "Red", "dwell_time_sec": "60"}, {"arr_dt": "1463832507", "direction": "0", "dep_dt": "1463832575", "route_id": "Red", "dwell_time_sec": "68"}, {"arr_dt": "1463832903", "direction": "0", "dep_dt": "1463832973", "route_id": "Red", "dwell_time_sec": "70"}, {"arr_dt": "1463833435", "direction": "0", "dep_dt": "1463833502", "route_id": "Red", "dwell_time_sec": "67"}, {"arr_dt": "1463833721", "direction": "0", "dep_dt": "1463833791", "route_id": "Red", "dwell_time_sec": "70"}, {"arr_dt": "1463834337", "direction": "0", "dep_dt": "1463834413", "route_id": "Red", "dwell_time_sec": "76"}, {"arr_dt": "1463834655", "direction": "0", "dep_dt": "1463834712", "route_id": "Red", "dwell_time_sec": "57"}, {"arr_dt": "1463834921", "direction": "0", "dep_dt": "1463834982", "route_id": "Red", "dwell_time_sec": "61"}, {"arr_dt": "1463835586", "direction": "0", "dep_dt": "1463835669", "route_id": "Red", "dwell_time_sec": "83"}, {"arr_dt": "1463835784", "direction": "0", "dep_dt": "1463835839", "route_id": "Red", "dwell_time_sec": "55"}, {"arr_dt": "1463836257", "direction": "0", "dep_dt": "1463836312", "route_id": "Red", "dwell_time_sec": "55"}, {"arr_dt": "1463836686", "direction": "0", "dep_dt": "1463836753", "route_id": "Red", "dwell_time_sec": "67"}, {"arr_dt": "1463837196", "direction": "0", "dep_dt": "1463837277", "route_id": "Red", "dwell_time_sec": "81"}, {"arr_dt": "1463837699", "direction": "0", "dep_dt": "1463837770", "route_id": "Red", "dwell_time_sec": "71"}, {"arr_dt": "1463837940", "direction": "0", "dep_dt": "1463838005", "route_id": "Red", "dwell_time_sec": "65"}, {"arr_dt": "1463838618", "direction": "0", "dep_dt": "1463838691", "route_id": "Red", "dwell_time_sec": "73"}, {"arr_dt": "1463838837", "direction": "0", "dep_dt": "1463838904", "route_id": "Red", "dwell_time_sec": "67"}, {"arr_dt": "1463839260", "direction": "0", "dep_dt": "1463839350", "route_id": "Red", "dwell_time_sec": "90"}, {"arr_dt": "1463839676", "direction": "0", "dep_dt": "1463839759", "route_id": "Red", "dwell_time_sec": "83"}, {"arr_dt": "1463840153", "direction": "0", "dep_dt": "1463840218", "route_id": "Red", "dwell_time_sec": "65"}, {"arr_dt": "1463840413", "direction": "0", "dep_dt": "1463840509", "route_id": "Red", "dwell_time_sec": "96"}, {"arr_dt": "1463840958", "direction": "0", "dep_dt": "1463841062", "route_id": "Red", "dwell_time_sec": "104"}, {"arr_dt": "1463841251", "direction": "0", "dep_dt": "1463841344", "route_id": "Red", "dwell_time_sec": "93"}, {"arr_dt": "1463841822", "direction": "0", "dep_dt": "1463841907", "route_id": "Red", "dwell_time_sec": "85"}, {"arr_dt": "1463842263", "direction": "0", "dep_dt": "1463842347", "route_id": "Red", "dwell_time_sec": "84"}, {"arr_dt": "1463842574", "direction": "0", "dep_dt": "1463842639", "route_id": "Red", "dwell_time_sec": "65"}, {"arr_dt": "1463843046", "direction": "0", "dep_dt": "1463843109", "route_id": "Red", "dwell_time_sec": "63"}, {"arr_dt": "1463843297", "direction": "0", "dep_dt": "1463843362", "route_id": "Red", "dwell_time_sec": "65"}, {"arr_dt": "1463843907", "direction": "0", "dep_dt": "1463843977", "route_id": "Red", "dwell_time_sec": "70"}, {"arr_dt": "1463844509", "direction": "0", "dep_dt": "1463844597", "route_id": "Red", "dwell_time_sec": "88"}, {"arr_dt": "1463844712", "direction": "0", "dep_dt": "1463844781", "route_id": "Red", "dwell_time_sec": "69"}, {"arr_dt": "1463845143", "direction": "0", "dep_dt": "1463845233", "route_id": "Red", "dwell_time_sec": "90"}, {"arr_dt": "1463845613", "direction": "0", "dep_dt": "1463845705", "route_id": "Red", "dwell_time_sec": "92"}, {"arr_dt": "1463846302", "direction": "0", "dep_dt": "1463846399", "route_id": "Red", "dwell_time_sec": "97"}, {"arr_dt": "1463846547", "direction": "0", "dep_dt": "1463846626", "route_id": "Red", "dwell_time_sec": "79"}, {"arr_dt": "1463846741", "direction": "0", "dep_dt": "1463846808", "route_id": "Red", "dwell_time_sec": "67"}, {"arr_dt": "1463847240", "direction": "0", "dep_dt": "1463847335", "route_id": "Red", "dwell_time_sec": "95"}, {"arr_dt": "1463847664", "direction": "0", "dep_dt": "1463847740", "route_id": "Red", "dwell_time_sec": "76"}, {"arr_dt": "1463848225", "direction": "0", "dep_dt": "1463848338", "route_id": "Red", "dwell_time_sec": "113"}, {"arr_dt": "1463848459", "direction": "0", "dep_dt": "1463848529", "route_id": "Red", "dwell_time_sec": "70"}, {"arr_dt": "1463849321", "direction": "0", "dep_dt": "1463849430", "route_id": "Red", "dwell_time_sec": "109"}, {"arr_dt": "1463849529", "direction": "0", "dep_dt": "1463849615", "route_id": "Red", "dwell_time_sec": "86"}, {"arr_dt": "1463849952", "direction": "0", "dep_dt": "1463850076", "route_id": "Red", "dwell_time_sec": "124"}, {"arr_dt": "1463850331", "direction": "0", "dep_dt": "1463850419", "route_id": "Red", "dwell_time_sec": "88"}, {"arr_dt": "1463850593", "direction": "0", "dep_dt": "1463850670", "route_id": "Red", "dwell_time_sec": "77"}, {"arr_dt": "1463851043", "direction": "0", "dep_dt": "1463851117", "route_id": "Red", "dwell_time_sec": "74"}, {"arr_dt": "1463851329", "direction": "0", "dep_dt": "1463851393", "route_id": "Red", "dwell_time_sec": "64"}, {"arr_dt": "1463851816", "direction": "0", "dep_dt": "1463851902", "route_id": "Red", "dwell_time_sec": "86"}, {"arr_dt": "1463852251", "direction": "0", "dep_dt": "1463852321", "route_id": "Red", "dwell_time_sec": "70"}, {"arr_dt": "1463852682", "direction": "0", "dep_dt": "1463852753", "route_id": "Red", "dwell_time_sec": "71"}, {"arr_dt": "1463853165", "direction": "0", "dep_dt": "1463853253", "route_id": "Red", "dwell_time_sec": "88"}, {"arr_dt": "1463853690", "direction": "0", "dep_dt": "1463853813", "route_id": "Red", "dwell_time_sec": "123"}, {"arr_dt": "1463854048", "direction": "0", "dep_dt": "1463854123", "route_id": "Red", "dwell_time_sec": "75"}, {"arr_dt": "1463854356", "direction": "0", "dep_dt": "1463854422", "route_id": "Red", "dwell_time_sec": "66"}, {"arr_dt": "1463855040", "direction": "0", "dep_dt": "1463855159", "route_id": "Red", "dwell_time_sec": "119"}, {"arr_dt": "1463855273", "direction": "0", "dep_dt": "1463855357", "route_id": "Red", "dwell_time_sec": "84"}, {"arr_dt": "1463856223", "direction": "0", "dep_dt": "1463856337", "route_id": "Red", "dwell_time_sec": "114"}, {"arr_dt": "1463856604", "direction": "0", "dep_dt": "1463856688", "route_id": "Red", "dwell_time_sec": "84"}, {"arr_dt": "1463856816", "direction": "0", "dep_dt": "1463856886", "route_id": "Red", "dwell_time_sec": "70"}, {"arr_dt": "1463857436", "direction": "0", "dep_dt": "1463857526", "route_id": "Red", "dwell_time_sec": "90"}, {"arr_dt": "1463857724", "direction": "0", "dep_dt": "1463857805", "route_id": "Red", "dwell_time_sec": "81"}, {"arr_dt": "1463858122", "direction": "0", "dep_dt": "1463858234", "route_id": "Red", "dwell_time_sec": "112"}, {"arr_dt": "1463858313", "direction": "0", "dep_dt": "1463858393", "route_id": "Red", "dwell_time_sec": "80"}, {"arr_dt": "1463858860", "direction": "0", "dep_dt": "1463858982", "route_id": "Red", "dwell_time_sec": "122"}, {"arr_dt": "1463859153", "direction": "0", "dep_dt": "1463859240", "route_id": "Red", "dwell_time_sec": "87"}, {"arr_dt": "1463859396", "direction": "0", "dep_dt": "1463859480", "route_id": "Red", "dwell_time_sec": "84"}, {"arr_dt": "1463859870", "direction": "0", "dep_dt": "1463859947", "route_id": "Red", "dwell_time_sec": "77"}, {"arr_dt": "1463860223", "direction": "0", "dep_dt": "1463860286", "route_id": "Red", "dwell_time_sec": "63"}, {"arr_dt": "1463860665", "direction": "0", "dep_dt": "1463860757", "route_id": "Red", "dwell_time_sec": "92"}, {"arr_dt": "1463861177", "direction": "0", "dep_dt": "1463861266", "route_id": "Red", "dwell_time_sec": "89"}, {"arr_dt": "1463861494", "direction": "0", "dep_dt": "1463861568", "route_id": "Red", "dwell_time_sec": "74"}, {"arr_dt": "1463862484", "direction": "0", "dep_dt": "1463862600", "route_id": "Red", "dwell_time_sec": "116"}, {"arr_dt": "1463863223", "direction": "0", "dep_dt": "1463863385", "route_id": "Red", "dwell_time_sec": "162"}, {"arr_dt": "1463863472", "direction": "0", "dep_dt": "1463863599", "route_id": "Red", "dwell_time_sec": "127"}, {"arr_dt": "1463863744", "direction": "0", "dep_dt": "1463863829", "route_id": "Red", "dwell_time_sec": "85"}, {"arr_dt": "1463864023", "direction": "0", "dep_dt": "1463864143", "route_id": "Red", "dwell_time_sec": "120"}, {"arr_dt": "1463864511", "direction": "0", "dep_dt": "1463864593", "route_id": "Red", "dwell_time_sec": "82"}, {"arr_dt": "1463865164", "direction": "0", "dep_dt": "1463865273", "route_id": "Red", "dwell_time_sec": "109"}, {"arr_dt": "1463865357", "direction": "0", "dep_dt": "1463865474", "route_id": "Red", "dwell_time_sec": "117"}, {"arr_dt": "1463865588", "direction": "0", "dep_dt": "1463865648", "route_id": "Red", "dwell_time_sec": "60"}, {"arr_dt": "1463865940", "direction": "0", "dep_dt": "1463866013", "route_id": "Red", "dwell_time_sec": "73"}, {"arr_dt": "1463866391", "direction": "0", "dep_dt": "1463866467", "route_id": "Red", "dwell_time_sec": "76"}, {"arr_dt": "1463866774", "direction": "0", "dep_dt": "1463866850", "route_id": "Red", "dwell_time_sec": "76"}, {"arr_dt": "1463867255", "direction": "0", "dep_dt": "1463867357", "route_id": "Red", "dwell_time_sec": "102"}, {"arr_dt": "1463867465", "direction": "0", "dep_dt": "1463867546", "route_id": "Red", "dwell_time_sec": "81"}, {"arr_dt": "1463868089", "direction": "0", "dep_dt": "1463868192", "route_id": "Red", "dwell_time_sec": "103"}, {"arr_dt": "1463868505", "direction": "0", "dep_dt": "1463868584", "route_id": "Red", "dwell_time_sec": "79"}, {"arr_dt": "1463869160", "direction": "0", "dep_dt": "1463869268", "route_id": "Red", "dwell_time_sec": "108"}, {"arr_dt": "1463869428", "direction": "0", "dep_dt": "1463869516", "route_id": "Red", "dwell_time_sec": "88"}, {"arr_dt": "1463869897", "direction": "0", "dep_dt": "1463869993", "route_id": "Red", "dwell_time_sec": "96"}, {"arr_dt": "1463870128", "direction": "0", "dep_dt": "1463870203", "route_id": "Red", "dwell_time_sec": "75"}, {"arr_dt": "1463870622", "direction": "0", "dep_dt": "1463870703", "route_id": "Red", "dwell_time_sec": "81"}, {"arr_dt": "1463871245", "direction": "0", "dep_dt": "1463871337", "route_id": "Red", "dwell_time_sec": "92"}, {"arr_dt": "1463871533", "direction": "0", "dep_dt": "1463871601", "route_id": "Red", "dwell_time_sec": "68"}, {"arr_dt": "1463872012", "direction": "0", "dep_dt": "1463872118", "route_id": "Red", "dwell_time_sec": "106"}, {"arr_dt": "1463872441", "direction": "0", "dep_dt": "1463872536", "route_id": "Red", "dwell_time_sec": "95"}, {"arr_dt": "1463872661", "direction": "0", "dep_dt": "1463872729", "route_id": "Red", "dwell_time_sec": "68"}, {"arr_dt": "1463873070", "direction": "0", "dep_dt": "1463873142", "route_id": "Red", "dwell_time_sec": "72"}, {"arr_dt": "1463873371", "direction": "0", "dep_dt": "1463873431", "route_id": "Red", "dwell_time_sec": "60"}, {"arr_dt": "1463873891", "direction": "0", "dep_dt": "1463873968", "route_id": "Red", "dwell_time_sec": "77"}, {"arr_dt": "1463874256", "direction": "0", "dep_dt": "1463874334", "route_id": "Red", "dwell_time_sec": "78"}, {"arr_dt": "1463874621", "direction": "0", "dep_dt": "1463874691", "route_id": "Red", "dwell_time_sec": "70"}, {"arr_dt": "1463875033", "direction": "0", "dep_dt": "1463875099", "route_id": "Red", "dwell_time_sec": "66"}, {"arr_dt": "1463875423", "direction": "0", "dep_dt": "1463875484", "route_id": "Red", "dwell_time_sec": "61"}, {"arr_dt": "1463876054", "direction": "0", "dep_dt": "1463876184", "route_id": "Red", "dwell_time_sec": "130"}, {"arr_dt": "1463876433", "direction": "0", "dep_dt": "1463876510", "route_id": "Red", "dwell_time_sec": "77"}, {"arr_dt": "1463876689", "direction": "0", "dep_dt": "1463876766", "route_id": "Red", "dwell_time_sec": "77"}, {"arr_dt": "1463877171", "direction": "0", "dep_dt": "1463877263", "route_id": "Red", "dwell_time_sec": "92"}, {"arr_dt": "1463877811", "direction": "0", "dep_dt": "1463877888", "route_id": "Red", "dwell_time_sec": "77"}, {"arr_dt": "1463878100", "direction": "0", "dep_dt": "1463878167", "route_id": "Red", "dwell_time_sec": "67"}, {"arr_dt": "1463878708", "direction": "0", "dep_dt": "1463878782", "route_id": "Red", "dwell_time_sec": "74"}, {"arr_dt": "1463879000", "direction": "0", "dep_dt": "1463879083", "route_id": "Red", "dwell_time_sec": "83"}, {"arr_dt": "1463879195", "direction": "0", "dep_dt": "1463879260", "route_id": "Red", "dwell_time_sec": "65"}, {"arr_dt": "1463879684", "direction": "0", "dep_dt": "1463879763", "route_id": "Red", "dwell_time_sec": "79"}, {"arr_dt": "1463880019", "direction": "0", "dep_dt": "1463880083", "route_id": "Red", "dwell_time_sec": "64"}, {"arr_dt": "1463880337", "direction": "0", "dep_dt": "1463880406", "route_id": "Red", "dwell_time_sec": "69"}, {"arr_dt": "1463880822", "direction": "0", "dep_dt": "1463880884", "route_id": "Red", "dwell_time_sec": "62"}, {"arr_dt": "1463881161", "direction": "0", "dep_dt": "1463881221", "route_id": "Red", "dwell_time_sec": "60"}, {"arr_dt": "1463881730", "direction": "0", "dep_dt": "1463881792", "route_id": "Red", "dwell_time_sec": "62"}, {"arr_dt": "1463882077", "direction": "0", "dep_dt": "1463882153", "route_id": "Red", "dwell_time_sec": "76"}, {"arr_dt": "1463882787", "direction": "0", "dep_dt": "1463882882", "route_id": "Red", "dwell_time_sec": "95"}, {"arr_dt": "1463882994", "direction": "0", "dep_dt": "1463883070", "route_id": "Red", "dwell_time_sec": "76"}, {"arr_dt": "1463883393", "direction": "0", "dep_dt": "1463883460", "route_id": "Red", "dwell_time_sec": "67"}, {"arr_dt": "1463883790", "direction": "0", "dep_dt": "1463883860", "route_id": "Red", "dwell_time_sec": "70"}, {"arr_dt": "1463884196", "direction": "0", "dep_dt": "1463884264", "route_id": "Red", "dwell_time_sec": "68"}, {"arr_dt": "1463884716", "direction": "0", "dep_dt": "1463884793", "route_id": "Red", "dwell_time_sec": "77"}, {"arr_dt": "1463885189", "direction": "0", "dep_dt": "1463885258", "route_id": "Red", "dwell_time_sec": "69"}, {"arr_dt": "1463885554", "direction": "0", "dep_dt": "1463885630", "route_id": "Red", "dwell_time_sec": "76"}, {"arr_dt": "1463885747", "direction": "0", "dep_dt": "1463885805", "route_id": "Red", "dwell_time_sec": "58"}, {"arr_dt": "1463886433", "direction": "0", "dep_dt": "1463886523", "route_id": "Red", "dwell_time_sec": "90"}, {"arr_dt": "1463886711", "direction": "0", "dep_dt": "1463886821", "route_id": "Red", "dwell_time_sec": "110"}, {"arr_dt": "1463887063", "direction": "0", "dep_dt": "1463887159", "route_id": "Red", "dwell_time_sec": "96"}, {"arr_dt": "1463887556", "direction": "0", "dep_dt": "1463887617", "route_id": "Red", "dwell_time_sec": "61"}, {"arr_dt": "1463887863", "direction": "0", "dep_dt": "1463887926", "route_id": "Red", "dwell_time_sec": "63"}, {"arr_dt": "1463888422", "direction": "0", "dep_dt": "1463888479", "route_id": "Red", "dwell_time_sec": "57"}, {"arr_dt": "1463888716", "direction": "0", "dep_dt": "1463888782", "route_id": "Red", "dwell_time_sec": "66"}]}