{"dwell_times": [{"arr_dt": "1476590715", "direction": "0", "dep_dt": "1476590785", "route_id": "Red", "dwell_time_sec": "70"}, {"arr_dt": "1476590898", "direction": "0", "dep_dt": "1476590962", "route_id": "Red", "dwell_time_sec": "64"}, {"arr_dt": "1476591322", "direction": "0", "dep_dt": "1476591396", "route_id": "Red", "dwell_time_sec": "74"}, {"arr_dt": "1476591577", "direction": "0", "dep_dt": "1476591636", "route_id": "Red", "dwell_time_sec": "59"}, {"arr_dt": "1476592045", "direction": "0", "dep_dt": "1476592110", "route_id": "Red", "dwell_time_sec": "65"}, {"arr_dt": "1476592400", "direction": "0", "dep_dt": "1476592457", "route_id": "Red", "dwell_time_sec": "57"}, {"arr_dt": "1476593289", "direction": "0", "dep_dt": "1476595348", "route_id": "Red", "dwell_time_sec": "2059"}, {"arr_dt": "1476613300", "direction": "0", "dep_dt": "1476613364", "route_id": "Red", "dwell_time_sec": "64"}, {"arr_dt": "1476613721", "direction": "0", "dep_dt": "1476613773", "route_id": "Red", "dwell_time_sec": "52"}, {"arr_dt": "1476613963", "direction": "0", "dep_dt": "1476614027", "route_id": "Red", "dwell_time_sec": "64"}, {"arr_dt": "1476614639", "direction": "0", "dep_dt": "1476614697", "route_id": "Red", "dwell_time_sec": "58"}, {"arr_dt": "1476614911", "direction": "0", "dep_dt": "1476614955", "route_id": "Red", "dwell_time_sec": "44"}, {"arr_dt": "1476615811", "direction": "0", "dep_dt": "1476615871", "route_id": "Red", "dwell_time_sec": "60"}, {"arr_dt": "1476616050", "direction": "0", "dep_dt": "1476616117", "route_id": "Red", "dwell_time_sec": "67"}, {"arr_dt": "1476616397", "direction": "0", "dep_dt": "1476616467", "route_id": "Red", "dwell_time_sec": "70"}, {"arr_dt": "1476616750", "direction": "0", "dep_dt": "1476616888", "route_id": "Red", "dwell_time_sec": "138"}, {"arr_dt": "1476617849", "direction": "0", "dep_dt": "1476617901", "route_id": "Red", "dwell_time_sec": "52"}, {"arr_dt": "1476618009", "direction": "0", "dep_dt": "1476618069", "route_id": "Red", "dwell_time_sec": "60"}, {"arr_dt": "1476618446", "direction": "0", "dep_dt": "1476618521", "route_id": "Red", "dwell_time_sec": "75"}, {"arr_dt": "1476618780", "direction": "0", "dep_dt": "1476618843", "route_id": "Red", "dwell_time_sec": "63"}, {"arr_dt": "1476619186", "direction": "0", "dep_dt": "1476619244", "route_id": "Red", "dwell_time_sec": "58"}, {"arr_dt": "1476619627", "direction": "0", "dep_dt": "1476619822", "route_id": "Red", "dwell_time_sec": "195"}, {"arr_dt": "1476620210", "direction": "0", "dep_dt": "1476620273", "route_id": "Red", "dwell_time_sec": "63"}, {"arr_dt": "1476620683", "direction": "0", "dep_dt": "1476620744", "route_id": "Red", "dwell_time_sec": "61"}, {"arr_dt": "1476621430", "direction": "0", "dep_dt": "1476621491", "route_id": "Red", "dwell_time_sec": "61"}, {"arr_dt": "1476621897", "direction": "0", "dep_dt": "1476621972", "route_id": "Red", "dwell_time_sec": "75"}, {"arr_dt": "1476622188", "direction": "0", "dep_dt": "1476622259", "route_id": "Red", "dwell_time_sec": "71"}, {"arr_dt": "1476622564", "direction": "0", "dep_dt": "1476622625", "route_id": "Red", "dwell_time_sec": "61"}, {"arr_dt": "1476623079", "direction": "0", "dep_dt": "1476623141", "route_id": "Red", "dwell_time_sec": "62"}, {"arr_dt": "1476623490", "direction": "0", "dep_dt": "1476623548", "route_id": "Red", "dwell_time_sec": "58"}, {"arr_dt": "1476623824", "direction": "0", "dep_dt": "1476623890", "route_id": "Red", "dwell_time_sec": "66"}, {"arr_dt": "1476624279", "direction": "0", "dep_dt": "1476624349", "route_id": "Red", "dwell_time_sec": "70"}, {"arr_dt": "1476624594", "direction": "0", "dep_dt": "1476624654", "route_id": "Red", "dwell_time_sec": "60"}, {"arr_dt": "1476625185", "direction": "0", "dep_dt": "1476625259", "route_id": "Red", "dwell_time_sec": "74"}, {"arr_dt": "1476625712", "direction": "0", "dep_dt": "1476625769", "route_id": "Red", "dwell_time_sec": "57"}, {"arr_dt": "1476626183", "direction": "0", "dep_dt": "1476626242", "route_id": "Red", "dwell_time_sec": "59"}, {"arr_dt": "1476626584", "direction": "0", "dep_dt": "1476626645", "route_id": "Red", "dwell_time_sec": "61"}, {"arr_dt": "1476627094", "direction": "0", "dep_dt": "1476627155", "route_id": "Red", "dwell_time_sec": "61"}, {"arr_dt": "1476627642", "direction": "0", "dep_dt": "1476627714", "route_id": "Red", "dwell_time_sec": "72"}, {"arr_dt": "1476627951", "direction": "0", "dep_dt": "1476628055", "route_id": "Red", "dwell_time_sec": "104"}, {"arr_dt": "1476628451", "direction": "0", "dep_dt": "1476628519", "route_id": "Red", "dwell_time_sec": "68"}, {"arr_dt": "1476628926", "direction": "0", "dep_dt": "1476628993", "route_id": "Red", "dwell_time_sec": "67"}, {"arr_dt": "1476629167", "direction": "0", "dep_dt": "1476629237", "route_id": "Red", "dwell_time_sec": "70"}, {"arr_dt": "1476629789", "direction": "0", "dep_dt": "1476629865", "route_id": "Red", "dwell_time_sec": "76"}, {"arr_dt": "1476630153", "direction": "0", "dep_dt": "1476630208", "route_id": "Red", "dwell_time_sec": "55"}, {"arr_dt": "1476630533", "direction": "0", "dep_dt": "1476630592", "route_id": "Red", "dwell_time_sec": "59"}, {"arr_dt": "1476631093", "direction": "0", "dep_dt": "1476631162", "route_id": "Red", "dwell_time_sec": "69"}, {"arr_dt": "1476631516", "direction": "0", "dep_dt": "1476631589", "route_id": "Red", "dwell_time_sec": "73"}, {"arr_dt": "1476631979", "direction": "0", "dep_dt": "1476632051", "route_id": "Red", "dwell_time_sec": "72"}, {"arr_dt": "1476632392", "direction": "0", "dep_dt": "1476632466", "route_id": "Red", "dwell_time_sec": "74"}, {"arr_dt": "1476632870", "direction": "0", "dep_dt": "1476632947", "route_id": "Red", "dwell_time_sec": "77"}, {"arr_dt": "1476633445", "direction": "0", "dep_dt": "1476633525", "route_id": "Red", "dwell_time_sec": "80"}, {"arr_dt": "1476634078", "direction": "0", "dep_dt": "1476634148", "route_id": "Red", "dwell_time_sec": "70"}, {"arr_dt": "1476634306", "direction": "0", "dep_dt": "1476634375", "route_id": "Red", "dwell_time_sec": "69"}, {"arr_dt": "1476634653", "direction": "0", "dep_dt": "1476634721", "route_id": "Red", "dwell_time_sec": "68"}, {"arr_dt": "1476635271", "direction": "0", "dep_dt": "1476635346", "route_id": "Red", "dwell_time_sec": "75"}, {"arr_dt": "1476635600", "direction": "0", "dep_dt": "1476635685", "route_id": "Red", "dwell_time_sec": "85"}, {"arr_dt": "1476635935", "direction": "0", "dep_dt": "1476635999", "route_id": "Red", "dwell_time_sec": "64"}, {"arr_dt": "1476636438", "direction": "0", "dep_dt": "1476636502", "route_id": "Red", "dwell_time_sec": "64"}, {"arr_dt": "1476636824", "direction": "0", "dep_dt": "1476636904", "route_id": "Red", "dwell_time_sec": "80"}, {"arr_dt": "1476637230", "direction": "0", "dep_dt": "1476637295", "route_id": "Red", "dwell_time_sec": "65"}, {"arr_dt": "1476637920", "direction": "0", "dep_dt": "1476638007", "route_id": "Red", "dwell_time_sec": "87"}, {"arr_dt": "1476638220", "direction": "0", "dep_dt": "1476638289", "route_id": "Red", "dwell_time_sec": "69"}, {"arr_dt": "1476638820", "direction": "0", "dep_dt": "1476638897", "route_id": "Red", "dwell_time_sec": "77"}, {"arr_dt": "1476639294", "direction": "0", "dep_dt": "1476639365", "route_id": "Red", "dwell_time_sec": "71"}, {"arr_dt": "1476639495", "direction": "0", "dep_dt": "1476639558", "route_id": "Red", "dwell_time_sec": "63"}, {"arr_dt": "1476639967", "direction": "0", "dep_dt": "1476640046", "route_id": "Red", "dwell_time_sec": "79"}, {"arr_dt": "1476640503", "direction": "0", "dep_dt": "1476640590", "route_id": "Red", "dwell_time_sec": "87"}, {"arr_dt": "1476640866", "direction": "0", "dep_dt": "1476640937", "route_id": "Red", "dwell_time_sec": "71"}, {"arr_dt": "1476641288", "direction": "0", "dep_dt": "1476641347", "route_id": "Red", "dwell_time_sec": "59"}, {"arr_dt": "1476641799", "direction": "0", "dep_dt": "1476641885", "route_id": "Red", "dwell_time_sec": "86"}, {"arr_dt": "1476642263", "direction": "0", "dep_dt": "1476642344", "route_id": "Red", "dwell_time_sec": "81"}, {"arr_dt": "1476642532", "direction": "0", "dep_dt": "1476642595", "route_id": "Red", "dwell_time_sec": "63"}, {"arr_dt": "1476643383", "direction": "0", "dep_dt": "1476643482", "route_id": "Red", "dwell_time_sec": "99"}, {"arr_dt": "1476643587", "direction": "0", "dep_dt": "1476643669", "route_id": "Red", "dwell_time_sec": "82"}, {"arr_dt": "1476644011", "direction": "0", "dep_dt": "1476644088", "route_id": "Red", "dwell_time_sec": "77"}, {"arr_dt": "1476644593", "direction": "0", "dep_dt": "1476644665", "route_id": "Red", "dwell_time_sec": "72"}, {"arr_dt": "1476644892", "direction": "0", "dep_dt": "1476644969", "route_id": "Red", "dwell_time_sec": "77"}, {"arr_dt": "1476645350", "direction": "0", "dep_dt": "1476645419", "route_id": "Red", "dwell_time_sec": "69"}, {"arr_dt": "1476645963", "direction": "0", "dep_dt": "1476646043", "route_id": "Red", "dwell_time_sec": "80"}, {"arr_dt": "1476646249", "direction": "0", "dep_dt": "1476646310", "route_id": "Red", "dwell_time_sec": "61"}, {"arr_dt": "1476646660", "direction": "0", "dep_dt": "1476646728", "route_id": "Red", "dwell_time_sec": "68"}, {"arr_dt": "1476647314", "direction": "0", "dep_dt": "1476647392", "route_id": "Red", "dwell_time_sec": "78"}, {"arr_dt": "1476647632", "direction": "0", "dep_dt": "1476647707", "route_id": "Red", "dwell_time_sec": "75"}, {"arr_dt": "1476648122", "direction": "0", "dep_dt": "1476648191", "route_id": "Red", "dwell_time_sec": "69"}, {"arr_dt": "1476648831", "direction": "0", "dep_dt": "1476648962", "route_id": "Red", "dwell_time_sec": "131"}, {"arr_dt": "1476649226", "direction": "0", "dep_dt": "1476649320", "route_id": "Red", "dwell_time_sec": "94"}, {"arr_dt": "1476649578", "direction": "0", "dep_dt": "1476649650", "route_id": "Red", "dwell_time_sec": "72"}, {"arr_dt": "1476650024", "direction": "0", "dep_dt": "1476650082", "route_id": "Red", "dwell_time_sec": "58"}, {"arr_dt": "1476650328", "direction": "0", "dep_dt": "1476650400", "route_id": "Red", "dwell_time_sec": "72"}, {"arr_dt": "1476650781", "direction": "0", "dep_dt": "1476650855", "route_id": "Red", "dwell_time_sec": "74"}, {"arr_dt": "1476651864", "direction": "0", "dep_dt": "1476652020", "route_id": "Red", "dwell_time_sec": "156"}, {"arr_dt": "1476652139", "direction": "0", "dep_dt": "1476652274", "route_id": "Red", "dwell_time_sec": "135"}, {"arr_dt": "1476652378", "direction": "0", "dep_dt": "1476652456", "route_id": "Red", "dwell_time_sec": "78"}, {"arr_dt": "1476652907", "direction": "0", "dep_dt": "1476653001", "route_id": "Red", "dwell_time_sec": "94"}, {"arr_dt": "1476653256", "direction": "0", "dep_dt": "1476653336", "route_id": "Red", "dwell_time_sec": "80"}, {"arr_dt": "1476653827", "direction": "0", "dep_dt": "1476653991", "route_id": "Red", "dwell_time_sec": "164"}, {"arr_dt": "1476654394", "direction": "0", "dep_dt": "1476654465", "route_id": "Red", "dwell_time_sec": "71"}, {"arr_dt": "1476654808", "direction": "0", "dep_dt": "1476654887", "route_id": "Red", "dwell_time_sec": "79"}, {"arr_dt": "1476655222", "direction": "0", "dep_dt": "1476655302", "route_id": "Red", "dwell_time_sec": "80"}, {"arr_dt": "1476655620", "direction": "0", "dep_dt": "1476655683", "route_id": "Red", "dwell_time_sec": "63"}, {"arr_dt": "1476655975", "direction": "0", "dep_dt": "1476656049", "route_id": "Red", "dwell_time_sec": "74"}, {"arr_dt": "1476656378", "direction": "0", "dep_dt": "1476656446", "route_id": "Red", "dwell_time_sec": "68"}, {"arr_dt": "1476657034", "direction": "0", "dep_dt": "1476657140", "route_id": "Red", "dwell_time_sec": "106"}, {"arr_dt": "1476657645", "direction": "0", "dep_dt": "1476657727", "route_id": "Red", "dwell_time_sec": "82"}, {"arr_dt": "1476657880", "direction": "0", "dep_dt": "1476657936", "route_id": "Red", "dwell_time_sec": "56"}, {"arr_dt": "1476658173", "direction": "0", "dep_dt": "1476658250", "route_id": "Red", "dwell_time_sec": "77"}, {"arr_dt": "1476658537", "direction": "0", "dep_dt": "1476658619", "route_id": "Red", "dwell_time_sec": "82"}, {"arr_dt": "1476659112", "direction": "0", "dep_dt": "1476659221", "route_id": "Red", "dwell_time_sec": "109"}, {"arr_dt": "1476659389", "direction": "0", "dep_dt": "1476659463", "route_id": "Red", "dwell_time_sec": "74"}, {"arr_dt": "1476660020", "direction": "0", "dep_dt": "1476660092", "route_id": "Red", "dwell_time_sec": "72"}, {"arr_dt": "1476660546", "direction": "0", "dep_dt": "1476660636", "route_id": "Red", "dwell_time_sec": "90"}, {"arr_dt": "1476660742", "direction": "0", "dep_dt": "1476660800", "route_id": "Red", "dwell_time_sec": "58"}, {"arr_dt": "1476661205", "direction": "0", "dep_dt": "1476661291", "route_id": "Red", "dwell_time_sec": "86"}, {"arr_dt": "1476661826", "direction": "0", "dep_dt": "1476661905", "route_id": "Red", "dwell_time_sec": "79"}, {"arr_dt": "1476662284", "direction": "0", "dep_dt": "1476662346", "route_id": "Red", "dwell_time_sec": "62"}, {"arr_dt": "1476662728", "direction": "0", "dep_dt": "1476662795", "route_id": "Red", "dwell_time_sec": "67"}, {"arr_dt": "1476662895", "direction": "0", "dep_dt": "1476663051", "route_id": "Red", "dwell_time_sec": "156"}, {"arr_dt": "1476663312", "direction": "0", "dep_dt": "1476663376", "route_id": "Red", "dwell_time_sec": "64"}, {"arr_dt": "1476663629", "direction": "0", "dep_dt": "1476663691", "route_id": "Red", "dwell_time_sec": "62"}, {"arr_dt": "1476664167", "direction": "0", "dep_dt": "1476664227", "route_id": "Red", "dwell_time_sec": "60"}, {"arr_dt": "1476664663", "direction": "0", "dep_dt": "1476664743", "route_id": "Red", "dwell_time_sec": "80"}, {"arr_dt": "1476665155", "direction": "0", "dep_dt": "1476665218", "route_id": "Red", "dwell_time_sec": "63"}, {"arr_dt": "1476665844", "direction": "0", "dep_dt": "1476665914", "route_id": "Red", "dwell_time_sec": "70"}, {"arr_dt": "1476666141", "direction": "0", "dep_dt": "1476666204", "route_id": "Red", "dwell_time_sec": "63"}, {"arr_dt": "1476666807", "direction": "0", "dep_dt": "1476666892", "route_id": "Red", "dwell_time_sec": "85"}, {"arr_dt": "1476667028", "direction": "0", "dep_dt": "1476667105", "route_id": "Red", "dwell_time_sec": "77"}, {"arr_dt": "1476667847", "direction": "0", "dep_dt": "1476667902", "route_id": "Red", "dwell_time_sec": "55"}, {"arr_dt": "1476668411", "direction": "0", "dep_dt": "1476668538", "route_id": "Red", "dwell_time_sec": "127"}, {"arr_dt": "1476669429", "direction": "0", "dep_dt": "1476669491", "route_id": "Red", "dwell_time_sec": "62"}, {"arr_dt": "1476669788", "direction": "0", "dep_dt": "1476669872", "route_id": "Red", "dwell_time_sec": "84"}, {"arr_dt": "1476669986", "direction": "0", "dep_dt": "1476670041", "route_id": "Red", "dwell_time_sec": "55"}, {"arr_dt": "1476670514", "direction": "0", "dep_dt": "1476670589", "route_id": "Red", "dwell_time_sec": "75"}, {"arr_dt": "1476671031", "direction": "0", "dep_dt": "1476671105", "route_id": "Red", "dwell_time_sec": "74"}, {"arr_dt": "1476671465", "direction": "0", "dep_dt": "1476671528", "route_id": "Red", "dwell_time_sec": "63"}, {"arr_dt": "1476672157", "direction": "0", "dep_dt": "1476672276", "route_id": "Red", "dwell_time_sec": "119"}, {"arr_dt": "1476673525", "direction": "0", "dep_dt": "1476673616", "route_id": "Red", "dwell_time_sec": "91"}, {"arr_dt": "1476673862", "direction": "0", "dep_dt": "1476673929", "route_id": "Red", "dwell_time_sec": "67"}, {"arr_dt": "1476674045", "direction": "0", "dep_dt": "1476674105", "route_id": "Red", "dwell_time_sec": "60"}, {"arr_dt": "1476674514", "direction": "0", "dep_dt": "1476674593", "route_id": "Red", "dwell_time_sec": "79"}, {"arr_dt": "1476674964", "direction": "0", "dep_dt": "1476675023", "route_id": "Red", "dwell_time_sec": "59"}, {"arr_dt": "1476675646", "direction": "0", "dep_dt": "1476675726", "route_id": "Red", "dwell_time_sec": "80"}, {"arr_dt": "1476676169", "direction": "0", "dep_dt": "1476676235", "route_id": "Red", "dwell_time_sec": "66"}, {"arr_dt": "1476676595", "direction": "0", "dep_dt": "1476676670", "route_id": "Red", "dwell_time_sec": "75"}]}