{"dwell_times": [{"arr_dt": "1463112138", "direction": "0", "dep_dt": "1463112200", "route_id": "Red", "dwell_time_sec": "62"}, {"arr_dt": "1463112465", "direction": "0", "dep_dt": "1463112594", "route_id": "Red", "dwell_time_sec": "129"}, {"arr_dt": "1463112693", "direction": "0", "dep_dt": "1463112754", "route_id": "Red", "dwell_time_sec": "61"}, {"arr_dt": "1463113065", "direction": "0", "dep_dt": "1463113120", "route_id": "Red", "dwell_time_sec": "55"}, {"arr_dt": "1463113734", "direction": "0", "dep_dt": "1463113800", "route_id": "Red", "dwell_time_sec": "66"}, {"arr_dt": "1463113984", "direction": "0", "dep_dt": "1463114049", "route_id": "Red", "dwell_time_sec": "65"}, {"arr_dt": "1463114367", "direction": "0", "dep_dt": "1463114425", "route_id": "Red", "dwell_time_sec": "58"}, {"arr_dt": "1463115237", "direction": "0", "dep_dt": "1463116722", "route_id": "Red", "dwell_time_sec": "1485"}, {"arr_dt": "1463132011", "direction": "0", "dep_dt": "1463132084", "route_id": "Red", "dwell_time_sec": "73"}, {"arr_dt": "1463132558", "direction": "0", "dep_dt": "1463132635", "route_id": "Red", "dwell_time_sec": "77"}, {"arr_dt": "1463132810", "direction": "0", "dep_dt": "1463132889", "route_id": "Red", "dwell_time_sec": "79"}, {"arr_dt": "1463133257", "direction": "0", "dep_dt": "1463133320", "route_id": "Red", "dwell_time_sec": "63"}, {"arr_dt": "1463133721", "direction": "0", "dep_dt": "1463133793", "route_id": "Red", "dwell_time_sec": "72"}, {"arr_dt": "1463134435", "direction": "0", "dep_dt": "1463134490", "route_id": "Red", "dwell_time_sec": "55"}, {"arr_dt": "1463134694", "direction": "0", "dep_dt": "1463134748", "route_id": "Red", "dwell_time_sec": "54"}, {"arr_dt": "1463135379", "direction": "0", "dep_dt": "1463135446", "route_id": "Red", "dwell_time_sec": "67"}, {"arr_dt": "1463135653", "direction": "0", "dep_dt": "1463135713", "route_id": "Red", "dwell_time_sec": "60"}, {"arr_dt": "1463135817", "direction": "0", "dep_dt": "1463135880", "route_id": "Red", "dwell_time_sec": "63"}, {"arr_dt": "1463137363", "direction": "0", "dep_dt": "1463137443", "route_id": "Red", "dwell_time_sec": "80"}, {"arr_dt": "1463137601", "direction": "0", "dep_dt": "1463137695", "route_id": "Red", "dwell_time_sec": "94"}, {"arr_dt": "1463137782", "direction": "0", "dep_dt": "1463137877", "route_id": "Red", "dwell_time_sec": "95"}, {"arr_dt": "1463137948", "direction": "0", "dep_dt": "1463138022", "route_id": "Red", "dwell_time_sec": "74"}, {"arr_dt": "1463138134", "direction": "0", "dep_dt": "1463138231", "route_id": "Red", "dwell_time_sec": "97"}, {"arr_dt": "1463138348", "direction": "0", "dep_dt": "1463138440", "route_id": "Red", "dwell_time_sec": "92"}, {"arr_dt": "1463138660", "direction": "0", "dep_dt": "1463138725", "route_id": "Red", "dwell_time_sec": "65"}, {"arr_dt": "1463139253", "direction": "0", "dep_dt": "1463139367", "route_id": "Red", "dwell_time_sec": "114"}, {"arr_dt": "1463139680", "direction": "0", "dep_dt": "1463139793", "route_id": "Red", "dwell_time_sec": "113"}, {"arr_dt": "1463139879", "direction": "0", "dep_dt": "1463140000", "route_id": "Red", "dwell_time_sec": "121"}, {"arr_dt": "1463140092", "direction": "0", "dep_dt": "1463140169", "route_id": "Red", "dwell_time_sec": "77"}, {"arr_dt": "1463140267", "direction": "0", "dep_dt": "1463140356", "route_id": "Red", "dwell_time_sec": "89"}, {"arr_dt": "1463140456", "direction": "0", "dep_dt": "1463140540", "route_id": "Red", "dwell_time_sec": "84"}, {"arr_dt": "1463140629", "direction": "0", "dep_dt": "1463140707", "route_id": "Red", "dwell_time_sec": "78"}, {"arr_dt": "1463140820", "direction": "0", "dep_dt": "1463140893", "route_id": "Red", "dwell_time_sec": "73"}, {"arr_dt": "1463141011", "direction": "0", "dep_dt": "1463141105", "route_id": "Red", "dwell_time_sec": "94"}, {"arr_dt": "1463141201", "direction": "0", "dep_dt": "1463141283", "route_id": "Red", "dwell_time_sec": "82"}, {"arr_dt": "1463141405", "direction": "0", "dep_dt": "1463141484", "route_id": "Red", "dwell_time_sec": "79"}, {"arr_dt": "1463141594", "direction": "0", "dep_dt": "1463141687", "route_id": "Red", "dwell_time_sec": "93"}, {"arr_dt": "1463141923", "direction": "0", "dep_dt": "1463142030", "route_id": "Red", "dwell_time_sec": "107"}, {"arr_dt": "1463142110", "direction": "0", "dep_dt": "1463142197", "route_id": "Red", "dwell_time_sec": "87"}, {"arr_dt": "1463142364", "direction": "0", "dep_dt": "1463142463", "route_id": "Red", "dwell_time_sec": "99"}, {"arr_dt": "1463142662", "direction": "0", "dep_dt": "1463142747", "route_id": "Red", "dwell_time_sec": "85"}, {"arr_dt": "1463142916", "direction": "0", "dep_dt": "1463143010", "route_id": "Red", "dwell_time_sec": "94"}, {"arr_dt": "1463143121", "direction": "0", "dep_dt": "1463143193", "route_id": "Red", "dwell_time_sec": "72"}, {"arr_dt": "1463143571", "direction": "0", "dep_dt": "1463143693", "route_id": "Red", "dwell_time_sec": "122"}, {"arr_dt": "1463143768", "direction": "0", "dep_dt": "1463143874", "route_id": "Red", "dwell_time_sec": "106"}, {"arr_dt": "1463144214", "direction": "0", "dep_dt": "1463144307", "route_id": "Red", "dwell_time_sec": "93"}, {"arr_dt": "1463144662", "direction": "0", "dep_dt": "1463144757", "route_id": "Red", "dwell_time_sec": "95"}, {"arr_dt": "1463144857", "direction": "0", "dep_dt": "1463144951", "route_id": "Red", "dwell_time_sec": "94"}, {"arr_dt": "1463145038", "direction": "0", "dep_dt": "1463145130", "route_id": "Red", "dwell_time_sec": "92"}, {"arr_dt": "1463145278", "direction": "0", "dep_dt": "1463145367", "route_id": "Red", "dwell_time_sec": "89"}, {"arr_dt": "1463145510", "direction": "0", "dep_dt": "1463145616", "route_id": "Red", "dwell_time_sec": "106"}, {"arr_dt": "1463145693", "direction": "0", "dep_dt": "1463145832", "route_id": "Red", "dwell_time_sec": "139"}, {"arr_dt": "1463145996", "direction": "0", "dep_dt": "1463146093", "route_id": "Red", "dwell_time_sec": "97"}, {"arr_dt": "1463146326", "direction": "0", "dep_dt": "1463146426", "route_id": "Red", "dwell_time_sec": "100"}, {"arr_dt": "1463146656", "direction": "0", "dep_dt": "1463146754", "route_id": "Red", "dwell_time_sec": "98"}, {"arr_dt": "1463147128", "direction": "0", "dep_dt": "1463147238", "route_id": "Red", "dwell_time_sec": "110"}, {"arr_dt": "1463147677", "direction": "0", "dep_dt": "1463147770", "route_id": "Red", "dwell_time_sec": "93"}, {"arr_dt": "1463147933", "direction": "0", "dep_dt": "1463148051", "route_id": "Red", "dwell_time_sec": "118"}, {"arr_dt": "1463148138", "direction": "0", "dep_dt": "1463148264", "route_id": "Red", "dwell_time_sec": "126"}, {"arr_dt": "1463148543", "direction": "0", "dep_dt": "1463148613", "route_id": "Red", "dwell_time_sec": "70"}, {"arr_dt": "1463148728", "direction": "0", "dep_dt": "1463148812", "route_id": "Red", "dwell_time_sec": "84"}, {"arr_dt": "1463148914", "direction": "0", "dep_dt": "1463149021", "route_id": "Red", "dwell_time_sec": "107"}, {"arr_dt": "1463149111", "direction": "0", "dep_dt": "1463149194", "route_id": "Red", "dwell_time_sec": "83"}, {"arr_dt": "1463149302", "direction": "0", "dep_dt": "1463149490", "route_id": "Red", "dwell_time_sec": "188"}, {"arr_dt": "1463149491", "direction": "0", "dep_dt": "1463149585", "route_id": "Red", "dwell_time_sec": "94"}, {"arr_dt": "1463149702", "direction": "0", "dep_dt": "1463149783", "route_id": "Red", "dwell_time_sec": "81"}, {"arr_dt": "1463149874", "direction": "0", "dep_dt": "1463149958", "route_id": "Red", "dwell_time_sec": "84"}, {"arr_dt": "1463150053", "direction": "0", "dep_dt": "1463150152", "route_id": "Red", "dwell_time_sec": "99"}, {"arr_dt": "1463150250", "direction": "0", "dep_dt": "1463150349", "route_id": "Red", "dwell_time_sec": "99"}, {"arr_dt": "1463150419", "direction": "0", "dep_dt": "1463150512", "route_id": "Red", "dwell_time_sec": "93"}, {"arr_dt": "1463150588", "direction": "0", "dep_dt": "1463150660", "route_id": "Red", "dwell_time_sec": "72"}, {"arr_dt": "1463150786", "direction": "0", "dep_dt": "1463150850", "route_id": "Red", "dwell_time_sec": "64"}, {"arr_dt": "1463150962", "direction": "0", "dep_dt": "1463151023", "route_id": "Red", "dwell_time_sec": "61"}, {"arr_dt": "1463151409", "direction": "0", "dep_dt": "1463151516", "route_id": "Red", "dwell_time_sec": "107"}, {"arr_dt": "1463151671", "direction": "0", "dep_dt": "1463151768", "route_id": "Red", "dwell_time_sec": "97"}, {"arr_dt": "1463151860", "direction": "0", "dep_dt": "1463151972", "route_id": "Red", "dwell_time_sec": "112"}, {"arr_dt": "1463152242", "direction": "0", "dep_dt": "1463152336", "route_id": "Red", "dwell_time_sec": "94"}, {"arr_dt": "1463152970", "direction": "0", "dep_dt": "1463153057", "route_id": "Red", "dwell_time_sec": "87"}, {"arr_dt": "1463153447", "direction": "0", "dep_dt": "1463153532", "route_id": "Red", "dwell_time_sec": "85"}, {"arr_dt": "1463153722", "direction": "0", "dep_dt": "1463153794", "route_id": "Red", "dwell_time_sec": "72"}, {"arr_dt": "1463154082", "direction": "0", "dep_dt": "1463154148", "route_id": "Red", "dwell_time_sec": "66"}, {"arr_dt": "1463154685", "direction": "0", "dep_dt": "1463154770", "route_id": "Red", "dwell_time_sec": "85"}, {"arr_dt": "1463155135", "direction": "0", "dep_dt": "1463155211", "route_id": "Red", "dwell_time_sec": "76"}, {"arr_dt": "1463155373", "direction": "0", "dep_dt": "1463155467", "route_id": "Red", "dwell_time_sec": "94"}, {"arr_dt": "1463155913", "direction": "0", "dep_dt": "1463156001", "route_id": "Red", "dwell_time_sec": "88"}, {"arr_dt": "1463156311", "direction": "0", "dep_dt": "1463156393", "route_id": "Red", "dwell_time_sec": "82"}, {"arr_dt": "1463156848", "direction": "0", "dep_dt": "1463156948", "route_id": "Red", "dwell_time_sec": "100"}, {"arr_dt": "1463157089", "direction": "0", "dep_dt": "1463157157", "route_id": "Red", "dwell_time_sec": "68"}, {"arr_dt": "1463157326", "direction": "0", "dep_dt": "1463157403", "route_id": "Red", "dwell_time_sec": "77"}, {"arr_dt": "1463157813", "direction": "0", "dep_dt": "1463157892", "route_id": "Red", "dwell_time_sec": "79"}, {"arr_dt": "1463158748", "direction": "0", "dep_dt": "1463158827", "route_id": "Red", "dwell_time_sec": "79"}, {"arr_dt": "1463159231", "direction": "0", "dep_dt": "1463159324", "route_id": "Red", "dwell_time_sec": "93"}, {"arr_dt": "1463159664", "direction": "0", "dep_dt": "1463159755", "route_id": "Red", "dwell_time_sec": "91"}, {"arr_dt": "1463159900", "direction": "0", "dep_dt": "1463159967", "route_id": "Red", "dwell_time_sec": "67"}, {"arr_dt": "1463160462", "direction": "0", "dep_dt": "1463160622", "route_id": "Red", "dwell_time_sec": "160"}, {"arr_dt": "1463160764", "direction": "0", "dep_dt": "1463160834", "route_id": "Red", "dwell_time_sec": "70"}, {"arr_dt": "1463161135", "direction": "0", "dep_dt": "1463161224", "route_id": "Red", "dwell_time_sec": "89"}, {"arr_dt": "1463161462", "direction": "0", "dep_dt": "1463161556", "route_id": "Red", "dwell_time_sec": "94"}, {"arr_dt": "1463162474", "direction": "0", "dep_dt": "1463162554", "route_id": "Red", "dwell_time_sec": "80"}, {"arr_dt": "1463162944", "direction": "0", "dep_dt": "1463163034", "route_id": "Red", "dwell_time_sec": "90"}, {"arr_dt": "1463163119", "direction": "0", "dep_dt": "1463163192", "route_id": "Red", "dwell_time_sec": "73"}, {"arr_dt": "1463163696", "direction": "0", "dep_dt": "1463163783", "route_id": "Red", "dwell_time_sec": "87"}, {"arr_dt": "1463163934", "direction": "0", "dep_dt": "1463163998", "route_id": "Red", "dwell_time_sec": "64"}, {"arr_dt": "1463164449", "direction": "0", "dep_dt": "1463164525", "route_id": "Red", "dwell_time_sec": "76"}, {"arr_dt": "1463164895", "direction": "0", "dep_dt": "1463165183", "route_id": "Red", "dwell_time_sec": "288"}, {"arr_dt": "1463165571", "direction": "0", "dep_dt": "1463165652", "route_id": "Red", "dwell_time_sec": "81"}, {"arr_dt": "1463165768", "direction": "0", "dep_dt": "1463165839", "route_id": "Red", "dwell_time_sec": "71"}, {"arr_dt": "1463166436", "direction": "0", "dep_dt": "1463166531", "route_id": "Red", "dwell_time_sec": "95"}, {"arr_dt": "1463166636", "direction": "0", "dep_dt": "1463166723", "route_id": "Red", "dwell_time_sec": "87"}, {"arr_dt": "1463167108", "direction": "0", "dep_dt": "1463167217", "route_id": "Red", "dwell_time_sec": "109"}, {"arr_dt": "1463167937", "direction": "0", "dep_dt": "1463168009", "route_id": "Red", "dwell_time_sec": "72"}, {"arr_dt": "1463168131", "direction": "0", "dep_dt": "1463168226", "route_id": "Red", "dwell_time_sec": "95"}, {"arr_dt": "1463168568", "direction": "0", "dep_dt": "1463168674", "route_id": "Red", "dwell_time_sec": "106"}, {"arr_dt": "1463168996", "direction": "0", "dep_dt": "1463169096", "route_id": "Red", "dwell_time_sec": "100"}, {"arr_dt": "1463169370", "direction": "0", "dep_dt": "1463169457", "route_id": "Red", "dwell_time_sec": "87"}, {"arr_dt": "1463169735", "direction": "0", "dep_dt": "1463169849", "route_id": "Red", "dwell_time_sec": "114"}, {"arr_dt": "1463169933", "direction": "0", "dep_dt": "1463170021", "route_id": "Red", "dwell_time_sec": "88"}, {"arr_dt": "1463170772", "direction": "0", "dep_dt": "1463170857", "route_id": "Red", "dwell_time_sec": "85"}, {"arr_dt": "1463171186", "direction": "0", "dep_dt": "1463171271", "route_id": "Red", "dwell_time_sec": "85"}, {"arr_dt": "1463171511", "direction": "0", "dep_dt": "1463171623", "route_id": "Red", "dwell_time_sec": "112"}, {"arr_dt": "1463171794", "direction": "0", "dep_dt": "1463171874", "route_id": "Red", "dwell_time_sec": "80"}, {"arr_dt": "1463172082", "direction": "0", "dep_dt": "1463172164", "route_id": "Red", "dwell_time_sec": "82"}, {"arr_dt": "1463172308", "direction": "0", "dep_dt": "1463172398", "route_id": "Red", "dwell_time_sec": "90"}, {"arr_dt": "1463172644", "direction": "0", "dep_dt": "1463172725", "route_id": "Red", "dwell_time_sec": "81"}, {"arr_dt": "1463173054", "direction": "0", "dep_dt": "1463173188", "route_id": "Red", "dwell_time_sec": "134"}, {"arr_dt": "1463173261", "direction": "0", "dep_dt": "1463173345", "route_id": "Red", "dwell_time_sec": "84"}, {"arr_dt": "1463173520", "direction": "0", "dep_dt": "1463173650", "route_id": "Red", "dwell_time_sec": "130"}, {"arr_dt": "1463173726", "direction": "0", "dep_dt": "1463173834", "route_id": "Red", "dwell_time_sec": "108"}, {"arr_dt": "1463174007", "direction": "0", "dep_dt": "1463174104", "route_id": "Red", "dwell_time_sec": "97"}, {"arr_dt": "1463174271", "direction": "0", "dep_dt": "1463174378", "route_id": "Red", "dwell_time_sec": "107"}, {"arr_dt": "1463174468", "direction": "0", "dep_dt": "1463174569", "route_id": "Red", "dwell_time_sec": "101"}, {"arr_dt": "1463174691", "direction": "0", "dep_dt": "1463174797", "route_id": "Red", "dwell_time_sec": "106"}, {"arr_dt": "1463174920", "direction": "0", "dep_dt": "1463175012", "route_id": "Red", "dwell_time_sec": "92"}, {"arr_dt": "1463175095", "direction": "0", "dep_dt": "1463175181", "route_id": "Red", "dwell_time_sec": "86"}, {"arr_dt": "1463175306", "direction": "0", "dep_dt": "1463175393", "route_id": "Red", "dwell_time_sec": "87"}, {"arr_dt": "1463175481", "direction": "0", "dep_dt": "1463175605", "route_id": "Red", "dwell_time_sec": "124"}, {"arr_dt": "1463175692", "direction": "0", "dep_dt": "1463175805", "route_id": "Red", "dwell_time_sec": "113"}, {"arr_dt": "1463175890", "direction": "0", "dep_dt": "1463175989", "route_id": "Red", "dwell_time_sec": "99"}, {"arr_dt": "1463176088", "direction": "0", "dep_dt": "1463176218", "route_id": "Red", "dwell_time_sec": "130"}, {"arr_dt": "1463176340", "direction": "0", "dep_dt": "1463176431", "route_id": "Red", "dwell_time_sec": "91"}, {"arr_dt": "1463176971", "direction": "0", "dep_dt": "1463177470", "route_id": "Red", "dwell_time_sec": "499"}, {"arr_dt": "1463177635", "direction": "0", "dep_dt": "1463177749", "route_id": "Red", "dwell_time_sec": "114"}, {"arr_dt": "1463177836", "direction": "0", "dep_dt": "1463177951", "route_id": "Red", "dwell_time_sec": "115"}, {"arr_dt": "1463178034", "direction": "0", "dep_dt": "1463178130", "route_id": "Red", "dwell_time_sec": "96"}, {"arr_dt": "1463178222", "direction": "0", "dep_dt": "1463178328", "route_id": "Red", "dwell_time_sec": "106"}, {"arr_dt": "1463178443", "direction": "0", "dep_dt": "1463178523", "route_id": "Red", "dwell_time_sec": "80"}, {"arr_dt": "1463178643", "direction": "0", "dep_dt": "1463178723", "route_id": "Red", "dwell_time_sec": "80"}, {"arr_dt": "1463179009", "direction": "0", "dep_dt": "1463179102", "route_id": "Red", "dwell_time_sec": "93"}, {"arr_dt": "1463179198", "direction": "0", "dep_dt": "1463179276", "route_id": "Red", "dwell_time_sec": "78"}, {"arr_dt": "1463179421", "direction": "0", "dep_dt": "1463179512", "route_id": "Red", "dwell_time_sec": "91"}, {"arr_dt": "1463179598", "direction": "0", "dep_dt": "1463179673", "route_id": "Red", "dwell_time_sec": "75"}, {"arr_dt": "1463179965", "direction": "0", "dep_dt": "1463180063", "route_id": "Red", "dwell_time_sec": "98"}, {"arr_dt": "1463180412", "direction": "0", "dep_dt": "1463180514", "route_id": "Red", "dwell_time_sec": "102"}, {"arr_dt": "1463180693", "direction": "0", "dep_dt": "1463180751", "route_id": "Red", "dwell_time_sec": "58"}, {"arr_dt": "1463180856", "direction": "0", "dep_dt": "1463180930", "route_id": "Red", "dwell_time_sec": "74"}, {"arr_dt": "1463181714", "direction": "0", "dep_dt": "1463181823", "route_id": "Red", "dwell_time_sec": "109"}, {"arr_dt": "1463181986", "direction": "0", "dep_dt": "1463182057", "route_id": "Red", "dwell_time_sec": "71"}, {"arr_dt": "1463182372", "direction": "0", "dep_dt": "1463182492", "route_id": "Red", "dwell_time_sec": "120"}, {"arr_dt": "1463182579", "direction": "0", "dep_dt": "1463182687", "route_id": "Red", "dwell_time_sec": "108"}, {"arr_dt": "1463182848", "direction": "0", "dep_dt": "1463182925", "route_id": "Red", "dwell_time_sec": "77"}, {"arr_dt": "1463183035", "direction": "0", "dep_dt": "1463183122", "route_id": "Red", "dwell_time_sec": "87"}, {"arr_dt": "1463183306", "direction": "0", "dep_dt": "1463183385", "route_id": "Red", "dwell_time_sec": "79"}, {"arr_dt": "1463183524", "direction": "0", "dep_dt": "1463183595", "route_id": "Red", "dwell_time_sec": "71"}, {"arr_dt": "1463183885", "direction": "0", "dep_dt": "1463183974", "route_id": "Red", "dwell_time_sec": "89"}, {"arr_dt": "1463184173", "direction": "0", "dep_dt": "1463184252", "route_id": "Red", "dwell_time_sec": "79"}, {"arr_dt": "1463184373", "direction": "0", "dep_dt": "1463184439", "route_id": "Red", "dwell_time_sec": "66"}, {"arr_dt": "1463184548", "direction": "0", "dep_dt": "1463184616", "route_id": "Red", "dwell_time_sec": "68"}, {"arr_dt": "1463184830", "direction": "0", "dep_dt": "1463184898", "route_id": "Red", "dwell_time_sec": "68"}, {"arr_dt": "1463185207", "direction": "0", "dep_dt": "1463185284", "route_id": "Red", "dwell_time_sec": "77"}, {"arr_dt": "1463185450", "direction": "0", "dep_dt": "1463185526", "route_id": "Red", "dwell_time_sec": "76"}, {"arr_dt": "1463185645", "direction": "0", "dep_dt": "1463185726", "route_id": "Red", "dwell_time_sec": "81"}, {"arr_dt": "1463185969", "direction": "0", "dep_dt": "1463186038", "route_id": "Red", "dwell_time_sec": "69"}, {"arr_dt": "1463186143", "direction": "0", "dep_dt": "1463186200", "route_id": "Red", "dwell_time_sec": "57"}, {"arr_dt": "1463186447", "direction": "0", "dep_dt": "1463186512", "route_id": "Red", "dwell_time_sec": "65"}, {"arr_dt": "1463186778", "direction": "0", "dep_dt": "1463186842", "route_id": "Red", "dwell_time_sec": "64"}, {"arr_dt": "1463187084", "direction": "0", "dep_dt": "1463187160", "route_id": "Red", "dwell_time_sec": "76"}, {"arr_dt": "1463187672", "direction": "0", "dep_dt": "1463187746", "route_id": "Red", "dwell_time_sec": "74"}, {"arr_dt": "1463187908", "direction": "0", "dep_dt": "1463187993", "route_id": "Red", "dwell_time_sec": "85"}, {"arr_dt": "1463188252", "direction": "0", "dep_dt": "1463188322", "route_id": "Red", "dwell_time_sec": "70"}, {"arr_dt": "1463188640", "direction": "0", "dep_dt": "1463188715", "route_id": "Red", "dwell_time_sec": "75"}, {"arr_dt": "1463188905", "direction": "0", "dep_dt": "1463188966", "route_id": "Red", "dwell_time_sec": "61"}, {"arr_dt": "1463189257", "direction": "0", "dep_dt": "1463189332", "route_id": "Red", "dwell_time_sec": "75"}, {"arr_dt": "1463189558", "direction": "0", "dep_dt": "1463189625", "route_id": "Red", "dwell_time_sec": "67"}, {"arr_dt": "1463190001", "direction": "0", "dep_dt": "1463190095", "route_id": "Red", "dwell_time_sec": "94"}, {"arr_dt": "1463190385", "direction": "0", "dep_dt": "1463190500", "route_id": "Red", "dwell_time_sec": "115"}, {"arr_dt": "1463190682", "direction": "0", "dep_dt": "1463190751", "route_id": "Red", "dwell_time_sec": "69"}, {"arr_dt": "1463190998", "direction": "0", "dep_dt": "1463191092", "route_id": "Red", "dwell_time_sec": "94"}, {"arr_dt": "1463191362", "direction": "0", "dep_dt": "1463191440", "route_id": "Red", "dwell_time_sec": "78"}, {"arr_dt": "1463191695", "direction": "0", "dep_dt": "1463191772", "route_id": "Red", "dwell_time_sec": "77"}, {"arr_dt": "1463191994", "direction": "0", "dep_dt": "1463192067", "route_id": "Red", "dwell_time_sec": "73"}, {"arr_dt": "1463192355", "direction": "0", "dep_dt": "1463192434", "route_id": "Red", "dwell_time_sec": "79"}, {"arr_dt": "1463192683", "direction": "0", "dep_dt": "1463192753", "route_id": "Red", "dwell_time_sec": "70"}, {"arr_dt": "1463193088", "direction": "0", "dep_dt": "1463193163", "route_id": "Red", "dwell_time_sec": "75"}, {"arr_dt": "1463193380", "direction": "0", "dep_dt": "1463193448", "route_id": "Red", "dwell_time_sec": "68"}, {"arr_dt": "1463193954", "direction": "0", "dep_dt": "1463194064", "route_id": "Red", "dwell_time_sec": "110"}, {"arr_dt": "1463194154", "direction": "0", "dep_dt": "1463194236", "route_id": "Red", "dwell_time_sec": "82"}, {"arr_dt": "1463194590", "direction": "0", "dep_dt": "1463194660", "route_id": "Red", "dwell_time_sec": "70"}, {"arr_dt": "1463194842", "direction": "0", "dep_dt": "1463194901", "route_id": "Red", "dwell_time_sec": "59"}, {"arr_dt": "1463195351", "direction": "0", "dep_dt": "1463195439", "route_id": "Red", "dwell_time_sec": "88"}, {"arr_dt": "1463195978", "direction": "0", "dep_dt": "1463196127", "route_id": "Red", "dwell_time_sec": "149"}, {"arr_dt": "1463196240", "direction": "0", "dep_dt": "1463196311", "route_id": "Red", "dwell_time_sec": "71"}, {"arr_dt": "1463196421", "direction": "0", "dep_dt": "1463196486", "route_id": "Red", "dwell_time_sec": "65"}, {"arr_dt": "1463196786", "direction": "0", "dep_dt": "1463196852", "route_id": "Red", "dwell_time_sec": "66"}, {"arr_dt": "1463197216", "direction": "0", "dep_dt": "1463197302", "route_id": "Red", "dwell_time_sec": "86"}, {"arr_dt": "1463197545", "direction": "0", "dep_dt": "1463197628", "route_id": "Red", "dwell_time_sec": "83"}, {"arr_dt": "1463197843", "direction": "0", "dep_dt": "1463197922", "route_id": "Red", "dwell_time_sec": "79"}, {"arr_dt": "1463198227", "direction": "0", "dep_dt": "1463198304", "route_id": "Red", "dwell_time_sec": "77"}]}