{"dwell_times": [{"arr_dt": "1468209768", "direction": "0", "dep_dt": "1468209955", "route_id": "Red", "dwell_time_sec": "187"}, {"arr_dt": "1468210372", "direction": "0", "dep_dt": "1468210510", "route_id": "Red", "dwell_time_sec": "138"}, {"arr_dt": "1468211056", "direction": "0", "dep_dt": "1468211185", "route_id": "Red", "dwell_time_sec": "129"}, {"arr_dt": "1468211374", "direction": "0", "dep_dt": "1468211575", "route_id": "Red", "dwell_time_sec": "201"}, {"arr_dt": "1468212101", "direction": "0", "dep_dt": "1468212165", "route_id": "Red", "dwell_time_sec": "64"}, {"arr_dt": "1468229816", "direction": "0", "dep_dt": "1468229886", "route_id": "Red", "dwell_time_sec": "70"}, {"arr_dt": "1468230273", "direction": "0", "dep_dt": "1468230355", "route_id": "Red", "dwell_time_sec": "82"}, {"arr_dt": "1468230552", "direction": "0", "dep_dt": "1468230620", "route_id": "Red", "dwell_time_sec": "68"}, {"arr_dt": "1468231089", "direction": "0", "dep_dt": "1468231162", "route_id": "Red", "dwell_time_sec": "73"}, {"arr_dt": "1468231449", "direction": "0", "dep_dt": "1468231522", "route_id": "Red", "dwell_time_sec": "73"}, {"arr_dt": "1468232026", "direction": "0", "dep_dt": "1468232088", "route_id": "Red", "dwell_time_sec": "62"}, {"arr_dt": "1468232667", "direction": "0", "dep_dt": "1468232727", "route_id": "Red", "dwell_time_sec": "60"}, {"arr_dt": "1468233238", "direction": "0", "dep_dt": "1468233318", "route_id": "Red", "dwell_time_sec": "80"}, {"arr_dt": "1468233442", "direction": "0", "dep_dt": "1468233508", "route_id": "Red", "dwell_time_sec": "66"}, {"arr_dt": "1468233637", "direction": "0", "dep_dt": "1468233710", "route_id": "Red", "dwell_time_sec": "73"}, {"arr_dt": "1468233902", "direction": "0", "dep_dt": "1468233969", "route_id": "Red", "dwell_time_sec": "67"}, {"arr_dt": "1468234101", "direction": "0", "dep_dt": "1468234162", "route_id": "Red", "dwell_time_sec": "61"}, {"arr_dt": "1468235063", "direction": "0", "dep_dt": "1468235183", "route_id": "Red", "dwell_time_sec": "120"}, {"arr_dt": "1468235305", "direction": "0", "dep_dt": "1468235377", "route_id": "Red", "dwell_time_sec": "72"}, {"arr_dt": "1468235507", "direction": "0", "dep_dt": "1468235573", "route_id": "Red", "dwell_time_sec": "66"}, {"arr_dt": "1468235798", "direction": "0", "dep_dt": "1468235865", "route_id": "Red", "dwell_time_sec": "67"}, {"arr_dt": "1468235997", "direction": "0", "dep_dt": "1468236104", "route_id": "Red", "dwell_time_sec": "107"}, {"arr_dt": "1468236221", "direction": "0", "dep_dt": "1468236294", "route_id": "Red", "dwell_time_sec": "73"}, {"arr_dt": "1468236424", "direction": "0", "dep_dt": "1468236493", "route_id": "Red", "dwell_time_sec": "69"}, {"arr_dt": "1468236880", "direction": "0", "dep_dt": "1468236972", "route_id": "Red", "dwell_time_sec": "92"}, {"arr_dt": "1468237109", "direction": "0", "dep_dt": "1468237203", "route_id": "Red", "dwell_time_sec": "94"}, {"arr_dt": "1468237319", "direction": "0", "dep_dt": "1468237408", "route_id": "Red", "dwell_time_sec": "89"}, {"arr_dt": "1468237526", "direction": "0", "dep_dt": "1468237596", "route_id": "Red", "dwell_time_sec": "70"}, {"arr_dt": "1468237728", "direction": "0", "dep_dt": "1468237798", "route_id": "Red", "dwell_time_sec": "70"}, {"arr_dt": "1468237917", "direction": "0", "dep_dt": "1468237992", "route_id": "Red", "dwell_time_sec": "75"}, {"arr_dt": "1468238323", "direction": "0", "dep_dt": "1468238431", "route_id": "Red", "dwell_time_sec": "108"}, {"arr_dt": "1468238577", "direction": "0", "dep_dt": "1468238654", "route_id": "Red", "dwell_time_sec": "77"}, {"arr_dt": "1468238813", "direction": "0", "dep_dt": "1468238884", "route_id": "Red", "dwell_time_sec": "71"}, {"arr_dt": "1468239048", "direction": "0", "dep_dt": "1468239143", "route_id": "Red", "dwell_time_sec": "95"}, {"arr_dt": "1468239266", "direction": "0", "dep_dt": "1468239351", "route_id": "Red", "dwell_time_sec": "85"}, {"arr_dt": "1468239492", "direction": "0", "dep_dt": "1468239571", "route_id": "Red", "dwell_time_sec": "79"}, {"arr_dt": "1468239708", "direction": "0", "dep_dt": "1468239868", "route_id": "Red", "dwell_time_sec": "160"}, {"arr_dt": "1468240180", "direction": "0", "dep_dt": "1468240281", "route_id": "Red", "dwell_time_sec": "101"}, {"arr_dt": "1468240484", "direction": "0", "dep_dt": "1468240599", "route_id": "Red", "dwell_time_sec": "115"}, {"arr_dt": "1468240731", "direction": "0", "dep_dt": "1468240825", "route_id": "Red", "dwell_time_sec": "94"}, {"arr_dt": "1468240947", "direction": "0", "dep_dt": "1468241116", "route_id": "Red", "dwell_time_sec": "169"}, {"arr_dt": "1468241218", "direction": "0", "dep_dt": "1468241326", "route_id": "Red", "dwell_time_sec": "108"}, {"arr_dt": "1468241432", "direction": "0", "dep_dt": "1468241531", "route_id": "Red", "dwell_time_sec": "99"}, {"arr_dt": "1468241650", "direction": "0", "dep_dt": "1468241756", "route_id": "Red", "dwell_time_sec": "106"}, {"arr_dt": "1468241911", "direction": "0", "dep_dt": "1468242002", "route_id": "Red", "dwell_time_sec": "91"}, {"arr_dt": "1468242159", "direction": "0", "dep_dt": "1468242278", "route_id": "Red", "dwell_time_sec": "119"}, {"arr_dt": "1468242383", "direction": "0", "dep_dt": "1468242516", "route_id": "Red", "dwell_time_sec": "133"}, {"arr_dt": "1468242599", "direction": "0", "dep_dt": "1468242680", "route_id": "Red", "dwell_time_sec": "81"}, {"arr_dt": "1468242810", "direction": "0", "dep_dt": "1468242909", "route_id": "Red", "dwell_time_sec": "99"}, {"arr_dt": "1468243030", "direction": "0", "dep_dt": "1468243144", "route_id": "Red", "dwell_time_sec": "114"}, {"arr_dt": "1468243257", "direction": "0", "dep_dt": "1468243350", "route_id": "Red", "dwell_time_sec": "93"}, {"arr_dt": "1468243458", "direction": "0", "dep_dt": "1468243586", "route_id": "Red", "dwell_time_sec": "128"}, {"arr_dt": "1468243751", "direction": "0", "dep_dt": "1468243831", "route_id": "Red", "dwell_time_sec": "80"}, {"arr_dt": "1468243948", "direction": "0", "dep_dt": "1468244014", "route_id": "Red", "dwell_time_sec": "66"}, {"arr_dt": "1468244291", "direction": "0", "dep_dt": "1468244409", "route_id": "Red", "dwell_time_sec": "118"}, {"arr_dt": "1468244521", "direction": "0", "dep_dt": "1468244608", "route_id": "Red", "dwell_time_sec": "87"}, {"arr_dt": "1468244750", "direction": "0", "dep_dt": "1468244817", "route_id": "Red", "dwell_time_sec": "67"}, {"arr_dt": "1468244974", "direction": "0", "dep_dt": "1468245034", "route_id": "Red", "dwell_time_sec": "60"}, {"arr_dt": "1468245219", "direction": "0", "dep_dt": "1468245288", "route_id": "Red", "dwell_time_sec": "69"}, {"arr_dt": "1468245419", "direction": "0", "dep_dt": "1468245491", "route_id": "Red", "dwell_time_sec": "72"}, {"arr_dt": "1468245627", "direction": "0", "dep_dt": "1468245706", "route_id": "Red", "dwell_time_sec": "79"}, {"arr_dt": "1468245836", "direction": "0", "dep_dt": "1468246174", "route_id": "Red", "dwell_time_sec": "338"}, {"arr_dt": "1468246594", "direction": "0", "dep_dt": "1468246717", "route_id": "Red", "dwell_time_sec": "123"}, {"arr_dt": "1468246831", "direction": "0", "dep_dt": "1468246899", "route_id": "Red", "dwell_time_sec": "68"}, {"arr_dt": "1468247042", "direction": "0", "dep_dt": "1468247113", "route_id": "Red", "dwell_time_sec": "71"}, {"arr_dt": "1468247230", "direction": "0", "dep_dt": "1468247302", "route_id": "Red", "dwell_time_sec": "72"}, {"arr_dt": "1468247449", "direction": "0", "dep_dt": "1468247535", "route_id": "Red", "dwell_time_sec": "86"}, {"arr_dt": "1468248010", "direction": "0", "dep_dt": "1468248095", "route_id": "Red", "dwell_time_sec": "85"}, {"arr_dt": "1468248273", "direction": "0", "dep_dt": "1468248357", "route_id": "Red", "dwell_time_sec": "84"}, {"arr_dt": "1468248484", "direction": "0", "dep_dt": "1468248555", "route_id": "Red", "dwell_time_sec": "71"}, {"arr_dt": "1468248679", "direction": "0", "dep_dt": "1468248747", "route_id": "Red", "dwell_time_sec": "68"}, {"arr_dt": "1468249271", "direction": "0", "dep_dt": "1468249344", "route_id": "Red", "dwell_time_sec": "73"}, {"arr_dt": "1468249566", "direction": "0", "dep_dt": "1468249637", "route_id": "Red", "dwell_time_sec": "71"}, {"arr_dt": "1468249777", "direction": "0", "dep_dt": "1468249842", "route_id": "Red", "dwell_time_sec": "65"}, {"arr_dt": "1468249976", "direction": "0", "dep_dt": "1468250043", "route_id": "Red", "dwell_time_sec": "67"}, {"arr_dt": "1468250296", "direction": "0", "dep_dt": "1468250369", "route_id": "Red", "dwell_time_sec": "73"}, {"arr_dt": "1468250628", "direction": "0", "dep_dt": "1468250711", "route_id": "Red", "dwell_time_sec": "83"}, {"arr_dt": "1468250845", "direction": "0", "dep_dt": "1468250916", "route_id": "Red", "dwell_time_sec": "71"}, {"arr_dt": "1468251351", "direction": "0", "dep_dt": "1468251420", "route_id": "Red", "dwell_time_sec": "69"}, {"arr_dt": "1468254557", "direction": "0", "dep_dt": "1468254636", "route_id": "Red", "dwell_time_sec": "79"}, {"arr_dt": "1468255126", "direction": "0", "dep_dt": "1468255208", "route_id": "Red", "dwell_time_sec": "82"}, {"arr_dt": "1468255786", "direction": "0", "dep_dt": "1468255868", "route_id": "Red", "dwell_time_sec": "82"}, {"arr_dt": "1468256130", "direction": "0", "dep_dt": "1468256205", "route_id": "Red", "dwell_time_sec": "75"}, {"arr_dt": "1468256408", "direction": "0", "dep_dt": "1468256486", "route_id": "Red", "dwell_time_sec": "78"}, {"arr_dt": "1468256824", "direction": "0", "dep_dt": "1468256926", "route_id": "Red", "dwell_time_sec": "102"}, {"arr_dt": "1468257220", "direction": "0", "dep_dt": "1468257297", "route_id": "Red", "dwell_time_sec": "77"}, {"arr_dt": "1468257532", "direction": "0", "dep_dt": "1468257625", "route_id": "Red", "dwell_time_sec": "93"}, {"arr_dt": "1468257884", "direction": "0", "dep_dt": "1468257965", "route_id": "Red", "dwell_time_sec": "81"}, {"arr_dt": "1468258326", "direction": "0", "dep_dt": "1468258411", "route_id": "Red", "dwell_time_sec": "85"}, {"arr_dt": "1468258856", "direction": "0", "dep_dt": "1468258964", "route_id": "Red", "dwell_time_sec": "108"}, {"arr_dt": "1468259112", "direction": "0", "dep_dt": "1468259183", "route_id": "Red", "dwell_time_sec": "71"}, {"arr_dt": "1468259498", "direction": "0", "dep_dt": "1468259566", "route_id": "Red", "dwell_time_sec": "68"}, {"arr_dt": "1468260010", "direction": "0", "dep_dt": "1468260083", "route_id": "Red", "dwell_time_sec": "73"}, {"arr_dt": "1468260315", "direction": "0", "dep_dt": "1468260387", "route_id": "Red", "dwell_time_sec": "72"}, {"arr_dt": "1468261081", "direction": "0", "dep_dt": "1468261172", "route_id": "Red", "dwell_time_sec": "91"}, {"arr_dt": "1468261641", "direction": "0", "dep_dt": "1468261724", "route_id": "Red", "dwell_time_sec": "83"}, {"arr_dt": "1468262169", "direction": "0", "dep_dt": "1468262243", "route_id": "Red", "dwell_time_sec": "74"}, {"arr_dt": "1468262508", "direction": "0", "dep_dt": "1468262601", "route_id": "Red", "dwell_time_sec": "93"}, {"arr_dt": "1468262947", "direction": "0", "dep_dt": "1468263036", "route_id": "Red", "dwell_time_sec": "89"}, {"arr_dt": "1468263643", "direction": "0", "dep_dt": "1468263736", "route_id": "Red", "dwell_time_sec": "93"}, {"arr_dt": "1468263867", "direction": "0", "dep_dt": "1468263945", "route_id": "Red", "dwell_time_sec": "78"}, {"arr_dt": "1468264673", "direction": "0", "dep_dt": "1468264797", "route_id": "Red", "dwell_time_sec": "124"}, {"arr_dt": "1468264961", "direction": "0", "dep_dt": "1468265052", "route_id": "Red", "dwell_time_sec": "91"}, {"arr_dt": "1468265456", "direction": "0", "dep_dt": "1468265579", "route_id": "Red", "dwell_time_sec": "123"}, {"arr_dt": "1468265807", "direction": "0", "dep_dt": "1468265922", "route_id": "Red", "dwell_time_sec": "115"}, {"arr_dt": "1468266281", "direction": "0", "dep_dt": "1468266381", "route_id": "Red", "dwell_time_sec": "100"}, {"arr_dt": "1468266707", "direction": "0", "dep_dt": "1468266837", "route_id": "Red", "dwell_time_sec": "130"}, {"arr_dt": "1468267250", "direction": "0", "dep_dt": "1468267336", "route_id": "Red", "dwell_time_sec": "86"}, {"arr_dt": "1468267540", "direction": "0", "dep_dt": "1468267635", "route_id": "Red", "dwell_time_sec": "95"}, {"arr_dt": "1468268021", "direction": "0", "dep_dt": "1468268145", "route_id": "Red", "dwell_time_sec": "124"}, {"arr_dt": "1468268379", "direction": "0", "dep_dt": "1468268484", "route_id": "Red", "dwell_time_sec": "105"}, {"arr_dt": "1468268754", "direction": "0", "dep_dt": "1468268849", "route_id": "Red", "dwell_time_sec": "95"}, {"arr_dt": "1468269286", "direction": "0", "dep_dt": "1468269417", "route_id": "Red", "dwell_time_sec": "131"}, {"arr_dt": "1468269548", "direction": "0", "dep_dt": "1468269644", "route_id": "Red", "dwell_time_sec": "96"}, {"arr_dt": "1468269814", "direction": "0", "dep_dt": "1468270023", "route_id": "Red", "dwell_time_sec": "209"}, {"arr_dt": "1468270074", "direction": "0", "dep_dt": "1468270152", "route_id": "Red", "dwell_time_sec": "78"}, {"arr_dt": "1468270302", "direction": "0", "dep_dt": "1468270386", "route_id": "Red", "dwell_time_sec": "84"}, {"arr_dt": "1468270521", "direction": "0", "dep_dt": "1468270620", "route_id": "Red", "dwell_time_sec": "99"}, {"arr_dt": "1468270765", "direction": "0", "dep_dt": "1468270850", "route_id": "Red", "dwell_time_sec": "85"}, {"arr_dt": "1468271013", "direction": "0", "dep_dt": "1468271125", "route_id": "Red", "dwell_time_sec": "112"}, {"arr_dt": "1468271268", "direction": "0", "dep_dt": "1468271347", "route_id": "Red", "dwell_time_sec": "79"}, {"arr_dt": "1468271484", "direction": "0", "dep_dt": "1468271608", "route_id": "Red", "dwell_time_sec": "124"}, {"arr_dt": "1468271725", "direction": "0", "dep_dt": "1468271818", "route_id": "Red", "dwell_time_sec": "93"}, {"arr_dt": "1468272026", "direction": "0", "dep_dt": "1468272139", "route_id": "Red", "dwell_time_sec": "113"}, {"arr_dt": "1468272228", "direction": "0", "dep_dt": "1468272402", "route_id": "Red", "dwell_time_sec": "174"}, {"arr_dt": "1468272467", "direction": "0", "dep_dt": "1468272573", "route_id": "Red", "dwell_time_sec": "106"}, {"arr_dt": "1468272704", "direction": "0", "dep_dt": "1468272793", "route_id": "Red", "dwell_time_sec": "89"}, {"arr_dt": "1468272913", "direction": "0", "dep_dt": "1468273101", "route_id": "Red", "dwell_time_sec": "188"}, {"arr_dt": "1468273134", "direction": "0", "dep_dt": "1468273224", "route_id": "Red", "dwell_time_sec": "90"}, {"arr_dt": "1468273376", "direction": "0", "dep_dt": "1468273472", "route_id": "Red", "dwell_time_sec": "96"}, {"arr_dt": "1468273640", "direction": "0", "dep_dt": "1468273734", "route_id": "Red", "dwell_time_sec": "94"}, {"arr_dt": "1468273862", "direction": "0", "dep_dt": "1468273960", "route_id": "Red", "dwell_time_sec": "98"}, {"arr_dt": "1468274074", "direction": "0", "dep_dt": "1468274172", "route_id": "Red", "dwell_time_sec": "98"}, {"arr_dt": "1468274284", "direction": "0", "dep_dt": "1468274369", "route_id": "Red", "dwell_time_sec": "85"}, {"arr_dt": "1468274499", "direction": "0", "dep_dt": "1468274586", "route_id": "Red", "dwell_time_sec": "87"}, {"arr_dt": "1468274733", "direction": "0", "dep_dt": "1468274813", "route_id": "Red", "dwell_time_sec": "80"}, {"arr_dt": "1468274972", "direction": "0", "dep_dt": "1468275041", "route_id": "Red", "dwell_time_sec": "69"}, {"arr_dt": "1468275461", "direction": "0", "dep_dt": "1468275583", "route_id": "Red", "dwell_time_sec": "122"}, {"arr_dt": "1468275746", "direction": "0", "dep_dt": "1468275823", "route_id": "Red", "dwell_time_sec": "77"}, {"arr_dt": "1468276131", "direction": "0", "dep_dt": "1468276233", "route_id": "Red", "dwell_time_sec": "102"}, {"arr_dt": "1468276375", "direction": "0", "dep_dt": "1468276503", "route_id": "Red", "dwell_time_sec": "128"}, {"arr_dt": "1468276617", "direction": "0", "dep_dt": "1468276704", "route_id": "Red", "dwell_time_sec": "87"}, {"arr_dt": "1468276816", "direction": "0", "dep_dt": "1468276990", "route_id": "Red", "dwell_time_sec": "174"}, {"arr_dt": "1468277013", "direction": "0", "dep_dt": "1468277086", "route_id": "Red", "dwell_time_sec": "73"}, {"arr_dt": "1468277265", "direction": "0", "dep_dt": "1468277343", "route_id": "Red", "dwell_time_sec": "78"}, {"arr_dt": "1468277472", "direction": "0", "dep_dt": "1468277541", "route_id": "Red", "dwell_time_sec": "69"}, {"arr_dt": "1468277689", "direction": "0", "dep_dt": "1468277753", "route_id": "Red", "dwell_time_sec": "64"}, {"arr_dt": "1468277907", "direction": "0", "dep_dt": "1468277977", "route_id": "Red", "dwell_time_sec": "70"}, {"arr_dt": "1468278105", "direction": "0", "dep_dt": "1468278173", "route_id": "Red", "dwell_time_sec": "68"}, {"arr_dt": "1468278321", "direction": "0", "dep_dt": "1468278404", "route_id": "Red", "dwell_time_sec": "83"}, {"arr_dt": "1468278566", "direction": "0", "dep_dt": "1468278649", "route_id": "Red", "dwell_time_sec": "83"}, {"arr_dt": "1468279104", "direction": "0", "dep_dt": "1468279189", "route_id": "Red", "dwell_time_sec": "85"}, {"arr_dt": "1468279322", "direction": "0", "dep_dt": "1468279398", "route_id": "Red", "dwell_time_sec": "76"}, {"arr_dt": "1468279538", "direction": "0", "dep_dt": "1468279628", "route_id": "Red", "dwell_time_sec": "90"}, {"arr_dt": "1468279821", "direction": "0", "dep_dt": "1468279906", "route_id": "Red", "dwell_time_sec": "85"}, {"arr_dt": "1468280034", "direction": "0", "dep_dt": "1468280102", "route_id": "Red", "dwell_time_sec": "68"}, {"arr_dt": "1468280339", "direction": "0", "dep_dt": "1468280420", "route_id": "Red", "dwell_time_sec": "81"}, {"arr_dt": "1468280564", "direction": "0", "dep_dt": "1468280642", "route_id": "Red", "dwell_time_sec": "78"}, {"arr_dt": "1468280750", "direction": "0", "dep_dt": "1468280831", "route_id": "Red", "dwell_time_sec": "81"}, {"arr_dt": "1468281151", "direction": "0", "dep_dt": "1468281259", "route_id": "Red", "dwell_time_sec": "108"}, {"arr_dt": "1468281406", "direction": "0", "dep_dt": "1468281481", "route_id": "Red", "dwell_time_sec": "75"}, {"arr_dt": "1468281605", "direction": "0", "dep_dt": "1468281674", "route_id": "Red", "dwell_time_sec": "69"}, {"arr_dt": "1468281907", "direction": "0", "dep_dt": "1468281982", "route_id": "Red", "dwell_time_sec": "75"}, {"arr_dt": "1468282097", "direction": "0", "dep_dt": "1468282172", "route_id": "Red", "dwell_time_sec": "75"}, {"arr_dt": "1468282556", "direction": "0", "dep_dt": "1468282640", "route_id": "Red", "dwell_time_sec": "84"}, {"arr_dt": "1468282801", "direction": "0", "dep_dt": "1468282889", "route_id": "Red", "dwell_time_sec": "88"}]}