{"dwell_times": [{"arr_dt": "1459137649", "direction": "0", "dep_dt": "1459137715", "route_id": "Red", "dwell_time_sec": "66"}, {"arr_dt": "1459138173", "direction": "0", "dep_dt": "1459138236", "route_id": "Red", "dwell_time_sec": "63"}, {"arr_dt": "1459138518", "direction": "0", "dep_dt": "1459138583", "route_id": "Red", "dwell_time_sec": "65"}, {"arr_dt": "1459139483", "direction": "0", "dep_dt": "1459139552", "route_id": "Red", "dwell_time_sec": "69"}, {"arr_dt": "1459139655", "direction": "0", "dep_dt": "1459139718", "route_id": "Red", "dwell_time_sec": "63"}, {"arr_dt": "1459140651", "direction": "0", "dep_dt": "1459141982", "route_id": "Red", "dwell_time_sec": "1331"}, {"arr_dt": "1459157592", "direction": "0", "dep_dt": "1459157651", "route_id": "Red", "dwell_time_sec": "59"}, {"arr_dt": "1459158175", "direction": "0", "dep_dt": "1459158228", "route_id": "Red", "dwell_time_sec": "53"}, {"arr_dt": "1459158596", "direction": "0", "dep_dt": "1459158663", "route_id": "Red", "dwell_time_sec": "67"}, {"arr_dt": "1459158807", "direction": "0", "dep_dt": "1459158863", "route_id": "Red", "dwell_time_sec": "56"}, {"arr_dt": "1459159369", "direction": "0", "dep_dt": "1459159455", "route_id": "Red", "dwell_time_sec": "86"}, {"arr_dt": "1459159846", "direction": "0", "dep_dt": "1459159907", "route_id": "Red", "dwell_time_sec": "61"}, {"arr_dt": "1459160120", "direction": "0", "dep_dt": "1459160218", "route_id": "Red", "dwell_time_sec": "98"}, {"arr_dt": "1459160771", "direction": "0", "dep_dt": "1459160838", "route_id": "Red", "dwell_time_sec": "67"}, {"arr_dt": "1459161054", "direction": "0", "dep_dt": "1459161123", "route_id": "Red", "dwell_time_sec": "69"}, {"arr_dt": "1459161434", "direction": "0", "dep_dt": "1459161527", "route_id": "Red", "dwell_time_sec": "93"}, {"arr_dt": "1459161836", "direction": "0", "dep_dt": "1459161902", "route_id": "Red", "dwell_time_sec": "66"}, {"arr_dt": "1459162384", "direction": "0", "dep_dt": "1459162693", "route_id": "Red", "dwell_time_sec": "309"}, {"arr_dt": "1459163155", "direction": "0", "dep_dt": "1459163239", "route_id": "Red", "dwell_time_sec": "84"}, {"arr_dt": "1459163335", "direction": "0", "dep_dt": "1459163409", "route_id": "Red", "dwell_time_sec": "74"}, {"arr_dt": "1459163597", "direction": "0", "dep_dt": "1459163669", "route_id": "Red", "dwell_time_sec": "72"}, {"arr_dt": "1459163774", "direction": "0", "dep_dt": "1459163852", "route_id": "Red", "dwell_time_sec": "78"}, {"arr_dt": "1459163963", "direction": "0", "dep_dt": "1459164046", "route_id": "Red", "dwell_time_sec": "83"}, {"arr_dt": "1459164171", "direction": "0", "dep_dt": "1459164247", "route_id": "Red", "dwell_time_sec": "76"}, {"arr_dt": "1459164474", "direction": "0", "dep_dt": "1459164549", "route_id": "Red", "dwell_time_sec": "75"}, {"arr_dt": "1459164663", "direction": "0", "dep_dt": "1459164754", "route_id": "Red", "dwell_time_sec": "91"}, {"arr_dt": "1459164933", "direction": "0", "dep_dt": "1459165005", "route_id": "Red", "dwell_time_sec": "72"}, {"arr_dt": "1459165106", "direction": "0", "dep_dt": "1459165180", "route_id": "Red", "dwell_time_sec": "74"}, {"arr_dt": "1459165334", "direction": "0", "dep_dt": "1459165478", "route_id": "Red", "dwell_time_sec": "144"}, {"arr_dt": "1459166334", "direction": "0", "dep_dt": "1459166499", "route_id": "Red", "dwell_time_sec": "165"}, {"arr_dt": "1459166660", "direction": "0", "dep_dt": "1459166755", "route_id": "Red", "dwell_time_sec": "95"}, {"arr_dt": "1459166884", "direction": "0", "dep_dt": "1459166973", "route_id": "Red", "dwell_time_sec": "89"}, {"arr_dt": "1459167071", "direction": "0", "dep_dt": "1459167180", "route_id": "Red", "dwell_time_sec": "109"}, {"arr_dt": "1459167275", "direction": "0", "dep_dt": "1459167376", "route_id": "Red", "dwell_time_sec": "101"}, {"arr_dt": "1459167497", "direction": "0", "dep_dt": "1459167599", "route_id": "Red", "dwell_time_sec": "102"}, {"arr_dt": "1459167684", "direction": "0", "dep_dt": "1459167829", "route_id": "Red", "dwell_time_sec": "145"}, {"arr_dt": "1459167897", "direction": "0", "dep_dt": "1459167986", "route_id": "Red", "dwell_time_sec": "89"}, {"arr_dt": "1459168112", "direction": "0", "dep_dt": "1459168210", "route_id": "Red", "dwell_time_sec": "98"}, {"arr_dt": "1459168335", "direction": "0", "dep_dt": "1459168439", "route_id": "Red", "dwell_time_sec": "104"}, {"arr_dt": "1459168564", "direction": "0", "dep_dt": "1459168661", "route_id": "Red", "dwell_time_sec": "97"}, {"arr_dt": "1459168790", "direction": "0", "dep_dt": "1459168896", "route_id": "Red", "dwell_time_sec": "106"}, {"arr_dt": "1459169011", "direction": "0", "dep_dt": "1459169119", "route_id": "Red", "dwell_time_sec": "108"}, {"arr_dt": "1459169243", "direction": "0", "dep_dt": "1459169329", "route_id": "Red", "dwell_time_sec": "86"}, {"arr_dt": "1459169439", "direction": "0", "dep_dt": "1459169556", "route_id": "Red", "dwell_time_sec": "117"}, {"arr_dt": "1459169661", "direction": "0", "dep_dt": "1459169768", "route_id": "Red", "dwell_time_sec": "107"}, {"arr_dt": "1459169884", "direction": "0", "dep_dt": "1459170014", "route_id": "Red", "dwell_time_sec": "130"}, {"arr_dt": "1459170105", "direction": "0", "dep_dt": "1459170207", "route_id": "Red", "dwell_time_sec": "102"}, {"arr_dt": "1459170317", "direction": "0", "dep_dt": "1459170398", "route_id": "Red", "dwell_time_sec": "81"}, {"arr_dt": "1459170513", "direction": "0", "dep_dt": "1459170620", "route_id": "Red", "dwell_time_sec": "107"}, {"arr_dt": "1459170731", "direction": "0", "dep_dt": "1459170834", "route_id": "Red", "dwell_time_sec": "103"}, {"arr_dt": "1459171087", "direction": "0", "dep_dt": "1459171185", "route_id": "Red", "dwell_time_sec": "98"}, {"arr_dt": "1459171292", "direction": "0", "dep_dt": "1459171397", "route_id": "Red", "dwell_time_sec": "105"}, {"arr_dt": "1459171508", "direction": "0", "dep_dt": "1459171606", "route_id": "Red", "dwell_time_sec": "98"}, {"arr_dt": "1459171896", "direction": "0", "dep_dt": "1459171984", "route_id": "Red", "dwell_time_sec": "88"}, {"arr_dt": "1459172426", "direction": "0", "dep_dt": "1459172540", "route_id": "Red", "dwell_time_sec": "114"}, {"arr_dt": "1459173111", "direction": "0", "dep_dt": "1459173259", "route_id": "Red", "dwell_time_sec": "148"}, {"arr_dt": "1459173358", "direction": "0", "dep_dt": "1459173443", "route_id": "Red", "dwell_time_sec": "85"}, {"arr_dt": "1459173575", "direction": "0", "dep_dt": "1459173650", "route_id": "Red", "dwell_time_sec": "75"}, {"arr_dt": "1459173760", "direction": "0", "dep_dt": "1459173823", "route_id": "Red", "dwell_time_sec": "63"}, {"arr_dt": "1459173939", "direction": "0", "dep_dt": "1459173998", "route_id": "Red", "dwell_time_sec": "59"}, {"arr_dt": "1459174114", "direction": "0", "dep_dt": "1459174197", "route_id": "Red", "dwell_time_sec": "83"}, {"arr_dt": "1459174289", "direction": "0", "dep_dt": "1459174365", "route_id": "Red", "dwell_time_sec": "76"}, {"arr_dt": "1459174466", "direction": "0", "dep_dt": "1459174536", "route_id": "Red", "dwell_time_sec": "70"}, {"arr_dt": "1459174707", "direction": "0", "dep_dt": "1459174795", "route_id": "Red", "dwell_time_sec": "88"}, {"arr_dt": "1459175040", "direction": "0", "dep_dt": "1459175122", "route_id": "Red", "dwell_time_sec": "82"}, {"arr_dt": "1459175225", "direction": "0", "dep_dt": "1459175327", "route_id": "Red", "dwell_time_sec": "102"}, {"arr_dt": "1459175604", "direction": "0", "dep_dt": "1459175688", "route_id": "Red", "dwell_time_sec": "84"}, {"arr_dt": "1459175790", "direction": "0", "dep_dt": "1459175850", "route_id": "Red", "dwell_time_sec": "60"}, {"arr_dt": "1459175987", "direction": "0", "dep_dt": "1459176047", "route_id": "Red", "dwell_time_sec": "60"}, {"arr_dt": "1459176178", "direction": "0", "dep_dt": "1459176246", "route_id": "Red", "dwell_time_sec": "68"}, {"arr_dt": "1459176462", "direction": "0", "dep_dt": "1459176522", "route_id": "Red", "dwell_time_sec": "60"}, {"arr_dt": "1459176672", "direction": "0", "dep_dt": "1459176734", "route_id": "Red", "dwell_time_sec": "62"}, {"arr_dt": "1459177268", "direction": "0", "dep_dt": "1459177339", "route_id": "Red", "dwell_time_sec": "71"}, {"arr_dt": "1459177547", "direction": "0", "dep_dt": "1459177642", "route_id": "Red", "dwell_time_sec": "95"}, {"arr_dt": "1459178103", "direction": "0", "dep_dt": "1459178186", "route_id": "Red", "dwell_time_sec": "83"}, {"arr_dt": "1459178314", "direction": "0", "dep_dt": "1459178385", "route_id": "Red", "dwell_time_sec": "71"}, {"arr_dt": "1459178689", "direction": "0", "dep_dt": "1459178781", "route_id": "Red", "dwell_time_sec": "92"}, {"arr_dt": "1459178877", "direction": "0", "dep_dt": "1459178947", "route_id": "Red", "dwell_time_sec": "70"}, {"arr_dt": "1459179294", "direction": "0", "dep_dt": "1459179377", "route_id": "Red", "dwell_time_sec": "83"}, {"arr_dt": "1459179501", "direction": "0", "dep_dt": "1459179587", "route_id": "Red", "dwell_time_sec": "86"}, {"arr_dt": "1459179826", "direction": "0", "dep_dt": "1459179915", "route_id": "Red", "dwell_time_sec": "89"}, {"arr_dt": "1459180000", "direction": "0", "dep_dt": "1459180062", "route_id": "Red", "dwell_time_sec": "62"}, {"arr_dt": "1459180540", "direction": "0", "dep_dt": "1459180606", "route_id": "Red", "dwell_time_sec": "66"}, {"arr_dt": "1459180752", "direction": "0", "dep_dt": "1459180838", "route_id": "Red", "dwell_time_sec": "86"}, {"arr_dt": "1459181418", "direction": "0", "dep_dt": "1459181492", "route_id": "Red", "dwell_time_sec": "74"}, {"arr_dt": "1459181675", "direction": "0", "dep_dt": "1459181756", "route_id": "Red", "dwell_time_sec": "81"}, {"arr_dt": "1459182386", "direction": "0", "dep_dt": "1459182450", "route_id": "Red", "dwell_time_sec": "64"}, {"arr_dt": "1459182555", "direction": "0", "dep_dt": "1459182621", "route_id": "Red", "dwell_time_sec": "66"}, {"arr_dt": "1459183053", "direction": "0", "dep_dt": "1459183144", "route_id": "Red", "dwell_time_sec": "91"}, {"arr_dt": "1459183561", "direction": "0", "dep_dt": "1459183642", "route_id": "Red", "dwell_time_sec": "81"}, {"arr_dt": "1459184325", "direction": "0", "dep_dt": "1459184408", "route_id": "Red", "dwell_time_sec": "83"}, {"arr_dt": "1459184528", "direction": "0", "dep_dt": "1459184606", "route_id": "Red", "dwell_time_sec": "78"}, {"arr_dt": "1459184777", "direction": "0", "dep_dt": "1459184851", "route_id": "Red", "dwell_time_sec": "74"}, {"arr_dt": "1459185081", "direction": "0", "dep_dt": "1459185152", "route_id": "Red", "dwell_time_sec": "71"}, {"arr_dt": "1459185576", "direction": "0", "dep_dt": "1459185648", "route_id": "Red", "dwell_time_sec": "72"}, {"arr_dt": "1459185947", "direction": "0", "dep_dt": "1459186021", "route_id": "Red", "dwell_time_sec": "74"}, {"arr_dt": "1459186369", "direction": "0", "dep_dt": "1459186457", "route_id": "Red", "dwell_time_sec": "88"}, {"arr_dt": "1459186670", "direction": "0", "dep_dt": "1459186757", "route_id": "Red", "dwell_time_sec": "87"}, {"arr_dt": "1459187144", "direction": "0", "dep_dt": "1459187213", "route_id": "Red", "dwell_time_sec": "69"}, {"arr_dt": "1459187497", "direction": "0", "dep_dt": "1459187563", "route_id": "Red", "dwell_time_sec": "66"}, {"arr_dt": "1459188130", "direction": "0", "dep_dt": "1459188315", "route_id": "Red", "dwell_time_sec": "185"}, {"arr_dt": "1459188462", "direction": "0", "dep_dt": "1459188547", "route_id": "Red", "dwell_time_sec": "85"}, {"arr_dt": "1459189303", "direction": "0", "dep_dt": "1459189375", "route_id": "Red", "dwell_time_sec": "72"}, {"arr_dt": "1459189609", "direction": "0", "dep_dt": "1459189680", "route_id": "Red", "dwell_time_sec": "71"}, {"arr_dt": "1459190339", "direction": "0", "dep_dt": "1459190444", "route_id": "Red", "dwell_time_sec": "105"}, {"arr_dt": "1459190555", "direction": "0", "dep_dt": "1459190641", "route_id": "Red", "dwell_time_sec": "86"}, {"arr_dt": "1459190880", "direction": "0", "dep_dt": "1459190969", "route_id": "Red", "dwell_time_sec": "89"}, {"arr_dt": "1459191216", "direction": "0", "dep_dt": "1459191288", "route_id": "Red", "dwell_time_sec": "72"}, {"arr_dt": "1459191609", "direction": "0", "dep_dt": "1459191707", "route_id": "Red", "dwell_time_sec": "98"}, {"arr_dt": "1459192007", "direction": "0", "dep_dt": "1459192078", "route_id": "Red", "dwell_time_sec": "71"}, {"arr_dt": "1459192664", "direction": "0", "dep_dt": "1459192755", "route_id": "Red", "dwell_time_sec": "91"}, {"arr_dt": "1459192952", "direction": "0", "dep_dt": "1459193050", "route_id": "Red", "dwell_time_sec": "98"}, {"arr_dt": "1459193354", "direction": "0", "dep_dt": "1459193465", "route_id": "Red", "dwell_time_sec": "111"}, {"arr_dt": "1459193769", "direction": "0", "dep_dt": "1459193841", "route_id": "Red", "dwell_time_sec": "72"}, {"arr_dt": "1459194020", "direction": "0", "dep_dt": "1459194095", "route_id": "Red", "dwell_time_sec": "75"}, {"arr_dt": "1459194309", "direction": "0", "dep_dt": "1459194384", "route_id": "Red", "dwell_time_sec": "75"}, {"arr_dt": "1459194727", "direction": "0", "dep_dt": "1459194818", "route_id": "Red", "dwell_time_sec": "91"}, {"arr_dt": "1459195084", "direction": "0", "dep_dt": "1459195173", "route_id": "Red", "dwell_time_sec": "89"}, {"arr_dt": "1459195368", "direction": "0", "dep_dt": "1459195446", "route_id": "Red", "dwell_time_sec": "78"}, {"arr_dt": "1459195617", "direction": "0", "dep_dt": "1459195692", "route_id": "Red", "dwell_time_sec": "75"}, {"arr_dt": "1459196088", "direction": "0", "dep_dt": "1459196174", "route_id": "Red", "dwell_time_sec": "86"}, {"arr_dt": "1459196334", "direction": "0", "dep_dt": "1459196416", "route_id": "Red", "dwell_time_sec": "82"}, {"arr_dt": "1459196757", "direction": "0", "dep_dt": "1459196843", "route_id": "Red", "dwell_time_sec": "86"}, {"arr_dt": "1459197105", "direction": "0", "dep_dt": "1459197208", "route_id": "Red", "dwell_time_sec": "103"}, {"arr_dt": "1459197329", "direction": "0", "dep_dt": "1459197417", "route_id": "Red", "dwell_time_sec": "88"}, {"arr_dt": "1459197779", "direction": "0", "dep_dt": "1459197885", "route_id": "Red", "dwell_time_sec": "106"}, {"arr_dt": "1459197986", "direction": "0", "dep_dt": "1459198070", "route_id": "Red", "dwell_time_sec": "84"}, {"arr_dt": "1459198196", "direction": "0", "dep_dt": "1459198279", "route_id": "Red", "dwell_time_sec": "83"}, {"arr_dt": "1459198730", "direction": "0", "dep_dt": "1459198808", "route_id": "Red", "dwell_time_sec": "78"}, {"arr_dt": "1459198990", "direction": "0", "dep_dt": "1459199097", "route_id": "Red", "dwell_time_sec": "107"}, {"arr_dt": "1459199247", "direction": "0", "dep_dt": "1459199343", "route_id": "Red", "dwell_time_sec": "96"}, {"arr_dt": "1459199493", "direction": "0", "dep_dt": "1459199599", "route_id": "Red", "dwell_time_sec": "106"}, {"arr_dt": "1459199736", "direction": "0", "dep_dt": "1459199866", "route_id": "Red", "dwell_time_sec": "130"}, {"arr_dt": "1459199974", "direction": "0", "dep_dt": "1459200060", "route_id": "Red", "dwell_time_sec": "86"}, {"arr_dt": "1459200169", "direction": "0", "dep_dt": "1459200281", "route_id": "Red", "dwell_time_sec": "112"}, {"arr_dt": "1459200448", "direction": "0", "dep_dt": "1459200568", "route_id": "Red", "dwell_time_sec": "120"}, {"arr_dt": "1459200680", "direction": "0", "dep_dt": "1459200799", "route_id": "Red", "dwell_time_sec": "119"}, {"arr_dt": "1459200908", "direction": "0", "dep_dt": "1459201027", "route_id": "Red", "dwell_time_sec": "119"}, {"arr_dt": "1459201126", "direction": "0", "dep_dt": "1459201231", "route_id": "Red", "dwell_time_sec": "105"}, {"arr_dt": "1459201345", "direction": "0", "dep_dt": "1459201449", "route_id": "Red", "dwell_time_sec": "104"}, {"arr_dt": "1459201558", "direction": "0", "dep_dt": "1459201643", "route_id": "Red", "dwell_time_sec": "85"}, {"arr_dt": "1459201788", "direction": "0", "dep_dt": "1459201865", "route_id": "Red", "dwell_time_sec": "77"}, {"arr_dt": "1459201981", "direction": "0", "dep_dt": "1459202149", "route_id": "Red", "dwell_time_sec": "168"}, {"arr_dt": "1459202253", "direction": "0", "dep_dt": "1459202378", "route_id": "Red", "dwell_time_sec": "125"}, {"arr_dt": "1459202466", "direction": "0", "dep_dt": "1459202574", "route_id": "Red", "dwell_time_sec": "108"}, {"arr_dt": "1459202696", "direction": "0", "dep_dt": "1459202770", "route_id": "Red", "dwell_time_sec": "74"}, {"arr_dt": "1459202880", "direction": "0", "dep_dt": "1459202977", "route_id": "Red", "dwell_time_sec": "97"}, {"arr_dt": "1459203107", "direction": "0", "dep_dt": "1459203207", "route_id": "Red", "dwell_time_sec": "100"}, {"arr_dt": "1459203361", "direction": "0", "dep_dt": "1459203451", "route_id": "Red", "dwell_time_sec": "90"}, {"arr_dt": "1459203690", "direction": "0", "dep_dt": "1459203792", "route_id": "Red", "dwell_time_sec": "102"}, {"arr_dt": "1459203914", "direction": "0", "dep_dt": "1459203983", "route_id": "Red", "dwell_time_sec": "69"}, {"arr_dt": "1459204095", "direction": "0", "dep_dt": "1459204168", "route_id": "Red", "dwell_time_sec": "73"}, {"arr_dt": "1459204274", "direction": "0", "dep_dt": "1459204368", "route_id": "Red", "dwell_time_sec": "94"}, {"arr_dt": "1459204481", "direction": "0", "dep_dt": "1459204553", "route_id": "Red", "dwell_time_sec": "72"}, {"arr_dt": "1459204684", "direction": "0", "dep_dt": "1459204758", "route_id": "Red", "dwell_time_sec": "74"}, {"arr_dt": "1459204902", "direction": "0", "dep_dt": "1459204986", "route_id": "Red", "dwell_time_sec": "84"}, {"arr_dt": "1459205217", "direction": "0", "dep_dt": "1459205302", "route_id": "Red", "dwell_time_sec": "85"}, {"arr_dt": "1459205713", "direction": "0", "dep_dt": "1459205792", "route_id": "Red", "dwell_time_sec": "79"}, {"arr_dt": "1459205929", "direction": "0", "dep_dt": "1459205999", "route_id": "Red", "dwell_time_sec": "70"}, {"arr_dt": "1459206104", "direction": "0", "dep_dt": "1459206183", "route_id": "Red", "dwell_time_sec": "79"}, {"arr_dt": "1459206300", "direction": "0", "dep_dt": "1459206383", "route_id": "Red", "dwell_time_sec": "83"}, {"arr_dt": "1459206490", "direction": "0", "dep_dt": "1459206586", "route_id": "Red", "dwell_time_sec": "96"}, {"arr_dt": "1459206692", "direction": "0", "dep_dt": "1459206769", "route_id": "Red", "dwell_time_sec": "77"}, {"arr_dt": "1459207007", "direction": "0", "dep_dt": "1459207085", "route_id": "Red", "dwell_time_sec": "78"}, {"arr_dt": "1459207235", "direction": "0", "dep_dt": "1459207491", "route_id": "Red", "dwell_time_sec": "256"}, {"arr_dt": "1459207541", "direction": "0", "dep_dt": "1459207617", "route_id": "Red", "dwell_time_sec": "76"}, {"arr_dt": "1459208019", "direction": "0", "dep_dt": "1459208106", "route_id": "Red", "dwell_time_sec": "87"}, {"arr_dt": "1459208229", "direction": "0", "dep_dt": "1459208315", "route_id": "Red", "dwell_time_sec": "86"}, {"arr_dt": "1459208418", "direction": "0", "dep_dt": "1459208492", "route_id": "Red", "dwell_time_sec": "74"}, {"arr_dt": "1459208673", "direction": "0", "dep_dt": "1459208835", "route_id": "Red", "dwell_time_sec": "162"}, {"arr_dt": "1459208946", "direction": "0", "dep_dt": "1459209027", "route_id": "Red", "dwell_time_sec": "81"}, {"arr_dt": "1459209146", "direction": "0", "dep_dt": "1459209206", "route_id": "Red", "dwell_time_sec": "60"}, {"arr_dt": "1459209479", "direction": "0", "dep_dt": "1459209554", "route_id": "Red", "dwell_time_sec": "75"}, {"arr_dt": "1459209707", "direction": "0", "dep_dt": "1459209771", "route_id": "Red", "dwell_time_sec": "64"}, {"arr_dt": "1459209879", "direction": "0", "dep_dt": "1459209933", "route_id": "Red", "dwell_time_sec": "54"}, {"arr_dt": "1459210208", "direction": "0", "dep_dt": "1459210267", "route_id": "Red", "dwell_time_sec": "59"}, {"arr_dt": "1459210456", "direction": "0", "dep_dt": "1459210538", "route_id": "Red", "dwell_time_sec": "82"}, {"arr_dt": "1459210820", "direction": "0", "dep_dt": "1459210900", "route_id": "Red", "dwell_time_sec": "80"}, {"arr_dt": "1459211189", "direction": "0", "dep_dt": "1459211253", "route_id": "Red", "dwell_time_sec": "64"}, {"arr_dt": "1459211572", "direction": "0", "dep_dt": "1459211649", "route_id": "Red", "dwell_time_sec": "77"}, {"arr_dt": "1459211833", "direction": "0", "dep_dt": "1459211897", "route_id": "Red", "dwell_time_sec": "64"}, {"arr_dt": "1459212364", "direction": "0", "dep_dt": "1459212441", "route_id": "Red", "dwell_time_sec": "77"}, {"arr_dt": "1459212711", "direction": "0", "dep_dt": "1459212805", "route_id": "Red", "dwell_time_sec": "94"}, {"arr_dt": "1459213259", "direction": "0", "dep_dt": "1459213324", "route_id": "Red", "dwell_time_sec": "65"}, {"arr_dt": "1459213473", "direction": "0", "dep_dt": "1459213549", "route_id": "Red", "dwell_time_sec": "76"}, {"arr_dt": "1459214104", "direction": "0", "dep_dt": "1459214208", "route_id": "Red", "dwell_time_sec": "104"}, {"arr_dt": "1459214298", "direction": "0", "dep_dt": "1459214378", "route_id": "Red", "dwell_time_sec": "80"}, {"arr_dt": "1459214541", "direction": "0", "dep_dt": "1459214856", "route_id": "Red", "dwell_time_sec": "315"}, {"arr_dt": "1459215105", "direction": "0", "dep_dt": "1459215171", "route_id": "Red", "dwell_time_sec": "66"}, {"arr_dt": "1459215741", "direction": "0", "dep_dt": "1459215810", "route_id": "Red", "dwell_time_sec": "69"}, {"arr_dt": "1459215915", "direction": "0", "dep_dt": "1459215992", "route_id": "Red", "dwell_time_sec": "77"}, {"arr_dt": "1459216096", "direction": "0", "dep_dt": "1459216150", "route_id": "Red", "dwell_time_sec": "54"}, {"arr_dt": "1459216314", "direction": "0", "dep_dt": "1459216382", "route_id": "Red", "dwell_time_sec": "68"}, {"arr_dt": "1459216695", "direction": "0", "dep_dt": "1459216778", "route_id": "Red", "dwell_time_sec": "83"}, {"arr_dt": "1459217000", "direction": "0", "dep_dt": "1459217070", "route_id": "Red", "dwell_time_sec": "70"}, {"arr_dt": "1459217654", "direction": "0", "dep_dt": "1459217714", "route_id": "Red", "dwell_time_sec": "60"}, {"arr_dt": "1459218055", "direction": "0", "dep_dt": "1459218157", "route_id": "Red", "dwell_time_sec": "102"}, {"arr_dt": "1459218239", "direction": "0", "dep_dt": "1459218308", "route_id": "Red", "dwell_time_sec": "69"}, {"arr_dt": "1459218880", "direction": "0", "dep_dt": "1459218949", "route_id": "Red", "dwell_time_sec": "69"}, {"arr_dt": "1459219256", "direction": "0", "dep_dt": "1459219322", "route_id": "Red", "dwell_time_sec": "66"}, {"arr_dt": "1459219796", "direction": "0", "dep_dt": "1459219855", "route_id": "Red", "dwell_time_sec": "59"}, {"arr_dt": "1459220612", "direction": "0", "dep_dt": "1459220690", "route_id": "Red", "dwell_time_sec": "78"}, {"arr_dt": "1459221166", "direction": "0", "dep_dt": "1459221232", "route_id": "Red", "dwell_time_sec": "66"}, {"arr_dt": "1459221405", "direction": "0", "dep_dt": "1459221461", "route_id": "Red", "dwell_time_sec": "56"}, {"arr_dt": "1459221738", "direction": "0", "dep_dt": "1459221804", "route_id": "Red", "dwell_time_sec": "66"}, {"arr_dt": "1459221942", "direction": "0", "dep_dt": "1459222011", "route_id": "Red", "dwell_time_sec": "69"}, {"arr_dt": "1459222251", "direction": "0", "dep_dt": "1459222317", "route_id": "Red", "dwell_time_sec": "66"}, {"arr_dt": "1459222424", "direction": "0", "dep_dt": "1459222480", "route_id": "Red", "dwell_time_sec": "56"}, {"arr_dt": "1459222811", "direction": "0", "dep_dt": "1459222872", "route_id": "Red", "dwell_time_sec": "61"}, {"arr_dt": "1459223144", "direction": "0", "dep_dt": "1459223203", "route_id": "Red", "dwell_time_sec": "59"}, {"arr_dt": "1459223309", "direction": "0", "dep_dt": "1459223375", "route_id": "Red", "dwell_time_sec": "66"}, {"arr_dt": "1459223775", "direction": "0", "dep_dt": "1459223830", "route_id": "Red", "dwell_time_sec": "55"}, {"arr_dt": "1459223932", "direction": "0", "dep_dt": "1459223996", "route_id": "Red", "dwell_time_sec": "64"}]}