{"dwell_times": [{"arr_dt": "1474430409", "direction": "0", "dep_dt": "1474430465", "route_id": "Red", "dwell_time_sec": "56"}, {"arr_dt": "1474430795", "direction": "0", "dep_dt": "1474430862", "route_id": "Red", "dwell_time_sec": "67"}, {"arr_dt": "1474431446", "direction": "0", "dep_dt": "1474431522", "route_id": "Red", "dwell_time_sec": "76"}, {"arr_dt": "1474432052", "direction": "0", "dep_dt": "1474432118", "route_id": "Red", "dwell_time_sec": "66"}, {"arr_dt": "1474432249", "direction": "0", "dep_dt": "1474432302", "route_id": "Red", "dwell_time_sec": "53"}, {"arr_dt": "1474432563", "direction": "0", "dep_dt": "1474432623", "route_id": "Red", "dwell_time_sec": "60"}, {"arr_dt": "1474433407", "direction": "0", "dep_dt": "1474434572", "route_id": "Red", "dwell_time_sec": "1165"}, {"arr_dt": "1474450487", "direction": "0", "dep_dt": "1474450556", "route_id": "Red", "dwell_time_sec": "69"}, {"arr_dt": "1474450965", "direction": "0", "dep_dt": "1474451061", "route_id": "Red", "dwell_time_sec": "96"}, {"arr_dt": "1474451224", "direction": "0", "dep_dt": "1474451291", "route_id": "Red", "dwell_time_sec": "67"}, {"arr_dt": "1474451709", "direction": "0", "dep_dt": "1474451760", "route_id": "Red", "dwell_time_sec": "51"}, {"arr_dt": "1474452136", "direction": "0", "dep_dt": "1474452196", "route_id": "Red", "dwell_time_sec": "60"}, {"arr_dt": "1474452731", "direction": "0", "dep_dt": "1474452788", "route_id": "Red", "dwell_time_sec": "57"}, {"arr_dt": "1474453179", "direction": "0", "dep_dt": "1474453235", "route_id": "Red", "dwell_time_sec": "56"}, {"arr_dt": "1474453515", "direction": "0", "dep_dt": "1474453574", "route_id": "Red", "dwell_time_sec": "59"}, {"arr_dt": "1474453981", "direction": "0", "dep_dt": "1474454059", "route_id": "Red", "dwell_time_sec": "78"}, {"arr_dt": "1474454188", "direction": "0", "dep_dt": "1474454289", "route_id": "Red", "dwell_time_sec": "101"}, {"arr_dt": "1474454427", "direction": "0", "dep_dt": "1474454488", "route_id": "Red", "dwell_time_sec": "61"}, {"arr_dt": "1474454810", "direction": "0", "dep_dt": "1474454878", "route_id": "Red", "dwell_time_sec": "68"}, {"arr_dt": "1474455198", "direction": "0", "dep_dt": "1474455281", "route_id": "Red", "dwell_time_sec": "83"}, {"arr_dt": "1474455536", "direction": "0", "dep_dt": "1474455611", "route_id": "Red", "dwell_time_sec": "75"}, {"arr_dt": "1474455916", "direction": "0", "dep_dt": "1474455982", "route_id": "Red", "dwell_time_sec": "66"}, {"arr_dt": "1474456086", "direction": "0", "dep_dt": "1474456169", "route_id": "Red", "dwell_time_sec": "83"}, {"arr_dt": "1474456325", "direction": "0", "dep_dt": "1474456396", "route_id": "Red", "dwell_time_sec": "71"}, {"arr_dt": "1474456492", "direction": "0", "dep_dt": "1474456585", "route_id": "Red", "dwell_time_sec": "93"}, {"arr_dt": "1474456738", "direction": "0", "dep_dt": "1474456804", "route_id": "Red", "dwell_time_sec": "66"}, {"arr_dt": "1474456908", "direction": "0", "dep_dt": "1474456983", "route_id": "Red", "dwell_time_sec": "75"}, {"arr_dt": "1474457230", "direction": "0", "dep_dt": "1474457336", "route_id": "Red", "dwell_time_sec": "106"}, {"arr_dt": "1474457434", "direction": "0", "dep_dt": "1474457525", "route_id": "Red", "dwell_time_sec": "91"}, {"arr_dt": "1474457639", "direction": "0", "dep_dt": "1474457717", "route_id": "Red", "dwell_time_sec": "78"}, {"arr_dt": "1474457824", "direction": "0", "dep_dt": "1474457926", "route_id": "Red", "dwell_time_sec": "102"}, {"arr_dt": "1474458118", "direction": "0", "dep_dt": "1474458188", "route_id": "Red", "dwell_time_sec": "70"}, {"arr_dt": "1474458487", "direction": "0", "dep_dt": "1474458590", "route_id": "Red", "dwell_time_sec": "103"}, {"arr_dt": "1474458722", "direction": "0", "dep_dt": "1474458803", "route_id": "Red", "dwell_time_sec": "81"}, {"arr_dt": "1474458908", "direction": "0", "dep_dt": "1474458988", "route_id": "Red", "dwell_time_sec": "80"}, {"arr_dt": "1474459167", "direction": "0", "dep_dt": "1474459265", "route_id": "Red", "dwell_time_sec": "98"}, {"arr_dt": "1474459360", "direction": "0", "dep_dt": "1474459446", "route_id": "Red", "dwell_time_sec": "86"}, {"arr_dt": "1474459836", "direction": "0", "dep_dt": "1474459934", "route_id": "Red", "dwell_time_sec": "98"}, {"arr_dt": "1474460036", "direction": "0", "dep_dt": "1474460135", "route_id": "Red", "dwell_time_sec": "99"}, {"arr_dt": "1474460508", "direction": "0", "dep_dt": "1474460624", "route_id": "Red", "dwell_time_sec": "116"}, {"arr_dt": "1474460721", "direction": "0", "dep_dt": "1474460826", "route_id": "Red", "dwell_time_sec": "105"}, {"arr_dt": "1474460978", "direction": "0", "dep_dt": "1474461067", "route_id": "Red", "dwell_time_sec": "89"}, {"arr_dt": "1474461339", "direction": "0", "dep_dt": "1474461461", "route_id": "Red", "dwell_time_sec": "122"}, {"arr_dt": "1474461567", "direction": "0", "dep_dt": "1474461674", "route_id": "Red", "dwell_time_sec": "107"}, {"arr_dt": "1474461755", "direction": "0", "dep_dt": "1474461844", "route_id": "Red", "dwell_time_sec": "89"}, {"arr_dt": "1474462148", "direction": "0", "dep_dt": "1474462264", "route_id": "Red", "dwell_time_sec": "116"}, {"arr_dt": "1474462366", "direction": "0", "dep_dt": "1474462473", "route_id": "Red", "dwell_time_sec": "107"}, {"arr_dt": "1474462740", "direction": "0", "dep_dt": "1474462834", "route_id": "Red", "dwell_time_sec": "94"}, {"arr_dt": "1474463015", "direction": "0", "dep_dt": "1474463103", "route_id": "Red", "dwell_time_sec": "88"}, {"arr_dt": "1474463526", "direction": "0", "dep_dt": "1474463646", "route_id": "Red", "dwell_time_sec": "120"}, {"arr_dt": "1474463732", "direction": "0", "dep_dt": "1474463810", "route_id": "Red", "dwell_time_sec": "78"}, {"arr_dt": "1474463998", "direction": "0", "dep_dt": "1474464084", "route_id": "Red", "dwell_time_sec": "86"}, {"arr_dt": "1474464200", "direction": "0", "dep_dt": "1474464293", "route_id": "Red", "dwell_time_sec": "93"}, {"arr_dt": "1474464396", "direction": "0", "dep_dt": "1474464467", "route_id": "Red", "dwell_time_sec": "71"}, {"arr_dt": "1474464563", "direction": "0", "dep_dt": "1474464642", "route_id": "Red", "dwell_time_sec": "79"}, {"arr_dt": "1474464830", "direction": "0", "dep_dt": "1474464899", "route_id": "Red", "dwell_time_sec": "69"}, {"arr_dt": "1474465150", "direction": "0", "dep_dt": "1474465222", "route_id": "Red", "dwell_time_sec": "72"}, {"arr_dt": "1474465326", "direction": "0", "dep_dt": "1474465401", "route_id": "Red", "dwell_time_sec": "75"}, {"arr_dt": "1474465647", "direction": "0", "dep_dt": "1474465747", "route_id": "Red", "dwell_time_sec": "100"}, {"arr_dt": "1474465887", "direction": "0", "dep_dt": "1474465943", "route_id": "Red", "dwell_time_sec": "56"}, {"arr_dt": "1474466044", "direction": "0", "dep_dt": "1474466112", "route_id": "Red", "dwell_time_sec": "68"}, {"arr_dt": "1474466217", "direction": "0", "dep_dt": "1474466295", "route_id": "Red", "dwell_time_sec": "78"}, {"arr_dt": "1474466452", "direction": "0", "dep_dt": "1474466520", "route_id": "Red", "dwell_time_sec": "68"}, {"arr_dt": "1474466623", "direction": "0", "dep_dt": "1474466696", "route_id": "Red", "dwell_time_sec": "73"}, {"arr_dt": "1474466793", "direction": "0", "dep_dt": "1474466871", "route_id": "Red", "dwell_time_sec": "78"}, {"arr_dt": "1474466980", "direction": "0", "dep_dt": "1474467048", "route_id": "Red", "dwell_time_sec": "68"}, {"arr_dt": "1474467277", "direction": "0", "dep_dt": "1474467354", "route_id": "Red", "dwell_time_sec": "77"}, {"arr_dt": "1474467454", "direction": "0", "dep_dt": "1474467524", "route_id": "Red", "dwell_time_sec": "70"}, {"arr_dt": "1474467764", "direction": "0", "dep_dt": "1474467841", "route_id": "Red", "dwell_time_sec": "77"}, {"arr_dt": "1474467982", "direction": "0", "dep_dt": "1474468052", "route_id": "Red", "dwell_time_sec": "70"}, {"arr_dt": "1474468420", "direction": "0", "dep_dt": "1474468515", "route_id": "Red", "dwell_time_sec": "95"}, {"arr_dt": "1474468766", "direction": "0", "dep_dt": "1474468850", "route_id": "Red", "dwell_time_sec": "84"}, {"arr_dt": "1474469105", "direction": "0", "dep_dt": "1474469175", "route_id": "Red", "dwell_time_sec": "70"}, {"arr_dt": "1474469543", "direction": "0", "dep_dt": "1474469612", "route_id": "Red", "dwell_time_sec": "69"}, {"arr_dt": "1474469755", "direction": "0", "dep_dt": "1474469812", "route_id": "Red", "dwell_time_sec": "57"}, {"arr_dt": "1474470061", "direction": "0", "dep_dt": "1474470131", "route_id": "Red", "dwell_time_sec": "70"}, {"arr_dt": "1474470598", "direction": "0", "dep_dt": "1474470673", "route_id": "Red", "dwell_time_sec": "75"}, {"arr_dt": "1474470893", "direction": "0", "dep_dt": "1474470961", "route_id": "Red", "dwell_time_sec": "68"}, {"arr_dt": "1474471314", "direction": "0", "dep_dt": "1474471389", "route_id": "Red", "dwell_time_sec": "75"}, {"arr_dt": "1474471672", "direction": "0", "dep_dt": "1474471741", "route_id": "Red", "dwell_time_sec": "69"}, {"arr_dt": "1474471938", "direction": "0", "dep_dt": "1474471996", "route_id": "Red", "dwell_time_sec": "58"}, {"arr_dt": "1474472324", "direction": "0", "dep_dt": "1474472390", "route_id": "Red", "dwell_time_sec": "66"}, {"arr_dt": "1474472943", "direction": "0", "dep_dt": "1474473025", "route_id": "Red", "dwell_time_sec": "82"}, {"arr_dt": "1474473259", "direction": "0", "dep_dt": "1474473332", "route_id": "Red", "dwell_time_sec": "73"}, {"arr_dt": "1474473514", "direction": "0", "dep_dt": "1474473586", "route_id": "Red", "dwell_time_sec": "72"}, {"arr_dt": "1474473835", "direction": "0", "dep_dt": "1474473898", "route_id": "Red", "dwell_time_sec": "63"}, {"arr_dt": "1474474465", "direction": "0", "dep_dt": "1474474544", "route_id": "Red", "dwell_time_sec": "79"}, {"arr_dt": "1474474978", "direction": "0", "dep_dt": "1474475051", "route_id": "Red", "dwell_time_sec": "73"}, {"arr_dt": "1474475260", "direction": "0", "dep_dt": "1474475336", "route_id": "Red", "dwell_time_sec": "76"}, {"arr_dt": "1474475518", "direction": "0", "dep_dt": "1474475574", "route_id": "Red", "dwell_time_sec": "56"}, {"arr_dt": "1474476203", "direction": "0", "dep_dt": "1474476278", "route_id": "Red", "dwell_time_sec": "75"}, {"arr_dt": "1474476543", "direction": "0", "dep_dt": "1474476620", "route_id": "Red", "dwell_time_sec": "77"}, {"arr_dt": "1474476903", "direction": "0", "dep_dt": "1474476975", "route_id": "Red", "dwell_time_sec": "72"}, {"arr_dt": "1474477224", "direction": "0", "dep_dt": "1474477298", "route_id": "Red", "dwell_time_sec": "74"}, {"arr_dt": "1474477805", "direction": "0", "dep_dt": "1474477901", "route_id": "Red", "dwell_time_sec": "96"}, {"arr_dt": "1474478097", "direction": "0", "dep_dt": "1474478162", "route_id": "Red", "dwell_time_sec": "65"}, {"arr_dt": "1474478519", "direction": "0", "dep_dt": "1474478583", "route_id": "Red", "dwell_time_sec": "64"}, {"arr_dt": "1474479052", "direction": "0", "dep_dt": "1474479136", "route_id": "Red", "dwell_time_sec": "84"}, {"arr_dt": "1474479498", "direction": "0", "dep_dt": "1474479579", "route_id": "Red", "dwell_time_sec": "81"}, {"arr_dt": "1474479905", "direction": "0", "dep_dt": "1474479983", "route_id": "Red", "dwell_time_sec": "78"}, {"arr_dt": "1474480231", "direction": "0", "dep_dt": "1474480299", "route_id": "Red", "dwell_time_sec": "68"}, {"arr_dt": "1474480870", "direction": "0", "dep_dt": "1474480938", "route_id": "Red", "dwell_time_sec": "68"}, {"arr_dt": "1474481087", "direction": "0", "dep_dt": "1474481165", "route_id": "Red", "dwell_time_sec": "78"}, {"arr_dt": "1474481573", "direction": "0", "dep_dt": "1474481648", "route_id": "Red", "dwell_time_sec": "75"}, {"arr_dt": "1474481824", "direction": "0", "dep_dt": "1474481899", "route_id": "Red", "dwell_time_sec": "75"}, {"arr_dt": "1474482449", "direction": "0", "dep_dt": "1474482547", "route_id": "Red", "dwell_time_sec": "98"}, {"arr_dt": "1474482723", "direction": "0", "dep_dt": "1474482792", "route_id": "Red", "dwell_time_sec": "69"}, {"arr_dt": "1474483351", "direction": "0", "dep_dt": "1474483447", "route_id": "Red", "dwell_time_sec": "96"}, {"arr_dt": "1474483599", "direction": "0", "dep_dt": "1474483675", "route_id": "Red", "dwell_time_sec": "76"}, {"arr_dt": "1474484061", "direction": "0", "dep_dt": "1474484143", "route_id": "Red", "dwell_time_sec": "82"}, {"arr_dt": "1474484390", "direction": "0", "dep_dt": "1474484481", "route_id": "Red", "dwell_time_sec": "91"}, {"arr_dt": "1474485119", "direction": "0", "dep_dt": "1474485259", "route_id": "Red", "dwell_time_sec": "140"}, {"arr_dt": "1474485559", "direction": "0", "dep_dt": "1474485651", "route_id": "Red", "dwell_time_sec": "92"}, {"arr_dt": "1474485849", "direction": "0", "dep_dt": "1474485979", "route_id": "Red", "dwell_time_sec": "130"}, {"arr_dt": "1474486349", "direction": "0", "dep_dt": "1474486451", "route_id": "Red", "dwell_time_sec": "102"}, {"arr_dt": "1474486771", "direction": "0", "dep_dt": "1474486853", "route_id": "Red", "dwell_time_sec": "82"}, {"arr_dt": "1474487159", "direction": "0", "dep_dt": "1474487253", "route_id": "Red", "dwell_time_sec": "94"}, {"arr_dt": "1474487645", "direction": "0", "dep_dt": "1474487759", "route_id": "Red", "dwell_time_sec": "114"}, {"arr_dt": "1474487894", "direction": "0", "dep_dt": "1474487983", "route_id": "Red", "dwell_time_sec": "89"}, {"arr_dt": "1474488305", "direction": "0", "dep_dt": "1474488404", "route_id": "Red", "dwell_time_sec": "99"}, {"arr_dt": "1474488616", "direction": "0", "dep_dt": "1474488731", "route_id": "Red", "dwell_time_sec": "115"}, {"arr_dt": "1474488990", "direction": "0", "dep_dt": "1474489105", "route_id": "Red", "dwell_time_sec": "115"}, {"arr_dt": "1474489326", "direction": "0", "dep_dt": "1474489431", "route_id": "Red", "dwell_time_sec": "105"}, {"arr_dt": "1474489665", "direction": "0", "dep_dt": "1474489768", "route_id": "Red", "dwell_time_sec": "103"}, {"arr_dt": "1474489949", "direction": "0", "dep_dt": "1474490034", "route_id": "Red", "dwell_time_sec": "85"}, {"arr_dt": "1474490208", "direction": "0", "dep_dt": "1474490315", "route_id": "Red", "dwell_time_sec": "107"}, {"arr_dt": "1474490550", "direction": "0", "dep_dt": "1474490662", "route_id": "Red", "dwell_time_sec": "112"}, {"arr_dt": "1474490789", "direction": "0", "dep_dt": "1474490896", "route_id": "Red", "dwell_time_sec": "107"}, {"arr_dt": "1474491162", "direction": "0", "dep_dt": "1474491248", "route_id": "Red", "dwell_time_sec": "86"}, {"arr_dt": "1474491424", "direction": "0", "dep_dt": "1474491523", "route_id": "Red", "dwell_time_sec": "99"}, {"arr_dt": "1474491628", "direction": "0", "dep_dt": "1474491728", "route_id": "Red", "dwell_time_sec": "100"}, {"arr_dt": "1474491844", "direction": "0", "dep_dt": "1474491943", "route_id": "Red", "dwell_time_sec": "99"}, {"arr_dt": "1474492059", "direction": "0", "dep_dt": "1474492164", "route_id": "Red", "dwell_time_sec": "105"}, {"arr_dt": "1474493368", "direction": "0", "dep_dt": "1474493542", "route_id": "Red", "dwell_time_sec": "174"}, {"arr_dt": "1474493704", "direction": "0", "dep_dt": "1474493836", "route_id": "Red", "dwell_time_sec": "132"}, {"arr_dt": "1474494062", "direction": "0", "dep_dt": "1474494219", "route_id": "Red", "dwell_time_sec": "157"}, {"arr_dt": "1474494393", "direction": "0", "dep_dt": "1474494500", "route_id": "Red", "dwell_time_sec": "107"}, {"arr_dt": "1474494772", "direction": "0", "dep_dt": "1474494872", "route_id": "Red", "dwell_time_sec": "100"}, {"arr_dt": "1474495113", "direction": "0", "dep_dt": "1474495236", "route_id": "Red", "dwell_time_sec": "123"}, {"arr_dt": "1474495400", "direction": "0", "dep_dt": "1474495497", "route_id": "Red", "dwell_time_sec": "97"}, {"arr_dt": "1474495605", "direction": "0", "dep_dt": "1474495705", "route_id": "Red", "dwell_time_sec": "100"}, {"arr_dt": "1474495862", "direction": "0", "dep_dt": "1474495988", "route_id": "Red", "dwell_time_sec": "126"}, {"arr_dt": "1474496102", "direction": "0", "dep_dt": "1474496225", "route_id": "Red", "dwell_time_sec": "123"}, {"arr_dt": "1474496323", "direction": "0", "dep_dt": "1474496432", "route_id": "Red", "dwell_time_sec": "109"}, {"arr_dt": "1474496559", "direction": "0", "dep_dt": "1474496648", "route_id": "Red", "dwell_time_sec": "89"}, {"arr_dt": "1474496743", "direction": "0", "dep_dt": "1474496869", "route_id": "Red", "dwell_time_sec": "126"}, {"arr_dt": "1474496958", "direction": "0", "dep_dt": "1474497040", "route_id": "Red", "dwell_time_sec": "82"}, {"arr_dt": "1474497161", "direction": "0", "dep_dt": "1474497266", "route_id": "Red", "dwell_time_sec": "105"}, {"arr_dt": "1474497359", "direction": "0", "dep_dt": "1474497452", "route_id": "Red", "dwell_time_sec": "93"}, {"arr_dt": "1474497561", "direction": "0", "dep_dt": "1474497644", "route_id": "Red", "dwell_time_sec": "83"}, {"arr_dt": "1474497732", "direction": "0", "dep_dt": "1474497853", "route_id": "Red", "dwell_time_sec": "121"}, {"arr_dt": "1474497939", "direction": "0", "dep_dt": "1474498047", "route_id": "Red", "dwell_time_sec": "108"}, {"arr_dt": "1474498544", "direction": "0", "dep_dt": "1474498625", "route_id": "Red", "dwell_time_sec": "81"}, {"arr_dt": "1474498721", "direction": "0", "dep_dt": "1474498829", "route_id": "Red", "dwell_time_sec": "108"}, {"arr_dt": "1474499027", "direction": "0", "dep_dt": "1474499116", "route_id": "Red", "dwell_time_sec": "89"}, {"arr_dt": "1474499424", "direction": "0", "dep_dt": "1474499490", "route_id": "Red", "dwell_time_sec": "66"}, {"arr_dt": "1474499758", "direction": "0", "dep_dt": "1474499834", "route_id": "Red", "dwell_time_sec": "76"}, {"arr_dt": "1474500114", "direction": "0", "dep_dt": "1474500193", "route_id": "Red", "dwell_time_sec": "79"}, {"arr_dt": "1474500409", "direction": "0", "dep_dt": "1474500472", "route_id": "Red", "dwell_time_sec": "63"}, {"arr_dt": "1474500750", "direction": "0", "dep_dt": "1474500864", "route_id": "Red", "dwell_time_sec": "114"}, {"arr_dt": "1474500971", "direction": "0", "dep_dt": "1474501058", "route_id": "Red", "dwell_time_sec": "87"}, {"arr_dt": "1474501367", "direction": "0", "dep_dt": "1474501463", "route_id": "Red", "dwell_time_sec": "96"}, {"arr_dt": "1474501563", "direction": "0", "dep_dt": "1474501654", "route_id": "Red", "dwell_time_sec": "91"}, {"arr_dt": "1474501792", "direction": "0", "dep_dt": "1474501863", "route_id": "Red", "dwell_time_sec": "71"}, {"arr_dt": "1474502275", "direction": "0", "dep_dt": "1474502351", "route_id": "Red", "dwell_time_sec": "76"}, {"arr_dt": "1474502521", "direction": "0", "dep_dt": "1474502607", "route_id": "Red", "dwell_time_sec": "86"}, {"arr_dt": "1474502707", "direction": "0", "dep_dt": "1474502784", "route_id": "Red", "dwell_time_sec": "77"}, {"arr_dt": "1474503044", "direction": "0", "dep_dt": "1474503100", "route_id": "Red", "dwell_time_sec": "56"}, {"arr_dt": "1474503299", "direction": "0", "dep_dt": "1474503365", "route_id": "Red", "dwell_time_sec": "66"}, {"arr_dt": "1474503472", "direction": "0", "dep_dt": "1474503538", "route_id": "Red", "dwell_time_sec": "66"}, {"arr_dt": "1474503855", "direction": "0", "dep_dt": "1474503931", "route_id": "Red", "dwell_time_sec": "76"}, {"arr_dt": "1474504182", "direction": "0", "dep_dt": "1474504244", "route_id": "Red", "dwell_time_sec": "62"}, {"arr_dt": "1474504485", "direction": "0", "dep_dt": "1474504551", "route_id": "Red", "dwell_time_sec": "66"}, {"arr_dt": "1474505042", "direction": "0", "dep_dt": "1474505139", "route_id": "Red", "dwell_time_sec": "97"}, {"arr_dt": "1474505394", "direction": "0", "dep_dt": "1474505482", "route_id": "Red", "dwell_time_sec": "88"}, {"arr_dt": "1474505807", "direction": "0", "dep_dt": "1474505883", "route_id": "Red", "dwell_time_sec": "76"}, {"arr_dt": "1474506043", "direction": "0", "dep_dt": "1474506122", "route_id": "Red", "dwell_time_sec": "79"}, {"arr_dt": "1474506357", "direction": "0", "dep_dt": "1474506419", "route_id": "Red", "dwell_time_sec": "62"}, {"arr_dt": "1474506658", "direction": "0", "dep_dt": "1474506725", "route_id": "Red", "dwell_time_sec": "67"}, {"arr_dt": "1474507049", "direction": "0", "dep_dt": "1474507168", "route_id": "Red", "dwell_time_sec": "119"}, {"arr_dt": "1474507659", "direction": "0", "dep_dt": "1474507761", "route_id": "Red", "dwell_time_sec": "102"}, {"arr_dt": "1474507891", "direction": "0", "dep_dt": "1474507961", "route_id": "Red", "dwell_time_sec": "70"}, {"arr_dt": "1474508107", "direction": "0", "dep_dt": "1474508186", "route_id": "Red", "dwell_time_sec": "79"}, {"arr_dt": "1474508295", "direction": "0", "dep_dt": "1474508369", "route_id": "Red", "dwell_time_sec": "74"}, {"arr_dt": "1474508608", "direction": "0", "dep_dt": "1474508681", "route_id": "Red", "dwell_time_sec": "73"}, {"arr_dt": "1474508794", "direction": "0", "dep_dt": "1474508930", "route_id": "Red", "dwell_time_sec": "136"}, {"arr_dt": "1474509302", "direction": "0", "dep_dt": "1474509380", "route_id": "Red", "dwell_time_sec": "78"}, {"arr_dt": "1474509764", "direction": "0", "dep_dt": "1474509828", "route_id": "Red", "dwell_time_sec": "64"}, {"arr_dt": "1474510145", "direction": "0", "dep_dt": "1474510210", "route_id": "Red", "dwell_time_sec": "65"}, {"arr_dt": "1474510558", "direction": "0", "dep_dt": "1474510637", "route_id": "Red", "dwell_time_sec": "79"}, {"arr_dt": "1474510875", "direction": "0", "dep_dt": "1474510949", "route_id": "Red", "dwell_time_sec": "74"}, {"arr_dt": "1474511153", "direction": "0", "dep_dt": "1474511211", "route_id": "Red", "dwell_time_sec": "58"}, {"arr_dt": "1474511554", "direction": "0", "dep_dt": "1474511613", "route_id": "Red", "dwell_time_sec": "59"}, {"arr_dt": "1474511815", "direction": "0", "dep_dt": "1474511881", "route_id": "Red", "dwell_time_sec": "66"}, {"arr_dt": "1474512396", "direction": "0", "dep_dt": "1474512465", "route_id": "Red", "dwell_time_sec": "69"}, {"arr_dt": "1474512876", "direction": "0", "dep_dt": "1474512975", "route_id": "Red", "dwell_time_sec": "99"}, {"arr_dt": "1474513212", "direction": "0", "dep_dt": "1474513297", "route_id": "Red", "dwell_time_sec": "85"}, {"arr_dt": "1474513400", "direction": "0", "dep_dt": "1474513472", "route_id": "Red", "dwell_time_sec": "72"}, {"arr_dt": "1474513674", "direction": "0", "dep_dt": "1474513739", "route_id": "Red", "dwell_time_sec": "65"}, {"arr_dt": "1474514056", "direction": "0", "dep_dt": "1474514134", "route_id": "Red", "dwell_time_sec": "78"}, {"arr_dt": "1474514274", "direction": "0", "dep_dt": "1474514351", "route_id": "Red", "dwell_time_sec": "77"}, {"arr_dt": "1474514611", "direction": "0", "dep_dt": "1474514682", "route_id": "Red", "dwell_time_sec": "71"}, {"arr_dt": "1474515161", "direction": "0", "dep_dt": "1474515231", "route_id": "Red", "dwell_time_sec": "70"}, {"arr_dt": "1474515483", "direction": "0", "dep_dt": "1474515549", "route_id": "Red", "dwell_time_sec": "66"}, {"arr_dt": "1474515836", "direction": "0", "dep_dt": "1474515900", "route_id": "Red", "dwell_time_sec": "64"}, {"arr_dt": "1474516331", "direction": "0", "dep_dt": "1474516394", "route_id": "Red", "dwell_time_sec": "63"}, {"arr_dt": "1474516536", "direction": "0", "dep_dt": "1474516586", "route_id": "Red", "dwell_time_sec": "50"}, {"arr_dt": "1474516739", "direction": "0", "dep_dt": "1474516782", "route_id": "Red", "dwell_time_sec": "43"}]}