{"dwell_times": [{"arr_dt": "1459828771", "direction": "0", "dep_dt": "1459828835", "route_id": "Red", "dwell_time_sec": "64"}, {"arr_dt": "1459828991", "direction": "0", "dep_dt": "1459829058", "route_id": "Red", "dwell_time_sec": "67"}, {"arr_dt": "1459829289", "direction": "0", "dep_dt": "1459829367", "route_id": "Red", "dwell_time_sec": "78"}, {"arr_dt": "1459829504", "direction": "0", "dep_dt": "1459829572", "route_id": "Red", "dwell_time_sec": "68"}, {"arr_dt": "1459830020", "direction": "0", "dep_dt": "1459830097", "route_id": "Red", "dwell_time_sec": "77"}, {"arr_dt": "1459830326", "direction": "0", "dep_dt": "1459830386", "route_id": "Red", "dwell_time_sec": "60"}, {"arr_dt": "1459831169", "direction": "0", "dep_dt": "1459831247", "route_id": "Red", "dwell_time_sec": "78"}, {"arr_dt": "1459831329", "direction": "0", "dep_dt": "1459831376", "route_id": "Red", "dwell_time_sec": "47"}, {"arr_dt": "1459832482", "direction": "0", "dep_dt": "1459833662", "route_id": "Red", "dwell_time_sec": "1180"}, {"arr_dt": "1459848786", "direction": "0", "dep_dt": "1459848857", "route_id": "Red", "dwell_time_sec": "71"}, {"arr_dt": "1459849396", "direction": "0", "dep_dt": "1459849475", "route_id": "Red", "dwell_time_sec": "79"}, {"arr_dt": "1459849719", "direction": "0", "dep_dt": "1459849780", "route_id": "Red", "dwell_time_sec": "61"}, {"arr_dt": "1459850137", "direction": "0", "dep_dt": "1459850192", "route_id": "Red", "dwell_time_sec": "55"}, {"arr_dt": "1459850662", "direction": "0", "dep_dt": "1459850735", "route_id": "Red", "dwell_time_sec": "73"}, {"arr_dt": "1459851274", "direction": "0", "dep_dt": "1459851348", "route_id": "Red", "dwell_time_sec": "74"}, {"arr_dt": "1459851671", "direction": "0", "dep_dt": "1459851747", "route_id": "Red", "dwell_time_sec": "76"}, {"arr_dt": "1459851999", "direction": "0", "dep_dt": "1459852060", "route_id": "Red", "dwell_time_sec": "61"}, {"arr_dt": "1459852327", "direction": "0", "dep_dt": "1459852403", "route_id": "Red", "dwell_time_sec": "76"}, {"arr_dt": "1459852643", "direction": "0", "dep_dt": "1459852731", "route_id": "Red", "dwell_time_sec": "88"}, {"arr_dt": "1459853118", "direction": "0", "dep_dt": "1459853209", "route_id": "Red", "dwell_time_sec": "91"}, {"arr_dt": "1459853518", "direction": "0", "dep_dt": "1459853583", "route_id": "Red", "dwell_time_sec": "65"}, {"arr_dt": "1459853856", "direction": "0", "dep_dt": "1459853923", "route_id": "Red", "dwell_time_sec": "67"}, {"arr_dt": "1459854075", "direction": "0", "dep_dt": "1459854151", "route_id": "Red", "dwell_time_sec": "76"}, {"arr_dt": "1459854347", "direction": "0", "dep_dt": "1459854413", "route_id": "Red", "dwell_time_sec": "66"}, {"arr_dt": "1459854651", "direction": "0", "dep_dt": "1459854719", "route_id": "Red", "dwell_time_sec": "68"}, {"arr_dt": "1459854824", "direction": "0", "dep_dt": "1459854891", "route_id": "Red", "dwell_time_sec": "67"}, {"arr_dt": "1459855077", "direction": "0", "dep_dt": "1459855146", "route_id": "Red", "dwell_time_sec": "69"}, {"arr_dt": "1459855295", "direction": "0", "dep_dt": "1459855365", "route_id": "Red", "dwell_time_sec": "70"}, {"arr_dt": "1459855564", "direction": "0", "dep_dt": "1459855636", "route_id": "Red", "dwell_time_sec": "72"}, {"arr_dt": "1459855827", "direction": "0", "dep_dt": "1459855895", "route_id": "Red", "dwell_time_sec": "68"}, {"arr_dt": "1459856112", "direction": "0", "dep_dt": "1459856195", "route_id": "Red", "dwell_time_sec": "83"}, {"arr_dt": "1459856383", "direction": "0", "dep_dt": "1459856465", "route_id": "Red", "dwell_time_sec": "82"}, {"arr_dt": "1459856690", "direction": "0", "dep_dt": "1459856772", "route_id": "Red", "dwell_time_sec": "82"}, {"arr_dt": "1459856887", "direction": "0", "dep_dt": "1459856966", "route_id": "Red", "dwell_time_sec": "79"}, {"arr_dt": "1459857106", "direction": "0", "dep_dt": "1459857187", "route_id": "Red", "dwell_time_sec": "81"}, {"arr_dt": "1459857366", "direction": "0", "dep_dt": "1459857446", "route_id": "Red", "dwell_time_sec": "80"}, {"arr_dt": "1459857725", "direction": "0", "dep_dt": "1459857799", "route_id": "Red", "dwell_time_sec": "74"}, {"arr_dt": "1459857973", "direction": "0", "dep_dt": "1459858087", "route_id": "Red", "dwell_time_sec": "114"}, {"arr_dt": "1459858172", "direction": "0", "dep_dt": "1459858265", "route_id": "Red", "dwell_time_sec": "93"}, {"arr_dt": "1459858457", "direction": "0", "dep_dt": "1459858603", "route_id": "Red", "dwell_time_sec": "146"}, {"arr_dt": "1459858709", "direction": "0", "dep_dt": "1459858789", "route_id": "Red", "dwell_time_sec": "80"}, {"arr_dt": "1459858887", "direction": "0", "dep_dt": "1459858973", "route_id": "Red", "dwell_time_sec": "86"}, {"arr_dt": "1459859310", "direction": "0", "dep_dt": "1459859524", "route_id": "Red", "dwell_time_sec": "214"}, {"arr_dt": "1459859772", "direction": "0", "dep_dt": "1459859866", "route_id": "Red", "dwell_time_sec": "94"}, {"arr_dt": "1459860436", "direction": "0", "dep_dt": "1459860571", "route_id": "Red", "dwell_time_sec": "135"}, {"arr_dt": "1459860714", "direction": "0", "dep_dt": "1459860828", "route_id": "Red", "dwell_time_sec": "114"}, {"arr_dt": "1459860942", "direction": "0", "dep_dt": "1459861058", "route_id": "Red", "dwell_time_sec": "116"}, {"arr_dt": "1459861163", "direction": "0", "dep_dt": "1459861260", "route_id": "Red", "dwell_time_sec": "97"}, {"arr_dt": "1459861351", "direction": "0", "dep_dt": "1459861441", "route_id": "Red", "dwell_time_sec": "90"}, {"arr_dt": "1459861602", "direction": "0", "dep_dt": "1459861708", "route_id": "Red", "dwell_time_sec": "106"}, {"arr_dt": "1459861788", "direction": "0", "dep_dt": "1459861885", "route_id": "Red", "dwell_time_sec": "97"}, {"arr_dt": "1459862000", "direction": "0", "dep_dt": "1459862093", "route_id": "Red", "dwell_time_sec": "93"}, {"arr_dt": "1459862189", "direction": "0", "dep_dt": "1459862283", "route_id": "Red", "dwell_time_sec": "94"}, {"arr_dt": "1459862369", "direction": "0", "dep_dt": "1459862450", "route_id": "Red", "dwell_time_sec": "81"}, {"arr_dt": "1459862553", "direction": "0", "dep_dt": "1459862640", "route_id": "Red", "dwell_time_sec": "87"}, {"arr_dt": "1459862720", "direction": "0", "dep_dt": "1459862818", "route_id": "Red", "dwell_time_sec": "98"}, {"arr_dt": "1459862953", "direction": "0", "dep_dt": "1459863033", "route_id": "Red", "dwell_time_sec": "80"}, {"arr_dt": "1459863130", "direction": "0", "dep_dt": "1459863210", "route_id": "Red", "dwell_time_sec": "80"}, {"arr_dt": "1459863318", "direction": "0", "dep_dt": "1459863396", "route_id": "Red", "dwell_time_sec": "78"}, {"arr_dt": "1459863564", "direction": "0", "dep_dt": "1459863634", "route_id": "Red", "dwell_time_sec": "70"}, {"arr_dt": "1459863763", "direction": "0", "dep_dt": "1459863851", "route_id": "Red", "dwell_time_sec": "88"}, {"arr_dt": "1459863933", "direction": "0", "dep_dt": "1459864023", "route_id": "Red", "dwell_time_sec": "90"}, {"arr_dt": "1459864230", "direction": "0", "dep_dt": "1459864307", "route_id": "Red", "dwell_time_sec": "77"}, {"arr_dt": "1459864450", "direction": "0", "dep_dt": "1459864517", "route_id": "Red", "dwell_time_sec": "67"}, {"arr_dt": "1459864698", "direction": "0", "dep_dt": "1459864806", "route_id": "Red", "dwell_time_sec": "108"}, {"arr_dt": "1459864904", "direction": "0", "dep_dt": "1459864966", "route_id": "Red", "dwell_time_sec": "62"}, {"arr_dt": "1459865276", "direction": "0", "dep_dt": "1459865358", "route_id": "Red", "dwell_time_sec": "82"}, {"arr_dt": "1459865519", "direction": "0", "dep_dt": "1459865604", "route_id": "Red", "dwell_time_sec": "85"}, {"arr_dt": "1459865747", "direction": "0", "dep_dt": "1459865825", "route_id": "Red", "dwell_time_sec": "78"}, {"arr_dt": "1459865923", "direction": "0", "dep_dt": "1459865986", "route_id": "Red", "dwell_time_sec": "63"}, {"arr_dt": "1459866201", "direction": "0", "dep_dt": "1459866275", "route_id": "Red", "dwell_time_sec": "74"}, {"arr_dt": "1459866388", "direction": "0", "dep_dt": "1459866449", "route_id": "Red", "dwell_time_sec": "61"}, {"arr_dt": "1459866711", "direction": "0", "dep_dt": "1459866779", "route_id": "Red", "dwell_time_sec": "68"}, {"arr_dt": "1459866903", "direction": "0", "dep_dt": "1459866958", "route_id": "Red", "dwell_time_sec": "55"}, {"arr_dt": "1459867120", "direction": "0", "dep_dt": "1459867185", "route_id": "Red", "dwell_time_sec": "65"}, {"arr_dt": "1459867555", "direction": "0", "dep_dt": "1459867630", "route_id": "Red", "dwell_time_sec": "75"}, {"arr_dt": "1459867906", "direction": "0", "dep_dt": "1459867965", "route_id": "Red", "dwell_time_sec": "59"}, {"arr_dt": "1459868109", "direction": "0", "dep_dt": "1459868182", "route_id": "Red", "dwell_time_sec": "73"}, {"arr_dt": "1459868389", "direction": "0", "dep_dt": "1459868454", "route_id": "Red", "dwell_time_sec": "65"}, {"arr_dt": "1459868642", "direction": "0", "dep_dt": "1459868727", "route_id": "Red", "dwell_time_sec": "85"}, {"arr_dt": "1459868887", "direction": "0", "dep_dt": "1459868956", "route_id": "Red", "dwell_time_sec": "69"}, {"arr_dt": "1459869404", "direction": "0", "dep_dt": "1459869477", "route_id": "Red", "dwell_time_sec": "73"}, {"arr_dt": "1459869939", "direction": "0", "dep_dt": "1459870011", "route_id": "Red", "dwell_time_sec": "72"}, {"arr_dt": "1459870344", "direction": "0", "dep_dt": "1459870411", "route_id": "Red", "dwell_time_sec": "67"}, {"arr_dt": "1459870647", "direction": "0", "dep_dt": "1459870712", "route_id": "Red", "dwell_time_sec": "65"}, {"arr_dt": "1459871242", "direction": "0", "dep_dt": "1459871330", "route_id": "Red", "dwell_time_sec": "88"}, {"arr_dt": "1459871471", "direction": "0", "dep_dt": "1459871553", "route_id": "Red", "dwell_time_sec": "82"}, {"arr_dt": "1459871735", "direction": "0", "dep_dt": "1459871805", "route_id": "Red", "dwell_time_sec": "70"}, {"arr_dt": "1459872130", "direction": "0", "dep_dt": "1459872198", "route_id": "Red", "dwell_time_sec": "68"}, {"arr_dt": "1459872469", "direction": "0", "dep_dt": "1459872532", "route_id": "Red", "dwell_time_sec": "63"}, {"arr_dt": "1459872959", "direction": "0", "dep_dt": "1459873047", "route_id": "Red", "dwell_time_sec": "88"}, {"arr_dt": "1459873419", "direction": "0", "dep_dt": "1459873496", "route_id": "Red", "dwell_time_sec": "77"}, {"arr_dt": "1459873784", "direction": "0", "dep_dt": "1459873841", "route_id": "Red", "dwell_time_sec": "57"}, {"arr_dt": "1459874182", "direction": "0", "dep_dt": "1459874248", "route_id": "Red", "dwell_time_sec": "66"}, {"arr_dt": "1459874452", "direction": "0", "dep_dt": "1459874539", "route_id": "Red", "dwell_time_sec": "87"}, {"arr_dt": "1459875221", "direction": "0", "dep_dt": "1459875307", "route_id": "Red", "dwell_time_sec": "86"}, {"arr_dt": "1459875453", "direction": "0", "dep_dt": "1459875521", "route_id": "Red", "dwell_time_sec": "68"}, {"arr_dt": "1459875900", "direction": "0", "dep_dt": "1459875971", "route_id": "Red", "dwell_time_sec": "71"}, {"arr_dt": "1459876266", "direction": "0", "dep_dt": "1459876333", "route_id": "Red", "dwell_time_sec": "67"}, {"arr_dt": "1459876814", "direction": "0", "dep_dt": "1459876898", "route_id": "Red", "dwell_time_sec": "84"}, {"arr_dt": "1459877194", "direction": "0", "dep_dt": "1459877299", "route_id": "Red", "dwell_time_sec": "105"}, {"arr_dt": "1459877556", "direction": "0", "dep_dt": "1459877633", "route_id": "Red", "dwell_time_sec": "77"}, {"arr_dt": "1459877784", "direction": "0", "dep_dt": "1459877841", "route_id": "Red", "dwell_time_sec": "57"}, {"arr_dt": "1459878170", "direction": "0", "dep_dt": "1459878235", "route_id": "Red", "dwell_time_sec": "65"}, {"arr_dt": "1459878670", "direction": "0", "dep_dt": "1459878769", "route_id": "Red", "dwell_time_sec": "99"}, {"arr_dt": "1459879205", "direction": "0", "dep_dt": "1459879275", "route_id": "Red", "dwell_time_sec": "70"}, {"arr_dt": "1459879704", "direction": "0", "dep_dt": "1459879829", "route_id": "Red", "dwell_time_sec": "125"}, {"arr_dt": "1459880189", "direction": "0", "dep_dt": "1459880293", "route_id": "Red", "dwell_time_sec": "104"}, {"arr_dt": "1459880453", "direction": "0", "dep_dt": "1459880526", "route_id": "Red", "dwell_time_sec": "73"}, {"arr_dt": "1459880793", "direction": "0", "dep_dt": "1459880869", "route_id": "Red", "dwell_time_sec": "76"}, {"arr_dt": "1459881182", "direction": "0", "dep_dt": "1459881253", "route_id": "Red", "dwell_time_sec": "71"}, {"arr_dt": "1459881666", "direction": "0", "dep_dt": "1459881750", "route_id": "Red", "dwell_time_sec": "84"}, {"arr_dt": "1459882047", "direction": "0", "dep_dt": "1459882126", "route_id": "Red", "dwell_time_sec": "79"}, {"arr_dt": "1459882739", "direction": "0", "dep_dt": "1459882836", "route_id": "Red", "dwell_time_sec": "97"}, {"arr_dt": "1459882968", "direction": "0", "dep_dt": "1459883050", "route_id": "Red", "dwell_time_sec": "82"}, {"arr_dt": "1459883218", "direction": "0", "dep_dt": "1459883291", "route_id": "Red", "dwell_time_sec": "73"}, {"arr_dt": "1459883728", "direction": "0", "dep_dt": "1459883816", "route_id": "Red", "dwell_time_sec": "88"}, {"arr_dt": "1459884272", "direction": "0", "dep_dt": "1459884387", "route_id": "Red", "dwell_time_sec": "115"}, {"arr_dt": "1459884486", "direction": "0", "dep_dt": "1459884588", "route_id": "Red", "dwell_time_sec": "102"}, {"arr_dt": "1459884750", "direction": "0", "dep_dt": "1459884826", "route_id": "Red", "dwell_time_sec": "76"}, {"arr_dt": "1459885106", "direction": "0", "dep_dt": "1459885188", "route_id": "Red", "dwell_time_sec": "82"}, {"arr_dt": "1459885283", "direction": "0", "dep_dt": "1459885388", "route_id": "Red", "dwell_time_sec": "105"}, {"arr_dt": "1459885795", "direction": "0", "dep_dt": "1459885895", "route_id": "Red", "dwell_time_sec": "100"}, {"arr_dt": "1459886132", "direction": "0", "dep_dt": "1459886223", "route_id": "Red", "dwell_time_sec": "91"}, {"arr_dt": "1459886492", "direction": "0", "dep_dt": "1459886579", "route_id": "Red", "dwell_time_sec": "87"}, {"arr_dt": "1459886820", "direction": "0", "dep_dt": "1459886902", "route_id": "Red", "dwell_time_sec": "82"}, {"arr_dt": "1459887132", "direction": "0", "dep_dt": "1459887212", "route_id": "Red", "dwell_time_sec": "80"}, {"arr_dt": "1459887403", "direction": "0", "dep_dt": "1459887503", "route_id": "Red", "dwell_time_sec": "100"}, {"arr_dt": "1459887756", "direction": "0", "dep_dt": "1459887842", "route_id": "Red", "dwell_time_sec": "86"}, {"arr_dt": "1459888029", "direction": "0", "dep_dt": "1459888129", "route_id": "Red", "dwell_time_sec": "100"}, {"arr_dt": "1459888325", "direction": "0", "dep_dt": "1459888399", "route_id": "Red", "dwell_time_sec": "74"}, {"arr_dt": "1459888762", "direction": "0", "dep_dt": "1459888889", "route_id": "Red", "dwell_time_sec": "127"}, {"arr_dt": "1459889037", "direction": "0", "dep_dt": "1459889127", "route_id": "Red", "dwell_time_sec": "90"}, {"arr_dt": "1459889248", "direction": "0", "dep_dt": "1459889334", "route_id": "Red", "dwell_time_sec": "86"}, {"arr_dt": "1459889504", "direction": "0", "dep_dt": "1459889623", "route_id": "Red", "dwell_time_sec": "119"}, {"arr_dt": "1459889711", "direction": "0", "dep_dt": "1459889810", "route_id": "Red", "dwell_time_sec": "99"}, {"arr_dt": "1459890001", "direction": "0", "dep_dt": "1459890087", "route_id": "Red", "dwell_time_sec": "86"}, {"arr_dt": "1459890203", "direction": "0", "dep_dt": "1459890278", "route_id": "Red", "dwell_time_sec": "75"}, {"arr_dt": "1459890407", "direction": "0", "dep_dt": "1459890497", "route_id": "Red", "dwell_time_sec": "90"}, {"arr_dt": "1459890592", "direction": "0", "dep_dt": "1459890694", "route_id": "Red", "dwell_time_sec": "102"}, {"arr_dt": "1459890812", "direction": "0", "dep_dt": "1459890899", "route_id": "Red", "dwell_time_sec": "87"}, {"arr_dt": "1459890998", "direction": "0", "dep_dt": "1459891103", "route_id": "Red", "dwell_time_sec": "105"}, {"arr_dt": "1459891219", "direction": "0", "dep_dt": "1459891320", "route_id": "Red", "dwell_time_sec": "101"}, {"arr_dt": "1459891415", "direction": "0", "dep_dt": "1459891532", "route_id": "Red", "dwell_time_sec": "117"}, {"arr_dt": "1459891707", "direction": "0", "dep_dt": "1459891869", "route_id": "Red", "dwell_time_sec": "162"}, {"arr_dt": "1459891938", "direction": "0", "dep_dt": "1459892074", "route_id": "Red", "dwell_time_sec": "136"}, {"arr_dt": "1459892227", "direction": "0", "dep_dt": "1459892374", "route_id": "Red", "dwell_time_sec": "147"}, {"arr_dt": "1459892463", "direction": "0", "dep_dt": "1459892576", "route_id": "Red", "dwell_time_sec": "113"}, {"arr_dt": "1459892694", "direction": "0", "dep_dt": "1459892781", "route_id": "Red", "dwell_time_sec": "87"}, {"arr_dt": "1459892908", "direction": "0", "dep_dt": "1459893002", "route_id": "Red", "dwell_time_sec": "94"}, {"arr_dt": "1459893132", "direction": "0", "dep_dt": "1459893215", "route_id": "Red", "dwell_time_sec": "83"}, {"arr_dt": "1459893336", "direction": "0", "dep_dt": "1459893448", "route_id": "Red", "dwell_time_sec": "112"}, {"arr_dt": "1459893673", "direction": "0", "dep_dt": "1459893767", "route_id": "Red", "dwell_time_sec": "94"}, {"arr_dt": "1459893899", "direction": "0", "dep_dt": "1459893988", "route_id": "Red", "dwell_time_sec": "89"}, {"arr_dt": "1459894169", "direction": "0", "dep_dt": "1459894288", "route_id": "Red", "dwell_time_sec": "119"}, {"arr_dt": "1459894377", "direction": "0", "dep_dt": "1459894481", "route_id": "Red", "dwell_time_sec": "104"}, {"arr_dt": "1459894705", "direction": "0", "dep_dt": "1459894824", "route_id": "Red", "dwell_time_sec": "119"}, {"arr_dt": "1459894939", "direction": "0", "dep_dt": "1459895036", "route_id": "Red", "dwell_time_sec": "97"}, {"arr_dt": "1459895179", "direction": "0", "dep_dt": "1459895262", "route_id": "Red", "dwell_time_sec": "83"}, {"arr_dt": "1459895367", "direction": "0", "dep_dt": "1459895470", "route_id": "Red", "dwell_time_sec": "103"}, {"arr_dt": "1459895763", "direction": "0", "dep_dt": "1459895842", "route_id": "Red", "dwell_time_sec": "79"}, {"arr_dt": "1459895941", "direction": "0", "dep_dt": "1459896028", "route_id": "Red", "dwell_time_sec": "87"}, {"arr_dt": "1459896167", "direction": "0", "dep_dt": "1459896234", "route_id": "Red", "dwell_time_sec": "67"}, {"arr_dt": "1459896339", "direction": "0", "dep_dt": "1459896442", "route_id": "Red", "dwell_time_sec": "103"}, {"arr_dt": "1459897069", "direction": "0", "dep_dt": "1459897168", "route_id": "Red", "dwell_time_sec": "99"}, {"arr_dt": "1459897314", "direction": "0", "dep_dt": "1459897387", "route_id": "Red", "dwell_time_sec": "73"}, {"arr_dt": "1459897489", "direction": "0", "dep_dt": "1459897567", "route_id": "Red", "dwell_time_sec": "78"}, {"arr_dt": "1459897658", "direction": "0", "dep_dt": "1459897739", "route_id": "Red", "dwell_time_sec": "81"}, {"arr_dt": "1459897856", "direction": "0", "dep_dt": "1459897943", "route_id": "Red", "dwell_time_sec": "87"}, {"arr_dt": "1459898060", "direction": "0", "dep_dt": "1459898166", "route_id": "Red", "dwell_time_sec": "106"}, {"arr_dt": "1459898301", "direction": "0", "dep_dt": "1459898370", "route_id": "Red", "dwell_time_sec": "69"}, {"arr_dt": "1459898566", "direction": "0", "dep_dt": "1459898655", "route_id": "Red", "dwell_time_sec": "89"}, {"arr_dt": "1459898757", "direction": "0", "dep_dt": "1459898829", "route_id": "Red", "dwell_time_sec": "72"}, {"arr_dt": "1459898985", "direction": "0", "dep_dt": "1459899068", "route_id": "Red", "dwell_time_sec": "83"}, {"arr_dt": "1459899197", "direction": "0", "dep_dt": "1459899263", "route_id": "Red", "dwell_time_sec": "66"}, {"arr_dt": "1459899598", "direction": "0", "dep_dt": "1459899688", "route_id": "Red", "dwell_time_sec": "90"}, {"arr_dt": "1459899910", "direction": "0", "dep_dt": "1459899998", "route_id": "Red", "dwell_time_sec": "88"}, {"arr_dt": "1459900089", "direction": "0", "dep_dt": "1459900168", "route_id": "Red", "dwell_time_sec": "79"}, {"arr_dt": "1459900276", "direction": "0", "dep_dt": "1459900353", "route_id": "Red", "dwell_time_sec": "77"}, {"arr_dt": "1459900567", "direction": "0", "dep_dt": "1459900657", "route_id": "Red", "dwell_time_sec": "90"}, {"arr_dt": "1459900778", "direction": "0", "dep_dt": "1459900846", "route_id": "Red", "dwell_time_sec": "68"}, {"arr_dt": "1459901239", "direction": "0", "dep_dt": "1459901312", "route_id": "Red", "dwell_time_sec": "73"}, {"arr_dt": "1459901441", "direction": "0", "dep_dt": "1459901509", "route_id": "Red", "dwell_time_sec": "68"}, {"arr_dt": "1459901960", "direction": "0", "dep_dt": "1459902032", "route_id": "Red", "dwell_time_sec": "72"}, {"arr_dt": "1459902140", "direction": "0", "dep_dt": "1459902235", "route_id": "Red", "dwell_time_sec": "95"}, {"arr_dt": "1459902453", "direction": "0", "dep_dt": "1459902525", "route_id": "Red", "dwell_time_sec": "72"}, {"arr_dt": "1459902778", "direction": "0", "dep_dt": "1459902861", "route_id": "Red", "dwell_time_sec": "83"}, {"arr_dt": "1459903151", "direction": "0", "dep_dt": "1459903237", "route_id": "Red", "dwell_time_sec": "86"}, {"arr_dt": "1459903380", "direction": "0", "dep_dt": "1459903463", "route_id": "Red", "dwell_time_sec": "83"}, {"arr_dt": "1459903826", "direction": "0", "dep_dt": "1459903915", "route_id": "Red", "dwell_time_sec": "89"}, {"arr_dt": "1459904082", "direction": "0", "dep_dt": "1459904156", "route_id": "Red", "dwell_time_sec": "74"}, {"arr_dt": "1459904589", "direction": "0", "dep_dt": "1459904663", "route_id": "Red", "dwell_time_sec": "74"}, {"arr_dt": "1459905091", "direction": "0", "dep_dt": "1459905176", "route_id": "Red", "dwell_time_sec": "85"}, {"arr_dt": "1459905262", "direction": "0", "dep_dt": "1459905345", "route_id": "Red", "dwell_time_sec": "83"}, {"arr_dt": "1459905533", "direction": "0", "dep_dt": "1459905613", "route_id": "Red", "dwell_time_sec": "80"}, {"arr_dt": "1459905927", "direction": "0", "dep_dt": "1459905999", "route_id": "Red", "dwell_time_sec": "72"}, {"arr_dt": "1459906660", "direction": "0", "dep_dt": "1459906748", "route_id": "Red", "dwell_time_sec": "88"}, {"arr_dt": "1459906934", "direction": "0", "dep_dt": "1459907018", "route_id": "Red", "dwell_time_sec": "84"}, {"arr_dt": "1459907196", "direction": "0", "dep_dt": "1459907252", "route_id": "Red", "dwell_time_sec": "56"}, {"arr_dt": "1459907611", "direction": "0", "dep_dt": "1459907685", "route_id": "Red", "dwell_time_sec": "74"}, {"arr_dt": "1459907897", "direction": "0", "dep_dt": "1459907974", "route_id": "Red", "dwell_time_sec": "77"}, {"arr_dt": "1459908321", "direction": "0", "dep_dt": "1459908389", "route_id": "Red", "dwell_time_sec": "68"}, {"arr_dt": "1459908738", "direction": "0", "dep_dt": "1459908865", "route_id": "Red", "dwell_time_sec": "127"}, {"arr_dt": "1459908975", "direction": "0", "dep_dt": "1459909055", "route_id": "Red", "dwell_time_sec": "80"}, {"arr_dt": "1459909283", "direction": "0", "dep_dt": "1459909360", "route_id": "Red", "dwell_time_sec": "77"}, {"arr_dt": "1459909526", "direction": "0", "dep_dt": "1459909599", "route_id": "Red", "dwell_time_sec": "73"}, {"arr_dt": "1459909905", "direction": "0", "dep_dt": "1459909974", "route_id": "Red", "dwell_time_sec": "69"}, {"arr_dt": "1459910218", "direction": "0", "dep_dt": "1459910275", "route_id": "Red", "dwell_time_sec": "57"}, {"arr_dt": "1459910400", "direction": "0", "dep_dt": "1459910482", "route_id": "Red", "dwell_time_sec": "82"}, {"arr_dt": "1459911360", "direction": "0", "dep_dt": "1459911432", "route_id": "Red", "dwell_time_sec": "72"}, {"arr_dt": "1459911641", "direction": "0", "dep_dt": "1459911713", "route_id": "Red", "dwell_time_sec": "72"}, {"arr_dt": "1459912141", "direction": "0", "dep_dt": "1459912296", "route_id": "Red", "dwell_time_sec": "155"}, {"arr_dt": "1459912473", "direction": "0", "dep_dt": "1459912553", "route_id": "Red", "dwell_time_sec": "80"}, {"arr_dt": "1459912796", "direction": "0", "dep_dt": "1459912877", "route_id": "Red", "dwell_time_sec": "81"}, {"arr_dt": "1459913049", "direction": "0", "dep_dt": "1459913176", "route_id": "Red", "dwell_time_sec": "127"}, {"arr_dt": "1459913350", "direction": "0", "dep_dt": "1459913409", "route_id": "Red", "dwell_time_sec": "59"}, {"arr_dt": "1459913996", "direction": "0", "dep_dt": "1459914106", "route_id": "Red", "dwell_time_sec": "110"}, {"arr_dt": "1459914391", "direction": "0", "dep_dt": "1459914452", "route_id": "Red", "dwell_time_sec": "61"}, {"arr_dt": "1459914749", "direction": "0", "dep_dt": "1459914818", "route_id": "Red", "dwell_time_sec": "69"}]}