{"dwell_times": [{"arr_dt": "1452748004", "direction": "0", "dep_dt": "1452748077", "route_id": "Red", "dwell_time_sec": "73"}, {"arr_dt": "1452748184", "direction": "0", "dep_dt": "1452748243", "route_id": "Red", "dwell_time_sec": "59"}, {"arr_dt": "1452748545", "direction": "0", "dep_dt": "1452748613", "route_id": "Red", "dwell_time_sec": "68"}, {"arr_dt": "1452748758", "direction": "0", "dep_dt": "1452748823", "route_id": "Red", "dwell_time_sec": "65"}, {"arr_dt": "1452749114", "direction": "0", "dep_dt": "1452749178", "route_id": "Red", "dwell_time_sec": "64"}, {"arr_dt": "1452749373", "direction": "0", "dep_dt": "1452749435", "route_id": "Red", "dwell_time_sec": "62"}, {"arr_dt": "1452750043", "direction": "0", "dep_dt": "1452750101", "route_id": "Red", "dwell_time_sec": "58"}, {"arr_dt": "1452750610", "direction": "0", "dep_dt": "1452752016", "route_id": "Red", "dwell_time_sec": "1406"}, {"arr_dt": "1452767607", "direction": "0", "dep_dt": "1452767662", "route_id": "Red", "dwell_time_sec": "55"}, {"arr_dt": "1452768177", "direction": "0", "dep_dt": "1452768264", "route_id": "Red", "dwell_time_sec": "87"}, {"arr_dt": "1452768895", "direction": "0", "dep_dt": "1452768963", "route_id": "Red", "dwell_time_sec": "68"}, {"arr_dt": "1452769366", "direction": "0", "dep_dt": "1452769422", "route_id": "Red", "dwell_time_sec": "56"}, {"arr_dt": "1452770060", "direction": "0", "dep_dt": "1452770144", "route_id": "Red", "dwell_time_sec": "84"}, {"arr_dt": "1452770783", "direction": "0", "dep_dt": "1452770846", "route_id": "Red", "dwell_time_sec": "63"}, {"arr_dt": "1452771213", "direction": "0", "dep_dt": "1452771278", "route_id": "Red", "dwell_time_sec": "65"}, {"arr_dt": "1452771469", "direction": "0", "dep_dt": "1452771564", "route_id": "Red", "dwell_time_sec": "95"}, {"arr_dt": "1452771663", "direction": "0", "dep_dt": "1452771778", "route_id": "Red", "dwell_time_sec": "115"}, {"arr_dt": "1452771947", "direction": "0", "dep_dt": "1452772013", "route_id": "Red", "dwell_time_sec": "66"}, {"arr_dt": "1452772204", "direction": "0", "dep_dt": "1452772267", "route_id": "Red", "dwell_time_sec": "63"}, {"arr_dt": "1452772766", "direction": "0", "dep_dt": "1452772871", "route_id": "Red", "dwell_time_sec": "105"}, {"arr_dt": "1452773022", "direction": "0", "dep_dt": "1452773119", "route_id": "Red", "dwell_time_sec": "97"}, {"arr_dt": "1452773430", "direction": "0", "dep_dt": "1452773504", "route_id": "Red", "dwell_time_sec": "74"}, {"arr_dt": "1452773820", "direction": "0", "dep_dt": "1452773898", "route_id": "Red", "dwell_time_sec": "78"}, {"arr_dt": "1452774038", "direction": "0", "dep_dt": "1452774107", "route_id": "Red", "dwell_time_sec": "69"}, {"arr_dt": "1452774472", "direction": "0", "dep_dt": "1452774564", "route_id": "Red", "dwell_time_sec": "92"}, {"arr_dt": "1452774678", "direction": "0", "dep_dt": "1452774757", "route_id": "Red", "dwell_time_sec": "79"}, {"arr_dt": "1452775123", "direction": "0", "dep_dt": "1452775202", "route_id": "Red", "dwell_time_sec": "79"}, {"arr_dt": "1452775453", "direction": "0", "dep_dt": "1452775545", "route_id": "Red", "dwell_time_sec": "92"}, {"arr_dt": "1452775644", "direction": "0", "dep_dt": "1452775732", "route_id": "Red", "dwell_time_sec": "88"}, {"arr_dt": "1452775852", "direction": "0", "dep_dt": "1452775934", "route_id": "Red", "dwell_time_sec": "82"}, {"arr_dt": "1452776034", "direction": "0", "dep_dt": "1452776138", "route_id": "Red", "dwell_time_sec": "104"}, {"arr_dt": "1452776209", "direction": "0", "dep_dt": "1452776317", "route_id": "Red", "dwell_time_sec": "108"}, {"arr_dt": "1452776483", "direction": "0", "dep_dt": "1452776573", "route_id": "Red", "dwell_time_sec": "90"}, {"arr_dt": "1452776808", "direction": "0", "dep_dt": "1452776896", "route_id": "Red", "dwell_time_sec": "88"}, {"arr_dt": "1452777004", "direction": "0", "dep_dt": "1452777138", "route_id": "Red", "dwell_time_sec": "134"}, {"arr_dt": "1452777231", "direction": "0", "dep_dt": "1452777320", "route_id": "Red", "dwell_time_sec": "89"}, {"arr_dt": "1452777452", "direction": "0", "dep_dt": "1452777561", "route_id": "Red", "dwell_time_sec": "109"}, {"arr_dt": "1452777760", "direction": "0", "dep_dt": "1452777933", "route_id": "Red", "dwell_time_sec": "173"}, {"arr_dt": "1452778020", "direction": "0", "dep_dt": "1452778118", "route_id": "Red", "dwell_time_sec": "98"}, {"arr_dt": "1452778299", "direction": "0", "dep_dt": "1452778377", "route_id": "Red", "dwell_time_sec": "78"}, {"arr_dt": "1452778491", "direction": "0", "dep_dt": "1452778589", "route_id": "Red", "dwell_time_sec": "98"}, {"arr_dt": "1452778762", "direction": "0", "dep_dt": "1452778884", "route_id": "Red", "dwell_time_sec": "122"}, {"arr_dt": "1452779033", "direction": "0", "dep_dt": "1452779139", "route_id": "Red", "dwell_time_sec": "106"}, {"arr_dt": "1452779244", "direction": "0", "dep_dt": "1452779362", "route_id": "Red", "dwell_time_sec": "118"}, {"arr_dt": "1452779488", "direction": "0", "dep_dt": "1452779581", "route_id": "Red", "dwell_time_sec": "93"}, {"arr_dt": "1452779708", "direction": "0", "dep_dt": "1452779797", "route_id": "Red", "dwell_time_sec": "89"}, {"arr_dt": "1452779916", "direction": "0", "dep_dt": "1452780018", "route_id": "Red", "dwell_time_sec": "102"}, {"arr_dt": "1452780134", "direction": "0", "dep_dt": "1452780237", "route_id": "Red", "dwell_time_sec": "103"}, {"arr_dt": "1452780358", "direction": "0", "dep_dt": "1452780479", "route_id": "Red", "dwell_time_sec": "121"}, {"arr_dt": "1452780787", "direction": "0", "dep_dt": "1452780887", "route_id": "Red", "dwell_time_sec": "100"}, {"arr_dt": "1452781194", "direction": "0", "dep_dt": "1452781369", "route_id": "Red", "dwell_time_sec": "175"}, {"arr_dt": "1452781761", "direction": "0", "dep_dt": "1452781842", "route_id": "Red", "dwell_time_sec": "81"}, {"arr_dt": "1452781959", "direction": "0", "dep_dt": "1452782044", "route_id": "Red", "dwell_time_sec": "85"}, {"arr_dt": "1452782175", "direction": "0", "dep_dt": "1452782251", "route_id": "Red", "dwell_time_sec": "76"}, {"arr_dt": "1452782372", "direction": "0", "dep_dt": "1452782442", "route_id": "Red", "dwell_time_sec": "70"}, {"arr_dt": "1452782560", "direction": "0", "dep_dt": "1452782650", "route_id": "Red", "dwell_time_sec": "90"}, {"arr_dt": "1452782740", "direction": "0", "dep_dt": "1452782818", "route_id": "Red", "dwell_time_sec": "78"}, {"arr_dt": "1452783044", "direction": "0", "dep_dt": "1452783115", "route_id": "Red", "dwell_time_sec": "71"}, {"arr_dt": "1452783210", "direction": "0", "dep_dt": "1452783284", "route_id": "Red", "dwell_time_sec": "74"}, {"arr_dt": "1452783392", "direction": "0", "dep_dt": "1452783453", "route_id": "Red", "dwell_time_sec": "61"}, {"arr_dt": "1452783614", "direction": "0", "dep_dt": "1452783680", "route_id": "Red", "dwell_time_sec": "66"}, {"arr_dt": "1452783883", "direction": "0", "dep_dt": "1452783958", "route_id": "Red", "dwell_time_sec": "75"}, {"arr_dt": "1452784075", "direction": "0", "dep_dt": "1452784165", "route_id": "Red", "dwell_time_sec": "90"}, {"arr_dt": "1452784329", "direction": "0", "dep_dt": "1452784398", "route_id": "Red", "dwell_time_sec": "69"}, {"arr_dt": "1452784528", "direction": "0", "dep_dt": "1452784608", "route_id": "Red", "dwell_time_sec": "80"}, {"arr_dt": "1452784735", "direction": "0", "dep_dt": "1452784822", "route_id": "Red", "dwell_time_sec": "87"}, {"arr_dt": "1452784982", "direction": "0", "dep_dt": "1452785069", "route_id": "Red", "dwell_time_sec": "87"}, {"arr_dt": "1452785374", "direction": "0", "dep_dt": "1452785447", "route_id": "Red", "dwell_time_sec": "73"}, {"arr_dt": "1452785552", "direction": "0", "dep_dt": "1452785634", "route_id": "Red", "dwell_time_sec": "82"}, {"arr_dt": "1452785828", "direction": "0", "dep_dt": "1452785899", "route_id": "Red", "dwell_time_sec": "71"}, {"arr_dt": "1452786181", "direction": "0", "dep_dt": "1452786246", "route_id": "Red", "dwell_time_sec": "65"}, {"arr_dt": "1452786597", "direction": "0", "dep_dt": "1452786658", "route_id": "Red", "dwell_time_sec": "61"}, {"arr_dt": "1452786984", "direction": "0", "dep_dt": "1452787045", "route_id": "Red", "dwell_time_sec": "61"}, {"arr_dt": "1452787161", "direction": "0", "dep_dt": "1452787226", "route_id": "Red", "dwell_time_sec": "65"}, {"arr_dt": "1452787372", "direction": "0", "dep_dt": "1452787434", "route_id": "Red", "dwell_time_sec": "62"}, {"arr_dt": "1452787612", "direction": "0", "dep_dt": "1452787705", "route_id": "Red", "dwell_time_sec": "93"}, {"arr_dt": "1452787877", "direction": "0", "dep_dt": "1452787935", "route_id": "Red", "dwell_time_sec": "58"}, {"arr_dt": "1452788364", "direction": "0", "dep_dt": "1452788437", "route_id": "Red", "dwell_time_sec": "73"}, {"arr_dt": "1452789003", "direction": "0", "dep_dt": "1452789075", "route_id": "Red", "dwell_time_sec": "72"}, {"arr_dt": "1452789184", "direction": "0", "dep_dt": "1452789252", "route_id": "Red", "dwell_time_sec": "68"}, {"arr_dt": "1452789407", "direction": "0", "dep_dt": "1452789482", "route_id": "Red", "dwell_time_sec": "75"}, {"arr_dt": "1452789835", "direction": "0", "dep_dt": "1452789904", "route_id": "Red", "dwell_time_sec": "69"}, {"arr_dt": "1452790328", "direction": "0", "dep_dt": "1452790411", "route_id": "Red", "dwell_time_sec": "83"}, {"arr_dt": "1452790511", "direction": "0", "dep_dt": "1452790591", "route_id": "Red", "dwell_time_sec": "80"}, {"arr_dt": "1452790879", "direction": "0", "dep_dt": "1452790942", "route_id": "Red", "dwell_time_sec": "63"}, {"arr_dt": "1452791111", "direction": "0", "dep_dt": "1452791170", "route_id": "Red", "dwell_time_sec": "59"}, {"arr_dt": "1452791936", "direction": "0", "dep_dt": "1452792012", "route_id": "Red", "dwell_time_sec": "76"}, {"arr_dt": "1452792111", "direction": "0", "dep_dt": "1452792180", "route_id": "Red", "dwell_time_sec": "69"}, {"arr_dt": "1452792556", "direction": "0", "dep_dt": "1452792668", "route_id": "Red", "dwell_time_sec": "112"}, {"arr_dt": "1452792834", "direction": "0", "dep_dt": "1452792901", "route_id": "Red", "dwell_time_sec": "67"}, {"arr_dt": "1452793383", "direction": "0", "dep_dt": "1452793474", "route_id": "Red", "dwell_time_sec": "91"}, {"arr_dt": "1452793767", "direction": "0", "dep_dt": "1452793838", "route_id": "Red", "dwell_time_sec": "71"}, {"arr_dt": "1452794428", "direction": "0", "dep_dt": "1452794506", "route_id": "Red", "dwell_time_sec": "78"}, {"arr_dt": "1452794745", "direction": "0", "dep_dt": "1452794807", "route_id": "Red", "dwell_time_sec": "62"}, {"arr_dt": "1452795199", "direction": "0", "dep_dt": "1452795265", "route_id": "Red", "dwell_time_sec": "66"}, {"arr_dt": "1452795453", "direction": "0", "dep_dt": "1452795515", "route_id": "Red", "dwell_time_sec": "62"}, {"arr_dt": "1452795960", "direction": "0", "dep_dt": "1452796068", "route_id": "Red", "dwell_time_sec": "108"}, {"arr_dt": "1452796275", "direction": "0", "dep_dt": "1452796344", "route_id": "Red", "dwell_time_sec": "69"}, {"arr_dt": "1452796964", "direction": "0", "dep_dt": "1452797063", "route_id": "Red", "dwell_time_sec": "99"}, {"arr_dt": "1452797172", "direction": "0", "dep_dt": "1452797246", "route_id": "Red", "dwell_time_sec": "74"}, {"arr_dt": "1452797744", "direction": "0", "dep_dt": "1452797818", "route_id": "Red", "dwell_time_sec": "74"}, {"arr_dt": "1452798174", "direction": "0", "dep_dt": "1452798236", "route_id": "Red", "dwell_time_sec": "62"}, {"arr_dt": "1452798379", "direction": "0", "dep_dt": "1452798442", "route_id": "Red", "dwell_time_sec": "63"}, {"arr_dt": "1452798837", "direction": "0", "dep_dt": "1452798901", "route_id": "Red", "dwell_time_sec": "64"}, {"arr_dt": "1452799306", "direction": "0", "dep_dt": "1452799398", "route_id": "Red", "dwell_time_sec": "92"}, {"arr_dt": "1452799650", "direction": "0", "dep_dt": "1452799751", "route_id": "Red", "dwell_time_sec": "101"}, {"arr_dt": "1452800004", "direction": "0", "dep_dt": "1452800100", "route_id": "Red", "dwell_time_sec": "96"}, {"arr_dt": "1452800891", "direction": "0", "dep_dt": "1452800982", "route_id": "Red", "dwell_time_sec": "91"}, {"arr_dt": "1452801232", "direction": "0", "dep_dt": "1452801302", "route_id": "Red", "dwell_time_sec": "70"}, {"arr_dt": "1452801591", "direction": "0", "dep_dt": "1452801662", "route_id": "Red", "dwell_time_sec": "71"}, {"arr_dt": "1452802280", "direction": "0", "dep_dt": "1452802399", "route_id": "Red", "dwell_time_sec": "119"}, {"arr_dt": "1452802749", "direction": "0", "dep_dt": "1452802844", "route_id": "Red", "dwell_time_sec": "95"}, {"arr_dt": "1452803213", "direction": "0", "dep_dt": "1452803428", "route_id": "Red", "dwell_time_sec": "215"}, {"arr_dt": "1452803913", "direction": "0", "dep_dt": "1452804043", "route_id": "Red", "dwell_time_sec": "130"}, {"arr_dt": "1452804206", "direction": "0", "dep_dt": "1452804268", "route_id": "Red", "dwell_time_sec": "62"}, {"arr_dt": "1452804384", "direction": "0", "dep_dt": "1452804473", "route_id": "Red", "dwell_time_sec": "89"}, {"arr_dt": "1452804615", "direction": "0", "dep_dt": "1452804700", "route_id": "Red", "dwell_time_sec": "85"}, {"arr_dt": "1452804971", "direction": "0", "dep_dt": "1452805087", "route_id": "Red", "dwell_time_sec": "116"}, {"arr_dt": "1452805179", "direction": "0", "dep_dt": "1452805275", "route_id": "Red", "dwell_time_sec": "96"}, {"arr_dt": "1452805379", "direction": "0", "dep_dt": "1452805513", "route_id": "Red", "dwell_time_sec": "134"}, {"arr_dt": "1452806003", "direction": "0", "dep_dt": "1452806135", "route_id": "Red", "dwell_time_sec": "132"}, {"arr_dt": "1452806271", "direction": "0", "dep_dt": "1452806380", "route_id": "Red", "dwell_time_sec": "109"}, {"arr_dt": "1452806515", "direction": "0", "dep_dt": "1452806619", "route_id": "Red", "dwell_time_sec": "104"}, {"arr_dt": "1452807060", "direction": "0", "dep_dt": "1452807151", "route_id": "Red", "dwell_time_sec": "91"}, {"arr_dt": "1452807434", "direction": "0", "dep_dt": "1452807568", "route_id": "Red", "dwell_time_sec": "134"}, {"arr_dt": "1452807690", "direction": "0", "dep_dt": "1452807804", "route_id": "Red", "dwell_time_sec": "114"}, {"arr_dt": "1452807922", "direction": "0", "dep_dt": "1452808024", "route_id": "Red", "dwell_time_sec": "102"}, {"arr_dt": "1452808119", "direction": "0", "dep_dt": "1452808210", "route_id": "Red", "dwell_time_sec": "91"}, {"arr_dt": "1452808314", "direction": "0", "dep_dt": "1452808424", "route_id": "Red", "dwell_time_sec": "110"}, {"arr_dt": "1452808543", "direction": "0", "dep_dt": "1452808651", "route_id": "Red", "dwell_time_sec": "108"}, {"arr_dt": "1452808756", "direction": "0", "dep_dt": "1452808873", "route_id": "Red", "dwell_time_sec": "117"}, {"arr_dt": "1452808965", "direction": "0", "dep_dt": "1452809087", "route_id": "Red", "dwell_time_sec": "122"}, {"arr_dt": "1452809361", "direction": "0", "dep_dt": "1452809454", "route_id": "Red", "dwell_time_sec": "93"}, {"arr_dt": "1452809553", "direction": "0", "dep_dt": "1452809728", "route_id": "Red", "dwell_time_sec": "175"}, {"arr_dt": "1452809800", "direction": "0", "dep_dt": "1452809894", "route_id": "Red", "dwell_time_sec": "94"}, {"arr_dt": "1452810072", "direction": "0", "dep_dt": "1452810184", "route_id": "Red", "dwell_time_sec": "112"}, {"arr_dt": "1452810322", "direction": "0", "dep_dt": "1452810443", "route_id": "Red", "dwell_time_sec": "121"}, {"arr_dt": "1452810551", "direction": "0", "dep_dt": "1452810642", "route_id": "Red", "dwell_time_sec": "91"}, {"arr_dt": "1452810755", "direction": "0", "dep_dt": "1452810858", "route_id": "Red", "dwell_time_sec": "103"}, {"arr_dt": "1452810980", "direction": "0", "dep_dt": "1452811101", "route_id": "Red", "dwell_time_sec": "121"}, {"arr_dt": "1452811284", "direction": "0", "dep_dt": "1452811397", "route_id": "Red", "dwell_time_sec": "113"}, {"arr_dt": "1452811512", "direction": "0", "dep_dt": "1452811632", "route_id": "Red", "dwell_time_sec": "120"}, {"arr_dt": "1452811719", "direction": "0", "dep_dt": "1452811815", "route_id": "Red", "dwell_time_sec": "96"}, {"arr_dt": "1452811924", "direction": "0", "dep_dt": "1452812025", "route_id": "Red", "dwell_time_sec": "101"}, {"arr_dt": "1452812170", "direction": "0", "dep_dt": "1452812292", "route_id": "Red", "dwell_time_sec": "122"}, {"arr_dt": "1452812382", "direction": "0", "dep_dt": "1452812493", "route_id": "Red", "dwell_time_sec": "111"}, {"arr_dt": "1452812602", "direction": "0", "dep_dt": "1452812687", "route_id": "Red", "dwell_time_sec": "85"}, {"arr_dt": "1452812911", "direction": "0", "dep_dt": "1452813003", "route_id": "Red", "dwell_time_sec": "92"}, {"arr_dt": "1452813169", "direction": "0", "dep_dt": "1452813391", "route_id": "Red", "dwell_time_sec": "222"}, {"arr_dt": "1452813367", "direction": "0", "dep_dt": "1452813461", "route_id": "Red", "dwell_time_sec": "94"}, {"arr_dt": "1452813554", "direction": "0", "dep_dt": "1452813640", "route_id": "Red", "dwell_time_sec": "86"}, {"arr_dt": "1452813774", "direction": "0", "dep_dt": "1452813878", "route_id": "Red", "dwell_time_sec": "104"}, {"arr_dt": "1452814074", "direction": "0", "dep_dt": "1452814161", "route_id": "Red", "dwell_time_sec": "87"}, {"arr_dt": "1452814351", "direction": "0", "dep_dt": "1452814457", "route_id": "Red", "dwell_time_sec": "106"}, {"arr_dt": "1452814639", "direction": "0", "dep_dt": "1452814724", "route_id": "Red", "dwell_time_sec": "85"}, {"arr_dt": "1452814828", "direction": "0", "dep_dt": "1452814915", "route_id": "Red", "dwell_time_sec": "87"}, {"arr_dt": "1452815013", "direction": "0", "dep_dt": "1452815096", "route_id": "Red", "dwell_time_sec": "83"}, {"arr_dt": "1452815185", "direction": "0", "dep_dt": "1452815266", "route_id": "Red", "dwell_time_sec": "81"}, {"arr_dt": "1452815364", "direction": "0", "dep_dt": "1452815446", "route_id": "Red", "dwell_time_sec": "82"}, {"arr_dt": "1452815842", "direction": "0", "dep_dt": "1452815928", "route_id": "Red", "dwell_time_sec": "86"}, {"arr_dt": "1452816036", "direction": "0", "dep_dt": "1452816136", "route_id": "Red", "dwell_time_sec": "100"}, {"arr_dt": "1452816246", "direction": "0", "dep_dt": "1452816338", "route_id": "Red", "dwell_time_sec": "92"}, {"arr_dt": "1452816437", "direction": "0", "dep_dt": "1452816542", "route_id": "Red", "dwell_time_sec": "105"}, {"arr_dt": "1452816721", "direction": "0", "dep_dt": "1452816828", "route_id": "Red", "dwell_time_sec": "107"}, {"arr_dt": "1452816954", "direction": "0", "dep_dt": "1452817017", "route_id": "Red", "dwell_time_sec": "63"}, {"arr_dt": "1452817135", "direction": "0", "dep_dt": "1452817204", "route_id": "Red", "dwell_time_sec": "69"}, {"arr_dt": "1452817346", "direction": "0", "dep_dt": "1452817423", "route_id": "Red", "dwell_time_sec": "77"}, {"arr_dt": "1452817587", "direction": "0", "dep_dt": "1452817673", "route_id": "Red", "dwell_time_sec": "86"}, {"arr_dt": "1452818020", "direction": "0", "dep_dt": "1452818119", "route_id": "Red", "dwell_time_sec": "99"}, {"arr_dt": "1452818218", "direction": "0", "dep_dt": "1452818302", "route_id": "Red", "dwell_time_sec": "84"}, {"arr_dt": "1452818463", "direction": "0", "dep_dt": "1452818542", "route_id": "Red", "dwell_time_sec": "79"}, {"arr_dt": "1452818657", "direction": "0", "dep_dt": "1452818737", "route_id": "Red", "dwell_time_sec": "80"}, {"arr_dt": "1452818874", "direction": "0", "dep_dt": "1452818945", "route_id": "Red", "dwell_time_sec": "71"}, {"arr_dt": "1452819252", "direction": "0", "dep_dt": "1452819325", "route_id": "Red", "dwell_time_sec": "73"}, {"arr_dt": "1452819486", "direction": "0", "dep_dt": "1452819578", "route_id": "Red", "dwell_time_sec": "92"}, {"arr_dt": "1452819680", "direction": "0", "dep_dt": "1452819752", "route_id": "Red", "dwell_time_sec": "72"}, {"arr_dt": "1452820167", "direction": "0", "dep_dt": "1452820244", "route_id": "Red", "dwell_time_sec": "77"}, {"arr_dt": "1452820346", "direction": "0", "dep_dt": "1452820423", "route_id": "Red", "dwell_time_sec": "77"}, {"arr_dt": "1452820561", "direction": "0", "dep_dt": "1452820638", "route_id": "Red", "dwell_time_sec": "77"}, {"arr_dt": "1452820992", "direction": "0", "dep_dt": "1452821064", "route_id": "Red", "dwell_time_sec": "72"}, {"arr_dt": "1452821316", "direction": "0", "dep_dt": "1452821381", "route_id": "Red", "dwell_time_sec": "65"}, {"arr_dt": "1452821572", "direction": "0", "dep_dt": "1452821646", "route_id": "Red", "dwell_time_sec": "74"}, {"arr_dt": "1452821753", "direction": "0", "dep_dt": "1452821825", "route_id": "Red", "dwell_time_sec": "72"}, {"arr_dt": "1452822548", "direction": "0", "dep_dt": "1452822626", "route_id": "Red", "dwell_time_sec": "78"}, {"arr_dt": "1452822767", "direction": "0", "dep_dt": "1452822825", "route_id": "Red", "dwell_time_sec": "58"}, {"arr_dt": "1452823156", "direction": "0", "dep_dt": "1452823226", "route_id": "Red", "dwell_time_sec": "70"}, {"arr_dt": "1452823508", "direction": "0", "dep_dt": "1452823598", "route_id": "Red", "dwell_time_sec": "90"}, {"arr_dt": "1452823705", "direction": "0", "dep_dt": "1452823772", "route_id": "Red", "dwell_time_sec": "67"}, {"arr_dt": "1452824219", "direction": "0", "dep_dt": "1452824295", "route_id": "Red", "dwell_time_sec": "76"}, {"arr_dt": "1452824545", "direction": "0", "dep_dt": "1452824638", "route_id": "Red", "dwell_time_sec": "93"}, {"arr_dt": "1452824988", "direction": "0", "dep_dt": "1452825049", "route_id": "Red", "dwell_time_sec": "61"}, {"arr_dt": "1452825237", "direction": "0", "dep_dt": "1452825316", "route_id": "Red", "dwell_time_sec": "79"}, {"arr_dt": "1452825728", "direction": "0", "dep_dt": "1452825812", "route_id": "Red", "dwell_time_sec": "84"}, {"arr_dt": "1452826009", "direction": "0", "dep_dt": "1452826076", "route_id": "Red", "dwell_time_sec": "67"}, {"arr_dt": "1452826186", "direction": "0", "dep_dt": "1452826248", "route_id": "Red", "dwell_time_sec": "62"}, {"arr_dt": "1452826587", "direction": "0", "dep_dt": "1452826667", "route_id": "Red", "dwell_time_sec": "80"}, {"arr_dt": "1452826935", "direction": "0", "dep_dt": "1452827009", "route_id": "Red", "dwell_time_sec": "74"}, {"arr_dt": "1452827223", "direction": "0", "dep_dt": "1452827295", "route_id": "Red", "dwell_time_sec": "72"}, {"arr_dt": "1452827689", "direction": "0", "dep_dt": "1452827778", "route_id": "Red", "dwell_time_sec": "89"}, {"arr_dt": "1452827886", "direction": "0", "dep_dt": "1452827967", "route_id": "Red", "dwell_time_sec": "81"}, {"arr_dt": "1452828348", "direction": "0", "dep_dt": "1452828415", "route_id": "Red", "dwell_time_sec": "67"}, {"arr_dt": "1452828982", "direction": "0", "dep_dt": "1452829059", "route_id": "Red", "dwell_time_sec": "77"}, {"arr_dt": "1452829173", "direction": "0", "dep_dt": "1452829437", "route_id": "Red", "dwell_time_sec": "264"}, {"arr_dt": "1452829820", "direction": "0", "dep_dt": "1452829898", "route_id": "Red", "dwell_time_sec": "78"}, {"arr_dt": "1452830190", "direction": "0", "dep_dt": "1452830257", "route_id": "Red", "dwell_time_sec": "67"}, {"arr_dt": "1452830589", "direction": "0", "dep_dt": "1452830648", "route_id": "Red", "dwell_time_sec": "59"}, {"arr_dt": "1452831021", "direction": "0", "dep_dt": "1452831093", "route_id": "Red", "dwell_time_sec": "72"}, {"arr_dt": "1452832057", "direction": "0", "dep_dt": "1452832918", "route_id": "Red", "dwell_time_sec": "861"}, {"arr_dt": "1452833030", "direction": "0", "dep_dt": "1452833122", "route_id": "Red", "dwell_time_sec": "92"}, {"arr_dt": "1452833200", "direction": "0", "dep_dt": "1452833284", "route_id": "Red", "dwell_time_sec": "84"}, {"arr_dt": "1452833647", "direction": "0", "dep_dt": "1452833721", "route_id": "Red", "dwell_time_sec": "74"}, {"arr_dt": "1452833827", "direction": "0", "dep_dt": "1452833905", "route_id": "Red", "dwell_time_sec": "78"}]}