{"dwell_times": [{"arr_dt": "1453871021", "direction": "0", "dep_dt": "1453871082", "route_id": "Red", "dwell_time_sec": "61"}, {"arr_dt": "1453871325", "direction": "0", "dep_dt": "1453871393", "route_id": "Red", "dwell_time_sec": "68"}, {"arr_dt": "1453871553", "direction": "0", "dep_dt": "1453871611", "route_id": "Red", "dwell_time_sec": "58"}, {"arr_dt": "1453872064", "direction": "0", "dep_dt": "1453872168", "route_id": "Red", "dwell_time_sec": "104"}, {"arr_dt": "1453872394", "direction": "0", "dep_dt": "1453872447", "route_id": "Red", "dwell_time_sec": "53"}, {"arr_dt": "1453872925", "direction": "0", "dep_dt": "1453872994", "route_id": "Red", "dwell_time_sec": "69"}, {"arr_dt": "1453873196", "direction": "0", "dep_dt": "1453873256", "route_id": "Red", "dwell_time_sec": "60"}, {"arr_dt": "1453874019", "direction": "0", "dep_dt": "1453875197", "route_id": "Red", "dwell_time_sec": "1178"}, {"arr_dt": "1453891384", "direction": "0", "dep_dt": "1453891472", "route_id": "Red", "dwell_time_sec": "88"}, {"arr_dt": "1453891617", "direction": "0", "dep_dt": "1453891689", "route_id": "Red", "dwell_time_sec": "72"}, {"arr_dt": "1453892093", "direction": "0", "dep_dt": "1453892162", "route_id": "Red", "dwell_time_sec": "69"}, {"arr_dt": "1453892469", "direction": "0", "dep_dt": "1453892524", "route_id": "Red", "dwell_time_sec": "55"}, {"arr_dt": "1453893154", "direction": "0", "dep_dt": "1453893216", "route_id": "Red", "dwell_time_sec": "62"}, {"arr_dt": "1453893558", "direction": "0", "dep_dt": "1453893628", "route_id": "Red", "dwell_time_sec": "70"}, {"arr_dt": "1453894090", "direction": "0", "dep_dt": "1453894158", "route_id": "Red", "dwell_time_sec": "68"}, {"arr_dt": "1453894409", "direction": "0", "dep_dt": "1453894471", "route_id": "Red", "dwell_time_sec": "62"}, {"arr_dt": "1453894778", "direction": "0", "dep_dt": "1453894848", "route_id": "Red", "dwell_time_sec": "70"}, {"arr_dt": "1453895175", "direction": "0", "dep_dt": "1453895241", "route_id": "Red", "dwell_time_sec": "66"}, {"arr_dt": "1453895466", "direction": "0", "dep_dt": "1453895536", "route_id": "Red", "dwell_time_sec": "70"}, {"arr_dt": "1453895824", "direction": "0", "dep_dt": "1453895892", "route_id": "Red", "dwell_time_sec": "68"}, {"arr_dt": "1453896093", "direction": "0", "dep_dt": "1453896180", "route_id": "Red", "dwell_time_sec": "87"}, {"arr_dt": "1453896487", "direction": "0", "dep_dt": "1453896576", "route_id": "Red", "dwell_time_sec": "89"}, {"arr_dt": "1453896837", "direction": "0", "dep_dt": "1453896924", "route_id": "Red", "dwell_time_sec": "87"}, {"arr_dt": "1453897030", "direction": "0", "dep_dt": "1453897106", "route_id": "Red", "dwell_time_sec": "76"}, {"arr_dt": "1453897216", "direction": "0", "dep_dt": "1453897296", "route_id": "Red", "dwell_time_sec": "80"}, {"arr_dt": "1453897399", "direction": "0", "dep_dt": "1453897480", "route_id": "Red", "dwell_time_sec": "81"}, {"arr_dt": "1453897622", "direction": "0", "dep_dt": "1453897707", "route_id": "Red", "dwell_time_sec": "85"}, {"arr_dt": "1453898010", "direction": "0", "dep_dt": "1453898110", "route_id": "Red", "dwell_time_sec": "100"}, {"arr_dt": "1453898210", "direction": "0", "dep_dt": "1453898298", "route_id": "Red", "dwell_time_sec": "88"}, {"arr_dt": "1453898446", "direction": "0", "dep_dt": "1453898539", "route_id": "Red", "dwell_time_sec": "93"}, {"arr_dt": "1453898700", "direction": "0", "dep_dt": "1453898786", "route_id": "Red", "dwell_time_sec": "86"}, {"arr_dt": "1453898887", "direction": "0", "dep_dt": "1453898987", "route_id": "Red", "dwell_time_sec": "100"}, {"arr_dt": "1453899094", "direction": "0", "dep_dt": "1453899192", "route_id": "Red", "dwell_time_sec": "98"}, {"arr_dt": "1453899264", "direction": "0", "dep_dt": "1453899340", "route_id": "Red", "dwell_time_sec": "76"}, {"arr_dt": "1453899431", "direction": "0", "dep_dt": "1453899511", "route_id": "Red", "dwell_time_sec": "80"}, {"arr_dt": "1453899672", "direction": "0", "dep_dt": "1453899763", "route_id": "Red", "dwell_time_sec": "91"}, {"arr_dt": "1453899902", "direction": "0", "dep_dt": "1453899978", "route_id": "Red", "dwell_time_sec": "76"}, {"arr_dt": "1453900096", "direction": "0", "dep_dt": "1453900187", "route_id": "Red", "dwell_time_sec": "91"}, {"arr_dt": "1453900384", "direction": "0", "dep_dt": "1453900464", "route_id": "Red", "dwell_time_sec": "80"}, {"arr_dt": "1453900565", "direction": "0", "dep_dt": "1453900648", "route_id": "Red", "dwell_time_sec": "83"}, {"arr_dt": "1453900905", "direction": "0", "dep_dt": "1453901014", "route_id": "Red", "dwell_time_sec": "109"}, {"arr_dt": "1453901325", "direction": "0", "dep_dt": "1453901437", "route_id": "Red", "dwell_time_sec": "112"}, {"arr_dt": "1453901546", "direction": "0", "dep_dt": "1453901659", "route_id": "Red", "dwell_time_sec": "113"}, {"arr_dt": "1453901834", "direction": "0", "dep_dt": "1453901961", "route_id": "Red", "dwell_time_sec": "127"}, {"arr_dt": "1453902121", "direction": "0", "dep_dt": "1453902199", "route_id": "Red", "dwell_time_sec": "78"}, {"arr_dt": "1453902501", "direction": "0", "dep_dt": "1453902619", "route_id": "Red", "dwell_time_sec": "118"}, {"arr_dt": "1453902899", "direction": "0", "dep_dt": "1453903011", "route_id": "Red", "dwell_time_sec": "112"}, {"arr_dt": "1453903104", "direction": "0", "dep_dt": "1453903185", "route_id": "Red", "dwell_time_sec": "81"}, {"arr_dt": "1453903323", "direction": "0", "dep_dt": "1453903428", "route_id": "Red", "dwell_time_sec": "105"}, {"arr_dt": "1453903517", "direction": "0", "dep_dt": "1453903603", "route_id": "Red", "dwell_time_sec": "86"}, {"arr_dt": "1453903755", "direction": "0", "dep_dt": "1453903859", "route_id": "Red", "dwell_time_sec": "104"}, {"arr_dt": "1453903953", "direction": "0", "dep_dt": "1453904035", "route_id": "Red", "dwell_time_sec": "82"}, {"arr_dt": "1453904153", "direction": "0", "dep_dt": "1453904239", "route_id": "Red", "dwell_time_sec": "86"}, {"arr_dt": "1453904342", "direction": "0", "dep_dt": "1453904448", "route_id": "Red", "dwell_time_sec": "106"}, {"arr_dt": "1453904571", "direction": "0", "dep_dt": "1453904649", "route_id": "Red", "dwell_time_sec": "78"}, {"arr_dt": "1453904747", "direction": "0", "dep_dt": "1453904823", "route_id": "Red", "dwell_time_sec": "76"}, {"arr_dt": "1453904920", "direction": "0", "dep_dt": "1453905016", "route_id": "Red", "dwell_time_sec": "96"}, {"arr_dt": "1453905114", "direction": "0", "dep_dt": "1453905196", "route_id": "Red", "dwell_time_sec": "82"}, {"arr_dt": "1453905335", "direction": "0", "dep_dt": "1453905414", "route_id": "Red", "dwell_time_sec": "79"}, {"arr_dt": "1453905517", "direction": "0", "dep_dt": "1453905610", "route_id": "Red", "dwell_time_sec": "93"}, {"arr_dt": "1453905693", "direction": "0", "dep_dt": "1453905752", "route_id": "Red", "dwell_time_sec": "59"}, {"arr_dt": "1453905857", "direction": "0", "dep_dt": "1453905949", "route_id": "Red", "dwell_time_sec": "92"}, {"arr_dt": "1453906051", "direction": "0", "dep_dt": "1453906113", "route_id": "Red", "dwell_time_sec": "62"}, {"arr_dt": "1453906325", "direction": "0", "dep_dt": "1453906426", "route_id": "Red", "dwell_time_sec": "101"}, {"arr_dt": "1453906557", "direction": "0", "dep_dt": "1453906624", "route_id": "Red", "dwell_time_sec": "67"}, {"arr_dt": "1453906727", "direction": "0", "dep_dt": "1453906809", "route_id": "Red", "dwell_time_sec": "82"}, {"arr_dt": "1453907030", "direction": "0", "dep_dt": "1453907099", "route_id": "Red", "dwell_time_sec": "69"}, {"arr_dt": "1453907352", "direction": "0", "dep_dt": "1453907430", "route_id": "Red", "dwell_time_sec": "78"}, {"arr_dt": "1453907564", "direction": "0", "dep_dt": "1453907625", "route_id": "Red", "dwell_time_sec": "61"}, {"arr_dt": "1453907728", "direction": "0", "dep_dt": "1453907794", "route_id": "Red", "dwell_time_sec": "66"}, {"arr_dt": "1453908263", "direction": "0", "dep_dt": "1453908337", "route_id": "Red", "dwell_time_sec": "74"}, {"arr_dt": "1453908448", "direction": "0", "dep_dt": "1453908536", "route_id": "Red", "dwell_time_sec": "88"}, {"arr_dt": "1453908694", "direction": "0", "dep_dt": "1453908753", "route_id": "Red", "dwell_time_sec": "59"}, {"arr_dt": "1453908878", "direction": "0", "dep_dt": "1453908944", "route_id": "Red", "dwell_time_sec": "66"}, {"arr_dt": "1453909273", "direction": "0", "dep_dt": "1453909331", "route_id": "Red", "dwell_time_sec": "58"}, {"arr_dt": "1453909724", "direction": "0", "dep_dt": "1453909817", "route_id": "Red", "dwell_time_sec": "93"}, {"arr_dt": "1453909923", "direction": "0", "dep_dt": "1453909992", "route_id": "Red", "dwell_time_sec": "69"}, {"arr_dt": "1453910218", "direction": "0", "dep_dt": "1453910305", "route_id": "Red", "dwell_time_sec": "87"}, {"arr_dt": "1453910395", "direction": "0", "dep_dt": "1453910453", "route_id": "Red", "dwell_time_sec": "58"}, {"arr_dt": "1453910859", "direction": "0", "dep_dt": "1453910948", "route_id": "Red", "dwell_time_sec": "89"}, {"arr_dt": "1453911456", "direction": "0", "dep_dt": "1453911558", "route_id": "Red", "dwell_time_sec": "102"}, {"arr_dt": "1453911642", "direction": "0", "dep_dt": "1453911715", "route_id": "Red", "dwell_time_sec": "73"}, {"arr_dt": "1453912099", "direction": "0", "dep_dt": "1453912176", "route_id": "Red", "dwell_time_sec": "77"}, {"arr_dt": "1453912518", "direction": "0", "dep_dt": "1453912582", "route_id": "Red", "dwell_time_sec": "64"}, {"arr_dt": "1453913004", "direction": "0", "dep_dt": "1453913071", "route_id": "Red", "dwell_time_sec": "67"}, {"arr_dt": "1453913340", "direction": "0", "dep_dt": "1453913408", "route_id": "Red", "dwell_time_sec": "68"}, {"arr_dt": "1453913618", "direction": "0", "dep_dt": "1453913681", "route_id": "Red", "dwell_time_sec": "63"}, {"arr_dt": "1453913900", "direction": "0", "dep_dt": "1453913963", "route_id": "Red", "dwell_time_sec": "63"}, {"arr_dt": "1453914329", "direction": "0", "dep_dt": "1453914391", "route_id": "Red", "dwell_time_sec": "62"}, {"arr_dt": "1453914797", "direction": "0", "dep_dt": "1453914873", "route_id": "Red", "dwell_time_sec": "76"}, {"arr_dt": "1453915191", "direction": "0", "dep_dt": "1453915279", "route_id": "Red", "dwell_time_sec": "88"}, {"arr_dt": "1453915466", "direction": "0", "dep_dt": "1453915523", "route_id": "Red", "dwell_time_sec": "57"}, {"arr_dt": "1453916064", "direction": "0", "dep_dt": "1453916136", "route_id": "Red", "dwell_time_sec": "72"}, {"arr_dt": "1453916410", "direction": "0", "dep_dt": "1453916716", "route_id": "Red", "dwell_time_sec": "306"}, {"arr_dt": "1453916958", "direction": "0", "dep_dt": "1453917048", "route_id": "Red", "dwell_time_sec": "90"}, {"arr_dt": "1453917380", "direction": "0", "dep_dt": "1453917443", "route_id": "Red", "dwell_time_sec": "63"}, {"arr_dt": "1453917854", "direction": "0", "dep_dt": "1453917927", "route_id": "Red", "dwell_time_sec": "73"}, {"arr_dt": "1453918459", "direction": "0", "dep_dt": "1453918537", "route_id": "Red", "dwell_time_sec": "78"}, {"arr_dt": "1453918642", "direction": "0", "dep_dt": "1453918721", "route_id": "Red", "dwell_time_sec": "79"}, {"arr_dt": "1453919119", "direction": "0", "dep_dt": "1453919199", "route_id": "Red", "dwell_time_sec": "80"}, {"arr_dt": "1453919547", "direction": "0", "dep_dt": "1453919615", "route_id": "Red", "dwell_time_sec": "68"}, {"arr_dt": "1453919742", "direction": "0", "dep_dt": "1453919814", "route_id": "Red", "dwell_time_sec": "72"}, {"arr_dt": "1453920191", "direction": "0", "dep_dt": "1453920252", "route_id": "Red", "dwell_time_sec": "61"}, {"arr_dt": "1453920600", "direction": "0", "dep_dt": "1453920677", "route_id": "Red", "dwell_time_sec": "77"}, {"arr_dt": "1453921186", "direction": "0", "dep_dt": "1453921271", "route_id": "Red", "dwell_time_sec": "85"}, {"arr_dt": "1453921405", "direction": "0", "dep_dt": "1453921467", "route_id": "Red", "dwell_time_sec": "62"}, {"arr_dt": "1453921828", "direction": "0", "dep_dt": "1453921904", "route_id": "Red", "dwell_time_sec": "76"}, {"arr_dt": "1453922937", "direction": "0", "dep_dt": "1453923065", "route_id": "Red", "dwell_time_sec": "128"}, {"arr_dt": "1453923179", "direction": "0", "dep_dt": "1453923282", "route_id": "Red", "dwell_time_sec": "103"}, {"arr_dt": "1453923441", "direction": "0", "dep_dt": "1453923529", "route_id": "Red", "dwell_time_sec": "88"}, {"arr_dt": "1453923673", "direction": "0", "dep_dt": "1453923747", "route_id": "Red", "dwell_time_sec": "74"}, {"arr_dt": "1453924028", "direction": "0", "dep_dt": "1453924115", "route_id": "Red", "dwell_time_sec": "87"}, {"arr_dt": "1453924500", "direction": "0", "dep_dt": "1453924578", "route_id": "Red", "dwell_time_sec": "78"}, {"arr_dt": "1453924855", "direction": "0", "dep_dt": "1453924926", "route_id": "Red", "dwell_time_sec": "71"}, {"arr_dt": "1453925310", "direction": "0", "dep_dt": "1453925399", "route_id": "Red", "dwell_time_sec": "89"}, {"arr_dt": "1453925841", "direction": "0", "dep_dt": "1453925929", "route_id": "Red", "dwell_time_sec": "88"}, {"arr_dt": "1453926141", "direction": "0", "dep_dt": "1453926225", "route_id": "Red", "dwell_time_sec": "84"}, {"arr_dt": "1453926641", "direction": "0", "dep_dt": "1453926752", "route_id": "Red", "dwell_time_sec": "111"}, {"arr_dt": "1453926887", "direction": "0", "dep_dt": "1453926973", "route_id": "Red", "dwell_time_sec": "86"}, {"arr_dt": "1453927429", "direction": "0", "dep_dt": "1453927526", "route_id": "Red", "dwell_time_sec": "97"}, {"arr_dt": "1453927668", "direction": "0", "dep_dt": "1453927738", "route_id": "Red", "dwell_time_sec": "70"}, {"arr_dt": "1453928096", "direction": "0", "dep_dt": "1453928201", "route_id": "Red", "dwell_time_sec": "105"}, {"arr_dt": "1453928314", "direction": "0", "dep_dt": "1453928405", "route_id": "Red", "dwell_time_sec": "91"}, {"arr_dt": "1453928602", "direction": "0", "dep_dt": "1453928680", "route_id": "Red", "dwell_time_sec": "78"}, {"arr_dt": "1453929069", "direction": "0", "dep_dt": "1453929188", "route_id": "Red", "dwell_time_sec": "119"}, {"arr_dt": "1453929281", "direction": "0", "dep_dt": "1453929372", "route_id": "Red", "dwell_time_sec": "91"}, {"arr_dt": "1453929579", "direction": "0", "dep_dt": "1453929669", "route_id": "Red", "dwell_time_sec": "90"}, {"arr_dt": "1453929840", "direction": "0", "dep_dt": "1453929920", "route_id": "Red", "dwell_time_sec": "80"}, {"arr_dt": "1453930083", "direction": "0", "dep_dt": "1453930336", "route_id": "Red", "dwell_time_sec": "253"}, {"arr_dt": "1453930425", "direction": "0", "dep_dt": "1453930508", "route_id": "Red", "dwell_time_sec": "83"}, {"arr_dt": "1453930651", "direction": "0", "dep_dt": "1453930735", "route_id": "Red", "dwell_time_sec": "84"}, {"arr_dt": "1453930836", "direction": "0", "dep_dt": "1453930948", "route_id": "Red", "dwell_time_sec": "112"}, {"arr_dt": "1453931035", "direction": "0", "dep_dt": "1453931115", "route_id": "Red", "dwell_time_sec": "80"}, {"arr_dt": "1453931391", "direction": "0", "dep_dt": "1453931492", "route_id": "Red", "dwell_time_sec": "101"}, {"arr_dt": "1453931583", "direction": "0", "dep_dt": "1453931663", "route_id": "Red", "dwell_time_sec": "80"}, {"arr_dt": "1453932007", "direction": "0", "dep_dt": "1453932133", "route_id": "Red", "dwell_time_sec": "126"}, {"arr_dt": "1453932221", "direction": "0", "dep_dt": "1453932310", "route_id": "Red", "dwell_time_sec": "89"}, {"arr_dt": "1453932487", "direction": "0", "dep_dt": "1453932587", "route_id": "Red", "dwell_time_sec": "100"}, {"arr_dt": "1453932694", "direction": "0", "dep_dt": "1453932794", "route_id": "Red", "dwell_time_sec": "100"}, {"arr_dt": "1453932898", "direction": "0", "dep_dt": "1453933000", "route_id": "Red", "dwell_time_sec": "102"}, {"arr_dt": "1453933093", "direction": "0", "dep_dt": "1453933206", "route_id": "Red", "dwell_time_sec": "113"}, {"arr_dt": "1453933331", "direction": "0", "dep_dt": "1453933434", "route_id": "Red", "dwell_time_sec": "103"}, {"arr_dt": "1453933550", "direction": "0", "dep_dt": "1453933652", "route_id": "Red", "dwell_time_sec": "102"}, {"arr_dt": "1453933739", "direction": "0", "dep_dt": "1453933859", "route_id": "Red", "dwell_time_sec": "120"}, {"arr_dt": "1453933994", "direction": "0", "dep_dt": "1453934085", "route_id": "Red", "dwell_time_sec": "91"}, {"arr_dt": "1453934205", "direction": "0", "dep_dt": "1453934365", "route_id": "Red", "dwell_time_sec": "160"}, {"arr_dt": "1453934464", "direction": "0", "dep_dt": "1453934576", "route_id": "Red", "dwell_time_sec": "112"}, {"arr_dt": "1453934661", "direction": "0", "dep_dt": "1453934764", "route_id": "Red", "dwell_time_sec": "103"}, {"arr_dt": "1453935008", "direction": "0", "dep_dt": "1453935124", "route_id": "Red", "dwell_time_sec": "116"}, {"arr_dt": "1453935253", "direction": "0", "dep_dt": "1453935387", "route_id": "Red", "dwell_time_sec": "134"}, {"arr_dt": "1453935476", "direction": "0", "dep_dt": "1453935559", "route_id": "Red", "dwell_time_sec": "83"}, {"arr_dt": "1453935710", "direction": "0", "dep_dt": "1453935800", "route_id": "Red", "dwell_time_sec": "90"}, {"arr_dt": "1453936081", "direction": "0", "dep_dt": "1453936180", "route_id": "Red", "dwell_time_sec": "99"}, {"arr_dt": "1453936297", "direction": "0", "dep_dt": "1453936406", "route_id": "Red", "dwell_time_sec": "109"}, {"arr_dt": "1453936499", "direction": "0", "dep_dt": "1453936598", "route_id": "Red", "dwell_time_sec": "99"}, {"arr_dt": "1453936869", "direction": "0", "dep_dt": "1453936975", "route_id": "Red", "dwell_time_sec": "106"}, {"arr_dt": "1453937068", "direction": "0", "dep_dt": "1453937147", "route_id": "Red", "dwell_time_sec": "79"}, {"arr_dt": "1453937285", "direction": "0", "dep_dt": "1453937361", "route_id": "Red", "dwell_time_sec": "76"}, {"arr_dt": "1453937467", "direction": "0", "dep_dt": "1453937540", "route_id": "Red", "dwell_time_sec": "73"}, {"arr_dt": "1453937643", "direction": "0", "dep_dt": "1453937714", "route_id": "Red", "dwell_time_sec": "71"}, {"arr_dt": "1453937854", "direction": "0", "dep_dt": "1453937925", "route_id": "Red", "dwell_time_sec": "71"}, {"arr_dt": "1453938230", "direction": "0", "dep_dt": "1453938329", "route_id": "Red", "dwell_time_sec": "99"}, {"arr_dt": "1453938549", "direction": "0", "dep_dt": "1453938634", "route_id": "Red", "dwell_time_sec": "85"}, {"arr_dt": "1453938842", "direction": "0", "dep_dt": "1453938914", "route_id": "Red", "dwell_time_sec": "72"}, {"arr_dt": "1453939042", "direction": "0", "dep_dt": "1453939111", "route_id": "Red", "dwell_time_sec": "69"}, {"arr_dt": "1453939236", "direction": "0", "dep_dt": "1453939305", "route_id": "Red", "dwell_time_sec": "69"}, {"arr_dt": "1453939417", "direction": "0", "dep_dt": "1453939516", "route_id": "Red", "dwell_time_sec": "99"}, {"arr_dt": "1453939619", "direction": "0", "dep_dt": "1453939751", "route_id": "Red", "dwell_time_sec": "132"}, {"arr_dt": "1453939862", "direction": "0", "dep_dt": "1453939932", "route_id": "Red", "dwell_time_sec": "70"}, {"arr_dt": "1453940042", "direction": "0", "dep_dt": "1453940122", "route_id": "Red", "dwell_time_sec": "80"}, {"arr_dt": "1453940257", "direction": "0", "dep_dt": "1453940327", "route_id": "Red", "dwell_time_sec": "70"}, {"arr_dt": "1453940749", "direction": "0", "dep_dt": "1453940855", "route_id": "Red", "dwell_time_sec": "106"}, {"arr_dt": "1453940968", "direction": "0", "dep_dt": "1453941068", "route_id": "Red", "dwell_time_sec": "100"}, {"arr_dt": "1453941176", "direction": "0", "dep_dt": "1453941262", "route_id": "Red", "dwell_time_sec": "86"}, {"arr_dt": "1453941375", "direction": "0", "dep_dt": "1453941445", "route_id": "Red", "dwell_time_sec": "70"}, {"arr_dt": "1453941721", "direction": "0", "dep_dt": "1453941792", "route_id": "Red", "dwell_time_sec": "71"}, {"arr_dt": "1453941953", "direction": "0", "dep_dt": "1453942030", "route_id": "Red", "dwell_time_sec": "77"}, {"arr_dt": "1453942200", "direction": "0", "dep_dt": "1453942271", "route_id": "Red", "dwell_time_sec": "71"}, {"arr_dt": "1453942425", "direction": "0", "dep_dt": "1453942516", "route_id": "Red", "dwell_time_sec": "91"}, {"arr_dt": "1453942693", "direction": "0", "dep_dt": "1453942761", "route_id": "Red", "dwell_time_sec": "68"}, {"arr_dt": "1453943091", "direction": "0", "dep_dt": "1453943169", "route_id": "Red", "dwell_time_sec": "78"}, {"arr_dt": "1453943299", "direction": "0", "dep_dt": "1453943366", "route_id": "Red", "dwell_time_sec": "67"}, {"arr_dt": "1453943622", "direction": "0", "dep_dt": "1453943693", "route_id": "Red", "dwell_time_sec": "71"}, {"arr_dt": "1453944084", "direction": "0", "dep_dt": "1453944152", "route_id": "Red", "dwell_time_sec": "68"}, {"arr_dt": "1453944398", "direction": "0", "dep_dt": "1453944458", "route_id": "Red", "dwell_time_sec": "60"}, {"arr_dt": "1453944802", "direction": "0", "dep_dt": "1453944875", "route_id": "Red", "dwell_time_sec": "73"}, {"arr_dt": "1453945071", "direction": "0", "dep_dt": "1453945136", "route_id": "Red", "dwell_time_sec": "65"}, {"arr_dt": "1453945416", "direction": "0", "dep_dt": "1453945476", "route_id": "Red", "dwell_time_sec": "60"}, {"arr_dt": "1453945782", "direction": "0", "dep_dt": "1453945854", "route_id": "Red", "dwell_time_sec": "72"}, {"arr_dt": "1453946252", "direction": "0", "dep_dt": "1453946318", "route_id": "Red", "dwell_time_sec": "66"}, {"arr_dt": "1453946623", "direction": "0", "dep_dt": "1453946704", "route_id": "Red", "dwell_time_sec": "81"}, {"arr_dt": "1453947084", "direction": "0", "dep_dt": "1453947149", "route_id": "Red", "dwell_time_sec": "65"}, {"arr_dt": "1453947280", "direction": "0", "dep_dt": "1453947391", "route_id": "Red", "dwell_time_sec": "111"}, {"arr_dt": "1453947623", "direction": "0", "dep_dt": "1453947748", "route_id": "Red", "dwell_time_sec": "125"}, {"arr_dt": "1453947830", "direction": "0", "dep_dt": "1453947912", "route_id": "Red", "dwell_time_sec": "82"}, {"arr_dt": "1453948459", "direction": "0", "dep_dt": "1453948539", "route_id": "Red", "dwell_time_sec": "80"}, {"arr_dt": "1453948972", "direction": "0", "dep_dt": "1453949057", "route_id": "Red", "dwell_time_sec": "85"}, {"arr_dt": "1453949154", "direction": "0", "dep_dt": "1453949233", "route_id": "Red", "dwell_time_sec": "79"}, {"arr_dt": "1453949338", "direction": "0", "dep_dt": "1453949424", "route_id": "Red", "dwell_time_sec": "86"}, {"arr_dt": "1453949633", "direction": "0", "dep_dt": "1453949744", "route_id": "Red", "dwell_time_sec": "111"}, {"arr_dt": "1453949956", "direction": "0", "dep_dt": "1453950026", "route_id": "Red", "dwell_time_sec": "70"}, {"arr_dt": "1453950376", "direction": "0", "dep_dt": "1453950466", "route_id": "Red", "dwell_time_sec": "90"}, {"arr_dt": "1453950842", "direction": "0", "dep_dt": "1453950946", "route_id": "Red", "dwell_time_sec": "104"}, {"arr_dt": "1453951378", "direction": "0", "dep_dt": "1453951457", "route_id": "Red", "dwell_time_sec": "79"}, {"arr_dt": "1453951745", "direction": "0", "dep_dt": "1453951816", "route_id": "Red", "dwell_time_sec": "71"}, {"arr_dt": "1453952290", "direction": "0", "dep_dt": "1453952378", "route_id": "Red", "dwell_time_sec": "88"}, {"arr_dt": "1453952726", "direction": "0", "dep_dt": "1453952806", "route_id": "Red", "dwell_time_sec": "80"}, {"arr_dt": "1453952908", "direction": "0", "dep_dt": "1453953026", "route_id": "Red", "dwell_time_sec": "118"}, {"arr_dt": "1453953382", "direction": "0", "dep_dt": "1453953457", "route_id": "Red", "dwell_time_sec": "75"}, {"arr_dt": "1453953708", "direction": "0", "dep_dt": "1453953864", "route_id": "Red", "dwell_time_sec": "156"}, {"arr_dt": "1453954304", "direction": "0", "dep_dt": "1453954373", "route_id": "Red", "dwell_time_sec": "69"}, {"arr_dt": "1453954664", "direction": "0", "dep_dt": "1453954765", "route_id": "Red", "dwell_time_sec": "101"}, {"arr_dt": "1453955187", "direction": "0", "dep_dt": "1453955256", "route_id": "Red", "dwell_time_sec": "69"}, {"arr_dt": "1453955406", "direction": "0", "dep_dt": "1453955450", "route_id": "Red", "dwell_time_sec": "44"}, {"arr_dt": "1453955560", "direction": "0", "dep_dt": "1453955617", "route_id": "Red", "dwell_time_sec": "57"}, {"arr_dt": "1453956073", "direction": "0", "dep_dt": "1453956141", "route_id": "Red", "dwell_time_sec": "68"}, {"arr_dt": "1453956237", "direction": "0", "dep_dt": "1453956322", "route_id": "Red", "dwell_time_sec": "85"}, {"arr_dt": "1453956701", "direction": "0", "dep_dt": "1453956787", "route_id": "Red", "dwell_time_sec": "86"}]}