{"dwell_times": [{"arr_dt": "1478318730", "direction": "0", "dep_dt": "1478318791", "route_id": "Red", "dwell_time_sec": "61"}, {"arr_dt": "1478319384", "direction": "0", "dep_dt": "1478319460", "route_id": "Red", "dwell_time_sec": "76"}, {"arr_dt": "1478319657", "direction": "0", "dep_dt": "1478319719", "route_id": "Red", "dwell_time_sec": "62"}, {"arr_dt": "1478320189", "direction": "0", "dep_dt": "1478320260", "route_id": "Red", "dwell_time_sec": "71"}, {"arr_dt": "1478320839", "direction": "0", "dep_dt": "1478320905", "route_id": "Red", "dwell_time_sec": "66"}, {"arr_dt": "1478321889", "direction": "0", "dep_dt": "1478323079", "route_id": "Red", "dwell_time_sec": "1190"}, {"arr_dt": "1478339433", "direction": "0", "dep_dt": "1478339486", "route_id": "Red", "dwell_time_sec": "53"}, {"arr_dt": "1478340841", "direction": "0", "dep_dt": "1478340914", "route_id": "Red", "dwell_time_sec": "73"}, {"arr_dt": "1478341319", "direction": "0", "dep_dt": "1478341377", "route_id": "Red", "dwell_time_sec": "58"}, {"arr_dt": "1478342077", "direction": "0", "dep_dt": "1478342135", "route_id": "Red", "dwell_time_sec": "58"}, {"arr_dt": "1478342784", "direction": "0", "dep_dt": "1478342872", "route_id": "Red", "dwell_time_sec": "88"}, {"arr_dt": "1478343419", "direction": "0", "dep_dt": "1478343484", "route_id": "Red", "dwell_time_sec": "65"}, {"arr_dt": "1478343989", "direction": "0", "dep_dt": "1478344060", "route_id": "Red", "dwell_time_sec": "71"}, {"arr_dt": "1478344709", "direction": "0", "dep_dt": "1478344773", "route_id": "Red", "dwell_time_sec": "64"}, {"arr_dt": "1478345163", "direction": "0", "dep_dt": "1478345233", "route_id": "Red", "dwell_time_sec": "70"}, {"arr_dt": "1478345720", "direction": "0", "dep_dt": "1478345769", "route_id": "Red", "dwell_time_sec": "49"}, {"arr_dt": "1478346228", "direction": "0", "dep_dt": "1478346289", "route_id": "Red", "dwell_time_sec": "61"}, {"arr_dt": "1478346805", "direction": "0", "dep_dt": "1478346869", "route_id": "Red", "dwell_time_sec": "64"}, {"arr_dt": "1478347406", "direction": "0", "dep_dt": "1478347491", "route_id": "Red", "dwell_time_sec": "85"}, {"arr_dt": "1478348044", "direction": "0", "dep_dt": "1478348102", "route_id": "Red", "dwell_time_sec": "58"}, {"arr_dt": "1478348609", "direction": "0", "dep_dt": "1478348700", "route_id": "Red", "dwell_time_sec": "91"}, {"arr_dt": "1478349266", "direction": "0", "dep_dt": "1478349335", "route_id": "Red", "dwell_time_sec": "69"}, {"arr_dt": "1478349810", "direction": "0", "dep_dt": "1478349881", "route_id": "Red", "dwell_time_sec": "71"}, {"arr_dt": "1478350300", "direction": "0", "dep_dt": "1478350375", "route_id": "Red", "dwell_time_sec": "75"}, {"arr_dt": "1478350935", "direction": "0", "dep_dt": "1478350994", "route_id": "Red", "dwell_time_sec": "59"}, {"arr_dt": "1478351672", "direction": "0", "dep_dt": "1478351741", "route_id": "Red", "dwell_time_sec": "69"}, {"arr_dt": "1478352310", "direction": "0", "dep_dt": "1478352389", "route_id": "Red", "dwell_time_sec": "79"}, {"arr_dt": "1478352775", "direction": "0", "dep_dt": "1478352844", "route_id": "Red", "dwell_time_sec": "69"}, {"arr_dt": "1478353350", "direction": "0", "dep_dt": "1478353422", "route_id": "Red", "dwell_time_sec": "72"}, {"arr_dt": "1478353910", "direction": "0", "dep_dt": "1478353981", "route_id": "Red", "dwell_time_sec": "71"}, {"arr_dt": "1478354412", "direction": "0", "dep_dt": "1478354476", "route_id": "Red", "dwell_time_sec": "64"}, {"arr_dt": "1478355109", "direction": "0", "dep_dt": "1478355179", "route_id": "Red", "dwell_time_sec": "70"}, {"arr_dt": "1478355674", "direction": "0", "dep_dt": "1478355753", "route_id": "Red", "dwell_time_sec": "79"}, {"arr_dt": "1478356226", "direction": "0", "dep_dt": "1478356299", "route_id": "Red", "dwell_time_sec": "73"}, {"arr_dt": "1478357032", "direction": "0", "dep_dt": "1478357114", "route_id": "Red", "dwell_time_sec": "82"}, {"arr_dt": "1478357639", "direction": "0", "dep_dt": "1478357716", "route_id": "Red", "dwell_time_sec": "77"}, {"arr_dt": "1478358215", "direction": "0", "dep_dt": "1478358298", "route_id": "Red", "dwell_time_sec": "83"}, {"arr_dt": "1478358813", "direction": "0", "dep_dt": "1478358894", "route_id": "Red", "dwell_time_sec": "81"}, {"arr_dt": "1478359294", "direction": "0", "dep_dt": "1478359373", "route_id": "Red", "dwell_time_sec": "79"}, {"arr_dt": "1478360048", "direction": "0", "dep_dt": "1478360135", "route_id": "Red", "dwell_time_sec": "87"}, {"arr_dt": "1478360550", "direction": "0", "dep_dt": "1478360614", "route_id": "Red", "dwell_time_sec": "64"}, {"arr_dt": "1478361053", "direction": "0", "dep_dt": "1478361122", "route_id": "Red", "dwell_time_sec": "69"}, {"arr_dt": "1478361715", "direction": "0", "dep_dt": "1478361796", "route_id": "Red", "dwell_time_sec": "81"}, {"arr_dt": "1478362239", "direction": "0", "dep_dt": "1478362315", "route_id": "Red", "dwell_time_sec": "76"}, {"arr_dt": "1478362983", "direction": "0", "dep_dt": "1478363078", "route_id": "Red", "dwell_time_sec": "95"}, {"arr_dt": "1478363567", "direction": "0", "dep_dt": "1478363731", "route_id": "Red", "dwell_time_sec": "164"}, {"arr_dt": "1478364118", "direction": "0", "dep_dt": "1478364226", "route_id": "Red", "dwell_time_sec": "108"}, {"arr_dt": "1478364693", "direction": "0", "dep_dt": "1478364778", "route_id": "Red", "dwell_time_sec": "85"}, {"arr_dt": "1478365241", "direction": "0", "dep_dt": "1478365333", "route_id": "Red", "dwell_time_sec": "92"}, {"arr_dt": "1478365850", "direction": "0", "dep_dt": "1478365918", "route_id": "Red", "dwell_time_sec": "68"}, {"arr_dt": "1478366539", "direction": "0", "dep_dt": "1478366626", "route_id": "Red", "dwell_time_sec": "87"}, {"arr_dt": "1478367164", "direction": "0", "dep_dt": "1478367239", "route_id": "Red", "dwell_time_sec": "75"}, {"arr_dt": "1478368552", "direction": "0", "dep_dt": "1478368667", "route_id": "Red", "dwell_time_sec": "115"}, {"arr_dt": "1478369186", "direction": "0", "dep_dt": "1478369282", "route_id": "Red", "dwell_time_sec": "96"}, {"arr_dt": "1478369819", "direction": "0", "dep_dt": "1478369916", "route_id": "Red", "dwell_time_sec": "97"}, {"arr_dt": "1478370346", "direction": "0", "dep_dt": "1478370443", "route_id": "Red", "dwell_time_sec": "97"}, {"arr_dt": "1478370931", "direction": "0", "dep_dt": "1478371012", "route_id": "Red", "dwell_time_sec": "81"}, {"arr_dt": "1478371563", "direction": "0", "dep_dt": "1478371662", "route_id": "Red", "dwell_time_sec": "99"}, {"arr_dt": "1478372177", "direction": "0", "dep_dt": "1478372280", "route_id": "Red", "dwell_time_sec": "103"}, {"arr_dt": "1478372931", "direction": "0", "dep_dt": "1478373050", "route_id": "Red", "dwell_time_sec": "119"}, {"arr_dt": "1478373750", "direction": "0", "dep_dt": "1478373847", "route_id": "Red", "dwell_time_sec": "97"}, {"arr_dt": "1478374242", "direction": "0", "dep_dt": "1478374330", "route_id": "Red", "dwell_time_sec": "88"}, {"arr_dt": "1478374786", "direction": "0", "dep_dt": "1478374882", "route_id": "Red", "dwell_time_sec": "96"}, {"arr_dt": "1478375376", "direction": "0", "dep_dt": "1478375469", "route_id": "Red", "dwell_time_sec": "93"}, {"arr_dt": "1478376116", "direction": "0", "dep_dt": "1478376222", "route_id": "Red", "dwell_time_sec": "106"}, {"arr_dt": "1478376806", "direction": "0", "dep_dt": "1478376951", "route_id": "Red", "dwell_time_sec": "145"}, {"arr_dt": "1478377290", "direction": "0", "dep_dt": "1478377384", "route_id": "Red", "dwell_time_sec": "94"}, {"arr_dt": "1478378021", "direction": "0", "dep_dt": "1478378136", "route_id": "Red", "dwell_time_sec": "115"}, {"arr_dt": "1478378545", "direction": "0", "dep_dt": "1478378632", "route_id": "Red", "dwell_time_sec": "87"}, {"arr_dt": "1478379120", "direction": "0", "dep_dt": "1478379197", "route_id": "Red", "dwell_time_sec": "77"}, {"arr_dt": "1478379828", "direction": "0", "dep_dt": "1478379930", "route_id": "Red", "dwell_time_sec": "102"}, {"arr_dt": "1478380392", "direction": "0", "dep_dt": "1478380475", "route_id": "Red", "dwell_time_sec": "83"}, {"arr_dt": "1478380980", "direction": "0", "dep_dt": "1478381064", "route_id": "Red", "dwell_time_sec": "84"}, {"arr_dt": "1478381879", "direction": "0", "dep_dt": "1478382010", "route_id": "Red", "dwell_time_sec": "131"}, {"arr_dt": "1478382312", "direction": "0", "dep_dt": "1478382399", "route_id": "Red", "dwell_time_sec": "87"}, {"arr_dt": "1478382807", "direction": "0", "dep_dt": "1478382882", "route_id": "Red", "dwell_time_sec": "75"}, {"arr_dt": "1478383259", "direction": "0", "dep_dt": "1478383328", "route_id": "Red", "dwell_time_sec": "69"}, {"arr_dt": "1478383751", "direction": "0", "dep_dt": "1478383830", "route_id": "Red", "dwell_time_sec": "79"}, {"arr_dt": "1478384253", "direction": "0", "dep_dt": "1478384371", "route_id": "Red", "dwell_time_sec": "118"}, {"arr_dt": "1478384702", "direction": "0", "dep_dt": "1478384778", "route_id": "Red", "dwell_time_sec": "76"}, {"arr_dt": "1478385701", "direction": "0", "dep_dt": "1478385792", "route_id": "Red", "dwell_time_sec": "91"}, {"arr_dt": "1478386255", "direction": "0", "dep_dt": "1478386358", "route_id": "Red", "dwell_time_sec": "103"}, {"arr_dt": "1478386680", "direction": "0", "dep_dt": "1478386764", "route_id": "Red", "dwell_time_sec": "84"}, {"arr_dt": "1478387170", "direction": "0", "dep_dt": "1478387247", "route_id": "Red", "dwell_time_sec": "77"}, {"arr_dt": "1478387820", "direction": "0", "dep_dt": "1478387902", "route_id": "Red", "dwell_time_sec": "82"}, {"arr_dt": "1478388338", "direction": "0", "dep_dt": "1478388412", "route_id": "Red", "dwell_time_sec": "74"}, {"arr_dt": "1478388826", "direction": "0", "dep_dt": "1478388905", "route_id": "Red", "dwell_time_sec": "79"}, {"arr_dt": "1478389401", "direction": "0", "dep_dt": "1478389476", "route_id": "Red", "dwell_time_sec": "75"}, {"arr_dt": "1478389975", "direction": "0", "dep_dt": "1478390045", "route_id": "Red", "dwell_time_sec": "70"}, {"arr_dt": "1478390732", "direction": "0", "dep_dt": "1478390797", "route_id": "Red", "dwell_time_sec": "65"}, {"arr_dt": "1478391257", "direction": "0", "dep_dt": "1478391332", "route_id": "Red", "dwell_time_sec": "75"}, {"arr_dt": "1478391874", "direction": "0", "dep_dt": "1478391945", "route_id": "Red", "dwell_time_sec": "71"}, {"arr_dt": "1478392386", "direction": "0", "dep_dt": "1478392464", "route_id": "Red", "dwell_time_sec": "78"}, {"arr_dt": "1478393038", "direction": "0", "dep_dt": "1478393119", "route_id": "Red", "dwell_time_sec": "81"}, {"arr_dt": "1478393611", "direction": "0", "dep_dt": "1478393684", "route_id": "Red", "dwell_time_sec": "73"}, {"arr_dt": "1478394201", "direction": "0", "dep_dt": "1478394275", "route_id": "Red", "dwell_time_sec": "74"}, {"arr_dt": "1478395486", "direction": "0", "dep_dt": "1478395556", "route_id": "Red", "dwell_time_sec": "70"}, {"arr_dt": "1478396218", "direction": "0", "dep_dt": "1478396293", "route_id": "Red", "dwell_time_sec": "75"}, {"arr_dt": "1478396905", "direction": "0", "dep_dt": "1478396985", "route_id": "Red", "dwell_time_sec": "80"}, {"arr_dt": "1478397638", "direction": "0", "dep_dt": "1478397733", "route_id": "Red", "dwell_time_sec": "95"}, {"arr_dt": "1478398139", "direction": "0", "dep_dt": "1478398213", "route_id": "Red", "dwell_time_sec": "74"}, {"arr_dt": "1478398705", "direction": "0", "dep_dt": "1478398795", "route_id": "Red", "dwell_time_sec": "90"}, {"arr_dt": "1478399170", "direction": "0", "dep_dt": "1478399224", "route_id": "Red", "dwell_time_sec": "54"}, {"arr_dt": "1478399807", "direction": "0", "dep_dt": "1478399879", "route_id": "Red", "dwell_time_sec": "72"}, {"arr_dt": "1478400296", "direction": "0", "dep_dt": "1478400358", "route_id": "Red", "dwell_time_sec": "62"}, {"arr_dt": "1478400974", "direction": "0", "dep_dt": "1478401063", "route_id": "Red", "dwell_time_sec": "89"}, {"arr_dt": "1478401604", "direction": "0", "dep_dt": "1478401689", "route_id": "Red", "dwell_time_sec": "85"}, {"arr_dt": "1478402116", "direction": "0", "dep_dt": "1478402188", "route_id": "Red", "dwell_time_sec": "72"}, {"arr_dt": "1478402679", "direction": "0", "dep_dt": "1478402749", "route_id": "Red", "dwell_time_sec": "70"}, {"arr_dt": "1478403294", "direction": "0", "dep_dt": "1478403357", "route_id": "Red", "dwell_time_sec": "63"}, {"arr_dt": "1478403835", "direction": "0", "dep_dt": "1478403890", "route_id": "Red", "dwell_time_sec": "55"}, {"arr_dt": "1478404374", "direction": "0", "dep_dt": "1478404436", "route_id": "Red", "dwell_time_sec": "62"}]}