{"dwell_times": [{"arr_dt": "1471924851", "direction": "0", "dep_dt": "1471924917", "route_id": "Red", "dwell_time_sec": "66"}, {"arr_dt": "1471925141", "direction": "0", "dep_dt": "1471925210", "route_id": "Red", "dwell_time_sec": "69"}, {"arr_dt": "1471925619", "direction": "0", "dep_dt": "1471925692", "route_id": "Red", "dwell_time_sec": "73"}, {"arr_dt": "1471926060", "direction": "0", "dep_dt": "1471926146", "route_id": "Red", "dwell_time_sec": "86"}, {"arr_dt": "1471926433", "direction": "0", "dep_dt": "1471926488", "route_id": "Red", "dwell_time_sec": "55"}, {"arr_dt": "1471926799", "direction": "0", "dep_dt": "1471926867", "route_id": "Red", "dwell_time_sec": "68"}, {"arr_dt": "1471927865", "direction": "0", "dep_dt": "1471929609", "route_id": "Red", "dwell_time_sec": "1744"}, {"arr_dt": "1471944788", "direction": "0", "dep_dt": "1471944848", "route_id": "Red", "dwell_time_sec": "60"}, {"arr_dt": "1471945370", "direction": "0", "dep_dt": "1471945441", "route_id": "Red", "dwell_time_sec": "71"}, {"arr_dt": "1471945604", "direction": "0", "dep_dt": "1471945667", "route_id": "Red", "dwell_time_sec": "63"}, {"arr_dt": "1471946553", "direction": "0", "dep_dt": "1471946613", "route_id": "Red", "dwell_time_sec": "60"}, {"arr_dt": "1471947099", "direction": "0", "dep_dt": "1471947211", "route_id": "Red", "dwell_time_sec": "112"}, {"arr_dt": "1471947780", "direction": "0", "dep_dt": "1471947857", "route_id": "Red", "dwell_time_sec": "77"}, {"arr_dt": "1471948020", "direction": "0", "dep_dt": "1471948079", "route_id": "Red", "dwell_time_sec": "59"}, {"arr_dt": "1471948288", "direction": "0", "dep_dt": "1471948354", "route_id": "Red", "dwell_time_sec": "66"}, {"arr_dt": "1471948600", "direction": "0", "dep_dt": "1471948659", "route_id": "Red", "dwell_time_sec": "59"}, {"arr_dt": "1471948822", "direction": "0", "dep_dt": "1471948881", "route_id": "Red", "dwell_time_sec": "59"}, {"arr_dt": "1471949291", "direction": "0", "dep_dt": "1471949366", "route_id": "Red", "dwell_time_sec": "75"}, {"arr_dt": "1471949464", "direction": "0", "dep_dt": "1471949541", "route_id": "Red", "dwell_time_sec": "77"}, {"arr_dt": "1471949921", "direction": "0", "dep_dt": "1471949985", "route_id": "Red", "dwell_time_sec": "64"}, {"arr_dt": "1471950583", "direction": "0", "dep_dt": "1471950670", "route_id": "Red", "dwell_time_sec": "87"}, {"arr_dt": "1471950785", "direction": "0", "dep_dt": "1471950858", "route_id": "Red", "dwell_time_sec": "73"}, {"arr_dt": "1471950983", "direction": "0", "dep_dt": "1471951098", "route_id": "Red", "dwell_time_sec": "115"}, {"arr_dt": "1471951245", "direction": "0", "dep_dt": "1471951312", "route_id": "Red", "dwell_time_sec": "67"}, {"arr_dt": "1471951430", "direction": "0", "dep_dt": "1471951502", "route_id": "Red", "dwell_time_sec": "72"}, {"arr_dt": "1471951678", "direction": "0", "dep_dt": "1471951769", "route_id": "Red", "dwell_time_sec": "91"}, {"arr_dt": "1471951985", "direction": "0", "dep_dt": "1471952066", "route_id": "Red", "dwell_time_sec": "81"}, {"arr_dt": "1471952182", "direction": "0", "dep_dt": "1471952275", "route_id": "Red", "dwell_time_sec": "93"}, {"arr_dt": "1471952387", "direction": "0", "dep_dt": "1471952461", "route_id": "Red", "dwell_time_sec": "74"}, {"arr_dt": "1471952644", "direction": "0", "dep_dt": "1471952716", "route_id": "Red", "dwell_time_sec": "72"}, {"arr_dt": "1471952830", "direction": "0", "dep_dt": "1471952910", "route_id": "Red", "dwell_time_sec": "80"}, {"arr_dt": "1471953195", "direction": "0", "dep_dt": "1471953286", "route_id": "Red", "dwell_time_sec": "91"}, {"arr_dt": "1471953391", "direction": "0", "dep_dt": "1471953475", "route_id": "Red", "dwell_time_sec": "84"}, {"arr_dt": "1471953676", "direction": "0", "dep_dt": "1471953750", "route_id": "Red", "dwell_time_sec": "74"}, {"arr_dt": "1471953860", "direction": "0", "dep_dt": "1471953951", "route_id": "Red", "dwell_time_sec": "91"}, {"arr_dt": "1471954033", "direction": "0", "dep_dt": "1471954114", "route_id": "Red", "dwell_time_sec": "81"}, {"arr_dt": "1471954241", "direction": "0", "dep_dt": "1471954332", "route_id": "Red", "dwell_time_sec": "91"}, {"arr_dt": "1471954458", "direction": "0", "dep_dt": "1471954552", "route_id": "Red", "dwell_time_sec": "94"}, {"arr_dt": "1471954683", "direction": "0", "dep_dt": "1471954764", "route_id": "Red", "dwell_time_sec": "81"}, {"arr_dt": "1471955005", "direction": "0", "dep_dt": "1471955098", "route_id": "Red", "dwell_time_sec": "93"}, {"arr_dt": "1471955189", "direction": "0", "dep_dt": "1471955283", "route_id": "Red", "dwell_time_sec": "94"}, {"arr_dt": "1471955407", "direction": "0", "dep_dt": "1471955486", "route_id": "Red", "dwell_time_sec": "79"}, {"arr_dt": "1471955741", "direction": "0", "dep_dt": "1471955827", "route_id": "Red", "dwell_time_sec": "86"}, {"arr_dt": "1471955995", "direction": "0", "dep_dt": "1471956087", "route_id": "Red", "dwell_time_sec": "92"}, {"arr_dt": "1471956451", "direction": "0", "dep_dt": "1471956560", "route_id": "Red", "dwell_time_sec": "109"}, {"arr_dt": "1471956653", "direction": "0", "dep_dt": "1471956750", "route_id": "Red", "dwell_time_sec": "97"}, {"arr_dt": "1471956879", "direction": "0", "dep_dt": "1471956964", "route_id": "Red", "dwell_time_sec": "85"}, {"arr_dt": "1471957073", "direction": "0", "dep_dt": "1471957154", "route_id": "Red", "dwell_time_sec": "81"}, {"arr_dt": "1471957249", "direction": "0", "dep_dt": "1471957340", "route_id": "Red", "dwell_time_sec": "91"}, {"arr_dt": "1471957443", "direction": "0", "dep_dt": "1471957532", "route_id": "Red", "dwell_time_sec": "89"}, {"arr_dt": "1471957666", "direction": "0", "dep_dt": "1471957767", "route_id": "Red", "dwell_time_sec": "101"}, {"arr_dt": "1471958115", "direction": "0", "dep_dt": "1471958202", "route_id": "Red", "dwell_time_sec": "87"}, {"arr_dt": "1471958298", "direction": "0", "dep_dt": "1471958387", "route_id": "Red", "dwell_time_sec": "89"}, {"arr_dt": "1471958566", "direction": "0", "dep_dt": "1471958643", "route_id": "Red", "dwell_time_sec": "77"}, {"arr_dt": "1471959107", "direction": "0", "dep_dt": "1471959192", "route_id": "Red", "dwell_time_sec": "85"}, {"arr_dt": "1471959313", "direction": "0", "dep_dt": "1471959391", "route_id": "Red", "dwell_time_sec": "78"}, {"arr_dt": "1471959528", "direction": "0", "dep_dt": "1471959641", "route_id": "Red", "dwell_time_sec": "113"}, {"arr_dt": "1471960081", "direction": "0", "dep_dt": "1471960146", "route_id": "Red", "dwell_time_sec": "65"}, {"arr_dt": "1471960232", "direction": "0", "dep_dt": "1471960310", "route_id": "Red", "dwell_time_sec": "78"}, {"arr_dt": "1471960434", "direction": "0", "dep_dt": "1471960536", "route_id": "Red", "dwell_time_sec": "102"}, {"arr_dt": "1471960636", "direction": "0", "dep_dt": "1471960731", "route_id": "Red", "dwell_time_sec": "95"}, {"arr_dt": "1471960844", "direction": "0", "dep_dt": "1471960903", "route_id": "Red", "dwell_time_sec": "59"}, {"arr_dt": "1471961005", "direction": "0", "dep_dt": "1471961075", "route_id": "Red", "dwell_time_sec": "70"}, {"arr_dt": "1471961177", "direction": "0", "dep_dt": "1471961257", "route_id": "Red", "dwell_time_sec": "80"}, {"arr_dt": "1471961447", "direction": "0", "dep_dt": "1471961520", "route_id": "Red", "dwell_time_sec": "73"}, {"arr_dt": "1471961620", "direction": "0", "dep_dt": "1471961692", "route_id": "Red", "dwell_time_sec": "72"}, {"arr_dt": "1471961925", "direction": "0", "dep_dt": "1471962029", "route_id": "Red", "dwell_time_sec": "104"}, {"arr_dt": "1471962120", "direction": "0", "dep_dt": "1471962211", "route_id": "Red", "dwell_time_sec": "91"}, {"arr_dt": "1471962326", "direction": "0", "dep_dt": "1471962450", "route_id": "Red", "dwell_time_sec": "124"}, {"arr_dt": "1471962538", "direction": "0", "dep_dt": "1471962661", "route_id": "Red", "dwell_time_sec": "123"}, {"arr_dt": "1471962766", "direction": "0", "dep_dt": "1471962848", "route_id": "Red", "dwell_time_sec": "82"}, {"arr_dt": "1471963023", "direction": "0", "dep_dt": "1471963086", "route_id": "Red", "dwell_time_sec": "63"}, {"arr_dt": "1471963540", "direction": "0", "dep_dt": "1471963652", "route_id": "Red", "dwell_time_sec": "112"}, {"arr_dt": "1471963894", "direction": "0", "dep_dt": "1471963981", "route_id": "Red", "dwell_time_sec": "87"}, {"arr_dt": "1471964092", "direction": "0", "dep_dt": "1471964197", "route_id": "Red", "dwell_time_sec": "105"}, {"arr_dt": "1471964637", "direction": "0", "dep_dt": "1471964703", "route_id": "Red", "dwell_time_sec": "66"}, {"arr_dt": "1471964894", "direction": "0", "dep_dt": "1471964965", "route_id": "Red", "dwell_time_sec": "71"}, {"arr_dt": "1471965363", "direction": "0", "dep_dt": "1471965437", "route_id": "Red", "dwell_time_sec": "74"}, {"arr_dt": "1471965663", "direction": "0", "dep_dt": "1471965737", "route_id": "Red", "dwell_time_sec": "74"}, {"arr_dt": "1471965982", "direction": "0", "dep_dt": "1471966049", "route_id": "Red", "dwell_time_sec": "67"}, {"arr_dt": "1471966393", "direction": "0", "dep_dt": "1471966475", "route_id": "Red", "dwell_time_sec": "82"}, {"arr_dt": "1471966915", "direction": "0", "dep_dt": "1471966999", "route_id": "Red", "dwell_time_sec": "84"}, {"arr_dt": "1471967172", "direction": "0", "dep_dt": "1471967344", "route_id": "Red", "dwell_time_sec": "172"}, {"arr_dt": "1471967720", "direction": "0", "dep_dt": "1471967792", "route_id": "Red", "dwell_time_sec": "72"}, {"arr_dt": "1471967987", "direction": "0", "dep_dt": "1471968056", "route_id": "Red", "dwell_time_sec": "69"}, {"arr_dt": "1471968492", "direction": "0", "dep_dt": "1471968567", "route_id": "Red", "dwell_time_sec": "75"}, {"arr_dt": "1471968908", "direction": "0", "dep_dt": "1471968996", "route_id": "Red", "dwell_time_sec": "88"}, {"arr_dt": "1471969509", "direction": "0", "dep_dt": "1471969592", "route_id": "Red", "dwell_time_sec": "83"}, {"arr_dt": "1471969929", "direction": "0", "dep_dt": "1471970051", "route_id": "Red", "dwell_time_sec": "122"}, {"arr_dt": "1471970164", "direction": "0", "dep_dt": "1471970333", "route_id": "Red", "dwell_time_sec": "169"}, {"arr_dt": "1471970648", "direction": "0", "dep_dt": "1471970762", "route_id": "Red", "dwell_time_sec": "114"}, {"arr_dt": "1471971029", "direction": "0", "dep_dt": "1471971111", "route_id": "Red", "dwell_time_sec": "82"}, {"arr_dt": "1471971287", "direction": "0", "dep_dt": "1471971357", "route_id": "Red", "dwell_time_sec": "70"}, {"arr_dt": "1471971765", "direction": "0", "dep_dt": "1471971840", "route_id": "Red", "dwell_time_sec": "75"}, {"arr_dt": "1471972128", "direction": "0", "dep_dt": "1471972195", "route_id": "Red", "dwell_time_sec": "67"}, {"arr_dt": "1471972655", "direction": "0", "dep_dt": "1471972725", "route_id": "Red", "dwell_time_sec": "70"}, {"arr_dt": "1471973008", "direction": "0", "dep_dt": "1471973088", "route_id": "Red", "dwell_time_sec": "80"}, {"arr_dt": "1471973401", "direction": "0", "dep_dt": "1471973483", "route_id": "Red", "dwell_time_sec": "82"}, {"arr_dt": "1471973826", "direction": "0", "dep_dt": "1471973927", "route_id": "Red", "dwell_time_sec": "101"}, {"arr_dt": "1471974325", "direction": "0", "dep_dt": "1471974408", "route_id": "Red", "dwell_time_sec": "83"}, {"arr_dt": "1471974847", "direction": "0", "dep_dt": "1471974920", "route_id": "Red", "dwell_time_sec": "73"}, {"arr_dt": "1471975235", "direction": "0", "dep_dt": "1471975313", "route_id": "Red", "dwell_time_sec": "78"}, {"arr_dt": "1471975507", "direction": "0", "dep_dt": "1471975568", "route_id": "Red", "dwell_time_sec": "61"}, {"arr_dt": "1471975883", "direction": "0", "dep_dt": "1471975954", "route_id": "Red", "dwell_time_sec": "71"}, {"arr_dt": "1471976270", "direction": "0", "dep_dt": "1471976369", "route_id": "Red", "dwell_time_sec": "99"}, {"arr_dt": "1471977181", "direction": "0", "dep_dt": "1471977281", "route_id": "Red", "dwell_time_sec": "100"}, {"arr_dt": "1471977441", "direction": "0", "dep_dt": "1471977523", "route_id": "Red", "dwell_time_sec": "82"}, {"arr_dt": "1471977656", "direction": "0", "dep_dt": "1471977738", "route_id": "Red", "dwell_time_sec": "82"}, {"arr_dt": "1471978048", "direction": "0", "dep_dt": "1471978147", "route_id": "Red", "dwell_time_sec": "99"}, {"arr_dt": "1471978461", "direction": "0", "dep_dt": "1471978538", "route_id": "Red", "dwell_time_sec": "77"}, {"arr_dt": "1471978844", "direction": "0", "dep_dt": "1471978920", "route_id": "Red", "dwell_time_sec": "76"}, {"arr_dt": "1471979550", "direction": "0", "dep_dt": "1471979642", "route_id": "Red", "dwell_time_sec": "92"}, {"arr_dt": "1471979883", "direction": "0", "dep_dt": "1471979978", "route_id": "Red", "dwell_time_sec": "95"}, {"arr_dt": "1471980141", "direction": "0", "dep_dt": "1471980226", "route_id": "Red", "dwell_time_sec": "85"}, {"arr_dt": "1471980666", "direction": "0", "dep_dt": "1471980761", "route_id": "Red", "dwell_time_sec": "95"}, {"arr_dt": "1471980901", "direction": "0", "dep_dt": "1471981005", "route_id": "Red", "dwell_time_sec": "104"}, {"arr_dt": "1471981265", "direction": "0", "dep_dt": "1471981382", "route_id": "Red", "dwell_time_sec": "117"}, {"arr_dt": "1471981535", "direction": "0", "dep_dt": "1471981646", "route_id": "Red", "dwell_time_sec": "111"}, {"arr_dt": "1471981752", "direction": "0", "dep_dt": "1471981911", "route_id": "Red", "dwell_time_sec": "159"}, {"arr_dt": "1471982405", "direction": "0", "dep_dt": "1471982511", "route_id": "Red", "dwell_time_sec": "106"}, {"arr_dt": "1471982838", "direction": "0", "dep_dt": "1471982936", "route_id": "Red", "dwell_time_sec": "98"}, {"arr_dt": "1471983130", "direction": "0", "dep_dt": "1471983256", "route_id": "Red", "dwell_time_sec": "126"}, {"arr_dt": "1471983413", "direction": "0", "dep_dt": "1471983495", "route_id": "Red", "dwell_time_sec": "82"}, {"arr_dt": "1471983615", "direction": "0", "dep_dt": "1471983710", "route_id": "Red", "dwell_time_sec": "95"}, {"arr_dt": "1471983872", "direction": "0", "dep_dt": "1471983954", "route_id": "Red", "dwell_time_sec": "82"}, {"arr_dt": "1471984082", "direction": "0", "dep_dt": "1471984177", "route_id": "Red", "dwell_time_sec": "95"}, {"arr_dt": "1471984468", "direction": "0", "dep_dt": "1471984557", "route_id": "Red", "dwell_time_sec": "89"}, {"arr_dt": "1471984661", "direction": "0", "dep_dt": "1471984757", "route_id": "Red", "dwell_time_sec": "96"}, {"arr_dt": "1471984934", "direction": "0", "dep_dt": "1471985037", "route_id": "Red", "dwell_time_sec": "103"}, {"arr_dt": "1471985390", "direction": "0", "dep_dt": "1471985482", "route_id": "Red", "dwell_time_sec": "92"}, {"arr_dt": "1471985597", "direction": "0", "dep_dt": "1471985679", "route_id": "Red", "dwell_time_sec": "82"}, {"arr_dt": "1471985821", "direction": "0", "dep_dt": "1471985922", "route_id": "Red", "dwell_time_sec": "101"}, {"arr_dt": "1471985998", "direction": "0", "dep_dt": "1471986074", "route_id": "Red", "dwell_time_sec": "76"}, {"arr_dt": "1471986190", "direction": "0", "dep_dt": "1471986304", "route_id": "Red", "dwell_time_sec": "114"}, {"arr_dt": "1471986439", "direction": "0", "dep_dt": "1471986545", "route_id": "Red", "dwell_time_sec": "106"}, {"arr_dt": "1471986647", "direction": "0", "dep_dt": "1471986766", "route_id": "Red", "dwell_time_sec": "119"}, {"arr_dt": "1471986873", "direction": "0", "dep_dt": "1471986988", "route_id": "Red", "dwell_time_sec": "115"}, {"arr_dt": "1471987328", "direction": "0", "dep_dt": "1471987446", "route_id": "Red", "dwell_time_sec": "118"}, {"arr_dt": "1471987591", "direction": "0", "dep_dt": "1471987725", "route_id": "Red", "dwell_time_sec": "134"}, {"arr_dt": "1471987889", "direction": "0", "dep_dt": "1471988038", "route_id": "Red", "dwell_time_sec": "149"}, {"arr_dt": "1471988155", "direction": "0", "dep_dt": "1471988249", "route_id": "Red", "dwell_time_sec": "94"}, {"arr_dt": "1471988446", "direction": "0", "dep_dt": "1471988594", "route_id": "Red", "dwell_time_sec": "148"}, {"arr_dt": "1471988695", "direction": "0", "dep_dt": "1471988829", "route_id": "Red", "dwell_time_sec": "134"}, {"arr_dt": "1471988907", "direction": "0", "dep_dt": "1471989026", "route_id": "Red", "dwell_time_sec": "119"}, {"arr_dt": "1471989114", "direction": "0", "dep_dt": "1471989210", "route_id": "Red", "dwell_time_sec": "96"}, {"arr_dt": "1471989337", "direction": "0", "dep_dt": "1471989429", "route_id": "Red", "dwell_time_sec": "92"}, {"arr_dt": "1471989531", "direction": "0", "dep_dt": "1471989620", "route_id": "Red", "dwell_time_sec": "89"}, {"arr_dt": "1471989742", "direction": "0", "dep_dt": "1471989835", "route_id": "Red", "dwell_time_sec": "93"}, {"arr_dt": "1471989933", "direction": "0", "dep_dt": "1471990025", "route_id": "Red", "dwell_time_sec": "92"}, {"arr_dt": "1471990592", "direction": "0", "dep_dt": "1471990692", "route_id": "Red", "dwell_time_sec": "100"}, {"arr_dt": "1471990807", "direction": "0", "dep_dt": "1471990907", "route_id": "Red", "dwell_time_sec": "100"}, {"arr_dt": "1471991036", "direction": "0", "dep_dt": "1471991121", "route_id": "Red", "dwell_time_sec": "85"}, {"arr_dt": "1471991224", "direction": "0", "dep_dt": "1471991319", "route_id": "Red", "dwell_time_sec": "95"}, {"arr_dt": "1471991406", "direction": "0", "dep_dt": "1471991492", "route_id": "Red", "dwell_time_sec": "86"}, {"arr_dt": "1471991578", "direction": "0", "dep_dt": "1471991670", "route_id": "Red", "dwell_time_sec": "92"}, {"arr_dt": "1471991949", "direction": "0", "dep_dt": "1471992061", "route_id": "Red", "dwell_time_sec": "112"}, {"arr_dt": "1471992230", "direction": "0", "dep_dt": "1471992290", "route_id": "Red", "dwell_time_sec": "60"}, {"arr_dt": "1471992712", "direction": "0", "dep_dt": "1471992795", "route_id": "Red", "dwell_time_sec": "83"}, {"arr_dt": "1471993131", "direction": "0", "dep_dt": "1471993232", "route_id": "Red", "dwell_time_sec": "101"}, {"arr_dt": "1471993482", "direction": "0", "dep_dt": "1471993556", "route_id": "Red", "dwell_time_sec": "74"}, {"arr_dt": "1471993653", "direction": "0", "dep_dt": "1471993739", "route_id": "Red", "dwell_time_sec": "86"}, {"arr_dt": "1471993973", "direction": "0", "dep_dt": "1471994067", "route_id": "Red", "dwell_time_sec": "94"}, {"arr_dt": "1471994158", "direction": "0", "dep_dt": "1471994238", "route_id": "Red", "dwell_time_sec": "80"}, {"arr_dt": "1471994335", "direction": "0", "dep_dt": "1471994412", "route_id": "Red", "dwell_time_sec": "77"}, {"arr_dt": "1471994650", "direction": "0", "dep_dt": "1471994744", "route_id": "Red", "dwell_time_sec": "94"}, {"arr_dt": "1471994852", "direction": "0", "dep_dt": "1471994920", "route_id": "Red", "dwell_time_sec": "68"}, {"arr_dt": "1471995013", "direction": "0", "dep_dt": "1471995091", "route_id": "Red", "dwell_time_sec": "78"}, {"arr_dt": "1471995188", "direction": "0", "dep_dt": "1471995257", "route_id": "Red", "dwell_time_sec": "69"}, {"arr_dt": "1471995484", "direction": "0", "dep_dt": "1471995565", "route_id": "Red", "dwell_time_sec": "81"}, {"arr_dt": "1471995676", "direction": "0", "dep_dt": "1471995747", "route_id": "Red", "dwell_time_sec": "71"}, {"arr_dt": "1471995855", "direction": "0", "dep_dt": "1471995918", "route_id": "Red", "dwell_time_sec": "63"}, {"arr_dt": "1471996042", "direction": "0", "dep_dt": "1471996113", "route_id": "Red", "dwell_time_sec": "71"}, {"arr_dt": "1471996256", "direction": "0", "dep_dt": "1471996329", "route_id": "Red", "dwell_time_sec": "73"}, {"arr_dt": "1471996430", "direction": "0", "dep_dt": "1471996510", "route_id": "Red", "dwell_time_sec": "80"}, {"arr_dt": "1471996677", "direction": "0", "dep_dt": "1471996749", "route_id": "Red", "dwell_time_sec": "72"}, {"arr_dt": "1471997273", "direction": "0", "dep_dt": "1471997358", "route_id": "Red", "dwell_time_sec": "85"}, {"arr_dt": "1471997752", "direction": "0", "dep_dt": "1471997824", "route_id": "Red", "dwell_time_sec": "72"}, {"arr_dt": "1471997961", "direction": "0", "dep_dt": "1471998037", "route_id": "Red", "dwell_time_sec": "76"}, {"arr_dt": "1471998187", "direction": "0", "dep_dt": "1471998253", "route_id": "Red", "dwell_time_sec": "66"}, {"arr_dt": "1471998551", "direction": "0", "dep_dt": "1471998626", "route_id": "Red", "dwell_time_sec": "75"}, {"arr_dt": "1471998866", "direction": "0", "dep_dt": "1471998959", "route_id": "Red", "dwell_time_sec": "93"}, {"arr_dt": "1471999364", "direction": "0", "dep_dt": "1471999437", "route_id": "Red", "dwell_time_sec": "73"}, {"arr_dt": "1471999536", "direction": "0", "dep_dt": "1471999607", "route_id": "Red", "dwell_time_sec": "71"}, {"arr_dt": "1471999799", "direction": "0", "dep_dt": "1471999868", "route_id": "Red", "dwell_time_sec": "69"}, {"arr_dt": "1472000333", "direction": "0", "dep_dt": "1472000409", "route_id": "Red", "dwell_time_sec": "76"}, {"arr_dt": "1472000525", "direction": "0", "dep_dt": "1472000585", "route_id": "Red", "dwell_time_sec": "60"}, {"arr_dt": "1472000932", "direction": "0", "dep_dt": "1472001004", "route_id": "Red", "dwell_time_sec": "72"}, {"arr_dt": "1472001399", "direction": "0", "dep_dt": "1472001465", "route_id": "Red", "dwell_time_sec": "66"}, {"arr_dt": "1472001795", "direction": "0", "dep_dt": "1472001863", "route_id": "Red", "dwell_time_sec": "68"}, {"arr_dt": "1472002252", "direction": "0", "dep_dt": "1472002328", "route_id": "Red", "dwell_time_sec": "76"}, {"arr_dt": "1472002663", "direction": "0", "dep_dt": "1472002740", "route_id": "Red", "dwell_time_sec": "77"}, {"arr_dt": "1472002939", "direction": "0", "dep_dt": "1472003001", "route_id": "Red", "dwell_time_sec": "62"}, {"arr_dt": "1472003321", "direction": "0", "dep_dt": "1472003385", "route_id": "Red", "dwell_time_sec": "64"}, {"arr_dt": "1472003579", "direction": "0", "dep_dt": "1472003642", "route_id": "Red", "dwell_time_sec": "63"}, {"arr_dt": "1472004150", "direction": "0", "dep_dt": "1472004213", "route_id": "Red", "dwell_time_sec": "63"}, {"arr_dt": "1472004823", "direction": "0", "dep_dt": "1472004905", "route_id": "Red", "dwell_time_sec": "82"}, {"arr_dt": "1472005061", "direction": "0", "dep_dt": "1472005142", "route_id": "Red", "dwell_time_sec": "81"}, {"arr_dt": "1472005328", "direction": "0", "dep_dt": "1472005402", "route_id": "Red", "dwell_time_sec": "74"}, {"arr_dt": "1472005699", "direction": "0", "dep_dt": "1472005767", "route_id": "Red", "dwell_time_sec": "68"}, {"arr_dt": "1472006075", "direction": "0", "dep_dt": "1472006138", "route_id": "Red", "dwell_time_sec": "63"}, {"arr_dt": "1472006256", "direction": "0", "dep_dt": "1472006327", "route_id": "Red", "dwell_time_sec": "71"}, {"arr_dt": "1472006505", "direction": "0", "dep_dt": "1472006562", "route_id": "Red", "dwell_time_sec": "57"}, {"arr_dt": "1472006785", "direction": "0", "dep_dt": "1472006842", "route_id": "Red", "dwell_time_sec": "57"}, {"arr_dt": "1472007264", "direction": "0", "dep_dt": "1472007335", "route_id": "Red", "dwell_time_sec": "71"}, {"arr_dt": "1472007653", "direction": "0", "dep_dt": "1472007725", "route_id": "Red", "dwell_time_sec": "72"}, {"arr_dt": "1472008046", "direction": "0", "dep_dt": "1472008107", "route_id": "Red", "dwell_time_sec": "61"}, {"arr_dt": "1472008675", "direction": "0", "dep_dt": "1472008740", "route_id": "Red", "dwell_time_sec": "65"}, {"arr_dt": "1472009127", "direction": "0", "dep_dt": "1472009188", "route_id": "Red", "dwell_time_sec": "61"}, {"arr_dt": "1472009527", "direction": "0", "dep_dt": "1472009596", "route_id": "Red", "dwell_time_sec": "69"}, {"arr_dt": "1472009713", "direction": "0", "dep_dt": "1472009774", "route_id": "Red", "dwell_time_sec": "61"}, {"arr_dt": "1472010112", "direction": "0", "dep_dt": "1472010178", "route_id": "Red", "dwell_time_sec": "66"}, {"arr_dt": "1472010596", "direction": "0", "dep_dt": "1472010670", "route_id": "Red", "dwell_time_sec": "74"}, {"arr_dt": "1472010870", "direction": "0", "dep_dt": "1472010925", "route_id": "Red", "dwell_time_sec": "55"}, {"arr_dt": "1472011069", "direction": "0", "dep_dt": "1472011144", "route_id": "Red", "dwell_time_sec": "75"}]}