{"dwell_times": [{"arr_dt": "1479790860", "direction": "0", "dep_dt": "1479790921", "route_id": "Red", "dwell_time_sec": "61"}, {"arr_dt": "1479791428", "direction": "0", "dep_dt": "1479791489", "route_id": "Red", "dwell_time_sec": "61"}, {"arr_dt": "1479792121", "direction": "0", "dep_dt": "1479792197", "route_id": "Red", "dwell_time_sec": "76"}, {"arr_dt": "1479792541", "direction": "0", "dep_dt": "1479792608", "route_id": "Red", "dwell_time_sec": "67"}, {"arr_dt": "1479793443", "direction": "0", "dep_dt": "1479793512", "route_id": "Red", "dwell_time_sec": "69"}, {"arr_dt": "1479794032", "direction": "0", "dep_dt": "1479794996", "route_id": "Red", "dwell_time_sec": "964"}, {"arr_dt": "1479810961", "direction": "0", "dep_dt": "1479811047", "route_id": "Red", "dwell_time_sec": "86"}, {"arr_dt": "1479811396", "direction": "0", "dep_dt": "1479811449", "route_id": "Red", "dwell_time_sec": "53"}, {"arr_dt": "1479811730", "direction": "0", "dep_dt": "1479811794", "route_id": "Red", "dwell_time_sec": "64"}, {"arr_dt": "1479812147", "direction": "0", "dep_dt": "1479812203", "route_id": "Red", "dwell_time_sec": "56"}, {"arr_dt": "1479812638", "direction": "0", "dep_dt": "1479812689", "route_id": "Red", "dwell_time_sec": "51"}, {"arr_dt": "1479813246", "direction": "0", "dep_dt": "1479813317", "route_id": "Red", "dwell_time_sec": "71"}, {"arr_dt": "1479813642", "direction": "0", "dep_dt": "1479813704", "route_id": "Red", "dwell_time_sec": "62"}, {"arr_dt": "1479814076", "direction": "0", "dep_dt": "1479814165", "route_id": "Red", "dwell_time_sec": "89"}, {"arr_dt": "1479814548", "direction": "0", "dep_dt": "1479814654", "route_id": "Red", "dwell_time_sec": "106"}, {"arr_dt": "1479814750", "direction": "0", "dep_dt": "1479814827", "route_id": "Red", "dwell_time_sec": "77"}, {"arr_dt": "1479815140", "direction": "0", "dep_dt": "1479815218", "route_id": "Red", "dwell_time_sec": "78"}, {"arr_dt": "1479815413", "direction": "0", "dep_dt": "1479815478", "route_id": "Red", "dwell_time_sec": "65"}, {"arr_dt": "1479815941", "direction": "0", "dep_dt": "1479816014", "route_id": "Red", "dwell_time_sec": "73"}, {"arr_dt": "1479816302", "direction": "0", "dep_dt": "1479816367", "route_id": "Red", "dwell_time_sec": "65"}, {"arr_dt": "1479816480", "direction": "0", "dep_dt": "1479816566", "route_id": "Red", "dwell_time_sec": "86"}, {"arr_dt": "1479816928", "direction": "0", "dep_dt": "1479817036", "route_id": "Red", "dwell_time_sec": "108"}, {"arr_dt": "1479817476", "direction": "0", "dep_dt": "1479817587", "route_id": "Red", "dwell_time_sec": "111"}, {"arr_dt": "1479817689", "direction": "0", "dep_dt": "1479817777", "route_id": "Red", "dwell_time_sec": "88"}, {"arr_dt": "1479818118", "direction": "0", "dep_dt": "1479818233", "route_id": "Red", "dwell_time_sec": "115"}, {"arr_dt": "1479818312", "direction": "0", "dep_dt": "1479818410", "route_id": "Red", "dwell_time_sec": "98"}, {"arr_dt": "1479818558", "direction": "0", "dep_dt": "1479818650", "route_id": "Red", "dwell_time_sec": "92"}, {"arr_dt": "1479818753", "direction": "0", "dep_dt": "1479818835", "route_id": "Red", "dwell_time_sec": "82"}, {"arr_dt": "1479818958", "direction": "0", "dep_dt": "1479819035", "route_id": "Red", "dwell_time_sec": "77"}, {"arr_dt": "1479819339", "direction": "0", "dep_dt": "1479819424", "route_id": "Red", "dwell_time_sec": "85"}, {"arr_dt": "1479819636", "direction": "0", "dep_dt": "1479819717", "route_id": "Red", "dwell_time_sec": "81"}, {"arr_dt": "1479820061", "direction": "0", "dep_dt": "1479820160", "route_id": "Red", "dwell_time_sec": "99"}, {"arr_dt": "1479820254", "direction": "0", "dep_dt": "1479820336", "route_id": "Red", "dwell_time_sec": "82"}, {"arr_dt": "1479820450", "direction": "0", "dep_dt": "1479820519", "route_id": "Red", "dwell_time_sec": "69"}, {"arr_dt": "1479820687", "direction": "0", "dep_dt": "1479820763", "route_id": "Red", "dwell_time_sec": "76"}, {"arr_dt": "1479820861", "direction": "0", "dep_dt": "1479820955", "route_id": "Red", "dwell_time_sec": "94"}, {"arr_dt": "1479821050", "direction": "0", "dep_dt": "1479821135", "route_id": "Red", "dwell_time_sec": "85"}, {"arr_dt": "1479821390", "direction": "0", "dep_dt": "1479821518", "route_id": "Red", "dwell_time_sec": "128"}, {"arr_dt": "1479821659", "direction": "0", "dep_dt": "1479821757", "route_id": "Red", "dwell_time_sec": "98"}, {"arr_dt": "1479821881", "direction": "0", "dep_dt": "1479821984", "route_id": "Red", "dwell_time_sec": "103"}, {"arr_dt": "1479822095", "direction": "0", "dep_dt": "1479822231", "route_id": "Red", "dwell_time_sec": "136"}, {"arr_dt": "1479822314", "direction": "0", "dep_dt": "1479822425", "route_id": "Red", "dwell_time_sec": "111"}, {"arr_dt": "1479822597", "direction": "0", "dep_dt": "1479822720", "route_id": "Red", "dwell_time_sec": "123"}, {"arr_dt": "1479822796", "direction": "0", "dep_dt": "1479822897", "route_id": "Red", "dwell_time_sec": "101"}, {"arr_dt": "1479823050", "direction": "0", "dep_dt": "1479823141", "route_id": "Red", "dwell_time_sec": "91"}, {"arr_dt": "1479823264", "direction": "0", "dep_dt": "1479823363", "route_id": "Red", "dwell_time_sec": "99"}, {"arr_dt": "1479823482", "direction": "0", "dep_dt": "1479823576", "route_id": "Red", "dwell_time_sec": "94"}, {"arr_dt": "1479823690", "direction": "0", "dep_dt": "1479823783", "route_id": "Red", "dwell_time_sec": "93"}, {"arr_dt": "1479823900", "direction": "0", "dep_dt": "1479823995", "route_id": "Red", "dwell_time_sec": "95"}, {"arr_dt": "1479824205", "direction": "0", "dep_dt": "1479824322", "route_id": "Red", "dwell_time_sec": "117"}, {"arr_dt": "1479824461", "direction": "0", "dep_dt": "1479824582", "route_id": "Red", "dwell_time_sec": "121"}, {"arr_dt": "1479824668", "direction": "0", "dep_dt": "1479824765", "route_id": "Red", "dwell_time_sec": "97"}, {"arr_dt": "1479824871", "direction": "0", "dep_dt": "1479824963", "route_id": "Red", "dwell_time_sec": "92"}, {"arr_dt": "1479825128", "direction": "0", "dep_dt": "1479825207", "route_id": "Red", "dwell_time_sec": "79"}, {"arr_dt": "1479825307", "direction": "0", "dep_dt": "1479825389", "route_id": "Red", "dwell_time_sec": "82"}, {"arr_dt": "1479825945", "direction": "0", "dep_dt": "1479826049", "route_id": "Red", "dwell_time_sec": "104"}, {"arr_dt": "1479826163", "direction": "0", "dep_dt": "1479826282", "route_id": "Red", "dwell_time_sec": "119"}, {"arr_dt": "1479826383", "direction": "0", "dep_dt": "1479826460", "route_id": "Red", "dwell_time_sec": "77"}, {"arr_dt": "1479826557", "direction": "0", "dep_dt": "1479826651", "route_id": "Red", "dwell_time_sec": "94"}, {"arr_dt": "1479826776", "direction": "0", "dep_dt": "1479826843", "route_id": "Red", "dwell_time_sec": "67"}, {"arr_dt": "1479826985", "direction": "0", "dep_dt": "1479827069", "route_id": "Red", "dwell_time_sec": "84"}, {"arr_dt": "1479827286", "direction": "0", "dep_dt": "1479827370", "route_id": "Red", "dwell_time_sec": "84"}, {"arr_dt": "1479827459", "direction": "0", "dep_dt": "1479827531", "route_id": "Red", "dwell_time_sec": "72"}, {"arr_dt": "1479827713", "direction": "0", "dep_dt": "1479827783", "route_id": "Red", "dwell_time_sec": "70"}, {"arr_dt": "1479827911", "direction": "0", "dep_dt": "1479827977", "route_id": "Red", "dwell_time_sec": "66"}, {"arr_dt": "1479828376", "direction": "0", "dep_dt": "1479828470", "route_id": "Red", "dwell_time_sec": "94"}, {"arr_dt": "1479828948", "direction": "0", "dep_dt": "1479829018", "route_id": "Red", "dwell_time_sec": "70"}, {"arr_dt": "1479829143", "direction": "0", "dep_dt": "1479829237", "route_id": "Red", "dwell_time_sec": "94"}, {"arr_dt": "1479829351", "direction": "0", "dep_dt": "1479829420", "route_id": "Red", "dwell_time_sec": "69"}, {"arr_dt": "1479829804", "direction": "0", "dep_dt": "1479829887", "route_id": "Red", "dwell_time_sec": "83"}, {"arr_dt": "1479830123", "direction": "0", "dep_dt": "1479830184", "route_id": "Red", "dwell_time_sec": "61"}, {"arr_dt": "1479830403", "direction": "0", "dep_dt": "1479830469", "route_id": "Red", "dwell_time_sec": "66"}, {"arr_dt": "1479830828", "direction": "0", "dep_dt": "1479830919", "route_id": "Red", "dwell_time_sec": "91"}, {"arr_dt": "1479831662", "direction": "0", "dep_dt": "1479831748", "route_id": "Red", "dwell_time_sec": "86"}, {"arr_dt": "1479832071", "direction": "0", "dep_dt": "1479832146", "route_id": "Red", "dwell_time_sec": "75"}, {"arr_dt": "1479832486", "direction": "0", "dep_dt": "1479832562", "route_id": "Red", "dwell_time_sec": "76"}, {"arr_dt": "1479832809", "direction": "0", "dep_dt": "1479832884", "route_id": "Red", "dwell_time_sec": "75"}, {"arr_dt": "1479833505", "direction": "0", "dep_dt": "1479833599", "route_id": "Red", "dwell_time_sec": "94"}, {"arr_dt": "1479833779", "direction": "0", "dep_dt": "1479833853", "route_id": "Red", "dwell_time_sec": "74"}, {"arr_dt": "1479834125", "direction": "0", "dep_dt": "1479834204", "route_id": "Red", "dwell_time_sec": "79"}, {"arr_dt": "1479834397", "direction": "0", "dep_dt": "1479834478", "route_id": "Red", "dwell_time_sec": "81"}, {"arr_dt": "1479834899", "direction": "0", "dep_dt": "1479834969", "route_id": "Red", "dwell_time_sec": "70"}, {"arr_dt": "1479835172", "direction": "0", "dep_dt": "1479835241", "route_id": "Red", "dwell_time_sec": "69"}, {"arr_dt": "1479835543", "direction": "0", "dep_dt": "1479835609", "route_id": "Red", "dwell_time_sec": "66"}, {"arr_dt": "1479835967", "direction": "0", "dep_dt": "1479836027", "route_id": "Red", "dwell_time_sec": "60"}, {"arr_dt": "1479836571", "direction": "0", "dep_dt": "1479836666", "route_id": "Red", "dwell_time_sec": "95"}, {"arr_dt": "1479837037", "direction": "0", "dep_dt": "1479837218", "route_id": "Red", "dwell_time_sec": "181"}, {"arr_dt": "1479837407", "direction": "0", "dep_dt": "1479837488", "route_id": "Red", "dwell_time_sec": "81"}, {"arr_dt": "1479838091", "direction": "0", "dep_dt": "1479838189", "route_id": "Red", "dwell_time_sec": "98"}, {"arr_dt": "1479838279", "direction": "0", "dep_dt": "1479838370", "route_id": "Red", "dwell_time_sec": "91"}, {"arr_dt": "1479838895", "direction": "0", "dep_dt": "1479839419", "route_id": "Red", "dwell_time_sec": "524"}, {"arr_dt": "1479840600", "direction": "0", "dep_dt": "1479840714", "route_id": "Red", "dwell_time_sec": "114"}, {"arr_dt": "1479840797", "direction": "0", "dep_dt": "1479840900", "route_id": "Red", "dwell_time_sec": "103"}, {"arr_dt": "1479841025", "direction": "0", "dep_dt": "1479841176", "route_id": "Red", "dwell_time_sec": "151"}, {"arr_dt": "1479842399", "direction": "0", "dep_dt": "1479842484", "route_id": "Red", "dwell_time_sec": "85"}, {"arr_dt": "1479842632", "direction": "0", "dep_dt": "1479842713", "route_id": "Red", "dwell_time_sec": "81"}, {"arr_dt": "1479843499", "direction": "0", "dep_dt": "1479843651", "route_id": "Red", "dwell_time_sec": "152"}, {"arr_dt": "1479843801", "direction": "0", "dep_dt": "1479843881", "route_id": "Red", "dwell_time_sec": "80"}, {"arr_dt": "1479844330", "direction": "0", "dep_dt": "1479844434", "route_id": "Red", "dwell_time_sec": "104"}, {"arr_dt": "1479844585", "direction": "0", "dep_dt": "1479844688", "route_id": "Red", "dwell_time_sec": "103"}, {"arr_dt": "1479845010", "direction": "0", "dep_dt": "1479845290", "route_id": "Red", "dwell_time_sec": "280"}, {"arr_dt": "1479845658", "direction": "0", "dep_dt": "1479845787", "route_id": "Red", "dwell_time_sec": "129"}, {"arr_dt": "1479846705", "direction": "0", "dep_dt": "1479846845", "route_id": "Red", "dwell_time_sec": "140"}, {"arr_dt": "1479846958", "direction": "0", "dep_dt": "1479847066", "route_id": "Red", "dwell_time_sec": "108"}, {"arr_dt": "1479847340", "direction": "0", "dep_dt": "1479847454", "route_id": "Red", "dwell_time_sec": "114"}, {"arr_dt": "1479847555", "direction": "0", "dep_dt": "1479847640", "route_id": "Red", "dwell_time_sec": "85"}, {"arr_dt": "1479847755", "direction": "0", "dep_dt": "1479847850", "route_id": "Red", "dwell_time_sec": "95"}, {"arr_dt": "1479848041", "direction": "0", "dep_dt": "1479848146", "route_id": "Red", "dwell_time_sec": "105"}, {"arr_dt": "1479848303", "direction": "0", "dep_dt": "1479848394", "route_id": "Red", "dwell_time_sec": "91"}, {"arr_dt": "1479848779", "direction": "0", "dep_dt": "1479848894", "route_id": "Red", "dwell_time_sec": "115"}, {"arr_dt": "1479849336", "direction": "0", "dep_dt": "1479849476", "route_id": "Red", "dwell_time_sec": "140"}, {"arr_dt": "1479849599", "direction": "0", "dep_dt": "1479849771", "route_id": "Red", "dwell_time_sec": "172"}, {"arr_dt": "1479849843", "direction": "0", "dep_dt": "1479849990", "route_id": "Red", "dwell_time_sec": "147"}, {"arr_dt": "1479850124", "direction": "0", "dep_dt": "1479850221", "route_id": "Red", "dwell_time_sec": "97"}, {"arr_dt": "1479850333", "direction": "0", "dep_dt": "1479850425", "route_id": "Red", "dwell_time_sec": "92"}, {"arr_dt": "1479850561", "direction": "0", "dep_dt": "1479850671", "route_id": "Red", "dwell_time_sec": "110"}, {"arr_dt": "1479850767", "direction": "0", "dep_dt": "1479850868", "route_id": "Red", "dwell_time_sec": "101"}, {"arr_dt": "1479851109", "direction": "0", "dep_dt": "1479851235", "route_id": "Red", "dwell_time_sec": "126"}, {"arr_dt": "1479851333", "direction": "0", "dep_dt": "1479851475", "route_id": "Red", "dwell_time_sec": "142"}, {"arr_dt": "1479851609", "direction": "0", "dep_dt": "1479851754", "route_id": "Red", "dwell_time_sec": "145"}, {"arr_dt": "1479851902", "direction": "0", "dep_dt": "1479852012", "route_id": "Red", "dwell_time_sec": "110"}, {"arr_dt": "1479852102", "direction": "0", "dep_dt": "1479852213", "route_id": "Red", "dwell_time_sec": "111"}, {"arr_dt": "1479852311", "direction": "0", "dep_dt": "1479852418", "route_id": "Red", "dwell_time_sec": "107"}, {"arr_dt": "1479852565", "direction": "0", "dep_dt": "1479852685", "route_id": "Red", "dwell_time_sec": "120"}, {"arr_dt": "1479853309", "direction": "0", "dep_dt": "1479853440", "route_id": "Red", "dwell_time_sec": "131"}, {"arr_dt": "1479853621", "direction": "0", "dep_dt": "1479853733", "route_id": "Red", "dwell_time_sec": "112"}, {"arr_dt": "1479853907", "direction": "0", "dep_dt": "1479854035", "route_id": "Red", "dwell_time_sec": "128"}, {"arr_dt": "1479854142", "direction": "0", "dep_dt": "1479854305", "route_id": "Red", "dwell_time_sec": "163"}, {"arr_dt": "1479854412", "direction": "0", "dep_dt": "1479854508", "route_id": "Red", "dwell_time_sec": "96"}, {"arr_dt": "1479854666", "direction": "0", "dep_dt": "1479854758", "route_id": "Red", "dwell_time_sec": "92"}, {"arr_dt": "1479854865", "direction": "0", "dep_dt": "1479855029", "route_id": "Red", "dwell_time_sec": "164"}, {"arr_dt": "1479855119", "direction": "0", "dep_dt": "1479855230", "route_id": "Red", "dwell_time_sec": "111"}, {"arr_dt": "1479855471", "direction": "0", "dep_dt": "1479855588", "route_id": "Red", "dwell_time_sec": "117"}, {"arr_dt": "1479855697", "direction": "0", "dep_dt": "1479855792", "route_id": "Red", "dwell_time_sec": "95"}, {"arr_dt": "1479855963", "direction": "0", "dep_dt": "1479856072", "route_id": "Red", "dwell_time_sec": "109"}, {"arr_dt": "1479856207", "direction": "0", "dep_dt": "1479856303", "route_id": "Red", "dwell_time_sec": "96"}, {"arr_dt": "1479856592", "direction": "0", "dep_dt": "1479856742", "route_id": "Red", "dwell_time_sec": "150"}, {"arr_dt": "1479857106", "direction": "0", "dep_dt": "1479857214", "route_id": "Red", "dwell_time_sec": "108"}, {"arr_dt": "1479857310", "direction": "0", "dep_dt": "1479857404", "route_id": "Red", "dwell_time_sec": "94"}, {"arr_dt": "1479857815", "direction": "0", "dep_dt": "1479857926", "route_id": "Red", "dwell_time_sec": "111"}, {"arr_dt": "1479858040", "direction": "0", "dep_dt": "1479858136", "route_id": "Red", "dwell_time_sec": "96"}, {"arr_dt": "1479858231", "direction": "0", "dep_dt": "1479858319", "route_id": "Red", "dwell_time_sec": "88"}, {"arr_dt": "1479858414", "direction": "0", "dep_dt": "1479858496", "route_id": "Red", "dwell_time_sec": "82"}, {"arr_dt": "1479858647", "direction": "0", "dep_dt": "1479858732", "route_id": "Red", "dwell_time_sec": "85"}, {"arr_dt": "1479858836", "direction": "0", "dep_dt": "1479858955", "route_id": "Red", "dwell_time_sec": "119"}, {"arr_dt": "1479859165", "direction": "0", "dep_dt": "1479859244", "route_id": "Red", "dwell_time_sec": "79"}, {"arr_dt": "1479859339", "direction": "0", "dep_dt": "1479859434", "route_id": "Red", "dwell_time_sec": "95"}, {"arr_dt": "1479859581", "direction": "0", "dep_dt": "1479859658", "route_id": "Red", "dwell_time_sec": "77"}, {"arr_dt": "1479859880", "direction": "0", "dep_dt": "1479859964", "route_id": "Red", "dwell_time_sec": "84"}, {"arr_dt": "1479860225", "direction": "0", "dep_dt": "1479860317", "route_id": "Red", "dwell_time_sec": "92"}, {"arr_dt": "1479860427", "direction": "0", "dep_dt": "1479860513", "route_id": "Red", "dwell_time_sec": "86"}, {"arr_dt": "1479860657", "direction": "0", "dep_dt": "1479860739", "route_id": "Red", "dwell_time_sec": "82"}, {"arr_dt": "1479860860", "direction": "0", "dep_dt": "1479860935", "route_id": "Red", "dwell_time_sec": "75"}, {"arr_dt": "1479861102", "direction": "0", "dep_dt": "1479861167", "route_id": "Red", "dwell_time_sec": "65"}, {"arr_dt": "1479861266", "direction": "0", "dep_dt": "1479861332", "route_id": "Red", "dwell_time_sec": "66"}, {"arr_dt": "1479861626", "direction": "0", "dep_dt": "1479861723", "route_id": "Red", "dwell_time_sec": "97"}, {"arr_dt": "1479862064", "direction": "0", "dep_dt": "1479862132", "route_id": "Red", "dwell_time_sec": "68"}, {"arr_dt": "1479862282", "direction": "0", "dep_dt": "1479862352", "route_id": "Red", "dwell_time_sec": "70"}, {"arr_dt": "1479862731", "direction": "0", "dep_dt": "1479862809", "route_id": "Red", "dwell_time_sec": "78"}, {"arr_dt": "1479862917", "direction": "0", "dep_dt": "1479863003", "route_id": "Red", "dwell_time_sec": "86"}, {"arr_dt": "1479863147", "direction": "0", "dep_dt": "1479863214", "route_id": "Red", "dwell_time_sec": "67"}, {"arr_dt": "1479863571", "direction": "0", "dep_dt": "1479863641", "route_id": "Red", "dwell_time_sec": "70"}, {"arr_dt": "1479863834", "direction": "0", "dep_dt": "1479863909", "route_id": "Red", "dwell_time_sec": "75"}, {"arr_dt": "1479864022", "direction": "0", "dep_dt": "1479864091", "route_id": "Red", "dwell_time_sec": "69"}, {"arr_dt": "1479864284", "direction": "0", "dep_dt": "1479864366", "route_id": "Red", "dwell_time_sec": "82"}, {"arr_dt": "1479864728", "direction": "0", "dep_dt": "1479864807", "route_id": "Red", "dwell_time_sec": "79"}, {"arr_dt": "1479865017", "direction": "0", "dep_dt": "1479865086", "route_id": "Red", "dwell_time_sec": "69"}, {"arr_dt": "1479865222", "direction": "0", "dep_dt": "1479865280", "route_id": "Red", "dwell_time_sec": "58"}, {"arr_dt": "1479865867", "direction": "0", "dep_dt": "1479865957", "route_id": "Red", "dwell_time_sec": "90"}, {"arr_dt": "1479866075", "direction": "0", "dep_dt": "1479866140", "route_id": "Red", "dwell_time_sec": "65"}, {"arr_dt": "1479866343", "direction": "0", "dep_dt": "1479866417", "route_id": "Red", "dwell_time_sec": "74"}, {"arr_dt": "1479866636", "direction": "0", "dep_dt": "1479866718", "route_id": "Red", "dwell_time_sec": "82"}, {"arr_dt": "1479866934", "direction": "0", "dep_dt": "1479867012", "route_id": "Red", "dwell_time_sec": "78"}, {"arr_dt": "1479867251", "direction": "0", "dep_dt": "1479867333", "route_id": "Red", "dwell_time_sec": "82"}, {"arr_dt": "1479867605", "direction": "0", "dep_dt": "1479867665", "route_id": "Red", "dwell_time_sec": "60"}, {"arr_dt": "1479867882", "direction": "0", "dep_dt": "1479867975", "route_id": "Red", "dwell_time_sec": "93"}, {"arr_dt": "1479868456", "direction": "0", "dep_dt": "1479868537", "route_id": "Red", "dwell_time_sec": "81"}, {"arr_dt": "1479868663", "direction": "0", "dep_dt": "1479868746", "route_id": "Red", "dwell_time_sec": "83"}, {"arr_dt": "1479869190", "direction": "0", "dep_dt": "1479869272", "route_id": "Red", "dwell_time_sec": "82"}, {"arr_dt": "1479869605", "direction": "0", "dep_dt": "1479869672", "route_id": "Red", "dwell_time_sec": "67"}, {"arr_dt": "1479870202", "direction": "0", "dep_dt": "1479870282", "route_id": "Red", "dwell_time_sec": "80"}, {"arr_dt": "1479870455", "direction": "0", "dep_dt": "1479870567", "route_id": "Red", "dwell_time_sec": "112"}, {"arr_dt": "1479870783", "direction": "0", "dep_dt": "1479870838", "route_id": "Red", "dwell_time_sec": "55"}, {"arr_dt": "1479871676", "direction": "0", "dep_dt": "1479871770", "route_id": "Red", "dwell_time_sec": "94"}, {"arr_dt": "1479871902", "direction": "0", "dep_dt": "1479871966", "route_id": "Red", "dwell_time_sec": "64"}, {"arr_dt": "1479872148", "direction": "0", "dep_dt": "1479872216", "route_id": "Red", "dwell_time_sec": "68"}, {"arr_dt": "1479872641", "direction": "0", "dep_dt": "1479872726", "route_id": "Red", "dwell_time_sec": "85"}, {"arr_dt": "1479872867", "direction": "0", "dep_dt": "1479872970", "route_id": "Red", "dwell_time_sec": "103"}, {"arr_dt": "1479873106", "direction": "0", "dep_dt": "1479873179", "route_id": "Red", "dwell_time_sec": "73"}, {"arr_dt": "1479873364", "direction": "0", "dep_dt": "1479873431", "route_id": "Red", "dwell_time_sec": "67"}, {"arr_dt": "1479873762", "direction": "0", "dep_dt": "1479873823", "route_id": "Red", "dwell_time_sec": "61"}, {"arr_dt": "1479874565", "direction": "0", "dep_dt": "1479874656", "route_id": "Red", "dwell_time_sec": "91"}, {"arr_dt": "1479874870", "direction": "0", "dep_dt": "1479874938", "route_id": "Red", "dwell_time_sec": "68"}, {"arr_dt": "1479875228", "direction": "0", "dep_dt": "1479875297", "route_id": "Red", "dwell_time_sec": "69"}, {"arr_dt": "1479875428", "direction": "0", "dep_dt": "1479875488", "route_id": "Red", "dwell_time_sec": "60"}, {"arr_dt": "1479876058", "direction": "0", "dep_dt": "1479876130", "route_id": "Red", "dwell_time_sec": "72"}, {"arr_dt": "1479876276", "direction": "0", "dep_dt": "1479876337", "route_id": "Red", "dwell_time_sec": "61"}, {"arr_dt": "1479876440", "direction": "0", "dep_dt": "1479876534", "route_id": "Red", "dwell_time_sec": "94"}, {"arr_dt": "1479876958", "direction": "0", "dep_dt": "1479877027", "route_id": "Red", "dwell_time_sec": "69"}]}