{"dwell_times": [{"arr_dt": "1460606816", "direction": "0", "dep_dt": "1460606918", "route_id": "Red", "dwell_time_sec": "102"}, {"arr_dt": "1460607016", "direction": "0", "dep_dt": "1460607141", "route_id": "Red", "dwell_time_sec": "125"}, {"arr_dt": "1460607452", "direction": "0", "dep_dt": "1460607516", "route_id": "Red", "dwell_time_sec": "64"}, {"arr_dt": "1460607851", "direction": "0", "dep_dt": "1460607929", "route_id": "Red", "dwell_time_sec": "78"}, {"arr_dt": "1460608330", "direction": "0", "dep_dt": "1460608403", "route_id": "Red", "dwell_time_sec": "73"}, {"arr_dt": "1460608559", "direction": "0", "dep_dt": "1460608607", "route_id": "Red", "dwell_time_sec": "48"}, {"arr_dt": "1460609581", "direction": "0", "dep_dt": "1460611114", "route_id": "Red", "dwell_time_sec": "1533"}, {"arr_dt": "1460626340", "direction": "0", "dep_dt": "1460626350", "route_id": "Red", "dwell_time_sec": "10"}, {"arr_dt": "1460628651", "direction": "0", "dep_dt": "1460628697", "route_id": "Red", "dwell_time_sec": "46"}, {"arr_dt": "1460629081", "direction": "0", "dep_dt": "1460629354", "route_id": "Red", "dwell_time_sec": "273"}, {"arr_dt": "1460629715", "direction": "0", "dep_dt": "1460630013", "route_id": "Red", "dwell_time_sec": "298"}, {"arr_dt": "1460630053", "direction": "0", "dep_dt": "1460630132", "route_id": "Red", "dwell_time_sec": "79"}, {"arr_dt": "1460630229", "direction": "0", "dep_dt": "1460630368", "route_id": "Red", "dwell_time_sec": "139"}, {"arr_dt": "1460630639", "direction": "0", "dep_dt": "1460630953", "route_id": "Red", "dwell_time_sec": "314"}, {"arr_dt": "1460630985", "direction": "0", "dep_dt": "1460631278", "route_id": "Red", "dwell_time_sec": "293"}, {"arr_dt": "1460632208", "direction": "0", "dep_dt": "1460632387", "route_id": "Red", "dwell_time_sec": "179"}, {"arr_dt": "1460632449", "direction": "0", "dep_dt": "1460632484", "route_id": "Red", "dwell_time_sec": "35"}, {"arr_dt": "1460632605", "direction": "0", "dep_dt": "1460632689", "route_id": "Red", "dwell_time_sec": "84"}, {"arr_dt": "1460632772", "direction": "0", "dep_dt": "1460632843", "route_id": "Red", "dwell_time_sec": "71"}, {"arr_dt": "1460633022", "direction": "0", "dep_dt": "1460633108", "route_id": "Red", "dwell_time_sec": "86"}, {"arr_dt": "1460633243", "direction": "0", "dep_dt": "1460633318", "route_id": "Red", "dwell_time_sec": "75"}, {"arr_dt": "1460633431", "direction": "0", "dep_dt": "1460633502", "route_id": "Red", "dwell_time_sec": "71"}, {"arr_dt": "1460633762", "direction": "0", "dep_dt": "1460633843", "route_id": "Red", "dwell_time_sec": "81"}, {"arr_dt": "1460633964", "direction": "0", "dep_dt": "1460634039", "route_id": "Red", "dwell_time_sec": "75"}, {"arr_dt": "1460634153", "direction": "0", "dep_dt": "1460634248", "route_id": "Red", "dwell_time_sec": "95"}, {"arr_dt": "1460634329", "direction": "0", "dep_dt": "1460634397", "route_id": "Red", "dwell_time_sec": "68"}, {"arr_dt": "1460634516", "direction": "0", "dep_dt": "1460634607", "route_id": "Red", "dwell_time_sec": "91"}, {"arr_dt": "1460634688", "direction": "0", "dep_dt": "1460634745", "route_id": "Red", "dwell_time_sec": "57"}, {"arr_dt": "1460634916", "direction": "0", "dep_dt": "1460634995", "route_id": "Red", "dwell_time_sec": "79"}, {"arr_dt": "1460635204", "direction": "0", "dep_dt": "1460635290", "route_id": "Red", "dwell_time_sec": "86"}, {"arr_dt": "1460635430", "direction": "0", "dep_dt": "1460635507", "route_id": "Red", "dwell_time_sec": "77"}, {"arr_dt": "1460635879", "direction": "0", "dep_dt": "1460635973", "route_id": "Red", "dwell_time_sec": "94"}, {"arr_dt": "1460636081", "direction": "0", "dep_dt": "1460636158", "route_id": "Red", "dwell_time_sec": "77"}, {"arr_dt": "1460636276", "direction": "0", "dep_dt": "1460636379", "route_id": "Red", "dwell_time_sec": "103"}, {"arr_dt": "1460636887", "direction": "0", "dep_dt": "1460637001", "route_id": "Red", "dwell_time_sec": "114"}, {"arr_dt": "1460637121", "direction": "0", "dep_dt": "1460637252", "route_id": "Red", "dwell_time_sec": "131"}, {"arr_dt": "1460637540", "direction": "0", "dep_dt": "1460637635", "route_id": "Red", "dwell_time_sec": "95"}, {"arr_dt": "1460637740", "direction": "0", "dep_dt": "1460637827", "route_id": "Red", "dwell_time_sec": "87"}, {"arr_dt": "1460638282", "direction": "0", "dep_dt": "1460638400", "route_id": "Red", "dwell_time_sec": "118"}, {"arr_dt": "1460638496", "direction": "0", "dep_dt": "1460638595", "route_id": "Red", "dwell_time_sec": "99"}, {"arr_dt": "1460638738", "direction": "0", "dep_dt": "1460638827", "route_id": "Red", "dwell_time_sec": "89"}, {"arr_dt": "1460638911", "direction": "0", "dep_dt": "1460639005", "route_id": "Red", "dwell_time_sec": "94"}, {"arr_dt": "1460639093", "direction": "0", "dep_dt": "1460639186", "route_id": "Red", "dwell_time_sec": "93"}, {"arr_dt": "1460639288", "direction": "0", "dep_dt": "1460639373", "route_id": "Red", "dwell_time_sec": "85"}, {"arr_dt": "1460639494", "direction": "0", "dep_dt": "1460639589", "route_id": "Red", "dwell_time_sec": "95"}, {"arr_dt": "1460639663", "direction": "0", "dep_dt": "1460639767", "route_id": "Red", "dwell_time_sec": "104"}, {"arr_dt": "1460639867", "direction": "0", "dep_dt": "1460639948", "route_id": "Red", "dwell_time_sec": "81"}, {"arr_dt": "1460640029", "direction": "0", "dep_dt": "1460640111", "route_id": "Red", "dwell_time_sec": "82"}, {"arr_dt": "1460640211", "direction": "0", "dep_dt": "1460640291", "route_id": "Red", "dwell_time_sec": "80"}, {"arr_dt": "1460640771", "direction": "0", "dep_dt": "1460640865", "route_id": "Red", "dwell_time_sec": "94"}, {"arr_dt": "1460640953", "direction": "0", "dep_dt": "1460641029", "route_id": "Red", "dwell_time_sec": "76"}, {"arr_dt": "1460641165", "direction": "0", "dep_dt": "1460641247", "route_id": "Red", "dwell_time_sec": "82"}, {"arr_dt": "1460641341", "direction": "0", "dep_dt": "1460641426", "route_id": "Red", "dwell_time_sec": "85"}, {"arr_dt": "1460641532", "direction": "0", "dep_dt": "1460641611", "route_id": "Red", "dwell_time_sec": "79"}, {"arr_dt": "1460641729", "direction": "0", "dep_dt": "1460641818", "route_id": "Red", "dwell_time_sec": "89"}, {"arr_dt": "1460641899", "direction": "0", "dep_dt": "1460642003", "route_id": "Red", "dwell_time_sec": "104"}, {"arr_dt": "1460642412", "direction": "0", "dep_dt": "1460642507", "route_id": "Red", "dwell_time_sec": "95"}, {"arr_dt": "1460642595", "direction": "0", "dep_dt": "1460642679", "route_id": "Red", "dwell_time_sec": "84"}, {"arr_dt": "1460642921", "direction": "0", "dep_dt": "1460643007", "route_id": "Red", "dwell_time_sec": "86"}, {"arr_dt": "1460643131", "direction": "0", "dep_dt": "1460643204", "route_id": "Red", "dwell_time_sec": "73"}, {"arr_dt": "1460643766", "direction": "0", "dep_dt": "1460643851", "route_id": "Red", "dwell_time_sec": "85"}, {"arr_dt": "1460643953", "direction": "0", "dep_dt": "1460644034", "route_id": "Red", "dwell_time_sec": "81"}, {"arr_dt": "1460644140", "direction": "0", "dep_dt": "1460644214", "route_id": "Red", "dwell_time_sec": "74"}, {"arr_dt": "1460644312", "direction": "0", "dep_dt": "1460644367", "route_id": "Red", "dwell_time_sec": "55"}, {"arr_dt": "1460644604", "direction": "0", "dep_dt": "1460644671", "route_id": "Red", "dwell_time_sec": "67"}, {"arr_dt": "1460644775", "direction": "0", "dep_dt": "1460644843", "route_id": "Red", "dwell_time_sec": "68"}, {"arr_dt": "1460645321", "direction": "0", "dep_dt": "1460645418", "route_id": "Red", "dwell_time_sec": "97"}, {"arr_dt": "1460645500", "direction": "0", "dep_dt": "1460645617", "route_id": "Red", "dwell_time_sec": "117"}, {"arr_dt": "1460645802", "direction": "0", "dep_dt": "1460645865", "route_id": "Red", "dwell_time_sec": "63"}, {"arr_dt": "1460646031", "direction": "0", "dep_dt": "1460646100", "route_id": "Red", "dwell_time_sec": "69"}, {"arr_dt": "1460646318", "direction": "0", "dep_dt": "1460646379", "route_id": "Red", "dwell_time_sec": "61"}, {"arr_dt": "1460646877", "direction": "0", "dep_dt": "1460646953", "route_id": "Red", "dwell_time_sec": "76"}, {"arr_dt": "1460647045", "direction": "0", "dep_dt": "1460647117", "route_id": "Red", "dwell_time_sec": "72"}, {"arr_dt": "1460647477", "direction": "0", "dep_dt": "1460647542", "route_id": "Red", "dwell_time_sec": "65"}, {"arr_dt": "1460647817", "direction": "0", "dep_dt": "1460647895", "route_id": "Red", "dwell_time_sec": "78"}, {"arr_dt": "1460648379", "direction": "0", "dep_dt": "1460648487", "route_id": "Red", "dwell_time_sec": "108"}, {"arr_dt": "1460648773", "direction": "0", "dep_dt": "1460648853", "route_id": "Red", "dwell_time_sec": "80"}, {"arr_dt": "1460649219", "direction": "0", "dep_dt": "1460649305", "route_id": "Red", "dwell_time_sec": "86"}, {"arr_dt": "1460649504", "direction": "0", "dep_dt": "1460649570", "route_id": "Red", "dwell_time_sec": "66"}, {"arr_dt": "1460650003", "direction": "0", "dep_dt": "1460650086", "route_id": "Red", "dwell_time_sec": "83"}, {"arr_dt": "1460650487", "direction": "0", "dep_dt": "1460650582", "route_id": "Red", "dwell_time_sec": "95"}, {"arr_dt": "1460650774", "direction": "0", "dep_dt": "1460650850", "route_id": "Red", "dwell_time_sec": "76"}, {"arr_dt": "1460651120", "direction": "0", "dep_dt": "1460651178", "route_id": "Red", "dwell_time_sec": "58"}, {"arr_dt": "1460651714", "direction": "0", "dep_dt": "1460651795", "route_id": "Red", "dwell_time_sec": "81"}, {"arr_dt": "1460651977", "direction": "0", "dep_dt": "1460652063", "route_id": "Red", "dwell_time_sec": "86"}, {"arr_dt": "1460652638", "direction": "0", "dep_dt": "1460652738", "route_id": "Red", "dwell_time_sec": "100"}, {"arr_dt": "1460652956", "direction": "0", "dep_dt": "1460653041", "route_id": "Red", "dwell_time_sec": "85"}, {"arr_dt": "1460653263", "direction": "0", "dep_dt": "1460653369", "route_id": "Red", "dwell_time_sec": "106"}, {"arr_dt": "1460653833", "direction": "0", "dep_dt": "1460653905", "route_id": "Red", "dwell_time_sec": "72"}, {"arr_dt": "1460654111", "direction": "0", "dep_dt": "1460654183", "route_id": "Red", "dwell_time_sec": "72"}, {"arr_dt": "1460654558", "direction": "0", "dep_dt": "1460654645", "route_id": "Red", "dwell_time_sec": "87"}, {"arr_dt": "1460655134", "direction": "0", "dep_dt": "1460655219", "route_id": "Red", "dwell_time_sec": "85"}, {"arr_dt": "1460655357", "direction": "0", "dep_dt": "1460655432", "route_id": "Red", "dwell_time_sec": "75"}, {"arr_dt": "1460655859", "direction": "0", "dep_dt": "1460655933", "route_id": "Red", "dwell_time_sec": "74"}, {"arr_dt": "1460656310", "direction": "0", "dep_dt": "1460656391", "route_id": "Red", "dwell_time_sec": "81"}, {"arr_dt": "1460656745", "direction": "0", "dep_dt": "1460656824", "route_id": "Red", "dwell_time_sec": "79"}, {"arr_dt": "1460657080", "direction": "0", "dep_dt": "1460657149", "route_id": "Red", "dwell_time_sec": "69"}, {"arr_dt": "1460657473", "direction": "0", "dep_dt": "1460657544", "route_id": "Red", "dwell_time_sec": "71"}, {"arr_dt": "1460657954", "direction": "0", "dep_dt": "1460658048", "route_id": "Red", "dwell_time_sec": "94"}, {"arr_dt": "1460658375", "direction": "0", "dep_dt": "1460658459", "route_id": "Red", "dwell_time_sec": "84"}, {"arr_dt": "1460658806", "direction": "0", "dep_dt": "1460658891", "route_id": "Red", "dwell_time_sec": "85"}, {"arr_dt": "1460659592", "direction": "0", "dep_dt": "1460659693", "route_id": "Red", "dwell_time_sec": "101"}, {"arr_dt": "1460659793", "direction": "0", "dep_dt": "1460659889", "route_id": "Red", "dwell_time_sec": "96"}, {"arr_dt": "1460660249", "direction": "0", "dep_dt": "1460660341", "route_id": "Red", "dwell_time_sec": "92"}, {"arr_dt": "1460660593", "direction": "0", "dep_dt": "1460660687", "route_id": "Red", "dwell_time_sec": "94"}, {"arr_dt": "1460660987", "direction": "0", "dep_dt": "1460661062", "route_id": "Red", "dwell_time_sec": "75"}, {"arr_dt": "1460661458", "direction": "0", "dep_dt": "1460661562", "route_id": "Red", "dwell_time_sec": "104"}, {"arr_dt": "1460661697", "direction": "0", "dep_dt": "1460661768", "route_id": "Red", "dwell_time_sec": "71"}, {"arr_dt": "1460662016", "direction": "0", "dep_dt": "1460662105", "route_id": "Red", "dwell_time_sec": "89"}, {"arr_dt": "1460662417", "direction": "0", "dep_dt": "1460662495", "route_id": "Red", "dwell_time_sec": "78"}, {"arr_dt": "1460662782", "direction": "0", "dep_dt": "1460662859", "route_id": "Red", "dwell_time_sec": "77"}, {"arr_dt": "1460663023", "direction": "0", "dep_dt": "1460663111", "route_id": "Red", "dwell_time_sec": "88"}, {"arr_dt": "1460663368", "direction": "0", "dep_dt": "1460663458", "route_id": "Red", "dwell_time_sec": "90"}, {"arr_dt": "1460663766", "direction": "0", "dep_dt": "1460663867", "route_id": "Red", "dwell_time_sec": "101"}, {"arr_dt": "1460664226", "direction": "0", "dep_dt": "1460664329", "route_id": "Red", "dwell_time_sec": "103"}, {"arr_dt": "1460664606", "direction": "0", "dep_dt": "1460664700", "route_id": "Red", "dwell_time_sec": "94"}, {"arr_dt": "1460664980", "direction": "0", "dep_dt": "1460665066", "route_id": "Red", "dwell_time_sec": "86"}, {"arr_dt": "1460665319", "direction": "0", "dep_dt": "1460665431", "route_id": "Red", "dwell_time_sec": "112"}, {"arr_dt": "1460665537", "direction": "0", "dep_dt": "1460665660", "route_id": "Red", "dwell_time_sec": "123"}, {"arr_dt": "1460665776", "direction": "0", "dep_dt": "1460665902", "route_id": "Red", "dwell_time_sec": "126"}, {"arr_dt": "1460665979", "direction": "0", "dep_dt": "1460666060", "route_id": "Red", "dwell_time_sec": "81"}, {"arr_dt": "1460666159", "direction": "0", "dep_dt": "1460666256", "route_id": "Red", "dwell_time_sec": "97"}, {"arr_dt": "1460666544", "direction": "0", "dep_dt": "1460666673", "route_id": "Red", "dwell_time_sec": "129"}, {"arr_dt": "1460666923", "direction": "0", "dep_dt": "1460667033", "route_id": "Red", "dwell_time_sec": "110"}, {"arr_dt": "1460667135", "direction": "0", "dep_dt": "1460667251", "route_id": "Red", "dwell_time_sec": "116"}, {"arr_dt": "1460667356", "direction": "0", "dep_dt": "1460667435", "route_id": "Red", "dwell_time_sec": "79"}, {"arr_dt": "1460667647", "direction": "0", "dep_dt": "1460667776", "route_id": "Red", "dwell_time_sec": "129"}, {"arr_dt": "1460667855", "direction": "0", "dep_dt": "1460667961", "route_id": "Red", "dwell_time_sec": "106"}, {"arr_dt": "1460668111", "direction": "0", "dep_dt": "1460668228", "route_id": "Red", "dwell_time_sec": "117"}, {"arr_dt": "1460668316", "direction": "0", "dep_dt": "1460668432", "route_id": "Red", "dwell_time_sec": "116"}, {"arr_dt": "1460668553", "direction": "0", "dep_dt": "1460668684", "route_id": "Red", "dwell_time_sec": "131"}, {"arr_dt": "1460668767", "direction": "0", "dep_dt": "1460668887", "route_id": "Red", "dwell_time_sec": "120"}, {"arr_dt": "1460668981", "direction": "0", "dep_dt": "1460669086", "route_id": "Red", "dwell_time_sec": "105"}, {"arr_dt": "1460669198", "direction": "0", "dep_dt": "1460669297", "route_id": "Red", "dwell_time_sec": "99"}, {"arr_dt": "1460669392", "direction": "0", "dep_dt": "1460669498", "route_id": "Red", "dwell_time_sec": "106"}, {"arr_dt": "1460669673", "direction": "0", "dep_dt": "1460669773", "route_id": "Red", "dwell_time_sec": "100"}, {"arr_dt": "1460669895", "direction": "0", "dep_dt": "1460670021", "route_id": "Red", "dwell_time_sec": "126"}, {"arr_dt": "1460670125", "direction": "0", "dep_dt": "1460670227", "route_id": "Red", "dwell_time_sec": "102"}, {"arr_dt": "1460670345", "direction": "0", "dep_dt": "1460670471", "route_id": "Red", "dwell_time_sec": "126"}, {"arr_dt": "1460670641", "direction": "0", "dep_dt": "1460670748", "route_id": "Red", "dwell_time_sec": "107"}, {"arr_dt": "1460670935", "direction": "0", "dep_dt": "1460671053", "route_id": "Red", "dwell_time_sec": "118"}, {"arr_dt": "1460671277", "direction": "0", "dep_dt": "1460671395", "route_id": "Red", "dwell_time_sec": "118"}, {"arr_dt": "1460671485", "direction": "0", "dep_dt": "1460671572", "route_id": "Red", "dwell_time_sec": "87"}, {"arr_dt": "1460671704", "direction": "0", "dep_dt": "1460671812", "route_id": "Red", "dwell_time_sec": "108"}, {"arr_dt": "1460671883", "direction": "0", "dep_dt": "1460672339", "route_id": "Red", "dwell_time_sec": "456"}, {"arr_dt": "1460672431", "direction": "0", "dep_dt": "1460672559", "route_id": "Red", "dwell_time_sec": "128"}, {"arr_dt": "1460672657", "direction": "0", "dep_dt": "1460672751", "route_id": "Red", "dwell_time_sec": "94"}, {"arr_dt": "1460672890", "direction": "0", "dep_dt": "1460672977", "route_id": "Red", "dwell_time_sec": "87"}, {"arr_dt": "1460673096", "direction": "0", "dep_dt": "1460673249", "route_id": "Red", "dwell_time_sec": "153"}, {"arr_dt": "1460673314", "direction": "0", "dep_dt": "1460673405", "route_id": "Red", "dwell_time_sec": "91"}, {"arr_dt": "1460673534", "direction": "0", "dep_dt": "1460673648", "route_id": "Red", "dwell_time_sec": "114"}, {"arr_dt": "1460673714", "direction": "0", "dep_dt": "1460673794", "route_id": "Red", "dwell_time_sec": "80"}, {"arr_dt": "1460673882", "direction": "0", "dep_dt": "1460673963", "route_id": "Red", "dwell_time_sec": "81"}, {"arr_dt": "1460674078", "direction": "0", "dep_dt": "1460674169", "route_id": "Red", "dwell_time_sec": "91"}, {"arr_dt": "1460674274", "direction": "0", "dep_dt": "1460674364", "route_id": "Red", "dwell_time_sec": "90"}, {"arr_dt": "1460674636", "direction": "0", "dep_dt": "1460675049", "route_id": "Red", "dwell_time_sec": "413"}, {"arr_dt": "1460675158", "direction": "0", "dep_dt": "1460675242", "route_id": "Red", "dwell_time_sec": "84"}, {"arr_dt": "1460675748", "direction": "0", "dep_dt": "1460675838", "route_id": "Red", "dwell_time_sec": "90"}, {"arr_dt": "1460675968", "direction": "0", "dep_dt": "1460676079", "route_id": "Red", "dwell_time_sec": "111"}, {"arr_dt": "1460676160", "direction": "0", "dep_dt": "1460676236", "route_id": "Red", "dwell_time_sec": "76"}, {"arr_dt": "1460676343", "direction": "0", "dep_dt": "1460676444", "route_id": "Red", "dwell_time_sec": "101"}, {"arr_dt": "1460676540", "direction": "0", "dep_dt": "1460676632", "route_id": "Red", "dwell_time_sec": "92"}, {"arr_dt": "1460676726", "direction": "0", "dep_dt": "1460676807", "route_id": "Red", "dwell_time_sec": "81"}, {"arr_dt": "1460676924", "direction": "0", "dep_dt": "1460677020", "route_id": "Red", "dwell_time_sec": "96"}, {"arr_dt": "1460677111", "direction": "0", "dep_dt": "1460677197", "route_id": "Red", "dwell_time_sec": "86"}, {"arr_dt": "1460677289", "direction": "0", "dep_dt": "1460677399", "route_id": "Red", "dwell_time_sec": "110"}, {"arr_dt": "1460677485", "direction": "0", "dep_dt": "1460677575", "route_id": "Red", "dwell_time_sec": "90"}, {"arr_dt": "1460677947", "direction": "0", "dep_dt": "1460678028", "route_id": "Red", "dwell_time_sec": "81"}, {"arr_dt": "1460678145", "direction": "0", "dep_dt": "1460678249", "route_id": "Red", "dwell_time_sec": "104"}, {"arr_dt": "1460678361", "direction": "0", "dep_dt": "1460678451", "route_id": "Red", "dwell_time_sec": "90"}, {"arr_dt": "1460678559", "direction": "0", "dep_dt": "1460678632", "route_id": "Red", "dwell_time_sec": "73"}, {"arr_dt": "1460678774", "direction": "0", "dep_dt": "1460678846", "route_id": "Red", "dwell_time_sec": "72"}, {"arr_dt": "1460679031", "direction": "0", "dep_dt": "1460679103", "route_id": "Red", "dwell_time_sec": "72"}, {"arr_dt": "1460679411", "direction": "0", "dep_dt": "1460679504", "route_id": "Red", "dwell_time_sec": "93"}, {"arr_dt": "1460679915", "direction": "0", "dep_dt": "1460679993", "route_id": "Red", "dwell_time_sec": "78"}, {"arr_dt": "1460680102", "direction": "0", "dep_dt": "1460680181", "route_id": "Red", "dwell_time_sec": "79"}, {"arr_dt": "1460680560", "direction": "0", "dep_dt": "1460680643", "route_id": "Red", "dwell_time_sec": "83"}, {"arr_dt": "1460680812", "direction": "0", "dep_dt": "1460680873", "route_id": "Red", "dwell_time_sec": "61"}, {"arr_dt": "1460681137", "direction": "0", "dep_dt": "1460681203", "route_id": "Red", "dwell_time_sec": "66"}, {"arr_dt": "1460681840", "direction": "0", "dep_dt": "1460681925", "route_id": "Red", "dwell_time_sec": "85"}, {"arr_dt": "1460682161", "direction": "0", "dep_dt": "1460682232", "route_id": "Red", "dwell_time_sec": "71"}, {"arr_dt": "1460682617", "direction": "0", "dep_dt": "1460682698", "route_id": "Red", "dwell_time_sec": "81"}, {"arr_dt": "1460683115", "direction": "0", "dep_dt": "1460683216", "route_id": "Red", "dwell_time_sec": "101"}, {"arr_dt": "1460683315", "direction": "0", "dep_dt": "1460683394", "route_id": "Red", "dwell_time_sec": "79"}, {"arr_dt": "1460683498", "direction": "0", "dep_dt": "1460683574", "route_id": "Red", "dwell_time_sec": "76"}, {"arr_dt": "1460683703", "direction": "0", "dep_dt": "1460683782", "route_id": "Red", "dwell_time_sec": "79"}, {"arr_dt": "1460683955", "direction": "0", "dep_dt": "1460684023", "route_id": "Red", "dwell_time_sec": "68"}, {"arr_dt": "1460684429", "direction": "0", "dep_dt": "1460684521", "route_id": "Red", "dwell_time_sec": "92"}, {"arr_dt": "1460684841", "direction": "0", "dep_dt": "1460684909", "route_id": "Red", "dwell_time_sec": "68"}, {"arr_dt": "1460685116", "direction": "0", "dep_dt": "1460685225", "route_id": "Red", "dwell_time_sec": "109"}, {"arr_dt": "1460685625", "direction": "0", "dep_dt": "1460685695", "route_id": "Red", "dwell_time_sec": "70"}, {"arr_dt": "1460685896", "direction": "0", "dep_dt": "1460685976", "route_id": "Red", "dwell_time_sec": "80"}, {"arr_dt": "1460686511", "direction": "0", "dep_dt": "1460686578", "route_id": "Red", "dwell_time_sec": "67"}, {"arr_dt": "1460686683", "direction": "0", "dep_dt": "1460686751", "route_id": "Red", "dwell_time_sec": "68"}, {"arr_dt": "1460686866", "direction": "0", "dep_dt": "1460686950", "route_id": "Red", "dwell_time_sec": "84"}, {"arr_dt": "1460687256", "direction": "0", "dep_dt": "1460687324", "route_id": "Red", "dwell_time_sec": "68"}, {"arr_dt": "1460687596", "direction": "0", "dep_dt": "1460687663", "route_id": "Red", "dwell_time_sec": "67"}, {"arr_dt": "1460687876", "direction": "0", "dep_dt": "1460687937", "route_id": "Red", "dwell_time_sec": "61"}, {"arr_dt": "1460688560", "direction": "0", "dep_dt": "1460688627", "route_id": "Red", "dwell_time_sec": "67"}, {"arr_dt": "1460688806", "direction": "0", "dep_dt": "1460688868", "route_id": "Red", "dwell_time_sec": "62"}, {"arr_dt": "1460689132", "direction": "0", "dep_dt": "1460689207", "route_id": "Red", "dwell_time_sec": "75"}, {"arr_dt": "1460689423", "direction": "0", "dep_dt": "1460689501", "route_id": "Red", "dwell_time_sec": "78"}, {"arr_dt": "1460689872", "direction": "0", "dep_dt": "1460689931", "route_id": "Red", "dwell_time_sec": "59"}, {"arr_dt": "1460690321", "direction": "0", "dep_dt": "1460690402", "route_id": "Red", "dwell_time_sec": "81"}, {"arr_dt": "1460690504", "direction": "0", "dep_dt": "1460690587", "route_id": "Red", "dwell_time_sec": "83"}, {"arr_dt": "1460690826", "direction": "0", "dep_dt": "1460690900", "route_id": "Red", "dwell_time_sec": "74"}, {"arr_dt": "1460691014", "direction": "0", "dep_dt": "1460691075", "route_id": "Red", "dwell_time_sec": "61"}, {"arr_dt": "1460691575", "direction": "0", "dep_dt": "1460691648", "route_id": "Red", "dwell_time_sec": "73"}, {"arr_dt": "1460692047", "direction": "0", "dep_dt": "1460692115", "route_id": "Red", "dwell_time_sec": "68"}, {"arr_dt": "1460692333", "direction": "0", "dep_dt": "1460692394", "route_id": "Red", "dwell_time_sec": "61"}]}