{"dwell_times": [{"arr_dt": "1458014500", "direction": "0", "dep_dt": "1458014566", "route_id": "Red", "dwell_time_sec": "66"}, {"arr_dt": "1458014937", "direction": "0", "dep_dt": "1458014999", "route_id": "Red", "dwell_time_sec": "62"}, {"arr_dt": "1458015291", "direction": "0", "dep_dt": "1458015369", "route_id": "Red", "dwell_time_sec": "78"}, {"arr_dt": "1458015869", "direction": "0", "dep_dt": "1458015929", "route_id": "Red", "dwell_time_sec": "60"}, {"arr_dt": "1458016212", "direction": "0", "dep_dt": "1458016272", "route_id": "Red", "dwell_time_sec": "60"}, {"arr_dt": "1458016571", "direction": "0", "dep_dt": "1458016700", "route_id": "Red", "dwell_time_sec": "129"}, {"arr_dt": "1458035212", "direction": "0", "dep_dt": "1458035300", "route_id": "Red", "dwell_time_sec": "88"}, {"arr_dt": "1458035753", "direction": "0", "dep_dt": "1458035824", "route_id": "Red", "dwell_time_sec": "71"}, {"arr_dt": "1458036146", "direction": "0", "dep_dt": "1458036212", "route_id": "Red", "dwell_time_sec": "66"}, {"arr_dt": "1458036897", "direction": "0", "dep_dt": "1458036955", "route_id": "Red", "dwell_time_sec": "58"}, {"arr_dt": "1458037137", "direction": "0", "dep_dt": "1458037210", "route_id": "Red", "dwell_time_sec": "73"}, {"arr_dt": "1458037656", "direction": "0", "dep_dt": "1458037714", "route_id": "Red", "dwell_time_sec": "58"}, {"arr_dt": "1458037883", "direction": "0", "dep_dt": "1458037945", "route_id": "Red", "dwell_time_sec": "62"}, {"arr_dt": "1458038256", "direction": "0", "dep_dt": "1458038323", "route_id": "Red", "dwell_time_sec": "67"}, {"arr_dt": "1458038702", "direction": "0", "dep_dt": "1458038788", "route_id": "Red", "dwell_time_sec": "86"}, {"arr_dt": "1458039055", "direction": "0", "dep_dt": "1458039126", "route_id": "Red", "dwell_time_sec": "71"}, {"arr_dt": "1458039235", "direction": "0", "dep_dt": "1458039322", "route_id": "Red", "dwell_time_sec": "87"}, {"arr_dt": "1458039799", "direction": "0", "dep_dt": "1458039907", "route_id": "Red", "dwell_time_sec": "108"}, {"arr_dt": "1458040240", "direction": "0", "dep_dt": "1458040323", "route_id": "Red", "dwell_time_sec": "83"}, {"arr_dt": "1458040437", "direction": "0", "dep_dt": "1458040509", "route_id": "Red", "dwell_time_sec": "72"}, {"arr_dt": "1458040924", "direction": "0", "dep_dt": "1458040999", "route_id": "Red", "dwell_time_sec": "75"}, {"arr_dt": "1458041276", "direction": "0", "dep_dt": "1458041334", "route_id": "Red", "dwell_time_sec": "58"}, {"arr_dt": "1458041695", "direction": "0", "dep_dt": "1458041795", "route_id": "Red", "dwell_time_sec": "100"}, {"arr_dt": "1458041956", "direction": "0", "dep_dt": "1458042055", "route_id": "Red", "dwell_time_sec": "99"}, {"arr_dt": "1458042154", "direction": "0", "dep_dt": "1458042253", "route_id": "Red", "dwell_time_sec": "99"}, {"arr_dt": "1458042429", "direction": "0", "dep_dt": "1458042512", "route_id": "Red", "dwell_time_sec": "83"}, {"arr_dt": "1458042625", "direction": "0", "dep_dt": "1458042688", "route_id": "Red", "dwell_time_sec": "63"}, {"arr_dt": "1458042822", "direction": "0", "dep_dt": "1458042887", "route_id": "Red", "dwell_time_sec": "65"}, {"arr_dt": "1458042995", "direction": "0", "dep_dt": "1458043091", "route_id": "Red", "dwell_time_sec": "96"}, {"arr_dt": "1458043207", "direction": "0", "dep_dt": "1458043290", "route_id": "Red", "dwell_time_sec": "83"}, {"arr_dt": "1458043571", "direction": "0", "dep_dt": "1458043687", "route_id": "Red", "dwell_time_sec": "116"}, {"arr_dt": "1458044196", "direction": "0", "dep_dt": "1458044289", "route_id": "Red", "dwell_time_sec": "93"}, {"arr_dt": "1458044402", "direction": "0", "dep_dt": "1458044530", "route_id": "Red", "dwell_time_sec": "128"}, {"arr_dt": "1458044700", "direction": "0", "dep_dt": "1458044805", "route_id": "Red", "dwell_time_sec": "105"}, {"arr_dt": "1458044927", "direction": "0", "dep_dt": "1458045058", "route_id": "Red", "dwell_time_sec": "131"}, {"arr_dt": "1458045169", "direction": "0", "dep_dt": "1458045318", "route_id": "Red", "dwell_time_sec": "149"}, {"arr_dt": "1458045414", "direction": "0", "dep_dt": "1458045536", "route_id": "Red", "dwell_time_sec": "122"}, {"arr_dt": "1458045647", "direction": "0", "dep_dt": "1458045768", "route_id": "Red", "dwell_time_sec": "121"}, {"arr_dt": "1458045865", "direction": "0", "dep_dt": "1458045963", "route_id": "Red", "dwell_time_sec": "98"}, {"arr_dt": "1458046075", "direction": "0", "dep_dt": "1458046224", "route_id": "Red", "dwell_time_sec": "149"}, {"arr_dt": "1458046334", "direction": "0", "dep_dt": "1458046439", "route_id": "Red", "dwell_time_sec": "105"}, {"arr_dt": "1458046926", "direction": "0", "dep_dt": "1458047065", "route_id": "Red", "dwell_time_sec": "139"}, {"arr_dt": "1458047526", "direction": "0", "dep_dt": "1458047655", "route_id": "Red", "dwell_time_sec": "129"}, {"arr_dt": "1458048067", "direction": "0", "dep_dt": "1458048168", "route_id": "Red", "dwell_time_sec": "101"}, {"arr_dt": "1458048411", "direction": "0", "dep_dt": "1458048501", "route_id": "Red", "dwell_time_sec": "90"}, {"arr_dt": "1458048616", "direction": "0", "dep_dt": "1458048698", "route_id": "Red", "dwell_time_sec": "82"}, {"arr_dt": "1458048828", "direction": "0", "dep_dt": "1458048920", "route_id": "Red", "dwell_time_sec": "92"}, {"arr_dt": "1458049041", "direction": "0", "dep_dt": "1458049116", "route_id": "Red", "dwell_time_sec": "75"}, {"arr_dt": "1458049248", "direction": "0", "dep_dt": "1458049308", "route_id": "Red", "dwell_time_sec": "60"}, {"arr_dt": "1458049460", "direction": "0", "dep_dt": "1458049535", "route_id": "Red", "dwell_time_sec": "75"}, {"arr_dt": "1458049805", "direction": "0", "dep_dt": "1458049891", "route_id": "Red", "dwell_time_sec": "86"}, {"arr_dt": "1458050008", "direction": "0", "dep_dt": "1458050078", "route_id": "Red", "dwell_time_sec": "70"}, {"arr_dt": "1458050189", "direction": "0", "dep_dt": "1458050342", "route_id": "Red", "dwell_time_sec": "153"}, {"arr_dt": "1458050360", "direction": "0", "dep_dt": "1458050428", "route_id": "Red", "dwell_time_sec": "68"}, {"arr_dt": "1458050535", "direction": "0", "dep_dt": "1458050607", "route_id": "Red", "dwell_time_sec": "72"}, {"arr_dt": "1458050873", "direction": "0", "dep_dt": "1458050945", "route_id": "Red", "dwell_time_sec": "72"}, {"arr_dt": "1458051254", "direction": "0", "dep_dt": "1458051336", "route_id": "Red", "dwell_time_sec": "82"}, {"arr_dt": "1458051459", "direction": "0", "dep_dt": "1458051529", "route_id": "Red", "dwell_time_sec": "70"}, {"arr_dt": "1458051638", "direction": "0", "dep_dt": "1458051712", "route_id": "Red", "dwell_time_sec": "74"}, {"arr_dt": "1458051843", "direction": "0", "dep_dt": "1458051927", "route_id": "Red", "dwell_time_sec": "84"}, {"arr_dt": "1458052025", "direction": "0", "dep_dt": "1458052108", "route_id": "Red", "dwell_time_sec": "83"}, {"arr_dt": "1458052195", "direction": "0", "dep_dt": "1458052257", "route_id": "Red", "dwell_time_sec": "62"}, {"arr_dt": "1458052362", "direction": "0", "dep_dt": "1458052420", "route_id": "Red", "dwell_time_sec": "58"}, {"arr_dt": "1458053250", "direction": "0", "dep_dt": "1458053335", "route_id": "Red", "dwell_time_sec": "85"}, {"arr_dt": "1458053532", "direction": "0", "dep_dt": "1458053594", "route_id": "Red", "dwell_time_sec": "62"}, {"arr_dt": "1458054429", "direction": "0", "dep_dt": "1458054502", "route_id": "Red", "dwell_time_sec": "73"}, {"arr_dt": "1458055457", "direction": "0", "dep_dt": "1458055549", "route_id": "Red", "dwell_time_sec": "92"}, {"arr_dt": "1458055816", "direction": "0", "dep_dt": "1458055886", "route_id": "Red", "dwell_time_sec": "70"}, {"arr_dt": "1458055998", "direction": "0", "dep_dt": "1458056062", "route_id": "Red", "dwell_time_sec": "64"}, {"arr_dt": "1458056158", "direction": "0", "dep_dt": "1458056230", "route_id": "Red", "dwell_time_sec": "72"}, {"arr_dt": "1458056513", "direction": "0", "dep_dt": "1458056576", "route_id": "Red", "dwell_time_sec": "63"}, {"arr_dt": "1458056959", "direction": "0", "dep_dt": "1458057028", "route_id": "Red", "dwell_time_sec": "69"}, {"arr_dt": "1458057257", "direction": "0", "dep_dt": "1458057327", "route_id": "Red", "dwell_time_sec": "70"}, {"arr_dt": "1458057677", "direction": "0", "dep_dt": "1458057742", "route_id": "Red", "dwell_time_sec": "65"}, {"arr_dt": "1458057960", "direction": "0", "dep_dt": "1458058025", "route_id": "Red", "dwell_time_sec": "65"}, {"arr_dt": "1458058480", "direction": "0", "dep_dt": "1458058550", "route_id": "Red", "dwell_time_sec": "70"}, {"arr_dt": "1458059047", "direction": "0", "dep_dt": "1458059119", "route_id": "Red", "dwell_time_sec": "72"}, {"arr_dt": "1458059440", "direction": "0", "dep_dt": "1458059503", "route_id": "Red", "dwell_time_sec": "63"}, {"arr_dt": "1458060024", "direction": "0", "dep_dt": "1458060108", "route_id": "Red", "dwell_time_sec": "84"}, {"arr_dt": "1458060484", "direction": "0", "dep_dt": "1458060556", "route_id": "Red", "dwell_time_sec": "72"}, {"arr_dt": "1458060693", "direction": "0", "dep_dt": "1458060757", "route_id": "Red", "dwell_time_sec": "64"}, {"arr_dt": "1458061149", "direction": "0", "dep_dt": "1458061223", "route_id": "Red", "dwell_time_sec": "74"}, {"arr_dt": "1458062281", "direction": "0", "dep_dt": "1458062349", "route_id": "Red", "dwell_time_sec": "68"}, {"arr_dt": "1458062860", "direction": "0", "dep_dt": "1458062934", "route_id": "Red", "dwell_time_sec": "74"}, {"arr_dt": "1458063051", "direction": "0", "dep_dt": "1458063118", "route_id": "Red", "dwell_time_sec": "67"}, {"arr_dt": "1458063729", "direction": "0", "dep_dt": "1458063792", "route_id": "Red", "dwell_time_sec": "63"}, {"arr_dt": "1458064396", "direction": "0", "dep_dt": "1458064469", "route_id": "Red", "dwell_time_sec": "73"}, {"arr_dt": "1458064688", "direction": "0", "dep_dt": "1458064761", "route_id": "Red", "dwell_time_sec": "73"}, {"arr_dt": "1458065050", "direction": "0", "dep_dt": "1458065226", "route_id": "Red", "dwell_time_sec": "176"}, {"arr_dt": "1458065488", "direction": "0", "dep_dt": "1458065580", "route_id": "Red", "dwell_time_sec": "92"}, {"arr_dt": "1458066195", "direction": "0", "dep_dt": "1458066294", "route_id": "Red", "dwell_time_sec": "99"}, {"arr_dt": "1458066492", "direction": "0", "dep_dt": "1458066575", "route_id": "Red", "dwell_time_sec": "83"}, {"arr_dt": "1458067004", "direction": "0", "dep_dt": "1458067090", "route_id": "Red", "dwell_time_sec": "86"}, {"arr_dt": "1458067336", "direction": "0", "dep_dt": "1458067423", "route_id": "Red", "dwell_time_sec": "87"}, {"arr_dt": "1458068288", "direction": "0", "dep_dt": "1458068364", "route_id": "Red", "dwell_time_sec": "76"}, {"arr_dt": "1458068478", "direction": "0", "dep_dt": "1458068558", "route_id": "Red", "dwell_time_sec": "80"}, {"arr_dt": "1458068843", "direction": "0", "dep_dt": "1458068922", "route_id": "Red", "dwell_time_sec": "79"}, {"arr_dt": "1458069489", "direction": "0", "dep_dt": "1458069576", "route_id": "Red", "dwell_time_sec": "87"}, {"arr_dt": "1458069689", "direction": "0", "dep_dt": "1458069765", "route_id": "Red", "dwell_time_sec": "76"}, {"arr_dt": "1458070138", "direction": "0", "dep_dt": "1458070223", "route_id": "Red", "dwell_time_sec": "85"}, {"arr_dt": "1458070348", "direction": "0", "dep_dt": "1458070448", "route_id": "Red", "dwell_time_sec": "100"}, {"arr_dt": "1458070555", "direction": "0", "dep_dt": "1458070625", "route_id": "Red", "dwell_time_sec": "70"}, {"arr_dt": "1458071835", "direction": "0", "dep_dt": "1458071973", "route_id": "Red", "dwell_time_sec": "138"}, {"arr_dt": "1458072179", "direction": "0", "dep_dt": "1458072315", "route_id": "Red", "dwell_time_sec": "136"}, {"arr_dt": "1458072434", "direction": "0", "dep_dt": "1458072538", "route_id": "Red", "dwell_time_sec": "104"}, {"arr_dt": "1458072709", "direction": "0", "dep_dt": "1458072785", "route_id": "Red", "dwell_time_sec": "76"}, {"arr_dt": "1458072892", "direction": "0", "dep_dt": "1458072976", "route_id": "Red", "dwell_time_sec": "84"}, {"arr_dt": "1458073091", "direction": "0", "dep_dt": "1458073178", "route_id": "Red", "dwell_time_sec": "87"}, {"arr_dt": "1458073285", "direction": "0", "dep_dt": "1458073382", "route_id": "Red", "dwell_time_sec": "97"}, {"arr_dt": "1458074235", "direction": "0", "dep_dt": "1458074319", "route_id": "Red", "dwell_time_sec": "84"}, {"arr_dt": "1458074551", "direction": "0", "dep_dt": "1458074661", "route_id": "Red", "dwell_time_sec": "110"}, {"arr_dt": "1458074756", "direction": "0", "dep_dt": "1458074849", "route_id": "Red", "dwell_time_sec": "93"}, {"arr_dt": "1458075125", "direction": "0", "dep_dt": "1458075249", "route_id": "Red", "dwell_time_sec": "124"}, {"arr_dt": "1458075361", "direction": "0", "dep_dt": "1458075557", "route_id": "Red", "dwell_time_sec": "196"}, {"arr_dt": "1458075662", "direction": "0", "dep_dt": "1458075758", "route_id": "Red", "dwell_time_sec": "96"}, {"arr_dt": "1458076123", "direction": "0", "dep_dt": "1458076206", "route_id": "Red", "dwell_time_sec": "83"}, {"arr_dt": "1458076768", "direction": "0", "dep_dt": "1458076883", "route_id": "Red", "dwell_time_sec": "115"}, {"arr_dt": "1458077001", "direction": "0", "dep_dt": "1458077111", "route_id": "Red", "dwell_time_sec": "110"}, {"arr_dt": "1458077237", "direction": "0", "dep_dt": "1458077361", "route_id": "Red", "dwell_time_sec": "124"}, {"arr_dt": "1458077533", "direction": "0", "dep_dt": "1458077663", "route_id": "Red", "dwell_time_sec": "130"}, {"arr_dt": "1458077751", "direction": "0", "dep_dt": "1458077852", "route_id": "Red", "dwell_time_sec": "101"}, {"arr_dt": "1458077975", "direction": "0", "dep_dt": "1458078078", "route_id": "Red", "dwell_time_sec": "103"}, {"arr_dt": "1458078186", "direction": "0", "dep_dt": "1458078278", "route_id": "Red", "dwell_time_sec": "92"}, {"arr_dt": "1458078429", "direction": "0", "dep_dt": "1458078513", "route_id": "Red", "dwell_time_sec": "84"}, {"arr_dt": "1458078935", "direction": "0", "dep_dt": "1458079025", "route_id": "Red", "dwell_time_sec": "90"}, {"arr_dt": "1458079338", "direction": "0", "dep_dt": "1458079440", "route_id": "Red", "dwell_time_sec": "102"}, {"arr_dt": "1458079595", "direction": "0", "dep_dt": "1458079677", "route_id": "Red", "dwell_time_sec": "82"}, {"arr_dt": "1458079846", "direction": "0", "dep_dt": "1458079922", "route_id": "Red", "dwell_time_sec": "76"}, {"arr_dt": "1458080036", "direction": "0", "dep_dt": "1458080117", "route_id": "Red", "dwell_time_sec": "81"}, {"arr_dt": "1458080569", "direction": "0", "dep_dt": "1458080698", "route_id": "Red", "dwell_time_sec": "129"}, {"arr_dt": "1458080823", "direction": "0", "dep_dt": "1458080915", "route_id": "Red", "dwell_time_sec": "92"}, {"arr_dt": "1458081050", "direction": "0", "dep_dt": "1458081141", "route_id": "Red", "dwell_time_sec": "91"}, {"arr_dt": "1458081235", "direction": "0", "dep_dt": "1458081314", "route_id": "Red", "dwell_time_sec": "79"}, {"arr_dt": "1458081451", "direction": "0", "dep_dt": "1458081522", "route_id": "Red", "dwell_time_sec": "71"}, {"arr_dt": "1458081624", "direction": "0", "dep_dt": "1458081695", "route_id": "Red", "dwell_time_sec": "71"}, {"arr_dt": "1458081805", "direction": "0", "dep_dt": "1458081880", "route_id": "Red", "dwell_time_sec": "75"}, {"arr_dt": "1458082172", "direction": "0", "dep_dt": "1458082238", "route_id": "Red", "dwell_time_sec": "66"}, {"arr_dt": "1458082690", "direction": "0", "dep_dt": "1458082777", "route_id": "Red", "dwell_time_sec": "87"}, {"arr_dt": "1458082990", "direction": "0", "dep_dt": "1458083065", "route_id": "Red", "dwell_time_sec": "75"}, {"arr_dt": "1458083191", "direction": "0", "dep_dt": "1458083280", "route_id": "Red", "dwell_time_sec": "89"}, {"arr_dt": "1458083398", "direction": "0", "dep_dt": "1458083474", "route_id": "Red", "dwell_time_sec": "76"}, {"arr_dt": "1458083586", "direction": "0", "dep_dt": "1458083664", "route_id": "Red", "dwell_time_sec": "78"}, {"arr_dt": "1458083789", "direction": "0", "dep_dt": "1458083903", "route_id": "Red", "dwell_time_sec": "114"}, {"arr_dt": "1458083992", "direction": "0", "dep_dt": "1458084067", "route_id": "Red", "dwell_time_sec": "75"}, {"arr_dt": "1458084173", "direction": "0", "dep_dt": "1458084253", "route_id": "Red", "dwell_time_sec": "80"}, {"arr_dt": "1458084361", "direction": "0", "dep_dt": "1458084435", "route_id": "Red", "dwell_time_sec": "74"}, {"arr_dt": "1458084557", "direction": "0", "dep_dt": "1458084643", "route_id": "Red", "dwell_time_sec": "86"}, {"arr_dt": "1458085171", "direction": "0", "dep_dt": "1458085250", "route_id": "Red", "dwell_time_sec": "79"}, {"arr_dt": "1458085361", "direction": "0", "dep_dt": "1458085444", "route_id": "Red", "dwell_time_sec": "83"}, {"arr_dt": "1458085633", "direction": "0", "dep_dt": "1458085715", "route_id": "Red", "dwell_time_sec": "82"}, {"arr_dt": "1458085836", "direction": "0", "dep_dt": "1458085897", "route_id": "Red", "dwell_time_sec": "61"}, {"arr_dt": "1458086275", "direction": "0", "dep_dt": "1458086491", "route_id": "Red", "dwell_time_sec": "216"}, {"arr_dt": "1458086487", "direction": "0", "dep_dt": "1458086579", "route_id": "Red", "dwell_time_sec": "92"}, {"arr_dt": "1458086851", "direction": "0", "dep_dt": "1458086912", "route_id": "Red", "dwell_time_sec": "61"}, {"arr_dt": "1458087023", "direction": "0", "dep_dt": "1458087084", "route_id": "Red", "dwell_time_sec": "61"}, {"arr_dt": "1458087301", "direction": "0", "dep_dt": "1458087371", "route_id": "Red", "dwell_time_sec": "70"}, {"arr_dt": "1458087481", "direction": "0", "dep_dt": "1458087544", "route_id": "Red", "dwell_time_sec": "63"}, {"arr_dt": "1458088145", "direction": "0", "dep_dt": "1458088220", "route_id": "Red", "dwell_time_sec": "75"}, {"arr_dt": "1458088351", "direction": "0", "dep_dt": "1458088426", "route_id": "Red", "dwell_time_sec": "75"}, {"arr_dt": "1458088815", "direction": "0", "dep_dt": "1458088906", "route_id": "Red", "dwell_time_sec": "91"}, {"arr_dt": "1458088996", "direction": "0", "dep_dt": "1458089066", "route_id": "Red", "dwell_time_sec": "70"}, {"arr_dt": "1458090081", "direction": "0", "dep_dt": "1458090155", "route_id": "Red", "dwell_time_sec": "74"}, {"arr_dt": "1458090277", "direction": "0", "dep_dt": "1458090356", "route_id": "Red", "dwell_time_sec": "79"}, {"arr_dt": "1458090604", "direction": "0", "dep_dt": "1458090718", "route_id": "Red", "dwell_time_sec": "114"}, {"arr_dt": "1458090856", "direction": "0", "dep_dt": "1458090925", "route_id": "Red", "dwell_time_sec": "69"}, {"arr_dt": "1458091359", "direction": "0", "dep_dt": "1458091430", "route_id": "Red", "dwell_time_sec": "71"}, {"arr_dt": "1458091848", "direction": "0", "dep_dt": "1458091909", "route_id": "Red", "dwell_time_sec": "61"}, {"arr_dt": "1458092093", "direction": "0", "dep_dt": "1458092168", "route_id": "Red", "dwell_time_sec": "75"}, {"arr_dt": "1458092683", "direction": "0", "dep_dt": "1458092743", "route_id": "Red", "dwell_time_sec": "60"}, {"arr_dt": "1458092916", "direction": "0", "dep_dt": "1458092982", "route_id": "Red", "dwell_time_sec": "66"}, {"arr_dt": "1458093292", "direction": "0", "dep_dt": "1458093380", "route_id": "Red", "dwell_time_sec": "88"}, {"arr_dt": "1458093481", "direction": "0", "dep_dt": "1458093559", "route_id": "Red", "dwell_time_sec": "78"}, {"arr_dt": "1458094050", "direction": "0", "dep_dt": "1458094113", "route_id": "Red", "dwell_time_sec": "63"}, {"arr_dt": "1458094532", "direction": "0", "dep_dt": "1458094600", "route_id": "Red", "dwell_time_sec": "68"}, {"arr_dt": "1458095092", "direction": "0", "dep_dt": "1458095150", "route_id": "Red", "dwell_time_sec": "58"}, {"arr_dt": "1458095503", "direction": "0", "dep_dt": "1458095564", "route_id": "Red", "dwell_time_sec": "61"}, {"arr_dt": "1458095848", "direction": "0", "dep_dt": "1458095947", "route_id": "Red", "dwell_time_sec": "99"}, {"arr_dt": "1458096248", "direction": "0", "dep_dt": "1458096338", "route_id": "Red", "dwell_time_sec": "90"}, {"arr_dt": "1458096615", "direction": "0", "dep_dt": "1458096914", "route_id": "Red", "dwell_time_sec": "299"}, {"arr_dt": "1458097461", "direction": "0", "dep_dt": "1458097535", "route_id": "Red", "dwell_time_sec": "74"}, {"arr_dt": "1458097844", "direction": "0", "dep_dt": "1458097910", "route_id": "Red", "dwell_time_sec": "66"}, {"arr_dt": "1458098811", "direction": "0", "dep_dt": "1458098878", "route_id": "Red", "dwell_time_sec": "67"}, {"arr_dt": "1458098984", "direction": "0", "dep_dt": "1458099044", "route_id": "Red", "dwell_time_sec": "60"}, {"arr_dt": "1458099150", "direction": "0", "dep_dt": "1458099206", "route_id": "Red", "dwell_time_sec": "56"}, {"arr_dt": "1458099504", "direction": "0", "dep_dt": "1458099566", "route_id": "Red", "dwell_time_sec": "62"}, {"arr_dt": "1458099673", "direction": "0", "dep_dt": "1458099725", "route_id": "Red", "dwell_time_sec": "52"}, {"arr_dt": "1458100291", "direction": "0", "dep_dt": "1458100364", "route_id": "Red", "dwell_time_sec": "73"}, {"arr_dt": "1458100480", "direction": "0", "dep_dt": "1458100542", "route_id": "Red", "dwell_time_sec": "62"}]}