{"dwell_times": [{"arr_dt": "1467172721", "direction": "0", "dep_dt": "1467172800", "route_id": "Red", "dwell_time_sec": "79"}, {"arr_dt": "1467173175", "direction": "0", "dep_dt": "1467173246", "route_id": "Red", "dwell_time_sec": "71"}, {"arr_dt": "1467173608", "direction": "0", "dep_dt": "1467173699", "route_id": "Red", "dwell_time_sec": "91"}, {"arr_dt": "1467174099", "direction": "0", "dep_dt": "1467174169", "route_id": "Red", "dwell_time_sec": "70"}, {"arr_dt": "1467174466", "direction": "0", "dep_dt": "1467174528", "route_id": "Red", "dwell_time_sec": "62"}, {"arr_dt": "1467174793", "direction": "0", "dep_dt": "1467174848", "route_id": "Red", "dwell_time_sec": "55"}, {"arr_dt": "1467175425", "direction": "0", "dep_dt": "1467178112", "route_id": "Red", "dwell_time_sec": "2687"}, {"arr_dt": "1467192796", "direction": "0", "dep_dt": "1467192864", "route_id": "Red", "dwell_time_sec": "68"}, {"arr_dt": "1467193346", "direction": "0", "dep_dt": "1467193423", "route_id": "Red", "dwell_time_sec": "77"}, {"arr_dt": "1467194018", "direction": "0", "dep_dt": "1467194075", "route_id": "Red", "dwell_time_sec": "57"}, {"arr_dt": "1467194550", "direction": "0", "dep_dt": "1467194622", "route_id": "Red", "dwell_time_sec": "72"}, {"arr_dt": "1467194900", "direction": "0", "dep_dt": "1467194963", "route_id": "Red", "dwell_time_sec": "63"}, {"arr_dt": "1467195557", "direction": "0", "dep_dt": "1467195639", "route_id": "Red", "dwell_time_sec": "82"}, {"arr_dt": "1467195910", "direction": "0", "dep_dt": "1467195981", "route_id": "Red", "dwell_time_sec": "71"}, {"arr_dt": "1467196365", "direction": "0", "dep_dt": "1467196426", "route_id": "Red", "dwell_time_sec": "61"}, {"arr_dt": "1467196556", "direction": "0", "dep_dt": "1467196623", "route_id": "Red", "dwell_time_sec": "67"}, {"arr_dt": "1467197022", "direction": "0", "dep_dt": "1467197093", "route_id": "Red", "dwell_time_sec": "71"}, {"arr_dt": "1467197277", "direction": "0", "dep_dt": "1467197335", "route_id": "Red", "dwell_time_sec": "58"}, {"arr_dt": "1467197514", "direction": "0", "dep_dt": "1467197591", "route_id": "Red", "dwell_time_sec": "77"}, {"arr_dt": "1467197825", "direction": "0", "dep_dt": "1467197892", "route_id": "Red", "dwell_time_sec": "67"}, {"arr_dt": "1467198343", "direction": "0", "dep_dt": "1467198431", "route_id": "Red", "dwell_time_sec": "88"}, {"arr_dt": "1467198699", "direction": "0", "dep_dt": "1467198800", "route_id": "Red", "dwell_time_sec": "101"}, {"arr_dt": "1467198888", "direction": "0", "dep_dt": "1467198979", "route_id": "Red", "dwell_time_sec": "91"}, {"arr_dt": "1467199145", "direction": "0", "dep_dt": "1467199226", "route_id": "Red", "dwell_time_sec": "81"}, {"arr_dt": "1467199327", "direction": "0", "dep_dt": "1467199407", "route_id": "Red", "dwell_time_sec": "80"}, {"arr_dt": "1467199731", "direction": "0", "dep_dt": "1467199828", "route_id": "Red", "dwell_time_sec": "97"}, {"arr_dt": "1467199947", "direction": "0", "dep_dt": "1467200008", "route_id": "Red", "dwell_time_sec": "61"}, {"arr_dt": "1467200111", "direction": "0", "dep_dt": "1467200195", "route_id": "Red", "dwell_time_sec": "84"}, {"arr_dt": "1467200313", "direction": "0", "dep_dt": "1467200429", "route_id": "Red", "dwell_time_sec": "116"}, {"arr_dt": "1467200498", "direction": "0", "dep_dt": "1467200576", "route_id": "Red", "dwell_time_sec": "78"}, {"arr_dt": "1467200675", "direction": "0", "dep_dt": "1467200765", "route_id": "Red", "dwell_time_sec": "90"}, {"arr_dt": "1467201011", "direction": "0", "dep_dt": "1467201103", "route_id": "Red", "dwell_time_sec": "92"}, {"arr_dt": "1467201260", "direction": "0", "dep_dt": "1467201374", "route_id": "Red", "dwell_time_sec": "114"}, {"arr_dt": "1467201457", "direction": "0", "dep_dt": "1467201549", "route_id": "Red", "dwell_time_sec": "92"}, {"arr_dt": "1467201667", "direction": "0", "dep_dt": "1467201740", "route_id": "Red", "dwell_time_sec": "73"}, {"arr_dt": "1467201929", "direction": "0", "dep_dt": "1467202011", "route_id": "Red", "dwell_time_sec": "82"}, {"arr_dt": "1467202103", "direction": "0", "dep_dt": "1467202188", "route_id": "Red", "dwell_time_sec": "85"}, {"arr_dt": "1467202307", "direction": "0", "dep_dt": "1467202387", "route_id": "Red", "dwell_time_sec": "80"}, {"arr_dt": "1467202506", "direction": "0", "dep_dt": "1467202591", "route_id": "Red", "dwell_time_sec": "85"}, {"arr_dt": "1467202880", "direction": "0", "dep_dt": "1467203026", "route_id": "Red", "dwell_time_sec": "146"}, {"arr_dt": "1467203111", "direction": "0", "dep_dt": "1467203210", "route_id": "Red", "dwell_time_sec": "99"}, {"arr_dt": "1467203400", "direction": "0", "dep_dt": "1467203501", "route_id": "Red", "dwell_time_sec": "101"}, {"arr_dt": "1467203618", "direction": "0", "dep_dt": "1467203727", "route_id": "Red", "dwell_time_sec": "109"}, {"arr_dt": "1467203833", "direction": "0", "dep_dt": "1467203941", "route_id": "Red", "dwell_time_sec": "108"}, {"arr_dt": "1467204231", "direction": "0", "dep_dt": "1467204344", "route_id": "Red", "dwell_time_sec": "113"}, {"arr_dt": "1467204550", "direction": "0", "dep_dt": "1467204692", "route_id": "Red", "dwell_time_sec": "142"}, {"arr_dt": "1467204775", "direction": "0", "dep_dt": "1467204936", "route_id": "Red", "dwell_time_sec": "161"}, {"arr_dt": "1467205040", "direction": "0", "dep_dt": "1467205166", "route_id": "Red", "dwell_time_sec": "126"}, {"arr_dt": "1467205263", "direction": "0", "dep_dt": "1467205357", "route_id": "Red", "dwell_time_sec": "94"}, {"arr_dt": "1467205464", "direction": "0", "dep_dt": "1467205561", "route_id": "Red", "dwell_time_sec": "97"}, {"arr_dt": "1467205645", "direction": "0", "dep_dt": "1467205738", "route_id": "Red", "dwell_time_sec": "93"}, {"arr_dt": "1467205871", "direction": "0", "dep_dt": "1467205945", "route_id": "Red", "dwell_time_sec": "74"}, {"arr_dt": "1467206031", "direction": "0", "dep_dt": "1467206117", "route_id": "Red", "dwell_time_sec": "86"}, {"arr_dt": "1467206232", "direction": "0", "dep_dt": "1467206325", "route_id": "Red", "dwell_time_sec": "93"}, {"arr_dt": "1467206413", "direction": "0", "dep_dt": "1467206498", "route_id": "Red", "dwell_time_sec": "85"}, {"arr_dt": "1467206755", "direction": "0", "dep_dt": "1467206843", "route_id": "Red", "dwell_time_sec": "88"}, {"arr_dt": "1467207060", "direction": "0", "dep_dt": "1467207155", "route_id": "Red", "dwell_time_sec": "95"}, {"arr_dt": "1467207532", "direction": "0", "dep_dt": "1467207621", "route_id": "Red", "dwell_time_sec": "89"}, {"arr_dt": "1467207717", "direction": "0", "dep_dt": "1467207794", "route_id": "Red", "dwell_time_sec": "77"}, {"arr_dt": "1467207953", "direction": "0", "dep_dt": "1467208020", "route_id": "Red", "dwell_time_sec": "67"}, {"arr_dt": "1467208125", "direction": "0", "dep_dt": "1467208188", "route_id": "Red", "dwell_time_sec": "63"}, {"arr_dt": "1467208326", "direction": "0", "dep_dt": "1467208402", "route_id": "Red", "dwell_time_sec": "76"}, {"arr_dt": "1467208521", "direction": "0", "dep_dt": "1467208587", "route_id": "Red", "dwell_time_sec": "66"}, {"arr_dt": "1467208699", "direction": "0", "dep_dt": "1467208765", "route_id": "Red", "dwell_time_sec": "66"}, {"arr_dt": "1467208868", "direction": "0", "dep_dt": "1467208946", "route_id": "Red", "dwell_time_sec": "78"}, {"arr_dt": "1467209019", "direction": "0", "dep_dt": "1467209103", "route_id": "Red", "dwell_time_sec": "84"}, {"arr_dt": "1467209241", "direction": "0", "dep_dt": "1467209321", "route_id": "Red", "dwell_time_sec": "80"}, {"arr_dt": "1467209544", "direction": "0", "dep_dt": "1467209606", "route_id": "Red", "dwell_time_sec": "62"}, {"arr_dt": "1467209790", "direction": "0", "dep_dt": "1467209863", "route_id": "Red", "dwell_time_sec": "73"}, {"arr_dt": "1467210143", "direction": "0", "dep_dt": "1467210214", "route_id": "Red", "dwell_time_sec": "71"}, {"arr_dt": "1467210321", "direction": "0", "dep_dt": "1467210402", "route_id": "Red", "dwell_time_sec": "81"}, {"arr_dt": "1467210577", "direction": "0", "dep_dt": "1467210649", "route_id": "Red", "dwell_time_sec": "72"}, {"arr_dt": "1467210752", "direction": "0", "dep_dt": "1467210815", "route_id": "Red", "dwell_time_sec": "63"}, {"arr_dt": "1467210919", "direction": "0", "dep_dt": "1467210992", "route_id": "Red", "dwell_time_sec": "73"}, {"arr_dt": "1467211676", "direction": "0", "dep_dt": "1467211778", "route_id": "Red", "dwell_time_sec": "102"}, {"arr_dt": "1467211874", "direction": "0", "dep_dt": "1467211940", "route_id": "Red", "dwell_time_sec": "66"}, {"arr_dt": "1467212079", "direction": "0", "dep_dt": "1467212162", "route_id": "Red", "dwell_time_sec": "83"}, {"arr_dt": "1467212273", "direction": "0", "dep_dt": "1467212346", "route_id": "Red", "dwell_time_sec": "73"}, {"arr_dt": "1467212651", "direction": "0", "dep_dt": "1467212728", "route_id": "Red", "dwell_time_sec": "77"}, {"arr_dt": "1467213422", "direction": "0", "dep_dt": "1467213639", "route_id": "Red", "dwell_time_sec": "217"}, {"arr_dt": "1467213759", "direction": "0", "dep_dt": "1467213889", "route_id": "Red", "dwell_time_sec": "130"}, {"arr_dt": "1467214002", "direction": "0", "dep_dt": "1467214080", "route_id": "Red", "dwell_time_sec": "78"}, {"arr_dt": "1467214366", "direction": "0", "dep_dt": "1467214450", "route_id": "Red", "dwell_time_sec": "84"}, {"arr_dt": "1467214773", "direction": "0", "dep_dt": "1467214848", "route_id": "Red", "dwell_time_sec": "75"}, {"arr_dt": "1467215090", "direction": "0", "dep_dt": "1467215155", "route_id": "Red", "dwell_time_sec": "65"}, {"arr_dt": "1467215429", "direction": "0", "dep_dt": "1467215498", "route_id": "Red", "dwell_time_sec": "69"}, {"arr_dt": "1467216014", "direction": "0", "dep_dt": "1467216103", "route_id": "Red", "dwell_time_sec": "89"}, {"arr_dt": "1467216358", "direction": "0", "dep_dt": "1467216425", "route_id": "Red", "dwell_time_sec": "67"}, {"arr_dt": "1467217036", "direction": "0", "dep_dt": "1467217113", "route_id": "Red", "dwell_time_sec": "77"}, {"arr_dt": "1467218053", "direction": "0", "dep_dt": "1467218149", "route_id": "Red", "dwell_time_sec": "96"}, {"arr_dt": "1467218371", "direction": "0", "dep_dt": "1467218475", "route_id": "Red", "dwell_time_sec": "104"}, {"arr_dt": "1467218624", "direction": "0", "dep_dt": "1467218701", "route_id": "Red", "dwell_time_sec": "77"}, {"arr_dt": "1467219324", "direction": "0", "dep_dt": "1467219410", "route_id": "Red", "dwell_time_sec": "86"}, {"arr_dt": "1467219504", "direction": "0", "dep_dt": "1467219582", "route_id": "Red", "dwell_time_sec": "78"}, {"arr_dt": "1467219725", "direction": "0", "dep_dt": "1467219789", "route_id": "Red", "dwell_time_sec": "64"}, {"arr_dt": "1467220178", "direction": "0", "dep_dt": "1467220274", "route_id": "Red", "dwell_time_sec": "96"}, {"arr_dt": "1467220707", "direction": "0", "dep_dt": "1467220789", "route_id": "Red", "dwell_time_sec": "82"}, {"arr_dt": "1467221122", "direction": "0", "dep_dt": "1467221249", "route_id": "Red", "dwell_time_sec": "127"}, {"arr_dt": "1467221370", "direction": "0", "dep_dt": "1467221439", "route_id": "Red", "dwell_time_sec": "69"}, {"arr_dt": "1467221781", "direction": "0", "dep_dt": "1467221847", "route_id": "Red", "dwell_time_sec": "66"}, {"arr_dt": "1467222197", "direction": "0", "dep_dt": "1467222268", "route_id": "Red", "dwell_time_sec": "71"}, {"arr_dt": "1467222669", "direction": "0", "dep_dt": "1467222743", "route_id": "Red", "dwell_time_sec": "74"}, {"arr_dt": "1467223012", "direction": "0", "dep_dt": "1467223082", "route_id": "Red", "dwell_time_sec": "70"}, {"arr_dt": "1467223494", "direction": "0", "dep_dt": "1467223563", "route_id": "Red", "dwell_time_sec": "69"}, {"arr_dt": "1467223897", "direction": "0", "dep_dt": "1467223974", "route_id": "Red", "dwell_time_sec": "77"}, {"arr_dt": "1467224389", "direction": "0", "dep_dt": "1467224470", "route_id": "Red", "dwell_time_sec": "81"}, {"arr_dt": "1467224927", "direction": "0", "dep_dt": "1467225019", "route_id": "Red", "dwell_time_sec": "92"}, {"arr_dt": "1467225277", "direction": "0", "dep_dt": "1467225354", "route_id": "Red", "dwell_time_sec": "77"}, {"arr_dt": "1467225509", "direction": "0", "dep_dt": "1467225578", "route_id": "Red", "dwell_time_sec": "69"}, {"arr_dt": "1467226064", "direction": "0", "dep_dt": "1467226148", "route_id": "Red", "dwell_time_sec": "84"}, {"arr_dt": "1467226466", "direction": "0", "dep_dt": "1467226563", "route_id": "Red", "dwell_time_sec": "97"}, {"arr_dt": "1467226863", "direction": "0", "dep_dt": "1467226955", "route_id": "Red", "dwell_time_sec": "92"}, {"arr_dt": "1467227346", "direction": "0", "dep_dt": "1467227446", "route_id": "Red", "dwell_time_sec": "100"}, {"arr_dt": "1467227692", "direction": "0", "dep_dt": "1467227772", "route_id": "Red", "dwell_time_sec": "80"}, {"arr_dt": "1467228127", "direction": "0", "dep_dt": "1467228212", "route_id": "Red", "dwell_time_sec": "85"}, {"arr_dt": "1467228499", "direction": "0", "dep_dt": "1467228586", "route_id": "Red", "dwell_time_sec": "87"}, {"arr_dt": "1467228692", "direction": "0", "dep_dt": "1467228776", "route_id": "Red", "dwell_time_sec": "84"}, {"arr_dt": "1467228953", "direction": "0", "dep_dt": "1467229035", "route_id": "Red", "dwell_time_sec": "82"}, {"arr_dt": "1467229491", "direction": "0", "dep_dt": "1467229583", "route_id": "Red", "dwell_time_sec": "92"}, {"arr_dt": "1467229848", "direction": "0", "dep_dt": "1467230037", "route_id": "Red", "dwell_time_sec": "189"}, {"arr_dt": "1467230185", "direction": "0", "dep_dt": "1467230284", "route_id": "Red", "dwell_time_sec": "99"}, {"arr_dt": "1467230719", "direction": "0", "dep_dt": "1467230830", "route_id": "Red", "dwell_time_sec": "111"}, {"arr_dt": "1467230939", "direction": "0", "dep_dt": "1467231043", "route_id": "Red", "dwell_time_sec": "104"}, {"arr_dt": "1467231349", "direction": "0", "dep_dt": "1467231453", "route_id": "Red", "dwell_time_sec": "104"}, {"arr_dt": "1467231563", "direction": "0", "dep_dt": "1467231655", "route_id": "Red", "dwell_time_sec": "92"}, {"arr_dt": "1467231940", "direction": "0", "dep_dt": "1467232056", "route_id": "Red", "dwell_time_sec": "116"}, {"arr_dt": "1467232153", "direction": "0", "dep_dt": "1467232265", "route_id": "Red", "dwell_time_sec": "112"}, {"arr_dt": "1467232430", "direction": "0", "dep_dt": "1467232542", "route_id": "Red", "dwell_time_sec": "112"}, {"arr_dt": "1467232642", "direction": "0", "dep_dt": "1467232748", "route_id": "Red", "dwell_time_sec": "106"}, {"arr_dt": "1467233005", "direction": "0", "dep_dt": "1467233136", "route_id": "Red", "dwell_time_sec": "131"}, {"arr_dt": "1467233225", "direction": "0", "dep_dt": "1467233384", "route_id": "Red", "dwell_time_sec": "159"}, {"arr_dt": "1467233516", "direction": "0", "dep_dt": "1467233650", "route_id": "Red", "dwell_time_sec": "134"}, {"arr_dt": "1467233739", "direction": "0", "dep_dt": "1467233831", "route_id": "Red", "dwell_time_sec": "92"}, {"arr_dt": "1467233953", "direction": "0", "dep_dt": "1467234078", "route_id": "Red", "dwell_time_sec": "125"}, {"arr_dt": "1467234144", "direction": "0", "dep_dt": "1467234228", "route_id": "Red", "dwell_time_sec": "84"}, {"arr_dt": "1467234319", "direction": "0", "dep_dt": "1467234423", "route_id": "Red", "dwell_time_sec": "104"}, {"arr_dt": "1467234748", "direction": "0", "dep_dt": "1467234888", "route_id": "Red", "dwell_time_sec": "140"}, {"arr_dt": "1467234984", "direction": "0", "dep_dt": "1467235097", "route_id": "Red", "dwell_time_sec": "113"}, {"arr_dt": "1467235339", "direction": "0", "dep_dt": "1467235449", "route_id": "Red", "dwell_time_sec": "110"}, {"arr_dt": "1467235575", "direction": "0", "dep_dt": "1467235678", "route_id": "Red", "dwell_time_sec": "103"}, {"arr_dt": "1467235814", "direction": "0", "dep_dt": "1467235940", "route_id": "Red", "dwell_time_sec": "126"}, {"arr_dt": "1467236040", "direction": "0", "dep_dt": "1467236152", "route_id": "Red", "dwell_time_sec": "112"}, {"arr_dt": "1467236279", "direction": "0", "dep_dt": "1467236383", "route_id": "Red", "dwell_time_sec": "104"}, {"arr_dt": "1467236875", "direction": "0", "dep_dt": "1467237015", "route_id": "Red", "dwell_time_sec": "140"}, {"arr_dt": "1467237104", "direction": "0", "dep_dt": "1467237208", "route_id": "Red", "dwell_time_sec": "104"}, {"arr_dt": "1467237362", "direction": "0", "dep_dt": "1467237468", "route_id": "Red", "dwell_time_sec": "106"}, {"arr_dt": "1467237559", "direction": "0", "dep_dt": "1467237664", "route_id": "Red", "dwell_time_sec": "105"}, {"arr_dt": "1467237749", "direction": "0", "dep_dt": "1467237896", "route_id": "Red", "dwell_time_sec": "147"}, {"arr_dt": "1467237980", "direction": "0", "dep_dt": "1467238088", "route_id": "Red", "dwell_time_sec": "108"}, {"arr_dt": "1467238212", "direction": "0", "dep_dt": "1467238298", "route_id": "Red", "dwell_time_sec": "86"}, {"arr_dt": "1467238419", "direction": "0", "dep_dt": "1467238523", "route_id": "Red", "dwell_time_sec": "104"}, {"arr_dt": "1467238627", "direction": "0", "dep_dt": "1467238736", "route_id": "Red", "dwell_time_sec": "109"}, {"arr_dt": "1467238821", "direction": "0", "dep_dt": "1467238904", "route_id": "Red", "dwell_time_sec": "83"}, {"arr_dt": "1467239010", "direction": "0", "dep_dt": "1467239118", "route_id": "Red", "dwell_time_sec": "108"}, {"arr_dt": "1467239224", "direction": "0", "dep_dt": "1467239307", "route_id": "Red", "dwell_time_sec": "83"}, {"arr_dt": "1467239593", "direction": "0", "dep_dt": "1467239708", "route_id": "Red", "dwell_time_sec": "115"}, {"arr_dt": "1467239800", "direction": "0", "dep_dt": "1467239894", "route_id": "Red", "dwell_time_sec": "94"}, {"arr_dt": "1467240040", "direction": "0", "dep_dt": "1467240124", "route_id": "Red", "dwell_time_sec": "84"}, {"arr_dt": "1467240211", "direction": "0", "dep_dt": "1467240299", "route_id": "Red", "dwell_time_sec": "88"}, {"arr_dt": "1467240386", "direction": "0", "dep_dt": "1467240487", "route_id": "Red", "dwell_time_sec": "101"}, {"arr_dt": "1467240789", "direction": "0", "dep_dt": "1467240859", "route_id": "Red", "dwell_time_sec": "70"}, {"arr_dt": "1467241209", "direction": "0", "dep_dt": "1467241284", "route_id": "Red", "dwell_time_sec": "75"}, {"arr_dt": "1467241405", "direction": "0", "dep_dt": "1467241479", "route_id": "Red", "dwell_time_sec": "74"}, {"arr_dt": "1467241620", "direction": "0", "dep_dt": "1467241688", "route_id": "Red", "dwell_time_sec": "68"}, {"arr_dt": "1467241998", "direction": "0", "dep_dt": "1467242098", "route_id": "Red", "dwell_time_sec": "100"}, {"arr_dt": "1467242227", "direction": "0", "dep_dt": "1467242310", "route_id": "Red", "dwell_time_sec": "83"}, {"arr_dt": "1467242477", "direction": "0", "dep_dt": "1467242575", "route_id": "Red", "dwell_time_sec": "98"}, {"arr_dt": "1467242706", "direction": "0", "dep_dt": "1467242772", "route_id": "Red", "dwell_time_sec": "66"}, {"arr_dt": "1467242878", "direction": "0", "dep_dt": "1467243122", "route_id": "Red", "dwell_time_sec": "244"}, {"arr_dt": "1467243224", "direction": "0", "dep_dt": "1467243314", "route_id": "Red", "dwell_time_sec": "90"}, {"arr_dt": "1467243401", "direction": "0", "dep_dt": "1467243491", "route_id": "Red", "dwell_time_sec": "90"}, {"arr_dt": "1467243620", "direction": "0", "dep_dt": "1467243689", "route_id": "Red", "dwell_time_sec": "69"}, {"arr_dt": "1467243899", "direction": "0", "dep_dt": "1467243974", "route_id": "Red", "dwell_time_sec": "75"}, {"arr_dt": "1467244236", "direction": "0", "dep_dt": "1467244304", "route_id": "Red", "dwell_time_sec": "68"}, {"arr_dt": "1467244472", "direction": "0", "dep_dt": "1467244548", "route_id": "Red", "dwell_time_sec": "76"}, {"arr_dt": "1467244790", "direction": "0", "dep_dt": "1467244866", "route_id": "Red", "dwell_time_sec": "76"}, {"arr_dt": "1467245108", "direction": "0", "dep_dt": "1467245187", "route_id": "Red", "dwell_time_sec": "79"}, {"arr_dt": "1467245313", "direction": "0", "dep_dt": "1467245389", "route_id": "Red", "dwell_time_sec": "76"}, {"arr_dt": "1467246044", "direction": "0", "dep_dt": "1467246140", "route_id": "Red", "dwell_time_sec": "96"}, {"arr_dt": "1467246338", "direction": "0", "dep_dt": "1467246410", "route_id": "Red", "dwell_time_sec": "72"}, {"arr_dt": "1467246820", "direction": "0", "dep_dt": "1467246910", "route_id": "Red", "dwell_time_sec": "90"}, {"arr_dt": "1467247012", "direction": "0", "dep_dt": "1467247103", "route_id": "Red", "dwell_time_sec": "91"}, {"arr_dt": "1467247235", "direction": "0", "dep_dt": "1467247304", "route_id": "Red", "dwell_time_sec": "69"}, {"arr_dt": "1467247483", "direction": "0", "dep_dt": "1467247652", "route_id": "Red", "dwell_time_sec": "169"}, {"arr_dt": "1467247658", "direction": "0", "dep_dt": "1467247719", "route_id": "Red", "dwell_time_sec": "61"}, {"arr_dt": "1467248016", "direction": "0", "dep_dt": "1467248095", "route_id": "Red", "dwell_time_sec": "79"}, {"arr_dt": "1467248197", "direction": "0", "dep_dt": "1467248292", "route_id": "Red", "dwell_time_sec": "95"}, {"arr_dt": "1467248544", "direction": "0", "dep_dt": "1467248607", "route_id": "Red", "dwell_time_sec": "63"}, {"arr_dt": "1467248759", "direction": "0", "dep_dt": "1467248830", "route_id": "Red", "dwell_time_sec": "71"}, {"arr_dt": "1467249173", "direction": "0", "dep_dt": "1467249248", "route_id": "Red", "dwell_time_sec": "75"}, {"arr_dt": "1467249696", "direction": "0", "dep_dt": "1467249777", "route_id": "Red", "dwell_time_sec": "81"}, {"arr_dt": "1467249957", "direction": "0", "dep_dt": "1467250022", "route_id": "Red", "dwell_time_sec": "65"}, {"arr_dt": "1467250275", "direction": "0", "dep_dt": "1467250351", "route_id": "Red", "dwell_time_sec": "76"}, {"arr_dt": "1467250681", "direction": "0", "dep_dt": "1467250777", "route_id": "Red", "dwell_time_sec": "96"}, {"arr_dt": "1467251280", "direction": "0", "dep_dt": "1467251366", "route_id": "Red", "dwell_time_sec": "86"}, {"arr_dt": "1467251512", "direction": "0", "dep_dt": "1467251572", "route_id": "Red", "dwell_time_sec": "60"}, {"arr_dt": "1467251708", "direction": "0", "dep_dt": "1467251762", "route_id": "Red", "dwell_time_sec": "54"}, {"arr_dt": "1467252112", "direction": "0", "dep_dt": "1467252191", "route_id": "Red", "dwell_time_sec": "79"}, {"arr_dt": "1467252474", "direction": "0", "dep_dt": "1467252571", "route_id": "Red", "dwell_time_sec": "97"}, {"arr_dt": "1467252960", "direction": "0", "dep_dt": "1467253059", "route_id": "Red", "dwell_time_sec": "99"}, {"arr_dt": "1467253298", "direction": "0", "dep_dt": "1467253479", "route_id": "Red", "dwell_time_sec": "181"}, {"arr_dt": "1467254096", "direction": "0", "dep_dt": "1467254258", "route_id": "Red", "dwell_time_sec": "162"}, {"arr_dt": "1467254353", "direction": "0", "dep_dt": "1467254437", "route_id": "Red", "dwell_time_sec": "84"}, {"arr_dt": "1467254544", "direction": "0", "dep_dt": "1467254631", "route_id": "Red", "dwell_time_sec": "87"}, {"arr_dt": "1467254737", "direction": "0", "dep_dt": "1467254804", "route_id": "Red", "dwell_time_sec": "67"}, {"arr_dt": "1467254974", "direction": "0", "dep_dt": "1467255037", "route_id": "Red", "dwell_time_sec": "63"}, {"arr_dt": "1467255244", "direction": "0", "dep_dt": "1467255309", "route_id": "Red", "dwell_time_sec": "65"}, {"arr_dt": "1467255718", "direction": "0", "dep_dt": "1467255785", "route_id": "Red", "dwell_time_sec": "67"}, {"arr_dt": "1467256058", "direction": "0", "dep_dt": "1467256128", "route_id": "Red", "dwell_time_sec": "70"}, {"arr_dt": "1467256395", "direction": "0", "dep_dt": "1467256470", "route_id": "Red", "dwell_time_sec": "75"}, {"arr_dt": "1467256689", "direction": "0", "dep_dt": "1467256756", "route_id": "Red", "dwell_time_sec": "67"}, {"arr_dt": "1467256943", "direction": "0", "dep_dt": "1467257005", "route_id": "Red", "dwell_time_sec": "62"}, {"arr_dt": "1467257571", "direction": "0", "dep_dt": "1467257654", "route_id": "Red", "dwell_time_sec": "83"}, {"arr_dt": "1467257771", "direction": "0", "dep_dt": "1467257851", "route_id": "Red", "dwell_time_sec": "80"}, {"arr_dt": "1467258128", "direction": "0", "dep_dt": "1467258202", "route_id": "Red", "dwell_time_sec": "74"}, {"arr_dt": "1467258595", "direction": "0", "dep_dt": "1467258942", "route_id": "Red", "dwell_time_sec": "347"}]}