{"dwell_times": [{"arr_dt": "1472356817", "direction": "0", "dep_dt": "1472356862", "route_id": "Red", "dwell_time_sec": "45"}, {"arr_dt": "1472357498", "direction": "0", "dep_dt": "1472357575", "route_id": "Red", "dwell_time_sec": "77"}, {"arr_dt": "1472358145", "direction": "0", "dep_dt": "1472358213", "route_id": "Red", "dwell_time_sec": "68"}, {"arr_dt": "1472358401", "direction": "0", "dep_dt": "1472358452", "route_id": "Red", "dwell_time_sec": "51"}, {"arr_dt": "1472358808", "direction": "0", "dep_dt": "1472358869", "route_id": "Red", "dwell_time_sec": "61"}, {"arr_dt": "1472359307", "direction": "0", "dep_dt": "1472359393", "route_id": "Red", "dwell_time_sec": "86"}, {"arr_dt": "1472360347", "direction": "0", "dep_dt": "1472361315", "route_id": "Red", "dwell_time_sec": "968"}, {"arr_dt": "1472379477", "direction": "0", "dep_dt": "1472379532", "route_id": "Red", "dwell_time_sec": "55"}, {"arr_dt": "1472379994", "direction": "0", "dep_dt": "1472380053", "route_id": "Red", "dwell_time_sec": "59"}, {"arr_dt": "1472380360", "direction": "0", "dep_dt": "1472380428", "route_id": "Red", "dwell_time_sec": "68"}, {"arr_dt": "1472380975", "direction": "0", "dep_dt": "1472381034", "route_id": "Red", "dwell_time_sec": "59"}, {"arr_dt": "1472381413", "direction": "0", "dep_dt": "1472381475", "route_id": "Red", "dwell_time_sec": "62"}, {"arr_dt": "1472381940", "direction": "0", "dep_dt": "1472382014", "route_id": "Red", "dwell_time_sec": "74"}, {"arr_dt": "1472382263", "direction": "0", "dep_dt": "1472382351", "route_id": "Red", "dwell_time_sec": "88"}, {"arr_dt": "1472382803", "direction": "0", "dep_dt": "1472382882", "route_id": "Red", "dwell_time_sec": "79"}, {"arr_dt": "1472383091", "direction": "0", "dep_dt": "1472383157", "route_id": "Red", "dwell_time_sec": "66"}, {"arr_dt": "1472383583", "direction": "0", "dep_dt": "1472383645", "route_id": "Red", "dwell_time_sec": "62"}, {"arr_dt": "1472384097", "direction": "0", "dep_dt": "1472384159", "route_id": "Red", "dwell_time_sec": "62"}, {"arr_dt": "1472384572", "direction": "0", "dep_dt": "1472384629", "route_id": "Red", "dwell_time_sec": "57"}, {"arr_dt": "1472384929", "direction": "0", "dep_dt": "1472384985", "route_id": "Red", "dwell_time_sec": "56"}, {"arr_dt": "1472385448", "direction": "0", "dep_dt": "1472385517", "route_id": "Red", "dwell_time_sec": "69"}, {"arr_dt": "1472385862", "direction": "0", "dep_dt": "1472385923", "route_id": "Red", "dwell_time_sec": "61"}, {"arr_dt": "1472386398", "direction": "0", "dep_dt": "1472386458", "route_id": "Red", "dwell_time_sec": "60"}, {"arr_dt": "1472386833", "direction": "0", "dep_dt": "1472386893", "route_id": "Red", "dwell_time_sec": "60"}, {"arr_dt": "1472387305", "direction": "0", "dep_dt": "1472387367", "route_id": "Red", "dwell_time_sec": "62"}, {"arr_dt": "1472387681", "direction": "0", "dep_dt": "1472387750", "route_id": "Red", "dwell_time_sec": "69"}, {"arr_dt": "1472388369", "direction": "0", "dep_dt": "1472388440", "route_id": "Red", "dwell_time_sec": "71"}, {"arr_dt": "1472388631", "direction": "0", "dep_dt": "1472388692", "route_id": "Red", "dwell_time_sec": "61"}, {"arr_dt": "1472389222", "direction": "0", "dep_dt": "1472389289", "route_id": "Red", "dwell_time_sec": "67"}, {"arr_dt": "1472389706", "direction": "0", "dep_dt": "1472389763", "route_id": "Red", "dwell_time_sec": "57"}, {"arr_dt": "1472390074", "direction": "0", "dep_dt": "1472390142", "route_id": "Red", "dwell_time_sec": "68"}, {"arr_dt": "1472390487", "direction": "0", "dep_dt": "1472390551", "route_id": "Red", "dwell_time_sec": "64"}, {"arr_dt": "1472390867", "direction": "0", "dep_dt": "1472390934", "route_id": "Red", "dwell_time_sec": "67"}, {"arr_dt": "1472391445", "direction": "0", "dep_dt": "1472391522", "route_id": "Red", "dwell_time_sec": "77"}, {"arr_dt": "1472391852", "direction": "0", "dep_dt": "1472391922", "route_id": "Red", "dwell_time_sec": "70"}, {"arr_dt": "1472392231", "direction": "0", "dep_dt": "1472392306", "route_id": "Red", "dwell_time_sec": "75"}, {"arr_dt": "1472392758", "direction": "0", "dep_dt": "1472392836", "route_id": "Red", "dwell_time_sec": "78"}, {"arr_dt": "1472393092", "direction": "0", "dep_dt": "1472393189", "route_id": "Red", "dwell_time_sec": "97"}, {"arr_dt": "1472393628", "direction": "0", "dep_dt": "1472393689", "route_id": "Red", "dwell_time_sec": "61"}, {"arr_dt": "1472394044", "direction": "0", "dep_dt": "1472394118", "route_id": "Red", "dwell_time_sec": "74"}, {"arr_dt": "1472394643", "direction": "0", "dep_dt": "1472394742", "route_id": "Red", "dwell_time_sec": "99"}, {"arr_dt": "1472395015", "direction": "0", "dep_dt": "1472395114", "route_id": "Red", "dwell_time_sec": "99"}, {"arr_dt": "1472395473", "direction": "0", "dep_dt": "1472395553", "route_id": "Red", "dwell_time_sec": "80"}, {"arr_dt": "1472395932", "direction": "0", "dep_dt": "1472396001", "route_id": "Red", "dwell_time_sec": "69"}, {"arr_dt": "1472396463", "direction": "0", "dep_dt": "1472396529", "route_id": "Red", "dwell_time_sec": "66"}, {"arr_dt": "1472396906", "direction": "0", "dep_dt": "1472396979", "route_id": "Red", "dwell_time_sec": "73"}, {"arr_dt": "1472397436", "direction": "0", "dep_dt": "1472397509", "route_id": "Red", "dwell_time_sec": "73"}, {"arr_dt": "1472397704", "direction": "0", "dep_dt": "1472397777", "route_id": "Red", "dwell_time_sec": "73"}, {"arr_dt": "1472398373", "direction": "0", "dep_dt": "1472398441", "route_id": "Red", "dwell_time_sec": "68"}, {"arr_dt": "1472398742", "direction": "0", "dep_dt": "1472398812", "route_id": "Red", "dwell_time_sec": "70"}, {"arr_dt": "1472399215", "direction": "0", "dep_dt": "1472399296", "route_id": "Red", "dwell_time_sec": "81"}, {"arr_dt": "1472399723", "direction": "0", "dep_dt": "1472399809", "route_id": "Red", "dwell_time_sec": "86"}, {"arr_dt": "1472400114", "direction": "0", "dep_dt": "1472400179", "route_id": "Red", "dwell_time_sec": "65"}, {"arr_dt": "1472400558", "direction": "0", "dep_dt": "1472400626", "route_id": "Red", "dwell_time_sec": "68"}, {"arr_dt": "1472401017", "direction": "0", "dep_dt": "1472401123", "route_id": "Red", "dwell_time_sec": "106"}, {"arr_dt": "1472401383", "direction": "0", "dep_dt": "1472401485", "route_id": "Red", "dwell_time_sec": "102"}, {"arr_dt": "1472401895", "direction": "0", "dep_dt": "1472401982", "route_id": "Red", "dwell_time_sec": "87"}, {"arr_dt": "1472402403", "direction": "0", "dep_dt": "1472402468", "route_id": "Red", "dwell_time_sec": "65"}, {"arr_dt": "1472402869", "direction": "0", "dep_dt": "1472402941", "route_id": "Red", "dwell_time_sec": "72"}, {"arr_dt": "1472403289", "direction": "0", "dep_dt": "1472403492", "route_id": "Red", "dwell_time_sec": "203"}, {"arr_dt": "1472403634", "direction": "0", "dep_dt": "1472403700", "route_id": "Red", "dwell_time_sec": "66"}, {"arr_dt": "1472404132", "direction": "0", "dep_dt": "1472404201", "route_id": "Red", "dwell_time_sec": "69"}, {"arr_dt": "1472404495", "direction": "0", "dep_dt": "1472404576", "route_id": "Red", "dwell_time_sec": "81"}, {"arr_dt": "1472405045", "direction": "0", "dep_dt": "1472405119", "route_id": "Red", "dwell_time_sec": "74"}, {"arr_dt": "1472405484", "direction": "0", "dep_dt": "1472405559", "route_id": "Red", "dwell_time_sec": "75"}, {"arr_dt": "1472405957", "direction": "0", "dep_dt": "1472406045", "route_id": "Red", "dwell_time_sec": "88"}, {"arr_dt": "1472406376", "direction": "0", "dep_dt": "1472406448", "route_id": "Red", "dwell_time_sec": "72"}, {"arr_dt": "1472406918", "direction": "0", "dep_dt": "1472406997", "route_id": "Red", "dwell_time_sec": "79"}, {"arr_dt": "1472407332", "direction": "0", "dep_dt": "1472407414", "route_id": "Red", "dwell_time_sec": "82"}, {"arr_dt": "1472407910", "direction": "0", "dep_dt": "1472407998", "route_id": "Red", "dwell_time_sec": "88"}, {"arr_dt": "1472408151", "direction": "0", "dep_dt": "1472408217", "route_id": "Red", "dwell_time_sec": "66"}, {"arr_dt": "1472408552", "direction": "0", "dep_dt": "1472408621", "route_id": "Red", "dwell_time_sec": "69"}, {"arr_dt": "1472409100", "direction": "0", "dep_dt": "1472409176", "route_id": "Red", "dwell_time_sec": "76"}, {"arr_dt": "1472409442", "direction": "0", "dep_dt": "1472409506", "route_id": "Red", "dwell_time_sec": "64"}, {"arr_dt": "1472410024", "direction": "0", "dep_dt": "1472410094", "route_id": "Red", "dwell_time_sec": "70"}, {"arr_dt": "1472410524", "direction": "0", "dep_dt": "1472410605", "route_id": "Red", "dwell_time_sec": "81"}, {"arr_dt": "1472410898", "direction": "0", "dep_dt": "1472410960", "route_id": "Red", "dwell_time_sec": "62"}, {"arr_dt": "1472411338", "direction": "0", "dep_dt": "1472411427", "route_id": "Red", "dwell_time_sec": "89"}, {"arr_dt": "1472411838", "direction": "0", "dep_dt": "1472411925", "route_id": "Red", "dwell_time_sec": "87"}, {"arr_dt": "1472412233", "direction": "0", "dep_dt": "1472412298", "route_id": "Red", "dwell_time_sec": "65"}, {"arr_dt": "1472412899", "direction": "0", "dep_dt": "1472412994", "route_id": "Red", "dwell_time_sec": "95"}, {"arr_dt": "1472413363", "direction": "0", "dep_dt": "1472413442", "route_id": "Red", "dwell_time_sec": "79"}, {"arr_dt": "1472413736", "direction": "0", "dep_dt": "1472413806", "route_id": "Red", "dwell_time_sec": "70"}, {"arr_dt": "1472414180", "direction": "0", "dep_dt": "1472414252", "route_id": "Red", "dwell_time_sec": "72"}, {"arr_dt": "1472414491", "direction": "0", "dep_dt": "1472414554", "route_id": "Red", "dwell_time_sec": "63"}, {"arr_dt": "1472414876", "direction": "0", "dep_dt": "1472414938", "route_id": "Red", "dwell_time_sec": "62"}, {"arr_dt": "1472415292", "direction": "0", "dep_dt": "1472415371", "route_id": "Red", "dwell_time_sec": "79"}, {"arr_dt": "1472415806", "direction": "0", "dep_dt": "1472415894", "route_id": "Red", "dwell_time_sec": "88"}, {"arr_dt": "1472416282", "direction": "0", "dep_dt": "1472416377", "route_id": "Red", "dwell_time_sec": "95"}, {"arr_dt": "1472416771", "direction": "0", "dep_dt": "1472416851", "route_id": "Red", "dwell_time_sec": "80"}, {"arr_dt": "1472417246", "direction": "0", "dep_dt": "1472417321", "route_id": "Red", "dwell_time_sec": "75"}, {"arr_dt": "1472417545", "direction": "0", "dep_dt": "1472417629", "route_id": "Red", "dwell_time_sec": "84"}, {"arr_dt": "1472418312", "direction": "0", "dep_dt": "1472418466", "route_id": "Red", "dwell_time_sec": "154"}, {"arr_dt": "1472418903", "direction": "0", "dep_dt": "1472418977", "route_id": "Red", "dwell_time_sec": "74"}, {"arr_dt": "1472419300", "direction": "0", "dep_dt": "1472419386", "route_id": "Red", "dwell_time_sec": "86"}, {"arr_dt": "1472419703", "direction": "0", "dep_dt": "1472419797", "route_id": "Red", "dwell_time_sec": "94"}, {"arr_dt": "1472420121", "direction": "0", "dep_dt": "1472420206", "route_id": "Red", "dwell_time_sec": "85"}, {"arr_dt": "1472420368", "direction": "0", "dep_dt": "1472420437", "route_id": "Red", "dwell_time_sec": "69"}, {"arr_dt": "1472420794", "direction": "0", "dep_dt": "1472420856", "route_id": "Red", "dwell_time_sec": "62"}, {"arr_dt": "1472421171", "direction": "0", "dep_dt": "1472421243", "route_id": "Red", "dwell_time_sec": "72"}, {"arr_dt": "1472421687", "direction": "0", "dep_dt": "1472421770", "route_id": "Red", "dwell_time_sec": "83"}, {"arr_dt": "1472422036", "direction": "0", "dep_dt": "1472422103", "route_id": "Red", "dwell_time_sec": "67"}, {"arr_dt": "1472422662", "direction": "0", "dep_dt": "1472422745", "route_id": "Red", "dwell_time_sec": "83"}, {"arr_dt": "1472422935", "direction": "0", "dep_dt": "1472422999", "route_id": "Red", "dwell_time_sec": "64"}, {"arr_dt": "1472423447", "direction": "0", "dep_dt": "1472423540", "route_id": "Red", "dwell_time_sec": "93"}, {"arr_dt": "1472424048", "direction": "0", "dep_dt": "1472424112", "route_id": "Red", "dwell_time_sec": "64"}, {"arr_dt": "1472424446", "direction": "0", "dep_dt": "1472424524", "route_id": "Red", "dwell_time_sec": "78"}, {"arr_dt": "1472424981", "direction": "0", "dep_dt": "1472425053", "route_id": "Red", "dwell_time_sec": "72"}, {"arr_dt": "1472425363", "direction": "0", "dep_dt": "1472425446", "route_id": "Red", "dwell_time_sec": "83"}, {"arr_dt": "1472426124", "direction": "0", "dep_dt": "1472426220", "route_id": "Red", "dwell_time_sec": "96"}, {"arr_dt": "1472426371", "direction": "0", "dep_dt": "1472426434", "route_id": "Red", "dwell_time_sec": "63"}, {"arr_dt": "1472426543", "direction": "0", "dep_dt": "1472426609", "route_id": "Red", "dwell_time_sec": "66"}, {"arr_dt": "1472426977", "direction": "0", "dep_dt": "1472427047", "route_id": "Red", "dwell_time_sec": "70"}, {"arr_dt": "1472427444", "direction": "0", "dep_dt": "1472427517", "route_id": "Red", "dwell_time_sec": "73"}, {"arr_dt": "1472427886", "direction": "0", "dep_dt": "1472427960", "route_id": "Red", "dwell_time_sec": "74"}, {"arr_dt": "1472428350", "direction": "0", "dep_dt": "1472428415", "route_id": "Red", "dwell_time_sec": "65"}, {"arr_dt": "1472428824", "direction": "0", "dep_dt": "1472429070", "route_id": "Red", "dwell_time_sec": "246"}, {"arr_dt": "1472429339", "direction": "0", "dep_dt": "1472429494", "route_id": "Red", "dwell_time_sec": "155"}, {"arr_dt": "1472429865", "direction": "0", "dep_dt": "1472429944", "route_id": "Red", "dwell_time_sec": "79"}, {"arr_dt": "1472430954", "direction": "0", "dep_dt": "1472431053", "route_id": "Red", "dwell_time_sec": "99"}, {"arr_dt": "1472431446", "direction": "0", "dep_dt": "1472431513", "route_id": "Red", "dwell_time_sec": "67"}, {"arr_dt": "1472431771", "direction": "0", "dep_dt": "1472431854", "route_id": "Red", "dwell_time_sec": "83"}, {"arr_dt": "1472431993", "direction": "0", "dep_dt": "1472432063", "route_id": "Red", "dwell_time_sec": "70"}, {"arr_dt": "1472432374", "direction": "0", "dep_dt": "1472432437", "route_id": "Red", "dwell_time_sec": "63"}, {"arr_dt": "1472432852", "direction": "0", "dep_dt": "1472432914", "route_id": "Red", "dwell_time_sec": "62"}, {"arr_dt": "1472433545", "direction": "0", "dep_dt": "1472433615", "route_id": "Red", "dwell_time_sec": "70"}, {"arr_dt": "1472433733", "direction": "0", "dep_dt": "1472433802", "route_id": "Red", "dwell_time_sec": "69"}, {"arr_dt": "1472434293", "direction": "0", "dep_dt": "1472434362", "route_id": "Red", "dwell_time_sec": "69"}, {"arr_dt": "1472435133", "direction": "0", "dep_dt": "1472435221", "route_id": "Red", "dwell_time_sec": "88"}, {"arr_dt": "1472435910", "direction": "0", "dep_dt": "1472435984", "route_id": "Red", "dwell_time_sec": "74"}, {"arr_dt": "1472436257", "direction": "0", "dep_dt": "1472436339", "route_id": "Red", "dwell_time_sec": "82"}, {"arr_dt": "1472436913", "direction": "0", "dep_dt": "1472436991", "route_id": "Red", "dwell_time_sec": "78"}, {"arr_dt": "1472437306", "direction": "0", "dep_dt": "1472437380", "route_id": "Red", "dwell_time_sec": "74"}, {"arr_dt": "1472437492", "direction": "0", "dep_dt": "1472437552", "route_id": "Red", "dwell_time_sec": "60"}, {"arr_dt": "1472437856", "direction": "0", "dep_dt": "1472437936", "route_id": "Red", "dwell_time_sec": "80"}, {"arr_dt": "1472438176", "direction": "0", "dep_dt": "1472438237", "route_id": "Red", "dwell_time_sec": "61"}, {"arr_dt": "1472438833", "direction": "0", "dep_dt": "1472438907", "route_id": "Red", "dwell_time_sec": "74"}, {"arr_dt": "1472439111", "direction": "0", "dep_dt": "1472439168", "route_id": "Red", "dwell_time_sec": "57"}, {"arr_dt": "1472439741", "direction": "0", "dep_dt": "1472439822", "route_id": "Red", "dwell_time_sec": "81"}, {"arr_dt": "1472440068", "direction": "0", "dep_dt": "1472440134", "route_id": "Red", "dwell_time_sec": "66"}, {"arr_dt": "1472440678", "direction": "0", "dep_dt": "1472440748", "route_id": "Red", "dwell_time_sec": "70"}, {"arr_dt": "1472441252", "direction": "0", "dep_dt": "1472441329", "route_id": "Red", "dwell_time_sec": "77"}, {"arr_dt": "1472441646", "direction": "0", "dep_dt": "1472441725", "route_id": "Red", "dwell_time_sec": "79"}, {"arr_dt": "1472442594", "direction": "0", "dep_dt": "1472442663", "route_id": "Red", "dwell_time_sec": "69"}, {"arr_dt": "1472442936", "direction": "0", "dep_dt": "1472442998", "route_id": "Red", "dwell_time_sec": "62"}]}