{"dwell_times": [{"arr_dt": "1474689971", "direction": "0", "dep_dt": "1474690039", "route_id": "Red", "dwell_time_sec": "68"}, {"arr_dt": "1474690191", "direction": "0", "dep_dt": "1474690272", "route_id": "Red", "dwell_time_sec": "81"}, {"arr_dt": "1474690475", "direction": "0", "dep_dt": "1474690541", "route_id": "Red", "dwell_time_sec": "66"}, {"arr_dt": "1474691076", "direction": "0", "dep_dt": "1474691146", "route_id": "Red", "dwell_time_sec": "70"}, {"arr_dt": "1474691318", "direction": "0", "dep_dt": "1474691379", "route_id": "Red", "dwell_time_sec": "61"}, {"arr_dt": "1474691780", "direction": "0", "dep_dt": "1474691847", "route_id": "Red", "dwell_time_sec": "67"}, {"arr_dt": "1474692998", "direction": "0", "dep_dt": "1474694944", "route_id": "Red", "dwell_time_sec": "1946"}, {"arr_dt": "1474709721", "direction": "0", "dep_dt": "1474709790", "route_id": "Red", "dwell_time_sec": "69"}, {"arr_dt": "1474710271", "direction": "0", "dep_dt": "1474710335", "route_id": "Red", "dwell_time_sec": "64"}, {"arr_dt": "1474710462", "direction": "0", "dep_dt": "1474710516", "route_id": "Red", "dwell_time_sec": "54"}, {"arr_dt": "1474710913", "direction": "0", "dep_dt": "1474710963", "route_id": "Red", "dwell_time_sec": "50"}, {"arr_dt": "1474711410", "direction": "0", "dep_dt": "1474711471", "route_id": "Red", "dwell_time_sec": "61"}, {"arr_dt": "1474711981", "direction": "0", "dep_dt": "1474712045", "route_id": "Red", "dwell_time_sec": "64"}, {"arr_dt": "1474712370", "direction": "0", "dep_dt": "1474712437", "route_id": "Red", "dwell_time_sec": "67"}, {"arr_dt": "1474712970", "direction": "0", "dep_dt": "1474713125", "route_id": "Red", "dwell_time_sec": "155"}, {"arr_dt": "1474713387", "direction": "0", "dep_dt": "1474713440", "route_id": "Red", "dwell_time_sec": "53"}, {"arr_dt": "1474713963", "direction": "0", "dep_dt": "1474714063", "route_id": "Red", "dwell_time_sec": "100"}, {"arr_dt": "1474714460", "direction": "0", "dep_dt": "1474714520", "route_id": "Red", "dwell_time_sec": "60"}, {"arr_dt": "1474714699", "direction": "0", "dep_dt": "1474714748", "route_id": "Red", "dwell_time_sec": "49"}, {"arr_dt": "1474714997", "direction": "0", "dep_dt": "1474715063", "route_id": "Red", "dwell_time_sec": "66"}, {"arr_dt": "1474715280", "direction": "0", "dep_dt": "1474715346", "route_id": "Red", "dwell_time_sec": "66"}, {"arr_dt": "1474715661", "direction": "0", "dep_dt": "1474715731", "route_id": "Red", "dwell_time_sec": "70"}, {"arr_dt": "1474715910", "direction": "0", "dep_dt": "1474715984", "route_id": "Red", "dwell_time_sec": "74"}, {"arr_dt": "1474716273", "direction": "0", "dep_dt": "1474716331", "route_id": "Red", "dwell_time_sec": "58"}, {"arr_dt": "1474716638", "direction": "0", "dep_dt": "1474716691", "route_id": "Red", "dwell_time_sec": "53"}, {"arr_dt": "1474717051", "direction": "0", "dep_dt": "1474717118", "route_id": "Red", "dwell_time_sec": "67"}, {"arr_dt": "1474717420", "direction": "0", "dep_dt": "1474717477", "route_id": "Red", "dwell_time_sec": "57"}, {"arr_dt": "1474718050", "direction": "0", "dep_dt": "1474718117", "route_id": "Red", "dwell_time_sec": "67"}, {"arr_dt": "1474718616", "direction": "0", "dep_dt": "1474718693", "route_id": "Red", "dwell_time_sec": "77"}, {"arr_dt": "1474718955", "direction": "0", "dep_dt": "1474719016", "route_id": "Red", "dwell_time_sec": "61"}, {"arr_dt": "1474719285", "direction": "0", "dep_dt": "1474719352", "route_id": "Red", "dwell_time_sec": "67"}, {"arr_dt": "1474719692", "direction": "0", "dep_dt": "1474719759", "route_id": "Red", "dwell_time_sec": "67"}, {"arr_dt": "1474720022", "direction": "0", "dep_dt": "1474720082", "route_id": "Red", "dwell_time_sec": "60"}, {"arr_dt": "1474720571", "direction": "0", "dep_dt": "1474720642", "route_id": "Red", "dwell_time_sec": "71"}, {"arr_dt": "1474721064", "direction": "0", "dep_dt": "1474721133", "route_id": "Red", "dwell_time_sec": "69"}, {"arr_dt": "1474721311", "direction": "0", "dep_dt": "1474721372", "route_id": "Red", "dwell_time_sec": "61"}, {"arr_dt": "1474721520", "direction": "0", "dep_dt": "1474721585", "route_id": "Red", "dwell_time_sec": "65"}, {"arr_dt": "1474721882", "direction": "0", "dep_dt": "1474721950", "route_id": "Red", "dwell_time_sec": "68"}, {"arr_dt": "1474722184", "direction": "0", "dep_dt": "1474722243", "route_id": "Red", "dwell_time_sec": "59"}, {"arr_dt": "1474722774", "direction": "0", "dep_dt": "1474722847", "route_id": "Red", "dwell_time_sec": "73"}, {"arr_dt": "1474723298", "direction": "0", "dep_dt": "1474723383", "route_id": "Red", "dwell_time_sec": "85"}, {"arr_dt": "1474723782", "direction": "0", "dep_dt": "1474723889", "route_id": "Red", "dwell_time_sec": "107"}, {"arr_dt": "1474724193", "direction": "0", "dep_dt": "1474724272", "route_id": "Red", "dwell_time_sec": "79"}, {"arr_dt": "1474724505", "direction": "0", "dep_dt": "1474724566", "route_id": "Red", "dwell_time_sec": "61"}, {"arr_dt": "1474724858", "direction": "0", "dep_dt": "1474724924", "route_id": "Red", "dwell_time_sec": "66"}, {"arr_dt": "1474725356", "direction": "0", "dep_dt": "1474725448", "route_id": "Red", "dwell_time_sec": "92"}, {"arr_dt": "1474725555", "direction": "0", "dep_dt": "1474725622", "route_id": "Red", "dwell_time_sec": "67"}, {"arr_dt": "1474725947", "direction": "0", "dep_dt": "1474726014", "route_id": "Red", "dwell_time_sec": "67"}, {"arr_dt": "1474726590", "direction": "0", "dep_dt": "1474726664", "route_id": "Red", "dwell_time_sec": "74"}, {"arr_dt": "1474726768", "direction": "0", "dep_dt": "1474726843", "route_id": "Red", "dwell_time_sec": "75"}, {"arr_dt": "1474727161", "direction": "0", "dep_dt": "1474727225", "route_id": "Red", "dwell_time_sec": "64"}, {"arr_dt": "1474727611", "direction": "0", "dep_dt": "1474727677", "route_id": "Red", "dwell_time_sec": "66"}, {"arr_dt": "1474727924", "direction": "0", "dep_dt": "1474727982", "route_id": "Red", "dwell_time_sec": "58"}, {"arr_dt": "1474728636", "direction": "0", "dep_dt": "1474728723", "route_id": "Red", "dwell_time_sec": "87"}, {"arr_dt": "1474728871", "direction": "0", "dep_dt": "1474728941", "route_id": "Red", "dwell_time_sec": "70"}, {"arr_dt": "1474729385", "direction": "0", "dep_dt": "1474729458", "route_id": "Red", "dwell_time_sec": "73"}, {"arr_dt": "1474729673", "direction": "0", "dep_dt": "1474729733", "route_id": "Red", "dwell_time_sec": "60"}, {"arr_dt": "1474730098", "direction": "0", "dep_dt": "1474730174", "route_id": "Red", "dwell_time_sec": "76"}, {"arr_dt": "1474730412", "direction": "0", "dep_dt": "1474730470", "route_id": "Red", "dwell_time_sec": "58"}, {"arr_dt": "1474730840", "direction": "0", "dep_dt": "1474730907", "route_id": "Red", "dwell_time_sec": "67"}, {"arr_dt": "1474731365", "direction": "0", "dep_dt": "1474731440", "route_id": "Red", "dwell_time_sec": "75"}, {"arr_dt": "1474731625", "direction": "0", "dep_dt": "1474731687", "route_id": "Red", "dwell_time_sec": "62"}, {"arr_dt": "1474732140", "direction": "0", "dep_dt": "1474732225", "route_id": "Red", "dwell_time_sec": "85"}, {"arr_dt": "1474732435", "direction": "0", "dep_dt": "1474732505", "route_id": "Red", "dwell_time_sec": "70"}, {"arr_dt": "1474732924", "direction": "0", "dep_dt": "1474733005", "route_id": "Red", "dwell_time_sec": "81"}, {"arr_dt": "1474733225", "direction": "0", "dep_dt": "1474733305", "route_id": "Red", "dwell_time_sec": "80"}, {"arr_dt": "1474733562", "direction": "0", "dep_dt": "1474733626", "route_id": "Red", "dwell_time_sec": "64"}, {"arr_dt": "1474734096", "direction": "0", "dep_dt": "1474734181", "route_id": "Red", "dwell_time_sec": "85"}, {"arr_dt": "1474734467", "direction": "0", "dep_dt": "1474734560", "route_id": "Red", "dwell_time_sec": "93"}, {"arr_dt": "1474735409", "direction": "0", "dep_dt": "1474735510", "route_id": "Red", "dwell_time_sec": "101"}, {"arr_dt": "1474735615", "direction": "0", "dep_dt": "1474735694", "route_id": "Red", "dwell_time_sec": "79"}, {"arr_dt": "1474735872", "direction": "0", "dep_dt": "1474735940", "route_id": "Red", "dwell_time_sec": "68"}, {"arr_dt": "1474736047", "direction": "0", "dep_dt": "1474736136", "route_id": "Red", "dwell_time_sec": "89"}, {"arr_dt": "1474736526", "direction": "0", "dep_dt": "1474736640", "route_id": "Red", "dwell_time_sec": "114"}, {"arr_dt": "1474736870", "direction": "0", "dep_dt": "1474736949", "route_id": "Red", "dwell_time_sec": "79"}, {"arr_dt": "1474737673", "direction": "0", "dep_dt": "1474737787", "route_id": "Red", "dwell_time_sec": "114"}, {"arr_dt": "1474737891", "direction": "0", "dep_dt": "1474737977", "route_id": "Red", "dwell_time_sec": "86"}, {"arr_dt": "1474738088", "direction": "0", "dep_dt": "1474738156", "route_id": "Red", "dwell_time_sec": "68"}, {"arr_dt": "1474738562", "direction": "0", "dep_dt": "1474738636", "route_id": "Red", "dwell_time_sec": "74"}, {"arr_dt": "1474739117", "direction": "0", "dep_dt": "1474739188", "route_id": "Red", "dwell_time_sec": "71"}, {"arr_dt": "1474739381", "direction": "0", "dep_dt": "1474739462", "route_id": "Red", "dwell_time_sec": "81"}, {"arr_dt": "1474739754", "direction": "0", "dep_dt": "1474739826", "route_id": "Red", "dwell_time_sec": "72"}, {"arr_dt": "1474740259", "direction": "0", "dep_dt": "1474740330", "route_id": "Red", "dwell_time_sec": "71"}, {"arr_dt": "1474740807", "direction": "0", "dep_dt": "1474740895", "route_id": "Red", "dwell_time_sec": "88"}, {"arr_dt": "1474741083", "direction": "0", "dep_dt": "1474741163", "route_id": "Red", "dwell_time_sec": "80"}, {"arr_dt": "1474741562", "direction": "0", "dep_dt": "1474741660", "route_id": "Red", "dwell_time_sec": "98"}, {"arr_dt": "1474741803", "direction": "0", "dep_dt": "1474741881", "route_id": "Red", "dwell_time_sec": "78"}, {"arr_dt": "1474742171", "direction": "0", "dep_dt": "1474742249", "route_id": "Red", "dwell_time_sec": "78"}, {"arr_dt": "1474742570", "direction": "0", "dep_dt": "1474742639", "route_id": "Red", "dwell_time_sec": "69"}, {"arr_dt": "1474743224", "direction": "0", "dep_dt": "1474743330", "route_id": "Red", "dwell_time_sec": "106"}, {"arr_dt": "1474743443", "direction": "0", "dep_dt": "1474743527", "route_id": "Red", "dwell_time_sec": "84"}, {"arr_dt": "1474743824", "direction": "0", "dep_dt": "1474743891", "route_id": "Red", "dwell_time_sec": "67"}, {"arr_dt": "1474744169", "direction": "0", "dep_dt": "1474744243", "route_id": "Red", "dwell_time_sec": "74"}, {"arr_dt": "1474744707", "direction": "0", "dep_dt": "1474744944", "route_id": "Red", "dwell_time_sec": "237"}, {"arr_dt": "1474745433", "direction": "0", "dep_dt": "1474745524", "route_id": "Red", "dwell_time_sec": "91"}, {"arr_dt": "1474746237", "direction": "0", "dep_dt": "1474746342", "route_id": "Red", "dwell_time_sec": "105"}, {"arr_dt": "1474746879", "direction": "0", "dep_dt": "1474746988", "route_id": "Red", "dwell_time_sec": "109"}, {"arr_dt": "1474747345", "direction": "0", "dep_dt": "1474747452", "route_id": "Red", "dwell_time_sec": "107"}, {"arr_dt": "1474747596", "direction": "0", "dep_dt": "1474747689", "route_id": "Red", "dwell_time_sec": "93"}, {"arr_dt": "1474747973", "direction": "0", "dep_dt": "1474748063", "route_id": "Red", "dwell_time_sec": "90"}, {"arr_dt": "1474748225", "direction": "0", "dep_dt": "1474748307", "route_id": "Red", "dwell_time_sec": "82"}, {"arr_dt": "1474748467", "direction": "0", "dep_dt": "1474748567", "route_id": "Red", "dwell_time_sec": "100"}, {"arr_dt": "1474748761", "direction": "0", "dep_dt": "1474748841", "route_id": "Red", "dwell_time_sec": "80"}, {"arr_dt": "1474749120", "direction": "0", "dep_dt": "1474749200", "route_id": "Red", "dwell_time_sec": "80"}, {"arr_dt": "1474749371", "direction": "0", "dep_dt": "1474749453", "route_id": "Red", "dwell_time_sec": "82"}, {"arr_dt": "1474749671", "direction": "0", "dep_dt": "1474749739", "route_id": "Red", "dwell_time_sec": "68"}, {"arr_dt": "1474750401", "direction": "0", "dep_dt": "1474750511", "route_id": "Red", "dwell_time_sec": "110"}, {"arr_dt": "1474750646", "direction": "0", "dep_dt": "1474750872", "route_id": "Red", "dwell_time_sec": "226"}, {"arr_dt": "1474751229", "direction": "0", "dep_dt": "1474751333", "route_id": "Red", "dwell_time_sec": "104"}, {"arr_dt": "1474751712", "direction": "0", "dep_dt": "1474751811", "route_id": "Red", "dwell_time_sec": "99"}, {"arr_dt": "1474751998", "direction": "0", "dep_dt": "1474752071", "route_id": "Red", "dwell_time_sec": "73"}, {"arr_dt": "1474752486", "direction": "0", "dep_dt": "1474752594", "route_id": "Red", "dwell_time_sec": "108"}, {"arr_dt": "1474752840", "direction": "0", "dep_dt": "1474752915", "route_id": "Red", "dwell_time_sec": "75"}, {"arr_dt": "1474753363", "direction": "0", "dep_dt": "1474753448", "route_id": "Red", "dwell_time_sec": "85"}, {"arr_dt": "1474753646", "direction": "0", "dep_dt": "1474753728", "route_id": "Red", "dwell_time_sec": "82"}, {"arr_dt": "1474753845", "direction": "0", "dep_dt": "1474753932", "route_id": "Red", "dwell_time_sec": "87"}, {"arr_dt": "1474754131", "direction": "0", "dep_dt": "1474754195", "route_id": "Red", "dwell_time_sec": "64"}, {"arr_dt": "1474754557", "direction": "0", "dep_dt": "1474754626", "route_id": "Red", "dwell_time_sec": "69"}, {"arr_dt": "1474754999", "direction": "0", "dep_dt": "1474755077", "route_id": "Red", "dwell_time_sec": "78"}, {"arr_dt": "1474755429", "direction": "0", "dep_dt": "1474755500", "route_id": "Red", "dwell_time_sec": "71"}, {"arr_dt": "1474755833", "direction": "0", "dep_dt": "1474755912", "route_id": "Red", "dwell_time_sec": "79"}, {"arr_dt": "1474756195", "direction": "0", "dep_dt": "1474756277", "route_id": "Red", "dwell_time_sec": "82"}, {"arr_dt": "1474756555", "direction": "0", "dep_dt": "1474756623", "route_id": "Red", "dwell_time_sec": "68"}, {"arr_dt": "1474757156", "direction": "0", "dep_dt": "1474757246", "route_id": "Red", "dwell_time_sec": "90"}, {"arr_dt": "1474757422", "direction": "0", "dep_dt": "1474757489", "route_id": "Red", "dwell_time_sec": "67"}, {"arr_dt": "1474757820", "direction": "0", "dep_dt": "1474757887", "route_id": "Red", "dwell_time_sec": "67"}, {"arr_dt": "1474758335", "direction": "0", "dep_dt": "1474758426", "route_id": "Red", "dwell_time_sec": "91"}, {"arr_dt": "1474758847", "direction": "0", "dep_dt": "1474758929", "route_id": "Red", "dwell_time_sec": "82"}, {"arr_dt": "1474759101", "direction": "0", "dep_dt": "1474759167", "route_id": "Red", "dwell_time_sec": "66"}, {"arr_dt": "1474759572", "direction": "0", "dep_dt": "1474759640", "route_id": "Red", "dwell_time_sec": "68"}, {"arr_dt": "1474759763", "direction": "0", "dep_dt": "1474759830", "route_id": "Red", "dwell_time_sec": "67"}, {"arr_dt": "1474760286", "direction": "0", "dep_dt": "1474760368", "route_id": "Red", "dwell_time_sec": "82"}, {"arr_dt": "1474760808", "direction": "0", "dep_dt": "1474760881", "route_id": "Red", "dwell_time_sec": "73"}, {"arr_dt": "1474761030", "direction": "0", "dep_dt": "1474761096", "route_id": "Red", "dwell_time_sec": "66"}, {"arr_dt": "1474761496", "direction": "0", "dep_dt": "1474761570", "route_id": "Red", "dwell_time_sec": "74"}, {"arr_dt": "1474761813", "direction": "0", "dep_dt": "1474761885", "route_id": "Red", "dwell_time_sec": "72"}, {"arr_dt": "1474762154", "direction": "0", "dep_dt": "1474762232", "route_id": "Red", "dwell_time_sec": "78"}, {"arr_dt": "1474762516", "direction": "0", "dep_dt": "1474762633", "route_id": "Red", "dwell_time_sec": "117"}, {"arr_dt": "1474763017", "direction": "0", "dep_dt": "1474763098", "route_id": "Red", "dwell_time_sec": "81"}, {"arr_dt": "1474763359", "direction": "0", "dep_dt": "1474763423", "route_id": "Red", "dwell_time_sec": "64"}, {"arr_dt": "1474763746", "direction": "0", "dep_dt": "1474763824", "route_id": "Red", "dwell_time_sec": "78"}, {"arr_dt": "1474764203", "direction": "0", "dep_dt": "1474764274", "route_id": "Red", "dwell_time_sec": "71"}, {"arr_dt": "1474764578", "direction": "0", "dep_dt": "1474764652", "route_id": "Red", "dwell_time_sec": "74"}, {"arr_dt": "1474764861", "direction": "0", "dep_dt": "1474764909", "route_id": "Red", "dwell_time_sec": "48"}, {"arr_dt": "1474765322", "direction": "0", "dep_dt": "1474765374", "route_id": "Red", "dwell_time_sec": "52"}, {"arr_dt": "1474765890", "direction": "0", "dep_dt": "1474765963", "route_id": "Red", "dwell_time_sec": "73"}, {"arr_dt": "1474766269", "direction": "0", "dep_dt": "1474766342", "route_id": "Red", "dwell_time_sec": "73"}, {"arr_dt": "1474766607", "direction": "0", "dep_dt": "1474766705", "route_id": "Red", "dwell_time_sec": "98"}, {"arr_dt": "1474767000", "direction": "0", "dep_dt": "1474767057", "route_id": "Red", "dwell_time_sec": "57"}, {"arr_dt": "1474767333", "direction": "0", "dep_dt": "1474767406", "route_id": "Red", "dwell_time_sec": "73"}, {"arr_dt": "1474767827", "direction": "0", "dep_dt": "1474767897", "route_id": "Red", "dwell_time_sec": "70"}, {"arr_dt": "1474768264", "direction": "0", "dep_dt": "1474768392", "route_id": "Red", "dwell_time_sec": "128"}, {"arr_dt": "1474768710", "direction": "0", "dep_dt": "1474768944", "route_id": "Red", "dwell_time_sec": "234"}, {"arr_dt": "1474769024", "direction": "0", "dep_dt": "1474769097", "route_id": "Red", "dwell_time_sec": "73"}, {"arr_dt": "1474769675", "direction": "0", "dep_dt": "1474769746", "route_id": "Red", "dwell_time_sec": "71"}, {"arr_dt": "1474769855", "direction": "0", "dep_dt": "1474769917", "route_id": "Red", "dwell_time_sec": "62"}, {"arr_dt": "1474770276", "direction": "0", "dep_dt": "1474770351", "route_id": "Red", "dwell_time_sec": "75"}, {"arr_dt": "1474770521", "direction": "0", "dep_dt": "1474770572", "route_id": "Red", "dwell_time_sec": "51"}, {"arr_dt": "1474770905", "direction": "0", "dep_dt": "1474770971", "route_id": "Red", "dwell_time_sec": "66"}, {"arr_dt": "1474771495", "direction": "0", "dep_dt": "1474771584", "route_id": "Red", "dwell_time_sec": "89"}, {"arr_dt": "1474771695", "direction": "0", "dep_dt": "1474771758", "route_id": "Red", "dwell_time_sec": "63"}, {"arr_dt": "1474772087", "direction": "0", "dep_dt": "1474772154", "route_id": "Red", "dwell_time_sec": "67"}, {"arr_dt": "1474772402", "direction": "0", "dep_dt": "1474772472", "route_id": "Red", "dwell_time_sec": "70"}, {"arr_dt": "1474772859", "direction": "0", "dep_dt": "1474772923", "route_id": "Red", "dwell_time_sec": "64"}, {"arr_dt": "1474773242", "direction": "0", "dep_dt": "1474773301", "route_id": "Red", "dwell_time_sec": "59"}, {"arr_dt": "1474773858", "direction": "0", "dep_dt": "1474773930", "route_id": "Red", "dwell_time_sec": "72"}, {"arr_dt": "1474774732", "direction": "0", "dep_dt": "1474774816", "route_id": "Red", "dwell_time_sec": "84"}, {"arr_dt": "1474774914", "direction": "0", "dep_dt": "1474775019", "route_id": "Red", "dwell_time_sec": "105"}, {"arr_dt": "1474775304", "direction": "0", "dep_dt": "1474775362", "route_id": "Red", "dwell_time_sec": "58"}, {"arr_dt": "1474775692", "direction": "0", "dep_dt": "1474775755", "route_id": "Red", "dwell_time_sec": "63"}]}