{"dwell_times": [{"arr_dt": "1461383990", "direction": "0", "dep_dt": "1461384044", "route_id": "Red", "dwell_time_sec": "54"}, {"arr_dt": "1461384429", "direction": "0", "dep_dt": "1461384501", "route_id": "Red", "dwell_time_sec": "72"}, {"arr_dt": "1461384945", "direction": "0", "dep_dt": "1461385008", "route_id": "Red", "dwell_time_sec": "63"}, {"arr_dt": "1461385402", "direction": "0", "dep_dt": "1461385475", "route_id": "Red", "dwell_time_sec": "73"}, {"arr_dt": "1461385761", "direction": "0", "dep_dt": "1461385826", "route_id": "Red", "dwell_time_sec": "65"}, {"arr_dt": "1461386107", "direction": "0", "dep_dt": "1461386168", "route_id": "Red", "dwell_time_sec": "61"}, {"arr_dt": "1461387281", "direction": "0", "dep_dt": "1461388294", "route_id": "Red", "dwell_time_sec": "1013"}, {"arr_dt": "1461404733", "direction": "0", "dep_dt": "1461404818", "route_id": "Red", "dwell_time_sec": "85"}, {"arr_dt": "1461405467", "direction": "0", "dep_dt": "1461405521", "route_id": "Red", "dwell_time_sec": "54"}, {"arr_dt": "1461406250", "direction": "0", "dep_dt": "1461406297", "route_id": "Red", "dwell_time_sec": "47"}, {"arr_dt": "1461406824", "direction": "0", "dep_dt": "1461406895", "route_id": "Red", "dwell_time_sec": "71"}, {"arr_dt": "1461407296", "direction": "0", "dep_dt": "1461407357", "route_id": "Red", "dwell_time_sec": "61"}, {"arr_dt": "1461407828", "direction": "0", "dep_dt": "1461407893", "route_id": "Red", "dwell_time_sec": "65"}, {"arr_dt": "1461408400", "direction": "0", "dep_dt": "1461408470", "route_id": "Red", "dwell_time_sec": "70"}, {"arr_dt": "1461408920", "direction": "0", "dep_dt": "1461408978", "route_id": "Red", "dwell_time_sec": "58"}, {"arr_dt": "1461409372", "direction": "0", "dep_dt": "1461409453", "route_id": "Red", "dwell_time_sec": "81"}, {"arr_dt": "1461409971", "direction": "0", "dep_dt": "1461410049", "route_id": "Red", "dwell_time_sec": "78"}, {"arr_dt": "1461410479", "direction": "0", "dep_dt": "1461410535", "route_id": "Red", "dwell_time_sec": "56"}, {"arr_dt": "1461411132", "direction": "0", "dep_dt": "1461411196", "route_id": "Red", "dwell_time_sec": "64"}, {"arr_dt": "1461411874", "direction": "0", "dep_dt": "1461411949", "route_id": "Red", "dwell_time_sec": "75"}, {"arr_dt": "1461412504", "direction": "0", "dep_dt": "1461412577", "route_id": "Red", "dwell_time_sec": "73"}, {"arr_dt": "1461413168", "direction": "0", "dep_dt": "1461413235", "route_id": "Red", "dwell_time_sec": "67"}, {"arr_dt": "1461413771", "direction": "0", "dep_dt": "1461413838", "route_id": "Red", "dwell_time_sec": "67"}, {"arr_dt": "1461414334", "direction": "0", "dep_dt": "1461414411", "route_id": "Red", "dwell_time_sec": "77"}, {"arr_dt": "1461414969", "direction": "0", "dep_dt": "1461415124", "route_id": "Red", "dwell_time_sec": "155"}, {"arr_dt": "1461415493", "direction": "0", "dep_dt": "1461415557", "route_id": "Red", "dwell_time_sec": "64"}, {"arr_dt": "1461416158", "direction": "0", "dep_dt": "1461416264", "route_id": "Red", "dwell_time_sec": "106"}, {"arr_dt": "1461416757", "direction": "0", "dep_dt": "1461416845", "route_id": "Red", "dwell_time_sec": "88"}, {"arr_dt": "1461417326", "direction": "0", "dep_dt": "1461417418", "route_id": "Red", "dwell_time_sec": "92"}, {"arr_dt": "1461417855", "direction": "0", "dep_dt": "1461417921", "route_id": "Red", "dwell_time_sec": "66"}, {"arr_dt": "1461418386", "direction": "0", "dep_dt": "1461418462", "route_id": "Red", "dwell_time_sec": "76"}, {"arr_dt": "1461418975", "direction": "0", "dep_dt": "1461419062", "route_id": "Red", "dwell_time_sec": "87"}, {"arr_dt": "1461419648", "direction": "0", "dep_dt": "1461419750", "route_id": "Red", "dwell_time_sec": "102"}, {"arr_dt": "1461420136", "direction": "0", "dep_dt": "1461420215", "route_id": "Red", "dwell_time_sec": "79"}, {"arr_dt": "1461420966", "direction": "0", "dep_dt": "1461421065", "route_id": "Red", "dwell_time_sec": "99"}, {"arr_dt": "1461421508", "direction": "0", "dep_dt": "1461421598", "route_id": "Red", "dwell_time_sec": "90"}, {"arr_dt": "1461422112", "direction": "0", "dep_dt": "1461422346", "route_id": "Red", "dwell_time_sec": "234"}, {"arr_dt": "1461422623", "direction": "0", "dep_dt": "1461422706", "route_id": "Red", "dwell_time_sec": "83"}, {"arr_dt": "1461423101", "direction": "0", "dep_dt": "1461423245", "route_id": "Red", "dwell_time_sec": "144"}, {"arr_dt": "1461423864", "direction": "0", "dep_dt": "1461423942", "route_id": "Red", "dwell_time_sec": "78"}, {"arr_dt": "1461424379", "direction": "0", "dep_dt": "1461424457", "route_id": "Red", "dwell_time_sec": "78"}, {"arr_dt": "1461424973", "direction": "0", "dep_dt": "1461425059", "route_id": "Red", "dwell_time_sec": "86"}, {"arr_dt": "1461425610", "direction": "0", "dep_dt": "1461425691", "route_id": "Red", "dwell_time_sec": "81"}, {"arr_dt": "1461426141", "direction": "0", "dep_dt": "1461426215", "route_id": "Red", "dwell_time_sec": "74"}, {"arr_dt": "1461426855", "direction": "0", "dep_dt": "1461426947", "route_id": "Red", "dwell_time_sec": "92"}, {"arr_dt": "1461427428", "direction": "0", "dep_dt": "1461427521", "route_id": "Red", "dwell_time_sec": "93"}, {"arr_dt": "1461427944", "direction": "0", "dep_dt": "1461428022", "route_id": "Red", "dwell_time_sec": "78"}, {"arr_dt": "1461428373", "direction": "0", "dep_dt": "1461428466", "route_id": "Red", "dwell_time_sec": "93"}, {"arr_dt": "1461429286", "direction": "0", "dep_dt": "1461429383", "route_id": "Red", "dwell_time_sec": "97"}, {"arr_dt": "1461429831", "direction": "0", "dep_dt": "1461429902", "route_id": "Red", "dwell_time_sec": "71"}, {"arr_dt": "1461430405", "direction": "0", "dep_dt": "1461430482", "route_id": "Red", "dwell_time_sec": "77"}, {"arr_dt": "1461430924", "direction": "0", "dep_dt": "1461431016", "route_id": "Red", "dwell_time_sec": "92"}, {"arr_dt": "1461431469", "direction": "0", "dep_dt": "1461431554", "route_id": "Red", "dwell_time_sec": "85"}, {"arr_dt": "1461432190", "direction": "0", "dep_dt": "1461432278", "route_id": "Red", "dwell_time_sec": "88"}, {"arr_dt": "1461432847", "direction": "0", "dep_dt": "1461432942", "route_id": "Red", "dwell_time_sec": "95"}, {"arr_dt": "1461433323", "direction": "0", "dep_dt": "1461433397", "route_id": "Red", "dwell_time_sec": "74"}, {"arr_dt": "1461434061", "direction": "0", "dep_dt": "1461434185", "route_id": "Red", "dwell_time_sec": "124"}, {"arr_dt": "1461434796", "direction": "0", "dep_dt": "1461434894", "route_id": "Red", "dwell_time_sec": "98"}, {"arr_dt": "1461435429", "direction": "0", "dep_dt": "1461435512", "route_id": "Red", "dwell_time_sec": "83"}, {"arr_dt": "1461436065", "direction": "0", "dep_dt": "1461436152", "route_id": "Red", "dwell_time_sec": "87"}, {"arr_dt": "1461436869", "direction": "0", "dep_dt": "1461436954", "route_id": "Red", "dwell_time_sec": "85"}, {"arr_dt": "1461437429", "direction": "0", "dep_dt": "1461437648", "route_id": "Red", "dwell_time_sec": "219"}, {"arr_dt": "1461437999", "direction": "0", "dep_dt": "1461438084", "route_id": "Red", "dwell_time_sec": "85"}, {"arr_dt": "1461438578", "direction": "0", "dep_dt": "1461438651", "route_id": "Red", "dwell_time_sec": "73"}, {"arr_dt": "1461439281", "direction": "0", "dep_dt": "1461439376", "route_id": "Red", "dwell_time_sec": "95"}, {"arr_dt": "1461439929", "direction": "0", "dep_dt": "1461440026", "route_id": "Red", "dwell_time_sec": "97"}, {"arr_dt": "1461440500", "direction": "0", "dep_dt": "1461440605", "route_id": "Red", "dwell_time_sec": "105"}, {"arr_dt": "1461441045", "direction": "0", "dep_dt": "1461441146", "route_id": "Red", "dwell_time_sec": "101"}, {"arr_dt": "1461441550", "direction": "0", "dep_dt": "1461441631", "route_id": "Red", "dwell_time_sec": "81"}, {"arr_dt": "1461442140", "direction": "0", "dep_dt": "1461442339", "route_id": "Red", "dwell_time_sec": "199"}, {"arr_dt": "1461442682", "direction": "0", "dep_dt": "1461442765", "route_id": "Red", "dwell_time_sec": "83"}, {"arr_dt": "1461443360", "direction": "0", "dep_dt": "1461443448", "route_id": "Red", "dwell_time_sec": "88"}, {"arr_dt": "1461443940", "direction": "0", "dep_dt": "1461444043", "route_id": "Red", "dwell_time_sec": "103"}, {"arr_dt": "1461444643", "direction": "0", "dep_dt": "1461444726", "route_id": "Red", "dwell_time_sec": "83"}, {"arr_dt": "1461445215", "direction": "0", "dep_dt": "1461445302", "route_id": "Red", "dwell_time_sec": "87"}, {"arr_dt": "1461445759", "direction": "0", "dep_dt": "1461445836", "route_id": "Red", "dwell_time_sec": "77"}, {"arr_dt": "1461446358", "direction": "0", "dep_dt": "1461446440", "route_id": "Red", "dwell_time_sec": "82"}, {"arr_dt": "1461446841", "direction": "0", "dep_dt": "1461446925", "route_id": "Red", "dwell_time_sec": "84"}, {"arr_dt": "1461447382", "direction": "0", "dep_dt": "1461447487", "route_id": "Red", "dwell_time_sec": "105"}, {"arr_dt": "1461447956", "direction": "0", "dep_dt": "1461448035", "route_id": "Red", "dwell_time_sec": "79"}, {"arr_dt": "1461448649", "direction": "0", "dep_dt": "1461448755", "route_id": "Red", "dwell_time_sec": "106"}, {"arr_dt": "1461449254", "direction": "0", "dep_dt": "1461449342", "route_id": "Red", "dwell_time_sec": "88"}, {"arr_dt": "1461449940", "direction": "0", "dep_dt": "1461450038", "route_id": "Red", "dwell_time_sec": "98"}, {"arr_dt": "1461450473", "direction": "0", "dep_dt": "1461450565", "route_id": "Red", "dwell_time_sec": "92"}, {"arr_dt": "1461450988", "direction": "0", "dep_dt": "1461451078", "route_id": "Red", "dwell_time_sec": "90"}, {"arr_dt": "1461451667", "direction": "0", "dep_dt": "1461451793", "route_id": "Red", "dwell_time_sec": "126"}, {"arr_dt": "1461452129", "direction": "0", "dep_dt": "1461452206", "route_id": "Red", "dwell_time_sec": "77"}, {"arr_dt": "1461452702", "direction": "0", "dep_dt": "1461452769", "route_id": "Red", "dwell_time_sec": "67"}, {"arr_dt": "1461453304", "direction": "0", "dep_dt": "1461453384", "route_id": "Red", "dwell_time_sec": "80"}, {"arr_dt": "1461453846", "direction": "0", "dep_dt": "1461453920", "route_id": "Red", "dwell_time_sec": "74"}, {"arr_dt": "1461454417", "direction": "0", "dep_dt": "1461454494", "route_id": "Red", "dwell_time_sec": "77"}, {"arr_dt": "1461455116", "direction": "0", "dep_dt": "1461455210", "route_id": "Red", "dwell_time_sec": "94"}, {"arr_dt": "1461455995", "direction": "0", "dep_dt": "1461456091", "route_id": "Red", "dwell_time_sec": "96"}, {"arr_dt": "1461456559", "direction": "0", "dep_dt": "1461456629", "route_id": "Red", "dwell_time_sec": "70"}, {"arr_dt": "1461458065", "direction": "0", "dep_dt": "1461458147", "route_id": "Red", "dwell_time_sec": "82"}, {"arr_dt": "1461458768", "direction": "0", "dep_dt": "1461458840", "route_id": "Red", "dwell_time_sec": "72"}, {"arr_dt": "1461459399", "direction": "0", "dep_dt": "1461459481", "route_id": "Red", "dwell_time_sec": "82"}, {"arr_dt": "1461459924", "direction": "0", "dep_dt": "1461459995", "route_id": "Red", "dwell_time_sec": "71"}, {"arr_dt": "1461460572", "direction": "0", "dep_dt": "1461460645", "route_id": "Red", "dwell_time_sec": "73"}, {"arr_dt": "1461461277", "direction": "0", "dep_dt": "1461461428", "route_id": "Red", "dwell_time_sec": "151"}, {"arr_dt": "1461461754", "direction": "0", "dep_dt": "1461461834", "route_id": "Red", "dwell_time_sec": "80"}, {"arr_dt": "1461462309", "direction": "0", "dep_dt": "1461462406", "route_id": "Red", "dwell_time_sec": "97"}, {"arr_dt": "1461463052", "direction": "0", "dep_dt": "1461463167", "route_id": "Red", "dwell_time_sec": "115"}, {"arr_dt": "1461463693", "direction": "0", "dep_dt": "1461463778", "route_id": "Red", "dwell_time_sec": "85"}, {"arr_dt": "1461464243", "direction": "0", "dep_dt": "1461464536", "route_id": "Red", "dwell_time_sec": "293"}, {"arr_dt": "1461464932", "direction": "0", "dep_dt": "1461465003", "route_id": "Red", "dwell_time_sec": "71"}, {"arr_dt": "1461465530", "direction": "0", "dep_dt": "1461465602", "route_id": "Red", "dwell_time_sec": "72"}, {"arr_dt": "1461466341", "direction": "0", "dep_dt": "1461466417", "route_id": "Red", "dwell_time_sec": "76"}, {"arr_dt": "1461466982", "direction": "0", "dep_dt": "1461467064", "route_id": "Red", "dwell_time_sec": "82"}, {"arr_dt": "1461467476", "direction": "0", "dep_dt": "1461467550", "route_id": "Red", "dwell_time_sec": "74"}, {"arr_dt": "1461468126", "direction": "0", "dep_dt": "1461468218", "route_id": "Red", "dwell_time_sec": "92"}, {"arr_dt": "1461468768", "direction": "0", "dep_dt": "1461468855", "route_id": "Red", "dwell_time_sec": "87"}, {"arr_dt": "1461469792", "direction": "0", "dep_dt": "1461469867", "route_id": "Red", "dwell_time_sec": "75"}]}