{"dwell_times": [{"arr_dt": "1463976055", "direction": "0", "dep_dt": "1463976128", "route_id": "Red", "dwell_time_sec": "73"}, {"arr_dt": "1463976626", "direction": "0", "dep_dt": "1463976695", "route_id": "Red", "dwell_time_sec": "69"}, {"arr_dt": "1463977021", "direction": "0", "dep_dt": "1463977092", "route_id": "Red", "dwell_time_sec": "71"}, {"arr_dt": "1463977674", "direction": "0", "dep_dt": "1463977741", "route_id": "Red", "dwell_time_sec": "67"}, {"arr_dt": "1463977946", "direction": "0", "dep_dt": "1463977993", "route_id": "Red", "dwell_time_sec": "47"}, {"arr_dt": "1463978472", "direction": "0", "dep_dt": "1463980747", "route_id": "Red", "dwell_time_sec": "2275"}, {"arr_dt": "1463996626", "direction": "0", "dep_dt": "1463996698", "route_id": "Red", "dwell_time_sec": "72"}, {"arr_dt": "1463996820", "direction": "0", "dep_dt": "1463996904", "route_id": "Red", "dwell_time_sec": "84"}, {"arr_dt": "1463997205", "direction": "0", "dep_dt": "1463997260", "route_id": "Red", "dwell_time_sec": "55"}, {"arr_dt": "1463997629", "direction": "0", "dep_dt": "1463997684", "route_id": "Red", "dwell_time_sec": "55"}, {"arr_dt": "1463998112", "direction": "0", "dep_dt": "1463998194", "route_id": "Red", "dwell_time_sec": "82"}, {"arr_dt": "1463998648", "direction": "0", "dep_dt": "1463998706", "route_id": "Red", "dwell_time_sec": "58"}, {"arr_dt": "1463999056", "direction": "0", "dep_dt": "1463999134", "route_id": "Red", "dwell_time_sec": "78"}, {"arr_dt": "1463999506", "direction": "0", "dep_dt": "1463999596", "route_id": "Red", "dwell_time_sec": "90"}, {"arr_dt": "1463999797", "direction": "0", "dep_dt": "1463999895", "route_id": "Red", "dwell_time_sec": "98"}, {"arr_dt": "1464000308", "direction": "0", "dep_dt": "1464000379", "route_id": "Red", "dwell_time_sec": "71"}, {"arr_dt": "1464000582", "direction": "0", "dep_dt": "1464000645", "route_id": "Red", "dwell_time_sec": "63"}, {"arr_dt": "1464000852", "direction": "0", "dep_dt": "1464000919", "route_id": "Red", "dwell_time_sec": "67"}, {"arr_dt": "1464001124", "direction": "0", "dep_dt": "1464001188", "route_id": "Red", "dwell_time_sec": "64"}, {"arr_dt": "1464001356", "direction": "0", "dep_dt": "1464001414", "route_id": "Red", "dwell_time_sec": "58"}, {"arr_dt": "1464001776", "direction": "0", "dep_dt": "1464001864", "route_id": "Red", "dwell_time_sec": "88"}, {"arr_dt": "1464001956", "direction": "0", "dep_dt": "1464002027", "route_id": "Red", "dwell_time_sec": "71"}, {"arr_dt": "1464002233", "direction": "0", "dep_dt": "1464002302", "route_id": "Red", "dwell_time_sec": "69"}, {"arr_dt": "1464002720", "direction": "0", "dep_dt": "1464002811", "route_id": "Red", "dwell_time_sec": "91"}, {"arr_dt": "1464002921", "direction": "0", "dep_dt": "1464003004", "route_id": "Red", "dwell_time_sec": "83"}, {"arr_dt": "1464003115", "direction": "0", "dep_dt": "1464003194", "route_id": "Red", "dwell_time_sec": "79"}, {"arr_dt": "1464003293", "direction": "0", "dep_dt": "1464003366", "route_id": "Red", "dwell_time_sec": "73"}, {"arr_dt": "1464003503", "direction": "0", "dep_dt": "1464003576", "route_id": "Red", "dwell_time_sec": "73"}, {"arr_dt": "1464003693", "direction": "0", "dep_dt": "1464003798", "route_id": "Red", "dwell_time_sec": "105"}, {"arr_dt": "1464003928", "direction": "0", "dep_dt": "1464003997", "route_id": "Red", "dwell_time_sec": "69"}, {"arr_dt": "1464004106", "direction": "0", "dep_dt": "1464004164", "route_id": "Red", "dwell_time_sec": "58"}, {"arr_dt": "1464004423", "direction": "0", "dep_dt": "1464004512", "route_id": "Red", "dwell_time_sec": "89"}, {"arr_dt": "1464004809", "direction": "0", "dep_dt": "1464004890", "route_id": "Red", "dwell_time_sec": "81"}, {"arr_dt": "1464005384", "direction": "0", "dep_dt": "1464005490", "route_id": "Red", "dwell_time_sec": "106"}, {"arr_dt": "1464005578", "direction": "0", "dep_dt": "1464005665", "route_id": "Red", "dwell_time_sec": "87"}, {"arr_dt": "1464005794", "direction": "0", "dep_dt": "1464005877", "route_id": "Red", "dwell_time_sec": "83"}, {"arr_dt": "1464006042", "direction": "0", "dep_dt": "1464006154", "route_id": "Red", "dwell_time_sec": "112"}, {"arr_dt": "1464006248", "direction": "0", "dep_dt": "1464006332", "route_id": "Red", "dwell_time_sec": "84"}, {"arr_dt": "1464006635", "direction": "0", "dep_dt": "1464006739", "route_id": "Red", "dwell_time_sec": "104"}, {"arr_dt": "1464006834", "direction": "0", "dep_dt": "1464006922", "route_id": "Red", "dwell_time_sec": "88"}, {"arr_dt": "1464007077", "direction": "0", "dep_dt": "1464007174", "route_id": "Red", "dwell_time_sec": "97"}, {"arr_dt": "1464007277", "direction": "0", "dep_dt": "1464007366", "route_id": "Red", "dwell_time_sec": "89"}, {"arr_dt": "1464007503", "direction": "0", "dep_dt": "1464007599", "route_id": "Red", "dwell_time_sec": "96"}, {"arr_dt": "1464007692", "direction": "0", "dep_dt": "1464007825", "route_id": "Red", "dwell_time_sec": "133"}, {"arr_dt": "1464007966", "direction": "0", "dep_dt": "1464008076", "route_id": "Red", "dwell_time_sec": "110"}, {"arr_dt": "1464008191", "direction": "0", "dep_dt": "1464008327", "route_id": "Red", "dwell_time_sec": "136"}, {"arr_dt": "1464008725", "direction": "0", "dep_dt": "1464008835", "route_id": "Red", "dwell_time_sec": "110"}, {"arr_dt": "1464008931", "direction": "0", "dep_dt": "1464009028", "route_id": "Red", "dwell_time_sec": "97"}, {"arr_dt": "1464009126", "direction": "0", "dep_dt": "1464009212", "route_id": "Red", "dwell_time_sec": "86"}, {"arr_dt": "1464009339", "direction": "0", "dep_dt": "1464009422", "route_id": "Red", "dwell_time_sec": "83"}, {"arr_dt": "1464009551", "direction": "0", "dep_dt": "1464009636", "route_id": "Red", "dwell_time_sec": "85"}, {"arr_dt": "1464009751", "direction": "0", "dep_dt": "1464009850", "route_id": "Red", "dwell_time_sec": "99"}, {"arr_dt": "1464010005", "direction": "0", "dep_dt": "1464010099", "route_id": "Red", "dwell_time_sec": "94"}, {"arr_dt": "1464010226", "direction": "0", "dep_dt": "1464010303", "route_id": "Red", "dwell_time_sec": "77"}, {"arr_dt": "1464010409", "direction": "0", "dep_dt": "1464010504", "route_id": "Red", "dwell_time_sec": "95"}, {"arr_dt": "1464010610", "direction": "0", "dep_dt": "1464010687", "route_id": "Red", "dwell_time_sec": "77"}, {"arr_dt": "1464010812", "direction": "0", "dep_dt": "1464010898", "route_id": "Red", "dwell_time_sec": "86"}, {"arr_dt": "1464011134", "direction": "0", "dep_dt": "1464011198", "route_id": "Red", "dwell_time_sec": "64"}, {"arr_dt": "1464011395", "direction": "0", "dep_dt": "1464011489", "route_id": "Red", "dwell_time_sec": "94"}, {"arr_dt": "1464011615", "direction": "0", "dep_dt": "1464011679", "route_id": "Red", "dwell_time_sec": "64"}, {"arr_dt": "1464012040", "direction": "0", "dep_dt": "1464012138", "route_id": "Red", "dwell_time_sec": "98"}, {"arr_dt": "1464012237", "direction": "0", "dep_dt": "1464012338", "route_id": "Red", "dwell_time_sec": "101"}, {"arr_dt": "1464012415", "direction": "0", "dep_dt": "1464012500", "route_id": "Red", "dwell_time_sec": "85"}, {"arr_dt": "1464012823", "direction": "0", "dep_dt": "1464012911", "route_id": "Red", "dwell_time_sec": "88"}, {"arr_dt": "1464013001", "direction": "0", "dep_dt": "1464013072", "route_id": "Red", "dwell_time_sec": "71"}, {"arr_dt": "1464013287", "direction": "0", "dep_dt": "1464013364", "route_id": "Red", "dwell_time_sec": "77"}, {"arr_dt": "1464013477", "direction": "0", "dep_dt": "1464013632", "route_id": "Red", "dwell_time_sec": "155"}, {"arr_dt": "1464013706", "direction": "0", "dep_dt": "1464013792", "route_id": "Red", "dwell_time_sec": "86"}, {"arr_dt": "1464014122", "direction": "0", "dep_dt": "1464014190", "route_id": "Red", "dwell_time_sec": "68"}, {"arr_dt": "1464014293", "direction": "0", "dep_dt": "1464014358", "route_id": "Red", "dwell_time_sec": "65"}, {"arr_dt": "1464014957", "direction": "0", "dep_dt": "1464015041", "route_id": "Red", "dwell_time_sec": "84"}, {"arr_dt": "1464015151", "direction": "0", "dep_dt": "1464015243", "route_id": "Red", "dwell_time_sec": "92"}, {"arr_dt": "1464015327", "direction": "0", "dep_dt": "1464015410", "route_id": "Red", "dwell_time_sec": "83"}, {"arr_dt": "1464015577", "direction": "0", "dep_dt": "1464015654", "route_id": "Red", "dwell_time_sec": "77"}, {"arr_dt": "1464015922", "direction": "0", "dep_dt": "1464015991", "route_id": "Red", "dwell_time_sec": "69"}, {"arr_dt": "1464016573", "direction": "0", "dep_dt": "1464016644", "route_id": "Red", "dwell_time_sec": "71"}, {"arr_dt": "1464017053", "direction": "0", "dep_dt": "1464017124", "route_id": "Red", "dwell_time_sec": "71"}, {"arr_dt": "1464017365", "direction": "0", "dep_dt": "1464017432", "route_id": "Red", "dwell_time_sec": "67"}, {"arr_dt": "1464017823", "direction": "0", "dep_dt": "1464017884", "route_id": "Red", "dwell_time_sec": "61"}, {"arr_dt": "1464018549", "direction": "0", "dep_dt": "1464018636", "route_id": "Red", "dwell_time_sec": "87"}, {"arr_dt": "1464018812", "direction": "0", "dep_dt": "1464018884", "route_id": "Red", "dwell_time_sec": "72"}, {"arr_dt": "1464018966", "direction": "0", "dep_dt": "1464019046", "route_id": "Red", "dwell_time_sec": "80"}, {"arr_dt": "1464019418", "direction": "0", "dep_dt": "1464019490", "route_id": "Red", "dwell_time_sec": "72"}, {"arr_dt": "1464019664", "direction": "0", "dep_dt": "1464019749", "route_id": "Red", "dwell_time_sec": "85"}, {"arr_dt": "1464019849", "direction": "0", "dep_dt": "1464019915", "route_id": "Red", "dwell_time_sec": "66"}, {"arr_dt": "1464020245", "direction": "0", "dep_dt": "1464020326", "route_id": "Red", "dwell_time_sec": "81"}, {"arr_dt": "1464020532", "direction": "0", "dep_dt": "1464020609", "route_id": "Red", "dwell_time_sec": "77"}, {"arr_dt": "1464020792", "direction": "0", "dep_dt": "1464020849", "route_id": "Red", "dwell_time_sec": "57"}, {"arr_dt": "1464021281", "direction": "0", "dep_dt": "1464021348", "route_id": "Red", "dwell_time_sec": "67"}, {"arr_dt": "1464021909", "direction": "0", "dep_dt": "1464021987", "route_id": "Red", "dwell_time_sec": "78"}, {"arr_dt": "1464022370", "direction": "0", "dep_dt": "1464022465", "route_id": "Red", "dwell_time_sec": "95"}, {"arr_dt": "1464022583", "direction": "0", "dep_dt": "1464022663", "route_id": "Red", "dwell_time_sec": "80"}, {"arr_dt": "1464022961", "direction": "0", "dep_dt": "1464023043", "route_id": "Red", "dwell_time_sec": "82"}, {"arr_dt": "1464023499", "direction": "0", "dep_dt": "1464023565", "route_id": "Red", "dwell_time_sec": "66"}, {"arr_dt": "1464024000", "direction": "0", "dep_dt": "1464024078", "route_id": "Red", "dwell_time_sec": "78"}, {"arr_dt": "1464024208", "direction": "0", "dep_dt": "1464024286", "route_id": "Red", "dwell_time_sec": "78"}, {"arr_dt": "1464024799", "direction": "0", "dep_dt": "1464024915", "route_id": "Red", "dwell_time_sec": "116"}, {"arr_dt": "1464025468", "direction": "0", "dep_dt": "1464025532", "route_id": "Red", "dwell_time_sec": "64"}, {"arr_dt": "1464026095", "direction": "0", "dep_dt": "1464026174", "route_id": "Red", "dwell_time_sec": "79"}, {"arr_dt": "1464026347", "direction": "0", "dep_dt": "1464026412", "route_id": "Red", "dwell_time_sec": "65"}, {"arr_dt": "1464026957", "direction": "0", "dep_dt": "1464027035", "route_id": "Red", "dwell_time_sec": "78"}, {"arr_dt": "1464027139", "direction": "0", "dep_dt": "1464027212", "route_id": "Red", "dwell_time_sec": "73"}, {"arr_dt": "1464027572", "direction": "0", "dep_dt": "1464027650", "route_id": "Red", "dwell_time_sec": "78"}, {"arr_dt": "1464027998", "direction": "0", "dep_dt": "1464028088", "route_id": "Red", "dwell_time_sec": "90"}, {"arr_dt": "1464028505", "direction": "0", "dep_dt": "1464028609", "route_id": "Red", "dwell_time_sec": "104"}, {"arr_dt": "1464028769", "direction": "0", "dep_dt": "1464028838", "route_id": "Red", "dwell_time_sec": "69"}, {"arr_dt": "1464029312", "direction": "0", "dep_dt": "1464029434", "route_id": "Red", "dwell_time_sec": "122"}, {"arr_dt": "1464029672", "direction": "0", "dep_dt": "1464029755", "route_id": "Red", "dwell_time_sec": "83"}, {"arr_dt": "1464030017", "direction": "0", "dep_dt": "1464030108", "route_id": "Red", "dwell_time_sec": "91"}, {"arr_dt": "1464030601", "direction": "0", "dep_dt": "1464030696", "route_id": "Red", "dwell_time_sec": "95"}, {"arr_dt": "1464030896", "direction": "0", "dep_dt": "1464030964", "route_id": "Red", "dwell_time_sec": "68"}, {"arr_dt": "1464031489", "direction": "0", "dep_dt": "1464031615", "route_id": "Red", "dwell_time_sec": "126"}, {"arr_dt": "1464031796", "direction": "0", "dep_dt": "1464031886", "route_id": "Red", "dwell_time_sec": "90"}, {"arr_dt": "1464032212", "direction": "0", "dep_dt": "1464032282", "route_id": "Red", "dwell_time_sec": "70"}, {"arr_dt": "1464032490", "direction": "0", "dep_dt": "1464032578", "route_id": "Red", "dwell_time_sec": "88"}, {"arr_dt": "1464032688", "direction": "0", "dep_dt": "1464032773", "route_id": "Red", "dwell_time_sec": "85"}, {"arr_dt": "1464033155", "direction": "0", "dep_dt": "1464033242", "route_id": "Red", "dwell_time_sec": "87"}, {"arr_dt": "1464033363", "direction": "0", "dep_dt": "1464033455", "route_id": "Red", "dwell_time_sec": "92"}, {"arr_dt": "1464033631", "direction": "0", "dep_dt": "1464033702", "route_id": "Red", "dwell_time_sec": "71"}, {"arr_dt": "1464033898", "direction": "0", "dep_dt": "1464033993", "route_id": "Red", "dwell_time_sec": "95"}, {"arr_dt": "1464034322", "direction": "0", "dep_dt": "1464034532", "route_id": "Red", "dwell_time_sec": "210"}, {"arr_dt": "1464034537", "direction": "0", "dep_dt": "1464034622", "route_id": "Red", "dwell_time_sec": "85"}, {"arr_dt": "1464034964", "direction": "0", "dep_dt": "1464035056", "route_id": "Red", "dwell_time_sec": "92"}, {"arr_dt": "1464035476", "direction": "0", "dep_dt": "1464035668", "route_id": "Red", "dwell_time_sec": "192"}, {"arr_dt": "1464035752", "direction": "0", "dep_dt": "1464035862", "route_id": "Red", "dwell_time_sec": "110"}, {"arr_dt": "1464036064", "direction": "0", "dep_dt": "1464036156", "route_id": "Red", "dwell_time_sec": "92"}, {"arr_dt": "1464036407", "direction": "0", "dep_dt": "1464036523", "route_id": "Red", "dwell_time_sec": "116"}, {"arr_dt": "1464036654", "direction": "0", "dep_dt": "1464036801", "route_id": "Red", "dwell_time_sec": "147"}, {"arr_dt": "1464036942", "direction": "0", "dep_dt": "1464037044", "route_id": "Red", "dwell_time_sec": "102"}, {"arr_dt": "1464037154", "direction": "0", "dep_dt": "1464037253", "route_id": "Red", "dwell_time_sec": "99"}, {"arr_dt": "1464037443", "direction": "0", "dep_dt": "1464037529", "route_id": "Red", "dwell_time_sec": "86"}, {"arr_dt": "1464037708", "direction": "0", "dep_dt": "1464037839", "route_id": "Red", "dwell_time_sec": "131"}, {"arr_dt": "1464037925", "direction": "0", "dep_dt": "1464038016", "route_id": "Red", "dwell_time_sec": "91"}, {"arr_dt": "1464038157", "direction": "0", "dep_dt": "1464038280", "route_id": "Red", "dwell_time_sec": "123"}, {"arr_dt": "1464038410", "direction": "0", "dep_dt": "1464038505", "route_id": "Red", "dwell_time_sec": "95"}, {"arr_dt": "1464038659", "direction": "0", "dep_dt": "1464038762", "route_id": "Red", "dwell_time_sec": "103"}, {"arr_dt": "1464038907", "direction": "0", "dep_dt": "1464039020", "route_id": "Red", "dwell_time_sec": "113"}, {"arr_dt": "1464039125", "direction": "0", "dep_dt": "1464039208", "route_id": "Red", "dwell_time_sec": "83"}, {"arr_dt": "1464039384", "direction": "0", "dep_dt": "1464039485", "route_id": "Red", "dwell_time_sec": "101"}, {"arr_dt": "1464039590", "direction": "0", "dep_dt": "1464039679", "route_id": "Red", "dwell_time_sec": "89"}, {"arr_dt": "1464039789", "direction": "0", "dep_dt": "1464039890", "route_id": "Red", "dwell_time_sec": "101"}, {"arr_dt": "1464039980", "direction": "0", "dep_dt": "1464040073", "route_id": "Red", "dwell_time_sec": "93"}, {"arr_dt": "1464040170", "direction": "0", "dep_dt": "1464040293", "route_id": "Red", "dwell_time_sec": "123"}, {"arr_dt": "1464040379", "direction": "0", "dep_dt": "1464040478", "route_id": "Red", "dwell_time_sec": "99"}, {"arr_dt": "1464040598", "direction": "0", "dep_dt": "1464040813", "route_id": "Red", "dwell_time_sec": "215"}, {"arr_dt": "1464040803", "direction": "0", "dep_dt": "1464040909", "route_id": "Red", "dwell_time_sec": "106"}, {"arr_dt": "1464041249", "direction": "0", "dep_dt": "1464041339", "route_id": "Red", "dwell_time_sec": "90"}, {"arr_dt": "1464041456", "direction": "0", "dep_dt": "1464041543", "route_id": "Red", "dwell_time_sec": "87"}, {"arr_dt": "1464042054", "direction": "0", "dep_dt": "1464042166", "route_id": "Red", "dwell_time_sec": "112"}, {"arr_dt": "1464042412", "direction": "0", "dep_dt": "1464042522", "route_id": "Red", "dwell_time_sec": "110"}, {"arr_dt": "1464042659", "direction": "0", "dep_dt": "1464042733", "route_id": "Red", "dwell_time_sec": "74"}, {"arr_dt": "1464043229", "direction": "0", "dep_dt": "1464043337", "route_id": "Red", "dwell_time_sec": "108"}, {"arr_dt": "1464043445", "direction": "0", "dep_dt": "1464043536", "route_id": "Red", "dwell_time_sec": "91"}, {"arr_dt": "1464043763", "direction": "0", "dep_dt": "1464043839", "route_id": "Red", "dwell_time_sec": "76"}, {"arr_dt": "1464044039", "direction": "0", "dep_dt": "1464044128", "route_id": "Red", "dwell_time_sec": "89"}, {"arr_dt": "1464044224", "direction": "0", "dep_dt": "1464044294", "route_id": "Red", "dwell_time_sec": "70"}, {"arr_dt": "1464044461", "direction": "0", "dep_dt": "1464044545", "route_id": "Red", "dwell_time_sec": "84"}, {"arr_dt": "1464044981", "direction": "0", "dep_dt": "1464045058", "route_id": "Red", "dwell_time_sec": "77"}, {"arr_dt": "1464045162", "direction": "0", "dep_dt": "1464045237", "route_id": "Red", "dwell_time_sec": "75"}, {"arr_dt": "1464045346", "direction": "0", "dep_dt": "1464045436", "route_id": "Red", "dwell_time_sec": "90"}, {"arr_dt": "1464045529", "direction": "0", "dep_dt": "1464045618", "route_id": "Red", "dwell_time_sec": "89"}, {"arr_dt": "1464045699", "direction": "0", "dep_dt": "1464045993", "route_id": "Red", "dwell_time_sec": "294"}, {"arr_dt": "1464046079", "direction": "0", "dep_dt": "1464046152", "route_id": "Red", "dwell_time_sec": "73"}, {"arr_dt": "1464046337", "direction": "0", "dep_dt": "1464046430", "route_id": "Red", "dwell_time_sec": "93"}, {"arr_dt": "1464046531", "direction": "0", "dep_dt": "1464046623", "route_id": "Red", "dwell_time_sec": "92"}, {"arr_dt": "1464046743", "direction": "0", "dep_dt": "1464046804", "route_id": "Red", "dwell_time_sec": "61"}, {"arr_dt": "1464046921", "direction": "0", "dep_dt": "1464046982", "route_id": "Red", "dwell_time_sec": "61"}, {"arr_dt": "1464047195", "direction": "0", "dep_dt": "1464047264", "route_id": "Red", "dwell_time_sec": "69"}, {"arr_dt": "1464047372", "direction": "0", "dep_dt": "1464047452", "route_id": "Red", "dwell_time_sec": "80"}, {"arr_dt": "1464047854", "direction": "0", "dep_dt": "1464047928", "route_id": "Red", "dwell_time_sec": "74"}, {"arr_dt": "1464048293", "direction": "0", "dep_dt": "1464048387", "route_id": "Red", "dwell_time_sec": "94"}, {"arr_dt": "1464048533", "direction": "0", "dep_dt": "1464048606", "route_id": "Red", "dwell_time_sec": "73"}, {"arr_dt": "1464048764", "direction": "0", "dep_dt": "1464048833", "route_id": "Red", "dwell_time_sec": "69"}, {"arr_dt": "1464048938", "direction": "0", "dep_dt": "1464049008", "route_id": "Red", "dwell_time_sec": "70"}, {"arr_dt": "1464049273", "direction": "0", "dep_dt": "1464049339", "route_id": "Red", "dwell_time_sec": "66"}, {"arr_dt": "1464049663", "direction": "0", "dep_dt": "1464049726", "route_id": "Red", "dwell_time_sec": "63"}, {"arr_dt": "1464049910", "direction": "0", "dep_dt": "1464049970", "route_id": "Red", "dwell_time_sec": "60"}, {"arr_dt": "1464050105", "direction": "0", "dep_dt": "1464050193", "route_id": "Red", "dwell_time_sec": "88"}, {"arr_dt": "1464051010", "direction": "0", "dep_dt": "1464051094", "route_id": "Red", "dwell_time_sec": "84"}, {"arr_dt": "1464051174", "direction": "0", "dep_dt": "1464051260", "route_id": "Red", "dwell_time_sec": "86"}, {"arr_dt": "1464051362", "direction": "0", "dep_dt": "1464051418", "route_id": "Red", "dwell_time_sec": "56"}, {"arr_dt": "1464051511", "direction": "0", "dep_dt": "1464051584", "route_id": "Red", "dwell_time_sec": "73"}, {"arr_dt": "1464051782", "direction": "0", "dep_dt": "1464051850", "route_id": "Red", "dwell_time_sec": "68"}, {"arr_dt": "1464052198", "direction": "0", "dep_dt": "1464052268", "route_id": "Red", "dwell_time_sec": "70"}, {"arr_dt": "1464052561", "direction": "0", "dep_dt": "1464052678", "route_id": "Red", "dwell_time_sec": "117"}, {"arr_dt": "1464052851", "direction": "0", "dep_dt": "1464052925", "route_id": "Red", "dwell_time_sec": "74"}, {"arr_dt": "1464053309", "direction": "0", "dep_dt": "1464053377", "route_id": "Red", "dwell_time_sec": "68"}, {"arr_dt": "1464053956", "direction": "0", "dep_dt": "1464054033", "route_id": "Red", "dwell_time_sec": "77"}, {"arr_dt": "1464054219", "direction": "0", "dep_dt": "1464054300", "route_id": "Red", "dwell_time_sec": "81"}, {"arr_dt": "1464054407", "direction": "0", "dep_dt": "1464054508", "route_id": "Red", "dwell_time_sec": "101"}, {"arr_dt": "1464054861", "direction": "0", "dep_dt": "1464054932", "route_id": "Red", "dwell_time_sec": "71"}, {"arr_dt": "1464055187", "direction": "0", "dep_dt": "1464055250", "route_id": "Red", "dwell_time_sec": "63"}, {"arr_dt": "1464055363", "direction": "0", "dep_dt": "1464055462", "route_id": "Red", "dwell_time_sec": "99"}, {"arr_dt": "1464055784", "direction": "0", "dep_dt": "1464055856", "route_id": "Red", "dwell_time_sec": "72"}, {"arr_dt": "1464056109", "direction": "0", "dep_dt": "1464056167", "route_id": "Red", "dwell_time_sec": "58"}, {"arr_dt": "1464056601", "direction": "0", "dep_dt": "1464056668", "route_id": "Red", "dwell_time_sec": "67"}, {"arr_dt": "1464057020", "direction": "0", "dep_dt": "1464057087", "route_id": "Red", "dwell_time_sec": "67"}, {"arr_dt": "1464057233", "direction": "0", "dep_dt": "1464057298", "route_id": "Red", "dwell_time_sec": "65"}, {"arr_dt": "1464057684", "direction": "0", "dep_dt": "1464057749", "route_id": "Red", "dwell_time_sec": "65"}, {"arr_dt": "1464057928", "direction": "0", "dep_dt": "1464058004", "route_id": "Red", "dwell_time_sec": "76"}, {"arr_dt": "1464058539", "direction": "0", "dep_dt": "1464058608", "route_id": "Red", "dwell_time_sec": "69"}, {"arr_dt": "1464058746", "direction": "0", "dep_dt": "1464058821", "route_id": "Red", "dwell_time_sec": "75"}, {"arr_dt": "1464058921", "direction": "0", "dep_dt": "1464058977", "route_id": "Red", "dwell_time_sec": "56"}, {"arr_dt": "1464059475", "direction": "0", "dep_dt": "1464059545", "route_id": "Red", "dwell_time_sec": "70"}, {"arr_dt": "1464059826", "direction": "0", "dep_dt": "1464059915", "route_id": "Red", "dwell_time_sec": "89"}, {"arr_dt": "1464060129", "direction": "0", "dep_dt": "1464060190", "route_id": "Red", "dwell_time_sec": "61"}, {"arr_dt": "1464060483", "direction": "0", "dep_dt": "1464060549", "route_id": "Red", "dwell_time_sec": "66"}, {"arr_dt": "1464060945", "direction": "0", "dep_dt": "1464061013", "route_id": "Red", "dwell_time_sec": "68"}, {"arr_dt": "1464061204", "direction": "0", "dep_dt": "1464061271", "route_id": "Red", "dwell_time_sec": "67"}, {"arr_dt": "1464061598", "direction": "0", "dep_dt": "1464061657", "route_id": "Red", "dwell_time_sec": "59"}, {"arr_dt": "1464061817", "direction": "0", "dep_dt": "1464061882", "route_id": "Red", "dwell_time_sec": "65"}]}