{"dwell_times": [{"arr_dt": "1468900761", "direction": "0", "dep_dt": "1468900832", "route_id": "Red", "dwell_time_sec": "71"}, {"arr_dt": "1468901130", "direction": "0", "dep_dt": "1468901189", "route_id": "Red", "dwell_time_sec": "59"}, {"arr_dt": "1468901561", "direction": "0", "dep_dt": "1468901633", "route_id": "Red", "dwell_time_sec": "72"}, {"arr_dt": "1468901924", "direction": "0", "dep_dt": "1468901995", "route_id": "Red", "dwell_time_sec": "71"}, {"arr_dt": "1468902269", "direction": "0", "dep_dt": "1468902322", "route_id": "Red", "dwell_time_sec": "53"}, {"arr_dt": "1468902783", "direction": "0", "dep_dt": "1468902855", "route_id": "Red", "dwell_time_sec": "72"}, {"arr_dt": "1468903066", "direction": "0", "dep_dt": "1468903124", "route_id": "Red", "dwell_time_sec": "58"}, {"arr_dt": "1468904157", "direction": "0", "dep_dt": "1468905640", "route_id": "Red", "dwell_time_sec": "1483"}, {"arr_dt": "1468920854", "direction": "0", "dep_dt": "1468920936", "route_id": "Red", "dwell_time_sec": "82"}, {"arr_dt": "1468921303", "direction": "0", "dep_dt": "1468921361", "route_id": "Red", "dwell_time_sec": "58"}, {"arr_dt": "1468921764", "direction": "0", "dep_dt": "1468921835", "route_id": "Red", "dwell_time_sec": "71"}, {"arr_dt": "1468922038", "direction": "0", "dep_dt": "1468922091", "route_id": "Red", "dwell_time_sec": "53"}, {"arr_dt": "1468922982", "direction": "0", "dep_dt": "1468923054", "route_id": "Red", "dwell_time_sec": "72"}, {"arr_dt": "1468923164", "direction": "0", "dep_dt": "1468923232", "route_id": "Red", "dwell_time_sec": "68"}, {"arr_dt": "1468923675", "direction": "0", "dep_dt": "1468923733", "route_id": "Red", "dwell_time_sec": "58"}, {"arr_dt": "1468924202", "direction": "0", "dep_dt": "1468924276", "route_id": "Red", "dwell_time_sec": "74"}, {"arr_dt": "1468924458", "direction": "0", "dep_dt": "1468924513", "route_id": "Red", "dwell_time_sec": "55"}, {"arr_dt": "1468924620", "direction": "0", "dep_dt": "1468924678", "route_id": "Red", "dwell_time_sec": "58"}, {"arr_dt": "1468925160", "direction": "0", "dep_dt": "1468925248", "route_id": "Red", "dwell_time_sec": "88"}, {"arr_dt": "1468925367", "direction": "0", "dep_dt": "1468925431", "route_id": "Red", "dwell_time_sec": "64"}, {"arr_dt": "1468925669", "direction": "0", "dep_dt": "1468925755", "route_id": "Red", "dwell_time_sec": "86"}, {"arr_dt": "1468926094", "direction": "0", "dep_dt": "1468926152", "route_id": "Red", "dwell_time_sec": "58"}, {"arr_dt": "1468926600", "direction": "0", "dep_dt": "1468926682", "route_id": "Red", "dwell_time_sec": "82"}, {"arr_dt": "1468927136", "direction": "0", "dep_dt": "1468927234", "route_id": "Red", "dwell_time_sec": "98"}, {"arr_dt": "1468927361", "direction": "0", "dep_dt": "1468927477", "route_id": "Red", "dwell_time_sec": "116"}, {"arr_dt": "1468927546", "direction": "0", "dep_dt": "1468927658", "route_id": "Red", "dwell_time_sec": "112"}, {"arr_dt": "1468927762", "direction": "0", "dep_dt": "1468927850", "route_id": "Red", "dwell_time_sec": "88"}, {"arr_dt": "1468927948", "direction": "0", "dep_dt": "1468928032", "route_id": "Red", "dwell_time_sec": "84"}, {"arr_dt": "1468928257", "direction": "0", "dep_dt": "1468928354", "route_id": "Red", "dwell_time_sec": "97"}, {"arr_dt": "1468928580", "direction": "0", "dep_dt": "1468928665", "route_id": "Red", "dwell_time_sec": "85"}, {"arr_dt": "1468928839", "direction": "0", "dep_dt": "1468928932", "route_id": "Red", "dwell_time_sec": "93"}, {"arr_dt": "1468929032", "direction": "0", "dep_dt": "1468929110", "route_id": "Red", "dwell_time_sec": "78"}, {"arr_dt": "1468929210", "direction": "0", "dep_dt": "1468929284", "route_id": "Red", "dwell_time_sec": "74"}, {"arr_dt": "1468929533", "direction": "0", "dep_dt": "1468929616", "route_id": "Red", "dwell_time_sec": "83"}, {"arr_dt": "1468929712", "direction": "0", "dep_dt": "1468929790", "route_id": "Red", "dwell_time_sec": "78"}, {"arr_dt": "1468930054", "direction": "0", "dep_dt": "1468930158", "route_id": "Red", "dwell_time_sec": "104"}, {"arr_dt": "1468930268", "direction": "0", "dep_dt": "1468930364", "route_id": "Red", "dwell_time_sec": "96"}, {"arr_dt": "1468930468", "direction": "0", "dep_dt": "1468930553", "route_id": "Red", "dwell_time_sec": "85"}, {"arr_dt": "1468930654", "direction": "0", "dep_dt": "1468930743", "route_id": "Red", "dwell_time_sec": "89"}, {"arr_dt": "1468930849", "direction": "0", "dep_dt": "1468930936", "route_id": "Red", "dwell_time_sec": "87"}, {"arr_dt": "1468931064", "direction": "0", "dep_dt": "1468931148", "route_id": "Red", "dwell_time_sec": "84"}, {"arr_dt": "1468931291", "direction": "0", "dep_dt": "1468931384", "route_id": "Red", "dwell_time_sec": "93"}, {"arr_dt": "1468931507", "direction": "0", "dep_dt": "1468931628", "route_id": "Red", "dwell_time_sec": "121"}, {"arr_dt": "1468931800", "direction": "0", "dep_dt": "1468931910", "route_id": "Red", "dwell_time_sec": "110"}, {"arr_dt": "1468932053", "direction": "0", "dep_dt": "1468932153", "route_id": "Red", "dwell_time_sec": "100"}, {"arr_dt": "1468932574", "direction": "0", "dep_dt": "1468932723", "route_id": "Red", "dwell_time_sec": "149"}, {"arr_dt": "1468932964", "direction": "0", "dep_dt": "1468933116", "route_id": "Red", "dwell_time_sec": "152"}, {"arr_dt": "1468933197", "direction": "0", "dep_dt": "1468933294", "route_id": "Red", "dwell_time_sec": "97"}, {"arr_dt": "1468933435", "direction": "0", "dep_dt": "1468933526", "route_id": "Red", "dwell_time_sec": "91"}, {"arr_dt": "1468933643", "direction": "0", "dep_dt": "1468933732", "route_id": "Red", "dwell_time_sec": "89"}, {"arr_dt": "1468933826", "direction": "0", "dep_dt": "1468933904", "route_id": "Red", "dwell_time_sec": "78"}, {"arr_dt": "1468934036", "direction": "0", "dep_dt": "1468934112", "route_id": "Red", "dwell_time_sec": "76"}, {"arr_dt": "1468934251", "direction": "0", "dep_dt": "1468934332", "route_id": "Red", "dwell_time_sec": "81"}, {"arr_dt": "1468934511", "direction": "0", "dep_dt": "1468934618", "route_id": "Red", "dwell_time_sec": "107"}, {"arr_dt": "1468935017", "direction": "0", "dep_dt": "1468935127", "route_id": "Red", "dwell_time_sec": "110"}, {"arr_dt": "1468935221", "direction": "0", "dep_dt": "1468935314", "route_id": "Red", "dwell_time_sec": "93"}, {"arr_dt": "1468935422", "direction": "0", "dep_dt": "1468935509", "route_id": "Red", "dwell_time_sec": "87"}, {"arr_dt": "1468935648", "direction": "0", "dep_dt": "1468935778", "route_id": "Red", "dwell_time_sec": "130"}, {"arr_dt": "1468935961", "direction": "0", "dep_dt": "1468936047", "route_id": "Red", "dwell_time_sec": "86"}, {"arr_dt": "1468936169", "direction": "0", "dep_dt": "1468936262", "route_id": "Red", "dwell_time_sec": "93"}, {"arr_dt": "1468936373", "direction": "0", "dep_dt": "1468936456", "route_id": "Red", "dwell_time_sec": "83"}, {"arr_dt": "1468936559", "direction": "0", "dep_dt": "1468936657", "route_id": "Red", "dwell_time_sec": "98"}, {"arr_dt": "1468936921", "direction": "0", "dep_dt": "1468936988", "route_id": "Red", "dwell_time_sec": "67"}, {"arr_dt": "1468937090", "direction": "0", "dep_dt": "1468937179", "route_id": "Red", "dwell_time_sec": "89"}, {"arr_dt": "1468937264", "direction": "0", "dep_dt": "1468937335", "route_id": "Red", "dwell_time_sec": "71"}, {"arr_dt": "1468937442", "direction": "0", "dep_dt": "1468937580", "route_id": "Red", "dwell_time_sec": "138"}, {"arr_dt": "1468937670", "direction": "0", "dep_dt": "1468937749", "route_id": "Red", "dwell_time_sec": "79"}, {"arr_dt": "1468937842", "direction": "0", "dep_dt": "1468937933", "route_id": "Red", "dwell_time_sec": "91"}, {"arr_dt": "1468938035", "direction": "0", "dep_dt": "1468938112", "route_id": "Red", "dwell_time_sec": "77"}, {"arr_dt": "1468938234", "direction": "0", "dep_dt": "1468938288", "route_id": "Red", "dwell_time_sec": "54"}, {"arr_dt": "1468938724", "direction": "0", "dep_dt": "1468938809", "route_id": "Red", "dwell_time_sec": "85"}, {"arr_dt": "1468939017", "direction": "0", "dep_dt": "1468939108", "route_id": "Red", "dwell_time_sec": "91"}, {"arr_dt": "1468939305", "direction": "0", "dep_dt": "1468939377", "route_id": "Red", "dwell_time_sec": "72"}, {"arr_dt": "1468939475", "direction": "0", "dep_dt": "1468939555", "route_id": "Red", "dwell_time_sec": "80"}, {"arr_dt": "1468939670", "direction": "0", "dep_dt": "1468939744", "route_id": "Red", "dwell_time_sec": "74"}, {"arr_dt": "1468939849", "direction": "0", "dep_dt": "1468939931", "route_id": "Red", "dwell_time_sec": "82"}, {"arr_dt": "1468940194", "direction": "0", "dep_dt": "1468940264", "route_id": "Red", "dwell_time_sec": "70"}, {"arr_dt": "1468940591", "direction": "0", "dep_dt": "1468940659", "route_id": "Red", "dwell_time_sec": "68"}, {"arr_dt": "1468940923", "direction": "0", "dep_dt": "1468940992", "route_id": "Red", "dwell_time_sec": "69"}, {"arr_dt": "1468941289", "direction": "0", "dep_dt": "1468941361", "route_id": "Red", "dwell_time_sec": "72"}, {"arr_dt": "1468941542", "direction": "0", "dep_dt": "1468941597", "route_id": "Red", "dwell_time_sec": "55"}, {"arr_dt": "1468942144", "direction": "0", "dep_dt": "1468942331", "route_id": "Red", "dwell_time_sec": "187"}, {"arr_dt": "1468942440", "direction": "0", "dep_dt": "1468942556", "route_id": "Red", "dwell_time_sec": "116"}, {"arr_dt": "1468942772", "direction": "0", "dep_dt": "1468942849", "route_id": "Red", "dwell_time_sec": "77"}, {"arr_dt": "1468942954", "direction": "0", "dep_dt": "1468943023", "route_id": "Red", "dwell_time_sec": "69"}, {"arr_dt": "1468943404", "direction": "0", "dep_dt": "1468943493", "route_id": "Red", "dwell_time_sec": "89"}, {"arr_dt": "1468943770", "direction": "0", "dep_dt": "1468943854", "route_id": "Red", "dwell_time_sec": "84"}, {"arr_dt": "1468943960", "direction": "0", "dep_dt": "1468944034", "route_id": "Red", "dwell_time_sec": "74"}, {"arr_dt": "1468944280", "direction": "0", "dep_dt": "1468944403", "route_id": "Red", "dwell_time_sec": "123"}, {"arr_dt": "1468944655", "direction": "0", "dep_dt": "1468944738", "route_id": "Red", "dwell_time_sec": "83"}, {"arr_dt": "1468944981", "direction": "0", "dep_dt": "1468945048", "route_id": "Red", "dwell_time_sec": "67"}, {"arr_dt": "1468945618", "direction": "0", "dep_dt": "1468945729", "route_id": "Red", "dwell_time_sec": "111"}, {"arr_dt": "1468945874", "direction": "0", "dep_dt": "1468945950", "route_id": "Red", "dwell_time_sec": "76"}, {"arr_dt": "1468946262", "direction": "0", "dep_dt": "1468946356", "route_id": "Red", "dwell_time_sec": "94"}, {"arr_dt": "1468946894", "direction": "0", "dep_dt": "1468946969", "route_id": "Red", "dwell_time_sec": "75"}, {"arr_dt": "1468947483", "direction": "0", "dep_dt": "1468947564", "route_id": "Red", "dwell_time_sec": "81"}, {"arr_dt": "1468947725", "direction": "0", "dep_dt": "1468947792", "route_id": "Red", "dwell_time_sec": "67"}, {"arr_dt": "1468948010", "direction": "0", "dep_dt": "1468948081", "route_id": "Red", "dwell_time_sec": "71"}, {"arr_dt": "1468948733", "direction": "0", "dep_dt": "1468948828", "route_id": "Red", "dwell_time_sec": "95"}, {"arr_dt": "1468949290", "direction": "0", "dep_dt": "1468949388", "route_id": "Red", "dwell_time_sec": "98"}, {"arr_dt": "1468949481", "direction": "0", "dep_dt": "1468949555", "route_id": "Red", "dwell_time_sec": "74"}, {"arr_dt": "1468949679", "direction": "0", "dep_dt": "1468949755", "route_id": "Red", "dwell_time_sec": "76"}, {"arr_dt": "1468950141", "direction": "0", "dep_dt": "1468950214", "route_id": "Red", "dwell_time_sec": "73"}, {"arr_dt": "1468950514", "direction": "0", "dep_dt": "1468950593", "route_id": "Red", "dwell_time_sec": "79"}, {"arr_dt": "1468951043", "direction": "0", "dep_dt": "1468951129", "route_id": "Red", "dwell_time_sec": "86"}, {"arr_dt": "1468951489", "direction": "0", "dep_dt": "1468951559", "route_id": "Red", "dwell_time_sec": "70"}, {"arr_dt": "1468951658", "direction": "0", "dep_dt": "1468951780", "route_id": "Red", "dwell_time_sec": "122"}, {"arr_dt": "1468952079", "direction": "0", "dep_dt": "1468952153", "route_id": "Red", "dwell_time_sec": "74"}, {"arr_dt": "1468952417", "direction": "0", "dep_dt": "1468952495", "route_id": "Red", "dwell_time_sec": "78"}, {"arr_dt": "1468953157", "direction": "0", "dep_dt": "1468953260", "route_id": "Red", "dwell_time_sec": "103"}, {"arr_dt": "1468953357", "direction": "0", "dep_dt": "1468953438", "route_id": "Red", "dwell_time_sec": "81"}, {"arr_dt": "1468953698", "direction": "0", "dep_dt": "1468953803", "route_id": "Red", "dwell_time_sec": "105"}, {"arr_dt": "1468954406", "direction": "0", "dep_dt": "1468954507", "route_id": "Red", "dwell_time_sec": "101"}, {"arr_dt": "1468954896", "direction": "0", "dep_dt": "1468954993", "route_id": "Red", "dwell_time_sec": "97"}, {"arr_dt": "1468955252", "direction": "0", "dep_dt": "1468955327", "route_id": "Red", "dwell_time_sec": "75"}, {"arr_dt": "1468955496", "direction": "0", "dep_dt": "1468955599", "route_id": "Red", "dwell_time_sec": "103"}, {"arr_dt": "1468955821", "direction": "0", "dep_dt": "1468955895", "route_id": "Red", "dwell_time_sec": "74"}, {"arr_dt": "1468956179", "direction": "0", "dep_dt": "1468956261", "route_id": "Red", "dwell_time_sec": "82"}, {"arr_dt": "1468956636", "direction": "0", "dep_dt": "1468956725", "route_id": "Red", "dwell_time_sec": "89"}, {"arr_dt": "1468956834", "direction": "0", "dep_dt": "1468956935", "route_id": "Red", "dwell_time_sec": "101"}, {"arr_dt": "1468957211", "direction": "0", "dep_dt": "1468957299", "route_id": "Red", "dwell_time_sec": "88"}, {"arr_dt": "1468957477", "direction": "0", "dep_dt": "1468957658", "route_id": "Red", "dwell_time_sec": "181"}, {"arr_dt": "1468958021", "direction": "0", "dep_dt": "1468958143", "route_id": "Red", "dwell_time_sec": "122"}, {"arr_dt": "1468958231", "direction": "0", "dep_dt": "1468958318", "route_id": "Red", "dwell_time_sec": "87"}, {"arr_dt": "1468958549", "direction": "0", "dep_dt": "1468958633", "route_id": "Red", "dwell_time_sec": "84"}, {"arr_dt": "1468959162", "direction": "0", "dep_dt": "1468959301", "route_id": "Red", "dwell_time_sec": "139"}, {"arr_dt": "1468959481", "direction": "0", "dep_dt": "1468959588", "route_id": "Red", "dwell_time_sec": "107"}, {"arr_dt": "1468959719", "direction": "0", "dep_dt": "1468959811", "route_id": "Red", "dwell_time_sec": "92"}, {"arr_dt": "1468959929", "direction": "0", "dep_dt": "1468960011", "route_id": "Red", "dwell_time_sec": "82"}, {"arr_dt": "1468960192", "direction": "0", "dep_dt": "1468960277", "route_id": "Red", "dwell_time_sec": "85"}, {"arr_dt": "1468960695", "direction": "0", "dep_dt": "1468960781", "route_id": "Red", "dwell_time_sec": "86"}, {"arr_dt": "1468961136", "direction": "0", "dep_dt": "1468961250", "route_id": "Red", "dwell_time_sec": "114"}, {"arr_dt": "1468961353", "direction": "0", "dep_dt": "1468961473", "route_id": "Red", "dwell_time_sec": "120"}, {"arr_dt": "1468961625", "direction": "0", "dep_dt": "1468961729", "route_id": "Red", "dwell_time_sec": "104"}, {"arr_dt": "1468961860", "direction": "0", "dep_dt": "1468961941", "route_id": "Red", "dwell_time_sec": "81"}, {"arr_dt": "1468962059", "direction": "0", "dep_dt": "1468962147", "route_id": "Red", "dwell_time_sec": "88"}, {"arr_dt": "1468962229", "direction": "0", "dep_dt": "1468962329", "route_id": "Red", "dwell_time_sec": "100"}, {"arr_dt": "1468962426", "direction": "0", "dep_dt": "1468962547", "route_id": "Red", "dwell_time_sec": "121"}, {"arr_dt": "1468962688", "direction": "0", "dep_dt": "1468962812", "route_id": "Red", "dwell_time_sec": "124"}, {"arr_dt": "1468962904", "direction": "0", "dep_dt": "1468963002", "route_id": "Red", "dwell_time_sec": "98"}, {"arr_dt": "1468963275", "direction": "0", "dep_dt": "1468963398", "route_id": "Red", "dwell_time_sec": "123"}, {"arr_dt": "1468963524", "direction": "0", "dep_dt": "1468963644", "route_id": "Red", "dwell_time_sec": "120"}, {"arr_dt": "1468963766", "direction": "0", "dep_dt": "1468963880", "route_id": "Red", "dwell_time_sec": "114"}, {"arr_dt": "1468964026", "direction": "0", "dep_dt": "1468964151", "route_id": "Red", "dwell_time_sec": "125"}, {"arr_dt": "1468964373", "direction": "0", "dep_dt": "1468964479", "route_id": "Red", "dwell_time_sec": "106"}, {"arr_dt": "1468964635", "direction": "0", "dep_dt": "1468964758", "route_id": "Red", "dwell_time_sec": "123"}, {"arr_dt": "1468964857", "direction": "0", "dep_dt": "1468964970", "route_id": "Red", "dwell_time_sec": "113"}, {"arr_dt": "1468965073", "direction": "0", "dep_dt": "1468965168", "route_id": "Red", "dwell_time_sec": "95"}, {"arr_dt": "1468965271", "direction": "0", "dep_dt": "1468965393", "route_id": "Red", "dwell_time_sec": "122"}, {"arr_dt": "1468965490", "direction": "0", "dep_dt": "1468965615", "route_id": "Red", "dwell_time_sec": "125"}, {"arr_dt": "1468965730", "direction": "0", "dep_dt": "1468965812", "route_id": "Red", "dwell_time_sec": "82"}, {"arr_dt": "1468965918", "direction": "0", "dep_dt": "1468966039", "route_id": "Red", "dwell_time_sec": "121"}, {"arr_dt": "1468966128", "direction": "0", "dep_dt": "1468966218", "route_id": "Red", "dwell_time_sec": "90"}, {"arr_dt": "1468966405", "direction": "0", "dep_dt": "1468966523", "route_id": "Red", "dwell_time_sec": "118"}, {"arr_dt": "1468966628", "direction": "0", "dep_dt": "1468966723", "route_id": "Red", "dwell_time_sec": "95"}, {"arr_dt": "1468966970", "direction": "0", "dep_dt": "1468967111", "route_id": "Red", "dwell_time_sec": "141"}, {"arr_dt": "1468967202", "direction": "0", "dep_dt": "1468967303", "route_id": "Red", "dwell_time_sec": "101"}, {"arr_dt": "1468967422", "direction": "0", "dep_dt": "1468967510", "route_id": "Red", "dwell_time_sec": "88"}, {"arr_dt": "1468967608", "direction": "0", "dep_dt": "1468967711", "route_id": "Red", "dwell_time_sec": "103"}, {"arr_dt": "1468967844", "direction": "0", "dep_dt": "1468967947", "route_id": "Red", "dwell_time_sec": "103"}, {"arr_dt": "1468968045", "direction": "0", "dep_dt": "1468968156", "route_id": "Red", "dwell_time_sec": "111"}, {"arr_dt": "1468968383", "direction": "0", "dep_dt": "1468968471", "route_id": "Red", "dwell_time_sec": "88"}, {"arr_dt": "1468968563", "direction": "0", "dep_dt": "1468968650", "route_id": "Red", "dwell_time_sec": "87"}, {"arr_dt": "1468968773", "direction": "0", "dep_dt": "1468968847", "route_id": "Red", "dwell_time_sec": "74"}, {"arr_dt": "1468968996", "direction": "0", "dep_dt": "1468969065", "route_id": "Red", "dwell_time_sec": "69"}, {"arr_dt": "1468969188", "direction": "0", "dep_dt": "1468969259", "route_id": "Red", "dwell_time_sec": "71"}, {"arr_dt": "1468969678", "direction": "0", "dep_dt": "1468969776", "route_id": "Red", "dwell_time_sec": "98"}, {"arr_dt": "1468969891", "direction": "0", "dep_dt": "1468969999", "route_id": "Red", "dwell_time_sec": "108"}, {"arr_dt": "1468970088", "direction": "0", "dep_dt": "1468970198", "route_id": "Red", "dwell_time_sec": "110"}, {"arr_dt": "1468970299", "direction": "0", "dep_dt": "1468970386", "route_id": "Red", "dwell_time_sec": "87"}, {"arr_dt": "1468970482", "direction": "0", "dep_dt": "1468970556", "route_id": "Red", "dwell_time_sec": "74"}, {"arr_dt": "1468970731", "direction": "0", "dep_dt": "1468970807", "route_id": "Red", "dwell_time_sec": "76"}, {"arr_dt": "1468970916", "direction": "0", "dep_dt": "1468971014", "route_id": "Red", "dwell_time_sec": "98"}, {"arr_dt": "1468971463", "direction": "0", "dep_dt": "1468971537", "route_id": "Red", "dwell_time_sec": "74"}, {"arr_dt": "1468971638", "direction": "0", "dep_dt": "1468971714", "route_id": "Red", "dwell_time_sec": "76"}, {"arr_dt": "1468971810", "direction": "0", "dep_dt": "1468971896", "route_id": "Red", "dwell_time_sec": "86"}, {"arr_dt": "1468972015", "direction": "0", "dep_dt": "1468972093", "route_id": "Red", "dwell_time_sec": "78"}, {"arr_dt": "1468972336", "direction": "0", "dep_dt": "1468972410", "route_id": "Red", "dwell_time_sec": "74"}, {"arr_dt": "1468973099", "direction": "0", "dep_dt": "1468973178", "route_id": "Red", "dwell_time_sec": "79"}, {"arr_dt": "1468973657", "direction": "0", "dep_dt": "1468973872", "route_id": "Red", "dwell_time_sec": "215"}, {"arr_dt": "1468973978", "direction": "0", "dep_dt": "1468974060", "route_id": "Red", "dwell_time_sec": "82"}, {"arr_dt": "1468974161", "direction": "0", "dep_dt": "1468974236", "route_id": "Red", "dwell_time_sec": "75"}, {"arr_dt": "1468974338", "direction": "0", "dep_dt": "1468974422", "route_id": "Red", "dwell_time_sec": "84"}, {"arr_dt": "1468974616", "direction": "0", "dep_dt": "1468974708", "route_id": "Red", "dwell_time_sec": "92"}, {"arr_dt": "1468974813", "direction": "0", "dep_dt": "1468974882", "route_id": "Red", "dwell_time_sec": "69"}, {"arr_dt": "1468975026", "direction": "0", "dep_dt": "1468975097", "route_id": "Red", "dwell_time_sec": "71"}, {"arr_dt": "1468975404", "direction": "0", "dep_dt": "1468975470", "route_id": "Red", "dwell_time_sec": "66"}, {"arr_dt": "1468975807", "direction": "0", "dep_dt": "1468975875", "route_id": "Red", "dwell_time_sec": "68"}, {"arr_dt": "1468976252", "direction": "0", "dep_dt": "1468976329", "route_id": "Red", "dwell_time_sec": "77"}, {"arr_dt": "1468976576", "direction": "0", "dep_dt": "1468976657", "route_id": "Red", "dwell_time_sec": "81"}, {"arr_dt": "1468976960", "direction": "0", "dep_dt": "1468977054", "route_id": "Red", "dwell_time_sec": "94"}, {"arr_dt": "1468977392", "direction": "0", "dep_dt": "1468977463", "route_id": "Red", "dwell_time_sec": "71"}, {"arr_dt": "1468977826", "direction": "0", "dep_dt": "1468977900", "route_id": "Red", "dwell_time_sec": "74"}, {"arr_dt": "1468978584", "direction": "0", "dep_dt": "1468978676", "route_id": "Red", "dwell_time_sec": "92"}, {"arr_dt": "1468978817", "direction": "0", "dep_dt": "1468978899", "route_id": "Red", "dwell_time_sec": "82"}, {"arr_dt": "1468979034", "direction": "0", "dep_dt": "1468979114", "route_id": "Red", "dwell_time_sec": "80"}, {"arr_dt": "1468979313", "direction": "0", "dep_dt": "1468979383", "route_id": "Red", "dwell_time_sec": "70"}, {"arr_dt": "1468979648", "direction": "0", "dep_dt": "1468979715", "route_id": "Red", "dwell_time_sec": "67"}, {"arr_dt": "1468979915", "direction": "0", "dep_dt": "1468979987", "route_id": "Red", "dwell_time_sec": "72"}, {"arr_dt": "1468980091", "direction": "0", "dep_dt": "1468980161", "route_id": "Red", "dwell_time_sec": "70"}, {"arr_dt": "1468980515", "direction": "0", "dep_dt": "1468980627", "route_id": "Red", "dwell_time_sec": "112"}, {"arr_dt": "1468980891", "direction": "0", "dep_dt": "1468980964", "route_id": "Red", "dwell_time_sec": "73"}, {"arr_dt": "1468981266", "direction": "0", "dep_dt": "1468981359", "route_id": "Red", "dwell_time_sec": "93"}, {"arr_dt": "1468981518", "direction": "0", "dep_dt": "1468981623", "route_id": "Red", "dwell_time_sec": "105"}, {"arr_dt": "1468981879", "direction": "0", "dep_dt": "1468981948", "route_id": "Red", "dwell_time_sec": "69"}, {"arr_dt": "1468982121", "direction": "0", "dep_dt": "1468982229", "route_id": "Red", "dwell_time_sec": "108"}, {"arr_dt": "1468982577", "direction": "0", "dep_dt": "1468982664", "route_id": "Red", "dwell_time_sec": "87"}, {"arr_dt": "1468983060", "direction": "0", "dep_dt": "1468983132", "route_id": "Red", "dwell_time_sec": "72"}, {"arr_dt": "1468983363", "direction": "0", "dep_dt": "1468983465", "route_id": "Red", "dwell_time_sec": "102"}, {"arr_dt": "1468983893", "direction": "0", "dep_dt": "1468983966", "route_id": "Red", "dwell_time_sec": "73"}, {"arr_dt": "1468984237", "direction": "0", "dep_dt": "1468984316", "route_id": "Red", "dwell_time_sec": "79"}, {"arr_dt": "1468984416", "direction": "0", "dep_dt": "1468984492", "route_id": "Red", "dwell_time_sec": "76"}, {"arr_dt": "1468984845", "direction": "0", "dep_dt": "1468984945", "route_id": "Red", "dwell_time_sec": "100"}, {"arr_dt": "1468985156", "direction": "0", "dep_dt": "1468985214", "route_id": "Red", "dwell_time_sec": "58"}, {"arr_dt": "1468985330", "direction": "0", "dep_dt": "1468985391", "route_id": "Red", "dwell_time_sec": "61"}, {"arr_dt": "1468985797", "direction": "0", "dep_dt": "1468985872", "route_id": "Red", "dwell_time_sec": "75"}, {"arr_dt": "1468986124", "direction": "0", "dep_dt": "1468986215", "route_id": "Red", "dwell_time_sec": "91"}, {"arr_dt": "1468986538", "direction": "0", "dep_dt": "1468986619", "route_id": "Red", "dwell_time_sec": "81"}, {"arr_dt": "1468986735", "direction": "0", "dep_dt": "1468986790", "route_id": "Red", "dwell_time_sec": "55"}]}