{"dwell_times": [{"arr_dt": "1478146180", "direction": "0", "dep_dt": "1478146261", "route_id": "Red", "dwell_time_sec": "81"}, {"arr_dt": "1478147160", "direction": "0", "dep_dt": "1478147578", "route_id": "Red", "dwell_time_sec": "418"}, {"arr_dt": "1478148854", "direction": "0", "dep_dt": "1478149735", "route_id": "Red", "dwell_time_sec": "881"}, {"arr_dt": "1478165797", "direction": "0", "dep_dt": "1478165860", "route_id": "Red", "dwell_time_sec": "63"}, {"arr_dt": "1478166154", "direction": "0", "dep_dt": "1478166218", "route_id": "Red", "dwell_time_sec": "64"}, {"arr_dt": "1478166491", "direction": "0", "dep_dt": "1478166550", "route_id": "Red", "dwell_time_sec": "59"}, {"arr_dt": "1478167033", "direction": "0", "dep_dt": "1478167092", "route_id": "Red", "dwell_time_sec": "59"}, {"arr_dt": "1478167533", "direction": "0", "dep_dt": "1478167594", "route_id": "Red", "dwell_time_sec": "61"}, {"arr_dt": "1478168067", "direction": "0", "dep_dt": "1478168136", "route_id": "Red", "dwell_time_sec": "69"}, {"arr_dt": "1478168574", "direction": "0", "dep_dt": "1478168632", "route_id": "Red", "dwell_time_sec": "58"}, {"arr_dt": "1478168983", "direction": "0", "dep_dt": "1478169055", "route_id": "Red", "dwell_time_sec": "72"}, {"arr_dt": "1478169369", "direction": "0", "dep_dt": "1478169433", "route_id": "Red", "dwell_time_sec": "64"}, {"arr_dt": "1478169541", "direction": "0", "dep_dt": "1478169610", "route_id": "Red", "dwell_time_sec": "69"}, {"arr_dt": "1478169795", "direction": "0", "dep_dt": "1478169857", "route_id": "Red", "dwell_time_sec": "62"}, {"arr_dt": "1478170172", "direction": "0", "dep_dt": "1478170235", "route_id": "Red", "dwell_time_sec": "63"}, {"arr_dt": "1478170454", "direction": "0", "dep_dt": "1478170521", "route_id": "Red", "dwell_time_sec": "67"}, {"arr_dt": "1478170756", "direction": "0", "dep_dt": "1478170809", "route_id": "Red", "dwell_time_sec": "53"}, {"arr_dt": "1478171080", "direction": "0", "dep_dt": "1478171143", "route_id": "Red", "dwell_time_sec": "63"}, {"arr_dt": "1478171310", "direction": "0", "dep_dt": "1478171375", "route_id": "Red", "dwell_time_sec": "65"}, {"arr_dt": "1478171737", "direction": "0", "dep_dt": "1478171812", "route_id": "Red", "dwell_time_sec": "75"}, {"arr_dt": "1478172118", "direction": "0", "dep_dt": "1478172218", "route_id": "Red", "dwell_time_sec": "100"}, {"arr_dt": "1478172353", "direction": "0", "dep_dt": "1478172414", "route_id": "Red", "dwell_time_sec": "61"}, {"arr_dt": "1478172531", "direction": "0", "dep_dt": "1478172617", "route_id": "Red", "dwell_time_sec": "86"}, {"arr_dt": "1478172862", "direction": "0", "dep_dt": "1478172944", "route_id": "Red", "dwell_time_sec": "82"}, {"arr_dt": "1478173050", "direction": "0", "dep_dt": "1478173163", "route_id": "Red", "dwell_time_sec": "113"}, {"arr_dt": "1478173349", "direction": "0", "dep_dt": "1478173417", "route_id": "Red", "dwell_time_sec": "68"}, {"arr_dt": "1478173610", "direction": "0", "dep_dt": "1478173689", "route_id": "Red", "dwell_time_sec": "79"}, {"arr_dt": "1478173946", "direction": "0", "dep_dt": "1478174023", "route_id": "Red", "dwell_time_sec": "77"}, {"arr_dt": "1478174239", "direction": "0", "dep_dt": "1478174314", "route_id": "Red", "dwell_time_sec": "75"}, {"arr_dt": "1478174630", "direction": "0", "dep_dt": "1478174729", "route_id": "Red", "dwell_time_sec": "99"}, {"arr_dt": "1478174845", "direction": "0", "dep_dt": "1478174940", "route_id": "Red", "dwell_time_sec": "95"}, {"arr_dt": "1478175094", "direction": "0", "dep_dt": "1478175175", "route_id": "Red", "dwell_time_sec": "81"}, {"arr_dt": "1478175297", "direction": "0", "dep_dt": "1478175391", "route_id": "Red", "dwell_time_sec": "94"}, {"arr_dt": "1478175511", "direction": "0", "dep_dt": "1478175597", "route_id": "Red", "dwell_time_sec": "86"}, {"arr_dt": "1478175841", "direction": "0", "dep_dt": "1478175946", "route_id": "Red", "dwell_time_sec": "105"}, {"arr_dt": "1478176083", "direction": "0", "dep_dt": "1478176176", "route_id": "Red", "dwell_time_sec": "93"}, {"arr_dt": "1478176287", "direction": "0", "dep_dt": "1478176381", "route_id": "Red", "dwell_time_sec": "94"}, {"arr_dt": "1478176545", "direction": "0", "dep_dt": "1478176645", "route_id": "Red", "dwell_time_sec": "100"}, {"arr_dt": "1478176760", "direction": "0", "dep_dt": "1478176856", "route_id": "Red", "dwell_time_sec": "96"}, {"arr_dt": "1478176975", "direction": "0", "dep_dt": "1478177079", "route_id": "Red", "dwell_time_sec": "104"}, {"arr_dt": "1478177212", "direction": "0", "dep_dt": "1478177286", "route_id": "Red", "dwell_time_sec": "74"}, {"arr_dt": "1478177396", "direction": "0", "dep_dt": "1478177501", "route_id": "Red", "dwell_time_sec": "105"}, {"arr_dt": "1478177620", "direction": "0", "dep_dt": "1478177709", "route_id": "Red", "dwell_time_sec": "89"}, {"arr_dt": "1478177820", "direction": "0", "dep_dt": "1478177892", "route_id": "Red", "dwell_time_sec": "72"}, {"arr_dt": "1478178006", "direction": "0", "dep_dt": "1478178088", "route_id": "Red", "dwell_time_sec": "82"}, {"arr_dt": "1478178196", "direction": "0", "dep_dt": "1478178300", "route_id": "Red", "dwell_time_sec": "104"}, {"arr_dt": "1478178389", "direction": "0", "dep_dt": "1478178462", "route_id": "Red", "dwell_time_sec": "73"}, {"arr_dt": "1478178616", "direction": "0", "dep_dt": "1478178704", "route_id": "Red", "dwell_time_sec": "88"}, {"arr_dt": "1478178815", "direction": "0", "dep_dt": "1478178898", "route_id": "Red", "dwell_time_sec": "83"}, {"arr_dt": "1478179141", "direction": "0", "dep_dt": "1478179221", "route_id": "Red", "dwell_time_sec": "80"}, {"arr_dt": "1478179342", "direction": "0", "dep_dt": "1478179411", "route_id": "Red", "dwell_time_sec": "69"}, {"arr_dt": "1478179795", "direction": "0", "dep_dt": "1478179895", "route_id": "Red", "dwell_time_sec": "100"}, {"arr_dt": "1478179996", "direction": "0", "dep_dt": "1478180074", "route_id": "Red", "dwell_time_sec": "78"}, {"arr_dt": "1478180258", "direction": "0", "dep_dt": "1478180330", "route_id": "Red", "dwell_time_sec": "72"}, {"arr_dt": "1478180431", "direction": "0", "dep_dt": "1478180504", "route_id": "Red", "dwell_time_sec": "73"}, {"arr_dt": "1478180714", "direction": "0", "dep_dt": "1478180786", "route_id": "Red", "dwell_time_sec": "72"}, {"arr_dt": "1478180901", "direction": "0", "dep_dt": "1478180970", "route_id": "Red", "dwell_time_sec": "69"}, {"arr_dt": "1478181234", "direction": "0", "dep_dt": "1478181322", "route_id": "Red", "dwell_time_sec": "88"}, {"arr_dt": "1478181408", "direction": "0", "dep_dt": "1478181485", "route_id": "Red", "dwell_time_sec": "77"}, {"arr_dt": "1478181698", "direction": "0", "dep_dt": "1478181769", "route_id": "Red", "dwell_time_sec": "71"}, {"arr_dt": "1478181939", "direction": "0", "dep_dt": "1478182007", "route_id": "Red", "dwell_time_sec": "68"}, {"arr_dt": "1478182166", "direction": "0", "dep_dt": "1478182229", "route_id": "Red", "dwell_time_sec": "63"}, {"arr_dt": "1478182362", "direction": "0", "dep_dt": "1478182434", "route_id": "Red", "dwell_time_sec": "72"}, {"arr_dt": "1478182617", "direction": "0", "dep_dt": "1478182692", "route_id": "Red", "dwell_time_sec": "75"}, {"arr_dt": "1478182885", "direction": "0", "dep_dt": "1478182954", "route_id": "Red", "dwell_time_sec": "69"}, {"arr_dt": "1478183072", "direction": "0", "dep_dt": "1478183144", "route_id": "Red", "dwell_time_sec": "72"}, {"arr_dt": "1478183238", "direction": "0", "dep_dt": "1478183304", "route_id": "Red", "dwell_time_sec": "66"}, {"arr_dt": "1478183502", "direction": "0", "dep_dt": "1478183581", "route_id": "Red", "dwell_time_sec": "79"}, {"arr_dt": "1478183682", "direction": "0", "dep_dt": "1478183751", "route_id": "Red", "dwell_time_sec": "69"}, {"arr_dt": "1478183931", "direction": "0", "dep_dt": "1478184006", "route_id": "Red", "dwell_time_sec": "75"}, {"arr_dt": "1478184115", "direction": "0", "dep_dt": "1478184190", "route_id": "Red", "dwell_time_sec": "75"}, {"arr_dt": "1478184741", "direction": "0", "dep_dt": "1478184810", "route_id": "Red", "dwell_time_sec": "69"}, {"arr_dt": "1478185121", "direction": "0", "dep_dt": "1478185193", "route_id": "Red", "dwell_time_sec": "72"}, {"arr_dt": "1478185299", "direction": "0", "dep_dt": "1478185357", "route_id": "Red", "dwell_time_sec": "58"}, {"arr_dt": "1478185680", "direction": "0", "dep_dt": "1478185748", "route_id": "Red", "dwell_time_sec": "68"}, {"arr_dt": "1478186039", "direction": "0", "dep_dt": "1478186100", "route_id": "Red", "dwell_time_sec": "61"}, {"arr_dt": "1478186518", "direction": "0", "dep_dt": "1478186591", "route_id": "Red", "dwell_time_sec": "73"}, {"arr_dt": "1478187108", "direction": "0", "dep_dt": "1478187182", "route_id": "Red", "dwell_time_sec": "74"}, {"arr_dt": "1478187307", "direction": "0", "dep_dt": "1478187374", "route_id": "Red", "dwell_time_sec": "67"}, {"arr_dt": "1478187493", "direction": "0", "dep_dt": "1478187555", "route_id": "Red", "dwell_time_sec": "62"}, {"arr_dt": "1478187925", "direction": "0", "dep_dt": "1478188021", "route_id": "Red", "dwell_time_sec": "96"}, {"arr_dt": "1478188118", "direction": "0", "dep_dt": "1478188192", "route_id": "Red", "dwell_time_sec": "74"}, {"arr_dt": "1478188721", "direction": "0", "dep_dt": "1478188809", "route_id": "Red", "dwell_time_sec": "88"}, {"arr_dt": "1478189103", "direction": "0", "dep_dt": "1478189174", "route_id": "Red", "dwell_time_sec": "71"}, {"arr_dt": "1478189377", "direction": "0", "dep_dt": "1478189450", "route_id": "Red", "dwell_time_sec": "73"}, {"arr_dt": "1478189840", "direction": "0", "dep_dt": "1478189909", "route_id": "Red", "dwell_time_sec": "69"}, {"arr_dt": "1478190209", "direction": "0", "dep_dt": "1478190281", "route_id": "Red", "dwell_time_sec": "72"}, {"arr_dt": "1478190577", "direction": "0", "dep_dt": "1478190658", "route_id": "Red", "dwell_time_sec": "81"}, {"arr_dt": "1478191032", "direction": "0", "dep_dt": "1478191107", "route_id": "Red", "dwell_time_sec": "75"}, {"arr_dt": "1478191555", "direction": "0", "dep_dt": "1478191636", "route_id": "Red", "dwell_time_sec": "81"}, {"arr_dt": "1478192064", "direction": "0", "dep_dt": "1478192144", "route_id": "Red", "dwell_time_sec": "80"}, {"arr_dt": "1478192397", "direction": "0", "dep_dt": "1478192475", "route_id": "Red", "dwell_time_sec": "78"}, {"arr_dt": "1478192608", "direction": "0", "dep_dt": "1478192683", "route_id": "Red", "dwell_time_sec": "75"}, {"arr_dt": "1478193143", "direction": "0", "dep_dt": "1478193225", "route_id": "Red", "dwell_time_sec": "82"}, {"arr_dt": "1478193729", "direction": "0", "dep_dt": "1478193807", "route_id": "Red", "dwell_time_sec": "78"}, {"arr_dt": "1478194171", "direction": "0", "dep_dt": "1478194235", "route_id": "Red", "dwell_time_sec": "64"}, {"arr_dt": "1478194680", "direction": "0", "dep_dt": "1478194755", "route_id": "Red", "dwell_time_sec": "75"}, {"arr_dt": "1478194971", "direction": "0", "dep_dt": "1478195037", "route_id": "Red", "dwell_time_sec": "66"}, {"arr_dt": "1478195159", "direction": "0", "dep_dt": "1478195223", "route_id": "Red", "dwell_time_sec": "64"}, {"arr_dt": "1478195638", "direction": "0", "dep_dt": "1478195726", "route_id": "Red", "dwell_time_sec": "88"}, {"arr_dt": "1478195952", "direction": "0", "dep_dt": "1478196019", "route_id": "Red", "dwell_time_sec": "67"}, {"arr_dt": "1478196392", "direction": "0", "dep_dt": "1478196488", "route_id": "Red", "dwell_time_sec": "96"}, {"arr_dt": "1478196911", "direction": "0", "dep_dt": "1478197155", "route_id": "Red", "dwell_time_sec": "244"}, {"arr_dt": "1478197408", "direction": "0", "dep_dt": "1478197482", "route_id": "Red", "dwell_time_sec": "74"}, {"arr_dt": "1478197582", "direction": "0", "dep_dt": "1478197668", "route_id": "Red", "dwell_time_sec": "86"}, {"arr_dt": "1478197927", "direction": "0", "dep_dt": "1478198007", "route_id": "Red", "dwell_time_sec": "80"}, {"arr_dt": "1478198638", "direction": "0", "dep_dt": "1478198812", "route_id": "Red", "dwell_time_sec": "174"}, {"arr_dt": "1478199174", "direction": "0", "dep_dt": "1478199255", "route_id": "Red", "dwell_time_sec": "81"}, {"arr_dt": "1478199859", "direction": "0", "dep_dt": "1478200064", "route_id": "Red", "dwell_time_sec": "205"}, {"arr_dt": "1478200176", "direction": "0", "dep_dt": "1478200263", "route_id": "Red", "dwell_time_sec": "87"}, {"arr_dt": "1478200425", "direction": "0", "dep_dt": "1478200509", "route_id": "Red", "dwell_time_sec": "84"}, {"arr_dt": "1478200627", "direction": "0", "dep_dt": "1478200700", "route_id": "Red", "dwell_time_sec": "73"}, {"arr_dt": "1478200911", "direction": "0", "dep_dt": "1478200987", "route_id": "Red", "dwell_time_sec": "76"}, {"arr_dt": "1478201349", "direction": "0", "dep_dt": "1478201447", "route_id": "Red", "dwell_time_sec": "98"}, {"arr_dt": "1478201637", "direction": "0", "dep_dt": "1478201734", "route_id": "Red", "dwell_time_sec": "97"}, {"arr_dt": "1478201962", "direction": "0", "dep_dt": "1478202038", "route_id": "Red", "dwell_time_sec": "76"}, {"arr_dt": "1478202259", "direction": "0", "dep_dt": "1478202371", "route_id": "Red", "dwell_time_sec": "112"}, {"arr_dt": "1478202591", "direction": "0", "dep_dt": "1478202676", "route_id": "Red", "dwell_time_sec": "85"}, {"arr_dt": "1478203012", "direction": "0", "dep_dt": "1478203117", "route_id": "Red", "dwell_time_sec": "105"}, {"arr_dt": "1478203227", "direction": "0", "dep_dt": "1478203321", "route_id": "Red", "dwell_time_sec": "94"}, {"arr_dt": "1478203635", "direction": "0", "dep_dt": "1478203744", "route_id": "Red", "dwell_time_sec": "109"}, {"arr_dt": "1478203861", "direction": "0", "dep_dt": "1478203954", "route_id": "Red", "dwell_time_sec": "93"}, {"arr_dt": "1478204383", "direction": "0", "dep_dt": "1478204488", "route_id": "Red", "dwell_time_sec": "105"}, {"arr_dt": "1478204655", "direction": "0", "dep_dt": "1478204749", "route_id": "Red", "dwell_time_sec": "94"}, {"arr_dt": "1478204866", "direction": "0", "dep_dt": "1478204979", "route_id": "Red", "dwell_time_sec": "113"}, {"arr_dt": "1478205082", "direction": "0", "dep_dt": "1478205259", "route_id": "Red", "dwell_time_sec": "177"}, {"arr_dt": "1478205408", "direction": "0", "dep_dt": "1478205518", "route_id": "Red", "dwell_time_sec": "110"}, {"arr_dt": "1478205868", "direction": "0", "dep_dt": "1478205990", "route_id": "Red", "dwell_time_sec": "122"}, {"arr_dt": "1478206091", "direction": "0", "dep_dt": "1478206197", "route_id": "Red", "dwell_time_sec": "106"}, {"arr_dt": "1478206392", "direction": "0", "dep_dt": "1478206492", "route_id": "Red", "dwell_time_sec": "100"}, {"arr_dt": "1478206618", "direction": "0", "dep_dt": "1478206737", "route_id": "Red", "dwell_time_sec": "119"}, {"arr_dt": "1478206828", "direction": "0", "dep_dt": "1478206920", "route_id": "Red", "dwell_time_sec": "92"}, {"arr_dt": "1478207022", "direction": "0", "dep_dt": "1478207112", "route_id": "Red", "dwell_time_sec": "90"}, {"arr_dt": "1478207395", "direction": "0", "dep_dt": "1478207536", "route_id": "Red", "dwell_time_sec": "141"}, {"arr_dt": "1478207631", "direction": "0", "dep_dt": "1478207726", "route_id": "Red", "dwell_time_sec": "95"}, {"arr_dt": "1478207949", "direction": "0", "dep_dt": "1478208054", "route_id": "Red", "dwell_time_sec": "105"}, {"arr_dt": "1478208159", "direction": "0", "dep_dt": "1478208269", "route_id": "Red", "dwell_time_sec": "110"}, {"arr_dt": "1478208377", "direction": "0", "dep_dt": "1478208475", "route_id": "Red", "dwell_time_sec": "98"}, {"arr_dt": "1478208598", "direction": "0", "dep_dt": "1478208736", "route_id": "Red", "dwell_time_sec": "138"}, {"arr_dt": "1478208832", "direction": "0", "dep_dt": "1478208972", "route_id": "Red", "dwell_time_sec": "140"}, {"arr_dt": "1478209091", "direction": "0", "dep_dt": "1478209211", "route_id": "Red", "dwell_time_sec": "120"}, {"arr_dt": "1478209307", "direction": "0", "dep_dt": "1478209437", "route_id": "Red", "dwell_time_sec": "130"}, {"arr_dt": "1478209535", "direction": "0", "dep_dt": "1478209633", "route_id": "Red", "dwell_time_sec": "98"}, {"arr_dt": "1478209733", "direction": "0", "dep_dt": "1478209852", "route_id": "Red", "dwell_time_sec": "119"}, {"arr_dt": "1478209944", "direction": "0", "dep_dt": "1478210072", "route_id": "Red", "dwell_time_sec": "128"}, {"arr_dt": "1478210155", "direction": "0", "dep_dt": "1478210273", "route_id": "Red", "dwell_time_sec": "118"}, {"arr_dt": "1478210357", "direction": "0", "dep_dt": "1478210440", "route_id": "Red", "dwell_time_sec": "83"}, {"arr_dt": "1478210553", "direction": "0", "dep_dt": "1478210643", "route_id": "Red", "dwell_time_sec": "90"}, {"arr_dt": "1478210769", "direction": "0", "dep_dt": "1478210953", "route_id": "Red", "dwell_time_sec": "184"}, {"arr_dt": "1478211042", "direction": "0", "dep_dt": "1478211135", "route_id": "Red", "dwell_time_sec": "93"}, {"arr_dt": "1478211222", "direction": "0", "dep_dt": "1478211288", "route_id": "Red", "dwell_time_sec": "66"}, {"arr_dt": "1478211590", "direction": "0", "dep_dt": "1478211745", "route_id": "Red", "dwell_time_sec": "155"}, {"arr_dt": "1478211820", "direction": "0", "dep_dt": "1478211922", "route_id": "Red", "dwell_time_sec": "102"}, {"arr_dt": "1478212285", "direction": "0", "dep_dt": "1478212387", "route_id": "Red", "dwell_time_sec": "102"}, {"arr_dt": "1478212486", "direction": "0", "dep_dt": "1478212606", "route_id": "Red", "dwell_time_sec": "120"}, {"arr_dt": "1478212757", "direction": "0", "dep_dt": "1478212838", "route_id": "Red", "dwell_time_sec": "81"}, {"arr_dt": "1478213055", "direction": "0", "dep_dt": "1478213137", "route_id": "Red", "dwell_time_sec": "82"}, {"arr_dt": "1478213341", "direction": "0", "dep_dt": "1478213436", "route_id": "Red", "dwell_time_sec": "95"}, {"arr_dt": "1478213733", "direction": "0", "dep_dt": "1478213821", "route_id": "Red", "dwell_time_sec": "88"}, {"arr_dt": "1478213966", "direction": "0", "dep_dt": "1478214039", "route_id": "Red", "dwell_time_sec": "73"}, {"arr_dt": "1478214141", "direction": "0", "dep_dt": "1478214214", "route_id": "Red", "dwell_time_sec": "73"}, {"arr_dt": "1478214352", "direction": "0", "dep_dt": "1478214432", "route_id": "Red", "dwell_time_sec": "80"}, {"arr_dt": "1478214705", "direction": "0", "dep_dt": "1478214783", "route_id": "Red", "dwell_time_sec": "78"}, {"arr_dt": "1478214893", "direction": "0", "dep_dt": "1478214966", "route_id": "Red", "dwell_time_sec": "73"}, {"arr_dt": "1478215248", "direction": "0", "dep_dt": "1478215332", "route_id": "Red", "dwell_time_sec": "84"}, {"arr_dt": "1478215429", "direction": "0", "dep_dt": "1478215498", "route_id": "Red", "dwell_time_sec": "69"}, {"arr_dt": "1478215600", "direction": "0", "dep_dt": "1478215689", "route_id": "Red", "dwell_time_sec": "89"}, {"arr_dt": "1478215781", "direction": "0", "dep_dt": "1478215855", "route_id": "Red", "dwell_time_sec": "74"}, {"arr_dt": "1478215968", "direction": "0", "dep_dt": "1478216042", "route_id": "Red", "dwell_time_sec": "74"}, {"arr_dt": "1478216154", "direction": "0", "dep_dt": "1478216243", "route_id": "Red", "dwell_time_sec": "89"}, {"arr_dt": "1478216339", "direction": "0", "dep_dt": "1478216419", "route_id": "Red", "dwell_time_sec": "80"}, {"arr_dt": "1478216525", "direction": "0", "dep_dt": "1478216590", "route_id": "Red", "dwell_time_sec": "65"}, {"arr_dt": "1478216784", "direction": "0", "dep_dt": "1478216852", "route_id": "Red", "dwell_time_sec": "68"}, {"arr_dt": "1478217144", "direction": "0", "dep_dt": "1478217282", "route_id": "Red", "dwell_time_sec": "138"}, {"arr_dt": "1478217387", "direction": "0", "dep_dt": "1478217469", "route_id": "Red", "dwell_time_sec": "82"}, {"arr_dt": "1478217676", "direction": "0", "dep_dt": "1478217749", "route_id": "Red", "dwell_time_sec": "73"}, {"arr_dt": "1478217883", "direction": "0", "dep_dt": "1478217945", "route_id": "Red", "dwell_time_sec": "62"}, {"arr_dt": "1478218385", "direction": "0", "dep_dt": "1478218473", "route_id": "Red", "dwell_time_sec": "88"}, {"arr_dt": "1478218695", "direction": "0", "dep_dt": "1478218760", "route_id": "Red", "dwell_time_sec": "65"}, {"arr_dt": "1478219221", "direction": "0", "dep_dt": "1478219290", "route_id": "Red", "dwell_time_sec": "69"}, {"arr_dt": "1478219419", "direction": "0", "dep_dt": "1478219490", "route_id": "Red", "dwell_time_sec": "71"}, {"arr_dt": "1478219654", "direction": "0", "dep_dt": "1478219725", "route_id": "Red", "dwell_time_sec": "71"}, {"arr_dt": "1478220099", "direction": "0", "dep_dt": "1478220157", "route_id": "Red", "dwell_time_sec": "58"}, {"arr_dt": "1478220264", "direction": "0", "dep_dt": "1478220327", "route_id": "Red", "dwell_time_sec": "63"}, {"arr_dt": "1478220789", "direction": "0", "dep_dt": "1478220875", "route_id": "Red", "dwell_time_sec": "86"}, {"arr_dt": "1478220975", "direction": "0", "dep_dt": "1478221050", "route_id": "Red", "dwell_time_sec": "75"}, {"arr_dt": "1478221456", "direction": "0", "dep_dt": "1478221532", "route_id": "Red", "dwell_time_sec": "76"}, {"arr_dt": "1478221755", "direction": "0", "dep_dt": "1478221834", "route_id": "Red", "dwell_time_sec": "79"}, {"arr_dt": "1478222133", "direction": "0", "dep_dt": "1478222202", "route_id": "Red", "dwell_time_sec": "69"}, {"arr_dt": "1478222427", "direction": "0", "dep_dt": "1478222504", "route_id": "Red", "dwell_time_sec": "77"}, {"arr_dt": "1478222742", "direction": "0", "dep_dt": "1478222811", "route_id": "Red", "dwell_time_sec": "69"}, {"arr_dt": "1478223223", "direction": "0", "dep_dt": "1478223324", "route_id": "Red", "dwell_time_sec": "101"}, {"arr_dt": "1478223568", "direction": "0", "dep_dt": "1478223636", "route_id": "Red", "dwell_time_sec": "68"}, {"arr_dt": "1478223820", "direction": "0", "dep_dt": "1478223882", "route_id": "Red", "dwell_time_sec": "62"}, {"arr_dt": "1478224011", "direction": "0", "dep_dt": "1478224061", "route_id": "Red", "dwell_time_sec": "50"}, {"arr_dt": "1478224452", "direction": "0", "dep_dt": "1478224509", "route_id": "Red", "dwell_time_sec": "57"}, {"arr_dt": "1478224792", "direction": "0", "dep_dt": "1478224853", "route_id": "Red", "dwell_time_sec": "61"}, {"arr_dt": "1478225142", "direction": "0", "dep_dt": "1478225206", "route_id": "Red", "dwell_time_sec": "64"}, {"arr_dt": "1478225517", "direction": "0", "dep_dt": "1478225581", "route_id": "Red", "dwell_time_sec": "64"}, {"arr_dt": "1478225829", "direction": "0", "dep_dt": "1478225895", "route_id": "Red", "dwell_time_sec": "66"}, {"arr_dt": "1478226345", "direction": "0", "dep_dt": "1478226416", "route_id": "Red", "dwell_time_sec": "71"}, {"arr_dt": "1478226586", "direction": "0", "dep_dt": "1478226660", "route_id": "Red", "dwell_time_sec": "74"}, {"arr_dt": "1478226904", "direction": "0", "dep_dt": "1478226969", "route_id": "Red", "dwell_time_sec": "65"}, {"arr_dt": "1478227275", "direction": "0", "dep_dt": "1478227361", "route_id": "Red", "dwell_time_sec": "86"}, {"arr_dt": "1478227558", "direction": "0", "dep_dt": "1478227620", "route_id": "Red", "dwell_time_sec": "62"}, {"arr_dt": "1478227978", "direction": "0", "dep_dt": "1478228049", "route_id": "Red", "dwell_time_sec": "71"}, {"arr_dt": "1478228315", "direction": "0", "dep_dt": "1478228385", "route_id": "Red", "dwell_time_sec": "70"}, {"arr_dt": "1478228916", "direction": "0", "dep_dt": "1478229017", "route_id": "Red", "dwell_time_sec": "101"}, {"arr_dt": "1478229335", "direction": "0", "dep_dt": "1478229420", "route_id": "Red", "dwell_time_sec": "85"}, {"arr_dt": "1478230002", "direction": "0", "dep_dt": "1478230084", "route_id": "Red", "dwell_time_sec": "82"}, {"arr_dt": "1478230305", "direction": "0", "dep_dt": "1478230361", "route_id": "Red", "dwell_time_sec": "56"}, {"arr_dt": "1478230503", "direction": "0", "dep_dt": "1478230579", "route_id": "Red", "dwell_time_sec": "76"}, {"arr_dt": "1478230762", "direction": "0", "dep_dt": "1478230825", "route_id": "Red", "dwell_time_sec": "63"}, {"arr_dt": "1478231036", "direction": "0", "dep_dt": "1478231093", "route_id": "Red", "dwell_time_sec": "57"}, {"arr_dt": "1478231422", "direction": "0", "dep_dt": "1478231479", "route_id": "Red", "dwell_time_sec": "57"}, {"arr_dt": "1478231601", "direction": "0", "dep_dt": "1478231663", "route_id": "Red", "dwell_time_sec": "62"}]}