{"dwell_times": [{"arr_dt": "1455858305", "direction": "0", "dep_dt": "1455858370", "route_id": "Red", "dwell_time_sec": "65"}, {"arr_dt": "1455858816", "direction": "0", "dep_dt": "1455858885", "route_id": "Red", "dwell_time_sec": "69"}, {"arr_dt": "1455859222", "direction": "0", "dep_dt": "1455859287", "route_id": "Red", "dwell_time_sec": "65"}, {"arr_dt": "1455859513", "direction": "0", "dep_dt": "1455859581", "route_id": "Red", "dwell_time_sec": "68"}, {"arr_dt": "1455860254", "direction": "0", "dep_dt": "1455860369", "route_id": "Red", "dwell_time_sec": "115"}, {"arr_dt": "1455860598", "direction": "0", "dep_dt": "1455860672", "route_id": "Red", "dwell_time_sec": "74"}, {"arr_dt": "1455861651", "direction": "0", "dep_dt": "1455862915", "route_id": "Red", "dwell_time_sec": "1264"}, {"arr_dt": "1455878025", "direction": "0", "dep_dt": "1455878085", "route_id": "Red", "dwell_time_sec": "60"}, {"arr_dt": "1455878801", "direction": "0", "dep_dt": "1455878876", "route_id": "Red", "dwell_time_sec": "75"}, {"arr_dt": "1455878982", "direction": "0", "dep_dt": "1455879046", "route_id": "Red", "dwell_time_sec": "64"}, {"arr_dt": "1455879385", "direction": "0", "dep_dt": "1455879443", "route_id": "Red", "dwell_time_sec": "58"}, {"arr_dt": "1455879844", "direction": "0", "dep_dt": "1455879897", "route_id": "Red", "dwell_time_sec": "53"}, {"arr_dt": "1455880337", "direction": "0", "dep_dt": "1455880404", "route_id": "Red", "dwell_time_sec": "67"}, {"arr_dt": "1455880906", "direction": "0", "dep_dt": "1455880994", "route_id": "Red", "dwell_time_sec": "88"}, {"arr_dt": "1455881326", "direction": "0", "dep_dt": "1455881389", "route_id": "Red", "dwell_time_sec": "63"}, {"arr_dt": "1455881894", "direction": "0", "dep_dt": "1455881964", "route_id": "Red", "dwell_time_sec": "70"}, {"arr_dt": "1455882075", "direction": "0", "dep_dt": "1455882141", "route_id": "Red", "dwell_time_sec": "66"}, {"arr_dt": "1455882284", "direction": "0", "dep_dt": "1455882348", "route_id": "Red", "dwell_time_sec": "64"}, {"arr_dt": "1455882455", "direction": "0", "dep_dt": "1455882528", "route_id": "Red", "dwell_time_sec": "73"}, {"arr_dt": "1455883050", "direction": "0", "dep_dt": "1455883151", "route_id": "Red", "dwell_time_sec": "101"}, {"arr_dt": "1455883431", "direction": "0", "dep_dt": "1455883498", "route_id": "Red", "dwell_time_sec": "67"}, {"arr_dt": "1455883607", "direction": "0", "dep_dt": "1455883663", "route_id": "Red", "dwell_time_sec": "56"}, {"arr_dt": "1455884137", "direction": "0", "dep_dt": "1455884215", "route_id": "Red", "dwell_time_sec": "78"}, {"arr_dt": "1455884307", "direction": "0", "dep_dt": "1455884380", "route_id": "Red", "dwell_time_sec": "73"}, {"arr_dt": "1455884484", "direction": "0", "dep_dt": "1455884553", "route_id": "Red", "dwell_time_sec": "69"}, {"arr_dt": "1455884682", "direction": "0", "dep_dt": "1455884759", "route_id": "Red", "dwell_time_sec": "77"}, {"arr_dt": "1455885132", "direction": "0", "dep_dt": "1455885204", "route_id": "Red", "dwell_time_sec": "72"}, {"arr_dt": "1455885352", "direction": "0", "dep_dt": "1455885454", "route_id": "Red", "dwell_time_sec": "102"}, {"arr_dt": "1455885595", "direction": "0", "dep_dt": "1455885673", "route_id": "Red", "dwell_time_sec": "78"}, {"arr_dt": "1455885771", "direction": "0", "dep_dt": "1455885867", "route_id": "Red", "dwell_time_sec": "96"}, {"arr_dt": "1455885978", "direction": "0", "dep_dt": "1455886058", "route_id": "Red", "dwell_time_sec": "80"}, {"arr_dt": "1455886169", "direction": "0", "dep_dt": "1455886241", "route_id": "Red", "dwell_time_sec": "72"}, {"arr_dt": "1455886420", "direction": "0", "dep_dt": "1455886498", "route_id": "Red", "dwell_time_sec": "78"}, {"arr_dt": "1455886603", "direction": "0", "dep_dt": "1455886677", "route_id": "Red", "dwell_time_sec": "74"}, {"arr_dt": "1455887066", "direction": "0", "dep_dt": "1455887172", "route_id": "Red", "dwell_time_sec": "106"}, {"arr_dt": "1455887677", "direction": "0", "dep_dt": "1455887819", "route_id": "Red", "dwell_time_sec": "142"}, {"arr_dt": "1455887919", "direction": "0", "dep_dt": "1455888012", "route_id": "Red", "dwell_time_sec": "93"}, {"arr_dt": "1455888160", "direction": "0", "dep_dt": "1455888246", "route_id": "Red", "dwell_time_sec": "86"}, {"arr_dt": "1455888336", "direction": "0", "dep_dt": "1455888424", "route_id": "Red", "dwell_time_sec": "88"}, {"arr_dt": "1455888650", "direction": "0", "dep_dt": "1455888780", "route_id": "Red", "dwell_time_sec": "130"}, {"arr_dt": "1455889081", "direction": "0", "dep_dt": "1455889188", "route_id": "Red", "dwell_time_sec": "107"}, {"arr_dt": "1455889290", "direction": "0", "dep_dt": "1455889392", "route_id": "Red", "dwell_time_sec": "102"}, {"arr_dt": "1455889504", "direction": "0", "dep_dt": "1455889639", "route_id": "Red", "dwell_time_sec": "135"}, {"arr_dt": "1455889725", "direction": "0", "dep_dt": "1455889810", "route_id": "Red", "dwell_time_sec": "85"}, {"arr_dt": "1455889939", "direction": "0", "dep_dt": "1455890043", "route_id": "Red", "dwell_time_sec": "104"}, {"arr_dt": "1455890140", "direction": "0", "dep_dt": "1455890222", "route_id": "Red", "dwell_time_sec": "82"}, {"arr_dt": "1455890319", "direction": "0", "dep_dt": "1455890410", "route_id": "Red", "dwell_time_sec": "91"}, {"arr_dt": "1455890492", "direction": "0", "dep_dt": "1455890576", "route_id": "Red", "dwell_time_sec": "84"}, {"arr_dt": "1455890679", "direction": "0", "dep_dt": "1455890775", "route_id": "Red", "dwell_time_sec": "96"}, {"arr_dt": "1455890874", "direction": "0", "dep_dt": "1455890976", "route_id": "Red", "dwell_time_sec": "102"}, {"arr_dt": "1455891059", "direction": "0", "dep_dt": "1455891145", "route_id": "Red", "dwell_time_sec": "86"}, {"arr_dt": "1455891241", "direction": "0", "dep_dt": "1455891329", "route_id": "Red", "dwell_time_sec": "88"}, {"arr_dt": "1455891418", "direction": "0", "dep_dt": "1455891497", "route_id": "Red", "dwell_time_sec": "79"}, {"arr_dt": "1455891623", "direction": "0", "dep_dt": "1455891706", "route_id": "Red", "dwell_time_sec": "83"}, {"arr_dt": "1455891911", "direction": "0", "dep_dt": "1455891978", "route_id": "Red", "dwell_time_sec": "67"}, {"arr_dt": "1455892189", "direction": "0", "dep_dt": "1455892342", "route_id": "Red", "dwell_time_sec": "153"}, {"arr_dt": "1455892537", "direction": "0", "dep_dt": "1455892614", "route_id": "Red", "dwell_time_sec": "77"}, {"arr_dt": "1455892713", "direction": "0", "dep_dt": "1455892795", "route_id": "Red", "dwell_time_sec": "82"}, {"arr_dt": "1455892937", "direction": "0", "dep_dt": "1455893038", "route_id": "Red", "dwell_time_sec": "101"}, {"arr_dt": "1455893155", "direction": "0", "dep_dt": "1455893232", "route_id": "Red", "dwell_time_sec": "77"}, {"arr_dt": "1455893430", "direction": "0", "dep_dt": "1455893504", "route_id": "Red", "dwell_time_sec": "74"}, {"arr_dt": "1455893605", "direction": "0", "dep_dt": "1455893696", "route_id": "Red", "dwell_time_sec": "91"}, {"arr_dt": "1455893802", "direction": "0", "dep_dt": "1455893866", "route_id": "Red", "dwell_time_sec": "64"}, {"arr_dt": "1455894033", "direction": "0", "dep_dt": "1455894112", "route_id": "Red", "dwell_time_sec": "79"}, {"arr_dt": "1455894328", "direction": "0", "dep_dt": "1455894394", "route_id": "Red", "dwell_time_sec": "66"}, {"arr_dt": "1455894654", "direction": "0", "dep_dt": "1455894725", "route_id": "Red", "dwell_time_sec": "71"}, {"arr_dt": "1455895400", "direction": "0", "dep_dt": "1455895501", "route_id": "Red", "dwell_time_sec": "101"}, {"arr_dt": "1455895617", "direction": "0", "dep_dt": "1455895700", "route_id": "Red", "dwell_time_sec": "83"}, {"arr_dt": "1455895811", "direction": "0", "dep_dt": "1455895887", "route_id": "Red", "dwell_time_sec": "76"}, {"arr_dt": "1455895973", "direction": "0", "dep_dt": "1455896072", "route_id": "Red", "dwell_time_sec": "99"}, {"arr_dt": "1455896177", "direction": "0", "dep_dt": "1455896243", "route_id": "Red", "dwell_time_sec": "66"}, {"arr_dt": "1455896345", "direction": "0", "dep_dt": "1455896408", "route_id": "Red", "dwell_time_sec": "63"}, {"arr_dt": "1455896512", "direction": "0", "dep_dt": "1455896582", "route_id": "Red", "dwell_time_sec": "70"}, {"arr_dt": "1455896751", "direction": "0", "dep_dt": "1455896815", "route_id": "Red", "dwell_time_sec": "64"}, {"arr_dt": "1455897111", "direction": "0", "dep_dt": "1455897209", "route_id": "Red", "dwell_time_sec": "98"}, {"arr_dt": "1455897289", "direction": "0", "dep_dt": "1455897363", "route_id": "Red", "dwell_time_sec": "74"}, {"arr_dt": "1455897558", "direction": "0", "dep_dt": "1455897693", "route_id": "Red", "dwell_time_sec": "135"}, {"arr_dt": "1455897893", "direction": "0", "dep_dt": "1455897979", "route_id": "Red", "dwell_time_sec": "86"}, {"arr_dt": "1455898067", "direction": "0", "dep_dt": "1455898128", "route_id": "Red", "dwell_time_sec": "61"}, {"arr_dt": "1455898231", "direction": "0", "dep_dt": "1455898676", "route_id": "Red", "dwell_time_sec": "445"}, {"arr_dt": "1455899428", "direction": "0", "dep_dt": "1455899510", "route_id": "Red", "dwell_time_sec": "82"}, {"arr_dt": "1455899992", "direction": "0", "dep_dt": "1455900090", "route_id": "Red", "dwell_time_sec": "98"}, {"arr_dt": "1455900183", "direction": "0", "dep_dt": "1455900253", "route_id": "Red", "dwell_time_sec": "70"}, {"arr_dt": "1455900350", "direction": "0", "dep_dt": "1455900434", "route_id": "Red", "dwell_time_sec": "84"}, {"arr_dt": "1455900688", "direction": "0", "dep_dt": "1455900781", "route_id": "Red", "dwell_time_sec": "93"}, {"arr_dt": "1455900983", "direction": "0", "dep_dt": "1455901042", "route_id": "Red", "dwell_time_sec": "59"}, {"arr_dt": "1455901154", "direction": "0", "dep_dt": "1455901219", "route_id": "Red", "dwell_time_sec": "65"}, {"arr_dt": "1455901843", "direction": "0", "dep_dt": "1455901931", "route_id": "Red", "dwell_time_sec": "88"}, {"arr_dt": "1455902643", "direction": "0", "dep_dt": "1455902760", "route_id": "Red", "dwell_time_sec": "117"}, {"arr_dt": "1455902867", "direction": "0", "dep_dt": "1455902968", "route_id": "Red", "dwell_time_sec": "101"}, {"arr_dt": "1455903074", "direction": "0", "dep_dt": "1455903134", "route_id": "Red", "dwell_time_sec": "60"}, {"arr_dt": "1455903496", "direction": "0", "dep_dt": "1455903572", "route_id": "Red", "dwell_time_sec": "76"}, {"arr_dt": "1455903969", "direction": "0", "dep_dt": "1455904065", "route_id": "Red", "dwell_time_sec": "96"}, {"arr_dt": "1455904148", "direction": "0", "dep_dt": "1455904243", "route_id": "Red", "dwell_time_sec": "95"}, {"arr_dt": "1455904738", "direction": "0", "dep_dt": "1455904841", "route_id": "Red", "dwell_time_sec": "103"}, {"arr_dt": "1455905502", "direction": "0", "dep_dt": "1455905612", "route_id": "Red", "dwell_time_sec": "110"}, {"arr_dt": "1455905944", "direction": "0", "dep_dt": "1455906032", "route_id": "Red", "dwell_time_sec": "88"}, {"arr_dt": "1455906152", "direction": "0", "dep_dt": "1455906236", "route_id": "Red", "dwell_time_sec": "84"}, {"arr_dt": "1455906577", "direction": "0", "dep_dt": "1455906679", "route_id": "Red", "dwell_time_sec": "102"}, {"arr_dt": "1455906847", "direction": "0", "dep_dt": "1455906921", "route_id": "Red", "dwell_time_sec": "74"}, {"arr_dt": "1455907357", "direction": "0", "dep_dt": "1455907445", "route_id": "Red", "dwell_time_sec": "88"}, {"arr_dt": "1455907551", "direction": "0", "dep_dt": "1455907634", "route_id": "Red", "dwell_time_sec": "83"}, {"arr_dt": "1455908056", "direction": "0", "dep_dt": "1455908139", "route_id": "Red", "dwell_time_sec": "83"}, {"arr_dt": "1455908431", "direction": "0", "dep_dt": "1455908499", "route_id": "Red", "dwell_time_sec": "68"}, {"arr_dt": "1455908823", "direction": "0", "dep_dt": "1455908895", "route_id": "Red", "dwell_time_sec": "72"}, {"arr_dt": "1455909219", "direction": "0", "dep_dt": "1455909318", "route_id": "Red", "dwell_time_sec": "99"}, {"arr_dt": "1455909760", "direction": "0", "dep_dt": "1455909906", "route_id": "Red", "dwell_time_sec": "146"}, {"arr_dt": "1455910130", "direction": "0", "dep_dt": "1455910237", "route_id": "Red", "dwell_time_sec": "107"}, {"arr_dt": "1455910446", "direction": "0", "dep_dt": "1455910524", "route_id": "Red", "dwell_time_sec": "78"}, {"arr_dt": "1455910927", "direction": "0", "dep_dt": "1455911017", "route_id": "Red", "dwell_time_sec": "90"}, {"arr_dt": "1455911284", "direction": "0", "dep_dt": "1455911387", "route_id": "Red", "dwell_time_sec": "103"}, {"arr_dt": "1455911869", "direction": "0", "dep_dt": "1455911956", "route_id": "Red", "dwell_time_sec": "87"}, {"arr_dt": "1455912091", "direction": "0", "dep_dt": "1455912157", "route_id": "Red", "dwell_time_sec": "66"}, {"arr_dt": "1455912712", "direction": "0", "dep_dt": "1455912841", "route_id": "Red", "dwell_time_sec": "129"}, {"arr_dt": "1455912978", "direction": "0", "dep_dt": "1455913061", "route_id": "Red", "dwell_time_sec": "83"}, {"arr_dt": "1455913317", "direction": "0", "dep_dt": "1455913417", "route_id": "Red", "dwell_time_sec": "100"}, {"arr_dt": "1455913870", "direction": "0", "dep_dt": "1455913991", "route_id": "Red", "dwell_time_sec": "121"}, {"arr_dt": "1455914101", "direction": "0", "dep_dt": "1455914192", "route_id": "Red", "dwell_time_sec": "91"}, {"arr_dt": "1455914491", "direction": "0", "dep_dt": "1455914596", "route_id": "Red", "dwell_time_sec": "105"}, {"arr_dt": "1455914698", "direction": "0", "dep_dt": "1455914785", "route_id": "Red", "dwell_time_sec": "87"}, {"arr_dt": "1455915000", "direction": "0", "dep_dt": "1455915089", "route_id": "Red", "dwell_time_sec": "89"}, {"arr_dt": "1455915409", "direction": "0", "dep_dt": "1455915497", "route_id": "Red", "dwell_time_sec": "88"}, {"arr_dt": "1455915642", "direction": "0", "dep_dt": "1455915736", "route_id": "Red", "dwell_time_sec": "94"}, {"arr_dt": "1455916185", "direction": "0", "dep_dt": "1455916304", "route_id": "Red", "dwell_time_sec": "119"}, {"arr_dt": "1455916462", "direction": "0", "dep_dt": "1455916542", "route_id": "Red", "dwell_time_sec": "80"}, {"arr_dt": "1455916646", "direction": "0", "dep_dt": "1455916749", "route_id": "Red", "dwell_time_sec": "103"}, {"arr_dt": "1455916955", "direction": "0", "dep_dt": "1455917048", "route_id": "Red", "dwell_time_sec": "93"}, {"arr_dt": "1455917240", "direction": "0", "dep_dt": "1455917338", "route_id": "Red", "dwell_time_sec": "98"}, {"arr_dt": "1455917437", "direction": "0", "dep_dt": "1455917528", "route_id": "Red", "dwell_time_sec": "91"}, {"arr_dt": "1455917814", "direction": "0", "dep_dt": "1455917904", "route_id": "Red", "dwell_time_sec": "90"}, {"arr_dt": "1455918112", "direction": "0", "dep_dt": "1455918235", "route_id": "Red", "dwell_time_sec": "123"}, {"arr_dt": "1455918446", "direction": "0", "dep_dt": "1455918589", "route_id": "Red", "dwell_time_sec": "143"}, {"arr_dt": "1455918667", "direction": "0", "dep_dt": "1455918766", "route_id": "Red", "dwell_time_sec": "99"}, {"arr_dt": "1455918947", "direction": "0", "dep_dt": "1455919053", "route_id": "Red", "dwell_time_sec": "106"}, {"arr_dt": "1455919175", "direction": "0", "dep_dt": "1455919277", "route_id": "Red", "dwell_time_sec": "102"}, {"arr_dt": "1455919386", "direction": "0", "dep_dt": "1455919475", "route_id": "Red", "dwell_time_sec": "89"}, {"arr_dt": "1455919787", "direction": "0", "dep_dt": "1455919904", "route_id": "Red", "dwell_time_sec": "117"}, {"arr_dt": "1455920000", "direction": "0", "dep_dt": "1455920079", "route_id": "Red", "dwell_time_sec": "79"}, {"arr_dt": "1455920224", "direction": "0", "dep_dt": "1455920351", "route_id": "Red", "dwell_time_sec": "127"}, {"arr_dt": "1455920434", "direction": "0", "dep_dt": "1455920569", "route_id": "Red", "dwell_time_sec": "135"}, {"arr_dt": "1455920646", "direction": "0", "dep_dt": "1455920742", "route_id": "Red", "dwell_time_sec": "96"}, {"arr_dt": "1455920849", "direction": "0", "dep_dt": "1455920971", "route_id": "Red", "dwell_time_sec": "122"}, {"arr_dt": "1455921340", "direction": "0", "dep_dt": "1455921457", "route_id": "Red", "dwell_time_sec": "117"}, {"arr_dt": "1455921932", "direction": "0", "dep_dt": "1455922034", "route_id": "Red", "dwell_time_sec": "102"}, {"arr_dt": "1455922132", "direction": "0", "dep_dt": "1455922219", "route_id": "Red", "dwell_time_sec": "87"}, {"arr_dt": "1455922383", "direction": "0", "dep_dt": "1455922486", "route_id": "Red", "dwell_time_sec": "103"}, {"arr_dt": "1455922604", "direction": "0", "dep_dt": "1455922700", "route_id": "Red", "dwell_time_sec": "96"}, {"arr_dt": "1455922819", "direction": "0", "dep_dt": "1455922917", "route_id": "Red", "dwell_time_sec": "98"}, {"arr_dt": "1455923017", "direction": "0", "dep_dt": "1455923120", "route_id": "Red", "dwell_time_sec": "103"}, {"arr_dt": "1455923215", "direction": "0", "dep_dt": "1455923298", "route_id": "Red", "dwell_time_sec": "83"}, {"arr_dt": "1455923397", "direction": "0", "dep_dt": "1455923482", "route_id": "Red", "dwell_time_sec": "85"}, {"arr_dt": "1455923588", "direction": "0", "dep_dt": "1455923654", "route_id": "Red", "dwell_time_sec": "66"}, {"arr_dt": "1455923752", "direction": "0", "dep_dt": "1455923857", "route_id": "Red", "dwell_time_sec": "105"}, {"arr_dt": "1455923956", "direction": "0", "dep_dt": "1455924045", "route_id": "Red", "dwell_time_sec": "89"}, {"arr_dt": "1455924147", "direction": "0", "dep_dt": "1455924231", "route_id": "Red", "dwell_time_sec": "84"}, {"arr_dt": "1455924335", "direction": "0", "dep_dt": "1455924418", "route_id": "Red", "dwell_time_sec": "83"}, {"arr_dt": "1455924521", "direction": "0", "dep_dt": "1455924624", "route_id": "Red", "dwell_time_sec": "103"}, {"arr_dt": "1455924813", "direction": "0", "dep_dt": "1455924909", "route_id": "Red", "dwell_time_sec": "96"}, {"arr_dt": "1455925070", "direction": "0", "dep_dt": "1455925154", "route_id": "Red", "dwell_time_sec": "84"}, {"arr_dt": "1455925400", "direction": "0", "dep_dt": "1455925484", "route_id": "Red", "dwell_time_sec": "84"}, {"arr_dt": "1455925602", "direction": "0", "dep_dt": "1455925697", "route_id": "Red", "dwell_time_sec": "95"}, {"arr_dt": "1455925851", "direction": "0", "dep_dt": "1455925921", "route_id": "Red", "dwell_time_sec": "70"}, {"arr_dt": "1455926170", "direction": "0", "dep_dt": "1455926256", "route_id": "Red", "dwell_time_sec": "86"}, {"arr_dt": "1455926366", "direction": "0", "dep_dt": "1455926465", "route_id": "Red", "dwell_time_sec": "99"}, {"arr_dt": "1455926769", "direction": "0", "dep_dt": "1455926880", "route_id": "Red", "dwell_time_sec": "111"}, {"arr_dt": "1455926977", "direction": "0", "dep_dt": "1455927065", "route_id": "Red", "dwell_time_sec": "88"}, {"arr_dt": "1455927319", "direction": "0", "dep_dt": "1455927396", "route_id": "Red", "dwell_time_sec": "77"}, {"arr_dt": "1455927504", "direction": "0", "dep_dt": "1455927594", "route_id": "Red", "dwell_time_sec": "90"}, {"arr_dt": "1455927802", "direction": "0", "dep_dt": "1455927876", "route_id": "Red", "dwell_time_sec": "74"}, {"arr_dt": "1455928160", "direction": "0", "dep_dt": "1455928237", "route_id": "Red", "dwell_time_sec": "77"}, {"arr_dt": "1455928370", "direction": "0", "dep_dt": "1455928456", "route_id": "Red", "dwell_time_sec": "86"}, {"arr_dt": "1455929003", "direction": "0", "dep_dt": "1455929103", "route_id": "Red", "dwell_time_sec": "100"}, {"arr_dt": "1455929245", "direction": "0", "dep_dt": "1455929320", "route_id": "Red", "dwell_time_sec": "75"}, {"arr_dt": "1455929628", "direction": "0", "dep_dt": "1455929699", "route_id": "Red", "dwell_time_sec": "71"}, {"arr_dt": "1455929884", "direction": "0", "dep_dt": "1455929956", "route_id": "Red", "dwell_time_sec": "72"}, {"arr_dt": "1455930168", "direction": "0", "dep_dt": "1455930240", "route_id": "Red", "dwell_time_sec": "72"}, {"arr_dt": "1455930351", "direction": "0", "dep_dt": "1455930417", "route_id": "Red", "dwell_time_sec": "66"}, {"arr_dt": "1455930543", "direction": "0", "dep_dt": "1455930617", "route_id": "Red", "dwell_time_sec": "74"}, {"arr_dt": "1455930721", "direction": "0", "dep_dt": "1455930785", "route_id": "Red", "dwell_time_sec": "64"}, {"arr_dt": "1455930903", "direction": "0", "dep_dt": "1455930963", "route_id": "Red", "dwell_time_sec": "60"}, {"arr_dt": "1455931247", "direction": "0", "dep_dt": "1455931321", "route_id": "Red", "dwell_time_sec": "74"}, {"arr_dt": "1455931600", "direction": "0", "dep_dt": "1455931669", "route_id": "Red", "dwell_time_sec": "69"}, {"arr_dt": "1455931809", "direction": "0", "dep_dt": "1455931873", "route_id": "Red", "dwell_time_sec": "64"}, {"arr_dt": "1455932175", "direction": "0", "dep_dt": "1455932246", "route_id": "Red", "dwell_time_sec": "71"}, {"arr_dt": "1455932535", "direction": "0", "dep_dt": "1455932602", "route_id": "Red", "dwell_time_sec": "67"}, {"arr_dt": "1455933023", "direction": "0", "dep_dt": "1455933117", "route_id": "Red", "dwell_time_sec": "94"}, {"arr_dt": "1455933248", "direction": "0", "dep_dt": "1455933308", "route_id": "Red", "dwell_time_sec": "60"}, {"arr_dt": "1455933882", "direction": "0", "dep_dt": "1455933972", "route_id": "Red", "dwell_time_sec": "90"}, {"arr_dt": "1455934324", "direction": "0", "dep_dt": "1455934407", "route_id": "Red", "dwell_time_sec": "83"}, {"arr_dt": "1455934790", "direction": "0", "dep_dt": "1455934863", "route_id": "Red", "dwell_time_sec": "73"}, {"arr_dt": "1455935008", "direction": "0", "dep_dt": "1455935074", "route_id": "Red", "dwell_time_sec": "66"}, {"arr_dt": "1455935312", "direction": "0", "dep_dt": "1455935369", "route_id": "Red", "dwell_time_sec": "57"}, {"arr_dt": "1455935789", "direction": "0", "dep_dt": "1455935871", "route_id": "Red", "dwell_time_sec": "82"}, {"arr_dt": "1455936142", "direction": "0", "dep_dt": "1455936231", "route_id": "Red", "dwell_time_sec": "89"}, {"arr_dt": "1455936336", "direction": "0", "dep_dt": "1455936427", "route_id": "Red", "dwell_time_sec": "91"}, {"arr_dt": "1455936534", "direction": "0", "dep_dt": "1455936605", "route_id": "Red", "dwell_time_sec": "71"}, {"arr_dt": "1455936999", "direction": "0", "dep_dt": "1455937075", "route_id": "Red", "dwell_time_sec": "76"}, {"arr_dt": "1455937214", "direction": "0", "dep_dt": "1455937284", "route_id": "Red", "dwell_time_sec": "70"}, {"arr_dt": "1455937387", "direction": "0", "dep_dt": "1455937454", "route_id": "Red", "dwell_time_sec": "67"}, {"arr_dt": "1455937758", "direction": "0", "dep_dt": "1455937823", "route_id": "Red", "dwell_time_sec": "65"}, {"arr_dt": "1455938097", "direction": "0", "dep_dt": "1455938169", "route_id": "Red", "dwell_time_sec": "72"}, {"arr_dt": "1455938494", "direction": "0", "dep_dt": "1455938563", "route_id": "Red", "dwell_time_sec": "69"}, {"arr_dt": "1455938722", "direction": "0", "dep_dt": "1455938781", "route_id": "Red", "dwell_time_sec": "59"}, {"arr_dt": "1455939281", "direction": "0", "dep_dt": "1455939370", "route_id": "Red", "dwell_time_sec": "89"}, {"arr_dt": "1455939569", "direction": "0", "dep_dt": "1455939643", "route_id": "Red", "dwell_time_sec": "74"}, {"arr_dt": "1455940100", "direction": "0", "dep_dt": "1455940207", "route_id": "Red", "dwell_time_sec": "107"}, {"arr_dt": "1455940296", "direction": "0", "dep_dt": "1455940369", "route_id": "Red", "dwell_time_sec": "73"}, {"arr_dt": "1455940584", "direction": "0", "dep_dt": "1455940635", "route_id": "Red", "dwell_time_sec": "51"}, {"arr_dt": "1455941162", "direction": "0", "dep_dt": "1455941247", "route_id": "Red", "dwell_time_sec": "85"}, {"arr_dt": "1455941658", "direction": "0", "dep_dt": "1455941735", "route_id": "Red", "dwell_time_sec": "77"}, {"arr_dt": "1455941976", "direction": "0", "dep_dt": "1455942048", "route_id": "Red", "dwell_time_sec": "72"}, {"arr_dt": "1455942275", "direction": "0", "dep_dt": "1455942348", "route_id": "Red", "dwell_time_sec": "73"}, {"arr_dt": "1455942583", "direction": "0", "dep_dt": "1455942648", "route_id": "Red", "dwell_time_sec": "65"}, {"arr_dt": "1455942768", "direction": "0", "dep_dt": "1455942832", "route_id": "Red", "dwell_time_sec": "64"}, {"arr_dt": "1455943133", "direction": "0", "dep_dt": "1455943207", "route_id": "Red", "dwell_time_sec": "74"}, {"arr_dt": "1455943663", "direction": "0", "dep_dt": "1455943732", "route_id": "Red", "dwell_time_sec": "69"}, {"arr_dt": "1455943936", "direction": "0", "dep_dt": "1455943999", "route_id": "Red", "dwell_time_sec": "63"}, {"arr_dt": "1455944173", "direction": "0", "dep_dt": "1455944236", "route_id": "Red", "dwell_time_sec": "63"}]}