{"dwell_times": [{"arr_dt": "1465444997", "direction": "0", "dep_dt": "1465445071", "route_id": "Red", "dwell_time_sec": "74"}, {"arr_dt": "1465445282", "direction": "0", "dep_dt": "1465445342", "route_id": "Red", "dwell_time_sec": "60"}, {"arr_dt": "1465445769", "direction": "0", "dep_dt": "1465445841", "route_id": "Red", "dwell_time_sec": "72"}, {"arr_dt": "1465446130", "direction": "0", "dep_dt": "1465446192", "route_id": "Red", "dwell_time_sec": "62"}, {"arr_dt": "1465446631", "direction": "0", "dep_dt": "1465446702", "route_id": "Red", "dwell_time_sec": "71"}, {"arr_dt": "1465446954", "direction": "0", "dep_dt": "1465447009", "route_id": "Red", "dwell_time_sec": "55"}, {"arr_dt": "1465447858", "direction": "0", "dep_dt": "1465450237", "route_id": "Red", "dwell_time_sec": "2379"}, {"arr_dt": "1465464777", "direction": "0", "dep_dt": "1465464826", "route_id": "Red", "dwell_time_sec": "49"}, {"arr_dt": "1465465362", "direction": "0", "dep_dt": "1465465453", "route_id": "Red", "dwell_time_sec": "91"}, {"arr_dt": "1465465640", "direction": "0", "dep_dt": "1465465702", "route_id": "Red", "dwell_time_sec": "62"}, {"arr_dt": "1465466070", "direction": "0", "dep_dt": "1465466143", "route_id": "Red", "dwell_time_sec": "73"}, {"arr_dt": "1465466484", "direction": "0", "dep_dt": "1465466543", "route_id": "Red", "dwell_time_sec": "59"}, {"arr_dt": "1465467077", "direction": "0", "dep_dt": "1465467150", "route_id": "Red", "dwell_time_sec": "73"}, {"arr_dt": "1465467486", "direction": "0", "dep_dt": "1465467542", "route_id": "Red", "dwell_time_sec": "56"}, {"arr_dt": "1465467859", "direction": "0", "dep_dt": "1465467915", "route_id": "Red", "dwell_time_sec": "56"}, {"arr_dt": "1465468387", "direction": "0", "dep_dt": "1465468478", "route_id": "Red", "dwell_time_sec": "91"}, {"arr_dt": "1465468586", "direction": "0", "dep_dt": "1465468681", "route_id": "Red", "dwell_time_sec": "95"}, {"arr_dt": "1465469093", "direction": "0", "dep_dt": "1465469176", "route_id": "Red", "dwell_time_sec": "83"}, {"arr_dt": "1465469482", "direction": "0", "dep_dt": "1465469562", "route_id": "Red", "dwell_time_sec": "80"}, {"arr_dt": "1465469974", "direction": "0", "dep_dt": "1465470054", "route_id": "Red", "dwell_time_sec": "80"}, {"arr_dt": "1465470250", "direction": "0", "dep_dt": "1465470312", "route_id": "Red", "dwell_time_sec": "62"}, {"arr_dt": "1465470443", "direction": "0", "dep_dt": "1465470505", "route_id": "Red", "dwell_time_sec": "62"}, {"arr_dt": "1465470714", "direction": "0", "dep_dt": "1465470798", "route_id": "Red", "dwell_time_sec": "84"}, {"arr_dt": "1465470890", "direction": "0", "dep_dt": "1465470961", "route_id": "Red", "dwell_time_sec": "71"}, {"arr_dt": "1465471090", "direction": "0", "dep_dt": "1465471159", "route_id": "Red", "dwell_time_sec": "69"}, {"arr_dt": "1465471330", "direction": "0", "dep_dt": "1465471409", "route_id": "Red", "dwell_time_sec": "79"}, {"arr_dt": "1465471621", "direction": "0", "dep_dt": "1465471707", "route_id": "Red", "dwell_time_sec": "86"}, {"arr_dt": "1465471838", "direction": "0", "dep_dt": "1465471937", "route_id": "Red", "dwell_time_sec": "99"}, {"arr_dt": "1465472217", "direction": "0", "dep_dt": "1465472317", "route_id": "Red", "dwell_time_sec": "100"}, {"arr_dt": "1465472428", "direction": "0", "dep_dt": "1465472504", "route_id": "Red", "dwell_time_sec": "76"}, {"arr_dt": "1465472613", "direction": "0", "dep_dt": "1465472706", "route_id": "Red", "dwell_time_sec": "93"}, {"arr_dt": "1465472813", "direction": "0", "dep_dt": "1465472880", "route_id": "Red", "dwell_time_sec": "67"}, {"arr_dt": "1465473007", "direction": "0", "dep_dt": "1465473089", "route_id": "Red", "dwell_time_sec": "82"}, {"arr_dt": "1465473221", "direction": "0", "dep_dt": "1465473338", "route_id": "Red", "dwell_time_sec": "117"}, {"arr_dt": "1465473410", "direction": "0", "dep_dt": "1465473490", "route_id": "Red", "dwell_time_sec": "80"}, {"arr_dt": "1465473591", "direction": "0", "dep_dt": "1465473671", "route_id": "Red", "dwell_time_sec": "80"}, {"arr_dt": "1465473793", "direction": "0", "dep_dt": "1465473886", "route_id": "Red", "dwell_time_sec": "93"}, {"arr_dt": "1465474050", "direction": "0", "dep_dt": "1465474142", "route_id": "Red", "dwell_time_sec": "92"}, {"arr_dt": "1465474357", "direction": "0", "dep_dt": "1465474460", "route_id": "Red", "dwell_time_sec": "103"}, {"arr_dt": "1465474580", "direction": "0", "dep_dt": "1465474716", "route_id": "Red", "dwell_time_sec": "136"}, {"arr_dt": "1465474887", "direction": "0", "dep_dt": "1465474988", "route_id": "Red", "dwell_time_sec": "101"}, {"arr_dt": "1465475333", "direction": "0", "dep_dt": "1465475474", "route_id": "Red", "dwell_time_sec": "141"}, {"arr_dt": "1465475678", "direction": "0", "dep_dt": "1465475801", "route_id": "Red", "dwell_time_sec": "123"}, {"arr_dt": "1465476071", "direction": "0", "dep_dt": "1465476211", "route_id": "Red", "dwell_time_sec": "140"}, {"arr_dt": "1465476319", "direction": "0", "dep_dt": "1465476444", "route_id": "Red", "dwell_time_sec": "125"}, {"arr_dt": "1465476589", "direction": "0", "dep_dt": "1465476686", "route_id": "Red", "dwell_time_sec": "97"}, {"arr_dt": "1465476822", "direction": "0", "dep_dt": "1465476925", "route_id": "Red", "dwell_time_sec": "103"}, {"arr_dt": "1465477008", "direction": "0", "dep_dt": "1465477089", "route_id": "Red", "dwell_time_sec": "81"}, {"arr_dt": "1465477192", "direction": "0", "dep_dt": "1465477284", "route_id": "Red", "dwell_time_sec": "92"}, {"arr_dt": "1465477391", "direction": "0", "dep_dt": "1465477492", "route_id": "Red", "dwell_time_sec": "101"}, {"arr_dt": "1465477627", "direction": "0", "dep_dt": "1465477710", "route_id": "Red", "dwell_time_sec": "83"}, {"arr_dt": "1465477805", "direction": "0", "dep_dt": "1465477888", "route_id": "Red", "dwell_time_sec": "83"}, {"arr_dt": "1465477992", "direction": "0", "dep_dt": "1465478099", "route_id": "Red", "dwell_time_sec": "107"}, {"arr_dt": "1465478180", "direction": "0", "dep_dt": "1465478287", "route_id": "Red", "dwell_time_sec": "107"}, {"arr_dt": "1465478395", "direction": "0", "dep_dt": "1465478489", "route_id": "Red", "dwell_time_sec": "94"}, {"arr_dt": "1465478571", "direction": "0", "dep_dt": "1465478650", "route_id": "Red", "dwell_time_sec": "79"}, {"arr_dt": "1465478775", "direction": "0", "dep_dt": "1465478861", "route_id": "Red", "dwell_time_sec": "86"}, {"arr_dt": "1465478975", "direction": "0", "dep_dt": "1465479048", "route_id": "Red", "dwell_time_sec": "73"}, {"arr_dt": "1465479419", "direction": "0", "dep_dt": "1465479499", "route_id": "Red", "dwell_time_sec": "80"}, {"arr_dt": "1465479660", "direction": "0", "dep_dt": "1465479736", "route_id": "Red", "dwell_time_sec": "76"}, {"arr_dt": "1465479841", "direction": "0", "dep_dt": "1465479919", "route_id": "Red", "dwell_time_sec": "78"}, {"arr_dt": "1465480078", "direction": "0", "dep_dt": "1465480211", "route_id": "Red", "dwell_time_sec": "133"}, {"arr_dt": "1465480313", "direction": "0", "dep_dt": "1465480412", "route_id": "Red", "dwell_time_sec": "99"}, {"arr_dt": "1465480544", "direction": "0", "dep_dt": "1465480630", "route_id": "Red", "dwell_time_sec": "86"}, {"arr_dt": "1465480868", "direction": "0", "dep_dt": "1465480955", "route_id": "Red", "dwell_time_sec": "87"}, {"arr_dt": "1465481050", "direction": "0", "dep_dt": "1465481129", "route_id": "Red", "dwell_time_sec": "79"}, {"arr_dt": "1465481296", "direction": "0", "dep_dt": "1465481375", "route_id": "Red", "dwell_time_sec": "79"}, {"arr_dt": "1465481476", "direction": "0", "dep_dt": "1465481555", "route_id": "Red", "dwell_time_sec": "79"}, {"arr_dt": "1465481878", "direction": "0", "dep_dt": "1465481959", "route_id": "Red", "dwell_time_sec": "81"}, {"arr_dt": "1465482072", "direction": "0", "dep_dt": "1465482150", "route_id": "Red", "dwell_time_sec": "78"}, {"arr_dt": "1465482262", "direction": "0", "dep_dt": "1465482325", "route_id": "Red", "dwell_time_sec": "63"}, {"arr_dt": "1465482429", "direction": "0", "dep_dt": "1465482493", "route_id": "Red", "dwell_time_sec": "64"}, {"arr_dt": "1465482677", "direction": "0", "dep_dt": "1465482738", "route_id": "Red", "dwell_time_sec": "61"}, {"arr_dt": "1465482994", "direction": "0", "dep_dt": "1465483063", "route_id": "Red", "dwell_time_sec": "69"}, {"arr_dt": "1465483448", "direction": "0", "dep_dt": "1465483517", "route_id": "Red", "dwell_time_sec": "69"}, {"arr_dt": "1465483708", "direction": "0", "dep_dt": "1465483768", "route_id": "Red", "dwell_time_sec": "60"}, {"arr_dt": "1465483897", "direction": "0", "dep_dt": "1465483963", "route_id": "Red", "dwell_time_sec": "66"}, {"arr_dt": "1465484266", "direction": "0", "dep_dt": "1465484345", "route_id": "Red", "dwell_time_sec": "79"}, {"arr_dt": "1465484508", "direction": "0", "dep_dt": "1465484571", "route_id": "Red", "dwell_time_sec": "63"}, {"arr_dt": "1465484959", "direction": "0", "dep_dt": "1465485074", "route_id": "Red", "dwell_time_sec": "115"}, {"arr_dt": "1465485333", "direction": "0", "dep_dt": "1465485413", "route_id": "Red", "dwell_time_sec": "80"}, {"arr_dt": "1465485710", "direction": "0", "dep_dt": "1465485771", "route_id": "Red", "dwell_time_sec": "61"}, {"arr_dt": "1465486136", "direction": "0", "dep_dt": "1465486205", "route_id": "Red", "dwell_time_sec": "69"}, {"arr_dt": "1465486456", "direction": "0", "dep_dt": "1465486545", "route_id": "Red", "dwell_time_sec": "89"}, {"arr_dt": "1465487226", "direction": "0", "dep_dt": "1465487327", "route_id": "Red", "dwell_time_sec": "101"}, {"arr_dt": "1465487458", "direction": "0", "dep_dt": "1465487550", "route_id": "Red", "dwell_time_sec": "92"}, {"arr_dt": "1465487806", "direction": "0", "dep_dt": "1465487881", "route_id": "Red", "dwell_time_sec": "75"}, {"arr_dt": "1465488073", "direction": "0", "dep_dt": "1465488135", "route_id": "Red", "dwell_time_sec": "62"}, {"arr_dt": "1465488379", "direction": "0", "dep_dt": "1465488451", "route_id": "Red", "dwell_time_sec": "72"}, {"arr_dt": "1465488971", "direction": "0", "dep_dt": "1465489063", "route_id": "Red", "dwell_time_sec": "92"}, {"arr_dt": "1465489341", "direction": "0", "dep_dt": "1465489409", "route_id": "Red", "dwell_time_sec": "68"}, {"arr_dt": "1465489735", "direction": "0", "dep_dt": "1465489828", "route_id": "Red", "dwell_time_sec": "93"}, {"arr_dt": "1465490241", "direction": "0", "dep_dt": "1465490312", "route_id": "Red", "dwell_time_sec": "71"}, {"arr_dt": "1465490675", "direction": "0", "dep_dt": "1465490744", "route_id": "Red", "dwell_time_sec": "69"}, {"arr_dt": "1465491096", "direction": "0", "dep_dt": "1465491168", "route_id": "Red", "dwell_time_sec": "72"}, {"arr_dt": "1465491572", "direction": "0", "dep_dt": "1465491685", "route_id": "Red", "dwell_time_sec": "113"}, {"arr_dt": "1465491984", "direction": "0", "dep_dt": "1465492050", "route_id": "Red", "dwell_time_sec": "66"}, {"arr_dt": "1465492468", "direction": "0", "dep_dt": "1465492549", "route_id": "Red", "dwell_time_sec": "81"}, {"arr_dt": "1465493118", "direction": "0", "dep_dt": "1465493202", "route_id": "Red", "dwell_time_sec": "84"}, {"arr_dt": "1465493362", "direction": "0", "dep_dt": "1465493452", "route_id": "Red", "dwell_time_sec": "90"}, {"arr_dt": "1465497617", "direction": "0", "dep_dt": "1465497703", "route_id": "Red", "dwell_time_sec": "86"}, {"arr_dt": "1465498114", "direction": "0", "dep_dt": "1465498211", "route_id": "Red", "dwell_time_sec": "97"}, {"arr_dt": "1465498675", "direction": "0", "dep_dt": "1465498779", "route_id": "Red", "dwell_time_sec": "104"}, {"arr_dt": "1465499030", "direction": "0", "dep_dt": "1465499169", "route_id": "Red", "dwell_time_sec": "139"}, {"arr_dt": "1465499762", "direction": "0", "dep_dt": "1465499863", "route_id": "Red", "dwell_time_sec": "101"}, {"arr_dt": "1465500003", "direction": "0", "dep_dt": "1465500113", "route_id": "Red", "dwell_time_sec": "110"}, {"arr_dt": "1465500373", "direction": "0", "dep_dt": "1465500503", "route_id": "Red", "dwell_time_sec": "130"}, {"arr_dt": "1465500830", "direction": "0", "dep_dt": "1465500961", "route_id": "Red", "dwell_time_sec": "131"}, {"arr_dt": "1465501196", "direction": "0", "dep_dt": "1465501268", "route_id": "Red", "dwell_time_sec": "72"}, {"arr_dt": "1465501492", "direction": "0", "dep_dt": "1465501582", "route_id": "Red", "dwell_time_sec": "90"}, {"arr_dt": "1465501903", "direction": "0", "dep_dt": "1465501999", "route_id": "Red", "dwell_time_sec": "96"}, {"arr_dt": "1465502202", "direction": "0", "dep_dt": "1465502295", "route_id": "Red", "dwell_time_sec": "93"}, {"arr_dt": "1465502564", "direction": "0", "dep_dt": "1465502657", "route_id": "Red", "dwell_time_sec": "93"}, {"arr_dt": "1465502929", "direction": "0", "dep_dt": "1465503038", "route_id": "Red", "dwell_time_sec": "109"}, {"arr_dt": "1465503120", "direction": "0", "dep_dt": "1465503214", "route_id": "Red", "dwell_time_sec": "94"}, {"arr_dt": "1465503359", "direction": "0", "dep_dt": "1465503422", "route_id": "Red", "dwell_time_sec": "63"}, {"arr_dt": "1465503540", "direction": "0", "dep_dt": "1465503609", "route_id": "Red", "dwell_time_sec": "69"}, {"arr_dt": "1465503882", "direction": "0", "dep_dt": "1465503983", "route_id": "Red", "dwell_time_sec": "101"}, {"arr_dt": "1465504107", "direction": "0", "dep_dt": "1465504221", "route_id": "Red", "dwell_time_sec": "114"}, {"arr_dt": "1465504456", "direction": "0", "dep_dt": "1465504567", "route_id": "Red", "dwell_time_sec": "111"}, {"arr_dt": "1465504661", "direction": "0", "dep_dt": "1465504738", "route_id": "Red", "dwell_time_sec": "77"}, {"arr_dt": "1465504904", "direction": "0", "dep_dt": "1465505021", "route_id": "Red", "dwell_time_sec": "117"}, {"arr_dt": "1465505135", "direction": "0", "dep_dt": "1465505231", "route_id": "Red", "dwell_time_sec": "96"}, {"arr_dt": "1465505631", "direction": "0", "dep_dt": "1465505781", "route_id": "Red", "dwell_time_sec": "150"}, {"arr_dt": "1465505851", "direction": "0", "dep_dt": "1465505944", "route_id": "Red", "dwell_time_sec": "93"}, {"arr_dt": "1465506094", "direction": "0", "dep_dt": "1465506180", "route_id": "Red", "dwell_time_sec": "86"}, {"arr_dt": "1465506296", "direction": "0", "dep_dt": "1465506395", "route_id": "Red", "dwell_time_sec": "99"}, {"arr_dt": "1465506526", "direction": "0", "dep_dt": "1465506642", "route_id": "Red", "dwell_time_sec": "116"}, {"arr_dt": "1465506754", "direction": "0", "dep_dt": "1465506874", "route_id": "Red", "dwell_time_sec": "120"}, {"arr_dt": "1465506988", "direction": "0", "dep_dt": "1465507087", "route_id": "Red", "dwell_time_sec": "99"}, {"arr_dt": "1465507231", "direction": "0", "dep_dt": "1465507357", "route_id": "Red", "dwell_time_sec": "126"}, {"arr_dt": "1465507468", "direction": "0", "dep_dt": "1465507570", "route_id": "Red", "dwell_time_sec": "102"}, {"arr_dt": "1465507739", "direction": "0", "dep_dt": "1465507837", "route_id": "Red", "dwell_time_sec": "98"}, {"arr_dt": "1465507944", "direction": "0", "dep_dt": "1465508048", "route_id": "Red", "dwell_time_sec": "104"}, {"arr_dt": "1465508177", "direction": "0", "dep_dt": "1465508277", "route_id": "Red", "dwell_time_sec": "100"}, {"arr_dt": "1465508383", "direction": "0", "dep_dt": "1465508500", "route_id": "Red", "dwell_time_sec": "117"}, {"arr_dt": "1465508657", "direction": "0", "dep_dt": "1465508763", "route_id": "Red", "dwell_time_sec": "106"}, {"arr_dt": "1465508930", "direction": "0", "dep_dt": "1465509029", "route_id": "Red", "dwell_time_sec": "99"}, {"arr_dt": "1465509148", "direction": "0", "dep_dt": "1465509247", "route_id": "Red", "dwell_time_sec": "99"}, {"arr_dt": "1465509339", "direction": "0", "dep_dt": "1465509463", "route_id": "Red", "dwell_time_sec": "124"}, {"arr_dt": "1465509633", "direction": "0", "dep_dt": "1465509748", "route_id": "Red", "dwell_time_sec": "115"}, {"arr_dt": "1465509841", "direction": "0", "dep_dt": "1465509927", "route_id": "Red", "dwell_time_sec": "86"}, {"arr_dt": "1465510039", "direction": "0", "dep_dt": "1465510301", "route_id": "Red", "dwell_time_sec": "262"}, {"arr_dt": "1465510473", "direction": "0", "dep_dt": "1465510572", "route_id": "Red", "dwell_time_sec": "99"}, {"arr_dt": "1465511136", "direction": "0", "dep_dt": "1465511291", "route_id": "Red", "dwell_time_sec": "155"}, {"arr_dt": "1465511364", "direction": "0", "dep_dt": "1465511485", "route_id": "Red", "dwell_time_sec": "121"}, {"arr_dt": "1465511656", "direction": "0", "dep_dt": "1465511735", "route_id": "Red", "dwell_time_sec": "79"}, {"arr_dt": "1465511907", "direction": "0", "dep_dt": "1465512030", "route_id": "Red", "dwell_time_sec": "123"}, {"arr_dt": "1465512114", "direction": "0", "dep_dt": "1465512249", "route_id": "Red", "dwell_time_sec": "135"}, {"arr_dt": "1465512350", "direction": "0", "dep_dt": "1465512451", "route_id": "Red", "dwell_time_sec": "101"}, {"arr_dt": "1465512559", "direction": "0", "dep_dt": "1465512653", "route_id": "Red", "dwell_time_sec": "94"}, {"arr_dt": "1465512733", "direction": "0", "dep_dt": "1465512827", "route_id": "Red", "dwell_time_sec": "94"}, {"arr_dt": "1465513167", "direction": "0", "dep_dt": "1465513278", "route_id": "Red", "dwell_time_sec": "111"}, {"arr_dt": "1465513377", "direction": "0", "dep_dt": "1465513471", "route_id": "Red", "dwell_time_sec": "94"}, {"arr_dt": "1465513571", "direction": "0", "dep_dt": "1465513661", "route_id": "Red", "dwell_time_sec": "90"}, {"arr_dt": "1465513771", "direction": "0", "dep_dt": "1465513845", "route_id": "Red", "dwell_time_sec": "74"}, {"arr_dt": "1465513951", "direction": "0", "dep_dt": "1465514028", "route_id": "Red", "dwell_time_sec": "77"}, {"arr_dt": "1465514130", "direction": "0", "dep_dt": "1465514197", "route_id": "Red", "dwell_time_sec": "67"}, {"arr_dt": "1465514412", "direction": "0", "dep_dt": "1465514488", "route_id": "Red", "dwell_time_sec": "76"}, {"arr_dt": "1465514620", "direction": "0", "dep_dt": "1465514693", "route_id": "Red", "dwell_time_sec": "73"}, {"arr_dt": "1465514800", "direction": "0", "dep_dt": "1465514864", "route_id": "Red", "dwell_time_sec": "64"}, {"arr_dt": "1465515051", "direction": "0", "dep_dt": "1465515128", "route_id": "Red", "dwell_time_sec": "77"}, {"arr_dt": "1465515227", "direction": "0", "dep_dt": "1465515314", "route_id": "Red", "dwell_time_sec": "87"}, {"arr_dt": "1465515482", "direction": "0", "dep_dt": "1465515551", "route_id": "Red", "dwell_time_sec": "69"}, {"arr_dt": "1465515761", "direction": "0", "dep_dt": "1465515829", "route_id": "Red", "dwell_time_sec": "68"}, {"arr_dt": "1465515933", "direction": "0", "dep_dt": "1465515990", "route_id": "Red", "dwell_time_sec": "57"}, {"arr_dt": "1465516329", "direction": "0", "dep_dt": "1465516399", "route_id": "Red", "dwell_time_sec": "70"}, {"arr_dt": "1465516635", "direction": "0", "dep_dt": "1465516721", "route_id": "Red", "dwell_time_sec": "86"}, {"arr_dt": "1465516977", "direction": "0", "dep_dt": "1465517052", "route_id": "Red", "dwell_time_sec": "75"}, {"arr_dt": "1465517330", "direction": "0", "dep_dt": "1465517389", "route_id": "Red", "dwell_time_sec": "59"}, {"arr_dt": "1465518879", "direction": "0", "dep_dt": "1465518990", "route_id": "Red", "dwell_time_sec": "111"}, {"arr_dt": "1465519379", "direction": "0", "dep_dt": "1465519465", "route_id": "Red", "dwell_time_sec": "86"}, {"arr_dt": "1465519572", "direction": "0", "dep_dt": "1465519656", "route_id": "Red", "dwell_time_sec": "84"}, {"arr_dt": "1465519753", "direction": "0", "dep_dt": "1465519833", "route_id": "Red", "dwell_time_sec": "80"}, {"arr_dt": "1465519933", "direction": "0", "dep_dt": "1465519995", "route_id": "Red", "dwell_time_sec": "62"}, {"arr_dt": "1465520313", "direction": "0", "dep_dt": "1465520392", "route_id": "Red", "dwell_time_sec": "79"}, {"arr_dt": "1465520477", "direction": "0", "dep_dt": "1465520559", "route_id": "Red", "dwell_time_sec": "82"}, {"arr_dt": "1465520656", "direction": "0", "dep_dt": "1465520730", "route_id": "Red", "dwell_time_sec": "74"}, {"arr_dt": "1465520828", "direction": "0", "dep_dt": "1465520905", "route_id": "Red", "dwell_time_sec": "77"}, {"arr_dt": "1465521005", "direction": "0", "dep_dt": "1465521073", "route_id": "Red", "dwell_time_sec": "68"}, {"arr_dt": "1465521178", "direction": "0", "dep_dt": "1465521267", "route_id": "Red", "dwell_time_sec": "89"}, {"arr_dt": "1465521454", "direction": "0", "dep_dt": "1465521536", "route_id": "Red", "dwell_time_sec": "82"}, {"arr_dt": "1465521905", "direction": "0", "dep_dt": "1465521998", "route_id": "Red", "dwell_time_sec": "93"}, {"arr_dt": "1465522147", "direction": "0", "dep_dt": "1465522235", "route_id": "Red", "dwell_time_sec": "88"}, {"arr_dt": "1465522489", "direction": "0", "dep_dt": "1465522558", "route_id": "Red", "dwell_time_sec": "69"}, {"arr_dt": "1465523265", "direction": "0", "dep_dt": "1465523348", "route_id": "Red", "dwell_time_sec": "83"}, {"arr_dt": "1465523444", "direction": "0", "dep_dt": "1465523515", "route_id": "Red", "dwell_time_sec": "71"}, {"arr_dt": "1465524005", "direction": "0", "dep_dt": "1465524091", "route_id": "Red", "dwell_time_sec": "86"}, {"arr_dt": "1465524520", "direction": "0", "dep_dt": "1465524614", "route_id": "Red", "dwell_time_sec": "94"}, {"arr_dt": "1465524725", "direction": "0", "dep_dt": "1465524804", "route_id": "Red", "dwell_time_sec": "79"}, {"arr_dt": "1465525022", "direction": "0", "dep_dt": "1465525090", "route_id": "Red", "dwell_time_sec": "68"}, {"arr_dt": "1465525501", "direction": "0", "dep_dt": "1465525572", "route_id": "Red", "dwell_time_sec": "71"}, {"arr_dt": "1465526638", "direction": "0", "dep_dt": "1465526699", "route_id": "Red", "dwell_time_sec": "61"}, {"arr_dt": "1465527187", "direction": "0", "dep_dt": "1465527250", "route_id": "Red", "dwell_time_sec": "63"}, {"arr_dt": "1465527501", "direction": "0", "dep_dt": "1465527564", "route_id": "Red", "dwell_time_sec": "63"}, {"arr_dt": "1465527724", "direction": "0", "dep_dt": "1465527781", "route_id": "Red", "dwell_time_sec": "57"}, {"arr_dt": "1465528403", "direction": "0", "dep_dt": "1465528484", "route_id": "Red", "dwell_time_sec": "81"}, {"arr_dt": "1465528624", "direction": "0", "dep_dt": "1465528780", "route_id": "Red", "dwell_time_sec": "156"}, {"arr_dt": "1465529046", "direction": "0", "dep_dt": "1465529116", "route_id": "Red", "dwell_time_sec": "70"}, {"arr_dt": "1465529214", "direction": "0", "dep_dt": "1465529285", "route_id": "Red", "dwell_time_sec": "71"}, {"arr_dt": "1465529470", "direction": "0", "dep_dt": "1465529520", "route_id": "Red", "dwell_time_sec": "50"}, {"arr_dt": "1465529882", "direction": "0", "dep_dt": "1465529958", "route_id": "Red", "dwell_time_sec": "76"}, {"arr_dt": "1465530370", "direction": "0", "dep_dt": "1465530437", "route_id": "Red", "dwell_time_sec": "67"}, {"arr_dt": "1465530543", "direction": "0", "dep_dt": "1465530629", "route_id": "Red", "dwell_time_sec": "86"}]}