{"dwell_times": [{"arr_dt": "1453093074", "direction": "0", "dep_dt": "1453093212", "route_id": "Red", "dwell_time_sec": "138"}, {"arr_dt": "1453093435", "direction": "0", "dep_dt": "1453093627", "route_id": "Red", "dwell_time_sec": "192"}, {"arr_dt": "1453093750", "direction": "0", "dep_dt": "1453093916", "route_id": "Red", "dwell_time_sec": "166"}, {"arr_dt": "1453095526", "direction": "0", "dep_dt": "1453095619", "route_id": "Red", "dwell_time_sec": "93"}, {"arr_dt": "1453095872", "direction": "0", "dep_dt": "1453096042", "route_id": "Red", "dwell_time_sec": "170"}, {"arr_dt": "1453096590", "direction": "0", "dep_dt": "1453096683", "route_id": "Red", "dwell_time_sec": "93"}, {"arr_dt": "1453113467", "direction": "0", "dep_dt": "1453113528", "route_id": "Red", "dwell_time_sec": "61"}, {"arr_dt": "1453113683", "direction": "0", "dep_dt": "1453113737", "route_id": "Red", "dwell_time_sec": "54"}, {"arr_dt": "1453114247", "direction": "0", "dep_dt": "1453114319", "route_id": "Red", "dwell_time_sec": "72"}, {"arr_dt": "1453114619", "direction": "0", "dep_dt": "1453114681", "route_id": "Red", "dwell_time_sec": "62"}, {"arr_dt": "1453114979", "direction": "0", "dep_dt": "1453115045", "route_id": "Red", "dwell_time_sec": "66"}, {"arr_dt": "1453115604", "direction": "0", "dep_dt": "1453115675", "route_id": "Red", "dwell_time_sec": "71"}, {"arr_dt": "1453116240", "direction": "0", "dep_dt": "1453116301", "route_id": "Red", "dwell_time_sec": "61"}, {"arr_dt": "1453116946", "direction": "0", "dep_dt": "1453117000", "route_id": "Red", "dwell_time_sec": "54"}, {"arr_dt": "1453117537", "direction": "0", "dep_dt": "1453117606", "route_id": "Red", "dwell_time_sec": "69"}, {"arr_dt": "1453118102", "direction": "0", "dep_dt": "1453118180", "route_id": "Red", "dwell_time_sec": "78"}, {"arr_dt": "1453118605", "direction": "0", "dep_dt": "1453118665", "route_id": "Red", "dwell_time_sec": "60"}, {"arr_dt": "1453118766", "direction": "0", "dep_dt": "1453118851", "route_id": "Red", "dwell_time_sec": "85"}, {"arr_dt": "1453118971", "direction": "0", "dep_dt": "1453119044", "route_id": "Red", "dwell_time_sec": "73"}, {"arr_dt": "1453119424", "direction": "0", "dep_dt": "1453119488", "route_id": "Red", "dwell_time_sec": "64"}, {"arr_dt": "1453119970", "direction": "0", "dep_dt": "1453120037", "route_id": "Red", "dwell_time_sec": "67"}, {"arr_dt": "1453120527", "direction": "0", "dep_dt": "1453120607", "route_id": "Red", "dwell_time_sec": "80"}, {"arr_dt": "1453120821", "direction": "0", "dep_dt": "1453120899", "route_id": "Red", "dwell_time_sec": "78"}, {"arr_dt": "1453121083", "direction": "0", "dep_dt": "1453121145", "route_id": "Red", "dwell_time_sec": "62"}, {"arr_dt": "1453121572", "direction": "0", "dep_dt": "1453121638", "route_id": "Red", "dwell_time_sec": "66"}, {"arr_dt": "1453121843", "direction": "0", "dep_dt": "1453121916", "route_id": "Red", "dwell_time_sec": "73"}, {"arr_dt": "1453122349", "direction": "0", "dep_dt": "1453122415", "route_id": "Red", "dwell_time_sec": "66"}, {"arr_dt": "1453122929", "direction": "0", "dep_dt": "1453123027", "route_id": "Red", "dwell_time_sec": "98"}, {"arr_dt": "1453123402", "direction": "0", "dep_dt": "1453123468", "route_id": "Red", "dwell_time_sec": "66"}, {"arr_dt": "1453124387", "direction": "0", "dep_dt": "1453124482", "route_id": "Red", "dwell_time_sec": "95"}, {"arr_dt": "1453124608", "direction": "0", "dep_dt": "1453124694", "route_id": "Red", "dwell_time_sec": "86"}, {"arr_dt": "1453124798", "direction": "0", "dep_dt": "1453124887", "route_id": "Red", "dwell_time_sec": "89"}, {"arr_dt": "1453125103", "direction": "0", "dep_dt": "1453125197", "route_id": "Red", "dwell_time_sec": "94"}, {"arr_dt": "1453125786", "direction": "0", "dep_dt": "1453125867", "route_id": "Red", "dwell_time_sec": "81"}, {"arr_dt": "1453125976", "direction": "0", "dep_dt": "1453126043", "route_id": "Red", "dwell_time_sec": "67"}, {"arr_dt": "1453126397", "direction": "0", "dep_dt": "1453126476", "route_id": "Red", "dwell_time_sec": "79"}, {"arr_dt": "1453126884", "direction": "0", "dep_dt": "1453126953", "route_id": "Red", "dwell_time_sec": "69"}, {"arr_dt": "1453127415", "direction": "0", "dep_dt": "1453127491", "route_id": "Red", "dwell_time_sec": "76"}, {"arr_dt": "1453127726", "direction": "0", "dep_dt": "1453127798", "route_id": "Red", "dwell_time_sec": "72"}, {"arr_dt": "1453127898", "direction": "0", "dep_dt": "1453127962", "route_id": "Red", "dwell_time_sec": "64"}, {"arr_dt": "1453128345", "direction": "0", "dep_dt": "1453128411", "route_id": "Red", "dwell_time_sec": "66"}, {"arr_dt": "1453128866", "direction": "0", "dep_dt": "1453128940", "route_id": "Red", "dwell_time_sec": "74"}, {"arr_dt": "1453129526", "direction": "0", "dep_dt": "1453129601", "route_id": "Red", "dwell_time_sec": "75"}, {"arr_dt": "1453130164", "direction": "0", "dep_dt": "1453130238", "route_id": "Red", "dwell_time_sec": "74"}, {"arr_dt": "1453130612", "direction": "0", "dep_dt": "1453130688", "route_id": "Red", "dwell_time_sec": "76"}, {"arr_dt": "1453131186", "direction": "0", "dep_dt": "1453131255", "route_id": "Red", "dwell_time_sec": "69"}, {"arr_dt": "1453132008", "direction": "0", "dep_dt": "1453132077", "route_id": "Red", "dwell_time_sec": "69"}, {"arr_dt": "1453132510", "direction": "0", "dep_dt": "1453132583", "route_id": "Red", "dwell_time_sec": "73"}, {"arr_dt": "1453132702", "direction": "0", "dep_dt": "1453132788", "route_id": "Red", "dwell_time_sec": "86"}, {"arr_dt": "1453133177", "direction": "0", "dep_dt": "1453133268", "route_id": "Red", "dwell_time_sec": "91"}, {"arr_dt": "1453133420", "direction": "0", "dep_dt": "1453133546", "route_id": "Red", "dwell_time_sec": "126"}, {"arr_dt": "1453133788", "direction": "0", "dep_dt": "1453133863", "route_id": "Red", "dwell_time_sec": "75"}, {"arr_dt": "1453134305", "direction": "0", "dep_dt": "1453134382", "route_id": "Red", "dwell_time_sec": "77"}, {"arr_dt": "1453134824", "direction": "0", "dep_dt": "1453134926", "route_id": "Red", "dwell_time_sec": "102"}, {"arr_dt": "1453135300", "direction": "0", "dep_dt": "1453135371", "route_id": "Red", "dwell_time_sec": "71"}, {"arr_dt": "1453135619", "direction": "0", "dep_dt": "1453135685", "route_id": "Red", "dwell_time_sec": "66"}, {"arr_dt": "1453136155", "direction": "0", "dep_dt": "1453136226", "route_id": "Red", "dwell_time_sec": "71"}, {"arr_dt": "1453136633", "direction": "0", "dep_dt": "1453136733", "route_id": "Red", "dwell_time_sec": "100"}, {"arr_dt": "1453137082", "direction": "0", "dep_dt": "1453137152", "route_id": "Red", "dwell_time_sec": "70"}, {"arr_dt": "1453137796", "direction": "0", "dep_dt": "1453137872", "route_id": "Red", "dwell_time_sec": "76"}, {"arr_dt": "1453138152", "direction": "0", "dep_dt": "1453138222", "route_id": "Red", "dwell_time_sec": "70"}, {"arr_dt": "1453138581", "direction": "0", "dep_dt": "1453138657", "route_id": "Red", "dwell_time_sec": "76"}, {"arr_dt": "1453139118", "direction": "0", "dep_dt": "1453139183", "route_id": "Red", "dwell_time_sec": "65"}, {"arr_dt": "1453139521", "direction": "0", "dep_dt": "1453139589", "route_id": "Red", "dwell_time_sec": "68"}, {"arr_dt": "1453139814", "direction": "0", "dep_dt": "1453139869", "route_id": "Red", "dwell_time_sec": "55"}, {"arr_dt": "1453140167", "direction": "0", "dep_dt": "1453140247", "route_id": "Red", "dwell_time_sec": "80"}, {"arr_dt": "1453140566", "direction": "0", "dep_dt": "1453140623", "route_id": "Red", "dwell_time_sec": "57"}, {"arr_dt": "1453141237", "direction": "0", "dep_dt": "1453141324", "route_id": "Red", "dwell_time_sec": "87"}, {"arr_dt": "1453141737", "direction": "0", "dep_dt": "1453141829", "route_id": "Red", "dwell_time_sec": "92"}, {"arr_dt": "1453142077", "direction": "0", "dep_dt": "1453142147", "route_id": "Red", "dwell_time_sec": "70"}, {"arr_dt": "1453142522", "direction": "0", "dep_dt": "1453142594", "route_id": "Red", "dwell_time_sec": "72"}, {"arr_dt": "1453142896", "direction": "0", "dep_dt": "1453142973", "route_id": "Red", "dwell_time_sec": "77"}, {"arr_dt": "1453143103", "direction": "0", "dep_dt": "1453143173", "route_id": "Red", "dwell_time_sec": "70"}, {"arr_dt": "1453143462", "direction": "0", "dep_dt": "1453143528", "route_id": "Red", "dwell_time_sec": "66"}, {"arr_dt": "1453143887", "direction": "0", "dep_dt": "1453144013", "route_id": "Red", "dwell_time_sec": "126"}, {"arr_dt": "1453144304", "direction": "0", "dep_dt": "1453144387", "route_id": "Red", "dwell_time_sec": "83"}, {"arr_dt": "1453144782", "direction": "0", "dep_dt": "1453144844", "route_id": "Red", "dwell_time_sec": "62"}, {"arr_dt": "1453145699", "direction": "0", "dep_dt": "1453145792", "route_id": "Red", "dwell_time_sec": "93"}, {"arr_dt": "1453145919", "direction": "0", "dep_dt": "1453146006", "route_id": "Red", "dwell_time_sec": "87"}, {"arr_dt": "1453146202", "direction": "0", "dep_dt": "1453146296", "route_id": "Red", "dwell_time_sec": "94"}, {"arr_dt": "1453146505", "direction": "0", "dep_dt": "1453146594", "route_id": "Red", "dwell_time_sec": "89"}, {"arr_dt": "1453146979", "direction": "0", "dep_dt": "1453147073", "route_id": "Red", "dwell_time_sec": "94"}, {"arr_dt": "1453147457", "direction": "0", "dep_dt": "1453147540", "route_id": "Red", "dwell_time_sec": "83"}, {"arr_dt": "1453147772", "direction": "0", "dep_dt": "1453147871", "route_id": "Red", "dwell_time_sec": "99"}, {"arr_dt": "1453148133", "direction": "0", "dep_dt": "1453148210", "route_id": "Red", "dwell_time_sec": "77"}, {"arr_dt": "1453148490", "direction": "0", "dep_dt": "1453148568", "route_id": "Red", "dwell_time_sec": "78"}, {"arr_dt": "1453148927", "direction": "0", "dep_dt": "1453149004", "route_id": "Red", "dwell_time_sec": "77"}, {"arr_dt": "1453149557", "direction": "0", "dep_dt": "1453149659", "route_id": "Red", "dwell_time_sec": "102"}, {"arr_dt": "1453149907", "direction": "0", "dep_dt": "1453150017", "route_id": "Red", "dwell_time_sec": "110"}, {"arr_dt": "1453150108", "direction": "0", "dep_dt": "1453150180", "route_id": "Red", "dwell_time_sec": "72"}, {"arr_dt": "1453150523", "direction": "0", "dep_dt": "1453150607", "route_id": "Red", "dwell_time_sec": "84"}, {"arr_dt": "1453151013", "direction": "0", "dep_dt": "1453151117", "route_id": "Red", "dwell_time_sec": "104"}, {"arr_dt": "1453151520", "direction": "0", "dep_dt": "1453151598", "route_id": "Red", "dwell_time_sec": "78"}, {"arr_dt": "1453152033", "direction": "0", "dep_dt": "1453152126", "route_id": "Red", "dwell_time_sec": "93"}, {"arr_dt": "1453152238", "direction": "0", "dep_dt": "1453152333", "route_id": "Red", "dwell_time_sec": "95"}, {"arr_dt": "1453152779", "direction": "0", "dep_dt": "1453152883", "route_id": "Red", "dwell_time_sec": "104"}, {"arr_dt": "1453153259", "direction": "0", "dep_dt": "1453153348", "route_id": "Red", "dwell_time_sec": "89"}, {"arr_dt": "1453153739", "direction": "0", "dep_dt": "1453153842", "route_id": "Red", "dwell_time_sec": "103"}, {"arr_dt": "1453154123", "direction": "0", "dep_dt": "1453154201", "route_id": "Red", "dwell_time_sec": "78"}, {"arr_dt": "1453154481", "direction": "0", "dep_dt": "1453154555", "route_id": "Red", "dwell_time_sec": "74"}, {"arr_dt": "1453154915", "direction": "0", "dep_dt": "1453154998", "route_id": "Red", "dwell_time_sec": "83"}, {"arr_dt": "1453155116", "direction": "0", "dep_dt": "1453155203", "route_id": "Red", "dwell_time_sec": "87"}, {"arr_dt": "1453155718", "direction": "0", "dep_dt": "1453155815", "route_id": "Red", "dwell_time_sec": "97"}, {"arr_dt": "1453156235", "direction": "0", "dep_dt": "1453156316", "route_id": "Red", "dwell_time_sec": "81"}, {"arr_dt": "1453156478", "direction": "0", "dep_dt": "1453156609", "route_id": "Red", "dwell_time_sec": "131"}, {"arr_dt": "1453156913", "direction": "0", "dep_dt": "1453156985", "route_id": "Red", "dwell_time_sec": "72"}, {"arr_dt": "1453157600", "direction": "0", "dep_dt": "1453157686", "route_id": "Red", "dwell_time_sec": "86"}, {"arr_dt": "1453158029", "direction": "0", "dep_dt": "1453158103", "route_id": "Red", "dwell_time_sec": "74"}, {"arr_dt": "1453158283", "direction": "0", "dep_dt": "1453158351", "route_id": "Red", "dwell_time_sec": "68"}, {"arr_dt": "1453158971", "direction": "0", "dep_dt": "1453159063", "route_id": "Red", "dwell_time_sec": "92"}, {"arr_dt": "1453159324", "direction": "0", "dep_dt": "1453159385", "route_id": "Red", "dwell_time_sec": "61"}, {"arr_dt": "1453159575", "direction": "0", "dep_dt": "1453159644", "route_id": "Red", "dwell_time_sec": "69"}, {"arr_dt": "1453159971", "direction": "0", "dep_dt": "1453160036", "route_id": "Red", "dwell_time_sec": "65"}, {"arr_dt": "1453160637", "direction": "0", "dep_dt": "1453160714", "route_id": "Red", "dwell_time_sec": "77"}, {"arr_dt": "1453161013", "direction": "0", "dep_dt": "1453161102", "route_id": "Red", "dwell_time_sec": "89"}, {"arr_dt": "1453161217", "direction": "0", "dep_dt": "1453161311", "route_id": "Red", "dwell_time_sec": "94"}, {"arr_dt": "1453161467", "direction": "0", "dep_dt": "1453161542", "route_id": "Red", "dwell_time_sec": "75"}, {"arr_dt": "1453162035", "direction": "0", "dep_dt": "1453162137", "route_id": "Red", "dwell_time_sec": "102"}, {"arr_dt": "1453162500", "direction": "0", "dep_dt": "1453162575", "route_id": "Red", "dwell_time_sec": "75"}, {"arr_dt": "1453163098", "direction": "0", "dep_dt": "1453163177", "route_id": "Red", "dwell_time_sec": "79"}, {"arr_dt": "1453163490", "direction": "0", "dep_dt": "1453163567", "route_id": "Red", "dwell_time_sec": "77"}, {"arr_dt": "1453163762", "direction": "0", "dep_dt": "1453163842", "route_id": "Red", "dwell_time_sec": "80"}, {"arr_dt": "1453164229", "direction": "0", "dep_dt": "1453164295", "route_id": "Red", "dwell_time_sec": "66"}, {"arr_dt": "1453164831", "direction": "0", "dep_dt": "1453164936", "route_id": "Red", "dwell_time_sec": "105"}, {"arr_dt": "1453165154", "direction": "0", "dep_dt": "1453165224", "route_id": "Red", "dwell_time_sec": "70"}, {"arr_dt": "1453165412", "direction": "0", "dep_dt": "1453165481", "route_id": "Red", "dwell_time_sec": "69"}, {"arr_dt": "1453165888", "direction": "0", "dep_dt": "1453165954", "route_id": "Red", "dwell_time_sec": "66"}, {"arr_dt": "1453166201", "direction": "0", "dep_dt": "1453166261", "route_id": "Red", "dwell_time_sec": "60"}, {"arr_dt": "1453166548", "direction": "0", "dep_dt": "1453166645", "route_id": "Red", "dwell_time_sec": "97"}, {"arr_dt": "1453167000", "direction": "0", "dep_dt": "1453167077", "route_id": "Red", "dwell_time_sec": "77"}, {"arr_dt": "1453167314", "direction": "0", "dep_dt": "1453167438", "route_id": "Red", "dwell_time_sec": "124"}, {"arr_dt": "1453167959", "direction": "0", "dep_dt": "1453168045", "route_id": "Red", "dwell_time_sec": "86"}, {"arr_dt": "1453168204", "direction": "0", "dep_dt": "1453168261", "route_id": "Red", "dwell_time_sec": "57"}, {"arr_dt": "1453168783", "direction": "0", "dep_dt": "1453168861", "route_id": "Red", "dwell_time_sec": "78"}, {"arr_dt": "1453169193", "direction": "0", "dep_dt": "1453169266", "route_id": "Red", "dwell_time_sec": "73"}, {"arr_dt": "1453169482", "direction": "0", "dep_dt": "1453169544", "route_id": "Red", "dwell_time_sec": "62"}, {"arr_dt": "1453170089", "direction": "0", "dep_dt": "1453170151", "route_id": "Red", "dwell_time_sec": "62"}, {"arr_dt": "1453170760", "direction": "0", "dep_dt": "1453170954", "route_id": "Red", "dwell_time_sec": "194"}, {"arr_dt": "1453171074", "direction": "0", "dep_dt": "1453171146", "route_id": "Red", "dwell_time_sec": "72"}, {"arr_dt": "1453171761", "direction": "0", "dep_dt": "1453171822", "route_id": "Red", "dwell_time_sec": "61"}, {"arr_dt": "1453172080", "direction": "0", "dep_dt": "1453172180", "route_id": "Red", "dwell_time_sec": "100"}, {"arr_dt": "1453172544", "direction": "0", "dep_dt": "1453172604", "route_id": "Red", "dwell_time_sec": "60"}, {"arr_dt": "1453173069", "direction": "0", "dep_dt": "1453173148", "route_id": "Red", "dwell_time_sec": "79"}, {"arr_dt": "1453173449", "direction": "0", "dep_dt": "1453173504", "route_id": "Red", "dwell_time_sec": "55"}, {"arr_dt": "1453173901", "direction": "0", "dep_dt": "1453173984", "route_id": "Red", "dwell_time_sec": "83"}, {"arr_dt": "1453174220", "direction": "0", "dep_dt": "1453174285", "route_id": "Red", "dwell_time_sec": "65"}, {"arr_dt": "1453174992", "direction": "0", "dep_dt": "1453175074", "route_id": "Red", "dwell_time_sec": "82"}, {"arr_dt": "1453175384", "direction": "0", "dep_dt": "1453175447", "route_id": "Red", "dwell_time_sec": "63"}, {"arr_dt": "1453175887", "direction": "0", "dep_dt": "1453175966", "route_id": "Red", "dwell_time_sec": "79"}, {"arr_dt": "1453176103", "direction": "0", "dep_dt": "1453176163", "route_id": "Red", "dwell_time_sec": "60"}, {"arr_dt": "1453176329", "direction": "0", "dep_dt": "1453176389", "route_id": "Red", "dwell_time_sec": "60"}, {"arr_dt": "1453176727", "direction": "0", "dep_dt": "1453176856", "route_id": "Red", "dwell_time_sec": "129"}, {"arr_dt": "1453177490", "direction": "0", "dep_dt": "1453177554", "route_id": "Red", "dwell_time_sec": "64"}, {"arr_dt": "1453177801", "direction": "0", "dep_dt": "1453177873", "route_id": "Red", "dwell_time_sec": "72"}, {"arr_dt": "1453178172", "direction": "0", "dep_dt": "1453178233", "route_id": "Red", "dwell_time_sec": "61"}, {"arr_dt": "1453178696", "direction": "0", "dep_dt": "1453178765", "route_id": "Red", "dwell_time_sec": "69"}, {"arr_dt": "1453178962", "direction": "0", "dep_dt": "1453179034", "route_id": "Red", "dwell_time_sec": "72"}, {"arr_dt": "1453179387", "direction": "0", "dep_dt": "1453179443", "route_id": "Red", "dwell_time_sec": "56"}]}