{"dwell_times": [{"arr_dt": "1470801818", "direction": "0", "dep_dt": "1470801873", "route_id": "Red", "dwell_time_sec": "55"}, {"arr_dt": "1470802410", "direction": "0", "dep_dt": "1470802489", "route_id": "Red", "dwell_time_sec": "79"}, {"arr_dt": "1470802794", "direction": "0", "dep_dt": "1470802854", "route_id": "Red", "dwell_time_sec": "60"}, {"arr_dt": "1470803311", "direction": "0", "dep_dt": "1470803382", "route_id": "Red", "dwell_time_sec": "71"}, {"arr_dt": "1470803731", "direction": "0", "dep_dt": "1470803796", "route_id": "Red", "dwell_time_sec": "65"}, {"arr_dt": "1470804762", "direction": "0", "dep_dt": "1470805845", "route_id": "Red", "dwell_time_sec": "1083"}, {"arr_dt": "1470821659", "direction": "0", "dep_dt": "1470821730", "route_id": "Red", "dwell_time_sec": "71"}, {"arr_dt": "1470822122", "direction": "0", "dep_dt": "1470822174", "route_id": "Red", "dwell_time_sec": "52"}, {"arr_dt": "1470822358", "direction": "0", "dep_dt": "1470822423", "route_id": "Red", "dwell_time_sec": "65"}, {"arr_dt": "1470822879", "direction": "0", "dep_dt": "1470822939", "route_id": "Red", "dwell_time_sec": "60"}, {"arr_dt": "1470823448", "direction": "0", "dep_dt": "1470823535", "route_id": "Red", "dwell_time_sec": "87"}, {"arr_dt": "1470823967", "direction": "0", "dep_dt": "1470824035", "route_id": "Red", "dwell_time_sec": "68"}, {"arr_dt": "1470824509", "direction": "0", "dep_dt": "1470824617", "route_id": "Red", "dwell_time_sec": "108"}, {"arr_dt": "1470825059", "direction": "0", "dep_dt": "1470825126", "route_id": "Red", "dwell_time_sec": "67"}, {"arr_dt": "1470825450", "direction": "0", "dep_dt": "1470825529", "route_id": "Red", "dwell_time_sec": "79"}, {"arr_dt": "1470825636", "direction": "0", "dep_dt": "1470825703", "route_id": "Red", "dwell_time_sec": "67"}, {"arr_dt": "1470825910", "direction": "0", "dep_dt": "1470825974", "route_id": "Red", "dwell_time_sec": "64"}, {"arr_dt": "1470826076", "direction": "0", "dep_dt": "1470826157", "route_id": "Red", "dwell_time_sec": "81"}, {"arr_dt": "1470826410", "direction": "0", "dep_dt": "1470826467", "route_id": "Red", "dwell_time_sec": "57"}, {"arr_dt": "1470826731", "direction": "0", "dep_dt": "1470827260", "route_id": "Red", "dwell_time_sec": "529"}, {"arr_dt": "1470827373", "direction": "0", "dep_dt": "1470827452", "route_id": "Red", "dwell_time_sec": "79"}, {"arr_dt": "1470827728", "direction": "0", "dep_dt": "1470827805", "route_id": "Red", "dwell_time_sec": "77"}, {"arr_dt": "1470828096", "direction": "0", "dep_dt": "1470828173", "route_id": "Red", "dwell_time_sec": "77"}, {"arr_dt": "1470828489", "direction": "0", "dep_dt": "1470828594", "route_id": "Red", "dwell_time_sec": "105"}, {"arr_dt": "1470828842", "direction": "0", "dep_dt": "1470828930", "route_id": "Red", "dwell_time_sec": "88"}, {"arr_dt": "1470829036", "direction": "0", "dep_dt": "1470829168", "route_id": "Red", "dwell_time_sec": "132"}, {"arr_dt": "1470829245", "direction": "0", "dep_dt": "1470829334", "route_id": "Red", "dwell_time_sec": "89"}, {"arr_dt": "1470829443", "direction": "0", "dep_dt": "1470829533", "route_id": "Red", "dwell_time_sec": "90"}, {"arr_dt": "1470830077", "direction": "0", "dep_dt": "1470830171", "route_id": "Red", "dwell_time_sec": "94"}, {"arr_dt": "1470830271", "direction": "0", "dep_dt": "1470830359", "route_id": "Red", "dwell_time_sec": "88"}, {"arr_dt": "1470830522", "direction": "0", "dep_dt": "1470830601", "route_id": "Red", "dwell_time_sec": "79"}, {"arr_dt": "1470830998", "direction": "0", "dep_dt": "1470831125", "route_id": "Red", "dwell_time_sec": "127"}, {"arr_dt": "1470831218", "direction": "0", "dep_dt": "1470831306", "route_id": "Red", "dwell_time_sec": "88"}, {"arr_dt": "1470831491", "direction": "0", "dep_dt": "1470831562", "route_id": "Red", "dwell_time_sec": "71"}, {"arr_dt": "1470831671", "direction": "0", "dep_dt": "1470831770", "route_id": "Red", "dwell_time_sec": "99"}, {"arr_dt": "1470831943", "direction": "0", "dep_dt": "1470832035", "route_id": "Red", "dwell_time_sec": "92"}, {"arr_dt": "1470832432", "direction": "0", "dep_dt": "1470832556", "route_id": "Red", "dwell_time_sec": "124"}, {"arr_dt": "1470832806", "direction": "0", "dep_dt": "1470832912", "route_id": "Red", "dwell_time_sec": "106"}, {"arr_dt": "1470833329", "direction": "0", "dep_dt": "1470833483", "route_id": "Red", "dwell_time_sec": "154"}, {"arr_dt": "1470833558", "direction": "0", "dep_dt": "1470833687", "route_id": "Red", "dwell_time_sec": "129"}, {"arr_dt": "1470833833", "direction": "0", "dep_dt": "1470834078", "route_id": "Red", "dwell_time_sec": "245"}, {"arr_dt": "1470834187", "direction": "0", "dep_dt": "1470834300", "route_id": "Red", "dwell_time_sec": "113"}, {"arr_dt": "1470834397", "direction": "0", "dep_dt": "1470834493", "route_id": "Red", "dwell_time_sec": "96"}, {"arr_dt": "1470834636", "direction": "0", "dep_dt": "1470834749", "route_id": "Red", "dwell_time_sec": "113"}, {"arr_dt": "1470834859", "direction": "0", "dep_dt": "1470835108", "route_id": "Red", "dwell_time_sec": "249"}, {"arr_dt": "1470835198", "direction": "0", "dep_dt": "1470835320", "route_id": "Red", "dwell_time_sec": "122"}, {"arr_dt": "1470835426", "direction": "0", "dep_dt": "1470835506", "route_id": "Red", "dwell_time_sec": "80"}, {"arr_dt": "1470835605", "direction": "0", "dep_dt": "1470835695", "route_id": "Red", "dwell_time_sec": "90"}, {"arr_dt": "1470835796", "direction": "0", "dep_dt": "1470835883", "route_id": "Red", "dwell_time_sec": "87"}, {"arr_dt": "1470836007", "direction": "0", "dep_dt": "1470836116", "route_id": "Red", "dwell_time_sec": "109"}, {"arr_dt": "1470836227", "direction": "0", "dep_dt": "1470836318", "route_id": "Red", "dwell_time_sec": "91"}, {"arr_dt": "1470836673", "direction": "0", "dep_dt": "1470836771", "route_id": "Red", "dwell_time_sec": "98"}, {"arr_dt": "1470837052", "direction": "0", "dep_dt": "1470837130", "route_id": "Red", "dwell_time_sec": "78"}, {"arr_dt": "1470837324", "direction": "0", "dep_dt": "1470837499", "route_id": "Red", "dwell_time_sec": "175"}, {"arr_dt": "1470837525", "direction": "0", "dep_dt": "1470837601", "route_id": "Red", "dwell_time_sec": "76"}, {"arr_dt": "1470838078", "direction": "0", "dep_dt": "1470838168", "route_id": "Red", "dwell_time_sec": "90"}, {"arr_dt": "1470838283", "direction": "0", "dep_dt": "1470838363", "route_id": "Red", "dwell_time_sec": "80"}, {"arr_dt": "1470838460", "direction": "0", "dep_dt": "1470838544", "route_id": "Red", "dwell_time_sec": "84"}, {"arr_dt": "1470838679", "direction": "0", "dep_dt": "1470838751", "route_id": "Red", "dwell_time_sec": "72"}, {"arr_dt": "1470838850", "direction": "0", "dep_dt": "1470838918", "route_id": "Red", "dwell_time_sec": "68"}, {"arr_dt": "1470839085", "direction": "0", "dep_dt": "1470839169", "route_id": "Red", "dwell_time_sec": "84"}, {"arr_dt": "1470839273", "direction": "0", "dep_dt": "1470839366", "route_id": "Red", "dwell_time_sec": "93"}, {"arr_dt": "1470839534", "direction": "0", "dep_dt": "1470839618", "route_id": "Red", "dwell_time_sec": "84"}, {"arr_dt": "1470839730", "direction": "0", "dep_dt": "1470839804", "route_id": "Red", "dwell_time_sec": "74"}, {"arr_dt": "1470840136", "direction": "0", "dep_dt": "1470840203", "route_id": "Red", "dwell_time_sec": "67"}, {"arr_dt": "1470840332", "direction": "0", "dep_dt": "1470840443", "route_id": "Red", "dwell_time_sec": "111"}, {"arr_dt": "1470840548", "direction": "0", "dep_dt": "1470840608", "route_id": "Red", "dwell_time_sec": "60"}, {"arr_dt": "1470840722", "direction": "0", "dep_dt": "1470840803", "route_id": "Red", "dwell_time_sec": "81"}, {"arr_dt": "1470840918", "direction": "0", "dep_dt": "1470840997", "route_id": "Red", "dwell_time_sec": "79"}, {"arr_dt": "1470841110", "direction": "0", "dep_dt": "1470841183", "route_id": "Red", "dwell_time_sec": "73"}, {"arr_dt": "1470841431", "direction": "0", "dep_dt": "1470841502", "route_id": "Red", "dwell_time_sec": "71"}, {"arr_dt": "1470841654", "direction": "0", "dep_dt": "1470841736", "route_id": "Red", "dwell_time_sec": "82"}, {"arr_dt": "1470841863", "direction": "0", "dep_dt": "1470841936", "route_id": "Red", "dwell_time_sec": "73"}, {"arr_dt": "1470842053", "direction": "0", "dep_dt": "1470842123", "route_id": "Red", "dwell_time_sec": "70"}, {"arr_dt": "1470842394", "direction": "0", "dep_dt": "1470842470", "route_id": "Red", "dwell_time_sec": "76"}, {"arr_dt": "1470842885", "direction": "0", "dep_dt": "1470842983", "route_id": "Red", "dwell_time_sec": "98"}, {"arr_dt": "1470843286", "direction": "0", "dep_dt": "1470843383", "route_id": "Red", "dwell_time_sec": "97"}, {"arr_dt": "1470843676", "direction": "0", "dep_dt": "1470843752", "route_id": "Red", "dwell_time_sec": "76"}, {"arr_dt": "1470844030", "direction": "0", "dep_dt": "1470844110", "route_id": "Red", "dwell_time_sec": "80"}, {"arr_dt": "1470844730", "direction": "0", "dep_dt": "1470844861", "route_id": "Red", "dwell_time_sec": "131"}, {"arr_dt": "1470845112", "direction": "0", "dep_dt": "1470845186", "route_id": "Red", "dwell_time_sec": "74"}, {"arr_dt": "1470845359", "direction": "0", "dep_dt": "1470845476", "route_id": "Red", "dwell_time_sec": "117"}, {"arr_dt": "1470845736", "direction": "0", "dep_dt": "1470845807", "route_id": "Red", "dwell_time_sec": "71"}, {"arr_dt": "1470846169", "direction": "0", "dep_dt": "1470846250", "route_id": "Red", "dwell_time_sec": "81"}, {"arr_dt": "1470846358", "direction": "0", "dep_dt": "1470846419", "route_id": "Red", "dwell_time_sec": "61"}, {"arr_dt": "1470846886", "direction": "0", "dep_dt": "1470846966", "route_id": "Red", "dwell_time_sec": "80"}, {"arr_dt": "1470847237", "direction": "0", "dep_dt": "1470847330", "route_id": "Red", "dwell_time_sec": "93"}, {"arr_dt": "1470847777", "direction": "0", "dep_dt": "1470847870", "route_id": "Red", "dwell_time_sec": "93"}, {"arr_dt": "1470848207", "direction": "0", "dep_dt": "1470848284", "route_id": "Red", "dwell_time_sec": "77"}, {"arr_dt": "1470848771", "direction": "0", "dep_dt": "1470848849", "route_id": "Red", "dwell_time_sec": "78"}, {"arr_dt": "1470849166", "direction": "0", "dep_dt": "1470849237", "route_id": "Red", "dwell_time_sec": "71"}, {"arr_dt": "1470849554", "direction": "0", "dep_dt": "1470849641", "route_id": "Red", "dwell_time_sec": "87"}, {"arr_dt": "1470850228", "direction": "0", "dep_dt": "1470850368", "route_id": "Red", "dwell_time_sec": "140"}, {"arr_dt": "1470850761", "direction": "0", "dep_dt": "1470850833", "route_id": "Red", "dwell_time_sec": "72"}, {"arr_dt": "1470851089", "direction": "0", "dep_dt": "1470851168", "route_id": "Red", "dwell_time_sec": "79"}, {"arr_dt": "1470851674", "direction": "0", "dep_dt": "1470851755", "route_id": "Red", "dwell_time_sec": "81"}, {"arr_dt": "1470852197", "direction": "0", "dep_dt": "1470852273", "route_id": "Red", "dwell_time_sec": "76"}, {"arr_dt": "1470852430", "direction": "0", "dep_dt": "1470852521", "route_id": "Red", "dwell_time_sec": "91"}, {"arr_dt": "1470852638", "direction": "0", "dep_dt": "1470852802", "route_id": "Red", "dwell_time_sec": "164"}, {"arr_dt": "1470853083", "direction": "0", "dep_dt": "1470853175", "route_id": "Red", "dwell_time_sec": "92"}, {"arr_dt": "1470853481", "direction": "0", "dep_dt": "1470853558", "route_id": "Red", "dwell_time_sec": "77"}, {"arr_dt": "1470853703", "direction": "0", "dep_dt": "1470853777", "route_id": "Red", "dwell_time_sec": "74"}, {"arr_dt": "1470854165", "direction": "0", "dep_dt": "1470854247", "route_id": "Red", "dwell_time_sec": "82"}, {"arr_dt": "1470854612", "direction": "0", "dep_dt": "1470854685", "route_id": "Red", "dwell_time_sec": "73"}, {"arr_dt": "1470854996", "direction": "0", "dep_dt": "1470855073", "route_id": "Red", "dwell_time_sec": "77"}, {"arr_dt": "1470855431", "direction": "0", "dep_dt": "1470855515", "route_id": "Red", "dwell_time_sec": "84"}, {"arr_dt": "1470855877", "direction": "0", "dep_dt": "1470855961", "route_id": "Red", "dwell_time_sec": "84"}, {"arr_dt": "1470856377", "direction": "0", "dep_dt": "1470856468", "route_id": "Red", "dwell_time_sec": "91"}, {"arr_dt": "1470856736", "direction": "0", "dep_dt": "1470856802", "route_id": "Red", "dwell_time_sec": "66"}, {"arr_dt": "1470857231", "direction": "0", "dep_dt": "1470857317", "route_id": "Red", "dwell_time_sec": "86"}, {"arr_dt": "1470857460", "direction": "0", "dep_dt": "1470857532", "route_id": "Red", "dwell_time_sec": "72"}, {"arr_dt": "1470857656", "direction": "0", "dep_dt": "1470857748", "route_id": "Red", "dwell_time_sec": "92"}, {"arr_dt": "1470858165", "direction": "0", "dep_dt": "1470858262", "route_id": "Red", "dwell_time_sec": "97"}, {"arr_dt": "1470858429", "direction": "0", "dep_dt": "1470858507", "route_id": "Red", "dwell_time_sec": "78"}, {"arr_dt": "1470858839", "direction": "0", "dep_dt": "1470858937", "route_id": "Red", "dwell_time_sec": "98"}, {"arr_dt": "1470859070", "direction": "0", "dep_dt": "1470859145", "route_id": "Red", "dwell_time_sec": "75"}, {"arr_dt": "1470859425", "direction": "0", "dep_dt": "1470859526", "route_id": "Red", "dwell_time_sec": "101"}, {"arr_dt": "1470859675", "direction": "0", "dep_dt": "1470859750", "route_id": "Red", "dwell_time_sec": "75"}, {"arr_dt": "1470859908", "direction": "0", "dep_dt": "1470859978", "route_id": "Red", "dwell_time_sec": "70"}, {"arr_dt": "1470860302", "direction": "0", "dep_dt": "1470860388", "route_id": "Red", "dwell_time_sec": "86"}, {"arr_dt": "1470860490", "direction": "0", "dep_dt": "1470860568", "route_id": "Red", "dwell_time_sec": "78"}, {"arr_dt": "1470860750", "direction": "0", "dep_dt": "1470860837", "route_id": "Red", "dwell_time_sec": "87"}, {"arr_dt": "1470860952", "direction": "0", "dep_dt": "1470861042", "route_id": "Red", "dwell_time_sec": "90"}, {"arr_dt": "1470861206", "direction": "0", "dep_dt": "1470861304", "route_id": "Red", "dwell_time_sec": "98"}, {"arr_dt": "1470861525", "direction": "0", "dep_dt": "1470861732", "route_id": "Red", "dwell_time_sec": "207"}, {"arr_dt": "1470862096", "direction": "0", "dep_dt": "1470862453", "route_id": "Red", "dwell_time_sec": "357"}, {"arr_dt": "1470862605", "direction": "0", "dep_dt": "1470862899", "route_id": "Red", "dwell_time_sec": "294"}, {"arr_dt": "1470863136", "direction": "0", "dep_dt": "1470863242", "route_id": "Red", "dwell_time_sec": "106"}, {"arr_dt": "1470863422", "direction": "0", "dep_dt": "1470863541", "route_id": "Red", "dwell_time_sec": "119"}, {"arr_dt": "1470863654", "direction": "0", "dep_dt": "1470863761", "route_id": "Red", "dwell_time_sec": "107"}, {"arr_dt": "1470863928", "direction": "0", "dep_dt": "1470864055", "route_id": "Red", "dwell_time_sec": "127"}, {"arr_dt": "1470864251", "direction": "0", "dep_dt": "1470864400", "route_id": "Red", "dwell_time_sec": "149"}, {"arr_dt": "1470864550", "direction": "0", "dep_dt": "1470864668", "route_id": "Red", "dwell_time_sec": "118"}, {"arr_dt": "1470864832", "direction": "0", "dep_dt": "1470864953", "route_id": "Red", "dwell_time_sec": "121"}, {"arr_dt": "1470865083", "direction": "0", "dep_dt": "1470865202", "route_id": "Red", "dwell_time_sec": "119"}, {"arr_dt": "1470865323", "direction": "0", "dep_dt": "1470865422", "route_id": "Red", "dwell_time_sec": "99"}, {"arr_dt": "1470865603", "direction": "0", "dep_dt": "1470865704", "route_id": "Red", "dwell_time_sec": "101"}, {"arr_dt": "1470865819", "direction": "0", "dep_dt": "1470865907", "route_id": "Red", "dwell_time_sec": "88"}, {"arr_dt": "1470866021", "direction": "0", "dep_dt": "1470866117", "route_id": "Red", "dwell_time_sec": "96"}, {"arr_dt": "1470866228", "direction": "0", "dep_dt": "1470866349", "route_id": "Red", "dwell_time_sec": "121"}, {"arr_dt": "1470866463", "direction": "0", "dep_dt": "1470866581", "route_id": "Red", "dwell_time_sec": "118"}, {"arr_dt": "1470866705", "direction": "0", "dep_dt": "1470866839", "route_id": "Red", "dwell_time_sec": "134"}, {"arr_dt": "1470866952", "direction": "0", "dep_dt": "1470867062", "route_id": "Red", "dwell_time_sec": "110"}, {"arr_dt": "1470867196", "direction": "0", "dep_dt": "1470867282", "route_id": "Red", "dwell_time_sec": "86"}, {"arr_dt": "1470867395", "direction": "0", "dep_dt": "1470867478", "route_id": "Red", "dwell_time_sec": "83"}, {"arr_dt": "1470867608", "direction": "0", "dep_dt": "1470867704", "route_id": "Red", "dwell_time_sec": "96"}, {"arr_dt": "1470867816", "direction": "0", "dep_dt": "1470867927", "route_id": "Red", "dwell_time_sec": "111"}, {"arr_dt": "1470868033", "direction": "0", "dep_dt": "1470868153", "route_id": "Red", "dwell_time_sec": "120"}, {"arr_dt": "1470868280", "direction": "0", "dep_dt": "1470868404", "route_id": "Red", "dwell_time_sec": "124"}, {"arr_dt": "1470868511", "direction": "0", "dep_dt": "1470868591", "route_id": "Red", "dwell_time_sec": "80"}, {"arr_dt": "1470868831", "direction": "0", "dep_dt": "1470868939", "route_id": "Red", "dwell_time_sec": "108"}, {"arr_dt": "1470869062", "direction": "0", "dep_dt": "1470869156", "route_id": "Red", "dwell_time_sec": "94"}, {"arr_dt": "1470869280", "direction": "0", "dep_dt": "1470869344", "route_id": "Red", "dwell_time_sec": "64"}, {"arr_dt": "1470869728", "direction": "0", "dep_dt": "1470869817", "route_id": "Red", "dwell_time_sec": "89"}, {"arr_dt": "1470870117", "direction": "0", "dep_dt": "1470870193", "route_id": "Red", "dwell_time_sec": "76"}, {"arr_dt": "1470870505", "direction": "0", "dep_dt": "1470870585", "route_id": "Red", "dwell_time_sec": "80"}, {"arr_dt": "1470870696", "direction": "0", "dep_dt": "1470870779", "route_id": "Red", "dwell_time_sec": "83"}, {"arr_dt": "1470870957", "direction": "0", "dep_dt": "1470871027", "route_id": "Red", "dwell_time_sec": "70"}, {"arr_dt": "1470871388", "direction": "0", "dep_dt": "1470871472", "route_id": "Red", "dwell_time_sec": "84"}, {"arr_dt": "1470871681", "direction": "0", "dep_dt": "1470871769", "route_id": "Red", "dwell_time_sec": "88"}, {"arr_dt": "1470872041", "direction": "0", "dep_dt": "1470872118", "route_id": "Red", "dwell_time_sec": "77"}, {"arr_dt": "1470872230", "direction": "0", "dep_dt": "1470872318", "route_id": "Red", "dwell_time_sec": "88"}, {"arr_dt": "1470872451", "direction": "0", "dep_dt": "1470872525", "route_id": "Red", "dwell_time_sec": "74"}, {"arr_dt": "1470872661", "direction": "0", "dep_dt": "1470872729", "route_id": "Red", "dwell_time_sec": "68"}, {"arr_dt": "1470872970", "direction": "0", "dep_dt": "1470873054", "route_id": "Red", "dwell_time_sec": "84"}, {"arr_dt": "1470873165", "direction": "0", "dep_dt": "1470873239", "route_id": "Red", "dwell_time_sec": "74"}, {"arr_dt": "1470873483", "direction": "0", "dep_dt": "1470873555", "route_id": "Red", "dwell_time_sec": "72"}, {"arr_dt": "1470874106", "direction": "0", "dep_dt": "1470874179", "route_id": "Red", "dwell_time_sec": "73"}, {"arr_dt": "1470874415", "direction": "0", "dep_dt": "1470874494", "route_id": "Red", "dwell_time_sec": "79"}, {"arr_dt": "1470874615", "direction": "0", "dep_dt": "1470874688", "route_id": "Red", "dwell_time_sec": "73"}, {"arr_dt": "1470874853", "direction": "0", "dep_dt": "1470874915", "route_id": "Red", "dwell_time_sec": "62"}, {"arr_dt": "1470875250", "direction": "0", "dep_dt": "1470875322", "route_id": "Red", "dwell_time_sec": "72"}, {"arr_dt": "1470875842", "direction": "0", "dep_dt": "1470875918", "route_id": "Red", "dwell_time_sec": "76"}, {"arr_dt": "1470876030", "direction": "0", "dep_dt": "1470876194", "route_id": "Red", "dwell_time_sec": "164"}, {"arr_dt": "1470876626", "direction": "0", "dep_dt": "1470876704", "route_id": "Red", "dwell_time_sec": "78"}, {"arr_dt": "1470876843", "direction": "0", "dep_dt": "1470876919", "route_id": "Red", "dwell_time_sec": "76"}, {"arr_dt": "1470877196", "direction": "0", "dep_dt": "1470877266", "route_id": "Red", "dwell_time_sec": "70"}, {"arr_dt": "1470877386", "direction": "0", "dep_dt": "1470877450", "route_id": "Red", "dwell_time_sec": "64"}, {"arr_dt": "1470877825", "direction": "0", "dep_dt": "1470877898", "route_id": "Red", "dwell_time_sec": "73"}, {"arr_dt": "1470878171", "direction": "0", "dep_dt": "1470878252", "route_id": "Red", "dwell_time_sec": "81"}, {"arr_dt": "1470878663", "direction": "0", "dep_dt": "1470878745", "route_id": "Red", "dwell_time_sec": "82"}, {"arr_dt": "1470878870", "direction": "0", "dep_dt": "1470878952", "route_id": "Red", "dwell_time_sec": "82"}, {"arr_dt": "1470879206", "direction": "0", "dep_dt": "1470879280", "route_id": "Red", "dwell_time_sec": "74"}, {"arr_dt": "1470879456", "direction": "0", "dep_dt": "1470879523", "route_id": "Red", "dwell_time_sec": "67"}, {"arr_dt": "1470879734", "direction": "0", "dep_dt": "1470879799", "route_id": "Red", "dwell_time_sec": "65"}, {"arr_dt": "1470880130", "direction": "0", "dep_dt": "1470880198", "route_id": "Red", "dwell_time_sec": "68"}, {"arr_dt": "1470880497", "direction": "0", "dep_dt": "1470880563", "route_id": "Red", "dwell_time_sec": "66"}, {"arr_dt": "1470880942", "direction": "0", "dep_dt": "1470881005", "route_id": "Red", "dwell_time_sec": "63"}, {"arr_dt": "1470881747", "direction": "0", "dep_dt": "1470881857", "route_id": "Red", "dwell_time_sec": "110"}, {"arr_dt": "1470881997", "direction": "0", "dep_dt": "1470882077", "route_id": "Red", "dwell_time_sec": "80"}, {"arr_dt": "1470882222", "direction": "0", "dep_dt": "1470882297", "route_id": "Red", "dwell_time_sec": "75"}, {"arr_dt": "1470882483", "direction": "0", "dep_dt": "1470882550", "route_id": "Red", "dwell_time_sec": "67"}, {"arr_dt": "1470882860", "direction": "0", "dep_dt": "1470882934", "route_id": "Red", "dwell_time_sec": "74"}, {"arr_dt": "1470883210", "direction": "0", "dep_dt": "1470883281", "route_id": "Red", "dwell_time_sec": "71"}, {"arr_dt": "1470883571", "direction": "0", "dep_dt": "1470883645", "route_id": "Red", "dwell_time_sec": "74"}, {"arr_dt": "1470884128", "direction": "0", "dep_dt": "1470884202", "route_id": "Red", "dwell_time_sec": "74"}, {"arr_dt": "1470884567", "direction": "0", "dep_dt": "1470884650", "route_id": "Red", "dwell_time_sec": "83"}, {"arr_dt": "1470884850", "direction": "0", "dep_dt": "1470884989", "route_id": "Red", "dwell_time_sec": "139"}, {"arr_dt": "1470885235", "direction": "0", "dep_dt": "1470885322", "route_id": "Red", "dwell_time_sec": "87"}, {"arr_dt": "1470885854", "direction": "0", "dep_dt": "1470885927", "route_id": "Red", "dwell_time_sec": "73"}, {"arr_dt": "1470886068", "direction": "0", "dep_dt": "1470886132", "route_id": "Red", "dwell_time_sec": "64"}, {"arr_dt": "1470886326", "direction": "0", "dep_dt": "1470886392", "route_id": "Red", "dwell_time_sec": "66"}, {"arr_dt": "1470886774", "direction": "0", "dep_dt": "1470886852", "route_id": "Red", "dwell_time_sec": "78"}, {"arr_dt": "1470886982", "direction": "0", "dep_dt": "1470887066", "route_id": "Red", "dwell_time_sec": "84"}, {"arr_dt": "1470887595", "direction": "0", "dep_dt": "1470887676", "route_id": "Red", "dwell_time_sec": "81"}]}