{"dwell_times": [{"arr_dt": "1473739163", "direction": "0", "dep_dt": "1473739225", "route_id": "Red", "dwell_time_sec": "62"}, {"arr_dt": "1473739576", "direction": "0", "dep_dt": "1473739633", "route_id": "Red", "dwell_time_sec": "57"}, {"arr_dt": "1473740032", "direction": "0", "dep_dt": "1473740105", "route_id": "Red", "dwell_time_sec": "73"}, {"arr_dt": "1473740483", "direction": "0", "dep_dt": "1473740546", "route_id": "Red", "dwell_time_sec": "63"}, {"arr_dt": "1473740846", "direction": "0", "dep_dt": "1473740909", "route_id": "Red", "dwell_time_sec": "63"}, {"arr_dt": "1473741381", "direction": "0", "dep_dt": "1473741440", "route_id": "Red", "dwell_time_sec": "59"}, {"arr_dt": "1473742035", "direction": "0", "dep_dt": "1473743715", "route_id": "Red", "dwell_time_sec": "1680"}, {"arr_dt": "1473759194", "direction": "0", "dep_dt": "1473759281", "route_id": "Red", "dwell_time_sec": "87"}, {"arr_dt": "1473759803", "direction": "0", "dep_dt": "1473759878", "route_id": "Red", "dwell_time_sec": "75"}, {"arr_dt": "1473760115", "direction": "0", "dep_dt": "1473760173", "route_id": "Red", "dwell_time_sec": "58"}, {"arr_dt": "1473760500", "direction": "0", "dep_dt": "1473760559", "route_id": "Red", "dwell_time_sec": "59"}, {"arr_dt": "1473760901", "direction": "0", "dep_dt": "1473760956", "route_id": "Red", "dwell_time_sec": "55"}, {"arr_dt": "1473761523", "direction": "0", "dep_dt": "1473761590", "route_id": "Red", "dwell_time_sec": "67"}, {"arr_dt": "1473762035", "direction": "0", "dep_dt": "1473762093", "route_id": "Red", "dwell_time_sec": "58"}, {"arr_dt": "1473762514", "direction": "0", "dep_dt": "1473762574", "route_id": "Red", "dwell_time_sec": "60"}, {"arr_dt": "1473762807", "direction": "0", "dep_dt": "1473762870", "route_id": "Red", "dwell_time_sec": "63"}, {"arr_dt": "1473763004", "direction": "0", "dep_dt": "1473763069", "route_id": "Red", "dwell_time_sec": "65"}, {"arr_dt": "1473763450", "direction": "0", "dep_dt": "1473763532", "route_id": "Red", "dwell_time_sec": "82"}, {"arr_dt": "1473763729", "direction": "0", "dep_dt": "1473763823", "route_id": "Red", "dwell_time_sec": "94"}, {"arr_dt": "1473764151", "direction": "0", "dep_dt": "1473764214", "route_id": "Red", "dwell_time_sec": "63"}, {"arr_dt": "1473764326", "direction": "0", "dep_dt": "1473764400", "route_id": "Red", "dwell_time_sec": "74"}, {"arr_dt": "1473764500", "direction": "0", "dep_dt": "1473764577", "route_id": "Red", "dwell_time_sec": "77"}, {"arr_dt": "1473764842", "direction": "0", "dep_dt": "1473764914", "route_id": "Red", "dwell_time_sec": "72"}, {"arr_dt": "1473765031", "direction": "0", "dep_dt": "1473765100", "route_id": "Red", "dwell_time_sec": "69"}, {"arr_dt": "1473765498", "direction": "0", "dep_dt": "1473765571", "route_id": "Red", "dwell_time_sec": "73"}, {"arr_dt": "1473765687", "direction": "0", "dep_dt": "1473765766", "route_id": "Red", "dwell_time_sec": "79"}, {"arr_dt": "1473766025", "direction": "0", "dep_dt": "1473766125", "route_id": "Red", "dwell_time_sec": "100"}, {"arr_dt": "1473766259", "direction": "0", "dep_dt": "1473766354", "route_id": "Red", "dwell_time_sec": "95"}, {"arr_dt": "1473766580", "direction": "0", "dep_dt": "1473766655", "route_id": "Red", "dwell_time_sec": "75"}, {"arr_dt": "1473766762", "direction": "0", "dep_dt": "1473766832", "route_id": "Red", "dwell_time_sec": "70"}, {"arr_dt": "1473766933", "direction": "0", "dep_dt": "1473767023", "route_id": "Red", "dwell_time_sec": "90"}, {"arr_dt": "1473767122", "direction": "0", "dep_dt": "1473767201", "route_id": "Red", "dwell_time_sec": "79"}, {"arr_dt": "1473767532", "direction": "0", "dep_dt": "1473767625", "route_id": "Red", "dwell_time_sec": "93"}, {"arr_dt": "1473767777", "direction": "0", "dep_dt": "1473767868", "route_id": "Red", "dwell_time_sec": "91"}, {"arr_dt": "1473768018", "direction": "0", "dep_dt": "1473768107", "route_id": "Red", "dwell_time_sec": "89"}, {"arr_dt": "1473768228", "direction": "0", "dep_dt": "1473768337", "route_id": "Red", "dwell_time_sec": "109"}, {"arr_dt": "1473768430", "direction": "0", "dep_dt": "1473768517", "route_id": "Red", "dwell_time_sec": "87"}, {"arr_dt": "1473768613", "direction": "0", "dep_dt": "1473768712", "route_id": "Red", "dwell_time_sec": "99"}, {"arr_dt": "1473768836", "direction": "0", "dep_dt": "1473768938", "route_id": "Red", "dwell_time_sec": "102"}, {"arr_dt": "1473769068", "direction": "0", "dep_dt": "1473769158", "route_id": "Red", "dwell_time_sec": "90"}, {"arr_dt": "1473769586", "direction": "0", "dep_dt": "1473769698", "route_id": "Red", "dwell_time_sec": "112"}, {"arr_dt": "1473770008", "direction": "0", "dep_dt": "1473770116", "route_id": "Red", "dwell_time_sec": "108"}, {"arr_dt": "1473770261", "direction": "0", "dep_dt": "1473770356", "route_id": "Red", "dwell_time_sec": "95"}, {"arr_dt": "1473770446", "direction": "0", "dep_dt": "1473770555", "route_id": "Red", "dwell_time_sec": "109"}, {"arr_dt": "1473770645", "direction": "0", "dep_dt": "1473770737", "route_id": "Red", "dwell_time_sec": "92"}, {"arr_dt": "1473771026", "direction": "0", "dep_dt": "1473771129", "route_id": "Red", "dwell_time_sec": "103"}, {"arr_dt": "1473771286", "direction": "0", "dep_dt": "1473771382", "route_id": "Red", "dwell_time_sec": "96"}, {"arr_dt": "1473771511", "direction": "0", "dep_dt": "1473771592", "route_id": "Red", "dwell_time_sec": "81"}, {"arr_dt": "1473771703", "direction": "0", "dep_dt": "1473771783", "route_id": "Red", "dwell_time_sec": "80"}, {"arr_dt": "1473771967", "direction": "0", "dep_dt": "1473772062", "route_id": "Red", "dwell_time_sec": "95"}, {"arr_dt": "1473772168", "direction": "0", "dep_dt": "1473772262", "route_id": "Red", "dwell_time_sec": "94"}, {"arr_dt": "1473772381", "direction": "0", "dep_dt": "1473772469", "route_id": "Red", "dwell_time_sec": "88"}, {"arr_dt": "1473772564", "direction": "0", "dep_dt": "1473772638", "route_id": "Red", "dwell_time_sec": "74"}, {"arr_dt": "1473772749", "direction": "0", "dep_dt": "1473772823", "route_id": "Red", "dwell_time_sec": "74"}, {"arr_dt": "1473772922", "direction": "0", "dep_dt": "1473772992", "route_id": "Red", "dwell_time_sec": "70"}, {"arr_dt": "1473773284", "direction": "0", "dep_dt": "1473773363", "route_id": "Red", "dwell_time_sec": "79"}, {"arr_dt": "1473773491", "direction": "0", "dep_dt": "1473773566", "route_id": "Red", "dwell_time_sec": "75"}, {"arr_dt": "1473773664", "direction": "0", "dep_dt": "1473773737", "route_id": "Red", "dwell_time_sec": "73"}, {"arr_dt": "1473773934", "direction": "0", "dep_dt": "1473774004", "route_id": "Red", "dwell_time_sec": "70"}, {"arr_dt": "1473774453", "direction": "0", "dep_dt": "1473774522", "route_id": "Red", "dwell_time_sec": "69"}, {"arr_dt": "1473774713", "direction": "0", "dep_dt": "1473774791", "route_id": "Red", "dwell_time_sec": "78"}, {"arr_dt": "1473774911", "direction": "0", "dep_dt": "1473775001", "route_id": "Red", "dwell_time_sec": "90"}, {"arr_dt": "1473775098", "direction": "0", "dep_dt": "1473775179", "route_id": "Red", "dwell_time_sec": "81"}, {"arr_dt": "1473775283", "direction": "0", "dep_dt": "1473775351", "route_id": "Red", "dwell_time_sec": "68"}, {"arr_dt": "1473775448", "direction": "0", "dep_dt": "1473775543", "route_id": "Red", "dwell_time_sec": "95"}, {"arr_dt": "1473775634", "direction": "0", "dep_dt": "1473775709", "route_id": "Red", "dwell_time_sec": "75"}, {"arr_dt": "1473775823", "direction": "0", "dep_dt": "1473775917", "route_id": "Red", "dwell_time_sec": "94"}, {"arr_dt": "1473776009", "direction": "0", "dep_dt": "1473776087", "route_id": "Red", "dwell_time_sec": "78"}, {"arr_dt": "1473776191", "direction": "0", "dep_dt": "1473776276", "route_id": "Red", "dwell_time_sec": "85"}, {"arr_dt": "1473776373", "direction": "0", "dep_dt": "1473776452", "route_id": "Red", "dwell_time_sec": "79"}, {"arr_dt": "1473776593", "direction": "0", "dep_dt": "1473776660", "route_id": "Red", "dwell_time_sec": "67"}, {"arr_dt": "1473776822", "direction": "0", "dep_dt": "1473776889", "route_id": "Red", "dwell_time_sec": "67"}, {"arr_dt": "1473777368", "direction": "0", "dep_dt": "1473777435", "route_id": "Red", "dwell_time_sec": "67"}, {"arr_dt": "1473777676", "direction": "0", "dep_dt": "1473777741", "route_id": "Red", "dwell_time_sec": "65"}, {"arr_dt": "1473778019", "direction": "0", "dep_dt": "1473778089", "route_id": "Red", "dwell_time_sec": "70"}, {"arr_dt": "1473778320", "direction": "0", "dep_dt": "1473778387", "route_id": "Red", "dwell_time_sec": "67"}, {"arr_dt": "1473778694", "direction": "0", "dep_dt": "1473778765", "route_id": "Red", "dwell_time_sec": "71"}, {"arr_dt": "1473778976", "direction": "0", "dep_dt": "1473779045", "route_id": "Red", "dwell_time_sec": "69"}, {"arr_dt": "1473779352", "direction": "0", "dep_dt": "1473779418", "route_id": "Red", "dwell_time_sec": "66"}, {"arr_dt": "1473779754", "direction": "0", "dep_dt": "1473779822", "route_id": "Red", "dwell_time_sec": "68"}, {"arr_dt": "1473780195", "direction": "0", "dep_dt": "1473780264", "route_id": "Red", "dwell_time_sec": "69"}, {"arr_dt": "1473780708", "direction": "0", "dep_dt": "1473780813", "route_id": "Red", "dwell_time_sec": "105"}, {"arr_dt": "1473781058", "direction": "0", "dep_dt": "1473781159", "route_id": "Red", "dwell_time_sec": "101"}, {"arr_dt": "1473781245", "direction": "0", "dep_dt": "1473781320", "route_id": "Red", "dwell_time_sec": "75"}, {"arr_dt": "1473781728", "direction": "0", "dep_dt": "1473781809", "route_id": "Red", "dwell_time_sec": "81"}, {"arr_dt": "1473782158", "direction": "0", "dep_dt": "1473782226", "route_id": "Red", "dwell_time_sec": "68"}, {"arr_dt": "1473782597", "direction": "0", "dep_dt": "1473782706", "route_id": "Red", "dwell_time_sec": "109"}, {"arr_dt": "1473783037", "direction": "0", "dep_dt": "1473783109", "route_id": "Red", "dwell_time_sec": "72"}, {"arr_dt": "1473783430", "direction": "0", "dep_dt": "1473783502", "route_id": "Red", "dwell_time_sec": "72"}, {"arr_dt": "1473783982", "direction": "0", "dep_dt": "1473784050", "route_id": "Red", "dwell_time_sec": "68"}, {"arr_dt": "1473784176", "direction": "0", "dep_dt": "1473784260", "route_id": "Red", "dwell_time_sec": "84"}, {"arr_dt": "1473784567", "direction": "0", "dep_dt": "1473784629", "route_id": "Red", "dwell_time_sec": "62"}, {"arr_dt": "1473785073", "direction": "0", "dep_dt": "1473785147", "route_id": "Red", "dwell_time_sec": "74"}, {"arr_dt": "1473785379", "direction": "0", "dep_dt": "1473785481", "route_id": "Red", "dwell_time_sec": "102"}, {"arr_dt": "1473785649", "direction": "0", "dep_dt": "1473785725", "route_id": "Red", "dwell_time_sec": "76"}, {"arr_dt": "1473786256", "direction": "0", "dep_dt": "1473786381", "route_id": "Red", "dwell_time_sec": "125"}, {"arr_dt": "1473786583", "direction": "0", "dep_dt": "1473786652", "route_id": "Red", "dwell_time_sec": "69"}, {"arr_dt": "1473786905", "direction": "0", "dep_dt": "1473786969", "route_id": "Red", "dwell_time_sec": "64"}, {"arr_dt": "1473787423", "direction": "0", "dep_dt": "1473787491", "route_id": "Red", "dwell_time_sec": "68"}, {"arr_dt": "1473787757", "direction": "0", "dep_dt": "1473787822", "route_id": "Red", "dwell_time_sec": "65"}, {"arr_dt": "1473788259", "direction": "0", "dep_dt": "1473788340", "route_id": "Red", "dwell_time_sec": "81"}, {"arr_dt": "1473788572", "direction": "0", "dep_dt": "1473788644", "route_id": "Red", "dwell_time_sec": "72"}, {"arr_dt": "1473789204", "direction": "0", "dep_dt": "1473789317", "route_id": "Red", "dwell_time_sec": "113"}, {"arr_dt": "1473789573", "direction": "0", "dep_dt": "1473789646", "route_id": "Red", "dwell_time_sec": "73"}, {"arr_dt": "1473789996", "direction": "0", "dep_dt": "1473790067", "route_id": "Red", "dwell_time_sec": "71"}, {"arr_dt": "1473790526", "direction": "0", "dep_dt": "1473790600", "route_id": "Red", "dwell_time_sec": "74"}, {"arr_dt": "1473790918", "direction": "0", "dep_dt": "1473791014", "route_id": "Red", "dwell_time_sec": "96"}, {"arr_dt": "1473791306", "direction": "0", "dep_dt": "1473791386", "route_id": "Red", "dwell_time_sec": "80"}, {"arr_dt": "1473791676", "direction": "0", "dep_dt": "1473791748", "route_id": "Red", "dwell_time_sec": "72"}, {"arr_dt": "1473792093", "direction": "0", "dep_dt": "1473792307", "route_id": "Red", "dwell_time_sec": "214"}, {"arr_dt": "1473792517", "direction": "0", "dep_dt": "1473792609", "route_id": "Red", "dwell_time_sec": "92"}, {"arr_dt": "1473792798", "direction": "0", "dep_dt": "1473792885", "route_id": "Red", "dwell_time_sec": "87"}, {"arr_dt": "1473793347", "direction": "0", "dep_dt": "1473793429", "route_id": "Red", "dwell_time_sec": "82"}, {"arr_dt": "1473793684", "direction": "0", "dep_dt": "1473793759", "route_id": "Red", "dwell_time_sec": "75"}, {"arr_dt": "1473794122", "direction": "0", "dep_dt": "1473794199", "route_id": "Red", "dwell_time_sec": "77"}, {"arr_dt": "1473794715", "direction": "0", "dep_dt": "1473794809", "route_id": "Red", "dwell_time_sec": "94"}, {"arr_dt": "1473794981", "direction": "0", "dep_dt": "1473795067", "route_id": "Red", "dwell_time_sec": "86"}, {"arr_dt": "1473795426", "direction": "0", "dep_dt": "1473795538", "route_id": "Red", "dwell_time_sec": "112"}, {"arr_dt": "1473795633", "direction": "0", "dep_dt": "1473795721", "route_id": "Red", "dwell_time_sec": "88"}, {"arr_dt": "1473795856", "direction": "0", "dep_dt": "1473795952", "route_id": "Red", "dwell_time_sec": "96"}, {"arr_dt": "1473796132", "direction": "0", "dep_dt": "1473796209", "route_id": "Red", "dwell_time_sec": "77"}, {"arr_dt": "1473796569", "direction": "0", "dep_dt": "1473796650", "route_id": "Red", "dwell_time_sec": "81"}, {"arr_dt": "1473796991", "direction": "0", "dep_dt": "1473797091", "route_id": "Red", "dwell_time_sec": "100"}, {"arr_dt": "1473797221", "direction": "0", "dep_dt": "1473797336", "route_id": "Red", "dwell_time_sec": "115"}, {"arr_dt": "1473797484", "direction": "0", "dep_dt": "1473797562", "route_id": "Red", "dwell_time_sec": "78"}, {"arr_dt": "1473797998", "direction": "0", "dep_dt": "1473798117", "route_id": "Red", "dwell_time_sec": "119"}, {"arr_dt": "1473798207", "direction": "0", "dep_dt": "1473798326", "route_id": "Red", "dwell_time_sec": "119"}, {"arr_dt": "1473798438", "direction": "0", "dep_dt": "1473798533", "route_id": "Red", "dwell_time_sec": "95"}, {"arr_dt": "1473798632", "direction": "0", "dep_dt": "1473798731", "route_id": "Red", "dwell_time_sec": "99"}, {"arr_dt": "1473798839", "direction": "0", "dep_dt": "1473798927", "route_id": "Red", "dwell_time_sec": "88"}, {"arr_dt": "1473799246", "direction": "0", "dep_dt": "1473799348", "route_id": "Red", "dwell_time_sec": "102"}, {"arr_dt": "1473799442", "direction": "0", "dep_dt": "1473799536", "route_id": "Red", "dwell_time_sec": "94"}, {"arr_dt": "1473799722", "direction": "0", "dep_dt": "1473799835", "route_id": "Red", "dwell_time_sec": "113"}, {"arr_dt": "1473799979", "direction": "0", "dep_dt": "1473800080", "route_id": "Red", "dwell_time_sec": "101"}, {"arr_dt": "1473800260", "direction": "0", "dep_dt": "1473800351", "route_id": "Red", "dwell_time_sec": "91"}, {"arr_dt": "1473800468", "direction": "0", "dep_dt": "1473800574", "route_id": "Red", "dwell_time_sec": "106"}, {"arr_dt": "1473800656", "direction": "0", "dep_dt": "1473800760", "route_id": "Red", "dwell_time_sec": "104"}, {"arr_dt": "1473800863", "direction": "0", "dep_dt": "1473800948", "route_id": "Red", "dwell_time_sec": "85"}, {"arr_dt": "1473801050", "direction": "0", "dep_dt": "1473801153", "route_id": "Red", "dwell_time_sec": "103"}, {"arr_dt": "1473801300", "direction": "0", "dep_dt": "1473801394", "route_id": "Red", "dwell_time_sec": "94"}, {"arr_dt": "1473801670", "direction": "0", "dep_dt": "1473801807", "route_id": "Red", "dwell_time_sec": "137"}, {"arr_dt": "1473801903", "direction": "0", "dep_dt": "1473802024", "route_id": "Red", "dwell_time_sec": "121"}, {"arr_dt": "1473802143", "direction": "0", "dep_dt": "1473802237", "route_id": "Red", "dwell_time_sec": "94"}, {"arr_dt": "1473802429", "direction": "0", "dep_dt": "1473802597", "route_id": "Red", "dwell_time_sec": "168"}, {"arr_dt": "1473803007", "direction": "0", "dep_dt": "1473803187", "route_id": "Red", "dwell_time_sec": "180"}, {"arr_dt": "1473803307", "direction": "0", "dep_dt": "1473803449", "route_id": "Red", "dwell_time_sec": "142"}, {"arr_dt": "1473803691", "direction": "0", "dep_dt": "1473803818", "route_id": "Red", "dwell_time_sec": "127"}, {"arr_dt": "1473803967", "direction": "0", "dep_dt": "1473804077", "route_id": "Red", "dwell_time_sec": "110"}, {"arr_dt": "1473804331", "direction": "0", "dep_dt": "1473804435", "route_id": "Red", "dwell_time_sec": "104"}, {"arr_dt": "1473804613", "direction": "0", "dep_dt": "1473804707", "route_id": "Red", "dwell_time_sec": "94"}, {"arr_dt": "1473805089", "direction": "0", "dep_dt": "1473805221", "route_id": "Red", "dwell_time_sec": "132"}, {"arr_dt": "1473805304", "direction": "0", "dep_dt": "1473805401", "route_id": "Red", "dwell_time_sec": "97"}, {"arr_dt": "1473805494", "direction": "0", "dep_dt": "1473805584", "route_id": "Red", "dwell_time_sec": "90"}, {"arr_dt": "1473805714", "direction": "0", "dep_dt": "1473805821", "route_id": "Red", "dwell_time_sec": "107"}, {"arr_dt": "1473805912", "direction": "0", "dep_dt": "1473805994", "route_id": "Red", "dwell_time_sec": "82"}, {"arr_dt": "1473806102", "direction": "0", "dep_dt": "1473806199", "route_id": "Red", "dwell_time_sec": "97"}, {"arr_dt": "1473806284", "direction": "0", "dep_dt": "1473806378", "route_id": "Red", "dwell_time_sec": "94"}, {"arr_dt": "1473806461", "direction": "0", "dep_dt": "1473806543", "route_id": "Red", "dwell_time_sec": "82"}, {"arr_dt": "1473806669", "direction": "0", "dep_dt": "1473806742", "route_id": "Red", "dwell_time_sec": "73"}, {"arr_dt": "1473806860", "direction": "0", "dep_dt": "1473806930", "route_id": "Red", "dwell_time_sec": "70"}, {"arr_dt": "1473807059", "direction": "0", "dep_dt": "1473807122", "route_id": "Red", "dwell_time_sec": "63"}, {"arr_dt": "1473807404", "direction": "0", "dep_dt": "1473807487", "route_id": "Red", "dwell_time_sec": "83"}, {"arr_dt": "1473807589", "direction": "0", "dep_dt": "1473807680", "route_id": "Red", "dwell_time_sec": "91"}, {"arr_dt": "1473807763", "direction": "0", "dep_dt": "1473807844", "route_id": "Red", "dwell_time_sec": "81"}, {"arr_dt": "1473807958", "direction": "0", "dep_dt": "1473808176", "route_id": "Red", "dwell_time_sec": "218"}, {"arr_dt": "1473808268", "direction": "0", "dep_dt": "1473808370", "route_id": "Red", "dwell_time_sec": "102"}, {"arr_dt": "1473808550", "direction": "0", "dep_dt": "1473808639", "route_id": "Red", "dwell_time_sec": "89"}, {"arr_dt": "1473808758", "direction": "0", "dep_dt": "1473808829", "route_id": "Red", "dwell_time_sec": "71"}, {"arr_dt": "1473809069", "direction": "0", "dep_dt": "1473809152", "route_id": "Red", "dwell_time_sec": "83"}, {"arr_dt": "1473809279", "direction": "0", "dep_dt": "1473809351", "route_id": "Red", "dwell_time_sec": "72"}, {"arr_dt": "1473809566", "direction": "0", "dep_dt": "1473809631", "route_id": "Red", "dwell_time_sec": "65"}, {"arr_dt": "1473809925", "direction": "0", "dep_dt": "1473809998", "route_id": "Red", "dwell_time_sec": "73"}, {"arr_dt": "1473810159", "direction": "0", "dep_dt": "1473811159", "route_id": "Red", "dwell_time_sec": "1000"}, {"arr_dt": "1473811220", "direction": "0", "dep_dt": "1473811303", "route_id": "Red", "dwell_time_sec": "83"}, {"arr_dt": "1473811444", "direction": "0", "dep_dt": "1473811532", "route_id": "Red", "dwell_time_sec": "88"}, {"arr_dt": "1473811695", "direction": "0", "dep_dt": "1473811769", "route_id": "Red", "dwell_time_sec": "74"}, {"arr_dt": "1473811963", "direction": "0", "dep_dt": "1473812031", "route_id": "Red", "dwell_time_sec": "68"}, {"arr_dt": "1473812241", "direction": "0", "dep_dt": "1473812309", "route_id": "Red", "dwell_time_sec": "68"}, {"arr_dt": "1473812546", "direction": "0", "dep_dt": "1473812606", "route_id": "Red", "dwell_time_sec": "60"}, {"arr_dt": "1473812713", "direction": "0", "dep_dt": "1473812794", "route_id": "Red", "dwell_time_sec": "81"}, {"arr_dt": "1473813207", "direction": "0", "dep_dt": "1473813284", "route_id": "Red", "dwell_time_sec": "77"}, {"arr_dt": "1473813409", "direction": "0", "dep_dt": "1473813488", "route_id": "Red", "dwell_time_sec": "79"}, {"arr_dt": "1473813972", "direction": "0", "dep_dt": "1473814047", "route_id": "Red", "dwell_time_sec": "75"}, {"arr_dt": "1473814219", "direction": "0", "dep_dt": "1473814280", "route_id": "Red", "dwell_time_sec": "61"}, {"arr_dt": "1473814508", "direction": "0", "dep_dt": "1473814570", "route_id": "Red", "dwell_time_sec": "62"}, {"arr_dt": "1473815234", "direction": "0", "dep_dt": "1473815305", "route_id": "Red", "dwell_time_sec": "71"}, {"arr_dt": "1473815561", "direction": "0", "dep_dt": "1473815631", "route_id": "Red", "dwell_time_sec": "70"}, {"arr_dt": "1473815788", "direction": "0", "dep_dt": "1473815874", "route_id": "Red", "dwell_time_sec": "86"}, {"arr_dt": "1473816114", "direction": "0", "dep_dt": "1473816188", "route_id": "Red", "dwell_time_sec": "74"}, {"arr_dt": "1473816373", "direction": "0", "dep_dt": "1473816436", "route_id": "Red", "dwell_time_sec": "63"}, {"arr_dt": "1473817105", "direction": "0", "dep_dt": "1473817222", "route_id": "Red", "dwell_time_sec": "117"}, {"arr_dt": "1473817456", "direction": "0", "dep_dt": "1473817640", "route_id": "Red", "dwell_time_sec": "184"}, {"arr_dt": "1473818081", "direction": "0", "dep_dt": "1473818160", "route_id": "Red", "dwell_time_sec": "79"}, {"arr_dt": "1473818359", "direction": "0", "dep_dt": "1473818423", "route_id": "Red", "dwell_time_sec": "64"}, {"arr_dt": "1473818524", "direction": "0", "dep_dt": "1473818623", "route_id": "Red", "dwell_time_sec": "99"}, {"arr_dt": "1473818822", "direction": "0", "dep_dt": "1473818887", "route_id": "Red", "dwell_time_sec": "65"}, {"arr_dt": "1473819297", "direction": "0", "dep_dt": "1473819379", "route_id": "Red", "dwell_time_sec": "82"}, {"arr_dt": "1473819499", "direction": "0", "dep_dt": "1473819559", "route_id": "Red", "dwell_time_sec": "60"}, {"arr_dt": "1473819907", "direction": "0", "dep_dt": "1473819991", "route_id": "Red", "dwell_time_sec": "84"}, {"arr_dt": "1473820110", "direction": "0", "dep_dt": "1473820197", "route_id": "Red", "dwell_time_sec": "87"}, {"arr_dt": "1473820307", "direction": "0", "dep_dt": "1473820397", "route_id": "Red", "dwell_time_sec": "90"}, {"arr_dt": "1473820751", "direction": "0", "dep_dt": "1473820827", "route_id": "Red", "dwell_time_sec": "76"}, {"arr_dt": "1473821024", "direction": "0", "dep_dt": "1473821114", "route_id": "Red", "dwell_time_sec": "90"}, {"arr_dt": "1473821490", "direction": "0", "dep_dt": "1473822481", "route_id": "Red", "dwell_time_sec": "991"}, {"arr_dt": "1473822946", "direction": "0", "dep_dt": "1473823039", "route_id": "Red", "dwell_time_sec": "93"}, {"arr_dt": "1473823193", "direction": "0", "dep_dt": "1473823269", "route_id": "Red", "dwell_time_sec": "76"}, {"arr_dt": "1473823548", "direction": "0", "dep_dt": "1473823648", "route_id": "Red", "dwell_time_sec": "100"}, {"arr_dt": "1473823914", "direction": "0", "dep_dt": "1473823986", "route_id": "Red", "dwell_time_sec": "72"}, {"arr_dt": "1473824218", "direction": "0", "dep_dt": "1473824282", "route_id": "Red", "dwell_time_sec": "64"}, {"arr_dt": "1473824613", "direction": "0", "dep_dt": "1473824671", "route_id": "Red", "dwell_time_sec": "58"}, {"arr_dt": "1473824768", "direction": "0", "dep_dt": "1473824820", "route_id": "Red", "dwell_time_sec": "52"}, {"arr_dt": "1473825188", "direction": "0", "dep_dt": "1473825242", "route_id": "Red", "dwell_time_sec": "54"}]}