{"dwell_times": [{"arr_dt": "1464062380", "direction": "0", "dep_dt": "1464062442", "route_id": "Red", "dwell_time_sec": "62"}, {"arr_dt": "1464062771", "direction": "0", "dep_dt": "1464062830", "route_id": "Red", "dwell_time_sec": "59"}, {"arr_dt": "1464063162", "direction": "0", "dep_dt": "1464063226", "route_id": "Red", "dwell_time_sec": "64"}, {"arr_dt": "1464063624", "direction": "0", "dep_dt": "1464063678", "route_id": "Red", "dwell_time_sec": "54"}, {"arr_dt": "1464064018", "direction": "0", "dep_dt": "1464064079", "route_id": "Red", "dwell_time_sec": "61"}, {"arr_dt": "1464064325", "direction": "0", "dep_dt": "1464064382", "route_id": "Red", "dwell_time_sec": "57"}, {"arr_dt": "1464064692", "direction": "0", "dep_dt": "1464064754", "route_id": "Red", "dwell_time_sec": "62"}, {"arr_dt": "1464065685", "direction": "0", "dep_dt": "1464066983", "route_id": "Red", "dwell_time_sec": "1298"}, {"arr_dt": "1464082417", "direction": "0", "dep_dt": "1464082502", "route_id": "Red", "dwell_time_sec": "85"}, {"arr_dt": "1464082916", "direction": "0", "dep_dt": "1464082988", "route_id": "Red", "dwell_time_sec": "72"}, {"arr_dt": "1464083188", "direction": "0", "dep_dt": "1464083257", "route_id": "Red", "dwell_time_sec": "69"}, {"arr_dt": "1464084159", "direction": "0", "dep_dt": "1464084216", "route_id": "Red", "dwell_time_sec": "57"}, {"arr_dt": "1464084344", "direction": "0", "dep_dt": "1464084397", "route_id": "Red", "dwell_time_sec": "53"}, {"arr_dt": "1464084929", "direction": "0", "dep_dt": "1464084995", "route_id": "Red", "dwell_time_sec": "66"}, {"arr_dt": "1464085152", "direction": "0", "dep_dt": "1464085211", "route_id": "Red", "dwell_time_sec": "59"}, {"arr_dt": "1464085611", "direction": "0", "dep_dt": "1464085688", "route_id": "Red", "dwell_time_sec": "77"}, {"arr_dt": "1464085974", "direction": "0", "dep_dt": "1464086044", "route_id": "Red", "dwell_time_sec": "70"}, {"arr_dt": "1464086182", "direction": "0", "dep_dt": "1464086239", "route_id": "Red", "dwell_time_sec": "57"}, {"arr_dt": "1464086671", "direction": "0", "dep_dt": "1464086745", "route_id": "Red", "dwell_time_sec": "74"}, {"arr_dt": "1464087216", "direction": "0", "dep_dt": "1464087301", "route_id": "Red", "dwell_time_sec": "85"}, {"arr_dt": "1464087388", "direction": "0", "dep_dt": "1464087488", "route_id": "Red", "dwell_time_sec": "100"}, {"arr_dt": "1464087640", "direction": "0", "dep_dt": "1464087704", "route_id": "Red", "dwell_time_sec": "64"}, {"arr_dt": "1464088048", "direction": "0", "dep_dt": "1464088132", "route_id": "Red", "dwell_time_sec": "84"}, {"arr_dt": "1464088397", "direction": "0", "dep_dt": "1464088477", "route_id": "Red", "dwell_time_sec": "80"}, {"arr_dt": "1464088567", "direction": "0", "dep_dt": "1464088649", "route_id": "Red", "dwell_time_sec": "82"}, {"arr_dt": "1464088759", "direction": "0", "dep_dt": "1464088844", "route_id": "Red", "dwell_time_sec": "85"}, {"arr_dt": "1464088957", "direction": "0", "dep_dt": "1464089054", "route_id": "Red", "dwell_time_sec": "97"}, {"arr_dt": "1464089267", "direction": "0", "dep_dt": "1464089341", "route_id": "Red", "dwell_time_sec": "74"}, {"arr_dt": "1464089453", "direction": "0", "dep_dt": "1464089523", "route_id": "Red", "dwell_time_sec": "70"}, {"arr_dt": "1464089701", "direction": "0", "dep_dt": "1464089794", "route_id": "Red", "dwell_time_sec": "93"}, {"arr_dt": "1464089889", "direction": "0", "dep_dt": "1464089956", "route_id": "Red", "dwell_time_sec": "67"}, {"arr_dt": "1464090053", "direction": "0", "dep_dt": "1464090152", "route_id": "Red", "dwell_time_sec": "99"}, {"arr_dt": "1464090247", "direction": "0", "dep_dt": "1464090324", "route_id": "Red", "dwell_time_sec": "77"}, {"arr_dt": "1464090445", "direction": "0", "dep_dt": "1464090526", "route_id": "Red", "dwell_time_sec": "81"}, {"arr_dt": "1464090792", "direction": "0", "dep_dt": "1464090875", "route_id": "Red", "dwell_time_sec": "83"}, {"arr_dt": "1464090986", "direction": "0", "dep_dt": "1464091058", "route_id": "Red", "dwell_time_sec": "72"}, {"arr_dt": "1464091170", "direction": "0", "dep_dt": "1464091253", "route_id": "Red", "dwell_time_sec": "83"}, {"arr_dt": "1464091421", "direction": "0", "dep_dt": "1464091539", "route_id": "Red", "dwell_time_sec": "118"}, {"arr_dt": "1464091662", "direction": "0", "dep_dt": "1464091751", "route_id": "Red", "dwell_time_sec": "89"}, {"arr_dt": "1464091909", "direction": "0", "dep_dt": "1464091997", "route_id": "Red", "dwell_time_sec": "88"}, {"arr_dt": "1464092109", "direction": "0", "dep_dt": "1464092192", "route_id": "Red", "dwell_time_sec": "83"}, {"arr_dt": "1464092405", "direction": "0", "dep_dt": "1464092488", "route_id": "Red", "dwell_time_sec": "83"}, {"arr_dt": "1464092820", "direction": "0", "dep_dt": "1464092916", "route_id": "Red", "dwell_time_sec": "96"}, {"arr_dt": "1464093030", "direction": "0", "dep_dt": "1464093128", "route_id": "Red", "dwell_time_sec": "98"}, {"arr_dt": "1464093260", "direction": "0", "dep_dt": "1464093342", "route_id": "Red", "dwell_time_sec": "82"}, {"arr_dt": "1464093637", "direction": "0", "dep_dt": "1464093737", "route_id": "Red", "dwell_time_sec": "100"}, {"arr_dt": "1464093848", "direction": "0", "dep_dt": "1464093950", "route_id": "Red", "dwell_time_sec": "102"}, {"arr_dt": "1464094168", "direction": "0", "dep_dt": "1464094278", "route_id": "Red", "dwell_time_sec": "110"}, {"arr_dt": "1464094365", "direction": "0", "dep_dt": "1464094486", "route_id": "Red", "dwell_time_sec": "121"}, {"arr_dt": "1464094601", "direction": "0", "dep_dt": "1464094720", "route_id": "Red", "dwell_time_sec": "119"}, {"arr_dt": "1464094806", "direction": "0", "dep_dt": "1464094913", "route_id": "Red", "dwell_time_sec": "107"}, {"arr_dt": "1464095047", "direction": "0", "dep_dt": "1464095138", "route_id": "Red", "dwell_time_sec": "91"}, {"arr_dt": "1464095251", "direction": "0", "dep_dt": "1464095338", "route_id": "Red", "dwell_time_sec": "87"}, {"arr_dt": "1464095450", "direction": "0", "dep_dt": "1464095539", "route_id": "Red", "dwell_time_sec": "89"}, {"arr_dt": "1464095988", "direction": "0", "dep_dt": "1464096109", "route_id": "Red", "dwell_time_sec": "121"}, {"arr_dt": "1464096610", "direction": "0", "dep_dt": "1464096705", "route_id": "Red", "dwell_time_sec": "95"}, {"arr_dt": "1464096818", "direction": "0", "dep_dt": "1464096883", "route_id": "Red", "dwell_time_sec": "65"}, {"arr_dt": "1464096989", "direction": "0", "dep_dt": "1464097055", "route_id": "Red", "dwell_time_sec": "66"}, {"arr_dt": "1464097174", "direction": "0", "dep_dt": "1464097247", "route_id": "Red", "dwell_time_sec": "73"}, {"arr_dt": "1464097357", "direction": "0", "dep_dt": "1464097474", "route_id": "Red", "dwell_time_sec": "117"}, {"arr_dt": "1464097591", "direction": "0", "dep_dt": "1464097663", "route_id": "Red", "dwell_time_sec": "72"}, {"arr_dt": "1464097794", "direction": "0", "dep_dt": "1464097864", "route_id": "Red", "dwell_time_sec": "70"}, {"arr_dt": "1464098004", "direction": "0", "dep_dt": "1464098079", "route_id": "Red", "dwell_time_sec": "75"}, {"arr_dt": "1464098188", "direction": "0", "dep_dt": "1464098251", "route_id": "Red", "dwell_time_sec": "63"}, {"arr_dt": "1464098353", "direction": "0", "dep_dt": "1464098441", "route_id": "Red", "dwell_time_sec": "88"}, {"arr_dt": "1464098608", "direction": "0", "dep_dt": "1464098689", "route_id": "Red", "dwell_time_sec": "81"}, {"arr_dt": "1464098959", "direction": "0", "dep_dt": "1464099040", "route_id": "Red", "dwell_time_sec": "81"}, {"arr_dt": "1464099222", "direction": "0", "dep_dt": "1464099318", "route_id": "Red", "dwell_time_sec": "96"}, {"arr_dt": "1464099453", "direction": "0", "dep_dt": "1464099538", "route_id": "Red", "dwell_time_sec": "85"}, {"arr_dt": "1464099638", "direction": "0", "dep_dt": "1464099698", "route_id": "Red", "dwell_time_sec": "60"}, {"arr_dt": "1464099912", "direction": "0", "dep_dt": "1464099977", "route_id": "Red", "dwell_time_sec": "65"}, {"arr_dt": "1464100348", "direction": "0", "dep_dt": "1464100437", "route_id": "Red", "dwell_time_sec": "89"}, {"arr_dt": "1464100539", "direction": "0", "dep_dt": "1464100609", "route_id": "Red", "dwell_time_sec": "70"}, {"arr_dt": "1464100692", "direction": "0", "dep_dt": "1464100792", "route_id": "Red", "dwell_time_sec": "100"}, {"arr_dt": "1464100987", "direction": "0", "dep_dt": "1464101145", "route_id": "Red", "dwell_time_sec": "158"}, {"arr_dt": "1464101340", "direction": "0", "dep_dt": "1464101415", "route_id": "Red", "dwell_time_sec": "75"}, {"arr_dt": "1464101758", "direction": "0", "dep_dt": "1464101836", "route_id": "Red", "dwell_time_sec": "78"}, {"arr_dt": "1464102004", "direction": "0", "dep_dt": "1464102063", "route_id": "Red", "dwell_time_sec": "59"}, {"arr_dt": "1464102423", "direction": "0", "dep_dt": "1464102512", "route_id": "Red", "dwell_time_sec": "89"}, {"arr_dt": "1464102829", "direction": "0", "dep_dt": "1464102912", "route_id": "Red", "dwell_time_sec": "83"}, {"arr_dt": "1464103142", "direction": "0", "dep_dt": "1464103199", "route_id": "Red", "dwell_time_sec": "57"}, {"arr_dt": "1464103486", "direction": "0", "dep_dt": "1464103562", "route_id": "Red", "dwell_time_sec": "76"}, {"arr_dt": "1464104047", "direction": "0", "dep_dt": "1464104118", "route_id": "Red", "dwell_time_sec": "71"}, {"arr_dt": "1464104865", "direction": "0", "dep_dt": "1464104954", "route_id": "Red", "dwell_time_sec": "89"}, {"arr_dt": "1464105270", "direction": "0", "dep_dt": "1464105363", "route_id": "Red", "dwell_time_sec": "93"}, {"arr_dt": "1464105462", "direction": "0", "dep_dt": "1464105544", "route_id": "Red", "dwell_time_sec": "82"}, {"arr_dt": "1464105792", "direction": "0", "dep_dt": "1464105858", "route_id": "Red", "dwell_time_sec": "66"}, {"arr_dt": "1464105975", "direction": "0", "dep_dt": "1464106033", "route_id": "Red", "dwell_time_sec": "58"}, {"arr_dt": "1464106536", "direction": "0", "dep_dt": "1464106613", "route_id": "Red", "dwell_time_sec": "77"}, {"arr_dt": "1464107016", "direction": "0", "dep_dt": "1464107104", "route_id": "Red", "dwell_time_sec": "88"}, {"arr_dt": "1464107512", "direction": "0", "dep_dt": "1464107578", "route_id": "Red", "dwell_time_sec": "66"}, {"arr_dt": "1464107758", "direction": "0", "dep_dt": "1464107827", "route_id": "Red", "dwell_time_sec": "69"}, {"arr_dt": "1464108470", "direction": "0", "dep_dt": "1464108563", "route_id": "Red", "dwell_time_sec": "93"}, {"arr_dt": "1464108675", "direction": "0", "dep_dt": "1464108742", "route_id": "Red", "dwell_time_sec": "67"}, {"arr_dt": "1464109268", "direction": "0", "dep_dt": "1464109351", "route_id": "Red", "dwell_time_sec": "83"}, {"arr_dt": "1464109448", "direction": "0", "dep_dt": "1464109538", "route_id": "Red", "dwell_time_sec": "90"}, {"arr_dt": "1464109944", "direction": "0", "dep_dt": "1464110114", "route_id": "Red", "dwell_time_sec": "170"}, {"arr_dt": "1464110442", "direction": "0", "dep_dt": "1464110518", "route_id": "Red", "dwell_time_sec": "76"}, {"arr_dt": "1464110844", "direction": "0", "dep_dt": "1464110920", "route_id": "Red", "dwell_time_sec": "76"}, {"arr_dt": "1464111301", "direction": "0", "dep_dt": "1464111371", "route_id": "Red", "dwell_time_sec": "70"}, {"arr_dt": "1464111611", "direction": "0", "dep_dt": "1464111676", "route_id": "Red", "dwell_time_sec": "65"}, {"arr_dt": "1464111783", "direction": "0", "dep_dt": "1464111887", "route_id": "Red", "dwell_time_sec": "104"}, {"arr_dt": "1464112297", "direction": "0", "dep_dt": "1464112379", "route_id": "Red", "dwell_time_sec": "82"}, {"arr_dt": "1464112776", "direction": "0", "dep_dt": "1464112851", "route_id": "Red", "dwell_time_sec": "75"}, {"arr_dt": "1464113137", "direction": "0", "dep_dt": "1464113224", "route_id": "Red", "dwell_time_sec": "87"}, {"arr_dt": "1464113531", "direction": "0", "dep_dt": "1464113619", "route_id": "Red", "dwell_time_sec": "88"}, {"arr_dt": "1464114015", "direction": "0", "dep_dt": "1464114091", "route_id": "Red", "dwell_time_sec": "76"}, {"arr_dt": "1464114323", "direction": "0", "dep_dt": "1464114417", "route_id": "Red", "dwell_time_sec": "94"}, {"arr_dt": "1464115290", "direction": "0", "dep_dt": "1464115394", "route_id": "Red", "dwell_time_sec": "104"}, {"arr_dt": "1464115492", "direction": "0", "dep_dt": "1464115576", "route_id": "Red", "dwell_time_sec": "84"}, {"arr_dt": "1464115714", "direction": "0", "dep_dt": "1464115811", "route_id": "Red", "dwell_time_sec": "97"}, {"arr_dt": "1464116088", "direction": "0", "dep_dt": "1464116307", "route_id": "Red", "dwell_time_sec": "219"}, {"arr_dt": "1464116537", "direction": "0", "dep_dt": "1464116626", "route_id": "Red", "dwell_time_sec": "89"}, {"arr_dt": "1464116974", "direction": "0", "dep_dt": "1464117079", "route_id": "Red", "dwell_time_sec": "105"}, {"arr_dt": "1464117413", "direction": "0", "dep_dt": "1464117490", "route_id": "Red", "dwell_time_sec": "77"}, {"arr_dt": "1464117624", "direction": "0", "dep_dt": "1464117686", "route_id": "Red", "dwell_time_sec": "62"}, {"arr_dt": "1464118182", "direction": "0", "dep_dt": "1464118278", "route_id": "Red", "dwell_time_sec": "96"}, {"arr_dt": "1464118380", "direction": "0", "dep_dt": "1464118579", "route_id": "Red", "dwell_time_sec": "199"}, {"arr_dt": "1464118721", "direction": "0", "dep_dt": "1464118807", "route_id": "Red", "dwell_time_sec": "86"}, {"arr_dt": "1464119061", "direction": "0", "dep_dt": "1464119132", "route_id": "Red", "dwell_time_sec": "71"}, {"arr_dt": "1464119444", "direction": "0", "dep_dt": "1464119535", "route_id": "Red", "dwell_time_sec": "91"}, {"arr_dt": "1464119718", "direction": "0", "dep_dt": "1464119813", "route_id": "Red", "dwell_time_sec": "95"}, {"arr_dt": "1464120114", "direction": "0", "dep_dt": "1464120237", "route_id": "Red", "dwell_time_sec": "123"}, {"arr_dt": "1464120524", "direction": "0", "dep_dt": "1464120632", "route_id": "Red", "dwell_time_sec": "108"}, {"arr_dt": "1464120842", "direction": "0", "dep_dt": "1464120924", "route_id": "Red", "dwell_time_sec": "82"}, {"arr_dt": "1464121140", "direction": "0", "dep_dt": "1464121219", "route_id": "Red", "dwell_time_sec": "79"}, {"arr_dt": "1464121413", "direction": "0", "dep_dt": "1464121526", "route_id": "Red", "dwell_time_sec": "113"}, {"arr_dt": "1464121804", "direction": "0", "dep_dt": "1464121936", "route_id": "Red", "dwell_time_sec": "132"}, {"arr_dt": "1464122010", "direction": "0", "dep_dt": "1464122112", "route_id": "Red", "dwell_time_sec": "102"}, {"arr_dt": "1464122279", "direction": "0", "dep_dt": "1464122370", "route_id": "Red", "dwell_time_sec": "91"}, {"arr_dt": "1464122555", "direction": "0", "dep_dt": "1464122678", "route_id": "Red", "dwell_time_sec": "123"}, {"arr_dt": "1464122894", "direction": "0", "dep_dt": "1464122991", "route_id": "Red", "dwell_time_sec": "97"}, {"arr_dt": "1464123092", "direction": "0", "dep_dt": "1464123202", "route_id": "Red", "dwell_time_sec": "110"}, {"arr_dt": "1464123342", "direction": "0", "dep_dt": "1464123460", "route_id": "Red", "dwell_time_sec": "118"}, {"arr_dt": "1464123533", "direction": "0", "dep_dt": "1464123619", "route_id": "Red", "dwell_time_sec": "86"}, {"arr_dt": "1464123775", "direction": "0", "dep_dt": "1464123863", "route_id": "Red", "dwell_time_sec": "88"}, {"arr_dt": "1464124014", "direction": "0", "dep_dt": "1464124090", "route_id": "Red", "dwell_time_sec": "76"}, {"arr_dt": "1464124237", "direction": "0", "dep_dt": "1464124356", "route_id": "Red", "dwell_time_sec": "119"}, {"arr_dt": "1464124451", "direction": "0", "dep_dt": "1464124568", "route_id": "Red", "dwell_time_sec": "117"}, {"arr_dt": "1464124660", "direction": "0", "dep_dt": "1464124756", "route_id": "Red", "dwell_time_sec": "96"}, {"arr_dt": "1464124907", "direction": "0", "dep_dt": "1464125015", "route_id": "Red", "dwell_time_sec": "108"}, {"arr_dt": "1464125139", "direction": "0", "dep_dt": "1464125257", "route_id": "Red", "dwell_time_sec": "118"}, {"arr_dt": "1464125347", "direction": "0", "dep_dt": "1464125478", "route_id": "Red", "dwell_time_sec": "131"}, {"arr_dt": "1464125588", "direction": "0", "dep_dt": "1464125688", "route_id": "Red", "dwell_time_sec": "100"}, {"arr_dt": "1464125841", "direction": "0", "dep_dt": "1464125969", "route_id": "Red", "dwell_time_sec": "128"}, {"arr_dt": "1464126035", "direction": "0", "dep_dt": "1464126139", "route_id": "Red", "dwell_time_sec": "104"}, {"arr_dt": "1464126283", "direction": "0", "dep_dt": "1464126386", "route_id": "Red", "dwell_time_sec": "103"}, {"arr_dt": "1464126471", "direction": "0", "dep_dt": "1464126572", "route_id": "Red", "dwell_time_sec": "101"}, {"arr_dt": "1464126668", "direction": "0", "dep_dt": "1464126746", "route_id": "Red", "dwell_time_sec": "78"}, {"arr_dt": "1464126894", "direction": "0", "dep_dt": "1464126993", "route_id": "Red", "dwell_time_sec": "99"}, {"arr_dt": "1464127210", "direction": "0", "dep_dt": "1464127297", "route_id": "Red", "dwell_time_sec": "87"}, {"arr_dt": "1464127397", "direction": "0", "dep_dt": "1464127481", "route_id": "Red", "dwell_time_sec": "84"}, {"arr_dt": "1464127629", "direction": "0", "dep_dt": "1464127697", "route_id": "Red", "dwell_time_sec": "68"}, {"arr_dt": "1464127889", "direction": "0", "dep_dt": "1464127984", "route_id": "Red", "dwell_time_sec": "95"}, {"arr_dt": "1464128217", "direction": "0", "dep_dt": "1464128306", "route_id": "Red", "dwell_time_sec": "89"}, {"arr_dt": "1464128420", "direction": "0", "dep_dt": "1464128557", "route_id": "Red", "dwell_time_sec": "137"}, {"arr_dt": "1464128729", "direction": "0", "dep_dt": "1464128815", "route_id": "Red", "dwell_time_sec": "86"}, {"arr_dt": "1464129112", "direction": "0", "dep_dt": "1464129209", "route_id": "Red", "dwell_time_sec": "97"}, {"arr_dt": "1464129321", "direction": "0", "dep_dt": "1464129401", "route_id": "Red", "dwell_time_sec": "80"}, {"arr_dt": "1464129518", "direction": "0", "dep_dt": "1464129596", "route_id": "Red", "dwell_time_sec": "78"}, {"arr_dt": "1464129878", "direction": "0", "dep_dt": "1464129970", "route_id": "Red", "dwell_time_sec": "92"}, {"arr_dt": "1464130092", "direction": "0", "dep_dt": "1464130186", "route_id": "Red", "dwell_time_sec": "94"}, {"arr_dt": "1464130451", "direction": "0", "dep_dt": "1464130541", "route_id": "Red", "dwell_time_sec": "90"}, {"arr_dt": "1464130657", "direction": "0", "dep_dt": "1464130793", "route_id": "Red", "dwell_time_sec": "136"}, {"arr_dt": "1464130879", "direction": "0", "dep_dt": "1464130961", "route_id": "Red", "dwell_time_sec": "82"}, {"arr_dt": "1464131047", "direction": "0", "dep_dt": "1464131137", "route_id": "Red", "dwell_time_sec": "90"}, {"arr_dt": "1464131456", "direction": "0", "dep_dt": "1464131546", "route_id": "Red", "dwell_time_sec": "90"}, {"arr_dt": "1464131658", "direction": "0", "dep_dt": "1464131762", "route_id": "Red", "dwell_time_sec": "104"}, {"arr_dt": "1464131853", "direction": "0", "dep_dt": "1464131953", "route_id": "Red", "dwell_time_sec": "100"}, {"arr_dt": "1464132065", "direction": "0", "dep_dt": "1464132191", "route_id": "Red", "dwell_time_sec": "126"}, {"arr_dt": "1464132294", "direction": "0", "dep_dt": "1464132362", "route_id": "Red", "dwell_time_sec": "68"}, {"arr_dt": "1464132546", "direction": "0", "dep_dt": "1464132620", "route_id": "Red", "dwell_time_sec": "74"}, {"arr_dt": "1464132975", "direction": "0", "dep_dt": "1464133042", "route_id": "Red", "dwell_time_sec": "67"}, {"arr_dt": "1464133295", "direction": "0", "dep_dt": "1464133383", "route_id": "Red", "dwell_time_sec": "88"}, {"arr_dt": "1464133497", "direction": "0", "dep_dt": "1464133569", "route_id": "Red", "dwell_time_sec": "72"}, {"arr_dt": "1464133823", "direction": "0", "dep_dt": "1464133887", "route_id": "Red", "dwell_time_sec": "64"}, {"arr_dt": "1464134177", "direction": "0", "dep_dt": "1464134268", "route_id": "Red", "dwell_time_sec": "91"}, {"arr_dt": "1464134402", "direction": "0", "dep_dt": "1464134503", "route_id": "Red", "dwell_time_sec": "101"}, {"arr_dt": "1464134618", "direction": "0", "dep_dt": "1464134688", "route_id": "Red", "dwell_time_sec": "70"}, {"arr_dt": "1464134869", "direction": "0", "dep_dt": "1464134938", "route_id": "Red", "dwell_time_sec": "69"}, {"arr_dt": "1464135056", "direction": "0", "dep_dt": "1464135123", "route_id": "Red", "dwell_time_sec": "67"}, {"arr_dt": "1464135305", "direction": "0", "dep_dt": "1464135383", "route_id": "Red", "dwell_time_sec": "78"}, {"arr_dt": "1464135584", "direction": "0", "dep_dt": "1464135652", "route_id": "Red", "dwell_time_sec": "68"}, {"arr_dt": "1464135891", "direction": "0", "dep_dt": "1464136068", "route_id": "Red", "dwell_time_sec": "177"}, {"arr_dt": "1464136271", "direction": "0", "dep_dt": "1464136331", "route_id": "Red", "dwell_time_sec": "60"}, {"arr_dt": "1464136503", "direction": "0", "dep_dt": "1464136572", "route_id": "Red", "dwell_time_sec": "69"}, {"arr_dt": "1464137022", "direction": "0", "dep_dt": "1464137113", "route_id": "Red", "dwell_time_sec": "91"}, {"arr_dt": "1464137406", "direction": "0", "dep_dt": "1464137480", "route_id": "Red", "dwell_time_sec": "74"}, {"arr_dt": "1464137578", "direction": "0", "dep_dt": "1464137652", "route_id": "Red", "dwell_time_sec": "74"}, {"arr_dt": "1464138051", "direction": "0", "dep_dt": "1464138121", "route_id": "Red", "dwell_time_sec": "70"}, {"arr_dt": "1464138593", "direction": "0", "dep_dt": "1464138683", "route_id": "Red", "dwell_time_sec": "90"}, {"arr_dt": "1464138797", "direction": "0", "dep_dt": "1464138858", "route_id": "Red", "dwell_time_sec": "61"}, {"arr_dt": "1464139180", "direction": "0", "dep_dt": "1464139251", "route_id": "Red", "dwell_time_sec": "71"}, {"arr_dt": "1464139399", "direction": "0", "dep_dt": "1464139504", "route_id": "Red", "dwell_time_sec": "105"}, {"arr_dt": "1464140288", "direction": "0", "dep_dt": "1464140383", "route_id": "Red", "dwell_time_sec": "95"}, {"arr_dt": "1464140593", "direction": "0", "dep_dt": "1464140680", "route_id": "Red", "dwell_time_sec": "87"}, {"arr_dt": "1464140778", "direction": "0", "dep_dt": "1464140855", "route_id": "Red", "dwell_time_sec": "77"}, {"arr_dt": "1464141196", "direction": "0", "dep_dt": "1464141289", "route_id": "Red", "dwell_time_sec": "93"}, {"arr_dt": "1464141426", "direction": "0", "dep_dt": "1464141495", "route_id": "Red", "dwell_time_sec": "69"}, {"arr_dt": "1464141927", "direction": "0", "dep_dt": "1464142009", "route_id": "Red", "dwell_time_sec": "82"}, {"arr_dt": "1464142263", "direction": "0", "dep_dt": "1464142352", "route_id": "Red", "dwell_time_sec": "89"}, {"arr_dt": "1464142467", "direction": "0", "dep_dt": "1464142543", "route_id": "Red", "dwell_time_sec": "76"}, {"arr_dt": "1464142907", "direction": "0", "dep_dt": "1464142986", "route_id": "Red", "dwell_time_sec": "79"}, {"arr_dt": "1464143100", "direction": "0", "dep_dt": "1464143171", "route_id": "Red", "dwell_time_sec": "71"}, {"arr_dt": "1464143490", "direction": "0", "dep_dt": "1464143603", "route_id": "Red", "dwell_time_sec": "113"}, {"arr_dt": "1464143889", "direction": "0", "dep_dt": "1464143963", "route_id": "Red", "dwell_time_sec": "74"}, {"arr_dt": "1464144284", "direction": "0", "dep_dt": "1464144352", "route_id": "Red", "dwell_time_sec": "68"}, {"arr_dt": "1464144545", "direction": "0", "dep_dt": "1464144601", "route_id": "Red", "dwell_time_sec": "56"}, {"arr_dt": "1464145315", "direction": "0", "dep_dt": "1464145418", "route_id": "Red", "dwell_time_sec": "103"}, {"arr_dt": "1464145600", "direction": "0", "dep_dt": "1464145726", "route_id": "Red", "dwell_time_sec": "126"}, {"arr_dt": "1464145834", "direction": "0", "dep_dt": "1464145904", "route_id": "Red", "dwell_time_sec": "70"}, {"arr_dt": "1464146908", "direction": "0", "dep_dt": "1464146987", "route_id": "Red", "dwell_time_sec": "79"}, {"arr_dt": "1464147086", "direction": "0", "dep_dt": "1464147160", "route_id": "Red", "dwell_time_sec": "74"}, {"arr_dt": "1464147377", "direction": "0", "dep_dt": "1464147447", "route_id": "Red", "dwell_time_sec": "70"}, {"arr_dt": "1464147715", "direction": "0", "dep_dt": "1464147775", "route_id": "Red", "dwell_time_sec": "60"}, {"arr_dt": "1464148116", "direction": "0", "dep_dt": "1464148197", "route_id": "Red", "dwell_time_sec": "81"}, {"arr_dt": "1464148492", "direction": "0", "dep_dt": "1464148554", "route_id": "Red", "dwell_time_sec": "62"}]}