{"dwell_times": [{"arr_dt": "1452834062", "direction": "0", "dep_dt": "1452834125", "route_id": "Red", "dwell_time_sec": "63"}, {"arr_dt": "1452834453", "direction": "0", "dep_dt": "1452834519", "route_id": "Red", "dwell_time_sec": "66"}, {"arr_dt": "1452834925", "direction": "0", "dep_dt": "1452835063", "route_id": "Red", "dwell_time_sec": "138"}, {"arr_dt": "1452835467", "direction": "0", "dep_dt": "1452835523", "route_id": "Red", "dwell_time_sec": "56"}, {"arr_dt": "1452835985", "direction": "0", "dep_dt": "1452836065", "route_id": "Red", "dwell_time_sec": "80"}, {"arr_dt": "1452836384", "direction": "0", "dep_dt": "1452836448", "route_id": "Red", "dwell_time_sec": "64"}, {"arr_dt": "1452836615", "direction": "0", "dep_dt": "1452836675", "route_id": "Red", "dwell_time_sec": "60"}, {"arr_dt": "1452836928", "direction": "0", "dep_dt": "1452836996", "route_id": "Red", "dwell_time_sec": "68"}, {"arr_dt": "1452837595", "direction": "0", "dep_dt": "1452840083", "route_id": "Red", "dwell_time_sec": "2488"}, {"arr_dt": "1452854139", "direction": "0", "dep_dt": "1452854193", "route_id": "Red", "dwell_time_sec": "54"}, {"arr_dt": "1452854809", "direction": "0", "dep_dt": "1452854876", "route_id": "Red", "dwell_time_sec": "67"}, {"arr_dt": "1452855070", "direction": "0", "dep_dt": "1452855141", "route_id": "Red", "dwell_time_sec": "71"}, {"arr_dt": "1452855722", "direction": "0", "dep_dt": "1452855797", "route_id": "Red", "dwell_time_sec": "75"}, {"arr_dt": "1452855963", "direction": "0", "dep_dt": "1452856038", "route_id": "Red", "dwell_time_sec": "75"}, {"arr_dt": "1452856602", "direction": "0", "dep_dt": "1452856673", "route_id": "Red", "dwell_time_sec": "71"}, {"arr_dt": "1452857327", "direction": "0", "dep_dt": "1452857386", "route_id": "Red", "dwell_time_sec": "59"}, {"arr_dt": "1452857572", "direction": "0", "dep_dt": "1452857658", "route_id": "Red", "dwell_time_sec": "86"}, {"arr_dt": "1452857821", "direction": "0", "dep_dt": "1452857880", "route_id": "Red", "dwell_time_sec": "59"}, {"arr_dt": "1452858281", "direction": "0", "dep_dt": "1452858340", "route_id": "Red", "dwell_time_sec": "59"}, {"arr_dt": "1452858447", "direction": "0", "dep_dt": "1452858527", "route_id": "Red", "dwell_time_sec": "80"}, {"arr_dt": "1452859038", "direction": "0", "dep_dt": "1452859105", "route_id": "Red", "dwell_time_sec": "67"}, {"arr_dt": "1452859266", "direction": "0", "dep_dt": "1452859426", "route_id": "Red", "dwell_time_sec": "160"}, {"arr_dt": "1452859865", "direction": "0", "dep_dt": "1452859943", "route_id": "Red", "dwell_time_sec": "78"}, {"arr_dt": "1452860070", "direction": "0", "dep_dt": "1452860141", "route_id": "Red", "dwell_time_sec": "71"}, {"arr_dt": "1452860748", "direction": "0", "dep_dt": "1452860830", "route_id": "Red", "dwell_time_sec": "82"}, {"arr_dt": "1452860957", "direction": "0", "dep_dt": "1452861019", "route_id": "Red", "dwell_time_sec": "62"}, {"arr_dt": "1452861261", "direction": "0", "dep_dt": "1452861327", "route_id": "Red", "dwell_time_sec": "66"}, {"arr_dt": "1452861432", "direction": "0", "dep_dt": "1452861550", "route_id": "Red", "dwell_time_sec": "118"}, {"arr_dt": "1452861628", "direction": "0", "dep_dt": "1452861722", "route_id": "Red", "dwell_time_sec": "94"}, {"arr_dt": "1452861816", "direction": "0", "dep_dt": "1452861928", "route_id": "Red", "dwell_time_sec": "112"}, {"arr_dt": "1452862014", "direction": "0", "dep_dt": "1452862091", "route_id": "Red", "dwell_time_sec": "77"}, {"arr_dt": "1452862204", "direction": "0", "dep_dt": "1452862279", "route_id": "Red", "dwell_time_sec": "75"}, {"arr_dt": "1452862390", "direction": "0", "dep_dt": "1452862456", "route_id": "Red", "dwell_time_sec": "66"}, {"arr_dt": "1452862571", "direction": "0", "dep_dt": "1452862645", "route_id": "Red", "dwell_time_sec": "74"}, {"arr_dt": "1452862767", "direction": "0", "dep_dt": "1452862854", "route_id": "Red", "dwell_time_sec": "87"}, {"arr_dt": "1452863025", "direction": "0", "dep_dt": "1452863134", "route_id": "Red", "dwell_time_sec": "109"}, {"arr_dt": "1452863266", "direction": "0", "dep_dt": "1452863332", "route_id": "Red", "dwell_time_sec": "66"}, {"arr_dt": "1452863661", "direction": "0", "dep_dt": "1452863797", "route_id": "Red", "dwell_time_sec": "136"}, {"arr_dt": "1452864081", "direction": "0", "dep_dt": "1452864177", "route_id": "Red", "dwell_time_sec": "96"}, {"arr_dt": "1452864610", "direction": "0", "dep_dt": "1452864742", "route_id": "Red", "dwell_time_sec": "132"}, {"arr_dt": "1452864884", "direction": "0", "dep_dt": "1452864984", "route_id": "Red", "dwell_time_sec": "100"}, {"arr_dt": "1452865099", "direction": "0", "dep_dt": "1452865217", "route_id": "Red", "dwell_time_sec": "118"}, {"arr_dt": "1452865333", "direction": "0", "dep_dt": "1452865444", "route_id": "Red", "dwell_time_sec": "111"}, {"arr_dt": "1452865538", "direction": "0", "dep_dt": "1452865618", "route_id": "Red", "dwell_time_sec": "80"}, {"arr_dt": "1452865709", "direction": "0", "dep_dt": "1452865804", "route_id": "Red", "dwell_time_sec": "95"}, {"arr_dt": "1452865912", "direction": "0", "dep_dt": "1452866014", "route_id": "Red", "dwell_time_sec": "102"}, {"arr_dt": "1452866132", "direction": "0", "dep_dt": "1452866220", "route_id": "Red", "dwell_time_sec": "88"}, {"arr_dt": "1452866470", "direction": "0", "dep_dt": "1452866585", "route_id": "Red", "dwell_time_sec": "115"}, {"arr_dt": "1452866674", "direction": "0", "dep_dt": "1452866756", "route_id": "Red", "dwell_time_sec": "82"}, {"arr_dt": "1452866869", "direction": "0", "dep_dt": "1452866949", "route_id": "Red", "dwell_time_sec": "80"}, {"arr_dt": "1452867047", "direction": "0", "dep_dt": "1452867151", "route_id": "Red", "dwell_time_sec": "104"}, {"arr_dt": "1452867245", "direction": "0", "dep_dt": "1452867335", "route_id": "Red", "dwell_time_sec": "90"}, {"arr_dt": "1452867423", "direction": "0", "dep_dt": "1452867517", "route_id": "Red", "dwell_time_sec": "94"}, {"arr_dt": "1452867782", "direction": "0", "dep_dt": "1452867872", "route_id": "Red", "dwell_time_sec": "90"}, {"arr_dt": "1452867984", "direction": "0", "dep_dt": "1452868055", "route_id": "Red", "dwell_time_sec": "71"}, {"arr_dt": "1452868462", "direction": "0", "dep_dt": "1452868569", "route_id": "Red", "dwell_time_sec": "107"}, {"arr_dt": "1452868665", "direction": "0", "dep_dt": "1452868734", "route_id": "Red", "dwell_time_sec": "69"}, {"arr_dt": "1452868875", "direction": "0", "dep_dt": "1452868947", "route_id": "Red", "dwell_time_sec": "72"}, {"arr_dt": "1452869069", "direction": "0", "dep_dt": "1452869134", "route_id": "Red", "dwell_time_sec": "65"}, {"arr_dt": "1452869234", "direction": "0", "dep_dt": "1452869325", "route_id": "Red", "dwell_time_sec": "91"}, {"arr_dt": "1452869422", "direction": "0", "dep_dt": "1452869504", "route_id": "Red", "dwell_time_sec": "82"}, {"arr_dt": "1452869862", "direction": "0", "dep_dt": "1452869953", "route_id": "Red", "dwell_time_sec": "91"}, {"arr_dt": "1452870074", "direction": "0", "dep_dt": "1452870148", "route_id": "Red", "dwell_time_sec": "74"}, {"arr_dt": "1452870251", "direction": "0", "dep_dt": "1452870323", "route_id": "Red", "dwell_time_sec": "72"}, {"arr_dt": "1452870549", "direction": "0", "dep_dt": "1452870621", "route_id": "Red", "dwell_time_sec": "72"}, {"arr_dt": "1452870740", "direction": "0", "dep_dt": "1452870805", "route_id": "Red", "dwell_time_sec": "65"}, {"arr_dt": "1452870933", "direction": "0", "dep_dt": "1452871008", "route_id": "Red", "dwell_time_sec": "75"}, {"arr_dt": "1452871111", "direction": "0", "dep_dt": "1452871181", "route_id": "Red", "dwell_time_sec": "70"}, {"arr_dt": "1452871394", "direction": "0", "dep_dt": "1452871465", "route_id": "Red", "dwell_time_sec": "71"}, {"arr_dt": "1452871583", "direction": "0", "dep_dt": "1452871667", "route_id": "Red", "dwell_time_sec": "84"}, {"arr_dt": "1452871777", "direction": "0", "dep_dt": "1452871856", "route_id": "Red", "dwell_time_sec": "79"}, {"arr_dt": "1452872200", "direction": "0", "dep_dt": "1452872268", "route_id": "Red", "dwell_time_sec": "68"}, {"arr_dt": "1452872388", "direction": "0", "dep_dt": "1452872441", "route_id": "Red", "dwell_time_sec": "53"}, {"arr_dt": "1452872896", "direction": "0", "dep_dt": "1452872962", "route_id": "Red", "dwell_time_sec": "66"}, {"arr_dt": "1452873157", "direction": "0", "dep_dt": "1452873220", "route_id": "Red", "dwell_time_sec": "63"}, {"arr_dt": "1452873671", "direction": "0", "dep_dt": "1452873746", "route_id": "Red", "dwell_time_sec": "75"}, {"arr_dt": "1452873910", "direction": "0", "dep_dt": "1452873975", "route_id": "Red", "dwell_time_sec": "65"}, {"arr_dt": "1452874124", "direction": "0", "dep_dt": "1452874199", "route_id": "Red", "dwell_time_sec": "75"}, {"arr_dt": "1452874676", "direction": "0", "dep_dt": "1452874769", "route_id": "Red", "dwell_time_sec": "93"}, {"arr_dt": "1452875048", "direction": "0", "dep_dt": "1452875148", "route_id": "Red", "dwell_time_sec": "100"}, {"arr_dt": "1452875263", "direction": "0", "dep_dt": "1452875336", "route_id": "Red", "dwell_time_sec": "73"}, {"arr_dt": "1452875437", "direction": "0", "dep_dt": "1452875502", "route_id": "Red", "dwell_time_sec": "65"}, {"arr_dt": "1452876122", "direction": "0", "dep_dt": "1452876225", "route_id": "Red", "dwell_time_sec": "103"}, {"arr_dt": "1452876988", "direction": "0", "dep_dt": "1452877103", "route_id": "Red", "dwell_time_sec": "115"}, {"arr_dt": "1452877200", "direction": "0", "dep_dt": "1452877277", "route_id": "Red", "dwell_time_sec": "77"}, {"arr_dt": "1452877684", "direction": "0", "dep_dt": "1452877759", "route_id": "Red", "dwell_time_sec": "75"}, {"arr_dt": "1452878012", "direction": "0", "dep_dt": "1452878093", "route_id": "Red", "dwell_time_sec": "81"}, {"arr_dt": "1452878353", "direction": "0", "dep_dt": "1452878427", "route_id": "Red", "dwell_time_sec": "74"}, {"arr_dt": "1452878640", "direction": "0", "dep_dt": "1452878697", "route_id": "Red", "dwell_time_sec": "57"}, {"arr_dt": "1452879017", "direction": "0", "dep_dt": "1452879076", "route_id": "Red", "dwell_time_sec": "59"}, {"arr_dt": "1452879439", "direction": "0", "dep_dt": "1452879525", "route_id": "Red", "dwell_time_sec": "86"}, {"arr_dt": "1452879927", "direction": "0", "dep_dt": "1452880005", "route_id": "Red", "dwell_time_sec": "78"}, {"arr_dt": "1452880272", "direction": "0", "dep_dt": "1452880373", "route_id": "Red", "dwell_time_sec": "101"}, {"arr_dt": "1452880793", "direction": "0", "dep_dt": "1452880873", "route_id": "Red", "dwell_time_sec": "80"}, {"arr_dt": "1452881012", "direction": "0", "dep_dt": "1452881070", "route_id": "Red", "dwell_time_sec": "58"}, {"arr_dt": "1452881487", "direction": "0", "dep_dt": "1452881553", "route_id": "Red", "dwell_time_sec": "66"}, {"arr_dt": "1452881956", "direction": "0", "dep_dt": "1452882040", "route_id": "Red", "dwell_time_sec": "84"}, {"arr_dt": "1452882676", "direction": "0", "dep_dt": "1452882787", "route_id": "Red", "dwell_time_sec": "111"}, {"arr_dt": "1452882882", "direction": "0", "dep_dt": "1452882967", "route_id": "Red", "dwell_time_sec": "85"}, {"arr_dt": "1452883165", "direction": "0", "dep_dt": "1452883235", "route_id": "Red", "dwell_time_sec": "70"}, {"arr_dt": "1452883544", "direction": "0", "dep_dt": "1452883620", "route_id": "Red", "dwell_time_sec": "76"}, {"arr_dt": "1452884041", "direction": "0", "dep_dt": "1452884118", "route_id": "Red", "dwell_time_sec": "77"}, {"arr_dt": "1452884300", "direction": "0", "dep_dt": "1452884379", "route_id": "Red", "dwell_time_sec": "79"}, {"arr_dt": "1452884913", "direction": "0", "dep_dt": "1452885025", "route_id": "Red", "dwell_time_sec": "112"}, {"arr_dt": "1452885124", "direction": "0", "dep_dt": "1452885200", "route_id": "Red", "dwell_time_sec": "76"}, {"arr_dt": "1452885724", "direction": "0", "dep_dt": "1452885811", "route_id": "Red", "dwell_time_sec": "87"}, {"arr_dt": "1452886097", "direction": "0", "dep_dt": "1452886186", "route_id": "Red", "dwell_time_sec": "89"}, {"arr_dt": "1452886439", "direction": "0", "dep_dt": "1452886502", "route_id": "Red", "dwell_time_sec": "63"}, {"arr_dt": "1452887036", "direction": "0", "dep_dt": "1452887145", "route_id": "Red", "dwell_time_sec": "109"}, {"arr_dt": "1452887507", "direction": "0", "dep_dt": "1452887619", "route_id": "Red", "dwell_time_sec": "112"}, {"arr_dt": "1452887736", "direction": "0", "dep_dt": "1452887819", "route_id": "Red", "dwell_time_sec": "83"}, {"arr_dt": "1452888238", "direction": "0", "dep_dt": "1452888311", "route_id": "Red", "dwell_time_sec": "73"}, {"arr_dt": "1452888709", "direction": "0", "dep_dt": "1452888790", "route_id": "Red", "dwell_time_sec": "81"}, {"arr_dt": "1452889290", "direction": "0", "dep_dt": "1452889401", "route_id": "Red", "dwell_time_sec": "111"}, {"arr_dt": "1452889529", "direction": "0", "dep_dt": "1452889616", "route_id": "Red", "dwell_time_sec": "87"}, {"arr_dt": "1452889822", "direction": "0", "dep_dt": "1452889922", "route_id": "Red", "dwell_time_sec": "100"}, {"arr_dt": "1452890031", "direction": "0", "dep_dt": "1452890124", "route_id": "Red", "dwell_time_sec": "93"}, {"arr_dt": "1452890382", "direction": "0", "dep_dt": "1452890457", "route_id": "Red", "dwell_time_sec": "75"}, {"arr_dt": "1452890668", "direction": "0", "dep_dt": "1452890756", "route_id": "Red", "dwell_time_sec": "88"}, {"arr_dt": "1452891158", "direction": "0", "dep_dt": "1452891253", "route_id": "Red", "dwell_time_sec": "95"}, {"arr_dt": "1452891391", "direction": "0", "dep_dt": "1452891470", "route_id": "Red", "dwell_time_sec": "79"}, {"arr_dt": "1452892095", "direction": "0", "dep_dt": "1452892229", "route_id": "Red", "dwell_time_sec": "134"}, {"arr_dt": "1452892307", "direction": "0", "dep_dt": "1452892403", "route_id": "Red", "dwell_time_sec": "96"}, {"arr_dt": "1452892579", "direction": "0", "dep_dt": "1452892674", "route_id": "Red", "dwell_time_sec": "95"}, {"arr_dt": "1452892773", "direction": "0", "dep_dt": "1452892859", "route_id": "Red", "dwell_time_sec": "86"}, {"arr_dt": "1452893030", "direction": "0", "dep_dt": "1452893127", "route_id": "Red", "dwell_time_sec": "97"}, {"arr_dt": "1452893330", "direction": "0", "dep_dt": "1452893428", "route_id": "Red", "dwell_time_sec": "98"}, {"arr_dt": "1452893602", "direction": "0", "dep_dt": "1452893684", "route_id": "Red", "dwell_time_sec": "82"}, {"arr_dt": "1452893790", "direction": "0", "dep_dt": "1452893879", "route_id": "Red", "dwell_time_sec": "89"}, {"arr_dt": "1452894260", "direction": "0", "dep_dt": "1452894394", "route_id": "Red", "dwell_time_sec": "134"}, {"arr_dt": "1452894487", "direction": "0", "dep_dt": "1452894582", "route_id": "Red", "dwell_time_sec": "95"}, {"arr_dt": "1452894817", "direction": "0", "dep_dt": "1452894912", "route_id": "Red", "dwell_time_sec": "95"}, {"arr_dt": "1452895005", "direction": "0", "dep_dt": "1452895247", "route_id": "Red", "dwell_time_sec": "242"}, {"arr_dt": "1452895444", "direction": "0", "dep_dt": "1452895599", "route_id": "Red", "dwell_time_sec": "155"}, {"arr_dt": "1452895718", "direction": "0", "dep_dt": "1452895827", "route_id": "Red", "dwell_time_sec": "109"}, {"arr_dt": "1452895980", "direction": "0", "dep_dt": "1452896083", "route_id": "Red", "dwell_time_sec": "103"}, {"arr_dt": "1452896199", "direction": "0", "dep_dt": "1452896289", "route_id": "Red", "dwell_time_sec": "90"}, {"arr_dt": "1452896407", "direction": "0", "dep_dt": "1452896544", "route_id": "Red", "dwell_time_sec": "137"}, {"arr_dt": "1452896620", "direction": "0", "dep_dt": "1452896731", "route_id": "Red", "dwell_time_sec": "111"}, {"arr_dt": "1452896833", "direction": "0", "dep_dt": "1452896947", "route_id": "Red", "dwell_time_sec": "114"}, {"arr_dt": "1452897051", "direction": "0", "dep_dt": "1452897166", "route_id": "Red", "dwell_time_sec": "115"}, {"arr_dt": "1452897275", "direction": "0", "dep_dt": "1452897384", "route_id": "Red", "dwell_time_sec": "109"}, {"arr_dt": "1452897510", "direction": "0", "dep_dt": "1452897608", "route_id": "Red", "dwell_time_sec": "98"}, {"arr_dt": "1452897735", "direction": "0", "dep_dt": "1452897873", "route_id": "Red", "dwell_time_sec": "138"}, {"arr_dt": "1452897966", "direction": "0", "dep_dt": "1452898053", "route_id": "Red", "dwell_time_sec": "87"}, {"arr_dt": "1452898186", "direction": "0", "dep_dt": "1452898294", "route_id": "Red", "dwell_time_sec": "108"}, {"arr_dt": "1452898377", "direction": "0", "dep_dt": "1452898465", "route_id": "Red", "dwell_time_sec": "88"}, {"arr_dt": "1452898620", "direction": "0", "dep_dt": "1452898749", "route_id": "Red", "dwell_time_sec": "129"}, {"arr_dt": "1452898824", "direction": "0", "dep_dt": "1452898933", "route_id": "Red", "dwell_time_sec": "109"}, {"arr_dt": "1452899033", "direction": "0", "dep_dt": "1452899119", "route_id": "Red", "dwell_time_sec": "86"}, {"arr_dt": "1452899206", "direction": "0", "dep_dt": "1452899293", "route_id": "Red", "dwell_time_sec": "87"}, {"arr_dt": "1452899502", "direction": "0", "dep_dt": "1452899593", "route_id": "Red", "dwell_time_sec": "91"}, {"arr_dt": "1452899731", "direction": "0", "dep_dt": "1452899822", "route_id": "Red", "dwell_time_sec": "91"}, {"arr_dt": "1452899917", "direction": "0", "dep_dt": "1452900021", "route_id": "Red", "dwell_time_sec": "104"}, {"arr_dt": "1452900096", "direction": "0", "dep_dt": "1452900195", "route_id": "Red", "dwell_time_sec": "99"}, {"arr_dt": "1452900307", "direction": "0", "dep_dt": "1452900392", "route_id": "Red", "dwell_time_sec": "85"}, {"arr_dt": "1452900625", "direction": "0", "dep_dt": "1452900705", "route_id": "Red", "dwell_time_sec": "80"}, {"arr_dt": "1452901031", "direction": "0", "dep_dt": "1452901111", "route_id": "Red", "dwell_time_sec": "80"}, {"arr_dt": "1452901328", "direction": "0", "dep_dt": "1452901403", "route_id": "Red", "dwell_time_sec": "75"}, {"arr_dt": "1452901716", "direction": "0", "dep_dt": "1452901880", "route_id": "Red", "dwell_time_sec": "164"}, {"arr_dt": "1452902009", "direction": "0", "dep_dt": "1452902077", "route_id": "Red", "dwell_time_sec": "68"}, {"arr_dt": "1452902189", "direction": "0", "dep_dt": "1452902261", "route_id": "Red", "dwell_time_sec": "72"}, {"arr_dt": "1452902374", "direction": "0", "dep_dt": "1452902476", "route_id": "Red", "dwell_time_sec": "102"}, {"arr_dt": "1452902573", "direction": "0", "dep_dt": "1452902664", "route_id": "Red", "dwell_time_sec": "91"}, {"arr_dt": "1452902767", "direction": "0", "dep_dt": "1452903047", "route_id": "Red", "dwell_time_sec": "280"}, {"arr_dt": "1452903142", "direction": "0", "dep_dt": "1452903224", "route_id": "Red", "dwell_time_sec": "82"}, {"arr_dt": "1452903325", "direction": "0", "dep_dt": "1452903407", "route_id": "Red", "dwell_time_sec": "82"}, {"arr_dt": "1452903507", "direction": "0", "dep_dt": "1452903591", "route_id": "Red", "dwell_time_sec": "84"}, {"arr_dt": "1452903685", "direction": "0", "dep_dt": "1452903751", "route_id": "Red", "dwell_time_sec": "66"}, {"arr_dt": "1452903876", "direction": "0", "dep_dt": "1452903969", "route_id": "Red", "dwell_time_sec": "93"}, {"arr_dt": "1452904171", "direction": "0", "dep_dt": "1452904243", "route_id": "Red", "dwell_time_sec": "72"}, {"arr_dt": "1452904403", "direction": "0", "dep_dt": "1452904476", "route_id": "Red", "dwell_time_sec": "73"}, {"arr_dt": "1452904750", "direction": "0", "dep_dt": "1452904837", "route_id": "Red", "dwell_time_sec": "87"}, {"arr_dt": "1452905013", "direction": "0", "dep_dt": "1452905102", "route_id": "Red", "dwell_time_sec": "89"}, {"arr_dt": "1452905324", "direction": "0", "dep_dt": "1452905417", "route_id": "Red", "dwell_time_sec": "93"}, {"arr_dt": "1452905507", "direction": "0", "dep_dt": "1452905618", "route_id": "Red", "dwell_time_sec": "111"}, {"arr_dt": "1452905939", "direction": "0", "dep_dt": "1452906014", "route_id": "Red", "dwell_time_sec": "75"}, {"arr_dt": "1452906113", "direction": "0", "dep_dt": "1452906186", "route_id": "Red", "dwell_time_sec": "73"}, {"arr_dt": "1452906380", "direction": "0", "dep_dt": "1452906451", "route_id": "Red", "dwell_time_sec": "71"}, {"arr_dt": "1452906584", "direction": "0", "dep_dt": "1452906650", "route_id": "Red", "dwell_time_sec": "66"}, {"arr_dt": "1452906982", "direction": "0", "dep_dt": "1452907060", "route_id": "Red", "dwell_time_sec": "78"}, {"arr_dt": "1452907176", "direction": "0", "dep_dt": "1452907251", "route_id": "Red", "dwell_time_sec": "75"}, {"arr_dt": "1452907421", "direction": "0", "dep_dt": "1452907486", "route_id": "Red", "dwell_time_sec": "65"}, {"arr_dt": "1452908010", "direction": "0", "dep_dt": "1452908087", "route_id": "Red", "dwell_time_sec": "77"}, {"arr_dt": "1452908188", "direction": "0", "dep_dt": "1452908258", "route_id": "Red", "dwell_time_sec": "70"}, {"arr_dt": "1452908801", "direction": "0", "dep_dt": "1452908876", "route_id": "Red", "dwell_time_sec": "75"}, {"arr_dt": "1452909191", "direction": "0", "dep_dt": "1452909278", "route_id": "Red", "dwell_time_sec": "87"}, {"arr_dt": "1452909683", "direction": "0", "dep_dt": "1452909755", "route_id": "Red", "dwell_time_sec": "72"}, {"arr_dt": "1452909902", "direction": "0", "dep_dt": "1452909994", "route_id": "Red", "dwell_time_sec": "92"}, {"arr_dt": "1452910234", "direction": "0", "dep_dt": "1452910303", "route_id": "Red", "dwell_time_sec": "69"}, {"arr_dt": "1452910632", "direction": "0", "dep_dt": "1452910701", "route_id": "Red", "dwell_time_sec": "69"}, {"arr_dt": "1452910987", "direction": "0", "dep_dt": "1452911049", "route_id": "Red", "dwell_time_sec": "62"}, {"arr_dt": "1452911542", "direction": "0", "dep_dt": "1452911622", "route_id": "Red", "dwell_time_sec": "80"}, {"arr_dt": "1452911762", "direction": "0", "dep_dt": "1452911831", "route_id": "Red", "dwell_time_sec": "69"}, {"arr_dt": "1452911943", "direction": "0", "dep_dt": "1452912028", "route_id": "Red", "dwell_time_sec": "85"}, {"arr_dt": "1452912322", "direction": "0", "dep_dt": "1452912418", "route_id": "Red", "dwell_time_sec": "96"}, {"arr_dt": "1452912518", "direction": "0", "dep_dt": "1452912588", "route_id": "Red", "dwell_time_sec": "70"}, {"arr_dt": "1452912796", "direction": "0", "dep_dt": "1452912860", "route_id": "Red", "dwell_time_sec": "64"}, {"arr_dt": "1452913143", "direction": "0", "dep_dt": "1452913232", "route_id": "Red", "dwell_time_sec": "89"}, {"arr_dt": "1452913664", "direction": "0", "dep_dt": "1452913759", "route_id": "Red", "dwell_time_sec": "95"}, {"arr_dt": "1452913843", "direction": "0", "dep_dt": "1452913925", "route_id": "Red", "dwell_time_sec": "82"}, {"arr_dt": "1452914292", "direction": "0", "dep_dt": "1452914372", "route_id": "Red", "dwell_time_sec": "80"}, {"arr_dt": "1452914618", "direction": "0", "dep_dt": "1452914678", "route_id": "Red", "dwell_time_sec": "60"}, {"arr_dt": "1452915187", "direction": "0", "dep_dt": "1452915274", "route_id": "Red", "dwell_time_sec": "87"}, {"arr_dt": "1452915371", "direction": "0", "dep_dt": "1452915461", "route_id": "Red", "dwell_time_sec": "90"}, {"arr_dt": "1452915800", "direction": "0", "dep_dt": "1452915869", "route_id": "Red", "dwell_time_sec": "69"}, {"arr_dt": "1452916428", "direction": "0", "dep_dt": "1452916509", "route_id": "Red", "dwell_time_sec": "81"}, {"arr_dt": "1452917126", "direction": "0", "dep_dt": "1452917217", "route_id": "Red", "dwell_time_sec": "91"}, {"arr_dt": "1452917335", "direction": "0", "dep_dt": "1452917391", "route_id": "Red", "dwell_time_sec": "56"}, {"arr_dt": "1452917544", "direction": "0", "dep_dt": "1452917608", "route_id": "Red", "dwell_time_sec": "64"}, {"arr_dt": "1452917905", "direction": "0", "dep_dt": "1452917983", "route_id": "Red", "dwell_time_sec": "78"}, {"arr_dt": "1452918453", "direction": "0", "dep_dt": "1452918562", "route_id": "Red", "dwell_time_sec": "109"}, {"arr_dt": "1452918650", "direction": "0", "dep_dt": "1452918727", "route_id": "Red", "dwell_time_sec": "77"}, {"arr_dt": "1452918824", "direction": "0", "dep_dt": "1452918897", "route_id": "Red", "dwell_time_sec": "73"}, {"arr_dt": "1452918996", "direction": "0", "dep_dt": "1452919065", "route_id": "Red", "dwell_time_sec": "69"}, {"arr_dt": "1452919251", "direction": "0", "dep_dt": "1452919338", "route_id": "Red", "dwell_time_sec": "87"}, {"arr_dt": "1452919599", "direction": "0", "dep_dt": "1452919666", "route_id": "Red", "dwell_time_sec": "67"}, {"arr_dt": "1452920105", "direction": "0", "dep_dt": "1452920175", "route_id": "Red", "dwell_time_sec": "70"}]}