{"dwell_times": [{"arr_dt": "1477368033", "direction": "0", "dep_dt": "1477368087", "route_id": "Red", "dwell_time_sec": "54"}, {"arr_dt": "1477368800", "direction": "0", "dep_dt": "1477368878", "route_id": "Red", "dwell_time_sec": "78"}, {"arr_dt": "1477369279", "direction": "0", "dep_dt": "1477369351", "route_id": "Red", "dwell_time_sec": "72"}, {"arr_dt": "1477388388", "direction": "0", "dep_dt": "1477388474", "route_id": "Red", "dwell_time_sec": "86"}, {"arr_dt": "1477388796", "direction": "0", "dep_dt": "1477388877", "route_id": "Red", "dwell_time_sec": "81"}, {"arr_dt": "1477389179", "direction": "0", "dep_dt": "1477389242", "route_id": "Red", "dwell_time_sec": "63"}, {"arr_dt": "1477390432", "direction": "0", "dep_dt": "1477390526", "route_id": "Red", "dwell_time_sec": "94"}, {"arr_dt": "1477391231", "direction": "0", "dep_dt": "1477391303", "route_id": "Red", "dwell_time_sec": "72"}, {"arr_dt": "1477391724", "direction": "0", "dep_dt": "1477391789", "route_id": "Red", "dwell_time_sec": "65"}, {"arr_dt": "1477392332", "direction": "0", "dep_dt": "1477392438", "route_id": "Red", "dwell_time_sec": "106"}, {"arr_dt": "1477392547", "direction": "0", "dep_dt": "1477392614", "route_id": "Red", "dwell_time_sec": "67"}, {"arr_dt": "1477392724", "direction": "0", "dep_dt": "1477392800", "route_id": "Red", "dwell_time_sec": "76"}, {"arr_dt": "1477393035", "direction": "0", "dep_dt": "1477393099", "route_id": "Red", "dwell_time_sec": "64"}, {"arr_dt": "1477393225", "direction": "0", "dep_dt": "1477393289", "route_id": "Red", "dwell_time_sec": "64"}, {"arr_dt": "1477393598", "direction": "0", "dep_dt": "1477393668", "route_id": "Red", "dwell_time_sec": "70"}, {"arr_dt": "1477393857", "direction": "0", "dep_dt": "1477393948", "route_id": "Red", "dwell_time_sec": "91"}, {"arr_dt": "1477394163", "direction": "0", "dep_dt": "1477394249", "route_id": "Red", "dwell_time_sec": "86"}, {"arr_dt": "1477394636", "direction": "0", "dep_dt": "1477394748", "route_id": "Red", "dwell_time_sec": "112"}, {"arr_dt": "1477394989", "direction": "0", "dep_dt": "1477395067", "route_id": "Red", "dwell_time_sec": "78"}, {"arr_dt": "1477395204", "direction": "0", "dep_dt": "1477395276", "route_id": "Red", "dwell_time_sec": "72"}, {"arr_dt": "1477395458", "direction": "0", "dep_dt": "1477395541", "route_id": "Red", "dwell_time_sec": "83"}, {"arr_dt": "1477395809", "direction": "0", "dep_dt": "1477395906", "route_id": "Red", "dwell_time_sec": "97"}, {"arr_dt": "1477396021", "direction": "0", "dep_dt": "1477396112", "route_id": "Red", "dwell_time_sec": "91"}, {"arr_dt": "1477396257", "direction": "0", "dep_dt": "1477396342", "route_id": "Red", "dwell_time_sec": "85"}, {"arr_dt": "1477396557", "direction": "0", "dep_dt": "1477396633", "route_id": "Red", "dwell_time_sec": "76"}, {"arr_dt": "1477396921", "direction": "0", "dep_dt": "1477397023", "route_id": "Red", "dwell_time_sec": "102"}, {"arr_dt": "1477397137", "direction": "0", "dep_dt": "1477397246", "route_id": "Red", "dwell_time_sec": "109"}, {"arr_dt": "1477397498", "direction": "0", "dep_dt": "1477397595", "route_id": "Red", "dwell_time_sec": "97"}, {"arr_dt": "1477397685", "direction": "0", "dep_dt": "1477397789", "route_id": "Red", "dwell_time_sec": "104"}, {"arr_dt": "1477397916", "direction": "0", "dep_dt": "1477398013", "route_id": "Red", "dwell_time_sec": "97"}, {"arr_dt": "1477398618", "direction": "0", "dep_dt": "1477398746", "route_id": "Red", "dwell_time_sec": "128"}, {"arr_dt": "1477399136", "direction": "0", "dep_dt": "1477399271", "route_id": "Red", "dwell_time_sec": "135"}, {"arr_dt": "1477399730", "direction": "0", "dep_dt": "1477399866", "route_id": "Red", "dwell_time_sec": "136"}, {"arr_dt": "1477399968", "direction": "0", "dep_dt": "1477400118", "route_id": "Red", "dwell_time_sec": "150"}, {"arr_dt": "1477400209", "direction": "0", "dep_dt": "1477400323", "route_id": "Red", "dwell_time_sec": "114"}, {"arr_dt": "1477400436", "direction": "0", "dep_dt": "1477400523", "route_id": "Red", "dwell_time_sec": "87"}, {"arr_dt": "1477400628", "direction": "0", "dep_dt": "1477400714", "route_id": "Red", "dwell_time_sec": "86"}, {"arr_dt": "1477400815", "direction": "0", "dep_dt": "1477400903", "route_id": "Red", "dwell_time_sec": "88"}, {"arr_dt": "1477401032", "direction": "0", "dep_dt": "1477401108", "route_id": "Red", "dwell_time_sec": "76"}, {"arr_dt": "1477401211", "direction": "0", "dep_dt": "1477401314", "route_id": "Red", "dwell_time_sec": "103"}, {"arr_dt": "1477401397", "direction": "0", "dep_dt": "1477401480", "route_id": "Red", "dwell_time_sec": "83"}, {"arr_dt": "1477401586", "direction": "0", "dep_dt": "1477401661", "route_id": "Red", "dwell_time_sec": "75"}, {"arr_dt": "1477401767", "direction": "0", "dep_dt": "1477401862", "route_id": "Red", "dwell_time_sec": "95"}, {"arr_dt": "1477401970", "direction": "0", "dep_dt": "1477402053", "route_id": "Red", "dwell_time_sec": "83"}, {"arr_dt": "1477402198", "direction": "0", "dep_dt": "1477402273", "route_id": "Red", "dwell_time_sec": "75"}, {"arr_dt": "1477402400", "direction": "0", "dep_dt": "1477402464", "route_id": "Red", "dwell_time_sec": "64"}, {"arr_dt": "1477402824", "direction": "0", "dep_dt": "1477402912", "route_id": "Red", "dwell_time_sec": "88"}, {"arr_dt": "1477403203", "direction": "0", "dep_dt": "1477403290", "route_id": "Red", "dwell_time_sec": "87"}, {"arr_dt": "1477403606", "direction": "0", "dep_dt": "1477403689", "route_id": "Red", "dwell_time_sec": "83"}, {"arr_dt": "1477403792", "direction": "0", "dep_dt": "1477403873", "route_id": "Red", "dwell_time_sec": "81"}, {"arr_dt": "1477403984", "direction": "0", "dep_dt": "1477404043", "route_id": "Red", "dwell_time_sec": "59"}, {"arr_dt": "1477404153", "direction": "0", "dep_dt": "1477404231", "route_id": "Red", "dwell_time_sec": "78"}, {"arr_dt": "1477404366", "direction": "0", "dep_dt": "1477404444", "route_id": "Red", "dwell_time_sec": "78"}, {"arr_dt": "1477404734", "direction": "0", "dep_dt": "1477404830", "route_id": "Red", "dwell_time_sec": "96"}, {"arr_dt": "1477404994", "direction": "0", "dep_dt": "1477405091", "route_id": "Red", "dwell_time_sec": "97"}, {"arr_dt": "1477405200", "direction": "0", "dep_dt": "1477405282", "route_id": "Red", "dwell_time_sec": "82"}, {"arr_dt": "1477405400", "direction": "0", "dep_dt": "1477405475", "route_id": "Red", "dwell_time_sec": "75"}, {"arr_dt": "1477405801", "direction": "0", "dep_dt": "1477406012", "route_id": "Red", "dwell_time_sec": "211"}, {"arr_dt": "1477406029", "direction": "0", "dep_dt": "1477406097", "route_id": "Red", "dwell_time_sec": "68"}, {"arr_dt": "1477406254", "direction": "0", "dep_dt": "1477406320", "route_id": "Red", "dwell_time_sec": "66"}, {"arr_dt": "1477406658", "direction": "0", "dep_dt": "1477406733", "route_id": "Red", "dwell_time_sec": "75"}, {"arr_dt": "1477407197", "direction": "0", "dep_dt": "1477407279", "route_id": "Red", "dwell_time_sec": "82"}, {"arr_dt": "1477407402", "direction": "0", "dep_dt": "1477407497", "route_id": "Red", "dwell_time_sec": "95"}, {"arr_dt": "1477407870", "direction": "0", "dep_dt": "1477407960", "route_id": "Red", "dwell_time_sec": "90"}, {"arr_dt": "1477408060", "direction": "0", "dep_dt": "1477408141", "route_id": "Red", "dwell_time_sec": "81"}, {"arr_dt": "1477408573", "direction": "0", "dep_dt": "1477408678", "route_id": "Red", "dwell_time_sec": "105"}, {"arr_dt": "1477408778", "direction": "0", "dep_dt": "1477408848", "route_id": "Red", "dwell_time_sec": "70"}, {"arr_dt": "1477409124", "direction": "0", "dep_dt": "1477409230", "route_id": "Red", "dwell_time_sec": "106"}, {"arr_dt": "1477409564", "direction": "0", "dep_dt": "1477409641", "route_id": "Red", "dwell_time_sec": "77"}, {"arr_dt": "1477409749", "direction": "0", "dep_dt": "1477409812", "route_id": "Red", "dwell_time_sec": "63"}, {"arr_dt": "1477410055", "direction": "0", "dep_dt": "1477410115", "route_id": "Red", "dwell_time_sec": "60"}, {"arr_dt": "1477410422", "direction": "0", "dep_dt": "1477410508", "route_id": "Red", "dwell_time_sec": "86"}, {"arr_dt": "1477411082", "direction": "0", "dep_dt": "1477411162", "route_id": "Red", "dwell_time_sec": "80"}, {"arr_dt": "1477411280", "direction": "0", "dep_dt": "1477411362", "route_id": "Red", "dwell_time_sec": "82"}, {"arr_dt": "1477411659", "direction": "0", "dep_dt": "1477411723", "route_id": "Red", "dwell_time_sec": "64"}, {"arr_dt": "1477411979", "direction": "0", "dep_dt": "1477412053", "route_id": "Red", "dwell_time_sec": "74"}, {"arr_dt": "1477412390", "direction": "0", "dep_dt": "1477412469", "route_id": "Red", "dwell_time_sec": "79"}, {"arr_dt": "1477412852", "direction": "0", "dep_dt": "1477412923", "route_id": "Red", "dwell_time_sec": "71"}, {"arr_dt": "1477413238", "direction": "0", "dep_dt": "1477413327", "route_id": "Red", "dwell_time_sec": "89"}, {"arr_dt": "1477413464", "direction": "0", "dep_dt": "1477413549", "route_id": "Red", "dwell_time_sec": "85"}, {"arr_dt": "1477413933", "direction": "0", "dep_dt": "1477414027", "route_id": "Red", "dwell_time_sec": "94"}, {"arr_dt": "1477414407", "direction": "0", "dep_dt": "1477414474", "route_id": "Red", "dwell_time_sec": "67"}, {"arr_dt": "1477414825", "direction": "0", "dep_dt": "1477414968", "route_id": "Red", "dwell_time_sec": "143"}, {"arr_dt": "1477415055", "direction": "0", "dep_dt": "1477415144", "route_id": "Red", "dwell_time_sec": "89"}, {"arr_dt": "1477415570", "direction": "0", "dep_dt": "1477415639", "route_id": "Red", "dwell_time_sec": "69"}, {"arr_dt": "1477416231", "direction": "0", "dep_dt": "1477416328", "route_id": "Red", "dwell_time_sec": "97"}, {"arr_dt": "1477416413", "direction": "0", "dep_dt": "1477416486", "route_id": "Red", "dwell_time_sec": "73"}, {"arr_dt": "1477416833", "direction": "0", "dep_dt": "1477416899", "route_id": "Red", "dwell_time_sec": "66"}, {"arr_dt": "1477417341", "direction": "0", "dep_dt": "1477417425", "route_id": "Red", "dwell_time_sec": "84"}, {"arr_dt": "1477417777", "direction": "0", "dep_dt": "1477417853", "route_id": "Red", "dwell_time_sec": "76"}, {"arr_dt": "1477418390", "direction": "0", "dep_dt": "1477418533", "route_id": "Red", "dwell_time_sec": "143"}, {"arr_dt": "1477418764", "direction": "0", "dep_dt": "1477418830", "route_id": "Red", "dwell_time_sec": "66"}, {"arr_dt": "1477419123", "direction": "0", "dep_dt": "1477419194", "route_id": "Red", "dwell_time_sec": "71"}, {"arr_dt": "1477419578", "direction": "0", "dep_dt": "1477419652", "route_id": "Red", "dwell_time_sec": "74"}, {"arr_dt": "1477420181", "direction": "0", "dep_dt": "1477420272", "route_id": "Red", "dwell_time_sec": "91"}, {"arr_dt": "1477420514", "direction": "0", "dep_dt": "1477420588", "route_id": "Red", "dwell_time_sec": "74"}, {"arr_dt": "1477421250", "direction": "0", "dep_dt": "1477421363", "route_id": "Red", "dwell_time_sec": "113"}, {"arr_dt": "1477421474", "direction": "0", "dep_dt": "1477421569", "route_id": "Red", "dwell_time_sec": "95"}, {"arr_dt": "1477422144", "direction": "0", "dep_dt": "1477422253", "route_id": "Red", "dwell_time_sec": "109"}, {"arr_dt": "1477422363", "direction": "0", "dep_dt": "1477422446", "route_id": "Red", "dwell_time_sec": "83"}, {"arr_dt": "1477422628", "direction": "0", "dep_dt": "1477422701", "route_id": "Red", "dwell_time_sec": "73"}, {"arr_dt": "1477423239", "direction": "0", "dep_dt": "1477423323", "route_id": "Red", "dwell_time_sec": "84"}, {"arr_dt": "1477423619", "direction": "0", "dep_dt": "1477423713", "route_id": "Red", "dwell_time_sec": "94"}, {"arr_dt": "1477423859", "direction": "0", "dep_dt": "1477424520", "route_id": "Red", "dwell_time_sec": "661"}, {"arr_dt": "1477424639", "direction": "0", "dep_dt": "1477424722", "route_id": "Red", "dwell_time_sec": "83"}, {"arr_dt": "1477424951", "direction": "0", "dep_dt": "1477425051", "route_id": "Red", "dwell_time_sec": "100"}, {"arr_dt": "1477425324", "direction": "0", "dep_dt": "1477425426", "route_id": "Red", "dwell_time_sec": "102"}, {"arr_dt": "1477425581", "direction": "0", "dep_dt": "1477425915", "route_id": "Red", "dwell_time_sec": "334"}, {"arr_dt": "1477426027", "direction": "0", "dep_dt": "1477426124", "route_id": "Red", "dwell_time_sec": "97"}, {"arr_dt": "1477426516", "direction": "0", "dep_dt": "1477426631", "route_id": "Red", "dwell_time_sec": "115"}, {"arr_dt": "1477426736", "direction": "0", "dep_dt": "1477426880", "route_id": "Red", "dwell_time_sec": "144"}, {"arr_dt": "1477427055", "direction": "0", "dep_dt": "1477427179", "route_id": "Red", "dwell_time_sec": "124"}, {"arr_dt": "1477427445", "direction": "0", "dep_dt": "1477427537", "route_id": "Red", "dwell_time_sec": "92"}, {"arr_dt": "1477427674", "direction": "0", "dep_dt": "1477427781", "route_id": "Red", "dwell_time_sec": "107"}, {"arr_dt": "1477427879", "direction": "0", "dep_dt": "1477427982", "route_id": "Red", "dwell_time_sec": "103"}, {"arr_dt": "1477428071", "direction": "0", "dep_dt": "1477428170", "route_id": "Red", "dwell_time_sec": "99"}, {"arr_dt": "1477428311", "direction": "0", "dep_dt": "1477428404", "route_id": "Red", "dwell_time_sec": "93"}, {"arr_dt": "1477428518", "direction": "0", "dep_dt": "1477428614", "route_id": "Red", "dwell_time_sec": "96"}, {"arr_dt": "1477428841", "direction": "0", "dep_dt": "1477428934", "route_id": "Red", "dwell_time_sec": "93"}, {"arr_dt": "1477429218", "direction": "0", "dep_dt": "1477429338", "route_id": "Red", "dwell_time_sec": "120"}, {"arr_dt": "1477429418", "direction": "0", "dep_dt": "1477429536", "route_id": "Red", "dwell_time_sec": "118"}, {"arr_dt": "1477429648", "direction": "0", "dep_dt": "1477429791", "route_id": "Red", "dwell_time_sec": "143"}, {"arr_dt": "1477429915", "direction": "0", "dep_dt": "1477430040", "route_id": "Red", "dwell_time_sec": "125"}, {"arr_dt": "1477430173", "direction": "0", "dep_dt": "1477430300", "route_id": "Red", "dwell_time_sec": "127"}, {"arr_dt": "1477430385", "direction": "0", "dep_dt": "1477430502", "route_id": "Red", "dwell_time_sec": "117"}, {"arr_dt": "1477430588", "direction": "0", "dep_dt": "1477430685", "route_id": "Red", "dwell_time_sec": "97"}, {"arr_dt": "1477430792", "direction": "0", "dep_dt": "1477430902", "route_id": "Red", "dwell_time_sec": "110"}, {"arr_dt": "1477431029", "direction": "0", "dep_dt": "1477431156", "route_id": "Red", "dwell_time_sec": "127"}, {"arr_dt": "1477431249", "direction": "0", "dep_dt": "1477431341", "route_id": "Red", "dwell_time_sec": "92"}, {"arr_dt": "1477431456", "direction": "0", "dep_dt": "1477431541", "route_id": "Red", "dwell_time_sec": "85"}, {"arr_dt": "1477431663", "direction": "0", "dep_dt": "1477431756", "route_id": "Red", "dwell_time_sec": "93"}, {"arr_dt": "1477431923", "direction": "0", "dep_dt": "1477432007", "route_id": "Red", "dwell_time_sec": "84"}, {"arr_dt": "1477432240", "direction": "0", "dep_dt": "1477432357", "route_id": "Red", "dwell_time_sec": "117"}, {"arr_dt": "1477432589", "direction": "0", "dep_dt": "1477432691", "route_id": "Red", "dwell_time_sec": "102"}, {"arr_dt": "1477432802", "direction": "0", "dep_dt": "1477432903", "route_id": "Red", "dwell_time_sec": "101"}, {"arr_dt": "1477433168", "direction": "0", "dep_dt": "1477433446", "route_id": "Red", "dwell_time_sec": "278"}, {"arr_dt": "1477433654", "direction": "0", "dep_dt": "1477433785", "route_id": "Red", "dwell_time_sec": "131"}, {"arr_dt": "1477433885", "direction": "0", "dep_dt": "1477433969", "route_id": "Red", "dwell_time_sec": "84"}, {"arr_dt": "1477434098", "direction": "0", "dep_dt": "1477434179", "route_id": "Red", "dwell_time_sec": "81"}, {"arr_dt": "1477434300", "direction": "0", "dep_dt": "1477434421", "route_id": "Red", "dwell_time_sec": "121"}, {"arr_dt": "1477434522", "direction": "0", "dep_dt": "1477434670", "route_id": "Red", "dwell_time_sec": "148"}, {"arr_dt": "1477434778", "direction": "0", "dep_dt": "1477434891", "route_id": "Red", "dwell_time_sec": "113"}, {"arr_dt": "1477435034", "direction": "0", "dep_dt": "1477435144", "route_id": "Red", "dwell_time_sec": "110"}, {"arr_dt": "1477435370", "direction": "0", "dep_dt": "1477435483", "route_id": "Red", "dwell_time_sec": "113"}, {"arr_dt": "1477435736", "direction": "0", "dep_dt": "1477435840", "route_id": "Red", "dwell_time_sec": "104"}, {"arr_dt": "1477436052", "direction": "0", "dep_dt": "1477436156", "route_id": "Red", "dwell_time_sec": "104"}, {"arr_dt": "1477436362", "direction": "0", "dep_dt": "1477436481", "route_id": "Red", "dwell_time_sec": "119"}, {"arr_dt": "1477436879", "direction": "0", "dep_dt": "1477436974", "route_id": "Red", "dwell_time_sec": "95"}, {"arr_dt": "1477437232", "direction": "0", "dep_dt": "1477437314", "route_id": "Red", "dwell_time_sec": "82"}, {"arr_dt": "1477437879", "direction": "0", "dep_dt": "1477437971", "route_id": "Red", "dwell_time_sec": "92"}, {"arr_dt": "1477438119", "direction": "0", "dep_dt": "1477438202", "route_id": "Red", "dwell_time_sec": "83"}, {"arr_dt": "1477438311", "direction": "0", "dep_dt": "1477438414", "route_id": "Red", "dwell_time_sec": "103"}, {"arr_dt": "1477438658", "direction": "0", "dep_dt": "1477438747", "route_id": "Red", "dwell_time_sec": "89"}, {"arr_dt": "1477438922", "direction": "0", "dep_dt": "1477439004", "route_id": "Red", "dwell_time_sec": "82"}, {"arr_dt": "1477439095", "direction": "0", "dep_dt": "1477439162", "route_id": "Red", "dwell_time_sec": "67"}, {"arr_dt": "1477439391", "direction": "0", "dep_dt": "1477439462", "route_id": "Red", "dwell_time_sec": "71"}, {"arr_dt": "1477439567", "direction": "0", "dep_dt": "1477439646", "route_id": "Red", "dwell_time_sec": "79"}, {"arr_dt": "1477439753", "direction": "0", "dep_dt": "1477439826", "route_id": "Red", "dwell_time_sec": "73"}, {"arr_dt": "1477439971", "direction": "0", "dep_dt": "1477440053", "route_id": "Red", "dwell_time_sec": "82"}, {"arr_dt": "1477440240", "direction": "0", "dep_dt": "1477440306", "route_id": "Red", "dwell_time_sec": "66"}, {"arr_dt": "1477440477", "direction": "0", "dep_dt": "1477440549", "route_id": "Red", "dwell_time_sec": "72"}, {"arr_dt": "1477440657", "direction": "0", "dep_dt": "1477440749", "route_id": "Red", "dwell_time_sec": "92"}, {"arr_dt": "1477440843", "direction": "0", "dep_dt": "1477440905", "route_id": "Red", "dwell_time_sec": "62"}, {"arr_dt": "1477441084", "direction": "0", "dep_dt": "1477441154", "route_id": "Red", "dwell_time_sec": "70"}, {"arr_dt": "1477441850", "direction": "0", "dep_dt": "1477442254", "route_id": "Red", "dwell_time_sec": "404"}, {"arr_dt": "1477442351", "direction": "0", "dep_dt": "1477442452", "route_id": "Red", "dwell_time_sec": "101"}, {"arr_dt": "1477442589", "direction": "0", "dep_dt": "1477442686", "route_id": "Red", "dwell_time_sec": "97"}, {"arr_dt": "1477442959", "direction": "0", "dep_dt": "1477443044", "route_id": "Red", "dwell_time_sec": "85"}, {"arr_dt": "1477443195", "direction": "0", "dep_dt": "1477443265", "route_id": "Red", "dwell_time_sec": "70"}, {"arr_dt": "1477443367", "direction": "0", "dep_dt": "1477443427", "route_id": "Red", "dwell_time_sec": "60"}, {"arr_dt": "1477443524", "direction": "0", "dep_dt": "1477443597", "route_id": "Red", "dwell_time_sec": "73"}, {"arr_dt": "1477443684", "direction": "0", "dep_dt": "1477443752", "route_id": "Red", "dwell_time_sec": "68"}, {"arr_dt": "1477444354", "direction": "0", "dep_dt": "1477444427", "route_id": "Red", "dwell_time_sec": "73"}, {"arr_dt": "1477444611", "direction": "0", "dep_dt": "1477444700", "route_id": "Red", "dwell_time_sec": "89"}, {"arr_dt": "1477444849", "direction": "0", "dep_dt": "1477444917", "route_id": "Red", "dwell_time_sec": "68"}, {"arr_dt": "1477445028", "direction": "0", "dep_dt": "1477445091", "route_id": "Red", "dwell_time_sec": "63"}, {"arr_dt": "1477445925", "direction": "0", "dep_dt": "1477446016", "route_id": "Red", "dwell_time_sec": "91"}, {"arr_dt": "1477446685", "direction": "0", "dep_dt": "1477446812", "route_id": "Red", "dwell_time_sec": "127"}, {"arr_dt": "1477446892", "direction": "0", "dep_dt": "1477446978", "route_id": "Red", "dwell_time_sec": "86"}, {"arr_dt": "1477447087", "direction": "0", "dep_dt": "1477447171", "route_id": "Red", "dwell_time_sec": "84"}, {"arr_dt": "1477447279", "direction": "0", "dep_dt": "1477447355", "route_id": "Red", "dwell_time_sec": "76"}, {"arr_dt": "1477447637", "direction": "0", "dep_dt": "1477447825", "route_id": "Red", "dwell_time_sec": "188"}, {"arr_dt": "1477448185", "direction": "0", "dep_dt": "1477448274", "route_id": "Red", "dwell_time_sec": "89"}, {"arr_dt": "1477448436", "direction": "0", "dep_dt": "1477448503", "route_id": "Red", "dwell_time_sec": "67"}, {"arr_dt": "1477448697", "direction": "0", "dep_dt": "1477448770", "route_id": "Red", "dwell_time_sec": "73"}, {"arr_dt": "1477448875", "direction": "0", "dep_dt": "1477448940", "route_id": "Red", "dwell_time_sec": "65"}, {"arr_dt": "1477449094", "direction": "0", "dep_dt": "1477449164", "route_id": "Red", "dwell_time_sec": "70"}, {"arr_dt": "1477449345", "direction": "0", "dep_dt": "1477449422", "route_id": "Red", "dwell_time_sec": "77"}, {"arr_dt": "1477449706", "direction": "0", "dep_dt": "1477449768", "route_id": "Red", "dwell_time_sec": "62"}, {"arr_dt": "1477450198", "direction": "0", "dep_dt": "1477450330", "route_id": "Red", "dwell_time_sec": "132"}, {"arr_dt": "1477450467", "direction": "0", "dep_dt": "1477450537", "route_id": "Red", "dwell_time_sec": "70"}, {"arr_dt": "1477450726", "direction": "0", "dep_dt": "1477450793", "route_id": "Red", "dwell_time_sec": "67"}, {"arr_dt": "1477451097", "direction": "0", "dep_dt": "1477451169", "route_id": "Red", "dwell_time_sec": "72"}, {"arr_dt": "1477451460", "direction": "0", "dep_dt": "1477451510", "route_id": "Red", "dwell_time_sec": "50"}, {"arr_dt": "1477451832", "direction": "0", "dep_dt": "1477451905", "route_id": "Red", "dwell_time_sec": "73"}, {"arr_dt": "1477452697", "direction": "0", "dep_dt": "1477452759", "route_id": "Red", "dwell_time_sec": "62"}, {"arr_dt": "1477452898", "direction": "0", "dep_dt": "1477452975", "route_id": "Red", "dwell_time_sec": "77"}, {"arr_dt": "1477453198", "direction": "0", "dep_dt": "1477453271", "route_id": "Red", "dwell_time_sec": "73"}, {"arr_dt": "1477453435", "direction": "0", "dep_dt": "1477453653", "route_id": "Red", "dwell_time_sec": "218"}, {"arr_dt": "1477453857", "direction": "0", "dep_dt": "1477453921", "route_id": "Red", "dwell_time_sec": "64"}]}