{"dwell_times": [{"arr_dt": "1462594131", "direction": "0", "dep_dt": "1462594203", "route_id": "Red", "dwell_time_sec": "72"}, {"arr_dt": "1462594678", "direction": "0", "dep_dt": "1462594751", "route_id": "Red", "dwell_time_sec": "73"}, {"arr_dt": "1462595204", "direction": "0", "dep_dt": "1462595264", "route_id": "Red", "dwell_time_sec": "60"}, {"arr_dt": "1462595729", "direction": "0", "dep_dt": "1462595806", "route_id": "Red", "dwell_time_sec": "77"}, {"arr_dt": "1462595902", "direction": "0", "dep_dt": "1462595978", "route_id": "Red", "dwell_time_sec": "76"}, {"arr_dt": "1462596065", "direction": "0", "dep_dt": "1462596157", "route_id": "Red", "dwell_time_sec": "92"}, {"arr_dt": "1462596665", "direction": "0", "dep_dt": "1462598468", "route_id": "Red", "dwell_time_sec": "1803"}, {"arr_dt": "1462614038", "direction": "0", "dep_dt": "1462614104", "route_id": "Red", "dwell_time_sec": "66"}, {"arr_dt": "1462614345", "direction": "0", "dep_dt": "1462614399", "route_id": "Red", "dwell_time_sec": "54"}, {"arr_dt": "1462614630", "direction": "0", "dep_dt": "1462614682", "route_id": "Red", "dwell_time_sec": "52"}, {"arr_dt": "1462615051", "direction": "0", "dep_dt": "1462615109", "route_id": "Red", "dwell_time_sec": "58"}, {"arr_dt": "1462615523", "direction": "0", "dep_dt": "1462615586", "route_id": "Red", "dwell_time_sec": "63"}, {"arr_dt": "1462616380", "direction": "0", "dep_dt": "1462616430", "route_id": "Red", "dwell_time_sec": "50"}, {"arr_dt": "1462616938", "direction": "0", "dep_dt": "1462617009", "route_id": "Red", "dwell_time_sec": "71"}, {"arr_dt": "1462617323", "direction": "0", "dep_dt": "1462617385", "route_id": "Red", "dwell_time_sec": "62"}, {"arr_dt": "1462617603", "direction": "0", "dep_dt": "1462617672", "route_id": "Red", "dwell_time_sec": "69"}, {"arr_dt": "1462618011", "direction": "0", "dep_dt": "1462618083", "route_id": "Red", "dwell_time_sec": "72"}, {"arr_dt": "1462618400", "direction": "0", "dep_dt": "1462618481", "route_id": "Red", "dwell_time_sec": "81"}, {"arr_dt": "1462618957", "direction": "0", "dep_dt": "1462619020", "route_id": "Red", "dwell_time_sec": "63"}, {"arr_dt": "1462619124", "direction": "0", "dep_dt": "1462619208", "route_id": "Red", "dwell_time_sec": "84"}, {"arr_dt": "1462619642", "direction": "0", "dep_dt": "1462619707", "route_id": "Red", "dwell_time_sec": "65"}, {"arr_dt": "1462619890", "direction": "0", "dep_dt": "1462619951", "route_id": "Red", "dwell_time_sec": "61"}, {"arr_dt": "1462620327", "direction": "0", "dep_dt": "1462620379", "route_id": "Red", "dwell_time_sec": "52"}, {"arr_dt": "1462620929", "direction": "0", "dep_dt": "1462621033", "route_id": "Red", "dwell_time_sec": "104"}, {"arr_dt": "1462621319", "direction": "0", "dep_dt": "1462621388", "route_id": "Red", "dwell_time_sec": "69"}, {"arr_dt": "1462621557", "direction": "0", "dep_dt": "1462621614", "route_id": "Red", "dwell_time_sec": "57"}, {"arr_dt": "1462622057", "direction": "0", "dep_dt": "1462622117", "route_id": "Red", "dwell_time_sec": "60"}, {"arr_dt": "1462622401", "direction": "0", "dep_dt": "1462622465", "route_id": "Red", "dwell_time_sec": "64"}, {"arr_dt": "1462622943", "direction": "0", "dep_dt": "1462623017", "route_id": "Red", "dwell_time_sec": "74"}, {"arr_dt": "1462623385", "direction": "0", "dep_dt": "1462623457", "route_id": "Red", "dwell_time_sec": "72"}, {"arr_dt": "1462623870", "direction": "0", "dep_dt": "1462623934", "route_id": "Red", "dwell_time_sec": "64"}, {"arr_dt": "1462624086", "direction": "0", "dep_dt": "1462624149", "route_id": "Red", "dwell_time_sec": "63"}, {"arr_dt": "1462624615", "direction": "0", "dep_dt": "1462624679", "route_id": "Red", "dwell_time_sec": "64"}, {"arr_dt": "1462625024", "direction": "0", "dep_dt": "1462625103", "route_id": "Red", "dwell_time_sec": "79"}, {"arr_dt": "1462625674", "direction": "0", "dep_dt": "1462625739", "route_id": "Red", "dwell_time_sec": "65"}, {"arr_dt": "1462625903", "direction": "0", "dep_dt": "1462625971", "route_id": "Red", "dwell_time_sec": "68"}, {"arr_dt": "1462626168", "direction": "0", "dep_dt": "1462626222", "route_id": "Red", "dwell_time_sec": "54"}, {"arr_dt": "1462626806", "direction": "0", "dep_dt": "1462626879", "route_id": "Red", "dwell_time_sec": "73"}, {"arr_dt": "1462627114", "direction": "0", "dep_dt": "1462627180", "route_id": "Red", "dwell_time_sec": "66"}, {"arr_dt": "1462627498", "direction": "0", "dep_dt": "1462627559", "route_id": "Red", "dwell_time_sec": "61"}, {"arr_dt": "1462628008", "direction": "0", "dep_dt": "1462628080", "route_id": "Red", "dwell_time_sec": "72"}, {"arr_dt": "1462628430", "direction": "0", "dep_dt": "1462628488", "route_id": "Red", "dwell_time_sec": "58"}, {"arr_dt": "1462628773", "direction": "0", "dep_dt": "1462628841", "route_id": "Red", "dwell_time_sec": "68"}, {"arr_dt": "1462629202", "direction": "0", "dep_dt": "1462629262", "route_id": "Red", "dwell_time_sec": "60"}, {"arr_dt": "1462629612", "direction": "0", "dep_dt": "1462629677", "route_id": "Red", "dwell_time_sec": "65"}, {"arr_dt": "1462630102", "direction": "0", "dep_dt": "1462630181", "route_id": "Red", "dwell_time_sec": "79"}, {"arr_dt": "1462630485", "direction": "0", "dep_dt": "1462630541", "route_id": "Red", "dwell_time_sec": "56"}, {"arr_dt": "1462630871", "direction": "0", "dep_dt": "1462630948", "route_id": "Red", "dwell_time_sec": "77"}, {"arr_dt": "1462631525", "direction": "0", "dep_dt": "1462631593", "route_id": "Red", "dwell_time_sec": "68"}, {"arr_dt": "1462631710", "direction": "0", "dep_dt": "1462631772", "route_id": "Red", "dwell_time_sec": "62"}, {"arr_dt": "1462632212", "direction": "0", "dep_dt": "1462632279", "route_id": "Red", "dwell_time_sec": "67"}, {"arr_dt": "1462632570", "direction": "0", "dep_dt": "1462632647", "route_id": "Red", "dwell_time_sec": "77"}, {"arr_dt": "1462633013", "direction": "0", "dep_dt": "1462633092", "route_id": "Red", "dwell_time_sec": "79"}, {"arr_dt": "1462633453", "direction": "0", "dep_dt": "1462633533", "route_id": "Red", "dwell_time_sec": "80"}, {"arr_dt": "1462634058", "direction": "0", "dep_dt": "1462634132", "route_id": "Red", "dwell_time_sec": "74"}, {"arr_dt": "1462634234", "direction": "0", "dep_dt": "1462634304", "route_id": "Red", "dwell_time_sec": "70"}, {"arr_dt": "1462634802", "direction": "0", "dep_dt": "1462634890", "route_id": "Red", "dwell_time_sec": "88"}, {"arr_dt": "1462635135", "direction": "0", "dep_dt": "1462635195", "route_id": "Red", "dwell_time_sec": "60"}, {"arr_dt": "1462635804", "direction": "0", "dep_dt": "1462635881", "route_id": "Red", "dwell_time_sec": "77"}, {"arr_dt": "1462636032", "direction": "0", "dep_dt": "1462636090", "route_id": "Red", "dwell_time_sec": "58"}, {"arr_dt": "1462636339", "direction": "0", "dep_dt": "1462636419", "route_id": "Red", "dwell_time_sec": "80"}, {"arr_dt": "1462636916", "direction": "0", "dep_dt": "1462636999", "route_id": "Red", "dwell_time_sec": "83"}, {"arr_dt": "1462637201", "direction": "0", "dep_dt": "1462637263", "route_id": "Red", "dwell_time_sec": "62"}, {"arr_dt": "1462637826", "direction": "0", "dep_dt": "1462637920", "route_id": "Red", "dwell_time_sec": "94"}, {"arr_dt": "1462638083", "direction": "0", "dep_dt": "1462638169", "route_id": "Red", "dwell_time_sec": "86"}, {"arr_dt": "1462638538", "direction": "0", "dep_dt": "1462638666", "route_id": "Red", "dwell_time_sec": "128"}, {"arr_dt": "1462638910", "direction": "0", "dep_dt": "1462638978", "route_id": "Red", "dwell_time_sec": "68"}, {"arr_dt": "1462639332", "direction": "0", "dep_dt": "1462639420", "route_id": "Red", "dwell_time_sec": "88"}, {"arr_dt": "1462639726", "direction": "0", "dep_dt": "1462639802", "route_id": "Red", "dwell_time_sec": "76"}, {"arr_dt": "1462640096", "direction": "0", "dep_dt": "1462640182", "route_id": "Red", "dwell_time_sec": "86"}, {"arr_dt": "1462640717", "direction": "0", "dep_dt": "1462640796", "route_id": "Red", "dwell_time_sec": "79"}, {"arr_dt": "1462641017", "direction": "0", "dep_dt": "1462641090", "route_id": "Red", "dwell_time_sec": "73"}, {"arr_dt": "1462641413", "direction": "0", "dep_dt": "1462641488", "route_id": "Red", "dwell_time_sec": "75"}, {"arr_dt": "1462641750", "direction": "0", "dep_dt": "1462641842", "route_id": "Red", "dwell_time_sec": "92"}, {"arr_dt": "1462642279", "direction": "0", "dep_dt": "1462642358", "route_id": "Red", "dwell_time_sec": "79"}, {"arr_dt": "1462642591", "direction": "0", "dep_dt": "1462642678", "route_id": "Red", "dwell_time_sec": "87"}, {"arr_dt": "1462643116", "direction": "0", "dep_dt": "1462643185", "route_id": "Red", "dwell_time_sec": "69"}, {"arr_dt": "1462643498", "direction": "0", "dep_dt": "1462643567", "route_id": "Red", "dwell_time_sec": "69"}, {"arr_dt": "1462644091", "direction": "0", "dep_dt": "1462644192", "route_id": "Red", "dwell_time_sec": "101"}, {"arr_dt": "1462644578", "direction": "0", "dep_dt": "1462644659", "route_id": "Red", "dwell_time_sec": "81"}, {"arr_dt": "1462644868", "direction": "0", "dep_dt": "1462644940", "route_id": "Red", "dwell_time_sec": "72"}, {"arr_dt": "1462645235", "direction": "0", "dep_dt": "1462645307", "route_id": "Red", "dwell_time_sec": "72"}, {"arr_dt": "1462645655", "direction": "0", "dep_dt": "1462645740", "route_id": "Red", "dwell_time_sec": "85"}, {"arr_dt": "1462646040", "direction": "0", "dep_dt": "1462646115", "route_id": "Red", "dwell_time_sec": "75"}, {"arr_dt": "1462646701", "direction": "0", "dep_dt": "1462646784", "route_id": "Red", "dwell_time_sec": "83"}, {"arr_dt": "1462646917", "direction": "0", "dep_dt": "1462647013", "route_id": "Red", "dwell_time_sec": "96"}, {"arr_dt": "1462647465", "direction": "0", "dep_dt": "1462647551", "route_id": "Red", "dwell_time_sec": "86"}, {"arr_dt": "1462647975", "direction": "0", "dep_dt": "1462648054", "route_id": "Red", "dwell_time_sec": "79"}, {"arr_dt": "1462648324", "direction": "0", "dep_dt": "1462648397", "route_id": "Red", "dwell_time_sec": "73"}, {"arr_dt": "1462648506", "direction": "0", "dep_dt": "1462648692", "route_id": "Red", "dwell_time_sec": "186"}, {"arr_dt": "1462649305", "direction": "0", "dep_dt": "1462649423", "route_id": "Red", "dwell_time_sec": "118"}, {"arr_dt": "1462649581", "direction": "0", "dep_dt": "1462649654", "route_id": "Red", "dwell_time_sec": "73"}, {"arr_dt": "1462649994", "direction": "0", "dep_dt": "1462650087", "route_id": "Red", "dwell_time_sec": "93"}, {"arr_dt": "1462650248", "direction": "0", "dep_dt": "1462650311", "route_id": "Red", "dwell_time_sec": "63"}, {"arr_dt": "1462650978", "direction": "0", "dep_dt": "1462651072", "route_id": "Red", "dwell_time_sec": "94"}, {"arr_dt": "1462651222", "direction": "0", "dep_dt": "1462651306", "route_id": "Red", "dwell_time_sec": "84"}, {"arr_dt": "1462651656", "direction": "0", "dep_dt": "1462651742", "route_id": "Red", "dwell_time_sec": "86"}, {"arr_dt": "1462651997", "direction": "0", "dep_dt": "1462652093", "route_id": "Red", "dwell_time_sec": "96"}, {"arr_dt": "1462652558", "direction": "0", "dep_dt": "1462652638", "route_id": "Red", "dwell_time_sec": "80"}, {"arr_dt": "1462652927", "direction": "0", "dep_dt": "1462653009", "route_id": "Red", "dwell_time_sec": "82"}, {"arr_dt": "1462653331", "direction": "0", "dep_dt": "1462653418", "route_id": "Red", "dwell_time_sec": "87"}, {"arr_dt": "1462653601", "direction": "0", "dep_dt": "1462653678", "route_id": "Red", "dwell_time_sec": "77"}, {"arr_dt": "1462654101", "direction": "0", "dep_dt": "1462654173", "route_id": "Red", "dwell_time_sec": "72"}, {"arr_dt": "1462654508", "direction": "0", "dep_dt": "1462654587", "route_id": "Red", "dwell_time_sec": "79"}, {"arr_dt": "1462654962", "direction": "0", "dep_dt": "1462655051", "route_id": "Red", "dwell_time_sec": "89"}, {"arr_dt": "1462655296", "direction": "0", "dep_dt": "1462655373", "route_id": "Red", "dwell_time_sec": "77"}, {"arr_dt": "1462655902", "direction": "0", "dep_dt": "1462655993", "route_id": "Red", "dwell_time_sec": "91"}, {"arr_dt": "1462656808", "direction": "0", "dep_dt": "1462656913", "route_id": "Red", "dwell_time_sec": "105"}, {"arr_dt": "1462657012", "direction": "0", "dep_dt": "1462657096", "route_id": "Red", "dwell_time_sec": "84"}, {"arr_dt": "1462657536", "direction": "0", "dep_dt": "1462657620", "route_id": "Red", "dwell_time_sec": "84"}, {"arr_dt": "1462657803", "direction": "0", "dep_dt": "1462657879", "route_id": "Red", "dwell_time_sec": "76"}, {"arr_dt": "1462658642", "direction": "0", "dep_dt": "1462658764", "route_id": "Red", "dwell_time_sec": "122"}, {"arr_dt": "1462658876", "direction": "0", "dep_dt": "1462658959", "route_id": "Red", "dwell_time_sec": "83"}, {"arr_dt": "1462659146", "direction": "0", "dep_dt": "1462659227", "route_id": "Red", "dwell_time_sec": "81"}, {"arr_dt": "1462659715", "direction": "0", "dep_dt": "1462659806", "route_id": "Red", "dwell_time_sec": "91"}, {"arr_dt": "1462660016", "direction": "0", "dep_dt": "1462660114", "route_id": "Red", "dwell_time_sec": "98"}, {"arr_dt": "1462660298", "direction": "0", "dep_dt": "1462660369", "route_id": "Red", "dwell_time_sec": "71"}, {"arr_dt": "1462660966", "direction": "0", "dep_dt": "1462661112", "route_id": "Red", "dwell_time_sec": "146"}, {"arr_dt": "1462661193", "direction": "0", "dep_dt": "1462661281", "route_id": "Red", "dwell_time_sec": "88"}, {"arr_dt": "1462661733", "direction": "0", "dep_dt": "1462661823", "route_id": "Red", "dwell_time_sec": "90"}, {"arr_dt": "1462661967", "direction": "0", "dep_dt": "1462662030", "route_id": "Red", "dwell_time_sec": "63"}, {"arr_dt": "1462662689", "direction": "0", "dep_dt": "1462662778", "route_id": "Red", "dwell_time_sec": "89"}, {"arr_dt": "1462662910", "direction": "0", "dep_dt": "1462662983", "route_id": "Red", "dwell_time_sec": "73"}, {"arr_dt": "1462663421", "direction": "0", "dep_dt": "1462663673", "route_id": "Red", "dwell_time_sec": "252"}, {"arr_dt": "1462664131", "direction": "0", "dep_dt": "1462664202", "route_id": "Red", "dwell_time_sec": "71"}, {"arr_dt": "1462664713", "direction": "0", "dep_dt": "1462664801", "route_id": "Red", "dwell_time_sec": "88"}, {"arr_dt": "1462665107", "direction": "0", "dep_dt": "1462665183", "route_id": "Red", "dwell_time_sec": "76"}, {"arr_dt": "1462665632", "direction": "0", "dep_dt": "1462665699", "route_id": "Red", "dwell_time_sec": "67"}, {"arr_dt": "1462665872", "direction": "0", "dep_dt": "1462665939", "route_id": "Red", "dwell_time_sec": "67"}, {"arr_dt": "1462666392", "direction": "0", "dep_dt": "1462666468", "route_id": "Red", "dwell_time_sec": "76"}, {"arr_dt": "1462666673", "direction": "0", "dep_dt": "1462666738", "route_id": "Red", "dwell_time_sec": "65"}, {"arr_dt": "1462667083", "direction": "0", "dep_dt": "1462667156", "route_id": "Red", "dwell_time_sec": "73"}, {"arr_dt": "1462667340", "direction": "0", "dep_dt": "1462667404", "route_id": "Red", "dwell_time_sec": "64"}, {"arr_dt": "1462667706", "direction": "0", "dep_dt": "1462667768", "route_id": "Red", "dwell_time_sec": "62"}, {"arr_dt": "1462667993", "direction": "0", "dep_dt": "1462668063", "route_id": "Red", "dwell_time_sec": "70"}, {"arr_dt": "1462668670", "direction": "0", "dep_dt": "1462668756", "route_id": "Red", "dwell_time_sec": "86"}, {"arr_dt": "1462669093", "direction": "0", "dep_dt": "1462669160", "route_id": "Red", "dwell_time_sec": "67"}, {"arr_dt": "1462669543", "direction": "0", "dep_dt": "1462669630", "route_id": "Red", "dwell_time_sec": "87"}, {"arr_dt": "1462669798", "direction": "0", "dep_dt": "1462669863", "route_id": "Red", "dwell_time_sec": "65"}, {"arr_dt": "1462670326", "direction": "0", "dep_dt": "1462670413", "route_id": "Red", "dwell_time_sec": "87"}, {"arr_dt": "1462670667", "direction": "0", "dep_dt": "1462670753", "route_id": "Red", "dwell_time_sec": "86"}, {"arr_dt": "1462671116", "direction": "0", "dep_dt": "1462671187", "route_id": "Red", "dwell_time_sec": "71"}, {"arr_dt": "1462671727", "direction": "0", "dep_dt": "1462671793", "route_id": "Red", "dwell_time_sec": "66"}, {"arr_dt": "1462672133", "direction": "0", "dep_dt": "1462672213", "route_id": "Red", "dwell_time_sec": "80"}, {"arr_dt": "1462672495", "direction": "0", "dep_dt": "1462672561", "route_id": "Red", "dwell_time_sec": "66"}, {"arr_dt": "1462672716", "direction": "0", "dep_dt": "1462672780", "route_id": "Red", "dwell_time_sec": "64"}, {"arr_dt": "1462672995", "direction": "0", "dep_dt": "1462673081", "route_id": "Red", "dwell_time_sec": "86"}, {"arr_dt": "1462673363", "direction": "0", "dep_dt": "1462673430", "route_id": "Red", "dwell_time_sec": "67"}, {"arr_dt": "1462673849", "direction": "0", "dep_dt": "1462673924", "route_id": "Red", "dwell_time_sec": "75"}, {"arr_dt": "1462674134", "direction": "0", "dep_dt": "1462674214", "route_id": "Red", "dwell_time_sec": "80"}, {"arr_dt": "1462674476", "direction": "0", "dep_dt": "1462674553", "route_id": "Red", "dwell_time_sec": "77"}, {"arr_dt": "1462675178", "direction": "0", "dep_dt": "1462675262", "route_id": "Red", "dwell_time_sec": "84"}, {"arr_dt": "1462675560", "direction": "0", "dep_dt": "1462675623", "route_id": "Red", "dwell_time_sec": "63"}, {"arr_dt": "1462675877", "direction": "0", "dep_dt": "1462675951", "route_id": "Red", "dwell_time_sec": "74"}, {"arr_dt": "1462676240", "direction": "0", "dep_dt": "1462676359", "route_id": "Red", "dwell_time_sec": "119"}, {"arr_dt": "1462676806", "direction": "0", "dep_dt": "1462676893", "route_id": "Red", "dwell_time_sec": "87"}, {"arr_dt": "1462677123", "direction": "0", "dep_dt": "1462677186", "route_id": "Red", "dwell_time_sec": "63"}, {"arr_dt": "1462677652", "direction": "0", "dep_dt": "1462677721", "route_id": "Red", "dwell_time_sec": "69"}, {"arr_dt": "1462678145", "direction": "0", "dep_dt": "1462678207", "route_id": "Red", "dwell_time_sec": "62"}, {"arr_dt": "1462678318", "direction": "0", "dep_dt": "1462678381", "route_id": "Red", "dwell_time_sec": "63"}, {"arr_dt": "1462678738", "direction": "0", "dep_dt": "1462678814", "route_id": "Red", "dwell_time_sec": "76"}, {"arr_dt": "1462679186", "direction": "0", "dep_dt": "1462679265", "route_id": "Red", "dwell_time_sec": "79"}, {"arr_dt": "1462679578", "direction": "0", "dep_dt": "1462679704", "route_id": "Red", "dwell_time_sec": "126"}]}