{"dwell_times": [{"arr_dt": "1456635559", "direction": "0", "dep_dt": "1456635618", "route_id": "Red", "dwell_time_sec": "59"}, {"arr_dt": "1456636074", "direction": "0", "dep_dt": "1456636136", "route_id": "Red", "dwell_time_sec": "62"}, {"arr_dt": "1456636516", "direction": "0", "dep_dt": "1456636594", "route_id": "Red", "dwell_time_sec": "78"}, {"arr_dt": "1456637110", "direction": "0", "dep_dt": "1456637183", "route_id": "Red", "dwell_time_sec": "73"}, {"arr_dt": "1456637408", "direction": "0", "dep_dt": "1456637481", "route_id": "Red", "dwell_time_sec": "73"}, {"arr_dt": "1456637580", "direction": "0", "dep_dt": "1456637642", "route_id": "Red", "dwell_time_sec": "62"}, {"arr_dt": "1456638102", "direction": "0", "dep_dt": "1456638184", "route_id": "Red", "dwell_time_sec": "82"}, {"arr_dt": "1456638701", "direction": "0", "dep_dt": "1456638772", "route_id": "Red", "dwell_time_sec": "71"}, {"arr_dt": "1456639172", "direction": "0", "dep_dt": "1456639230", "route_id": "Red", "dwell_time_sec": "58"}, {"arr_dt": "1456639929", "direction": "0", "dep_dt": "1456639988", "route_id": "Red", "dwell_time_sec": "59"}, {"arr_dt": "1456640710", "direction": "0", "dep_dt": "1456640778", "route_id": "Red", "dwell_time_sec": "68"}, {"arr_dt": "1456641345", "direction": "0", "dep_dt": "1456641416", "route_id": "Red", "dwell_time_sec": "71"}, {"arr_dt": "1456642242", "direction": "0", "dep_dt": "1456642315", "route_id": "Red", "dwell_time_sec": "73"}, {"arr_dt": "1456642721", "direction": "0", "dep_dt": "1456642826", "route_id": "Red", "dwell_time_sec": "105"}, {"arr_dt": "1456643686", "direction": "0", "dep_dt": "1456645085", "route_id": "Red", "dwell_time_sec": "1399"}, {"arr_dt": "1456658316", "direction": "0", "dep_dt": "1456658394", "route_id": "Red", "dwell_time_sec": "78"}, {"arr_dt": "1456658770", "direction": "0", "dep_dt": "1456658839", "route_id": "Red", "dwell_time_sec": "69"}, {"arr_dt": "1456659263", "direction": "0", "dep_dt": "1456659335", "route_id": "Red", "dwell_time_sec": "72"}, {"arr_dt": "1456659724", "direction": "0", "dep_dt": "1456659784", "route_id": "Red", "dwell_time_sec": "60"}, {"arr_dt": "1456660143", "direction": "0", "dep_dt": "1456660228", "route_id": "Red", "dwell_time_sec": "85"}, {"arr_dt": "1456660659", "direction": "0", "dep_dt": "1456660718", "route_id": "Red", "dwell_time_sec": "59"}, {"arr_dt": "1456661196", "direction": "0", "dep_dt": "1456661262", "route_id": "Red", "dwell_time_sec": "66"}, {"arr_dt": "1456661576", "direction": "0", "dep_dt": "1456661646", "route_id": "Red", "dwell_time_sec": "70"}, {"arr_dt": "1456662117", "direction": "0", "dep_dt": "1456662174", "route_id": "Red", "dwell_time_sec": "57"}, {"arr_dt": "1456662843", "direction": "0", "dep_dt": "1456662916", "route_id": "Red", "dwell_time_sec": "73"}, {"arr_dt": "1456663018", "direction": "0", "dep_dt": "1456663577", "route_id": "Red", "dwell_time_sec": "559"}, {"arr_dt": "1456664197", "direction": "0", "dep_dt": "1456664275", "route_id": "Red", "dwell_time_sec": "78"}, {"arr_dt": "1456664393", "direction": "0", "dep_dt": "1456664486", "route_id": "Red", "dwell_time_sec": "93"}, {"arr_dt": "1456664658", "direction": "0", "dep_dt": "1456664724", "route_id": "Red", "dwell_time_sec": "66"}, {"arr_dt": "1456664820", "direction": "0", "dep_dt": "1456664876", "route_id": "Red", "dwell_time_sec": "56"}, {"arr_dt": "1456665212", "direction": "0", "dep_dt": "1456665275", "route_id": "Red", "dwell_time_sec": "63"}, {"arr_dt": "1456665760", "direction": "0", "dep_dt": "1456665827", "route_id": "Red", "dwell_time_sec": "67"}, {"arr_dt": "1456666286", "direction": "0", "dep_dt": "1456666342", "route_id": "Red", "dwell_time_sec": "56"}, {"arr_dt": "1456666698", "direction": "0", "dep_dt": "1456666770", "route_id": "Red", "dwell_time_sec": "72"}, {"arr_dt": "1456667027", "direction": "0", "dep_dt": "1456667083", "route_id": "Red", "dwell_time_sec": "56"}, {"arr_dt": "1456667598", "direction": "0", "dep_dt": "1456667674", "route_id": "Red", "dwell_time_sec": "76"}, {"arr_dt": "1456668001", "direction": "0", "dep_dt": "1456668059", "route_id": "Red", "dwell_time_sec": "58"}, {"arr_dt": "1456668683", "direction": "0", "dep_dt": "1456668747", "route_id": "Red", "dwell_time_sec": "64"}, {"arr_dt": "1456669261", "direction": "0", "dep_dt": "1456669331", "route_id": "Red", "dwell_time_sec": "70"}, {"arr_dt": "1456670130", "direction": "0", "dep_dt": "1456670189", "route_id": "Red", "dwell_time_sec": "59"}, {"arr_dt": "1456670554", "direction": "0", "dep_dt": "1456670622", "route_id": "Red", "dwell_time_sec": "68"}, {"arr_dt": "1456670753", "direction": "0", "dep_dt": "1456670838", "route_id": "Red", "dwell_time_sec": "85"}, {"arr_dt": "1456671119", "direction": "0", "dep_dt": "1456671200", "route_id": "Red", "dwell_time_sec": "81"}, {"arr_dt": "1456671419", "direction": "0", "dep_dt": "1456671500", "route_id": "Red", "dwell_time_sec": "81"}, {"arr_dt": "1456671912", "direction": "0", "dep_dt": "1456671983", "route_id": "Red", "dwell_time_sec": "71"}, {"arr_dt": "1456672285", "direction": "0", "dep_dt": "1456672362", "route_id": "Red", "dwell_time_sec": "77"}, {"arr_dt": "1456672709", "direction": "0", "dep_dt": "1456672768", "route_id": "Red", "dwell_time_sec": "59"}, {"arr_dt": "1456673240", "direction": "0", "dep_dt": "1456673326", "route_id": "Red", "dwell_time_sec": "86"}, {"arr_dt": "1456673701", "direction": "0", "dep_dt": "1456673777", "route_id": "Red", "dwell_time_sec": "76"}, {"arr_dt": "1456674183", "direction": "0", "dep_dt": "1456674251", "route_id": "Red", "dwell_time_sec": "68"}, {"arr_dt": "1456674581", "direction": "0", "dep_dt": "1456674913", "route_id": "Red", "dwell_time_sec": "332"}, {"arr_dt": "1456675286", "direction": "0", "dep_dt": "1456675358", "route_id": "Red", "dwell_time_sec": "72"}, {"arr_dt": "1456675728", "direction": "0", "dep_dt": "1456675815", "route_id": "Red", "dwell_time_sec": "87"}, {"arr_dt": "1456676051", "direction": "0", "dep_dt": "1456676126", "route_id": "Red", "dwell_time_sec": "75"}, {"arr_dt": "1456676448", "direction": "0", "dep_dt": "1456676515", "route_id": "Red", "dwell_time_sec": "67"}, {"arr_dt": "1456677026", "direction": "0", "dep_dt": "1456677093", "route_id": "Red", "dwell_time_sec": "67"}, {"arr_dt": "1456677540", "direction": "0", "dep_dt": "1456677620", "route_id": "Red", "dwell_time_sec": "80"}, {"arr_dt": "1456677945", "direction": "0", "dep_dt": "1456678008", "route_id": "Red", "dwell_time_sec": "63"}, {"arr_dt": "1456678440", "direction": "0", "dep_dt": "1456678515", "route_id": "Red", "dwell_time_sec": "75"}, {"arr_dt": "1456678922", "direction": "0", "dep_dt": "1456678989", "route_id": "Red", "dwell_time_sec": "67"}, {"arr_dt": "1456679208", "direction": "0", "dep_dt": "1456679264", "route_id": "Red", "dwell_time_sec": "56"}, {"arr_dt": "1456679770", "direction": "0", "dep_dt": "1456679845", "route_id": "Red", "dwell_time_sec": "75"}, {"arr_dt": "1456680144", "direction": "0", "dep_dt": "1456680213", "route_id": "Red", "dwell_time_sec": "69"}, {"arr_dt": "1456680660", "direction": "0", "dep_dt": "1456680738", "route_id": "Red", "dwell_time_sec": "78"}, {"arr_dt": "1456681088", "direction": "0", "dep_dt": "1456681164", "route_id": "Red", "dwell_time_sec": "76"}, {"arr_dt": "1456681558", "direction": "0", "dep_dt": "1456681619", "route_id": "Red", "dwell_time_sec": "61"}, {"arr_dt": "1456682182", "direction": "0", "dep_dt": "1456682279", "route_id": "Red", "dwell_time_sec": "97"}, {"arr_dt": "1456682639", "direction": "0", "dep_dt": "1456682726", "route_id": "Red", "dwell_time_sec": "87"}, {"arr_dt": "1456683005", "direction": "0", "dep_dt": "1456683138", "route_id": "Red", "dwell_time_sec": "133"}, {"arr_dt": "1456683493", "direction": "0", "dep_dt": "1456683561", "route_id": "Red", "dwell_time_sec": "68"}, {"arr_dt": "1456684033", "direction": "0", "dep_dt": "1456684094", "route_id": "Red", "dwell_time_sec": "61"}, {"arr_dt": "1456684451", "direction": "0", "dep_dt": "1456684535", "route_id": "Red", "dwell_time_sec": "84"}, {"arr_dt": "1456684994", "direction": "0", "dep_dt": "1456685064", "route_id": "Red", "dwell_time_sec": "70"}, {"arr_dt": "1456685539", "direction": "0", "dep_dt": "1456685615", "route_id": "Red", "dwell_time_sec": "76"}, {"arr_dt": "1456685720", "direction": "0", "dep_dt": "1456685778", "route_id": "Red", "dwell_time_sec": "58"}, {"arr_dt": "1456686231", "direction": "0", "dep_dt": "1456686323", "route_id": "Red", "dwell_time_sec": "92"}, {"arr_dt": "1456686806", "direction": "0", "dep_dt": "1456686885", "route_id": "Red", "dwell_time_sec": "79"}, {"arr_dt": "1456687152", "direction": "0", "dep_dt": "1456687211", "route_id": "Red", "dwell_time_sec": "59"}, {"arr_dt": "1456687557", "direction": "0", "dep_dt": "1456687643", "route_id": "Red", "dwell_time_sec": "86"}, {"arr_dt": "1456688092", "direction": "0", "dep_dt": "1456688157", "route_id": "Red", "dwell_time_sec": "65"}, {"arr_dt": "1456688618", "direction": "0", "dep_dt": "1456688719", "route_id": "Red", "dwell_time_sec": "101"}, {"arr_dt": "1456689146", "direction": "0", "dep_dt": "1456689213", "route_id": "Red", "dwell_time_sec": "67"}, {"arr_dt": "1456689614", "direction": "0", "dep_dt": "1456689681", "route_id": "Red", "dwell_time_sec": "67"}, {"arr_dt": "1456690092", "direction": "0", "dep_dt": "1456690168", "route_id": "Red", "dwell_time_sec": "76"}, {"arr_dt": "1456690562", "direction": "0", "dep_dt": "1456690660", "route_id": "Red", "dwell_time_sec": "98"}, {"arr_dt": "1456691060", "direction": "0", "dep_dt": "1456691133", "route_id": "Red", "dwell_time_sec": "73"}, {"arr_dt": "1456691379", "direction": "0", "dep_dt": "1456691442", "route_id": "Red", "dwell_time_sec": "63"}, {"arr_dt": "1456692101", "direction": "0", "dep_dt": "1456692194", "route_id": "Red", "dwell_time_sec": "93"}, {"arr_dt": "1456692287", "direction": "0", "dep_dt": "1456692368", "route_id": "Red", "dwell_time_sec": "81"}, {"arr_dt": "1456692743", "direction": "0", "dep_dt": "1456692814", "route_id": "Red", "dwell_time_sec": "71"}, {"arr_dt": "1456693448", "direction": "0", "dep_dt": "1456693548", "route_id": "Red", "dwell_time_sec": "100"}, {"arr_dt": "1456693835", "direction": "0", "dep_dt": "1456693928", "route_id": "Red", "dwell_time_sec": "93"}, {"arr_dt": "1456694293", "direction": "0", "dep_dt": "1456694372", "route_id": "Red", "dwell_time_sec": "79"}, {"arr_dt": "1456694958", "direction": "0", "dep_dt": "1456695047", "route_id": "Red", "dwell_time_sec": "89"}, {"arr_dt": "1456695959", "direction": "0", "dep_dt": "1456696076", "route_id": "Red", "dwell_time_sec": "117"}, {"arr_dt": "1456696349", "direction": "0", "dep_dt": "1456696427", "route_id": "Red", "dwell_time_sec": "78"}, {"arr_dt": "1456696717", "direction": "0", "dep_dt": "1456696790", "route_id": "Red", "dwell_time_sec": "73"}, {"arr_dt": "1456697068", "direction": "0", "dep_dt": "1456697137", "route_id": "Red", "dwell_time_sec": "69"}, {"arr_dt": "1456697599", "direction": "0", "dep_dt": "1456697678", "route_id": "Red", "dwell_time_sec": "79"}, {"arr_dt": "1456697836", "direction": "0", "dep_dt": "1456697919", "route_id": "Red", "dwell_time_sec": "83"}, {"arr_dt": "1456698172", "direction": "0", "dep_dt": "1456698236", "route_id": "Red", "dwell_time_sec": "64"}, {"arr_dt": "1456698609", "direction": "0", "dep_dt": "1456698681", "route_id": "Red", "dwell_time_sec": "72"}, {"arr_dt": "1456699058", "direction": "0", "dep_dt": "1456699131", "route_id": "Red", "dwell_time_sec": "73"}, {"arr_dt": "1456699555", "direction": "0", "dep_dt": "1456699645", "route_id": "Red", "dwell_time_sec": "90"}, {"arr_dt": "1456700021", "direction": "0", "dep_dt": "1456700095", "route_id": "Red", "dwell_time_sec": "74"}, {"arr_dt": "1456700574", "direction": "0", "dep_dt": "1456700689", "route_id": "Red", "dwell_time_sec": "115"}, {"arr_dt": "1456701358", "direction": "0", "dep_dt": "1456701446", "route_id": "Red", "dwell_time_sec": "88"}, {"arr_dt": "1456702099", "direction": "0", "dep_dt": "1456702174", "route_id": "Red", "dwell_time_sec": "75"}, {"arr_dt": "1456702615", "direction": "0", "dep_dt": "1456702688", "route_id": "Red", "dwell_time_sec": "73"}, {"arr_dt": "1456702883", "direction": "0", "dep_dt": "1456702948", "route_id": "Red", "dwell_time_sec": "65"}, {"arr_dt": "1456703058", "direction": "0", "dep_dt": "1456703136", "route_id": "Red", "dwell_time_sec": "78"}, {"arr_dt": "1456703668", "direction": "0", "dep_dt": "1456703736", "route_id": "Red", "dwell_time_sec": "68"}, {"arr_dt": "1456704124", "direction": "0", "dep_dt": "1456704197", "route_id": "Red", "dwell_time_sec": "73"}, {"arr_dt": "1456704379", "direction": "0", "dep_dt": "1456704443", "route_id": "Red", "dwell_time_sec": "64"}, {"arr_dt": "1456704552", "direction": "0", "dep_dt": "1456704613", "route_id": "Red", "dwell_time_sec": "61"}, {"arr_dt": "1456705014", "direction": "0", "dep_dt": "1456705098", "route_id": "Red", "dwell_time_sec": "84"}, {"arr_dt": "1456705575", "direction": "0", "dep_dt": "1456705646", "route_id": "Red", "dwell_time_sec": "71"}, {"arr_dt": "1456705981", "direction": "0", "dep_dt": "1456706045", "route_id": "Red", "dwell_time_sec": "64"}, {"arr_dt": "1456706463", "direction": "0", "dep_dt": "1456706540", "route_id": "Red", "dwell_time_sec": "77"}, {"arr_dt": "1456707210", "direction": "0", "dep_dt": "1456707276", "route_id": "Red", "dwell_time_sec": "66"}, {"arr_dt": "1456707587", "direction": "0", "dep_dt": "1456707658", "route_id": "Red", "dwell_time_sec": "71"}, {"arr_dt": "1456707853", "direction": "0", "dep_dt": "1456707915", "route_id": "Red", "dwell_time_sec": "62"}, {"arr_dt": "1456708349", "direction": "0", "dep_dt": "1456708426", "route_id": "Red", "dwell_time_sec": "77"}, {"arr_dt": "1456708842", "direction": "0", "dep_dt": "1456708907", "route_id": "Red", "dwell_time_sec": "65"}, {"arr_dt": "1456709223", "direction": "0", "dep_dt": "1456709293", "route_id": "Red", "dwell_time_sec": "70"}, {"arr_dt": "1456709743", "direction": "0", "dep_dt": "1456709812", "route_id": "Red", "dwell_time_sec": "69"}, {"arr_dt": "1456710288", "direction": "0", "dep_dt": "1456710356", "route_id": "Red", "dwell_time_sec": "68"}, {"arr_dt": "1456711277", "direction": "0", "dep_dt": "1456711334", "route_id": "Red", "dwell_time_sec": "57"}, {"arr_dt": "1456711677", "direction": "0", "dep_dt": "1456711784", "route_id": "Red", "dwell_time_sec": "107"}, {"arr_dt": "1456712090", "direction": "0", "dep_dt": "1456712156", "route_id": "Red", "dwell_time_sec": "66"}, {"arr_dt": "1456712599", "direction": "0", "dep_dt": "1456712661", "route_id": "Red", "dwell_time_sec": "62"}, {"arr_dt": "1456713190", "direction": "0", "dep_dt": "1456713270", "route_id": "Red", "dwell_time_sec": "80"}, {"arr_dt": "1456713542", "direction": "0", "dep_dt": "1456713623", "route_id": "Red", "dwell_time_sec": "81"}, {"arr_dt": "1456713849", "direction": "0", "dep_dt": "1456713949", "route_id": "Red", "dwell_time_sec": "100"}, {"arr_dt": "1456714398", "direction": "0", "dep_dt": "1456714458", "route_id": "Red", "dwell_time_sec": "60"}, {"arr_dt": "1456714720", "direction": "0", "dep_dt": "1456714784", "route_id": "Red", "dwell_time_sec": "64"}, {"arr_dt": "1456715221", "direction": "0", "dep_dt": "1456715279", "route_id": "Red", "dwell_time_sec": "58"}, {"arr_dt": "1456715617", "direction": "0", "dep_dt": "1456715674", "route_id": "Red", "dwell_time_sec": "57"}, {"arr_dt": "1456716198", "direction": "0", "dep_dt": "1456716264", "route_id": "Red", "dwell_time_sec": "66"}, {"arr_dt": "1456716597", "direction": "0", "dep_dt": "1456716657", "route_id": "Red", "dwell_time_sec": "60"}, {"arr_dt": "1456717229", "direction": "0", "dep_dt": "1456717310", "route_id": "Red", "dwell_time_sec": "81"}, {"arr_dt": "1456717996", "direction": "0", "dep_dt": "1456718055", "route_id": "Red", "dwell_time_sec": "59"}, {"arr_dt": "1456718466", "direction": "0", "dep_dt": "1456718534", "route_id": "Red", "dwell_time_sec": "68"}, {"arr_dt": "1456719075", "direction": "0", "dep_dt": "1456719149", "route_id": "Red", "dwell_time_sec": "74"}, {"arr_dt": "1456719779", "direction": "0", "dep_dt": "1456719859", "route_id": "Red", "dwell_time_sec": "80"}, {"arr_dt": "1456720162", "direction": "0", "dep_dt": "1456720223", "route_id": "Red", "dwell_time_sec": "61"}, {"arr_dt": "1456720333", "direction": "0", "dep_dt": "1456720396", "route_id": "Red", "dwell_time_sec": "63"}, {"arr_dt": "1456720585", "direction": "0", "dep_dt": "1456720656", "route_id": "Red", "dwell_time_sec": "71"}, {"arr_dt": "1456721035", "direction": "0", "dep_dt": "1456721095", "route_id": "Red", "dwell_time_sec": "60"}, {"arr_dt": "1456721596", "direction": "0", "dep_dt": "1456721652", "route_id": "Red", "dwell_time_sec": "56"}]}