{"dwell_times": [{"arr_dt": "1467950737", "direction": "0", "dep_dt": "1467950810", "route_id": "Red", "dwell_time_sec": "73"}, {"arr_dt": "1467951311", "direction": "0", "dep_dt": "1467951376", "route_id": "Red", "dwell_time_sec": "65"}, {"arr_dt": "1467951764", "direction": "0", "dep_dt": "1467951835", "route_id": "Red", "dwell_time_sec": "71"}, {"arr_dt": "1467952412", "direction": "0", "dep_dt": "1467952481", "route_id": "Red", "dwell_time_sec": "69"}, {"arr_dt": "1467952724", "direction": "0", "dep_dt": "1467952789", "route_id": "Red", "dwell_time_sec": "65"}, {"arr_dt": "1467953544", "direction": "0", "dep_dt": "1467955001", "route_id": "Red", "dwell_time_sec": "1457"}, {"arr_dt": "1467970488", "direction": "0", "dep_dt": "1467970547", "route_id": "Red", "dwell_time_sec": "59"}, {"arr_dt": "1467970995", "direction": "0", "dep_dt": "1467971065", "route_id": "Red", "dwell_time_sec": "70"}, {"arr_dt": "1467971371", "direction": "0", "dep_dt": "1467971435", "route_id": "Red", "dwell_time_sec": "64"}, {"arr_dt": "1467971758", "direction": "0", "dep_dt": "1467971810", "route_id": "Red", "dwell_time_sec": "52"}, {"arr_dt": "1467972271", "direction": "0", "dep_dt": "1467972336", "route_id": "Red", "dwell_time_sec": "65"}, {"arr_dt": "1467972869", "direction": "0", "dep_dt": "1467972943", "route_id": "Red", "dwell_time_sec": "74"}, {"arr_dt": "1467973295", "direction": "0", "dep_dt": "1467973359", "route_id": "Red", "dwell_time_sec": "64"}, {"arr_dt": "1467973507", "direction": "0", "dep_dt": "1467973567", "route_id": "Red", "dwell_time_sec": "60"}, {"arr_dt": "1467973948", "direction": "0", "dep_dt": "1467974014", "route_id": "Red", "dwell_time_sec": "66"}, {"arr_dt": "1467974202", "direction": "0", "dep_dt": "1467974261", "route_id": "Red", "dwell_time_sec": "59"}, {"arr_dt": "1467974419", "direction": "0", "dep_dt": "1467974477", "route_id": "Red", "dwell_time_sec": "58"}, {"arr_dt": "1467974807", "direction": "0", "dep_dt": "1467974872", "route_id": "Red", "dwell_time_sec": "65"}, {"arr_dt": "1467975071", "direction": "0", "dep_dt": "1467975137", "route_id": "Red", "dwell_time_sec": "66"}, {"arr_dt": "1467975395", "direction": "0", "dep_dt": "1467975459", "route_id": "Red", "dwell_time_sec": "64"}, {"arr_dt": "1467975710", "direction": "0", "dep_dt": "1467975774", "route_id": "Red", "dwell_time_sec": "64"}, {"arr_dt": "1467975993", "direction": "0", "dep_dt": "1467976067", "route_id": "Red", "dwell_time_sec": "74"}, {"arr_dt": "1467976168", "direction": "0", "dep_dt": "1467976235", "route_id": "Red", "dwell_time_sec": "67"}, {"arr_dt": "1467976545", "direction": "0", "dep_dt": "1467976635", "route_id": "Red", "dwell_time_sec": "90"}, {"arr_dt": "1467976920", "direction": "0", "dep_dt": "1467977000", "route_id": "Red", "dwell_time_sec": "80"}, {"arr_dt": "1467977103", "direction": "0", "dep_dt": "1467977178", "route_id": "Red", "dwell_time_sec": "75"}, {"arr_dt": "1467977454", "direction": "0", "dep_dt": "1467977542", "route_id": "Red", "dwell_time_sec": "88"}, {"arr_dt": "1467977869", "direction": "0", "dep_dt": "1467977976", "route_id": "Red", "dwell_time_sec": "107"}, {"arr_dt": "1467978078", "direction": "0", "dep_dt": "1467978193", "route_id": "Red", "dwell_time_sec": "115"}, {"arr_dt": "1467978339", "direction": "0", "dep_dt": "1467978422", "route_id": "Red", "dwell_time_sec": "83"}, {"arr_dt": "1467978904", "direction": "0", "dep_dt": "1467979035", "route_id": "Red", "dwell_time_sec": "131"}, {"arr_dt": "1467979163", "direction": "0", "dep_dt": "1467979268", "route_id": "Red", "dwell_time_sec": "105"}, {"arr_dt": "1467979401", "direction": "0", "dep_dt": "1467979477", "route_id": "Red", "dwell_time_sec": "76"}, {"arr_dt": "1467979610", "direction": "0", "dep_dt": "1467979679", "route_id": "Red", "dwell_time_sec": "69"}, {"arr_dt": "1467979834", "direction": "0", "dep_dt": "1467979974", "route_id": "Red", "dwell_time_sec": "140"}, {"arr_dt": "1467980065", "direction": "0", "dep_dt": "1467980150", "route_id": "Red", "dwell_time_sec": "85"}, {"arr_dt": "1467980320", "direction": "0", "dep_dt": "1467980411", "route_id": "Red", "dwell_time_sec": "91"}, {"arr_dt": "1467980543", "direction": "0", "dep_dt": "1467980633", "route_id": "Red", "dwell_time_sec": "90"}, {"arr_dt": "1467980947", "direction": "0", "dep_dt": "1467981049", "route_id": "Red", "dwell_time_sec": "102"}, {"arr_dt": "1467981146", "direction": "0", "dep_dt": "1467981289", "route_id": "Red", "dwell_time_sec": "143"}, {"arr_dt": "1467981377", "direction": "0", "dep_dt": "1467981489", "route_id": "Red", "dwell_time_sec": "112"}, {"arr_dt": "1467981557", "direction": "0", "dep_dt": "1467981643", "route_id": "Red", "dwell_time_sec": "86"}, {"arr_dt": "1467981740", "direction": "0", "dep_dt": "1467981854", "route_id": "Red", "dwell_time_sec": "114"}, {"arr_dt": "1467981940", "direction": "0", "dep_dt": "1467982047", "route_id": "Red", "dwell_time_sec": "107"}, {"arr_dt": "1467982149", "direction": "0", "dep_dt": "1467982259", "route_id": "Red", "dwell_time_sec": "110"}, {"arr_dt": "1467982350", "direction": "0", "dep_dt": "1467982436", "route_id": "Red", "dwell_time_sec": "86"}, {"arr_dt": "1467982571", "direction": "0", "dep_dt": "1467982648", "route_id": "Red", "dwell_time_sec": "77"}, {"arr_dt": "1467982727", "direction": "0", "dep_dt": "1467982845", "route_id": "Red", "dwell_time_sec": "118"}, {"arr_dt": "1467983058", "direction": "0", "dep_dt": "1467983144", "route_id": "Red", "dwell_time_sec": "86"}, {"arr_dt": "1467983347", "direction": "0", "dep_dt": "1467983422", "route_id": "Red", "dwell_time_sec": "75"}, {"arr_dt": "1467983590", "direction": "0", "dep_dt": "1467983670", "route_id": "Red", "dwell_time_sec": "80"}, {"arr_dt": "1467984010", "direction": "0", "dep_dt": "1467984108", "route_id": "Red", "dwell_time_sec": "98"}, {"arr_dt": "1467984241", "direction": "0", "dep_dt": "1467984313", "route_id": "Red", "dwell_time_sec": "72"}, {"arr_dt": "1467984416", "direction": "0", "dep_dt": "1467984503", "route_id": "Red", "dwell_time_sec": "87"}, {"arr_dt": "1467984623", "direction": "0", "dep_dt": "1467984704", "route_id": "Red", "dwell_time_sec": "81"}, {"arr_dt": "1467984811", "direction": "0", "dep_dt": "1467984882", "route_id": "Red", "dwell_time_sec": "71"}, {"arr_dt": "1467985020", "direction": "0", "dep_dt": "1467985091", "route_id": "Red", "dwell_time_sec": "71"}, {"arr_dt": "1467985320", "direction": "0", "dep_dt": "1467985406", "route_id": "Red", "dwell_time_sec": "86"}, {"arr_dt": "1467985511", "direction": "0", "dep_dt": "1467985593", "route_id": "Red", "dwell_time_sec": "82"}, {"arr_dt": "1467985685", "direction": "0", "dep_dt": "1467985766", "route_id": "Red", "dwell_time_sec": "81"}, {"arr_dt": "1467985876", "direction": "0", "dep_dt": "1467985981", "route_id": "Red", "dwell_time_sec": "105"}, {"arr_dt": "1467986071", "direction": "0", "dep_dt": "1467986153", "route_id": "Red", "dwell_time_sec": "82"}, {"arr_dt": "1467986247", "direction": "0", "dep_dt": "1467986318", "route_id": "Red", "dwell_time_sec": "71"}, {"arr_dt": "1467986592", "direction": "0", "dep_dt": "1467986669", "route_id": "Red", "dwell_time_sec": "77"}, {"arr_dt": "1467986825", "direction": "0", "dep_dt": "1467987051", "route_id": "Red", "dwell_time_sec": "226"}, {"arr_dt": "1467987033", "direction": "0", "dep_dt": "1467987131", "route_id": "Red", "dwell_time_sec": "98"}, {"arr_dt": "1467987268", "direction": "0", "dep_dt": "1467987338", "route_id": "Red", "dwell_time_sec": "70"}, {"arr_dt": "1467987518", "direction": "0", "dep_dt": "1467987593", "route_id": "Red", "dwell_time_sec": "75"}, {"arr_dt": "1467987977", "direction": "0", "dep_dt": "1467988070", "route_id": "Red", "dwell_time_sec": "93"}, {"arr_dt": "1467988195", "direction": "0", "dep_dt": "1467988279", "route_id": "Red", "dwell_time_sec": "84"}, {"arr_dt": "1467988374", "direction": "0", "dep_dt": "1467988462", "route_id": "Red", "dwell_time_sec": "88"}, {"arr_dt": "1467988604", "direction": "0", "dep_dt": "1467988670", "route_id": "Red", "dwell_time_sec": "66"}, {"arr_dt": "1467989298", "direction": "0", "dep_dt": "1467989377", "route_id": "Red", "dwell_time_sec": "79"}, {"arr_dt": "1467989659", "direction": "0", "dep_dt": "1467989740", "route_id": "Red", "dwell_time_sec": "81"}, {"arr_dt": "1467989835", "direction": "0", "dep_dt": "1467989911", "route_id": "Red", "dwell_time_sec": "76"}, {"arr_dt": "1467990403", "direction": "0", "dep_dt": "1467990479", "route_id": "Red", "dwell_time_sec": "76"}, {"arr_dt": "1467990581", "direction": "0", "dep_dt": "1467990660", "route_id": "Red", "dwell_time_sec": "79"}, {"arr_dt": "1467991219", "direction": "0", "dep_dt": "1467991323", "route_id": "Red", "dwell_time_sec": "104"}, {"arr_dt": "1467991430", "direction": "0", "dep_dt": "1467991509", "route_id": "Red", "dwell_time_sec": "79"}, {"arr_dt": "1467991601", "direction": "0", "dep_dt": "1467991689", "route_id": "Red", "dwell_time_sec": "88"}, {"arr_dt": "1467991813", "direction": "0", "dep_dt": "1467991884", "route_id": "Red", "dwell_time_sec": "71"}, {"arr_dt": "1467992335", "direction": "0", "dep_dt": "1467992414", "route_id": "Red", "dwell_time_sec": "79"}, {"arr_dt": "1467992700", "direction": "0", "dep_dt": "1467992788", "route_id": "Red", "dwell_time_sec": "88"}, {"arr_dt": "1467993036", "direction": "0", "dep_dt": "1467993115", "route_id": "Red", "dwell_time_sec": "79"}, {"arr_dt": "1467993854", "direction": "0", "dep_dt": "1467993929", "route_id": "Red", "dwell_time_sec": "75"}, {"arr_dt": "1467994034", "direction": "0", "dep_dt": "1467994110", "route_id": "Red", "dwell_time_sec": "76"}, {"arr_dt": "1467994425", "direction": "0", "dep_dt": "1467994543", "route_id": "Red", "dwell_time_sec": "118"}, {"arr_dt": "1467994902", "direction": "0", "dep_dt": "1467994981", "route_id": "Red", "dwell_time_sec": "79"}, {"arr_dt": "1467995295", "direction": "0", "dep_dt": "1467995380", "route_id": "Red", "dwell_time_sec": "85"}, {"arr_dt": "1467995590", "direction": "0", "dep_dt": "1467995679", "route_id": "Red", "dwell_time_sec": "89"}, {"arr_dt": "1467996361", "direction": "0", "dep_dt": "1467996454", "route_id": "Red", "dwell_time_sec": "93"}, {"arr_dt": "1467996872", "direction": "0", "dep_dt": "1467996958", "route_id": "Red", "dwell_time_sec": "86"}, {"arr_dt": "1467997057", "direction": "0", "dep_dt": "1467997137", "route_id": "Red", "dwell_time_sec": "80"}, {"arr_dt": "1467997280", "direction": "0", "dep_dt": "1467997359", "route_id": "Red", "dwell_time_sec": "79"}, {"arr_dt": "1467997852", "direction": "0", "dep_dt": "1467997932", "route_id": "Red", "dwell_time_sec": "80"}, {"arr_dt": "1467998223", "direction": "0", "dep_dt": "1467998295", "route_id": "Red", "dwell_time_sec": "72"}, {"arr_dt": "1467998953", "direction": "0", "dep_dt": "1467999038", "route_id": "Red", "dwell_time_sec": "85"}, {"arr_dt": "1467999408", "direction": "0", "dep_dt": "1467999476", "route_id": "Red", "dwell_time_sec": "68"}, {"arr_dt": "1467999749", "direction": "0", "dep_dt": "1467999822", "route_id": "Red", "dwell_time_sec": "73"}, {"arr_dt": "1468000266", "direction": "0", "dep_dt": "1468000339", "route_id": "Red", "dwell_time_sec": "73"}, {"arr_dt": "1468000571", "direction": "0", "dep_dt": "1468000632", "route_id": "Red", "dwell_time_sec": "61"}, {"arr_dt": "1468001188", "direction": "0", "dep_dt": "1468001270", "route_id": "Red", "dwell_time_sec": "82"}, {"arr_dt": "1468001495", "direction": "0", "dep_dt": "1468001592", "route_id": "Red", "dwell_time_sec": "97"}, {"arr_dt": "1468001948", "direction": "0", "dep_dt": "1468002039", "route_id": "Red", "dwell_time_sec": "91"}, {"arr_dt": "1468002377", "direction": "0", "dep_dt": "1468002467", "route_id": "Red", "dwell_time_sec": "90"}, {"arr_dt": "1468002962", "direction": "0", "dep_dt": "1468003057", "route_id": "Red", "dwell_time_sec": "95"}, {"arr_dt": "1468003322", "direction": "0", "dep_dt": "1468003395", "route_id": "Red", "dwell_time_sec": "73"}, {"arr_dt": "1468003873", "direction": "0", "dep_dt": "1468003980", "route_id": "Red", "dwell_time_sec": "107"}, {"arr_dt": "1468004345", "direction": "0", "dep_dt": "1468004426", "route_id": "Red", "dwell_time_sec": "81"}, {"arr_dt": "1468005025", "direction": "0", "dep_dt": "1468005132", "route_id": "Red", "dwell_time_sec": "107"}, {"arr_dt": "1468005291", "direction": "0", "dep_dt": "1468005413", "route_id": "Red", "dwell_time_sec": "122"}, {"arr_dt": "1468005504", "direction": "0", "dep_dt": "1468005598", "route_id": "Red", "dwell_time_sec": "94"}, {"arr_dt": "1468005911", "direction": "0", "dep_dt": "1468006013", "route_id": "Red", "dwell_time_sec": "102"}, {"arr_dt": "1468006115", "direction": "0", "dep_dt": "1468006206", "route_id": "Red", "dwell_time_sec": "91"}, {"arr_dt": "1468006504", "direction": "0", "dep_dt": "1468006596", "route_id": "Red", "dwell_time_sec": "92"}, {"arr_dt": "1468006712", "direction": "0", "dep_dt": "1468006807", "route_id": "Red", "dwell_time_sec": "95"}, {"arr_dt": "1468007397", "direction": "0", "dep_dt": "1468007539", "route_id": "Red", "dwell_time_sec": "142"}, {"arr_dt": "1468007620", "direction": "0", "dep_dt": "1468007727", "route_id": "Red", "dwell_time_sec": "107"}, {"arr_dt": "1468008416", "direction": "0", "dep_dt": "1468008536", "route_id": "Red", "dwell_time_sec": "120"}, {"arr_dt": "1468008691", "direction": "0", "dep_dt": "1468008789", "route_id": "Red", "dwell_time_sec": "98"}, {"arr_dt": "1468008901", "direction": "0", "dep_dt": "1468008983", "route_id": "Red", "dwell_time_sec": "82"}, {"arr_dt": "1468009312", "direction": "0", "dep_dt": "1468009413", "route_id": "Red", "dwell_time_sec": "101"}, {"arr_dt": "1468009510", "direction": "0", "dep_dt": "1468009616", "route_id": "Red", "dwell_time_sec": "106"}, {"arr_dt": "1468009919", "direction": "0", "dep_dt": "1468010006", "route_id": "Red", "dwell_time_sec": "87"}, {"arr_dt": "1468010276", "direction": "0", "dep_dt": "1468010387", "route_id": "Red", "dwell_time_sec": "111"}, {"arr_dt": "1468010667", "direction": "0", "dep_dt": "1468010808", "route_id": "Red", "dwell_time_sec": "141"}, {"arr_dt": "1468010893", "direction": "0", "dep_dt": "1468011042", "route_id": "Red", "dwell_time_sec": "149"}, {"arr_dt": "1468011229", "direction": "0", "dep_dt": "1468011337", "route_id": "Red", "dwell_time_sec": "108"}, {"arr_dt": "1468011457", "direction": "0", "dep_dt": "1468011552", "route_id": "Red", "dwell_time_sec": "95"}, {"arr_dt": "1468011644", "direction": "0", "dep_dt": "1468011741", "route_id": "Red", "dwell_time_sec": "97"}, {"arr_dt": "1468011845", "direction": "0", "dep_dt": "1468011938", "route_id": "Red", "dwell_time_sec": "93"}, {"arr_dt": "1468012063", "direction": "0", "dep_dt": "1468012147", "route_id": "Red", "dwell_time_sec": "84"}, {"arr_dt": "1468012252", "direction": "0", "dep_dt": "1468012357", "route_id": "Red", "dwell_time_sec": "105"}, {"arr_dt": "1468012516", "direction": "0", "dep_dt": "1468012631", "route_id": "Red", "dwell_time_sec": "115"}, {"arr_dt": "1468012835", "direction": "0", "dep_dt": "1468012926", "route_id": "Red", "dwell_time_sec": "91"}, {"arr_dt": "1468013312", "direction": "0", "dep_dt": "1468013400", "route_id": "Red", "dwell_time_sec": "88"}, {"arr_dt": "1468013514", "direction": "0", "dep_dt": "1468013612", "route_id": "Red", "dwell_time_sec": "98"}, {"arr_dt": "1468013706", "direction": "0", "dep_dt": "1468013801", "route_id": "Red", "dwell_time_sec": "95"}, {"arr_dt": "1468013892", "direction": "0", "dep_dt": "1468013997", "route_id": "Red", "dwell_time_sec": "105"}, {"arr_dt": "1468014096", "direction": "0", "dep_dt": "1468014217", "route_id": "Red", "dwell_time_sec": "121"}, {"arr_dt": "1468014290", "direction": "0", "dep_dt": "1468014404", "route_id": "Red", "dwell_time_sec": "114"}, {"arr_dt": "1468014500", "direction": "0", "dep_dt": "1468014603", "route_id": "Red", "dwell_time_sec": "103"}, {"arr_dt": "1468014721", "direction": "0", "dep_dt": "1468014820", "route_id": "Red", "dwell_time_sec": "99"}, {"arr_dt": "1468014909", "direction": "0", "dep_dt": "1468015003", "route_id": "Red", "dwell_time_sec": "94"}, {"arr_dt": "1468015321", "direction": "0", "dep_dt": "1468015420", "route_id": "Red", "dwell_time_sec": "99"}, {"arr_dt": "1468015538", "direction": "0", "dep_dt": "1468015636", "route_id": "Red", "dwell_time_sec": "98"}, {"arr_dt": "1468015763", "direction": "0", "dep_dt": "1468015880", "route_id": "Red", "dwell_time_sec": "117"}, {"arr_dt": "1468015985", "direction": "0", "dep_dt": "1468016080", "route_id": "Red", "dwell_time_sec": "95"}, {"arr_dt": "1468016241", "direction": "0", "dep_dt": "1468016327", "route_id": "Red", "dwell_time_sec": "86"}, {"arr_dt": "1468016446", "direction": "0", "dep_dt": "1468016543", "route_id": "Red", "dwell_time_sec": "97"}, {"arr_dt": "1468016830", "direction": "0", "dep_dt": "1468016940", "route_id": "Red", "dwell_time_sec": "110"}, {"arr_dt": "1468017194", "direction": "0", "dep_dt": "1468017295", "route_id": "Red", "dwell_time_sec": "101"}, {"arr_dt": "1468017601", "direction": "0", "dep_dt": "1468017676", "route_id": "Red", "dwell_time_sec": "75"}, {"arr_dt": "1468017782", "direction": "0", "dep_dt": "1468017878", "route_id": "Red", "dwell_time_sec": "96"}, {"arr_dt": "1468018057", "direction": "0", "dep_dt": "1468018146", "route_id": "Red", "dwell_time_sec": "89"}, {"arr_dt": "1468018241", "direction": "0", "dep_dt": "1468018315", "route_id": "Red", "dwell_time_sec": "74"}, {"arr_dt": "1468018452", "direction": "0", "dep_dt": "1468018553", "route_id": "Red", "dwell_time_sec": "101"}, {"arr_dt": "1468018642", "direction": "0", "dep_dt": "1468018740", "route_id": "Red", "dwell_time_sec": "98"}, {"arr_dt": "1468018828", "direction": "0", "dep_dt": "1468018912", "route_id": "Red", "dwell_time_sec": "84"}, {"arr_dt": "1468019022", "direction": "0", "dep_dt": "1468019093", "route_id": "Red", "dwell_time_sec": "71"}, {"arr_dt": "1468019230", "direction": "0", "dep_dt": "1468019294", "route_id": "Red", "dwell_time_sec": "64"}, {"arr_dt": "1468019475", "direction": "0", "dep_dt": "1468019565", "route_id": "Red", "dwell_time_sec": "90"}, {"arr_dt": "1468019815", "direction": "0", "dep_dt": "1468019904", "route_id": "Red", "dwell_time_sec": "89"}, {"arr_dt": "1468020021", "direction": "0", "dep_dt": "1468020083", "route_id": "Red", "dwell_time_sec": "62"}, {"arr_dt": "1468020287", "direction": "0", "dep_dt": "1468020367", "route_id": "Red", "dwell_time_sec": "80"}, {"arr_dt": "1468020475", "direction": "0", "dep_dt": "1468020571", "route_id": "Red", "dwell_time_sec": "96"}, {"arr_dt": "1468020681", "direction": "0", "dep_dt": "1468020766", "route_id": "Red", "dwell_time_sec": "85"}, {"arr_dt": "1468020944", "direction": "0", "dep_dt": "1468021013", "route_id": "Red", "dwell_time_sec": "69"}, {"arr_dt": "1468021274", "direction": "0", "dep_dt": "1468021346", "route_id": "Red", "dwell_time_sec": "72"}, {"arr_dt": "1468021459", "direction": "0", "dep_dt": "1468021537", "route_id": "Red", "dwell_time_sec": "78"}, {"arr_dt": "1468021655", "direction": "0", "dep_dt": "1468021715", "route_id": "Red", "dwell_time_sec": "60"}, {"arr_dt": "1468021929", "direction": "0", "dep_dt": "1468022012", "route_id": "Red", "dwell_time_sec": "83"}, {"arr_dt": "1468022245", "direction": "0", "dep_dt": "1468022315", "route_id": "Red", "dwell_time_sec": "70"}, {"arr_dt": "1468022453", "direction": "0", "dep_dt": "1468022513", "route_id": "Red", "dwell_time_sec": "60"}, {"arr_dt": "1468022924", "direction": "0", "dep_dt": "1468022987", "route_id": "Red", "dwell_time_sec": "63"}, {"arr_dt": "1468023098", "direction": "0", "dep_dt": "1468023170", "route_id": "Red", "dwell_time_sec": "72"}, {"arr_dt": "1468023584", "direction": "0", "dep_dt": "1468023661", "route_id": "Red", "dwell_time_sec": "77"}, {"arr_dt": "1468023841", "direction": "0", "dep_dt": "1468023901", "route_id": "Red", "dwell_time_sec": "60"}, {"arr_dt": "1468024425", "direction": "0", "dep_dt": "1468024507", "route_id": "Red", "dwell_time_sec": "82"}, {"arr_dt": "1468024691", "direction": "0", "dep_dt": "1468024759", "route_id": "Red", "dwell_time_sec": "68"}, {"arr_dt": "1468025082", "direction": "0", "dep_dt": "1468025162", "route_id": "Red", "dwell_time_sec": "80"}, {"arr_dt": "1468025580", "direction": "0", "dep_dt": "1468025660", "route_id": "Red", "dwell_time_sec": "80"}, {"arr_dt": "1468026552", "direction": "0", "dep_dt": "1468026619", "route_id": "Red", "dwell_time_sec": "67"}, {"arr_dt": "1468026959", "direction": "0", "dep_dt": "1468027036", "route_id": "Red", "dwell_time_sec": "77"}, {"arr_dt": "1468027154", "direction": "0", "dep_dt": "1468027226", "route_id": "Red", "dwell_time_sec": "72"}, {"arr_dt": "1468027503", "direction": "0", "dep_dt": "1468027586", "route_id": "Red", "dwell_time_sec": "83"}, {"arr_dt": "1468027729", "direction": "0", "dep_dt": "1468027794", "route_id": "Red", "dwell_time_sec": "65"}, {"arr_dt": "1468028258", "direction": "0", "dep_dt": "1468028336", "route_id": "Red", "dwell_time_sec": "78"}, {"arr_dt": "1468028540", "direction": "0", "dep_dt": "1468028620", "route_id": "Red", "dwell_time_sec": "80"}, {"arr_dt": "1468028823", "direction": "0", "dep_dt": "1468028891", "route_id": "Red", "dwell_time_sec": "68"}, {"arr_dt": "1468029160", "direction": "0", "dep_dt": "1468029258", "route_id": "Red", "dwell_time_sec": "98"}, {"arr_dt": "1468029573", "direction": "0", "dep_dt": "1468029654", "route_id": "Red", "dwell_time_sec": "81"}, {"arr_dt": "1468029834", "direction": "0", "dep_dt": "1468029909", "route_id": "Red", "dwell_time_sec": "75"}, {"arr_dt": "1468030284", "direction": "0", "dep_dt": "1468030363", "route_id": "Red", "dwell_time_sec": "79"}, {"arr_dt": "1468030733", "direction": "0", "dep_dt": "1468030819", "route_id": "Red", "dwell_time_sec": "86"}, {"arr_dt": "1468031091", "direction": "0", "dep_dt": "1468031157", "route_id": "Red", "dwell_time_sec": "66"}, {"arr_dt": "1468031648", "direction": "0", "dep_dt": "1468031739", "route_id": "Red", "dwell_time_sec": "91"}, {"arr_dt": "1468031900", "direction": "0", "dep_dt": "1468031973", "route_id": "Red", "dwell_time_sec": "73"}, {"arr_dt": "1468032314", "direction": "0", "dep_dt": "1468032416", "route_id": "Red", "dwell_time_sec": "102"}, {"arr_dt": "1468032512", "direction": "0", "dep_dt": "1468032595", "route_id": "Red", "dwell_time_sec": "83"}, {"arr_dt": "1468032748", "direction": "0", "dep_dt": "1468032865", "route_id": "Red", "dwell_time_sec": "117"}, {"arr_dt": "1468033281", "direction": "0", "dep_dt": "1468033370", "route_id": "Red", "dwell_time_sec": "89"}, {"arr_dt": "1468033565", "direction": "0", "dep_dt": "1468033641", "route_id": "Red", "dwell_time_sec": "76"}, {"arr_dt": "1468034037", "direction": "0", "dep_dt": "1468034103", "route_id": "Red", "dwell_time_sec": "66"}, {"arr_dt": "1468034388", "direction": "0", "dep_dt": "1468034458", "route_id": "Red", "dwell_time_sec": "70"}, {"arr_dt": "1468034688", "direction": "0", "dep_dt": "1468034755", "route_id": "Red", "dwell_time_sec": "67"}, {"arr_dt": "1468034996", "direction": "0", "dep_dt": "1468035093", "route_id": "Red", "dwell_time_sec": "97"}, {"arr_dt": "1468035412", "direction": "0", "dep_dt": "1468035509", "route_id": "Red", "dwell_time_sec": "97"}, {"arr_dt": "1468035632", "direction": "0", "dep_dt": "1468035722", "route_id": "Red", "dwell_time_sec": "90"}, {"arr_dt": "1468036150", "direction": "0", "dep_dt": "1468036217", "route_id": "Red", "dwell_time_sec": "67"}, {"arr_dt": "1468036341", "direction": "0", "dep_dt": "1468036406", "route_id": "Red", "dwell_time_sec": "65"}]}