{"dwell_times": [{"arr_dt": "1452315581", "direction": "0", "dep_dt": "1452315658", "route_id": "Red", "dwell_time_sec": "77"}, {"arr_dt": "1452315845", "direction": "0", "dep_dt": "1452315913", "route_id": "Red", "dwell_time_sec": "68"}, {"arr_dt": "1452316085", "direction": "0", "dep_dt": "1452316159", "route_id": "Red", "dwell_time_sec": "74"}, {"arr_dt": "1452316468", "direction": "0", "dep_dt": "1452316547", "route_id": "Red", "dwell_time_sec": "79"}, {"arr_dt": "1452316667", "direction": "0", "dep_dt": "1452316722", "route_id": "Red", "dwell_time_sec": "55"}, {"arr_dt": "1452317298", "direction": "0", "dep_dt": "1452317355", "route_id": "Red", "dwell_time_sec": "57"}, {"arr_dt": "1452317834", "direction": "0", "dep_dt": "1452317887", "route_id": "Red", "dwell_time_sec": "53"}, {"arr_dt": "1452318314", "direction": "0", "dep_dt": "1452318382", "route_id": "Red", "dwell_time_sec": "68"}, {"arr_dt": "1452318526", "direction": "0", "dep_dt": "1452318595", "route_id": "Red", "dwell_time_sec": "69"}, {"arr_dt": "1452318920", "direction": "0", "dep_dt": "1452318986", "route_id": "Red", "dwell_time_sec": "66"}, {"arr_dt": "1452319636", "direction": "0", "dep_dt": "1452319704", "route_id": "Red", "dwell_time_sec": "68"}, {"arr_dt": "1452320379", "direction": "0", "dep_dt": "1452320453", "route_id": "Red", "dwell_time_sec": "74"}, {"arr_dt": "1452320862", "direction": "0", "dep_dt": "1452320916", "route_id": "Red", "dwell_time_sec": "54"}, {"arr_dt": "1452321646", "direction": "0", "dep_dt": "1452321709", "route_id": "Red", "dwell_time_sec": "63"}, {"arr_dt": "1452322035", "direction": "0", "dep_dt": "1452322093", "route_id": "Red", "dwell_time_sec": "58"}, {"arr_dt": "1452323203", "direction": "0", "dep_dt": "1452323280", "route_id": "Red", "dwell_time_sec": "77"}, {"arr_dt": "1452323794", "direction": "0", "dep_dt": "1452325166", "route_id": "Red", "dwell_time_sec": "1372"}, {"arr_dt": "1452342792", "direction": "0", "dep_dt": "1452343038", "route_id": "Red", "dwell_time_sec": "246"}, {"arr_dt": "1452347241", "direction": "0", "dep_dt": "1452347382", "route_id": "Red", "dwell_time_sec": "141"}, {"arr_dt": "1452347826", "direction": "0", "dep_dt": "1452348029", "route_id": "Red", "dwell_time_sec": "203"}, {"arr_dt": "1452351527", "direction": "0", "dep_dt": "1452351707", "route_id": "Red", "dwell_time_sec": "180"}, {"arr_dt": "1452353759", "direction": "0", "dep_dt": "1452353849", "route_id": "Red", "dwell_time_sec": "90"}, {"arr_dt": "1452354992", "direction": "0", "dep_dt": "1452355148", "route_id": "Red", "dwell_time_sec": "156"}, {"arr_dt": "1452358744", "direction": "0", "dep_dt": "1452358845", "route_id": "Red", "dwell_time_sec": "101"}, {"arr_dt": "1452359435", "direction": "0", "dep_dt": "1452359555", "route_id": "Red", "dwell_time_sec": "120"}, {"arr_dt": "1452360695", "direction": "0", "dep_dt": "1452360826", "route_id": "Red", "dwell_time_sec": "131"}, {"arr_dt": "1452361063", "direction": "0", "dep_dt": "1452361192", "route_id": "Red", "dwell_time_sec": "129"}, {"arr_dt": "1452361945", "direction": "0", "dep_dt": "1452362095", "route_id": "Red", "dwell_time_sec": "150"}, {"arr_dt": "1452362948", "direction": "0", "dep_dt": "1452363158", "route_id": "Red", "dwell_time_sec": "210"}, {"arr_dt": "1452369278", "direction": "0", "dep_dt": "1452369381", "route_id": "Red", "dwell_time_sec": "103"}, {"arr_dt": "1452370970", "direction": "0", "dep_dt": "1452371100", "route_id": "Red", "dwell_time_sec": "130"}, {"arr_dt": "1452372044", "direction": "0", "dep_dt": "1452372147", "route_id": "Red", "dwell_time_sec": "103"}, {"arr_dt": "1452372711", "direction": "0", "dep_dt": "1452372808", "route_id": "Red", "dwell_time_sec": "97"}, {"arr_dt": "1452374552", "direction": "0", "dep_dt": "1452374646", "route_id": "Red", "dwell_time_sec": "94"}, {"arr_dt": "1452375417", "direction": "0", "dep_dt": "1452375524", "route_id": "Red", "dwell_time_sec": "107"}, {"arr_dt": "1452377705", "direction": "0", "dep_dt": "1452377799", "route_id": "Red", "dwell_time_sec": "94"}, {"arr_dt": "1452379948", "direction": "0", "dep_dt": "1452380025", "route_id": "Red", "dwell_time_sec": "77"}, {"arr_dt": "1452382099", "direction": "0", "dep_dt": "1452382194", "route_id": "Red", "dwell_time_sec": "95"}, {"arr_dt": "1452382857", "direction": "0", "dep_dt": "1452382942", "route_id": "Red", "dwell_time_sec": "85"}, {"arr_dt": "1452383839", "direction": "0", "dep_dt": "1452383959", "route_id": "Red", "dwell_time_sec": "120"}, {"arr_dt": "1452387436", "direction": "0", "dep_dt": "1452387539", "route_id": "Red", "dwell_time_sec": "103"}, {"arr_dt": "1452388323", "direction": "0", "dep_dt": "1452388408", "route_id": "Red", "dwell_time_sec": "85"}, {"arr_dt": "1452388931", "direction": "0", "dep_dt": "1452389007", "route_id": "Red", "dwell_time_sec": "76"}, {"arr_dt": "1452391829", "direction": "0", "dep_dt": "1452391906", "route_id": "Red", "dwell_time_sec": "77"}]}