{"dwell_times": [{"arr_dt": "1467432071", "direction": "0", "dep_dt": "1467432142", "route_id": "Red", "dwell_time_sec": "71"}, {"arr_dt": "1467432382", "direction": "0", "dep_dt": "1467432457", "route_id": "Red", "dwell_time_sec": "75"}, {"arr_dt": "1467432818", "direction": "0", "dep_dt": "1467432881", "route_id": "Red", "dwell_time_sec": "63"}, {"arr_dt": "1467433175", "direction": "0", "dep_dt": "1467433241", "route_id": "Red", "dwell_time_sec": "66"}, {"arr_dt": "1467433712", "direction": "0", "dep_dt": "1467433797", "route_id": "Red", "dwell_time_sec": "85"}, {"arr_dt": "1467434110", "direction": "0", "dep_dt": "1467434179", "route_id": "Red", "dwell_time_sec": "69"}, {"arr_dt": "1467435407", "direction": "0", "dep_dt": "1467437951", "route_id": "Red", "dwell_time_sec": "2544"}, {"arr_dt": "1467452177", "direction": "0", "dep_dt": "1467452243", "route_id": "Red", "dwell_time_sec": "66"}, {"arr_dt": "1467452532", "direction": "0", "dep_dt": "1467452593", "route_id": "Red", "dwell_time_sec": "61"}, {"arr_dt": "1467452896", "direction": "0", "dep_dt": "1467452958", "route_id": "Red", "dwell_time_sec": "62"}, {"arr_dt": "1467453249", "direction": "0", "dep_dt": "1467453308", "route_id": "Red", "dwell_time_sec": "59"}, {"arr_dt": "1467453696", "direction": "0", "dep_dt": "1467453757", "route_id": "Red", "dwell_time_sec": "61"}, {"arr_dt": "1467454158", "direction": "0", "dep_dt": "1467454225", "route_id": "Red", "dwell_time_sec": "67"}, {"arr_dt": "1467454899", "direction": "0", "dep_dt": "1467454955", "route_id": "Red", "dwell_time_sec": "56"}, {"arr_dt": "1467455495", "direction": "0", "dep_dt": "1467455562", "route_id": "Red", "dwell_time_sec": "67"}, {"arr_dt": "1467455719", "direction": "0", "dep_dt": "1467455778", "route_id": "Red", "dwell_time_sec": "59"}, {"arr_dt": "1467456029", "direction": "0", "dep_dt": "1467456100", "route_id": "Red", "dwell_time_sec": "71"}, {"arr_dt": "1467456322", "direction": "0", "dep_dt": "1467456385", "route_id": "Red", "dwell_time_sec": "63"}, {"arr_dt": "1467456731", "direction": "0", "dep_dt": "1467456804", "route_id": "Red", "dwell_time_sec": "73"}, {"arr_dt": "1467457067", "direction": "0", "dep_dt": "1467457136", "route_id": "Red", "dwell_time_sec": "69"}, {"arr_dt": "1467457389", "direction": "0", "dep_dt": "1467457454", "route_id": "Red", "dwell_time_sec": "65"}, {"arr_dt": "1467457842", "direction": "0", "dep_dt": "1467457911", "route_id": "Red", "dwell_time_sec": "69"}, {"arr_dt": "1467458259", "direction": "0", "dep_dt": "1467458327", "route_id": "Red", "dwell_time_sec": "68"}, {"arr_dt": "1467458671", "direction": "0", "dep_dt": "1467458732", "route_id": "Red", "dwell_time_sec": "61"}, {"arr_dt": "1467458939", "direction": "0", "dep_dt": "1467458996", "route_id": "Red", "dwell_time_sec": "57"}, {"arr_dt": "1467459318", "direction": "0", "dep_dt": "1467459381", "route_id": "Red", "dwell_time_sec": "63"}, {"arr_dt": "1467459685", "direction": "0", "dep_dt": "1467459747", "route_id": "Red", "dwell_time_sec": "62"}, {"arr_dt": "1467460126", "direction": "0", "dep_dt": "1467460209", "route_id": "Red", "dwell_time_sec": "83"}, {"arr_dt": "1467460570", "direction": "0", "dep_dt": "1467460631", "route_id": "Red", "dwell_time_sec": "61"}, {"arr_dt": "1467460976", "direction": "0", "dep_dt": "1467461026", "route_id": "Red", "dwell_time_sec": "50"}, {"arr_dt": "1467461386", "direction": "0", "dep_dt": "1467461448", "route_id": "Red", "dwell_time_sec": "62"}, {"arr_dt": "1467461831", "direction": "0", "dep_dt": "1467461907", "route_id": "Red", "dwell_time_sec": "76"}, {"arr_dt": "1467462407", "direction": "0", "dep_dt": "1467462493", "route_id": "Red", "dwell_time_sec": "86"}, {"arr_dt": "1467462776", "direction": "0", "dep_dt": "1467462846", "route_id": "Red", "dwell_time_sec": "70"}, {"arr_dt": "1467463198", "direction": "0", "dep_dt": "1467463263", "route_id": "Red", "dwell_time_sec": "65"}, {"arr_dt": "1467463416", "direction": "0", "dep_dt": "1467463467", "route_id": "Red", "dwell_time_sec": "51"}, {"arr_dt": "1467463852", "direction": "0", "dep_dt": "1467463917", "route_id": "Red", "dwell_time_sec": "65"}, {"arr_dt": "1467464280", "direction": "0", "dep_dt": "1467464356", "route_id": "Red", "dwell_time_sec": "76"}, {"arr_dt": "1467464563", "direction": "0", "dep_dt": "1467464648", "route_id": "Red", "dwell_time_sec": "85"}, {"arr_dt": "1467465008", "direction": "0", "dep_dt": "1467465069", "route_id": "Red", "dwell_time_sec": "61"}, {"arr_dt": "1467465449", "direction": "0", "dep_dt": "1467465522", "route_id": "Red", "dwell_time_sec": "73"}, {"arr_dt": "1467465829", "direction": "0", "dep_dt": "1467465902", "route_id": "Red", "dwell_time_sec": "73"}, {"arr_dt": "1467466225", "direction": "0", "dep_dt": "1467466286", "route_id": "Red", "dwell_time_sec": "61"}, {"arr_dt": "1467466687", "direction": "0", "dep_dt": "1467466761", "route_id": "Red", "dwell_time_sec": "74"}, {"arr_dt": "1467467008", "direction": "0", "dep_dt": "1467467063", "route_id": "Red", "dwell_time_sec": "55"}, {"arr_dt": "1467467692", "direction": "0", "dep_dt": "1467467755", "route_id": "Red", "dwell_time_sec": "63"}, {"arr_dt": "1467467919", "direction": "0", "dep_dt": "1467467995", "route_id": "Red", "dwell_time_sec": "76"}, {"arr_dt": "1467468373", "direction": "0", "dep_dt": "1467468442", "route_id": "Red", "dwell_time_sec": "69"}, {"arr_dt": "1467468923", "direction": "0", "dep_dt": "1467468994", "route_id": "Red", "dwell_time_sec": "71"}, {"arr_dt": "1467469228", "direction": "0", "dep_dt": "1467469299", "route_id": "Red", "dwell_time_sec": "71"}, {"arr_dt": "1467469607", "direction": "0", "dep_dt": "1467469691", "route_id": "Red", "dwell_time_sec": "84"}, {"arr_dt": "1467470062", "direction": "0", "dep_dt": "1467470125", "route_id": "Red", "dwell_time_sec": "63"}, {"arr_dt": "1467470497", "direction": "0", "dep_dt": "1467470572", "route_id": "Red", "dwell_time_sec": "75"}, {"arr_dt": "1467470800", "direction": "0", "dep_dt": "1467470871", "route_id": "Red", "dwell_time_sec": "71"}, {"arr_dt": "1467471349", "direction": "0", "dep_dt": "1467471428", "route_id": "Red", "dwell_time_sec": "79"}, {"arr_dt": "1467471694", "direction": "0", "dep_dt": "1467471770", "route_id": "Red", "dwell_time_sec": "76"}, {"arr_dt": "1467472098", "direction": "0", "dep_dt": "1467472206", "route_id": "Red", "dwell_time_sec": "108"}, {"arr_dt": "1467472670", "direction": "0", "dep_dt": "1467472753", "route_id": "Red", "dwell_time_sec": "83"}, {"arr_dt": "1467473013", "direction": "0", "dep_dt": "1467473098", "route_id": "Red", "dwell_time_sec": "85"}, {"arr_dt": "1467473298", "direction": "0", "dep_dt": "1467473364", "route_id": "Red", "dwell_time_sec": "66"}, {"arr_dt": "1467473806", "direction": "0", "dep_dt": "1467473874", "route_id": "Red", "dwell_time_sec": "68"}, {"arr_dt": "1467474397", "direction": "0", "dep_dt": "1467474500", "route_id": "Red", "dwell_time_sec": "103"}, {"arr_dt": "1467474592", "direction": "0", "dep_dt": "1467474675", "route_id": "Red", "dwell_time_sec": "83"}, {"arr_dt": "1467474847", "direction": "0", "dep_dt": "1467474911", "route_id": "Red", "dwell_time_sec": "64"}, {"arr_dt": "1467475277", "direction": "0", "dep_dt": "1467475359", "route_id": "Red", "dwell_time_sec": "82"}, {"arr_dt": "1467475622", "direction": "0", "dep_dt": "1467475697", "route_id": "Red", "dwell_time_sec": "75"}, {"arr_dt": "1467476066", "direction": "0", "dep_dt": "1467476128", "route_id": "Red", "dwell_time_sec": "62"}, {"arr_dt": "1467476500", "direction": "0", "dep_dt": "1467476588", "route_id": "Red", "dwell_time_sec": "88"}, {"arr_dt": "1467477025", "direction": "0", "dep_dt": "1467477090", "route_id": "Red", "dwell_time_sec": "65"}, {"arr_dt": "1467477294", "direction": "0", "dep_dt": "1467477372", "route_id": "Red", "dwell_time_sec": "78"}, {"arr_dt": "1467477753", "direction": "0", "dep_dt": "1467477830", "route_id": "Red", "dwell_time_sec": "77"}, {"arr_dt": "1467478223", "direction": "0", "dep_dt": "1467478315", "route_id": "Red", "dwell_time_sec": "92"}, {"arr_dt": "1467478588", "direction": "0", "dep_dt": "1467478694", "route_id": "Red", "dwell_time_sec": "106"}, {"arr_dt": "1467478967", "direction": "0", "dep_dt": "1467479053", "route_id": "Red", "dwell_time_sec": "86"}, {"arr_dt": "1467479389", "direction": "0", "dep_dt": "1467479466", "route_id": "Red", "dwell_time_sec": "77"}, {"arr_dt": "1467480009", "direction": "0", "dep_dt": "1467480122", "route_id": "Red", "dwell_time_sec": "113"}, {"arr_dt": "1467480414", "direction": "0", "dep_dt": "1467480500", "route_id": "Red", "dwell_time_sec": "86"}, {"arr_dt": "1467480597", "direction": "0", "dep_dt": "1467480674", "route_id": "Red", "dwell_time_sec": "77"}, {"arr_dt": "1467480952", "direction": "0", "dep_dt": "1467481021", "route_id": "Red", "dwell_time_sec": "69"}, {"arr_dt": "1467481410", "direction": "0", "dep_dt": "1467481484", "route_id": "Red", "dwell_time_sec": "74"}, {"arr_dt": "1467481700", "direction": "0", "dep_dt": "1467481763", "route_id": "Red", "dwell_time_sec": "63"}, {"arr_dt": "1467482194", "direction": "0", "dep_dt": "1467482267", "route_id": "Red", "dwell_time_sec": "73"}, {"arr_dt": "1467482478", "direction": "0", "dep_dt": "1467482547", "route_id": "Red", "dwell_time_sec": "69"}, {"arr_dt": "1467482948", "direction": "0", "dep_dt": "1467483044", "route_id": "Red", "dwell_time_sec": "96"}, {"arr_dt": "1467483360", "direction": "0", "dep_dt": "1467483441", "route_id": "Red", "dwell_time_sec": "81"}, {"arr_dt": "1467483799", "direction": "0", "dep_dt": "1467483926", "route_id": "Red", "dwell_time_sec": "127"}, {"arr_dt": "1467484226", "direction": "0", "dep_dt": "1467484298", "route_id": "Red", "dwell_time_sec": "72"}, {"arr_dt": "1467484687", "direction": "0", "dep_dt": "1467484796", "route_id": "Red", "dwell_time_sec": "109"}, {"arr_dt": "1467485223", "direction": "0", "dep_dt": "1467485304", "route_id": "Red", "dwell_time_sec": "81"}, {"arr_dt": "1467485681", "direction": "0", "dep_dt": "1467485758", "route_id": "Red", "dwell_time_sec": "77"}, {"arr_dt": "1467485859", "direction": "0", "dep_dt": "1467485945", "route_id": "Red", "dwell_time_sec": "86"}, {"arr_dt": "1467486230", "direction": "0", "dep_dt": "1467486302", "route_id": "Red", "dwell_time_sec": "72"}, {"arr_dt": "1467486924", "direction": "0", "dep_dt": "1467487018", "route_id": "Red", "dwell_time_sec": "94"}, {"arr_dt": "1467487118", "direction": "0", "dep_dt": "1467487209", "route_id": "Red", "dwell_time_sec": "91"}, {"arr_dt": "1467487596", "direction": "0", "dep_dt": "1467487712", "route_id": "Red", "dwell_time_sec": "116"}, {"arr_dt": "1467487832", "direction": "0", "dep_dt": "1467487917", "route_id": "Red", "dwell_time_sec": "85"}, {"arr_dt": "1467488286", "direction": "0", "dep_dt": "1467488357", "route_id": "Red", "dwell_time_sec": "71"}, {"arr_dt": "1467488657", "direction": "0", "dep_dt": "1467488746", "route_id": "Red", "dwell_time_sec": "89"}, {"arr_dt": "1467489222", "direction": "0", "dep_dt": "1467489311", "route_id": "Red", "dwell_time_sec": "89"}, {"arr_dt": "1467489572", "direction": "0", "dep_dt": "1467489685", "route_id": "Red", "dwell_time_sec": "113"}, {"arr_dt": "1467489785", "direction": "0", "dep_dt": "1467489859", "route_id": "Red", "dwell_time_sec": "74"}, {"arr_dt": "1467490282", "direction": "0", "dep_dt": "1467490365", "route_id": "Red", "dwell_time_sec": "83"}, {"arr_dt": "1467490818", "direction": "0", "dep_dt": "1467490907", "route_id": "Red", "dwell_time_sec": "89"}, {"arr_dt": "1467491456", "direction": "0", "dep_dt": "1467491559", "route_id": "Red", "dwell_time_sec": "103"}, {"arr_dt": "1467491972", "direction": "0", "dep_dt": "1467492063", "route_id": "Red", "dwell_time_sec": "91"}, {"arr_dt": "1467492171", "direction": "0", "dep_dt": "1467492244", "route_id": "Red", "dwell_time_sec": "73"}, {"arr_dt": "1467492874", "direction": "0", "dep_dt": "1467492964", "route_id": "Red", "dwell_time_sec": "90"}, {"arr_dt": "1467493076", "direction": "0", "dep_dt": "1467493171", "route_id": "Red", "dwell_time_sec": "95"}, {"arr_dt": "1467493384", "direction": "0", "dep_dt": "1467493479", "route_id": "Red", "dwell_time_sec": "95"}, {"arr_dt": "1467493816", "direction": "0", "dep_dt": "1467493886", "route_id": "Red", "dwell_time_sec": "70"}, {"arr_dt": "1467493991", "direction": "0", "dep_dt": "1467494068", "route_id": "Red", "dwell_time_sec": "77"}, {"arr_dt": "1467494428", "direction": "0", "dep_dt": "1467494511", "route_id": "Red", "dwell_time_sec": "83"}, {"arr_dt": "1467494718", "direction": "0", "dep_dt": "1467494789", "route_id": "Red", "dwell_time_sec": "71"}, {"arr_dt": "1467495250", "direction": "0", "dep_dt": "1467495341", "route_id": "Red", "dwell_time_sec": "91"}, {"arr_dt": "1467495451", "direction": "0", "dep_dt": "1467495522", "route_id": "Red", "dwell_time_sec": "71"}, {"arr_dt": "1467496235", "direction": "0", "dep_dt": "1467496346", "route_id": "Red", "dwell_time_sec": "111"}, {"arr_dt": "1467496525", "direction": "0", "dep_dt": "1467496604", "route_id": "Red", "dwell_time_sec": "79"}, {"arr_dt": "1467497131", "direction": "0", "dep_dt": "1467497223", "route_id": "Red", "dwell_time_sec": "92"}, {"arr_dt": "1467497363", "direction": "0", "dep_dt": "1467497435", "route_id": "Red", "dwell_time_sec": "72"}, {"arr_dt": "1467497545", "direction": "0", "dep_dt": "1467497625", "route_id": "Red", "dwell_time_sec": "80"}, {"arr_dt": "1467497987", "direction": "0", "dep_dt": "1467498063", "route_id": "Red", "dwell_time_sec": "76"}, {"arr_dt": "1467498428", "direction": "0", "dep_dt": "1467498505", "route_id": "Red", "dwell_time_sec": "77"}, {"arr_dt": "1467498862", "direction": "0", "dep_dt": "1467499037", "route_id": "Red", "dwell_time_sec": "175"}, {"arr_dt": "1467499168", "direction": "0", "dep_dt": "1467499237", "route_id": "Red", "dwell_time_sec": "69"}, {"arr_dt": "1467499644", "direction": "0", "dep_dt": "1467499730", "route_id": "Red", "dwell_time_sec": "86"}, {"arr_dt": "1467499980", "direction": "0", "dep_dt": "1467500080", "route_id": "Red", "dwell_time_sec": "100"}, {"arr_dt": "1467500437", "direction": "0", "dep_dt": "1467500522", "route_id": "Red", "dwell_time_sec": "85"}, {"arr_dt": "1467500851", "direction": "0", "dep_dt": "1467500959", "route_id": "Red", "dwell_time_sec": "108"}, {"arr_dt": "1467501424", "direction": "0", "dep_dt": "1467501516", "route_id": "Red", "dwell_time_sec": "92"}, {"arr_dt": "1467502007", "direction": "0", "dep_dt": "1467502090", "route_id": "Red", "dwell_time_sec": "83"}, {"arr_dt": "1467502402", "direction": "0", "dep_dt": "1467502487", "route_id": "Red", "dwell_time_sec": "85"}, {"arr_dt": "1467502972", "direction": "0", "dep_dt": "1467503052", "route_id": "Red", "dwell_time_sec": "80"}, {"arr_dt": "1467503156", "direction": "0", "dep_dt": "1467503230", "route_id": "Red", "dwell_time_sec": "74"}, {"arr_dt": "1467503476", "direction": "0", "dep_dt": "1467503543", "route_id": "Red", "dwell_time_sec": "67"}, {"arr_dt": "1467503939", "direction": "0", "dep_dt": "1467504018", "route_id": "Red", "dwell_time_sec": "79"}, {"arr_dt": "1467504120", "direction": "0", "dep_dt": "1467504197", "route_id": "Red", "dwell_time_sec": "77"}, {"arr_dt": "1467504382", "direction": "0", "dep_dt": "1467504446", "route_id": "Red", "dwell_time_sec": "64"}, {"arr_dt": "1467504748", "direction": "0", "dep_dt": "1467504813", "route_id": "Red", "dwell_time_sec": "65"}, {"arr_dt": "1467505328", "direction": "0", "dep_dt": "1467505434", "route_id": "Red", "dwell_time_sec": "106"}, {"arr_dt": "1467505731", "direction": "0", "dep_dt": "1467505803", "route_id": "Red", "dwell_time_sec": "72"}, {"arr_dt": "1467506069", "direction": "0", "dep_dt": "1467506139", "route_id": "Red", "dwell_time_sec": "70"}, {"arr_dt": "1467506660", "direction": "0", "dep_dt": "1467506729", "route_id": "Red", "dwell_time_sec": "69"}, {"arr_dt": "1467507020", "direction": "0", "dep_dt": "1467507096", "route_id": "Red", "dwell_time_sec": "76"}, {"arr_dt": "1467507393", "direction": "0", "dep_dt": "1467507457", "route_id": "Red", "dwell_time_sec": "64"}, {"arr_dt": "1467507761", "direction": "0", "dep_dt": "1467507843", "route_id": "Red", "dwell_time_sec": "82"}, {"arr_dt": "1467508243", "direction": "0", "dep_dt": "1467508314", "route_id": "Red", "dwell_time_sec": "71"}, {"arr_dt": "1467508646", "direction": "0", "dep_dt": "1467508734", "route_id": "Red", "dwell_time_sec": "88"}, {"arr_dt": "1467508939", "direction": "0", "dep_dt": "1467508997", "route_id": "Red", "dwell_time_sec": "58"}, {"arr_dt": "1467509333", "direction": "0", "dep_dt": "1467509412", "route_id": "Red", "dwell_time_sec": "79"}, {"arr_dt": "1467509696", "direction": "0", "dep_dt": "1467509770", "route_id": "Red", "dwell_time_sec": "74"}, {"arr_dt": "1467510196", "direction": "0", "dep_dt": "1467510287", "route_id": "Red", "dwell_time_sec": "91"}, {"arr_dt": "1467510651", "direction": "0", "dep_dt": "1467510719", "route_id": "Red", "dwell_time_sec": "68"}, {"arr_dt": "1467510846", "direction": "0", "dep_dt": "1467510904", "route_id": "Red", "dwell_time_sec": "58"}, {"arr_dt": "1467511479", "direction": "0", "dep_dt": "1467511548", "route_id": "Red", "dwell_time_sec": "69"}, {"arr_dt": "1467511692", "direction": "0", "dep_dt": "1467511754", "route_id": "Red", "dwell_time_sec": "62"}, {"arr_dt": "1467512204", "direction": "0", "dep_dt": "1467512265", "route_id": "Red", "dwell_time_sec": "61"}, {"arr_dt": "1467512755", "direction": "0", "dep_dt": "1467512873", "route_id": "Red", "dwell_time_sec": "118"}, {"arr_dt": "1467513038", "direction": "0", "dep_dt": "1467513099", "route_id": "Red", "dwell_time_sec": "61"}, {"arr_dt": "1467513347", "direction": "0", "dep_dt": "1467513414", "route_id": "Red", "dwell_time_sec": "67"}, {"arr_dt": "1467513801", "direction": "0", "dep_dt": "1467513870", "route_id": "Red", "dwell_time_sec": "69"}, {"arr_dt": "1467514104", "direction": "0", "dep_dt": "1467514193", "route_id": "Red", "dwell_time_sec": "89"}, {"arr_dt": "1467514731", "direction": "0", "dep_dt": "1467514800", "route_id": "Red", "dwell_time_sec": "69"}, {"arr_dt": "1467514918", "direction": "0", "dep_dt": "1467515027", "route_id": "Red", "dwell_time_sec": "109"}, {"arr_dt": "1467515486", "direction": "0", "dep_dt": "1467515550", "route_id": "Red", "dwell_time_sec": "64"}, {"arr_dt": "1467515927", "direction": "0", "dep_dt": "1467516012", "route_id": "Red", "dwell_time_sec": "85"}, {"arr_dt": "1467516204", "direction": "0", "dep_dt": "1467516278", "route_id": "Red", "dwell_time_sec": "74"}, {"arr_dt": "1467516600", "direction": "0", "dep_dt": "1467516708", "route_id": "Red", "dwell_time_sec": "108"}, {"arr_dt": "1467517070", "direction": "0", "dep_dt": "1467517128", "route_id": "Red", "dwell_time_sec": "58"}, {"arr_dt": "1467517431", "direction": "0", "dep_dt": "1467517496", "route_id": "Red", "dwell_time_sec": "65"}, {"arr_dt": "1467517882", "direction": "0", "dep_dt": "1467517946", "route_id": "Red", "dwell_time_sec": "64"}, {"arr_dt": "1467518165", "direction": "0", "dep_dt": "1467518226", "route_id": "Red", "dwell_time_sec": "61"}]}