{"dwell_times": [{"arr_dt": "1453957040", "direction": "0", "dep_dt": "1453957251", "route_id": "Red", "dwell_time_sec": "211"}, {"arr_dt": "1453957493", "direction": "0", "dep_dt": "1453957545", "route_id": "Red", "dwell_time_sec": "52"}, {"arr_dt": "1453957768", "direction": "0", "dep_dt": "1453957828", "route_id": "Red", "dwell_time_sec": "60"}, {"arr_dt": "1453958464", "direction": "0", "dep_dt": "1453958523", "route_id": "Red", "dwell_time_sec": "59"}, {"arr_dt": "1453958645", "direction": "0", "dep_dt": "1453958708", "route_id": "Red", "dwell_time_sec": "63"}, {"arr_dt": "1453959030", "direction": "0", "dep_dt": "1453959094", "route_id": "Red", "dwell_time_sec": "64"}, {"arr_dt": "1453959404", "direction": "0", "dep_dt": "1453959460", "route_id": "Red", "dwell_time_sec": "56"}, {"arr_dt": "1453960358", "direction": "0", "dep_dt": "1453961607", "route_id": "Red", "dwell_time_sec": "1249"}, {"arr_dt": "1453977472", "direction": "0", "dep_dt": "1453977547", "route_id": "Red", "dwell_time_sec": "75"}, {"arr_dt": "1453978552", "direction": "0", "dep_dt": "1453978642", "route_id": "Red", "dwell_time_sec": "90"}, {"arr_dt": "1453979334", "direction": "0", "dep_dt": "1453979384", "route_id": "Red", "dwell_time_sec": "50"}, {"arr_dt": "1453979807", "direction": "0", "dep_dt": "1453979869", "route_id": "Red", "dwell_time_sec": "62"}, {"arr_dt": "1453980266", "direction": "0", "dep_dt": "1453980321", "route_id": "Red", "dwell_time_sec": "55"}, {"arr_dt": "1453981055", "direction": "0", "dep_dt": "1453981127", "route_id": "Red", "dwell_time_sec": "72"}, {"arr_dt": "1453982198", "direction": "0", "dep_dt": "1453982286", "route_id": "Red", "dwell_time_sec": "88"}, {"arr_dt": "1453982582", "direction": "0", "dep_dt": "1453982662", "route_id": "Red", "dwell_time_sec": "80"}, {"arr_dt": "1453983055", "direction": "0", "dep_dt": "1453983139", "route_id": "Red", "dwell_time_sec": "84"}, {"arr_dt": "1453983508", "direction": "0", "dep_dt": "1453983591", "route_id": "Red", "dwell_time_sec": "83"}, {"arr_dt": "1453983699", "direction": "0", "dep_dt": "1453983789", "route_id": "Red", "dwell_time_sec": "90"}, {"arr_dt": "1453983938", "direction": "0", "dep_dt": "1453984012", "route_id": "Red", "dwell_time_sec": "74"}, {"arr_dt": "1453984398", "direction": "0", "dep_dt": "1453984497", "route_id": "Red", "dwell_time_sec": "99"}, {"arr_dt": "1453985327", "direction": "0", "dep_dt": "1453985467", "route_id": "Red", "dwell_time_sec": "140"}, {"arr_dt": "1453985570", "direction": "0", "dep_dt": "1453985663", "route_id": "Red", "dwell_time_sec": "93"}, {"arr_dt": "1453986064", "direction": "0", "dep_dt": "1453986162", "route_id": "Red", "dwell_time_sec": "98"}, {"arr_dt": "1453986271", "direction": "0", "dep_dt": "1453986355", "route_id": "Red", "dwell_time_sec": "84"}, {"arr_dt": "1453986465", "direction": "0", "dep_dt": "1453986578", "route_id": "Red", "dwell_time_sec": "113"}, {"arr_dt": "1453986666", "direction": "0", "dep_dt": "1453986771", "route_id": "Red", "dwell_time_sec": "105"}, {"arr_dt": "1453986891", "direction": "0", "dep_dt": "1453986982", "route_id": "Red", "dwell_time_sec": "91"}, {"arr_dt": "1453987089", "direction": "0", "dep_dt": "1453987173", "route_id": "Red", "dwell_time_sec": "84"}, {"arr_dt": "1453987272", "direction": "0", "dep_dt": "1453987363", "route_id": "Red", "dwell_time_sec": "91"}, {"arr_dt": "1453987462", "direction": "0", "dep_dt": "1453987546", "route_id": "Red", "dwell_time_sec": "84"}, {"arr_dt": "1453987690", "direction": "0", "dep_dt": "1453987820", "route_id": "Red", "dwell_time_sec": "130"}, {"arr_dt": "1453987906", "direction": "0", "dep_dt": "1453988013", "route_id": "Red", "dwell_time_sec": "107"}, {"arr_dt": "1453988130", "direction": "0", "dep_dt": "1453988224", "route_id": "Red", "dwell_time_sec": "94"}, {"arr_dt": "1453988347", "direction": "0", "dep_dt": "1453988462", "route_id": "Red", "dwell_time_sec": "115"}, {"arr_dt": "1453988567", "direction": "0", "dep_dt": "1453988670", "route_id": "Red", "dwell_time_sec": "103"}, {"arr_dt": "1453989039", "direction": "0", "dep_dt": "1453989165", "route_id": "Red", "dwell_time_sec": "126"}, {"arr_dt": "1453989526", "direction": "0", "dep_dt": "1453989673", "route_id": "Red", "dwell_time_sec": "147"}, {"arr_dt": "1453989761", "direction": "0", "dep_dt": "1453989870", "route_id": "Red", "dwell_time_sec": "109"}, {"arr_dt": "1453990044", "direction": "0", "dep_dt": "1453990148", "route_id": "Red", "dwell_time_sec": "104"}, {"arr_dt": "1453990246", "direction": "0", "dep_dt": "1453990347", "route_id": "Red", "dwell_time_sec": "101"}, {"arr_dt": "1453990441", "direction": "0", "dep_dt": "1453990528", "route_id": "Red", "dwell_time_sec": "87"}, {"arr_dt": "1453990651", "direction": "0", "dep_dt": "1453990763", "route_id": "Red", "dwell_time_sec": "112"}, {"arr_dt": "1453990838", "direction": "0", "dep_dt": "1453990916", "route_id": "Red", "dwell_time_sec": "78"}, {"arr_dt": "1453991063", "direction": "0", "dep_dt": "1453991160", "route_id": "Red", "dwell_time_sec": "97"}, {"arr_dt": "1453991247", "direction": "0", "dep_dt": "1453991330", "route_id": "Red", "dwell_time_sec": "83"}, {"arr_dt": "1453991431", "direction": "0", "dep_dt": "1453991516", "route_id": "Red", "dwell_time_sec": "85"}, {"arr_dt": "1453991617", "direction": "0", "dep_dt": "1453991699", "route_id": "Red", "dwell_time_sec": "82"}, {"arr_dt": "1453991807", "direction": "0", "dep_dt": "1453991880", "route_id": "Red", "dwell_time_sec": "73"}, {"arr_dt": "1453992132", "direction": "0", "dep_dt": "1453992213", "route_id": "Red", "dwell_time_sec": "81"}, {"arr_dt": "1453992433", "direction": "0", "dep_dt": "1453992509", "route_id": "Red", "dwell_time_sec": "76"}, {"arr_dt": "1453992702", "direction": "0", "dep_dt": "1453992796", "route_id": "Red", "dwell_time_sec": "94"}, {"arr_dt": "1453993183", "direction": "0", "dep_dt": "1453993292", "route_id": "Red", "dwell_time_sec": "109"}, {"arr_dt": "1453993397", "direction": "0", "dep_dt": "1453993475", "route_id": "Red", "dwell_time_sec": "78"}, {"arr_dt": "1453993600", "direction": "0", "dep_dt": "1453993765", "route_id": "Red", "dwell_time_sec": "165"}, {"arr_dt": "1453994120", "direction": "0", "dep_dt": "1453994198", "route_id": "Red", "dwell_time_sec": "78"}, {"arr_dt": "1453994325", "direction": "0", "dep_dt": "1453994423", "route_id": "Red", "dwell_time_sec": "98"}, {"arr_dt": "1453994566", "direction": "0", "dep_dt": "1453994685", "route_id": "Red", "dwell_time_sec": "119"}, {"arr_dt": "1453994767", "direction": "0", "dep_dt": "1453994846", "route_id": "Red", "dwell_time_sec": "79"}, {"arr_dt": "1453994983", "direction": "0", "dep_dt": "1453995056", "route_id": "Red", "dwell_time_sec": "73"}, {"arr_dt": "1453995148", "direction": "0", "dep_dt": "1453995229", "route_id": "Red", "dwell_time_sec": "81"}, {"arr_dt": "1453995354", "direction": "0", "dep_dt": "1453995442", "route_id": "Red", "dwell_time_sec": "88"}, {"arr_dt": "1453995733", "direction": "0", "dep_dt": "1453995816", "route_id": "Red", "dwell_time_sec": "83"}, {"arr_dt": "1453996120", "direction": "0", "dep_dt": "1453996205", "route_id": "Red", "dwell_time_sec": "85"}, {"arr_dt": "1453996468", "direction": "0", "dep_dt": "1453996543", "route_id": "Red", "dwell_time_sec": "75"}, {"arr_dt": "1453996779", "direction": "0", "dep_dt": "1453996840", "route_id": "Red", "dwell_time_sec": "61"}, {"arr_dt": "1453996945", "direction": "0", "dep_dt": "1453997005", "route_id": "Red", "dwell_time_sec": "60"}, {"arr_dt": "1453997181", "direction": "0", "dep_dt": "1453997242", "route_id": "Red", "dwell_time_sec": "61"}, {"arr_dt": "1453997692", "direction": "0", "dep_dt": "1453997764", "route_id": "Red", "dwell_time_sec": "72"}, {"arr_dt": "1453998045", "direction": "0", "dep_dt": "1453998116", "route_id": "Red", "dwell_time_sec": "71"}, {"arr_dt": "1453998402", "direction": "0", "dep_dt": "1453998478", "route_id": "Red", "dwell_time_sec": "76"}, {"arr_dt": "1453998998", "direction": "0", "dep_dt": "1453999065", "route_id": "Red", "dwell_time_sec": "67"}, {"arr_dt": "1453999518", "direction": "0", "dep_dt": "1453999579", "route_id": "Red", "dwell_time_sec": "61"}, {"arr_dt": "1454000077", "direction": "0", "dep_dt": "1454000177", "route_id": "Red", "dwell_time_sec": "100"}, {"arr_dt": "1454000272", "direction": "0", "dep_dt": "1454000349", "route_id": "Red", "dwell_time_sec": "77"}, {"arr_dt": "1454000541", "direction": "0", "dep_dt": "1454000608", "route_id": "Red", "dwell_time_sec": "67"}, {"arr_dt": "1454000905", "direction": "0", "dep_dt": "1454000976", "route_id": "Red", "dwell_time_sec": "71"}, {"arr_dt": "1454001347", "direction": "0", "dep_dt": "1454001457", "route_id": "Red", "dwell_time_sec": "110"}, {"arr_dt": "1454001764", "direction": "0", "dep_dt": "1454001826", "route_id": "Red", "dwell_time_sec": "62"}, {"arr_dt": "1454002188", "direction": "0", "dep_dt": "1454002242", "route_id": "Red", "dwell_time_sec": "54"}, {"arr_dt": "1454002499", "direction": "0", "dep_dt": "1454002579", "route_id": "Red", "dwell_time_sec": "80"}, {"arr_dt": "1454003174", "direction": "0", "dep_dt": "1454003245", "route_id": "Red", "dwell_time_sec": "71"}, {"arr_dt": "1454003357", "direction": "0", "dep_dt": "1454003432", "route_id": "Red", "dwell_time_sec": "75"}, {"arr_dt": "1454003875", "direction": "0", "dep_dt": "1454003944", "route_id": "Red", "dwell_time_sec": "69"}, {"arr_dt": "1454004186", "direction": "0", "dep_dt": "1454004236", "route_id": "Red", "dwell_time_sec": "50"}, {"arr_dt": "1454004713", "direction": "0", "dep_dt": "1454004802", "route_id": "Red", "dwell_time_sec": "89"}, {"arr_dt": "1454005043", "direction": "0", "dep_dt": "1454005116", "route_id": "Red", "dwell_time_sec": "73"}, {"arr_dt": "1454005614", "direction": "0", "dep_dt": "1454005698", "route_id": "Red", "dwell_time_sec": "84"}, {"arr_dt": "1454006023", "direction": "0", "dep_dt": "1454006093", "route_id": "Red", "dwell_time_sec": "70"}, {"arr_dt": "1454006326", "direction": "0", "dep_dt": "1454006395", "route_id": "Red", "dwell_time_sec": "69"}, {"arr_dt": "1454006836", "direction": "0", "dep_dt": "1454006917", "route_id": "Red", "dwell_time_sec": "81"}, {"arr_dt": "1454007270", "direction": "0", "dep_dt": "1454007361", "route_id": "Red", "dwell_time_sec": "91"}, {"arr_dt": "1454007672", "direction": "0", "dep_dt": "1454007740", "route_id": "Red", "dwell_time_sec": "68"}, {"arr_dt": "1454008067", "direction": "0", "dep_dt": "1454008137", "route_id": "Red", "dwell_time_sec": "70"}, {"arr_dt": "1454008421", "direction": "0", "dep_dt": "1454008485", "route_id": "Red", "dwell_time_sec": "64"}, {"arr_dt": "1454008965", "direction": "0", "dep_dt": "1454009066", "route_id": "Red", "dwell_time_sec": "101"}, {"arr_dt": "1454009416", "direction": "0", "dep_dt": "1454009505", "route_id": "Red", "dwell_time_sec": "89"}, {"arr_dt": "1454009624", "direction": "0", "dep_dt": "1454009699", "route_id": "Red", "dwell_time_sec": "75"}, {"arr_dt": "1454010079", "direction": "0", "dep_dt": "1454010181", "route_id": "Red", "dwell_time_sec": "102"}, {"arr_dt": "1454010398", "direction": "0", "dep_dt": "1454010489", "route_id": "Red", "dwell_time_sec": "91"}, {"arr_dt": "1454010815", "direction": "0", "dep_dt": "1454010881", "route_id": "Red", "dwell_time_sec": "66"}, {"arr_dt": "1454011256", "direction": "0", "dep_dt": "1454011363", "route_id": "Red", "dwell_time_sec": "107"}, {"arr_dt": "1454011802", "direction": "0", "dep_dt": "1454011889", "route_id": "Red", "dwell_time_sec": "87"}, {"arr_dt": "1454012275", "direction": "0", "dep_dt": "1454012373", "route_id": "Red", "dwell_time_sec": "98"}, {"arr_dt": "1454012725", "direction": "0", "dep_dt": "1454012813", "route_id": "Red", "dwell_time_sec": "88"}, {"arr_dt": "1454012915", "direction": "0", "dep_dt": "1454013022", "route_id": "Red", "dwell_time_sec": "107"}, {"arr_dt": "1454013406", "direction": "0", "dep_dt": "1454013496", "route_id": "Red", "dwell_time_sec": "90"}, {"arr_dt": "1454013768", "direction": "0", "dep_dt": "1454013868", "route_id": "Red", "dwell_time_sec": "100"}, {"arr_dt": "1454013994", "direction": "0", "dep_dt": "1454014085", "route_id": "Red", "dwell_time_sec": "91"}, {"arr_dt": "1454014400", "direction": "0", "dep_dt": "1454014512", "route_id": "Red", "dwell_time_sec": "112"}, {"arr_dt": "1454014628", "direction": "0", "dep_dt": "1454014734", "route_id": "Red", "dwell_time_sec": "106"}, {"arr_dt": "1454015044", "direction": "0", "dep_dt": "1454015127", "route_id": "Red", "dwell_time_sec": "83"}, {"arr_dt": "1454015614", "direction": "0", "dep_dt": "1454015748", "route_id": "Red", "dwell_time_sec": "134"}, {"arr_dt": "1454015842", "direction": "0", "dep_dt": "1454015944", "route_id": "Red", "dwell_time_sec": "102"}, {"arr_dt": "1454016120", "direction": "0", "dep_dt": "1454016261", "route_id": "Red", "dwell_time_sec": "141"}, {"arr_dt": "1454016361", "direction": "0", "dep_dt": "1454016489", "route_id": "Red", "dwell_time_sec": "128"}, {"arr_dt": "1454016558", "direction": "0", "dep_dt": "1454016682", "route_id": "Red", "dwell_time_sec": "124"}, {"arr_dt": "1454016775", "direction": "0", "dep_dt": "1454016855", "route_id": "Red", "dwell_time_sec": "80"}, {"arr_dt": "1454016964", "direction": "0", "dep_dt": "1454017046", "route_id": "Red", "dwell_time_sec": "82"}, {"arr_dt": "1454017321", "direction": "0", "dep_dt": "1454017413", "route_id": "Red", "dwell_time_sec": "92"}, {"arr_dt": "1454017515", "direction": "0", "dep_dt": "1454017604", "route_id": "Red", "dwell_time_sec": "89"}, {"arr_dt": "1454017812", "direction": "0", "dep_dt": "1454017902", "route_id": "Red", "dwell_time_sec": "90"}, {"arr_dt": "1454018006", "direction": "0", "dep_dt": "1454018090", "route_id": "Red", "dwell_time_sec": "84"}, {"arr_dt": "1454018350", "direction": "0", "dep_dt": "1454018441", "route_id": "Red", "dwell_time_sec": "91"}, {"arr_dt": "1454018554", "direction": "0", "dep_dt": "1454018652", "route_id": "Red", "dwell_time_sec": "98"}, {"arr_dt": "1454018764", "direction": "0", "dep_dt": "1454018879", "route_id": "Red", "dwell_time_sec": "115"}, {"arr_dt": "1454019051", "direction": "0", "dep_dt": "1454019156", "route_id": "Red", "dwell_time_sec": "105"}, {"arr_dt": "1454019257", "direction": "0", "dep_dt": "1454019385", "route_id": "Red", "dwell_time_sec": "128"}, {"arr_dt": "1454019505", "direction": "0", "dep_dt": "1454019619", "route_id": "Red", "dwell_time_sec": "114"}, {"arr_dt": "1454019729", "direction": "0", "dep_dt": "1454019865", "route_id": "Red", "dwell_time_sec": "136"}, {"arr_dt": "1454019972", "direction": "0", "dep_dt": "1454020088", "route_id": "Red", "dwell_time_sec": "116"}, {"arr_dt": "1454020192", "direction": "0", "dep_dt": "1454020297", "route_id": "Red", "dwell_time_sec": "105"}, {"arr_dt": "1454020408", "direction": "0", "dep_dt": "1454020518", "route_id": "Red", "dwell_time_sec": "110"}, {"arr_dt": "1454020673", "direction": "0", "dep_dt": "1454020771", "route_id": "Red", "dwell_time_sec": "98"}, {"arr_dt": "1454020877", "direction": "0", "dep_dt": "1454020972", "route_id": "Red", "dwell_time_sec": "95"}, {"arr_dt": "1454021119", "direction": "0", "dep_dt": "1454021201", "route_id": "Red", "dwell_time_sec": "82"}, {"arr_dt": "1454021480", "direction": "0", "dep_dt": "1454021574", "route_id": "Red", "dwell_time_sec": "94"}, {"arr_dt": "1454021722", "direction": "0", "dep_dt": "1454021824", "route_id": "Red", "dwell_time_sec": "102"}, {"arr_dt": "1454021919", "direction": "0", "dep_dt": "1454022280", "route_id": "Red", "dwell_time_sec": "361"}, {"arr_dt": "1454022382", "direction": "0", "dep_dt": "1454022481", "route_id": "Red", "dwell_time_sec": "99"}, {"arr_dt": "1454022612", "direction": "0", "dep_dt": "1454022713", "route_id": "Red", "dwell_time_sec": "101"}, {"arr_dt": "1454023329", "direction": "0", "dep_dt": "1454023474", "route_id": "Red", "dwell_time_sec": "145"}, {"arr_dt": "1454023574", "direction": "0", "dep_dt": "1454023676", "route_id": "Red", "dwell_time_sec": "102"}, {"arr_dt": "1454023851", "direction": "0", "dep_dt": "1454023977", "route_id": "Red", "dwell_time_sec": "126"}, {"arr_dt": "1454024070", "direction": "0", "dep_dt": "1454024165", "route_id": "Red", "dwell_time_sec": "95"}, {"arr_dt": "1454024317", "direction": "0", "dep_dt": "1454024397", "route_id": "Red", "dwell_time_sec": "80"}, {"arr_dt": "1454024517", "direction": "0", "dep_dt": "1454024595", "route_id": "Red", "dwell_time_sec": "78"}, {"arr_dt": "1454024701", "direction": "0", "dep_dt": "1454024773", "route_id": "Red", "dwell_time_sec": "72"}, {"arr_dt": "1454024873", "direction": "0", "dep_dt": "1454024954", "route_id": "Red", "dwell_time_sec": "81"}, {"arr_dt": "1454025062", "direction": "0", "dep_dt": "1454025140", "route_id": "Red", "dwell_time_sec": "78"}, {"arr_dt": "1454025290", "direction": "0", "dep_dt": "1454025366", "route_id": "Red", "dwell_time_sec": "76"}, {"arr_dt": "1454025478", "direction": "0", "dep_dt": "1454025558", "route_id": "Red", "dwell_time_sec": "80"}, {"arr_dt": "1454025661", "direction": "0", "dep_dt": "1454025744", "route_id": "Red", "dwell_time_sec": "83"}, {"arr_dt": "1454025830", "direction": "0", "dep_dt": "1454025915", "route_id": "Red", "dwell_time_sec": "85"}, {"arr_dt": "1454026011", "direction": "0", "dep_dt": "1454026094", "route_id": "Red", "dwell_time_sec": "83"}, {"arr_dt": "1454026192", "direction": "0", "dep_dt": "1454026272", "route_id": "Red", "dwell_time_sec": "80"}, {"arr_dt": "1454026375", "direction": "0", "dep_dt": "1454026472", "route_id": "Red", "dwell_time_sec": "97"}, {"arr_dt": "1454026644", "direction": "0", "dep_dt": "1454026727", "route_id": "Red", "dwell_time_sec": "83"}, {"arr_dt": "1454026831", "direction": "0", "dep_dt": "1454026908", "route_id": "Red", "dwell_time_sec": "77"}, {"arr_dt": "1454027227", "direction": "0", "dep_dt": "1454027304", "route_id": "Red", "dwell_time_sec": "77"}, {"arr_dt": "1454027421", "direction": "0", "dep_dt": "1454027508", "route_id": "Red", "dwell_time_sec": "87"}, {"arr_dt": "1454027620", "direction": "0", "dep_dt": "1454027686", "route_id": "Red", "dwell_time_sec": "66"}, {"arr_dt": "1454027827", "direction": "0", "dep_dt": "1454027907", "route_id": "Red", "dwell_time_sec": "80"}, {"arr_dt": "1454028156", "direction": "0", "dep_dt": "1454028227", "route_id": "Red", "dwell_time_sec": "71"}, {"arr_dt": "1454028341", "direction": "0", "dep_dt": "1454028421", "route_id": "Red", "dwell_time_sec": "80"}, {"arr_dt": "1454028542", "direction": "0", "dep_dt": "1454028608", "route_id": "Red", "dwell_time_sec": "66"}, {"arr_dt": "1454029121", "direction": "0", "dep_dt": "1454029226", "route_id": "Red", "dwell_time_sec": "105"}, {"arr_dt": "1454029458", "direction": "0", "dep_dt": "1454029533", "route_id": "Red", "dwell_time_sec": "75"}, {"arr_dt": "1454029798", "direction": "0", "dep_dt": "1454029880", "route_id": "Red", "dwell_time_sec": "82"}, {"arr_dt": "1454030480", "direction": "0", "dep_dt": "1454030563", "route_id": "Red", "dwell_time_sec": "83"}, {"arr_dt": "1454030706", "direction": "0", "dep_dt": "1454030769", "route_id": "Red", "dwell_time_sec": "63"}, {"arr_dt": "1454031046", "direction": "0", "dep_dt": "1454031109", "route_id": "Red", "dwell_time_sec": "63"}, {"arr_dt": "1454031322", "direction": "0", "dep_dt": "1454031392", "route_id": "Red", "dwell_time_sec": "70"}, {"arr_dt": "1454031511", "direction": "0", "dep_dt": "1454031586", "route_id": "Red", "dwell_time_sec": "75"}, {"arr_dt": "1454031764", "direction": "0", "dep_dt": "1454031849", "route_id": "Red", "dwell_time_sec": "85"}, {"arr_dt": "1454031961", "direction": "0", "dep_dt": "1454032021", "route_id": "Red", "dwell_time_sec": "60"}, {"arr_dt": "1454032282", "direction": "0", "dep_dt": "1454032349", "route_id": "Red", "dwell_time_sec": "67"}, {"arr_dt": "1454032779", "direction": "0", "dep_dt": "1454032851", "route_id": "Red", "dwell_time_sec": "72"}, {"arr_dt": "1454033007", "direction": "0", "dep_dt": "1454033074", "route_id": "Red", "dwell_time_sec": "67"}, {"arr_dt": "1454033457", "direction": "0", "dep_dt": "1454033544", "route_id": "Red", "dwell_time_sec": "87"}, {"arr_dt": "1454033637", "direction": "0", "dep_dt": "1454033713", "route_id": "Red", "dwell_time_sec": "76"}, {"arr_dt": "1454034022", "direction": "0", "dep_dt": "1454034094", "route_id": "Red", "dwell_time_sec": "72"}, {"arr_dt": "1454034536", "direction": "0", "dep_dt": "1454034611", "route_id": "Red", "dwell_time_sec": "75"}, {"arr_dt": "1454034779", "direction": "0", "dep_dt": "1454034859", "route_id": "Red", "dwell_time_sec": "80"}, {"arr_dt": "1454035442", "direction": "0", "dep_dt": "1454035530", "route_id": "Red", "dwell_time_sec": "88"}, {"arr_dt": "1454035771", "direction": "0", "dep_dt": "1454035836", "route_id": "Red", "dwell_time_sec": "65"}, {"arr_dt": "1454036108", "direction": "0", "dep_dt": "1454036176", "route_id": "Red", "dwell_time_sec": "68"}, {"arr_dt": "1454036441", "direction": "0", "dep_dt": "1454036514", "route_id": "Red", "dwell_time_sec": "73"}, {"arr_dt": "1454036615", "direction": "0", "dep_dt": "1454036683", "route_id": "Red", "dwell_time_sec": "68"}, {"arr_dt": "1454036822", "direction": "0", "dep_dt": "1454036893", "route_id": "Red", "dwell_time_sec": "71"}, {"arr_dt": "1454037155", "direction": "0", "dep_dt": "1454037218", "route_id": "Red", "dwell_time_sec": "63"}, {"arr_dt": "1454037608", "direction": "0", "dep_dt": "1454037672", "route_id": "Red", "dwell_time_sec": "64"}, {"arr_dt": "1454038003", "direction": "0", "dep_dt": "1454038097", "route_id": "Red", "dwell_time_sec": "94"}, {"arr_dt": "1454038210", "direction": "0", "dep_dt": "1454038280", "route_id": "Red", "dwell_time_sec": "70"}, {"arr_dt": "1454038688", "direction": "0", "dep_dt": "1454038790", "route_id": "Red", "dwell_time_sec": "102"}, {"arr_dt": "1454039332", "direction": "0", "dep_dt": "1454039427", "route_id": "Red", "dwell_time_sec": "95"}, {"arr_dt": "1454039521", "direction": "0", "dep_dt": "1454039605", "route_id": "Red", "dwell_time_sec": "84"}, {"arr_dt": "1454039808", "direction": "0", "dep_dt": "1454039870", "route_id": "Red", "dwell_time_sec": "62"}, {"arr_dt": "1454040181", "direction": "0", "dep_dt": "1454040247", "route_id": "Red", "dwell_time_sec": "66"}, {"arr_dt": "1454040555", "direction": "0", "dep_dt": "1454040623", "route_id": "Red", "dwell_time_sec": "68"}, {"arr_dt": "1454040979", "direction": "0", "dep_dt": "1454041075", "route_id": "Red", "dwell_time_sec": "96"}, {"arr_dt": "1454041192", "direction": "0", "dep_dt": "1454041278", "route_id": "Red", "dwell_time_sec": "86"}, {"arr_dt": "1454041603", "direction": "0", "dep_dt": "1454041673", "route_id": "Red", "dwell_time_sec": "70"}, {"arr_dt": "1454041916", "direction": "0", "dep_dt": "1454041982", "route_id": "Red", "dwell_time_sec": "66"}, {"arr_dt": "1454042130", "direction": "0", "dep_dt": "1454042189", "route_id": "Red", "dwell_time_sec": "59"}, {"arr_dt": "1454042851", "direction": "0", "dep_dt": "1454042914", "route_id": "Red", "dwell_time_sec": "63"}, {"arr_dt": "1454043159", "direction": "0", "dep_dt": "1454043226", "route_id": "Red", "dwell_time_sec": "67"}, {"arr_dt": "1454043332", "direction": "0", "dep_dt": "1454043410", "route_id": "Red", "dwell_time_sec": "78"}]}