{"dwell_times": [{"arr_dt": "1454735040", "direction": "0", "dep_dt": "1454735109", "route_id": "Red", "dwell_time_sec": "69"}, {"arr_dt": "1454735603", "direction": "0", "dep_dt": "1454735673", "route_id": "Red", "dwell_time_sec": "70"}, {"arr_dt": "1454735881", "direction": "0", "dep_dt": "1454735982", "route_id": "Red", "dwell_time_sec": "101"}, {"arr_dt": "1454736236", "direction": "0", "dep_dt": "1454736295", "route_id": "Red", "dwell_time_sec": "59"}, {"arr_dt": "1454736856", "direction": "0", "dep_dt": "1454736919", "route_id": "Red", "dwell_time_sec": "63"}, {"arr_dt": "1454737376", "direction": "0", "dep_dt": "1454737457", "route_id": "Red", "dwell_time_sec": "81"}, {"arr_dt": "1454737647", "direction": "0", "dep_dt": "1454737718", "route_id": "Red", "dwell_time_sec": "71"}, {"arr_dt": "1454738163", "direction": "0", "dep_dt": "1454738238", "route_id": "Red", "dwell_time_sec": "75"}, {"arr_dt": "1454738586", "direction": "0", "dep_dt": "1454738648", "route_id": "Red", "dwell_time_sec": "62"}, {"arr_dt": "1454739196", "direction": "0", "dep_dt": "1454739288", "route_id": "Red", "dwell_time_sec": "92"}, {"arr_dt": "1454740028", "direction": "0", "dep_dt": "1454740115", "route_id": "Red", "dwell_time_sec": "87"}, {"arr_dt": "1454741127", "direction": "0", "dep_dt": "1454741192", "route_id": "Red", "dwell_time_sec": "65"}, {"arr_dt": "1454741394", "direction": "0", "dep_dt": "1454741458", "route_id": "Red", "dwell_time_sec": "64"}, {"arr_dt": "1454742683", "direction": "0", "dep_dt": "1454742752", "route_id": "Red", "dwell_time_sec": "69"}, {"arr_dt": "1454743341", "direction": "0", "dep_dt": "1454745504", "route_id": "Red", "dwell_time_sec": "2163"}, {"arr_dt": "1454755535", "direction": "0", "dep_dt": "1454755582", "route_id": "Red", "dwell_time_sec": "47"}, {"arr_dt": "1454755735", "direction": "0", "dep_dt": "1454755791", "route_id": "Red", "dwell_time_sec": "56"}, {"arr_dt": "1454756191", "direction": "0", "dep_dt": "1454756257", "route_id": "Red", "dwell_time_sec": "66"}, {"arr_dt": "1454756466", "direction": "0", "dep_dt": "1454756532", "route_id": "Red", "dwell_time_sec": "66"}, {"arr_dt": "1454756906", "direction": "0", "dep_dt": "1454756978", "route_id": "Red", "dwell_time_sec": "72"}, {"arr_dt": "1454757308", "direction": "0", "dep_dt": "1454757365", "route_id": "Red", "dwell_time_sec": "57"}, {"arr_dt": "1454757785", "direction": "0", "dep_dt": "1454757841", "route_id": "Red", "dwell_time_sec": "56"}, {"arr_dt": "1454758235", "direction": "0", "dep_dt": "1454758304", "route_id": "Red", "dwell_time_sec": "69"}, {"arr_dt": "1454758595", "direction": "0", "dep_dt": "1454758654", "route_id": "Red", "dwell_time_sec": "59"}, {"arr_dt": "1454759093", "direction": "0", "dep_dt": "1454759156", "route_id": "Red", "dwell_time_sec": "63"}, {"arr_dt": "1454759664", "direction": "0", "dep_dt": "1454759717", "route_id": "Red", "dwell_time_sec": "53"}, {"arr_dt": "1454759844", "direction": "0", "dep_dt": "1454759906", "route_id": "Red", "dwell_time_sec": "62"}, {"arr_dt": "1454760572", "direction": "0", "dep_dt": "1454760637", "route_id": "Red", "dwell_time_sec": "65"}, {"arr_dt": "1454760741", "direction": "0", "dep_dt": "1454760814", "route_id": "Red", "dwell_time_sec": "73"}, {"arr_dt": "1454761116", "direction": "0", "dep_dt": "1454761181", "route_id": "Red", "dwell_time_sec": "65"}, {"arr_dt": "1454761554", "direction": "0", "dep_dt": "1454761611", "route_id": "Red", "dwell_time_sec": "57"}, {"arr_dt": "1454761853", "direction": "0", "dep_dt": "1454761903", "route_id": "Red", "dwell_time_sec": "50"}, {"arr_dt": "1454762379", "direction": "0", "dep_dt": "1454762469", "route_id": "Red", "dwell_time_sec": "90"}, {"arr_dt": "1454762808", "direction": "0", "dep_dt": "1454762897", "route_id": "Red", "dwell_time_sec": "89"}, {"arr_dt": "1454763245", "direction": "0", "dep_dt": "1454763306", "route_id": "Red", "dwell_time_sec": "61"}, {"arr_dt": "1454763702", "direction": "0", "dep_dt": "1454763769", "route_id": "Red", "dwell_time_sec": "67"}, {"arr_dt": "1454764048", "direction": "0", "dep_dt": "1454764120", "route_id": "Red", "dwell_time_sec": "72"}, {"arr_dt": "1454764493", "direction": "0", "dep_dt": "1454764569", "route_id": "Red", "dwell_time_sec": "76"}, {"arr_dt": "1454764859", "direction": "0", "dep_dt": "1454764915", "route_id": "Red", "dwell_time_sec": "56"}, {"arr_dt": "1454765446", "direction": "0", "dep_dt": "1454765546", "route_id": "Red", "dwell_time_sec": "100"}, {"arr_dt": "1454765724", "direction": "0", "dep_dt": "1454765786", "route_id": "Red", "dwell_time_sec": "62"}, {"arr_dt": "1454766247", "direction": "0", "dep_dt": "1454766354", "route_id": "Red", "dwell_time_sec": "107"}, {"arr_dt": "1454766702", "direction": "0", "dep_dt": "1454766772", "route_id": "Red", "dwell_time_sec": "70"}, {"arr_dt": "1454767185", "direction": "0", "dep_dt": "1454767258", "route_id": "Red", "dwell_time_sec": "73"}, {"arr_dt": "1454767483", "direction": "0", "dep_dt": "1454767541", "route_id": "Red", "dwell_time_sec": "58"}, {"arr_dt": "1454767793", "direction": "0", "dep_dt": "1454767865", "route_id": "Red", "dwell_time_sec": "72"}, {"arr_dt": "1454768268", "direction": "0", "dep_dt": "1454768365", "route_id": "Red", "dwell_time_sec": "97"}, {"arr_dt": "1454768713", "direction": "0", "dep_dt": "1454768783", "route_id": "Red", "dwell_time_sec": "70"}, {"arr_dt": "1454769007", "direction": "0", "dep_dt": "1454769062", "route_id": "Red", "dwell_time_sec": "55"}, {"arr_dt": "1454769513", "direction": "0", "dep_dt": "1454769585", "route_id": "Red", "dwell_time_sec": "72"}, {"arr_dt": "1454770006", "direction": "0", "dep_dt": "1454770089", "route_id": "Red", "dwell_time_sec": "83"}, {"arr_dt": "1454770406", "direction": "0", "dep_dt": "1454770531", "route_id": "Red", "dwell_time_sec": "125"}, {"arr_dt": "1454770840", "direction": "0", "dep_dt": "1454770902", "route_id": "Red", "dwell_time_sec": "62"}, {"arr_dt": "1454771258", "direction": "0", "dep_dt": "1454771323", "route_id": "Red", "dwell_time_sec": "65"}, {"arr_dt": "1454771603", "direction": "0", "dep_dt": "1454771687", "route_id": "Red", "dwell_time_sec": "84"}, {"arr_dt": "1454772031", "direction": "0", "dep_dt": "1454772105", "route_id": "Red", "dwell_time_sec": "74"}, {"arr_dt": "1454772466", "direction": "0", "dep_dt": "1454772554", "route_id": "Red", "dwell_time_sec": "88"}, {"arr_dt": "1454773100", "direction": "0", "dep_dt": "1454773174", "route_id": "Red", "dwell_time_sec": "74"}, {"arr_dt": "1454773319", "direction": "0", "dep_dt": "1454773385", "route_id": "Red", "dwell_time_sec": "66"}, {"arr_dt": "1454773878", "direction": "0", "dep_dt": "1454773967", "route_id": "Red", "dwell_time_sec": "89"}, {"arr_dt": "1454774230", "direction": "0", "dep_dt": "1454774295", "route_id": "Red", "dwell_time_sec": "65"}, {"arr_dt": "1454774578", "direction": "0", "dep_dt": "1454774657", "route_id": "Red", "dwell_time_sec": "79"}, {"arr_dt": "1454774947", "direction": "0", "dep_dt": "1454775006", "route_id": "Red", "dwell_time_sec": "59"}, {"arr_dt": "1454775343", "direction": "0", "dep_dt": "1454775414", "route_id": "Red", "dwell_time_sec": "71"}, {"arr_dt": "1454775918", "direction": "0", "dep_dt": "1454775998", "route_id": "Red", "dwell_time_sec": "80"}, {"arr_dt": "1454776333", "direction": "0", "dep_dt": "1454776414", "route_id": "Red", "dwell_time_sec": "81"}, {"arr_dt": "1454776910", "direction": "0", "dep_dt": "1454777007", "route_id": "Red", "dwell_time_sec": "97"}, {"arr_dt": "1454777323", "direction": "0", "dep_dt": "1454777399", "route_id": "Red", "dwell_time_sec": "76"}, {"arr_dt": "1454777501", "direction": "0", "dep_dt": "1454777588", "route_id": "Red", "dwell_time_sec": "87"}, {"arr_dt": "1454777976", "direction": "0", "dep_dt": "1454778094", "route_id": "Red", "dwell_time_sec": "118"}, {"arr_dt": "1454778317", "direction": "0", "dep_dt": "1454778405", "route_id": "Red", "dwell_time_sec": "88"}, {"arr_dt": "1454778965", "direction": "0", "dep_dt": "1454779039", "route_id": "Red", "dwell_time_sec": "74"}, {"arr_dt": "1454779373", "direction": "0", "dep_dt": "1454779437", "route_id": "Red", "dwell_time_sec": "64"}, {"arr_dt": "1454779945", "direction": "0", "dep_dt": "1454780022", "route_id": "Red", "dwell_time_sec": "77"}, {"arr_dt": "1454780354", "direction": "0", "dep_dt": "1454780435", "route_id": "Red", "dwell_time_sec": "81"}, {"arr_dt": "1454780893", "direction": "0", "dep_dt": "1454780974", "route_id": "Red", "dwell_time_sec": "81"}, {"arr_dt": "1454781085", "direction": "0", "dep_dt": "1454781175", "route_id": "Red", "dwell_time_sec": "90"}, {"arr_dt": "1454781527", "direction": "0", "dep_dt": "1454781635", "route_id": "Red", "dwell_time_sec": "108"}, {"arr_dt": "1454781886", "direction": "0", "dep_dt": "1454781967", "route_id": "Red", "dwell_time_sec": "81"}, {"arr_dt": "1454782338", "direction": "0", "dep_dt": "1454782422", "route_id": "Red", "dwell_time_sec": "84"}, {"arr_dt": "1454782683", "direction": "0", "dep_dt": "1454782764", "route_id": "Red", "dwell_time_sec": "81"}, {"arr_dt": "1454783172", "direction": "0", "dep_dt": "1454783263", "route_id": "Red", "dwell_time_sec": "91"}, {"arr_dt": "1454783498", "direction": "0", "dep_dt": "1454783564", "route_id": "Red", "dwell_time_sec": "66"}, {"arr_dt": "1454784186", "direction": "0", "dep_dt": "1454784287", "route_id": "Red", "dwell_time_sec": "101"}, {"arr_dt": "1454784407", "direction": "0", "dep_dt": "1454784486", "route_id": "Red", "dwell_time_sec": "79"}, {"arr_dt": "1454784755", "direction": "0", "dep_dt": "1454784826", "route_id": "Red", "dwell_time_sec": "71"}, {"arr_dt": "1454785091", "direction": "0", "dep_dt": "1454785175", "route_id": "Red", "dwell_time_sec": "84"}, {"arr_dt": "1454785623", "direction": "0", "dep_dt": "1454785702", "route_id": "Red", "dwell_time_sec": "79"}, {"arr_dt": "1454785973", "direction": "0", "dep_dt": "1454786058", "route_id": "Red", "dwell_time_sec": "85"}, {"arr_dt": "1454786786", "direction": "0", "dep_dt": "1454786880", "route_id": "Red", "dwell_time_sec": "94"}, {"arr_dt": "1454787011", "direction": "0", "dep_dt": "1454787135", "route_id": "Red", "dwell_time_sec": "124"}, {"arr_dt": "1454787607", "direction": "0", "dep_dt": "1454787702", "route_id": "Red", "dwell_time_sec": "95"}, {"arr_dt": "1454787899", "direction": "0", "dep_dt": "1454787975", "route_id": "Red", "dwell_time_sec": "76"}, {"arr_dt": "1454788268", "direction": "0", "dep_dt": "1454788337", "route_id": "Red", "dwell_time_sec": "69"}, {"arr_dt": "1454788649", "direction": "0", "dep_dt": "1454788738", "route_id": "Red", "dwell_time_sec": "89"}, {"arr_dt": "1454789186", "direction": "0", "dep_dt": "1454789268", "route_id": "Red", "dwell_time_sec": "82"}, {"arr_dt": "1454789390", "direction": "0", "dep_dt": "1454789453", "route_id": "Red", "dwell_time_sec": "63"}, {"arr_dt": "1454789788", "direction": "0", "dep_dt": "1454789872", "route_id": "Red", "dwell_time_sec": "84"}, {"arr_dt": "1454790879", "direction": "0", "dep_dt": "1454790986", "route_id": "Red", "dwell_time_sec": "107"}, {"arr_dt": "1454791076", "direction": "0", "dep_dt": "1454791152", "route_id": "Red", "dwell_time_sec": "76"}, {"arr_dt": "1454791469", "direction": "0", "dep_dt": "1454791568", "route_id": "Red", "dwell_time_sec": "99"}, {"arr_dt": "1454792052", "direction": "0", "dep_dt": "1454792139", "route_id": "Red", "dwell_time_sec": "87"}, {"arr_dt": "1454792474", "direction": "0", "dep_dt": "1454792547", "route_id": "Red", "dwell_time_sec": "73"}, {"arr_dt": "1454792778", "direction": "0", "dep_dt": "1454792847", "route_id": "Red", "dwell_time_sec": "69"}, {"arr_dt": "1454793637", "direction": "0", "dep_dt": "1454793734", "route_id": "Red", "dwell_time_sec": "97"}, {"arr_dt": "1454793834", "direction": "0", "dep_dt": "1454793956", "route_id": "Red", "dwell_time_sec": "122"}, {"arr_dt": "1454794383", "direction": "0", "dep_dt": "1454794471", "route_id": "Red", "dwell_time_sec": "88"}, {"arr_dt": "1454794562", "direction": "0", "dep_dt": "1454794655", "route_id": "Red", "dwell_time_sec": "93"}, {"arr_dt": "1454795106", "direction": "0", "dep_dt": "1454795191", "route_id": "Red", "dwell_time_sec": "85"}, {"arr_dt": "1454795406", "direction": "0", "dep_dt": "1454795474", "route_id": "Red", "dwell_time_sec": "68"}, {"arr_dt": "1454796113", "direction": "0", "dep_dt": "1454796207", "route_id": "Red", "dwell_time_sec": "94"}, {"arr_dt": "1454796357", "direction": "0", "dep_dt": "1454796450", "route_id": "Red", "dwell_time_sec": "93"}, {"arr_dt": "1454796561", "direction": "0", "dep_dt": "1454796626", "route_id": "Red", "dwell_time_sec": "65"}, {"arr_dt": "1454796949", "direction": "0", "dep_dt": "1454797040", "route_id": "Red", "dwell_time_sec": "91"}, {"arr_dt": "1454797424", "direction": "0", "dep_dt": "1454797522", "route_id": "Red", "dwell_time_sec": "98"}, {"arr_dt": "1454797877", "direction": "0", "dep_dt": "1454797976", "route_id": "Red", "dwell_time_sec": "99"}, {"arr_dt": "1454798088", "direction": "0", "dep_dt": "1454798177", "route_id": "Red", "dwell_time_sec": "89"}, {"arr_dt": "1454798593", "direction": "0", "dep_dt": "1454798667", "route_id": "Red", "dwell_time_sec": "74"}, {"arr_dt": "1454798889", "direction": "0", "dep_dt": "1454799020", "route_id": "Red", "dwell_time_sec": "131"}, {"arr_dt": "1454799573", "direction": "0", "dep_dt": "1454799668", "route_id": "Red", "dwell_time_sec": "95"}, {"arr_dt": "1454800184", "direction": "0", "dep_dt": "1454800273", "route_id": "Red", "dwell_time_sec": "89"}, {"arr_dt": "1454800362", "direction": "0", "dep_dt": "1454800448", "route_id": "Red", "dwell_time_sec": "86"}, {"arr_dt": "1454801541", "direction": "0", "dep_dt": "1454801641", "route_id": "Red", "dwell_time_sec": "100"}, {"arr_dt": "1454801738", "direction": "0", "dep_dt": "1454801822", "route_id": "Red", "dwell_time_sec": "84"}, {"arr_dt": "1454801937", "direction": "0", "dep_dt": "1454802026", "route_id": "Red", "dwell_time_sec": "89"}, {"arr_dt": "1454802291", "direction": "0", "dep_dt": "1454802357", "route_id": "Red", "dwell_time_sec": "66"}, {"arr_dt": "1454802611", "direction": "0", "dep_dt": "1454802692", "route_id": "Red", "dwell_time_sec": "81"}, {"arr_dt": "1454803015", "direction": "0", "dep_dt": "1454803084", "route_id": "Red", "dwell_time_sec": "69"}, {"arr_dt": "1454803597", "direction": "0", "dep_dt": "1454803681", "route_id": "Red", "dwell_time_sec": "84"}, {"arr_dt": "1454803997", "direction": "0", "dep_dt": "1454804083", "route_id": "Red", "dwell_time_sec": "86"}, {"arr_dt": "1454804261", "direction": "0", "dep_dt": "1454804324", "route_id": "Red", "dwell_time_sec": "63"}, {"arr_dt": "1454804590", "direction": "0", "dep_dt": "1454804657", "route_id": "Red", "dwell_time_sec": "67"}, {"arr_dt": "1454804813", "direction": "0", "dep_dt": "1454804877", "route_id": "Red", "dwell_time_sec": "64"}, {"arr_dt": "1454805337", "direction": "0", "dep_dt": "1454805408", "route_id": "Red", "dwell_time_sec": "71"}, {"arr_dt": "1454805564", "direction": "0", "dep_dt": "1454805627", "route_id": "Red", "dwell_time_sec": "63"}, {"arr_dt": "1454806114", "direction": "0", "dep_dt": "1454806223", "route_id": "Red", "dwell_time_sec": "109"}, {"arr_dt": "1454806811", "direction": "0", "dep_dt": "1454806897", "route_id": "Red", "dwell_time_sec": "86"}, {"arr_dt": "1454807220", "direction": "0", "dep_dt": "1454807287", "route_id": "Red", "dwell_time_sec": "67"}, {"arr_dt": "1454807452", "direction": "0", "dep_dt": "1454807539", "route_id": "Red", "dwell_time_sec": "87"}, {"arr_dt": "1454808027", "direction": "0", "dep_dt": "1454808117", "route_id": "Red", "dwell_time_sec": "90"}, {"arr_dt": "1454808534", "direction": "0", "dep_dt": "1454808605", "route_id": "Red", "dwell_time_sec": "71"}, {"arr_dt": "1454808946", "direction": "0", "dep_dt": "1454809008", "route_id": "Red", "dwell_time_sec": "62"}, {"arr_dt": "1454809210", "direction": "0", "dep_dt": "1454809297", "route_id": "Red", "dwell_time_sec": "87"}, {"arr_dt": "1454809459", "direction": "0", "dep_dt": "1454809535", "route_id": "Red", "dwell_time_sec": "76"}, {"arr_dt": "1454809849", "direction": "0", "dep_dt": "1454809914", "route_id": "Red", "dwell_time_sec": "65"}, {"arr_dt": "1454810231", "direction": "0", "dep_dt": "1454810296", "route_id": "Red", "dwell_time_sec": "65"}, {"arr_dt": "1454810695", "direction": "0", "dep_dt": "1454810778", "route_id": "Red", "dwell_time_sec": "83"}, {"arr_dt": "1454811146", "direction": "0", "dep_dt": "1454811208", "route_id": "Red", "dwell_time_sec": "62"}, {"arr_dt": "1454811628", "direction": "0", "dep_dt": "1454811735", "route_id": "Red", "dwell_time_sec": "107"}, {"arr_dt": "1454812158", "direction": "0", "dep_dt": "1454812236", "route_id": "Red", "dwell_time_sec": "78"}, {"arr_dt": "1454812355", "direction": "0", "dep_dt": "1454812417", "route_id": "Red", "dwell_time_sec": "62"}, {"arr_dt": "1454812887", "direction": "0", "dep_dt": "1454812950", "route_id": "Red", "dwell_time_sec": "63"}, {"arr_dt": "1454813168", "direction": "0", "dep_dt": "1454813234", "route_id": "Red", "dwell_time_sec": "66"}, {"arr_dt": "1454813627", "direction": "0", "dep_dt": "1454813718", "route_id": "Red", "dwell_time_sec": "91"}, {"arr_dt": "1454814103", "direction": "0", "dep_dt": "1454814189", "route_id": "Red", "dwell_time_sec": "86"}, {"arr_dt": "1454814578", "direction": "0", "dep_dt": "1454814646", "route_id": "Red", "dwell_time_sec": "68"}, {"arr_dt": "1454814839", "direction": "0", "dep_dt": "1454814925", "route_id": "Red", "dwell_time_sec": "86"}, {"arr_dt": "1454815352", "direction": "0", "dep_dt": "1454815457", "route_id": "Red", "dwell_time_sec": "105"}, {"arr_dt": "1454816039", "direction": "0", "dep_dt": "1454816126", "route_id": "Red", "dwell_time_sec": "87"}, {"arr_dt": "1454816260", "direction": "0", "dep_dt": "1454816326", "route_id": "Red", "dwell_time_sec": "66"}, {"arr_dt": "1454816665", "direction": "0", "dep_dt": "1454816731", "route_id": "Red", "dwell_time_sec": "66"}, {"arr_dt": "1454817129", "direction": "0", "dep_dt": "1454817192", "route_id": "Red", "dwell_time_sec": "63"}, {"arr_dt": "1454817481", "direction": "0", "dep_dt": "1454817544", "route_id": "Red", "dwell_time_sec": "63"}, {"arr_dt": "1454818077", "direction": "0", "dep_dt": "1454818158", "route_id": "Red", "dwell_time_sec": "81"}, {"arr_dt": "1454818302", "direction": "0", "dep_dt": "1454818365", "route_id": "Red", "dwell_time_sec": "63"}, {"arr_dt": "1454818666", "direction": "0", "dep_dt": "1454818737", "route_id": "Red", "dwell_time_sec": "71"}, {"arr_dt": "1454819170", "direction": "0", "dep_dt": "1454819270", "route_id": "Red", "dwell_time_sec": "100"}, {"arr_dt": "1454819723", "direction": "0", "dep_dt": "1454819808", "route_id": "Red", "dwell_time_sec": "85"}, {"arr_dt": "1454820055", "direction": "0", "dep_dt": "1454820116", "route_id": "Red", "dwell_time_sec": "61"}, {"arr_dt": "1454820614", "direction": "0", "dep_dt": "1454820684", "route_id": "Red", "dwell_time_sec": "70"}, {"arr_dt": "1454821018", "direction": "0", "dep_dt": "1454821088", "route_id": "Red", "dwell_time_sec": "70"}]}