{"dwell_times": [{"arr_dt": "1466049724", "direction": "0", "dep_dt": "1466049822", "route_id": "Red", "dwell_time_sec": "98"}, {"arr_dt": "1466050001", "direction": "0", "dep_dt": "1466050073", "route_id": "Red", "dwell_time_sec": "72"}, {"arr_dt": "1466050437", "direction": "0", "dep_dt": "1466050553", "route_id": "Red", "dwell_time_sec": "116"}, {"arr_dt": "1466051097", "direction": "0", "dep_dt": "1466051163", "route_id": "Red", "dwell_time_sec": "66"}, {"arr_dt": "1466052105", "direction": "0", "dep_dt": "1466052173", "route_id": "Red", "dwell_time_sec": "68"}, {"arr_dt": "1466052306", "direction": "0", "dep_dt": "1466052382", "route_id": "Red", "dwell_time_sec": "76"}, {"arr_dt": "1466053175", "direction": "0", "dep_dt": "1466054393", "route_id": "Red", "dwell_time_sec": "1218"}, {"arr_dt": "1466069547", "direction": "0", "dep_dt": "1466069601", "route_id": "Red", "dwell_time_sec": "54"}, {"arr_dt": "1466070184", "direction": "0", "dep_dt": "1466070252", "route_id": "Red", "dwell_time_sec": "68"}, {"arr_dt": "1466070420", "direction": "0", "dep_dt": "1466070484", "route_id": "Red", "dwell_time_sec": "64"}, {"arr_dt": "1466070811", "direction": "0", "dep_dt": "1466070886", "route_id": "Red", "dwell_time_sec": "75"}, {"arr_dt": "1466071266", "direction": "0", "dep_dt": "1466071336", "route_id": "Red", "dwell_time_sec": "70"}, {"arr_dt": "1466071831", "direction": "0", "dep_dt": "1466071900", "route_id": "Red", "dwell_time_sec": "69"}, {"arr_dt": "1466072286", "direction": "0", "dep_dt": "1466072353", "route_id": "Red", "dwell_time_sec": "67"}, {"arr_dt": "1466072819", "direction": "0", "dep_dt": "1466072894", "route_id": "Red", "dwell_time_sec": "75"}, {"arr_dt": "1466073333", "direction": "0", "dep_dt": "1466073398", "route_id": "Red", "dwell_time_sec": "65"}, {"arr_dt": "1466073503", "direction": "0", "dep_dt": "1466073569", "route_id": "Red", "dwell_time_sec": "66"}, {"arr_dt": "1466073698", "direction": "0", "dep_dt": "1466073764", "route_id": "Red", "dwell_time_sec": "66"}, {"arr_dt": "1466074140", "direction": "0", "dep_dt": "1466074222", "route_id": "Red", "dwell_time_sec": "82"}, {"arr_dt": "1466074441", "direction": "0", "dep_dt": "1466074511", "route_id": "Red", "dwell_time_sec": "70"}, {"arr_dt": "1466074795", "direction": "0", "dep_dt": "1466074860", "route_id": "Red", "dwell_time_sec": "65"}, {"arr_dt": "1466075237", "direction": "0", "dep_dt": "1466075309", "route_id": "Red", "dwell_time_sec": "72"}, {"arr_dt": "1466075491", "direction": "0", "dep_dt": "1466075574", "route_id": "Red", "dwell_time_sec": "83"}, {"arr_dt": "1466075691", "direction": "0", "dep_dt": "1466075775", "route_id": "Red", "dwell_time_sec": "84"}, {"arr_dt": "1466075884", "direction": "0", "dep_dt": "1466076005", "route_id": "Red", "dwell_time_sec": "121"}, {"arr_dt": "1466076229", "direction": "0", "dep_dt": "1466076294", "route_id": "Red", "dwell_time_sec": "65"}, {"arr_dt": "1466076403", "direction": "0", "dep_dt": "1466076501", "route_id": "Red", "dwell_time_sec": "98"}, {"arr_dt": "1466076612", "direction": "0", "dep_dt": "1466076686", "route_id": "Red", "dwell_time_sec": "74"}, {"arr_dt": "1466076795", "direction": "0", "dep_dt": "1466076872", "route_id": "Red", "dwell_time_sec": "77"}, {"arr_dt": "1466076994", "direction": "0", "dep_dt": "1466077069", "route_id": "Red", "dwell_time_sec": "75"}, {"arr_dt": "1466077175", "direction": "0", "dep_dt": "1466077254", "route_id": "Red", "dwell_time_sec": "79"}, {"arr_dt": "1466077385", "direction": "0", "dep_dt": "1466077470", "route_id": "Red", "dwell_time_sec": "85"}, {"arr_dt": "1466077583", "direction": "0", "dep_dt": "1466077653", "route_id": "Red", "dwell_time_sec": "70"}, {"arr_dt": "1466078016", "direction": "0", "dep_dt": "1466078111", "route_id": "Red", "dwell_time_sec": "95"}, {"arr_dt": "1466078229", "direction": "0", "dep_dt": "1466078312", "route_id": "Red", "dwell_time_sec": "83"}, {"arr_dt": "1466078412", "direction": "0", "dep_dt": "1466078503", "route_id": "Red", "dwell_time_sec": "91"}, {"arr_dt": "1466078600", "direction": "0", "dep_dt": "1466078698", "route_id": "Red", "dwell_time_sec": "98"}, {"arr_dt": "1466078861", "direction": "0", "dep_dt": "1466078956", "route_id": "Red", "dwell_time_sec": "95"}, {"arr_dt": "1466079068", "direction": "0", "dep_dt": "1466079166", "route_id": "Red", "dwell_time_sec": "98"}, {"arr_dt": "1466079385", "direction": "0", "dep_dt": "1466079466", "route_id": "Red", "dwell_time_sec": "81"}, {"arr_dt": "1466079566", "direction": "0", "dep_dt": "1466079686", "route_id": "Red", "dwell_time_sec": "120"}, {"arr_dt": "1466079914", "direction": "0", "dep_dt": "1466080022", "route_id": "Red", "dwell_time_sec": "108"}, {"arr_dt": "1466080118", "direction": "0", "dep_dt": "1466080207", "route_id": "Red", "dwell_time_sec": "89"}, {"arr_dt": "1466080610", "direction": "0", "dep_dt": "1466080753", "route_id": "Red", "dwell_time_sec": "143"}, {"arr_dt": "1466080827", "direction": "0", "dep_dt": "1466080926", "route_id": "Red", "dwell_time_sec": "99"}, {"arr_dt": "1466081060", "direction": "0", "dep_dt": "1466081194", "route_id": "Red", "dwell_time_sec": "134"}, {"arr_dt": "1466081281", "direction": "0", "dep_dt": "1466081373", "route_id": "Red", "dwell_time_sec": "92"}, {"arr_dt": "1466081472", "direction": "0", "dep_dt": "1466081571", "route_id": "Red", "dwell_time_sec": "99"}, {"arr_dt": "1466081674", "direction": "0", "dep_dt": "1466081883", "route_id": "Red", "dwell_time_sec": "209"}, {"arr_dt": "1466081970", "direction": "0", "dep_dt": "1466082059", "route_id": "Red", "dwell_time_sec": "89"}, {"arr_dt": "1466082155", "direction": "0", "dep_dt": "1466082237", "route_id": "Red", "dwell_time_sec": "82"}, {"arr_dt": "1466082340", "direction": "0", "dep_dt": "1466082422", "route_id": "Red", "dwell_time_sec": "82"}, {"arr_dt": "1466082537", "direction": "0", "dep_dt": "1466082626", "route_id": "Red", "dwell_time_sec": "89"}, {"arr_dt": "1466082733", "direction": "0", "dep_dt": "1466082835", "route_id": "Red", "dwell_time_sec": "102"}, {"arr_dt": "1466082924", "direction": "0", "dep_dt": "1466083041", "route_id": "Red", "dwell_time_sec": "117"}, {"arr_dt": "1466083139", "direction": "0", "dep_dt": "1466083228", "route_id": "Red", "dwell_time_sec": "89"}, {"arr_dt": "1466083309", "direction": "0", "dep_dt": "1466083386", "route_id": "Red", "dwell_time_sec": "77"}, {"arr_dt": "1466083665", "direction": "0", "dep_dt": "1466083738", "route_id": "Red", "dwell_time_sec": "73"}, {"arr_dt": "1466083885", "direction": "0", "dep_dt": "1466083950", "route_id": "Red", "dwell_time_sec": "65"}, {"arr_dt": "1466084261", "direction": "0", "dep_dt": "1466084355", "route_id": "Red", "dwell_time_sec": "94"}, {"arr_dt": "1466084460", "direction": "0", "dep_dt": "1466084548", "route_id": "Red", "dwell_time_sec": "88"}, {"arr_dt": "1466084697", "direction": "0", "dep_dt": "1466084759", "route_id": "Red", "dwell_time_sec": "62"}, {"arr_dt": "1466084856", "direction": "0", "dep_dt": "1466084938", "route_id": "Red", "dwell_time_sec": "82"}, {"arr_dt": "1466085210", "direction": "0", "dep_dt": "1466085305", "route_id": "Red", "dwell_time_sec": "95"}, {"arr_dt": "1466085408", "direction": "0", "dep_dt": "1466085478", "route_id": "Red", "dwell_time_sec": "70"}, {"arr_dt": "1466085683", "direction": "0", "dep_dt": "1466085769", "route_id": "Red", "dwell_time_sec": "86"}, {"arr_dt": "1466085960", "direction": "0", "dep_dt": "1466086091", "route_id": "Red", "dwell_time_sec": "131"}, {"arr_dt": "1466086351", "direction": "0", "dep_dt": "1466086429", "route_id": "Red", "dwell_time_sec": "78"}, {"arr_dt": "1466086539", "direction": "0", "dep_dt": "1466086625", "route_id": "Red", "dwell_time_sec": "86"}, {"arr_dt": "1466086717", "direction": "0", "dep_dt": "1466086794", "route_id": "Red", "dwell_time_sec": "77"}, {"arr_dt": "1466086910", "direction": "0", "dep_dt": "1466087014", "route_id": "Red", "dwell_time_sec": "104"}, {"arr_dt": "1466087176", "direction": "0", "dep_dt": "1466087246", "route_id": "Red", "dwell_time_sec": "70"}, {"arr_dt": "1466087346", "direction": "0", "dep_dt": "1466087444", "route_id": "Red", "dwell_time_sec": "98"}, {"arr_dt": "1466087650", "direction": "0", "dep_dt": "1466087713", "route_id": "Red", "dwell_time_sec": "63"}, {"arr_dt": "1466087867", "direction": "0", "dep_dt": "1466087968", "route_id": "Red", "dwell_time_sec": "101"}, {"arr_dt": "1466088160", "direction": "0", "dep_dt": "1466088231", "route_id": "Red", "dwell_time_sec": "71"}, {"arr_dt": "1466088512", "direction": "0", "dep_dt": "1466088589", "route_id": "Red", "dwell_time_sec": "77"}, {"arr_dt": "1466088700", "direction": "0", "dep_dt": "1466088766", "route_id": "Red", "dwell_time_sec": "66"}, {"arr_dt": "1466088971", "direction": "0", "dep_dt": "1466089037", "route_id": "Red", "dwell_time_sec": "66"}, {"arr_dt": "1466089675", "direction": "0", "dep_dt": "1466089742", "route_id": "Red", "dwell_time_sec": "67"}, {"arr_dt": "1466090073", "direction": "0", "dep_dt": "1466090143", "route_id": "Red", "dwell_time_sec": "70"}, {"arr_dt": "1466090251", "direction": "0", "dep_dt": "1466090313", "route_id": "Red", "dwell_time_sec": "62"}, {"arr_dt": "1466090597", "direction": "0", "dep_dt": "1466090667", "route_id": "Red", "dwell_time_sec": "70"}, {"arr_dt": "1466090996", "direction": "0", "dep_dt": "1466091075", "route_id": "Red", "dwell_time_sec": "79"}, {"arr_dt": "1466091757", "direction": "0", "dep_dt": "1466091843", "route_id": "Red", "dwell_time_sec": "86"}, {"arr_dt": "1466092319", "direction": "0", "dep_dt": "1466092411", "route_id": "Red", "dwell_time_sec": "92"}, {"arr_dt": "1466092513", "direction": "0", "dep_dt": "1466092596", "route_id": "Red", "dwell_time_sec": "83"}, {"arr_dt": "1466092942", "direction": "0", "dep_dt": "1466093014", "route_id": "Red", "dwell_time_sec": "72"}, {"arr_dt": "1466093372", "direction": "0", "dep_dt": "1466093435", "route_id": "Red", "dwell_time_sec": "63"}, {"arr_dt": "1466093919", "direction": "0", "dep_dt": "1466094007", "route_id": "Red", "dwell_time_sec": "88"}, {"arr_dt": "1466094125", "direction": "0", "dep_dt": "1466094195", "route_id": "Red", "dwell_time_sec": "70"}, {"arr_dt": "1466094722", "direction": "0", "dep_dt": "1466094837", "route_id": "Red", "dwell_time_sec": "115"}, {"arr_dt": "1466095115", "direction": "0", "dep_dt": "1466095190", "route_id": "Red", "dwell_time_sec": "75"}, {"arr_dt": "1466095297", "direction": "0", "dep_dt": "1466095359", "route_id": "Red", "dwell_time_sec": "62"}, {"arr_dt": "1466095807", "direction": "0", "dep_dt": "1466095889", "route_id": "Red", "dwell_time_sec": "82"}, {"arr_dt": "1466096130", "direction": "0", "dep_dt": "1466096192", "route_id": "Red", "dwell_time_sec": "62"}, {"arr_dt": "1466096499", "direction": "0", "dep_dt": "1466096575", "route_id": "Red", "dwell_time_sec": "76"}, {"arr_dt": "1466096928", "direction": "0", "dep_dt": "1466097003", "route_id": "Red", "dwell_time_sec": "75"}, {"arr_dt": "1466097473", "direction": "0", "dep_dt": "1466097562", "route_id": "Red", "dwell_time_sec": "89"}, {"arr_dt": "1466097852", "direction": "0", "dep_dt": "1466097944", "route_id": "Red", "dwell_time_sec": "92"}, {"arr_dt": "1466098149", "direction": "0", "dep_dt": "1466098218", "route_id": "Red", "dwell_time_sec": "69"}, {"arr_dt": "1466098589", "direction": "0", "dep_dt": "1466098653", "route_id": "Red", "dwell_time_sec": "64"}, {"arr_dt": "1466098993", "direction": "0", "dep_dt": "1466099064", "route_id": "Red", "dwell_time_sec": "71"}, {"arr_dt": "1466099523", "direction": "0", "dep_dt": "1466099607", "route_id": "Red", "dwell_time_sec": "84"}, {"arr_dt": "1466099953", "direction": "0", "dep_dt": "1466100020", "route_id": "Red", "dwell_time_sec": "67"}, {"arr_dt": "1466100342", "direction": "0", "dep_dt": "1466100433", "route_id": "Red", "dwell_time_sec": "91"}, {"arr_dt": "1466100728", "direction": "0", "dep_dt": "1466100805", "route_id": "Red", "dwell_time_sec": "77"}, {"arr_dt": "1466101127", "direction": "0", "dep_dt": "1466101222", "route_id": "Red", "dwell_time_sec": "95"}, {"arr_dt": "1466101523", "direction": "0", "dep_dt": "1466101597", "route_id": "Red", "dwell_time_sec": "74"}, {"arr_dt": "1466102044", "direction": "0", "dep_dt": "1466102140", "route_id": "Red", "dwell_time_sec": "96"}, {"arr_dt": "1466102534", "direction": "0", "dep_dt": "1466102657", "route_id": "Red", "dwell_time_sec": "123"}, {"arr_dt": "1466102806", "direction": "0", "dep_dt": "1466102894", "route_id": "Red", "dwell_time_sec": "88"}, {"arr_dt": "1466103297", "direction": "0", "dep_dt": "1466103389", "route_id": "Red", "dwell_time_sec": "92"}, {"arr_dt": "1466103729", "direction": "0", "dep_dt": "1466103805", "route_id": "Red", "dwell_time_sec": "76"}, {"arr_dt": "1466104498", "direction": "0", "dep_dt": "1466104678", "route_id": "Red", "dwell_time_sec": "180"}, {"arr_dt": "1466105524", "direction": "0", "dep_dt": "1466105695", "route_id": "Red", "dwell_time_sec": "171"}, {"arr_dt": "1466105938", "direction": "0", "dep_dt": "1466106053", "route_id": "Red", "dwell_time_sec": "115"}, {"arr_dt": "1466106205", "direction": "0", "dep_dt": "1466106321", "route_id": "Red", "dwell_time_sec": "116"}, {"arr_dt": "1466106673", "direction": "0", "dep_dt": "1466106789", "route_id": "Red", "dwell_time_sec": "116"}, {"arr_dt": "1466106945", "direction": "0", "dep_dt": "1466107021", "route_id": "Red", "dwell_time_sec": "76"}, {"arr_dt": "1466107133", "direction": "0", "dep_dt": "1466107239", "route_id": "Red", "dwell_time_sec": "106"}, {"arr_dt": "1466107348", "direction": "0", "dep_dt": "1466107487", "route_id": "Red", "dwell_time_sec": "139"}, {"arr_dt": "1466107591", "direction": "0", "dep_dt": "1466107708", "route_id": "Red", "dwell_time_sec": "117"}, {"arr_dt": "1466107786", "direction": "0", "dep_dt": "1466107883", "route_id": "Red", "dwell_time_sec": "97"}, {"arr_dt": "1466107970", "direction": "0", "dep_dt": "1466108055", "route_id": "Red", "dwell_time_sec": "85"}, {"arr_dt": "1466108257", "direction": "0", "dep_dt": "1466108357", "route_id": "Red", "dwell_time_sec": "100"}, {"arr_dt": "1466108560", "direction": "0", "dep_dt": "1466108660", "route_id": "Red", "dwell_time_sec": "100"}, {"arr_dt": "1466108941", "direction": "0", "dep_dt": "1466109034", "route_id": "Red", "dwell_time_sec": "93"}, {"arr_dt": "1466109333", "direction": "0", "dep_dt": "1466109617", "route_id": "Red", "dwell_time_sec": "284"}, {"arr_dt": "1466109707", "direction": "0", "dep_dt": "1466109840", "route_id": "Red", "dwell_time_sec": "133"}, {"arr_dt": "1466109994", "direction": "0", "dep_dt": "1466110093", "route_id": "Red", "dwell_time_sec": "99"}, {"arr_dt": "1466110262", "direction": "0", "dep_dt": "1466110373", "route_id": "Red", "dwell_time_sec": "111"}, {"arr_dt": "1466110462", "direction": "0", "dep_dt": "1466110573", "route_id": "Red", "dwell_time_sec": "111"}, {"arr_dt": "1466110664", "direction": "0", "dep_dt": "1466110756", "route_id": "Red", "dwell_time_sec": "92"}, {"arr_dt": "1466110855", "direction": "0", "dep_dt": "1466110939", "route_id": "Red", "dwell_time_sec": "84"}, {"arr_dt": "1466111053", "direction": "0", "dep_dt": "1466111180", "route_id": "Red", "dwell_time_sec": "127"}, {"arr_dt": "1466111323", "direction": "0", "dep_dt": "1466111570", "route_id": "Red", "dwell_time_sec": "247"}, {"arr_dt": "1466111663", "direction": "0", "dep_dt": "1466111794", "route_id": "Red", "dwell_time_sec": "131"}, {"arr_dt": "1466111915", "direction": "0", "dep_dt": "1466112047", "route_id": "Red", "dwell_time_sec": "132"}, {"arr_dt": "1466112168", "direction": "0", "dep_dt": "1466112266", "route_id": "Red", "dwell_time_sec": "98"}, {"arr_dt": "1466112381", "direction": "0", "dep_dt": "1466112484", "route_id": "Red", "dwell_time_sec": "103"}, {"arr_dt": "1466112574", "direction": "0", "dep_dt": "1466112690", "route_id": "Red", "dwell_time_sec": "116"}, {"arr_dt": "1466112995", "direction": "0", "dep_dt": "1466113161", "route_id": "Red", "dwell_time_sec": "166"}, {"arr_dt": "1466113258", "direction": "0", "dep_dt": "1466113459", "route_id": "Red", "dwell_time_sec": "201"}, {"arr_dt": "1466113547", "direction": "0", "dep_dt": "1466113690", "route_id": "Red", "dwell_time_sec": "143"}, {"arr_dt": "1466113782", "direction": "0", "dep_dt": "1466113883", "route_id": "Red", "dwell_time_sec": "101"}, {"arr_dt": "1466114004", "direction": "0", "dep_dt": "1466114098", "route_id": "Red", "dwell_time_sec": "94"}, {"arr_dt": "1466114195", "direction": "0", "dep_dt": "1466114284", "route_id": "Red", "dwell_time_sec": "89"}, {"arr_dt": "1466114497", "direction": "0", "dep_dt": "1466114585", "route_id": "Red", "dwell_time_sec": "88"}, {"arr_dt": "1466114767", "direction": "0", "dep_dt": "1466114980", "route_id": "Red", "dwell_time_sec": "213"}, {"arr_dt": "1466115115", "direction": "0", "dep_dt": "1466115218", "route_id": "Red", "dwell_time_sec": "103"}, {"arr_dt": "1466115333", "direction": "0", "dep_dt": "1466115425", "route_id": "Red", "dwell_time_sec": "92"}, {"arr_dt": "1466115538", "direction": "0", "dep_dt": "1466115623", "route_id": "Red", "dwell_time_sec": "85"}, {"arr_dt": "1466115736", "direction": "0", "dep_dt": "1466115816", "route_id": "Red", "dwell_time_sec": "80"}, {"arr_dt": "1466116031", "direction": "0", "dep_dt": "1466116165", "route_id": "Red", "dwell_time_sec": "134"}, {"arr_dt": "1466116300", "direction": "0", "dep_dt": "1466116383", "route_id": "Red", "dwell_time_sec": "83"}, {"arr_dt": "1466116534", "direction": "0", "dep_dt": "1466116632", "route_id": "Red", "dwell_time_sec": "98"}, {"arr_dt": "1466116850", "direction": "0", "dep_dt": "1466116940", "route_id": "Red", "dwell_time_sec": "90"}, {"arr_dt": "1466117120", "direction": "0", "dep_dt": "1466117208", "route_id": "Red", "dwell_time_sec": "88"}, {"arr_dt": "1466117384", "direction": "0", "dep_dt": "1466117458", "route_id": "Red", "dwell_time_sec": "74"}, {"arr_dt": "1466117561", "direction": "0", "dep_dt": "1466117641", "route_id": "Red", "dwell_time_sec": "80"}, {"arr_dt": "1466117801", "direction": "0", "dep_dt": "1466117883", "route_id": "Red", "dwell_time_sec": "82"}, {"arr_dt": "1466117996", "direction": "0", "dep_dt": "1466118061", "route_id": "Red", "dwell_time_sec": "65"}, {"arr_dt": "1466118209", "direction": "0", "dep_dt": "1466118277", "route_id": "Red", "dwell_time_sec": "68"}, {"arr_dt": "1466118462", "direction": "0", "dep_dt": "1466118541", "route_id": "Red", "dwell_time_sec": "79"}, {"arr_dt": "1466118810", "direction": "0", "dep_dt": "1466118887", "route_id": "Red", "dwell_time_sec": "77"}, {"arr_dt": "1466119006", "direction": "0", "dep_dt": "1466119072", "route_id": "Red", "dwell_time_sec": "66"}, {"arr_dt": "1466119428", "direction": "0", "dep_dt": "1466119519", "route_id": "Red", "dwell_time_sec": "91"}, {"arr_dt": "1466119636", "direction": "0", "dep_dt": "1466119719", "route_id": "Red", "dwell_time_sec": "83"}, {"arr_dt": "1466119916", "direction": "0", "dep_dt": "1466120009", "route_id": "Red", "dwell_time_sec": "93"}, {"arr_dt": "1466120263", "direction": "0", "dep_dt": "1466120331", "route_id": "Red", "dwell_time_sec": "68"}, {"arr_dt": "1466120651", "direction": "0", "dep_dt": "1466120753", "route_id": "Red", "dwell_time_sec": "102"}, {"arr_dt": "1466120869", "direction": "0", "dep_dt": "1466120961", "route_id": "Red", "dwell_time_sec": "92"}, {"arr_dt": "1466121169", "direction": "0", "dep_dt": "1466121249", "route_id": "Red", "dwell_time_sec": "80"}, {"arr_dt": "1466121413", "direction": "0", "dep_dt": "1466121473", "route_id": "Red", "dwell_time_sec": "60"}, {"arr_dt": "1466121609", "direction": "0", "dep_dt": "1466121693", "route_id": "Red", "dwell_time_sec": "84"}, {"arr_dt": "1466121859", "direction": "0", "dep_dt": "1466121926", "route_id": "Red", "dwell_time_sec": "67"}, {"arr_dt": "1466122182", "direction": "0", "dep_dt": "1466122286", "route_id": "Red", "dwell_time_sec": "104"}, {"arr_dt": "1466122404", "direction": "0", "dep_dt": "1466122471", "route_id": "Red", "dwell_time_sec": "67"}, {"arr_dt": "1466122857", "direction": "0", "dep_dt": "1466122929", "route_id": "Red", "dwell_time_sec": "72"}, {"arr_dt": "1466123131", "direction": "0", "dep_dt": "1466123232", "route_id": "Red", "dwell_time_sec": "101"}, {"arr_dt": "1466123397", "direction": "0", "dep_dt": "1466123467", "route_id": "Red", "dwell_time_sec": "70"}, {"arr_dt": "1466123756", "direction": "0", "dep_dt": "1466123829", "route_id": "Red", "dwell_time_sec": "73"}, {"arr_dt": "1466124045", "direction": "0", "dep_dt": "1466124111", "route_id": "Red", "dwell_time_sec": "66"}, {"arr_dt": "1466124425", "direction": "0", "dep_dt": "1466124488", "route_id": "Red", "dwell_time_sec": "63"}, {"arr_dt": "1466124658", "direction": "0", "dep_dt": "1466124729", "route_id": "Red", "dwell_time_sec": "71"}, {"arr_dt": "1466125249", "direction": "0", "dep_dt": "1466125323", "route_id": "Red", "dwell_time_sec": "74"}, {"arr_dt": "1466125859", "direction": "0", "dep_dt": "1466125928", "route_id": "Red", "dwell_time_sec": "69"}, {"arr_dt": "1466126086", "direction": "0", "dep_dt": "1466126152", "route_id": "Red", "dwell_time_sec": "66"}, {"arr_dt": "1466126402", "direction": "0", "dep_dt": "1466126468", "route_id": "Red", "dwell_time_sec": "66"}, {"arr_dt": "1466126723", "direction": "0", "dep_dt": "1466126801", "route_id": "Red", "dwell_time_sec": "78"}, {"arr_dt": "1466126975", "direction": "0", "dep_dt": "1466127055", "route_id": "Red", "dwell_time_sec": "80"}, {"arr_dt": "1466127475", "direction": "0", "dep_dt": "1466127542", "route_id": "Red", "dwell_time_sec": "67"}, {"arr_dt": "1466127988", "direction": "0", "dep_dt": "1466128073", "route_id": "Red", "dwell_time_sec": "85"}, {"arr_dt": "1466128286", "direction": "0", "dep_dt": "1466128383", "route_id": "Red", "dwell_time_sec": "97"}, {"arr_dt": "1466128495", "direction": "0", "dep_dt": "1466128567", "route_id": "Red", "dwell_time_sec": "72"}, {"arr_dt": "1466128821", "direction": "0", "dep_dt": "1466128893", "route_id": "Red", "dwell_time_sec": "72"}, {"arr_dt": "1466129181", "direction": "0", "dep_dt": "1466129240", "route_id": "Red", "dwell_time_sec": "59"}, {"arr_dt": "1466129690", "direction": "0", "dep_dt": "1466129772", "route_id": "Red", "dwell_time_sec": "82"}, {"arr_dt": "1466129883", "direction": "0", "dep_dt": "1466129957", "route_id": "Red", "dwell_time_sec": "74"}, {"arr_dt": "1466130069", "direction": "0", "dep_dt": "1466130200", "route_id": "Red", "dwell_time_sec": "131"}, {"arr_dt": "1466130484", "direction": "0", "dep_dt": "1466130570", "route_id": "Red", "dwell_time_sec": "86"}, {"arr_dt": "1466130910", "direction": "0", "dep_dt": "1466130992", "route_id": "Red", "dwell_time_sec": "82"}, {"arr_dt": "1466131244", "direction": "0", "dep_dt": "1466131328", "route_id": "Red", "dwell_time_sec": "84"}, {"arr_dt": "1466131577", "direction": "0", "dep_dt": "1466131664", "route_id": "Red", "dwell_time_sec": "87"}, {"arr_dt": "1466131838", "direction": "0", "dep_dt": "1466131889", "route_id": "Red", "dwell_time_sec": "51"}, {"arr_dt": "1466132363", "direction": "0", "dep_dt": "1466132430", "route_id": "Red", "dwell_time_sec": "67"}, {"arr_dt": "1466132587", "direction": "0", "dep_dt": "1466132665", "route_id": "Red", "dwell_time_sec": "78"}, {"arr_dt": "1466133103", "direction": "0", "dep_dt": "1466133223", "route_id": "Red", "dwell_time_sec": "120"}, {"arr_dt": "1466133711", "direction": "0", "dep_dt": "1466133917", "route_id": "Red", "dwell_time_sec": "206"}, {"arr_dt": "1466134019", "direction": "0", "dep_dt": "1466134139", "route_id": "Red", "dwell_time_sec": "120"}, {"arr_dt": "1466134225", "direction": "0", "dep_dt": "1466134311", "route_id": "Red", "dwell_time_sec": "86"}, {"arr_dt": "1466134558", "direction": "0", "dep_dt": "1466134635", "route_id": "Red", "dwell_time_sec": "77"}, {"arr_dt": "1466134808", "direction": "0", "dep_dt": "1466134859", "route_id": "Red", "dwell_time_sec": "51"}, {"arr_dt": "1466135299", "direction": "0", "dep_dt": "1466135363", "route_id": "Red", "dwell_time_sec": "64"}, {"arr_dt": "1466135613", "direction": "0", "dep_dt": "1466135673", "route_id": "Red", "dwell_time_sec": "60"}]}