{"dwell_times": [{"arr_dt": "1456376503", "direction": "0", "dep_dt": "1456376563", "route_id": "Red", "dwell_time_sec": "60"}, {"arr_dt": "1456377007", "direction": "0", "dep_dt": "1456377064", "route_id": "Red", "dwell_time_sec": "57"}, {"arr_dt": "1456377521", "direction": "0", "dep_dt": "1456377586", "route_id": "Red", "dwell_time_sec": "65"}, {"arr_dt": "1456378055", "direction": "0", "dep_dt": "1456378115", "route_id": "Red", "dwell_time_sec": "60"}, {"arr_dt": "1456378714", "direction": "0", "dep_dt": "1456378778", "route_id": "Red", "dwell_time_sec": "64"}, {"arr_dt": "1456378896", "direction": "0", "dep_dt": "1456378953", "route_id": "Red", "dwell_time_sec": "57"}, {"arr_dt": "1456379678", "direction": "0", "dep_dt": "1456381477", "route_id": "Red", "dwell_time_sec": "1799"}, {"arr_dt": "1456396342", "direction": "0", "dep_dt": "1456396397", "route_id": "Red", "dwell_time_sec": "55"}, {"arr_dt": "1456397503", "direction": "0", "dep_dt": "1456397593", "route_id": "Red", "dwell_time_sec": "90"}, {"arr_dt": "1456397778", "direction": "0", "dep_dt": "1456397836", "route_id": "Red", "dwell_time_sec": "58"}, {"arr_dt": "1456398311", "direction": "0", "dep_dt": "1456398390", "route_id": "Red", "dwell_time_sec": "79"}, {"arr_dt": "1456398747", "direction": "0", "dep_dt": "1456398804", "route_id": "Red", "dwell_time_sec": "57"}, {"arr_dt": "1456399192", "direction": "0", "dep_dt": "1456399256", "route_id": "Red", "dwell_time_sec": "64"}, {"arr_dt": "1456399588", "direction": "0", "dep_dt": "1456399787", "route_id": "Red", "dwell_time_sec": "199"}, {"arr_dt": "1456400085", "direction": "0", "dep_dt": "1456400175", "route_id": "Red", "dwell_time_sec": "90"}, {"arr_dt": "1456400495", "direction": "0", "dep_dt": "1456400553", "route_id": "Red", "dwell_time_sec": "58"}, {"arr_dt": "1456401164", "direction": "0", "dep_dt": "1456401267", "route_id": "Red", "dwell_time_sec": "103"}, {"arr_dt": "1456401376", "direction": "0", "dep_dt": "1456401469", "route_id": "Red", "dwell_time_sec": "93"}, {"arr_dt": "1456401601", "direction": "0", "dep_dt": "1456401664", "route_id": "Red", "dwell_time_sec": "63"}, {"arr_dt": "1456401845", "direction": "0", "dep_dt": "1456401922", "route_id": "Red", "dwell_time_sec": "77"}, {"arr_dt": "1456402027", "direction": "0", "dep_dt": "1456402097", "route_id": "Red", "dwell_time_sec": "70"}, {"arr_dt": "1456402350", "direction": "0", "dep_dt": "1456402421", "route_id": "Red", "dwell_time_sec": "71"}, {"arr_dt": "1456402535", "direction": "0", "dep_dt": "1456402627", "route_id": "Red", "dwell_time_sec": "92"}, {"arr_dt": "1456402890", "direction": "0", "dep_dt": "1456402966", "route_id": "Red", "dwell_time_sec": "76"}, {"arr_dt": "1456403275", "direction": "0", "dep_dt": "1456403367", "route_id": "Red", "dwell_time_sec": "92"}, {"arr_dt": "1456403666", "direction": "0", "dep_dt": "1456403748", "route_id": "Red", "dwell_time_sec": "82"}, {"arr_dt": "1456403878", "direction": "0", "dep_dt": "1456403962", "route_id": "Red", "dwell_time_sec": "84"}, {"arr_dt": "1456404138", "direction": "0", "dep_dt": "1456404222", "route_id": "Red", "dwell_time_sec": "84"}, {"arr_dt": "1456404354", "direction": "0", "dep_dt": "1456404422", "route_id": "Red", "dwell_time_sec": "68"}, {"arr_dt": "1456404526", "direction": "0", "dep_dt": "1456404605", "route_id": "Red", "dwell_time_sec": "79"}, {"arr_dt": "1456404704", "direction": "0", "dep_dt": "1456404775", "route_id": "Red", "dwell_time_sec": "71"}, {"arr_dt": "1456404919", "direction": "0", "dep_dt": "1456405008", "route_id": "Red", "dwell_time_sec": "89"}, {"arr_dt": "1456405133", "direction": "0", "dep_dt": "1456405201", "route_id": "Red", "dwell_time_sec": "68"}, {"arr_dt": "1456405317", "direction": "0", "dep_dt": "1456405386", "route_id": "Red", "dwell_time_sec": "69"}, {"arr_dt": "1456405564", "direction": "0", "dep_dt": "1456405654", "route_id": "Red", "dwell_time_sec": "90"}, {"arr_dt": "1456406309", "direction": "0", "dep_dt": "1456406456", "route_id": "Red", "dwell_time_sec": "147"}, {"arr_dt": "1456406566", "direction": "0", "dep_dt": "1456406682", "route_id": "Red", "dwell_time_sec": "116"}, {"arr_dt": "1456406944", "direction": "0", "dep_dt": "1456407046", "route_id": "Red", "dwell_time_sec": "102"}, {"arr_dt": "1456407157", "direction": "0", "dep_dt": "1456407247", "route_id": "Red", "dwell_time_sec": "90"}, {"arr_dt": "1456407360", "direction": "0", "dep_dt": "1456407439", "route_id": "Red", "dwell_time_sec": "79"}, {"arr_dt": "1456407548", "direction": "0", "dep_dt": "1456407673", "route_id": "Red", "dwell_time_sec": "125"}, {"arr_dt": "1456407756", "direction": "0", "dep_dt": "1456407864", "route_id": "Red", "dwell_time_sec": "108"}, {"arr_dt": "1456407977", "direction": "0", "dep_dt": "1456408084", "route_id": "Red", "dwell_time_sec": "107"}, {"arr_dt": "1456408179", "direction": "0", "dep_dt": "1456408271", "route_id": "Red", "dwell_time_sec": "92"}, {"arr_dt": "1456408396", "direction": "0", "dep_dt": "1456408475", "route_id": "Red", "dwell_time_sec": "79"}, {"arr_dt": "1456408566", "direction": "0", "dep_dt": "1456408644", "route_id": "Red", "dwell_time_sec": "78"}, {"arr_dt": "1456408776", "direction": "0", "dep_dt": "1456408892", "route_id": "Red", "dwell_time_sec": "116"}, {"arr_dt": "1456408995", "direction": "0", "dep_dt": "1456409095", "route_id": "Red", "dwell_time_sec": "100"}, {"arr_dt": "1456409579", "direction": "0", "dep_dt": "1456409718", "route_id": "Red", "dwell_time_sec": "139"}, {"arr_dt": "1456409793", "direction": "0", "dep_dt": "1456409910", "route_id": "Red", "dwell_time_sec": "117"}, {"arr_dt": "1456410260", "direction": "0", "dep_dt": "1456410360", "route_id": "Red", "dwell_time_sec": "100"}, {"arr_dt": "1456410459", "direction": "0", "dep_dt": "1456410543", "route_id": "Red", "dwell_time_sec": "84"}, {"arr_dt": "1456410736", "direction": "0", "dep_dt": "1456410815", "route_id": "Red", "dwell_time_sec": "79"}, {"arr_dt": "1456410916", "direction": "0", "dep_dt": "1456410992", "route_id": "Red", "dwell_time_sec": "76"}, {"arr_dt": "1456411325", "direction": "0", "dep_dt": "1456411426", "route_id": "Red", "dwell_time_sec": "101"}, {"arr_dt": "1456411521", "direction": "0", "dep_dt": "1456411624", "route_id": "Red", "dwell_time_sec": "103"}, {"arr_dt": "1456411708", "direction": "0", "dep_dt": "1456411801", "route_id": "Red", "dwell_time_sec": "93"}, {"arr_dt": "1456411894", "direction": "0", "dep_dt": "1456411964", "route_id": "Red", "dwell_time_sec": "70"}, {"arr_dt": "1456412057", "direction": "0", "dep_dt": "1456412128", "route_id": "Red", "dwell_time_sec": "71"}, {"arr_dt": "1456412237", "direction": "0", "dep_dt": "1456412299", "route_id": "Red", "dwell_time_sec": "62"}, {"arr_dt": "1456412544", "direction": "0", "dep_dt": "1456412617", "route_id": "Red", "dwell_time_sec": "73"}, {"arr_dt": "1456412729", "direction": "0", "dep_dt": "1456412805", "route_id": "Red", "dwell_time_sec": "76"}, {"arr_dt": "1456412906", "direction": "0", "dep_dt": "1456412963", "route_id": "Red", "dwell_time_sec": "57"}, {"arr_dt": "1456413277", "direction": "0", "dep_dt": "1456413387", "route_id": "Red", "dwell_time_sec": "110"}, {"arr_dt": "1456413526", "direction": "0", "dep_dt": "1456413618", "route_id": "Red", "dwell_time_sec": "92"}, {"arr_dt": "1456414185", "direction": "0", "dep_dt": "1456414312", "route_id": "Red", "dwell_time_sec": "127"}, {"arr_dt": "1456414401", "direction": "0", "dep_dt": "1456414482", "route_id": "Red", "dwell_time_sec": "81"}, {"arr_dt": "1456414594", "direction": "0", "dep_dt": "1456414692", "route_id": "Red", "dwell_time_sec": "98"}, {"arr_dt": "1456414784", "direction": "0", "dep_dt": "1456414888", "route_id": "Red", "dwell_time_sec": "104"}, {"arr_dt": "1456414983", "direction": "0", "dep_dt": "1456415052", "route_id": "Red", "dwell_time_sec": "69"}, {"arr_dt": "1456415147", "direction": "0", "dep_dt": "1456415229", "route_id": "Red", "dwell_time_sec": "82"}, {"arr_dt": "1456415618", "direction": "0", "dep_dt": "1456415684", "route_id": "Red", "dwell_time_sec": "66"}, {"arr_dt": "1456416025", "direction": "0", "dep_dt": "1456416102", "route_id": "Red", "dwell_time_sec": "77"}, {"arr_dt": "1456416323", "direction": "0", "dep_dt": "1456416400", "route_id": "Red", "dwell_time_sec": "77"}, {"arr_dt": "1456416668", "direction": "0", "dep_dt": "1456416734", "route_id": "Red", "dwell_time_sec": "66"}, {"arr_dt": "1456416938", "direction": "0", "dep_dt": "1456417011", "route_id": "Red", "dwell_time_sec": "73"}, {"arr_dt": "1456417456", "direction": "0", "dep_dt": "1456417521", "route_id": "Red", "dwell_time_sec": "65"}, {"arr_dt": "1456417627", "direction": "0", "dep_dt": "1456417698", "route_id": "Red", "dwell_time_sec": "71"}, {"arr_dt": "1456418120", "direction": "0", "dep_dt": "1456418267", "route_id": "Red", "dwell_time_sec": "147"}, {"arr_dt": "1456418824", "direction": "0", "dep_dt": "1456418908", "route_id": "Red", "dwell_time_sec": "84"}, {"arr_dt": "1456419182", "direction": "0", "dep_dt": "1456419265", "route_id": "Red", "dwell_time_sec": "83"}, {"arr_dt": "1456419339", "direction": "0", "dep_dt": "1456419447", "route_id": "Red", "dwell_time_sec": "108"}, {"arr_dt": "1456419685", "direction": "0", "dep_dt": "1456419750", "route_id": "Red", "dwell_time_sec": "65"}, {"arr_dt": "1456420092", "direction": "0", "dep_dt": "1456420160", "route_id": "Red", "dwell_time_sec": "68"}, {"arr_dt": "1456420637", "direction": "0", "dep_dt": "1456420716", "route_id": "Red", "dwell_time_sec": "79"}, {"arr_dt": "1456420988", "direction": "0", "dep_dt": "1456421047", "route_id": "Red", "dwell_time_sec": "59"}, {"arr_dt": "1456421522", "direction": "0", "dep_dt": "1456421596", "route_id": "Red", "dwell_time_sec": "74"}, {"arr_dt": "1456421871", "direction": "0", "dep_dt": "1456421933", "route_id": "Red", "dwell_time_sec": "62"}, {"arr_dt": "1456422146", "direction": "0", "dep_dt": "1456422216", "route_id": "Red", "dwell_time_sec": "70"}, {"arr_dt": "1456422751", "direction": "0", "dep_dt": "1456422819", "route_id": "Red", "dwell_time_sec": "68"}, {"arr_dt": "1456422961", "direction": "0", "dep_dt": "1456423022", "route_id": "Red", "dwell_time_sec": "61"}, {"arr_dt": "1456423551", "direction": "0", "dep_dt": "1456423649", "route_id": "Red", "dwell_time_sec": "98"}, {"arr_dt": "1456424105", "direction": "0", "dep_dt": "1456424209", "route_id": "Red", "dwell_time_sec": "104"}, {"arr_dt": "1456424306", "direction": "0", "dep_dt": "1456424384", "route_id": "Red", "dwell_time_sec": "78"}, {"arr_dt": "1456424612", "direction": "0", "dep_dt": "1456424677", "route_id": "Red", "dwell_time_sec": "65"}, {"arr_dt": "1456424848", "direction": "0", "dep_dt": "1456424910", "route_id": "Red", "dwell_time_sec": "62"}, {"arr_dt": "1456425421", "direction": "0", "dep_dt": "1456425497", "route_id": "Red", "dwell_time_sec": "76"}, {"arr_dt": "1456425903", "direction": "0", "dep_dt": "1456425983", "route_id": "Red", "dwell_time_sec": "80"}, {"arr_dt": "1456426788", "direction": "0", "dep_dt": "1456426874", "route_id": "Red", "dwell_time_sec": "86"}, {"arr_dt": "1456427029", "direction": "0", "dep_dt": "1456427097", "route_id": "Red", "dwell_time_sec": "68"}, {"arr_dt": "1456427184", "direction": "0", "dep_dt": "1456427260", "route_id": "Red", "dwell_time_sec": "76"}, {"arr_dt": "1456427603", "direction": "0", "dep_dt": "1456427712", "route_id": "Red", "dwell_time_sec": "109"}, {"arr_dt": "1456428036", "direction": "0", "dep_dt": "1456428115", "route_id": "Red", "dwell_time_sec": "79"}, {"arr_dt": "1456428666", "direction": "0", "dep_dt": "1456428754", "route_id": "Red", "dwell_time_sec": "88"}, {"arr_dt": "1456428864", "direction": "0", "dep_dt": "1456428948", "route_id": "Red", "dwell_time_sec": "84"}, {"arr_dt": "1456429452", "direction": "0", "dep_dt": "1456429561", "route_id": "Red", "dwell_time_sec": "109"}, {"arr_dt": "1456429654", "direction": "0", "dep_dt": "1456429736", "route_id": "Red", "dwell_time_sec": "82"}, {"arr_dt": "1456430100", "direction": "0", "dep_dt": "1456430191", "route_id": "Red", "dwell_time_sec": "91"}, {"arr_dt": "1456430424", "direction": "0", "dep_dt": "1456430495", "route_id": "Red", "dwell_time_sec": "71"}, {"arr_dt": "1456430871", "direction": "0", "dep_dt": "1456430968", "route_id": "Red", "dwell_time_sec": "97"}, {"arr_dt": "1456431610", "direction": "0", "dep_dt": "1456431732", "route_id": "Red", "dwell_time_sec": "122"}, {"arr_dt": "1456431831", "direction": "0", "dep_dt": "1456431935", "route_id": "Red", "dwell_time_sec": "104"}, {"arr_dt": "1456432464", "direction": "0", "dep_dt": "1456432572", "route_id": "Red", "dwell_time_sec": "108"}, {"arr_dt": "1456432933", "direction": "0", "dep_dt": "1456433016", "route_id": "Red", "dwell_time_sec": "83"}, {"arr_dt": "1456433120", "direction": "0", "dep_dt": "1456433209", "route_id": "Red", "dwell_time_sec": "89"}, {"arr_dt": "1456433596", "direction": "0", "dep_dt": "1456433678", "route_id": "Red", "dwell_time_sec": "82"}, {"arr_dt": "1456433791", "direction": "0", "dep_dt": "1456433876", "route_id": "Red", "dwell_time_sec": "85"}, {"arr_dt": "1456434072", "direction": "0", "dep_dt": "1456434156", "route_id": "Red", "dwell_time_sec": "84"}, {"arr_dt": "1456434561", "direction": "0", "dep_dt": "1456434666", "route_id": "Red", "dwell_time_sec": "105"}, {"arr_dt": "1456434907", "direction": "0", "dep_dt": "1456435066", "route_id": "Red", "dwell_time_sec": "159"}, {"arr_dt": "1456435168", "direction": "0", "dep_dt": "1456435282", "route_id": "Red", "dwell_time_sec": "114"}, {"arr_dt": "1456435391", "direction": "0", "dep_dt": "1456435464", "route_id": "Red", "dwell_time_sec": "73"}, {"arr_dt": "1456435588", "direction": "0", "dep_dt": "1456435704", "route_id": "Red", "dwell_time_sec": "116"}, {"arr_dt": "1456435843", "direction": "0", "dep_dt": "1456435919", "route_id": "Red", "dwell_time_sec": "76"}, {"arr_dt": "1456436070", "direction": "0", "dep_dt": "1456436148", "route_id": "Red", "dwell_time_sec": "78"}, {"arr_dt": "1456436637", "direction": "0", "dep_dt": "1456436730", "route_id": "Red", "dwell_time_sec": "93"}, {"arr_dt": "1456436984", "direction": "0", "dep_dt": "1456437093", "route_id": "Red", "dwell_time_sec": "109"}, {"arr_dt": "1456437193", "direction": "0", "dep_dt": "1456437277", "route_id": "Red", "dwell_time_sec": "84"}, {"arr_dt": "1456438591", "direction": "0", "dep_dt": "1456438760", "route_id": "Red", "dwell_time_sec": "169"}, {"arr_dt": "1456438954", "direction": "0", "dep_dt": "1456439078", "route_id": "Red", "dwell_time_sec": "124"}, {"arr_dt": "1456439183", "direction": "0", "dep_dt": "1456439277", "route_id": "Red", "dwell_time_sec": "94"}, {"arr_dt": "1456439496", "direction": "0", "dep_dt": "1456439611", "route_id": "Red", "dwell_time_sec": "115"}, {"arr_dt": "1456439733", "direction": "0", "dep_dt": "1456439867", "route_id": "Red", "dwell_time_sec": "134"}, {"arr_dt": "1456439954", "direction": "0", "dep_dt": "1456440040", "route_id": "Red", "dwell_time_sec": "86"}, {"arr_dt": "1456440189", "direction": "0", "dep_dt": "1456440328", "route_id": "Red", "dwell_time_sec": "139"}, {"arr_dt": "1456440684", "direction": "0", "dep_dt": "1456440802", "route_id": "Red", "dwell_time_sec": "118"}, {"arr_dt": "1456441176", "direction": "0", "dep_dt": "1456441281", "route_id": "Red", "dwell_time_sec": "105"}, {"arr_dt": "1456441427", "direction": "0", "dep_dt": "1456441543", "route_id": "Red", "dwell_time_sec": "116"}, {"arr_dt": "1456441663", "direction": "0", "dep_dt": "1456441762", "route_id": "Red", "dwell_time_sec": "99"}, {"arr_dt": "1456441888", "direction": "0", "dep_dt": "1456442048", "route_id": "Red", "dwell_time_sec": "160"}, {"arr_dt": "1456442148", "direction": "0", "dep_dt": "1456442236", "route_id": "Red", "dwell_time_sec": "88"}, {"arr_dt": "1456442328", "direction": "0", "dep_dt": "1456442427", "route_id": "Red", "dwell_time_sec": "99"}, {"arr_dt": "1456442704", "direction": "0", "dep_dt": "1456442786", "route_id": "Red", "dwell_time_sec": "82"}, {"arr_dt": "1456442890", "direction": "0", "dep_dt": "1456443011", "route_id": "Red", "dwell_time_sec": "121"}, {"arr_dt": "1456443098", "direction": "0", "dep_dt": "1456443199", "route_id": "Red", "dwell_time_sec": "101"}, {"arr_dt": "1456443316", "direction": "0", "dep_dt": "1456443405", "route_id": "Red", "dwell_time_sec": "89"}, {"arr_dt": "1456443497", "direction": "0", "dep_dt": "1456443599", "route_id": "Red", "dwell_time_sec": "102"}, {"arr_dt": "1456443694", "direction": "0", "dep_dt": "1456443824", "route_id": "Red", "dwell_time_sec": "130"}, {"arr_dt": "1456443925", "direction": "0", "dep_dt": "1456444010", "route_id": "Red", "dwell_time_sec": "85"}, {"arr_dt": "1456444103", "direction": "0", "dep_dt": "1456444209", "route_id": "Red", "dwell_time_sec": "106"}, {"arr_dt": "1456444277", "direction": "0", "dep_dt": "1456444353", "route_id": "Red", "dwell_time_sec": "76"}, {"arr_dt": "1456444451", "direction": "0", "dep_dt": "1456444536", "route_id": "Red", "dwell_time_sec": "85"}, {"arr_dt": "1456444635", "direction": "0", "dep_dt": "1456444722", "route_id": "Red", "dwell_time_sec": "87"}, {"arr_dt": "1456444810", "direction": "0", "dep_dt": "1456444903", "route_id": "Red", "dwell_time_sec": "93"}, {"arr_dt": "1456445081", "direction": "0", "dep_dt": "1456445163", "route_id": "Red", "dwell_time_sec": "82"}, {"arr_dt": "1456445404", "direction": "0", "dep_dt": "1456445479", "route_id": "Red", "dwell_time_sec": "75"}, {"arr_dt": "1456445578", "direction": "0", "dep_dt": "1456445676", "route_id": "Red", "dwell_time_sec": "98"}, {"arr_dt": "1456445764", "direction": "0", "dep_dt": "1456445857", "route_id": "Red", "dwell_time_sec": "93"}, {"arr_dt": "1456445939", "direction": "0", "dep_dt": "1456446003", "route_id": "Red", "dwell_time_sec": "64"}, {"arr_dt": "1456446281", "direction": "0", "dep_dt": "1456446359", "route_id": "Red", "dwell_time_sec": "78"}, {"arr_dt": "1456446491", "direction": "0", "dep_dt": "1456446588", "route_id": "Red", "dwell_time_sec": "97"}, {"arr_dt": "1456447156", "direction": "0", "dep_dt": "1456447242", "route_id": "Red", "dwell_time_sec": "86"}, {"arr_dt": "1456447353", "direction": "0", "dep_dt": "1456447445", "route_id": "Red", "dwell_time_sec": "92"}, {"arr_dt": "1456447542", "direction": "0", "dep_dt": "1456447621", "route_id": "Red", "dwell_time_sec": "79"}, {"arr_dt": "1456447786", "direction": "0", "dep_dt": "1456447847", "route_id": "Red", "dwell_time_sec": "61"}, {"arr_dt": "1456448052", "direction": "0", "dep_dt": "1456448144", "route_id": "Red", "dwell_time_sec": "92"}, {"arr_dt": "1456448324", "direction": "0", "dep_dt": "1456448397", "route_id": "Red", "dwell_time_sec": "73"}, {"arr_dt": "1456448718", "direction": "0", "dep_dt": "1456448806", "route_id": "Red", "dwell_time_sec": "88"}, {"arr_dt": "1456448927", "direction": "0", "dep_dt": "1456448996", "route_id": "Red", "dwell_time_sec": "69"}, {"arr_dt": "1456449393", "direction": "0", "dep_dt": "1456449464", "route_id": "Red", "dwell_time_sec": "71"}, {"arr_dt": "1456449725", "direction": "0", "dep_dt": "1456449793", "route_id": "Red", "dwell_time_sec": "68"}, {"arr_dt": "1456450034", "direction": "0", "dep_dt": "1456450106", "route_id": "Red", "dwell_time_sec": "72"}, {"arr_dt": "1456450563", "direction": "0", "dep_dt": "1456450655", "route_id": "Red", "dwell_time_sec": "92"}, {"arr_dt": "1456450753", "direction": "0", "dep_dt": "1456450834", "route_id": "Red", "dwell_time_sec": "81"}, {"arr_dt": "1456450935", "direction": "0", "dep_dt": "1456451008", "route_id": "Red", "dwell_time_sec": "73"}, {"arr_dt": "1456451158", "direction": "0", "dep_dt": "1456451217", "route_id": "Red", "dwell_time_sec": "59"}, {"arr_dt": "1456451439", "direction": "0", "dep_dt": "1456451502", "route_id": "Red", "dwell_time_sec": "63"}, {"arr_dt": "1456452088", "direction": "0", "dep_dt": "1456452156", "route_id": "Red", "dwell_time_sec": "68"}, {"arr_dt": "1456452390", "direction": "0", "dep_dt": "1456452457", "route_id": "Red", "dwell_time_sec": "67"}, {"arr_dt": "1456452571", "direction": "0", "dep_dt": "1456452627", "route_id": "Red", "dwell_time_sec": "56"}, {"arr_dt": "1456452969", "direction": "0", "dep_dt": "1456453040", "route_id": "Red", "dwell_time_sec": "71"}, {"arr_dt": "1456453339", "direction": "0", "dep_dt": "1456453416", "route_id": "Red", "dwell_time_sec": "77"}, {"arr_dt": "1456453571", "direction": "0", "dep_dt": "1456453644", "route_id": "Red", "dwell_time_sec": "73"}, {"arr_dt": "1456453935", "direction": "0", "dep_dt": "1456454001", "route_id": "Red", "dwell_time_sec": "66"}, {"arr_dt": "1456454473", "direction": "0", "dep_dt": "1456454560", "route_id": "Red", "dwell_time_sec": "87"}, {"arr_dt": "1456454811", "direction": "0", "dep_dt": "1456454886", "route_id": "Red", "dwell_time_sec": "75"}, {"arr_dt": "1456454984", "direction": "0", "dep_dt": "1456455057", "route_id": "Red", "dwell_time_sec": "73"}, {"arr_dt": "1456455318", "direction": "0", "dep_dt": "1456455381", "route_id": "Red", "dwell_time_sec": "63"}, {"arr_dt": "1456455750", "direction": "0", "dep_dt": "1456455828", "route_id": "Red", "dwell_time_sec": "78"}, {"arr_dt": "1456456516", "direction": "0", "dep_dt": "1456456603", "route_id": "Red", "dwell_time_sec": "87"}, {"arr_dt": "1456457198", "direction": "0", "dep_dt": "1456457318", "route_id": "Red", "dwell_time_sec": "120"}, {"arr_dt": "1456457399", "direction": "0", "dep_dt": "1456457489", "route_id": "Red", "dwell_time_sec": "90"}, {"arr_dt": "1456457650", "direction": "0", "dep_dt": "1456457746", "route_id": "Red", "dwell_time_sec": "96"}, {"arr_dt": "1456457853", "direction": "0", "dep_dt": "1456457930", "route_id": "Red", "dwell_time_sec": "77"}, {"arr_dt": "1456458379", "direction": "0", "dep_dt": "1456458452", "route_id": "Red", "dwell_time_sec": "73"}, {"arr_dt": "1456458558", "direction": "0", "dep_dt": "1456458623", "route_id": "Red", "dwell_time_sec": "65"}, {"arr_dt": "1456458982", "direction": "0", "dep_dt": "1456459056", "route_id": "Red", "dwell_time_sec": "74"}, {"arr_dt": "1456459211", "direction": "0", "dep_dt": "1456459288", "route_id": "Red", "dwell_time_sec": "77"}, {"arr_dt": "1456459660", "direction": "0", "dep_dt": "1456459721", "route_id": "Red", "dwell_time_sec": "61"}, {"arr_dt": "1456460210", "direction": "0", "dep_dt": "1456460286", "route_id": "Red", "dwell_time_sec": "76"}, {"arr_dt": "1456460444", "direction": "0", "dep_dt": "1456460515", "route_id": "Red", "dwell_time_sec": "71"}, {"arr_dt": "1456460795", "direction": "0", "dep_dt": "1456460855", "route_id": "Red", "dwell_time_sec": "60"}, {"arr_dt": "1456461191", "direction": "0", "dep_dt": "1456461246", "route_id": "Red", "dwell_time_sec": "55"}, {"arr_dt": "1456461743", "direction": "0", "dep_dt": "1456461809", "route_id": "Red", "dwell_time_sec": "66"}, {"arr_dt": "1456461940", "direction": "0", "dep_dt": "1456462011", "route_id": "Red", "dwell_time_sec": "71"}, {"arr_dt": "1456462277", "direction": "0", "dep_dt": "1456462388", "route_id": "Red", "dwell_time_sec": "111"}, {"arr_dt": "1456462704", "direction": "0", "dep_dt": "1456462758", "route_id": "Red", "dwell_time_sec": "54"}]}