{"dwell_times": [{"arr_dt": "1465963323", "direction": "0", "dep_dt": "1465963389", "route_id": "Red", "dwell_time_sec": "66"}, {"arr_dt": "1465964171", "direction": "0", "dep_dt": "1465964250", "route_id": "Red", "dwell_time_sec": "79"}, {"arr_dt": "1465964360", "direction": "0", "dep_dt": "1465964427", "route_id": "Red", "dwell_time_sec": "67"}, {"arr_dt": "1465964755", "direction": "0", "dep_dt": "1465964818", "route_id": "Red", "dwell_time_sec": "63"}, {"arr_dt": "1465965478", "direction": "0", "dep_dt": "1465965558", "route_id": "Red", "dwell_time_sec": "80"}, {"arr_dt": "1465965669", "direction": "0", "dep_dt": "1465965724", "route_id": "Red", "dwell_time_sec": "55"}, {"arr_dt": "1465966147", "direction": "0", "dep_dt": "1465967721", "route_id": "Red", "dwell_time_sec": "1574"}, {"arr_dt": "1465983134", "direction": "0", "dep_dt": "1465983189", "route_id": "Red", "dwell_time_sec": "55"}, {"arr_dt": "1465983763", "direction": "0", "dep_dt": "1465983857", "route_id": "Red", "dwell_time_sec": "94"}, {"arr_dt": "1465984067", "direction": "0", "dep_dt": "1465984130", "route_id": "Red", "dwell_time_sec": "63"}, {"arr_dt": "1465984489", "direction": "0", "dep_dt": "1465984548", "route_id": "Red", "dwell_time_sec": "59"}, {"arr_dt": "1465984839", "direction": "0", "dep_dt": "1465984900", "route_id": "Red", "dwell_time_sec": "61"}, {"arr_dt": "1465985554", "direction": "0", "dep_dt": "1465985621", "route_id": "Red", "dwell_time_sec": "67"}, {"arr_dt": "1465986168", "direction": "0", "dep_dt": "1465986236", "route_id": "Red", "dwell_time_sec": "68"}, {"arr_dt": "1465986366", "direction": "0", "dep_dt": "1465986452", "route_id": "Red", "dwell_time_sec": "86"}, {"arr_dt": "1465986767", "direction": "0", "dep_dt": "1465986828", "route_id": "Red", "dwell_time_sec": "61"}, {"arr_dt": "1465987065", "direction": "0", "dep_dt": "1465987155", "route_id": "Red", "dwell_time_sec": "90"}, {"arr_dt": "1465987327", "direction": "0", "dep_dt": "1465987390", "route_id": "Red", "dwell_time_sec": "63"}, {"arr_dt": "1465987603", "direction": "0", "dep_dt": "1465987658", "route_id": "Red", "dwell_time_sec": "55"}, {"arr_dt": "1465987918", "direction": "0", "dep_dt": "1465987997", "route_id": "Red", "dwell_time_sec": "79"}, {"arr_dt": "1465988248", "direction": "0", "dep_dt": "1465988319", "route_id": "Red", "dwell_time_sec": "71"}, {"arr_dt": "1465988518", "direction": "0", "dep_dt": "1465988581", "route_id": "Red", "dwell_time_sec": "63"}, {"arr_dt": "1465989041", "direction": "0", "dep_dt": "1465989119", "route_id": "Red", "dwell_time_sec": "78"}, {"arr_dt": "1465989224", "direction": "0", "dep_dt": "1465989293", "route_id": "Red", "dwell_time_sec": "69"}, {"arr_dt": "1465989410", "direction": "0", "dep_dt": "1465989483", "route_id": "Red", "dwell_time_sec": "73"}, {"arr_dt": "1465989620", "direction": "0", "dep_dt": "1465989730", "route_id": "Red", "dwell_time_sec": "110"}, {"arr_dt": "1465989888", "direction": "0", "dep_dt": "1465989954", "route_id": "Red", "dwell_time_sec": "66"}, {"arr_dt": "1465990157", "direction": "0", "dep_dt": "1465990238", "route_id": "Red", "dwell_time_sec": "81"}, {"arr_dt": "1465990573", "direction": "0", "dep_dt": "1465990660", "route_id": "Red", "dwell_time_sec": "87"}, {"arr_dt": "1465990766", "direction": "0", "dep_dt": "1465990849", "route_id": "Red", "dwell_time_sec": "83"}, {"arr_dt": "1465990979", "direction": "0", "dep_dt": "1465991062", "route_id": "Red", "dwell_time_sec": "83"}, {"arr_dt": "1465991157", "direction": "0", "dep_dt": "1465991253", "route_id": "Red", "dwell_time_sec": "96"}, {"arr_dt": "1465991391", "direction": "0", "dep_dt": "1465991468", "route_id": "Red", "dwell_time_sec": "77"}, {"arr_dt": "1465991598", "direction": "0", "dep_dt": "1465991684", "route_id": "Red", "dwell_time_sec": "86"}, {"arr_dt": "1465991795", "direction": "0", "dep_dt": "1465991866", "route_id": "Red", "dwell_time_sec": "71"}, {"arr_dt": "1465992038", "direction": "0", "dep_dt": "1465992126", "route_id": "Red", "dwell_time_sec": "88"}, {"arr_dt": "1465992333", "direction": "0", "dep_dt": "1465992415", "route_id": "Red", "dwell_time_sec": "82"}, {"arr_dt": "1465992549", "direction": "0", "dep_dt": "1465992629", "route_id": "Red", "dwell_time_sec": "80"}, {"arr_dt": "1465992739", "direction": "0", "dep_dt": "1465992843", "route_id": "Red", "dwell_time_sec": "104"}, {"arr_dt": "1465992937", "direction": "0", "dep_dt": "1465993037", "route_id": "Red", "dwell_time_sec": "100"}, {"arr_dt": "1465993224", "direction": "0", "dep_dt": "1465993311", "route_id": "Red", "dwell_time_sec": "87"}, {"arr_dt": "1465993778", "direction": "0", "dep_dt": "1465993899", "route_id": "Red", "dwell_time_sec": "121"}, {"arr_dt": "1465993993", "direction": "0", "dep_dt": "1465994126", "route_id": "Red", "dwell_time_sec": "133"}, {"arr_dt": "1465994229", "direction": "0", "dep_dt": "1465994336", "route_id": "Red", "dwell_time_sec": "107"}, {"arr_dt": "1465994465", "direction": "0", "dep_dt": "1465994591", "route_id": "Red", "dwell_time_sec": "126"}, {"arr_dt": "1465994673", "direction": "0", "dep_dt": "1465994765", "route_id": "Red", "dwell_time_sec": "92"}, {"arr_dt": "1465994874", "direction": "0", "dep_dt": "1465994959", "route_id": "Red", "dwell_time_sec": "85"}, {"arr_dt": "1465995057", "direction": "0", "dep_dt": "1465995156", "route_id": "Red", "dwell_time_sec": "99"}, {"arr_dt": "1465995372", "direction": "0", "dep_dt": "1465995476", "route_id": "Red", "dwell_time_sec": "104"}, {"arr_dt": "1465995615", "direction": "0", "dep_dt": "1465995693", "route_id": "Red", "dwell_time_sec": "78"}, {"arr_dt": "1465995814", "direction": "0", "dep_dt": "1465995892", "route_id": "Red", "dwell_time_sec": "78"}, {"arr_dt": "1465996056", "direction": "0", "dep_dt": "1465996150", "route_id": "Red", "dwell_time_sec": "94"}, {"arr_dt": "1465996255", "direction": "0", "dep_dt": "1465996356", "route_id": "Red", "dwell_time_sec": "101"}, {"arr_dt": "1465996476", "direction": "0", "dep_dt": "1465996555", "route_id": "Red", "dwell_time_sec": "79"}, {"arr_dt": "1465996664", "direction": "0", "dep_dt": "1465996737", "route_id": "Red", "dwell_time_sec": "73"}, {"arr_dt": "1465996852", "direction": "0", "dep_dt": "1465996921", "route_id": "Red", "dwell_time_sec": "69"}, {"arr_dt": "1465997025", "direction": "0", "dep_dt": "1465997109", "route_id": "Red", "dwell_time_sec": "84"}, {"arr_dt": "1465997386", "direction": "0", "dep_dt": "1465997477", "route_id": "Red", "dwell_time_sec": "91"}, {"arr_dt": "1465997590", "direction": "0", "dep_dt": "1465997665", "route_id": "Red", "dwell_time_sec": "75"}, {"arr_dt": "1465997905", "direction": "0", "dep_dt": "1465997988", "route_id": "Red", "dwell_time_sec": "83"}, {"arr_dt": "1465998100", "direction": "0", "dep_dt": "1465998184", "route_id": "Red", "dwell_time_sec": "84"}, {"arr_dt": "1465998291", "direction": "0", "dep_dt": "1465998384", "route_id": "Red", "dwell_time_sec": "93"}, {"arr_dt": "1465998498", "direction": "0", "dep_dt": "1465998570", "route_id": "Red", "dwell_time_sec": "72"}, {"arr_dt": "1465998763", "direction": "0", "dep_dt": "1465998842", "route_id": "Red", "dwell_time_sec": "79"}, {"arr_dt": "1465999001", "direction": "0", "dep_dt": "1465999080", "route_id": "Red", "dwell_time_sec": "79"}, {"arr_dt": "1465999180", "direction": "0", "dep_dt": "1465999255", "route_id": "Red", "dwell_time_sec": "75"}, {"arr_dt": "1465999654", "direction": "0", "dep_dt": "1465999789", "route_id": "Red", "dwell_time_sec": "135"}, {"arr_dt": "1465999917", "direction": "0", "dep_dt": "1465999997", "route_id": "Red", "dwell_time_sec": "80"}, {"arr_dt": "1466000101", "direction": "0", "dep_dt": "1466000173", "route_id": "Red", "dwell_time_sec": "72"}, {"arr_dt": "1466000287", "direction": "0", "dep_dt": "1466000360", "route_id": "Red", "dwell_time_sec": "73"}, {"arr_dt": "1466000455", "direction": "0", "dep_dt": "1466000528", "route_id": "Red", "dwell_time_sec": "73"}, {"arr_dt": "1466000684", "direction": "0", "dep_dt": "1466000738", "route_id": "Red", "dwell_time_sec": "54"}, {"arr_dt": "1466000835", "direction": "0", "dep_dt": "1466000894", "route_id": "Red", "dwell_time_sec": "59"}, {"arr_dt": "1466001164", "direction": "0", "dep_dt": "1466001232", "route_id": "Red", "dwell_time_sec": "68"}, {"arr_dt": "1466001385", "direction": "0", "dep_dt": "1466001457", "route_id": "Red", "dwell_time_sec": "72"}, {"arr_dt": "1466001736", "direction": "0", "dep_dt": "1466001803", "route_id": "Red", "dwell_time_sec": "67"}, {"arr_dt": "1466002173", "direction": "0", "dep_dt": "1466002238", "route_id": "Red", "dwell_time_sec": "65"}, {"arr_dt": "1466002472", "direction": "0", "dep_dt": "1466002555", "route_id": "Red", "dwell_time_sec": "83"}, {"arr_dt": "1466002654", "direction": "0", "dep_dt": "1466002723", "route_id": "Red", "dwell_time_sec": "69"}, {"arr_dt": "1466003043", "direction": "0", "dep_dt": "1466003107", "route_id": "Red", "dwell_time_sec": "64"}, {"arr_dt": "1466003526", "direction": "0", "dep_dt": "1466003672", "route_id": "Red", "dwell_time_sec": "146"}, {"arr_dt": "1466003771", "direction": "0", "dep_dt": "1466003849", "route_id": "Red", "dwell_time_sec": "78"}, {"arr_dt": "1466004330", "direction": "0", "dep_dt": "1466004400", "route_id": "Red", "dwell_time_sec": "70"}, {"arr_dt": "1466004878", "direction": "0", "dep_dt": "1466004940", "route_id": "Red", "dwell_time_sec": "62"}, {"arr_dt": "1466005538", "direction": "0", "dep_dt": "1466005643", "route_id": "Red", "dwell_time_sec": "105"}, {"arr_dt": "1466005789", "direction": "0", "dep_dt": "1466005873", "route_id": "Red", "dwell_time_sec": "84"}, {"arr_dt": "1466005968", "direction": "0", "dep_dt": "1466006060", "route_id": "Red", "dwell_time_sec": "92"}, {"arr_dt": "1466006335", "direction": "0", "dep_dt": "1466006422", "route_id": "Red", "dwell_time_sec": "87"}, {"arr_dt": "1466006714", "direction": "0", "dep_dt": "1466006781", "route_id": "Red", "dwell_time_sec": "67"}, {"arr_dt": "1466007273", "direction": "0", "dep_dt": "1466007361", "route_id": "Red", "dwell_time_sec": "88"}, {"arr_dt": "1466007675", "direction": "0", "dep_dt": "1466007746", "route_id": "Red", "dwell_time_sec": "71"}, {"arr_dt": "1466007923", "direction": "0", "dep_dt": "1466007982", "route_id": "Red", "dwell_time_sec": "59"}, {"arr_dt": "1466008536", "direction": "0", "dep_dt": "1466008619", "route_id": "Red", "dwell_time_sec": "83"}, {"arr_dt": "1466008836", "direction": "0", "dep_dt": "1466008906", "route_id": "Red", "dwell_time_sec": "70"}, {"arr_dt": "1466009268", "direction": "0", "dep_dt": "1466009337", "route_id": "Red", "dwell_time_sec": "69"}, {"arr_dt": "1466009737", "direction": "0", "dep_dt": "1466009827", "route_id": "Red", "dwell_time_sec": "90"}, {"arr_dt": "1466010061", "direction": "0", "dep_dt": "1466010145", "route_id": "Red", "dwell_time_sec": "84"}, {"arr_dt": "1466010652", "direction": "0", "dep_dt": "1466010733", "route_id": "Red", "dwell_time_sec": "81"}, {"arr_dt": "1466011236", "direction": "0", "dep_dt": "1466011322", "route_id": "Red", "dwell_time_sec": "86"}, {"arr_dt": "1466011571", "direction": "0", "dep_dt": "1466011644", "route_id": "Red", "dwell_time_sec": "73"}, {"arr_dt": "1466012097", "direction": "0", "dep_dt": "1466012181", "route_id": "Red", "dwell_time_sec": "84"}, {"arr_dt": "1466012352", "direction": "0", "dep_dt": "1466012428", "route_id": "Red", "dwell_time_sec": "76"}, {"arr_dt": "1466012722", "direction": "0", "dep_dt": "1466012788", "route_id": "Red", "dwell_time_sec": "66"}, {"arr_dt": "1466013367", "direction": "0", "dep_dt": "1466013466", "route_id": "Red", "dwell_time_sec": "99"}, {"arr_dt": "1466013722", "direction": "0", "dep_dt": "1466013791", "route_id": "Red", "dwell_time_sec": "69"}, {"arr_dt": "1466013933", "direction": "0", "dep_dt": "1466014035", "route_id": "Red", "dwell_time_sec": "102"}, {"arr_dt": "1466014312", "direction": "0", "dep_dt": "1466014399", "route_id": "Red", "dwell_time_sec": "87"}, {"arr_dt": "1466014805", "direction": "0", "dep_dt": "1466014891", "route_id": "Red", "dwell_time_sec": "86"}, {"arr_dt": "1466015136", "direction": "0", "dep_dt": "1466015212", "route_id": "Red", "dwell_time_sec": "76"}, {"arr_dt": "1466015615", "direction": "0", "dep_dt": "1466015687", "route_id": "Red", "dwell_time_sec": "72"}, {"arr_dt": "1466016121", "direction": "0", "dep_dt": "1466016208", "route_id": "Red", "dwell_time_sec": "87"}, {"arr_dt": "1466016385", "direction": "0", "dep_dt": "1466016451", "route_id": "Red", "dwell_time_sec": "66"}, {"arr_dt": "1466017088", "direction": "0", "dep_dt": "1466017207", "route_id": "Red", "dwell_time_sec": "119"}, {"arr_dt": "1466017533", "direction": "0", "dep_dt": "1466017656", "route_id": "Red", "dwell_time_sec": "123"}, {"arr_dt": "1466017751", "direction": "0", "dep_dt": "1466017833", "route_id": "Red", "dwell_time_sec": "82"}, {"arr_dt": "1466018059", "direction": "0", "dep_dt": "1466018126", "route_id": "Red", "dwell_time_sec": "67"}, {"arr_dt": "1466018728", "direction": "0", "dep_dt": "1466018865", "route_id": "Red", "dwell_time_sec": "137"}, {"arr_dt": "1466018946", "direction": "0", "dep_dt": "1466019038", "route_id": "Red", "dwell_time_sec": "92"}, {"arr_dt": "1466019324", "direction": "0", "dep_dt": "1466019393", "route_id": "Red", "dwell_time_sec": "69"}, {"arr_dt": "1466019596", "direction": "0", "dep_dt": "1466019681", "route_id": "Red", "dwell_time_sec": "85"}, {"arr_dt": "1466020149", "direction": "0", "dep_dt": "1466020260", "route_id": "Red", "dwell_time_sec": "111"}, {"arr_dt": "1466020368", "direction": "0", "dep_dt": "1466020458", "route_id": "Red", "dwell_time_sec": "90"}, {"arr_dt": "1466020621", "direction": "0", "dep_dt": "1466020701", "route_id": "Red", "dwell_time_sec": "80"}, {"arr_dt": "1466021027", "direction": "0", "dep_dt": "1466021133", "route_id": "Red", "dwell_time_sec": "106"}, {"arr_dt": "1466021273", "direction": "0", "dep_dt": "1466021356", "route_id": "Red", "dwell_time_sec": "83"}, {"arr_dt": "1466021540", "direction": "0", "dep_dt": "1466021615", "route_id": "Red", "dwell_time_sec": "75"}, {"arr_dt": "1466022028", "direction": "0", "dep_dt": "1466022114", "route_id": "Red", "dwell_time_sec": "86"}, {"arr_dt": "1466022487", "direction": "0", "dep_dt": "1466022598", "route_id": "Red", "dwell_time_sec": "111"}, {"arr_dt": "1466022825", "direction": "0", "dep_dt": "1466022939", "route_id": "Red", "dwell_time_sec": "114"}, {"arr_dt": "1466023049", "direction": "0", "dep_dt": "1466023156", "route_id": "Red", "dwell_time_sec": "107"}, {"arr_dt": "1466023270", "direction": "0", "dep_dt": "1466023361", "route_id": "Red", "dwell_time_sec": "91"}, {"arr_dt": "1466023467", "direction": "0", "dep_dt": "1466023579", "route_id": "Red", "dwell_time_sec": "112"}, {"arr_dt": "1466023681", "direction": "0", "dep_dt": "1466023786", "route_id": "Red", "dwell_time_sec": "105"}, {"arr_dt": "1466023904", "direction": "0", "dep_dt": "1466023988", "route_id": "Red", "dwell_time_sec": "84"}, {"arr_dt": "1466024093", "direction": "0", "dep_dt": "1466024177", "route_id": "Red", "dwell_time_sec": "84"}, {"arr_dt": "1466024306", "direction": "0", "dep_dt": "1466024376", "route_id": "Red", "dwell_time_sec": "70"}, {"arr_dt": "1466024675", "direction": "0", "dep_dt": "1466024769", "route_id": "Red", "dwell_time_sec": "94"}, {"arr_dt": "1466024876", "direction": "0", "dep_dt": "1466024980", "route_id": "Red", "dwell_time_sec": "104"}, {"arr_dt": "1466025175", "direction": "0", "dep_dt": "1466025318", "route_id": "Red", "dwell_time_sec": "143"}, {"arr_dt": "1466025463", "direction": "0", "dep_dt": "1466025562", "route_id": "Red", "dwell_time_sec": "99"}, {"arr_dt": "1466025680", "direction": "0", "dep_dt": "1466025801", "route_id": "Red", "dwell_time_sec": "121"}, {"arr_dt": "1466025886", "direction": "0", "dep_dt": "1466025977", "route_id": "Red", "dwell_time_sec": "91"}, {"arr_dt": "1466026271", "direction": "0", "dep_dt": "1466026349", "route_id": "Red", "dwell_time_sec": "78"}, {"arr_dt": "1466026460", "direction": "0", "dep_dt": "1466026545", "route_id": "Red", "dwell_time_sec": "85"}, {"arr_dt": "1466026655", "direction": "0", "dep_dt": "1466026766", "route_id": "Red", "dwell_time_sec": "111"}, {"arr_dt": "1466026855", "direction": "0", "dep_dt": "1466026955", "route_id": "Red", "dwell_time_sec": "100"}, {"arr_dt": "1466027071", "direction": "0", "dep_dt": "1466027166", "route_id": "Red", "dwell_time_sec": "95"}, {"arr_dt": "1466027296", "direction": "0", "dep_dt": "1466027423", "route_id": "Red", "dwell_time_sec": "127"}, {"arr_dt": "1466027505", "direction": "0", "dep_dt": "1466027620", "route_id": "Red", "dwell_time_sec": "115"}, {"arr_dt": "1466027691", "direction": "0", "dep_dt": "1466027786", "route_id": "Red", "dwell_time_sec": "95"}, {"arr_dt": "1466027872", "direction": "0", "dep_dt": "1466027978", "route_id": "Red", "dwell_time_sec": "106"}, {"arr_dt": "1466028068", "direction": "0", "dep_dt": "1466028159", "route_id": "Red", "dwell_time_sec": "91"}, {"arr_dt": "1466028249", "direction": "0", "dep_dt": "1466028343", "route_id": "Red", "dwell_time_sec": "94"}, {"arr_dt": "1466028463", "direction": "0", "dep_dt": "1466028554", "route_id": "Red", "dwell_time_sec": "91"}, {"arr_dt": "1466028894", "direction": "0", "dep_dt": "1466028998", "route_id": "Red", "dwell_time_sec": "104"}, {"arr_dt": "1466029105", "direction": "0", "dep_dt": "1466029214", "route_id": "Red", "dwell_time_sec": "109"}, {"arr_dt": "1466029477", "direction": "0", "dep_dt": "1466029575", "route_id": "Red", "dwell_time_sec": "98"}, {"arr_dt": "1466030196", "direction": "0", "dep_dt": "1466030328", "route_id": "Red", "dwell_time_sec": "132"}, {"arr_dt": "1466030427", "direction": "0", "dep_dt": "1466030537", "route_id": "Red", "dwell_time_sec": "110"}, {"arr_dt": "1466030669", "direction": "0", "dep_dt": "1466030753", "route_id": "Red", "dwell_time_sec": "84"}, {"arr_dt": "1466030839", "direction": "0", "dep_dt": "1466030921", "route_id": "Red", "dwell_time_sec": "82"}, {"arr_dt": "1466031021", "direction": "0", "dep_dt": "1466031106", "route_id": "Red", "dwell_time_sec": "85"}, {"arr_dt": "1466031198", "direction": "0", "dep_dt": "1466031277", "route_id": "Red", "dwell_time_sec": "79"}, {"arr_dt": "1466031373", "direction": "0", "dep_dt": "1466031453", "route_id": "Red", "dwell_time_sec": "80"}, {"arr_dt": "1466031564", "direction": "0", "dep_dt": "1466031632", "route_id": "Red", "dwell_time_sec": "68"}, {"arr_dt": "1466031787", "direction": "0", "dep_dt": "1466031885", "route_id": "Red", "dwell_time_sec": "98"}, {"arr_dt": "1466031987", "direction": "0", "dep_dt": "1466032065", "route_id": "Red", "dwell_time_sec": "78"}, {"arr_dt": "1466032327", "direction": "0", "dep_dt": "1466032403", "route_id": "Red", "dwell_time_sec": "76"}, {"arr_dt": "1466032703", "direction": "0", "dep_dt": "1466032812", "route_id": "Red", "dwell_time_sec": "109"}, {"arr_dt": "1466032901", "direction": "0", "dep_dt": "1466032986", "route_id": "Red", "dwell_time_sec": "85"}, {"arr_dt": "1466033114", "direction": "0", "dep_dt": "1466033197", "route_id": "Red", "dwell_time_sec": "83"}, {"arr_dt": "1466033306", "direction": "0", "dep_dt": "1466033398", "route_id": "Red", "dwell_time_sec": "92"}, {"arr_dt": "1466033612", "direction": "0", "dep_dt": "1466033703", "route_id": "Red", "dwell_time_sec": "91"}, {"arr_dt": "1466033796", "direction": "0", "dep_dt": "1466033877", "route_id": "Red", "dwell_time_sec": "81"}, {"arr_dt": "1466033984", "direction": "0", "dep_dt": "1466034062", "route_id": "Red", "dwell_time_sec": "78"}, {"arr_dt": "1466034330", "direction": "0", "dep_dt": "1466034399", "route_id": "Red", "dwell_time_sec": "69"}, {"arr_dt": "1466034604", "direction": "0", "dep_dt": "1466034691", "route_id": "Red", "dwell_time_sec": "87"}, {"arr_dt": "1466034924", "direction": "0", "dep_dt": "1466035007", "route_id": "Red", "dwell_time_sec": "83"}, {"arr_dt": "1466035342", "direction": "0", "dep_dt": "1466035441", "route_id": "Red", "dwell_time_sec": "99"}, {"arr_dt": "1466035912", "direction": "0", "dep_dt": "1466035979", "route_id": "Red", "dwell_time_sec": "67"}, {"arr_dt": "1466036244", "direction": "0", "dep_dt": "1466036308", "route_id": "Red", "dwell_time_sec": "64"}, {"arr_dt": "1466036481", "direction": "0", "dep_dt": "1466036551", "route_id": "Red", "dwell_time_sec": "70"}, {"arr_dt": "1466036815", "direction": "0", "dep_dt": "1466036886", "route_id": "Red", "dwell_time_sec": "71"}, {"arr_dt": "1466037050", "direction": "0", "dep_dt": "1466037116", "route_id": "Red", "dwell_time_sec": "66"}, {"arr_dt": "1466037233", "direction": "0", "dep_dt": "1466037292", "route_id": "Red", "dwell_time_sec": "59"}, {"arr_dt": "1466037472", "direction": "0", "dep_dt": "1466037564", "route_id": "Red", "dwell_time_sec": "92"}, {"arr_dt": "1466037737", "direction": "0", "dep_dt": "1466037801", "route_id": "Red", "dwell_time_sec": "64"}, {"arr_dt": "1466037919", "direction": "0", "dep_dt": "1466037985", "route_id": "Red", "dwell_time_sec": "66"}, {"arr_dt": "1466038513", "direction": "0", "dep_dt": "1466038634", "route_id": "Red", "dwell_time_sec": "121"}, {"arr_dt": "1466038822", "direction": "0", "dep_dt": "1466038885", "route_id": "Red", "dwell_time_sec": "63"}, {"arr_dt": "1466039432", "direction": "0", "dep_dt": "1466039509", "route_id": "Red", "dwell_time_sec": "77"}, {"arr_dt": "1466039871", "direction": "0", "dep_dt": "1466039963", "route_id": "Red", "dwell_time_sec": "92"}, {"arr_dt": "1466040452", "direction": "0", "dep_dt": "1466040539", "route_id": "Red", "dwell_time_sec": "87"}, {"arr_dt": "1466040729", "direction": "0", "dep_dt": "1466040815", "route_id": "Red", "dwell_time_sec": "86"}, {"arr_dt": "1466041152", "direction": "0", "dep_dt": "1466041224", "route_id": "Red", "dwell_time_sec": "72"}, {"arr_dt": "1466041331", "direction": "0", "dep_dt": "1466041391", "route_id": "Red", "dwell_time_sec": "60"}, {"arr_dt": "1466041657", "direction": "0", "dep_dt": "1466041732", "route_id": "Red", "dwell_time_sec": "75"}, {"arr_dt": "1466042166", "direction": "0", "dep_dt": "1466042291", "route_id": "Red", "dwell_time_sec": "125"}, {"arr_dt": "1466042366", "direction": "0", "dep_dt": "1466042466", "route_id": "Red", "dwell_time_sec": "100"}, {"arr_dt": "1466042557", "direction": "0", "dep_dt": "1466042694", "route_id": "Red", "dwell_time_sec": "137"}, {"arr_dt": "1466042784", "direction": "0", "dep_dt": "1466042871", "route_id": "Red", "dwell_time_sec": "87"}, {"arr_dt": "1466043107", "direction": "0", "dep_dt": "1466043200", "route_id": "Red", "dwell_time_sec": "93"}, {"arr_dt": "1466043736", "direction": "0", "dep_dt": "1466043808", "route_id": "Red", "dwell_time_sec": "72"}, {"arr_dt": "1466043926", "direction": "0", "dep_dt": "1466044036", "route_id": "Red", "dwell_time_sec": "110"}, {"arr_dt": "1466044198", "direction": "0", "dep_dt": "1466044300", "route_id": "Red", "dwell_time_sec": "102"}, {"arr_dt": "1466044413", "direction": "0", "dep_dt": "1466044523", "route_id": "Red", "dwell_time_sec": "110"}, {"arr_dt": "1466044628", "direction": "0", "dep_dt": "1466044694", "route_id": "Red", "dwell_time_sec": "66"}, {"arr_dt": "1466045410", "direction": "0", "dep_dt": "1466045514", "route_id": "Red", "dwell_time_sec": "104"}, {"arr_dt": "1466045643", "direction": "0", "dep_dt": "1466045730", "route_id": "Red", "dwell_time_sec": "87"}, {"arr_dt": "1466045838", "direction": "0", "dep_dt": "1466045908", "route_id": "Red", "dwell_time_sec": "70"}, {"arr_dt": "1466046393", "direction": "0", "dep_dt": "1466046531", "route_id": "Red", "dwell_time_sec": "138"}, {"arr_dt": "1466046774", "direction": "0", "dep_dt": "1466046878", "route_id": "Red", "dwell_time_sec": "104"}, {"arr_dt": "1466047376", "direction": "0", "dep_dt": "1466047460", "route_id": "Red", "dwell_time_sec": "84"}, {"arr_dt": "1466047597", "direction": "0", "dep_dt": "1466047691", "route_id": "Red", "dwell_time_sec": "94"}, {"arr_dt": "1466047818", "direction": "0", "dep_dt": "1466047890", "route_id": "Red", "dwell_time_sec": "72"}, {"arr_dt": "1466048110", "direction": "0", "dep_dt": "1466048192", "route_id": "Red", "dwell_time_sec": "82"}, {"arr_dt": "1466048348", "direction": "0", "dep_dt": "1466048411", "route_id": "Red", "dwell_time_sec": "63"}, {"arr_dt": "1466048921", "direction": "0", "dep_dt": "1466048980", "route_id": "Red", "dwell_time_sec": "59"}, {"arr_dt": "1466049428", "direction": "0", "dep_dt": "1466049557", "route_id": "Red", "dwell_time_sec": "129"}]}