{"dwell_times": [{"arr_dt": "1474862785", "direction": "0", "dep_dt": "1474862844", "route_id": "Red", "dwell_time_sec": "59"}, {"arr_dt": "1474863429", "direction": "0", "dep_dt": "1474863507", "route_id": "Red", "dwell_time_sec": "78"}, {"arr_dt": "1474863651", "direction": "0", "dep_dt": "1474863718", "route_id": "Red", "dwell_time_sec": "67"}, {"arr_dt": "1474864036", "direction": "0", "dep_dt": "1474864100", "route_id": "Red", "dwell_time_sec": "64"}, {"arr_dt": "1474864310", "direction": "0", "dep_dt": "1474864352", "route_id": "Red", "dwell_time_sec": "42"}, {"arr_dt": "1474865328", "direction": "0", "dep_dt": "1474866848", "route_id": "Red", "dwell_time_sec": "1520"}, {"arr_dt": "1474882476", "direction": "0", "dep_dt": "1474882558", "route_id": "Red", "dwell_time_sec": "82"}, {"arr_dt": "1474882944", "direction": "0", "dep_dt": "1474882994", "route_id": "Red", "dwell_time_sec": "50"}, {"arr_dt": "1474883240", "direction": "0", "dep_dt": "1474883301", "route_id": "Red", "dwell_time_sec": "61"}, {"arr_dt": "1474883723", "direction": "0", "dep_dt": "1474883788", "route_id": "Red", "dwell_time_sec": "65"}, {"arr_dt": "1474884193", "direction": "0", "dep_dt": "1474884255", "route_id": "Red", "dwell_time_sec": "62"}, {"arr_dt": "1474884655", "direction": "0", "dep_dt": "1474884744", "route_id": "Red", "dwell_time_sec": "89"}, {"arr_dt": "1474885400", "direction": "0", "dep_dt": "1474885459", "route_id": "Red", "dwell_time_sec": "59"}, {"arr_dt": "1474885707", "direction": "0", "dep_dt": "1474885765", "route_id": "Red", "dwell_time_sec": "58"}, {"arr_dt": "1474885969", "direction": "0", "dep_dt": "1474886031", "route_id": "Red", "dwell_time_sec": "62"}, {"arr_dt": "1474886215", "direction": "0", "dep_dt": "1474886281", "route_id": "Red", "dwell_time_sec": "66"}, {"arr_dt": "1474886463", "direction": "0", "dep_dt": "1474886541", "route_id": "Red", "dwell_time_sec": "78"}, {"arr_dt": "1474886844", "direction": "0", "dep_dt": "1474886914", "route_id": "Red", "dwell_time_sec": "70"}, {"arr_dt": "1474887083", "direction": "0", "dep_dt": "1474887148", "route_id": "Red", "dwell_time_sec": "65"}, {"arr_dt": "1474887482", "direction": "0", "dep_dt": "1474887553", "route_id": "Red", "dwell_time_sec": "71"}, {"arr_dt": "1474887797", "direction": "0", "dep_dt": "1474887864", "route_id": "Red", "dwell_time_sec": "67"}, {"arr_dt": "1474888094", "direction": "0", "dep_dt": "1474888170", "route_id": "Red", "dwell_time_sec": "76"}, {"arr_dt": "1474888276", "direction": "0", "dep_dt": "1474888355", "route_id": "Red", "dwell_time_sec": "79"}, {"arr_dt": "1474888493", "direction": "0", "dep_dt": "1474888567", "route_id": "Red", "dwell_time_sec": "74"}, {"arr_dt": "1474888678", "direction": "0", "dep_dt": "1474888750", "route_id": "Red", "dwell_time_sec": "72"}, {"arr_dt": "1474888913", "direction": "0", "dep_dt": "1474889005", "route_id": "Red", "dwell_time_sec": "92"}, {"arr_dt": "1474889180", "direction": "0", "dep_dt": "1474889267", "route_id": "Red", "dwell_time_sec": "87"}, {"arr_dt": "1474889410", "direction": "0", "dep_dt": "1474889496", "route_id": "Red", "dwell_time_sec": "86"}, {"arr_dt": "1474889602", "direction": "0", "dep_dt": "1474889689", "route_id": "Red", "dwell_time_sec": "87"}, {"arr_dt": "1474889856", "direction": "0", "dep_dt": "1474889933", "route_id": "Red", "dwell_time_sec": "77"}, {"arr_dt": "1474890095", "direction": "0", "dep_dt": "1474890255", "route_id": "Red", "dwell_time_sec": "160"}, {"arr_dt": "1474890401", "direction": "0", "dep_dt": "1474890478", "route_id": "Red", "dwell_time_sec": "77"}, {"arr_dt": "1474890632", "direction": "0", "dep_dt": "1474890715", "route_id": "Red", "dwell_time_sec": "83"}, {"arr_dt": "1474891189", "direction": "0", "dep_dt": "1474891287", "route_id": "Red", "dwell_time_sec": "98"}, {"arr_dt": "1474891608", "direction": "0", "dep_dt": "1474891718", "route_id": "Red", "dwell_time_sec": "110"}, {"arr_dt": "1474891824", "direction": "0", "dep_dt": "1474891920", "route_id": "Red", "dwell_time_sec": "96"}, {"arr_dt": "1474892052", "direction": "0", "dep_dt": "1474892215", "route_id": "Red", "dwell_time_sec": "163"}, {"arr_dt": "1474892312", "direction": "0", "dep_dt": "1474892413", "route_id": "Red", "dwell_time_sec": "101"}, {"arr_dt": "1474892528", "direction": "0", "dep_dt": "1474892614", "route_id": "Red", "dwell_time_sec": "86"}, {"arr_dt": "1474892735", "direction": "0", "dep_dt": "1474892820", "route_id": "Red", "dwell_time_sec": "85"}, {"arr_dt": "1474892937", "direction": "0", "dep_dt": "1474893027", "route_id": "Red", "dwell_time_sec": "90"}, {"arr_dt": "1474893141", "direction": "0", "dep_dt": "1474893261", "route_id": "Red", "dwell_time_sec": "120"}, {"arr_dt": "1474893460", "direction": "0", "dep_dt": "1474893565", "route_id": "Red", "dwell_time_sec": "105"}, {"arr_dt": "1474893681", "direction": "0", "dep_dt": "1474893808", "route_id": "Red", "dwell_time_sec": "127"}, {"arr_dt": "1474894050", "direction": "0", "dep_dt": "1474894166", "route_id": "Red", "dwell_time_sec": "116"}, {"arr_dt": "1474894327", "direction": "0", "dep_dt": "1474894428", "route_id": "Red", "dwell_time_sec": "101"}, {"arr_dt": "1474894546", "direction": "0", "dep_dt": "1474894637", "route_id": "Red", "dwell_time_sec": "91"}, {"arr_dt": "1474894752", "direction": "0", "dep_dt": "1474894844", "route_id": "Red", "dwell_time_sec": "92"}, {"arr_dt": "1474894965", "direction": "0", "dep_dt": "1474895067", "route_id": "Red", "dwell_time_sec": "102"}, {"arr_dt": "1474895229", "direction": "0", "dep_dt": "1474895314", "route_id": "Red", "dwell_time_sec": "85"}, {"arr_dt": "1474895432", "direction": "0", "dep_dt": "1474895507", "route_id": "Red", "dwell_time_sec": "75"}, {"arr_dt": "1474895616", "direction": "0", "dep_dt": "1474895703", "route_id": "Red", "dwell_time_sec": "87"}, {"arr_dt": "1474895824", "direction": "0", "dep_dt": "1474895914", "route_id": "Red", "dwell_time_sec": "90"}, {"arr_dt": "1474896031", "direction": "0", "dep_dt": "1474896112", "route_id": "Red", "dwell_time_sec": "81"}, {"arr_dt": "1474896226", "direction": "0", "dep_dt": "1474896291", "route_id": "Red", "dwell_time_sec": "65"}, {"arr_dt": "1474896399", "direction": "0", "dep_dt": "1474896468", "route_id": "Red", "dwell_time_sec": "69"}, {"arr_dt": "1474896579", "direction": "0", "dep_dt": "1474896651", "route_id": "Red", "dwell_time_sec": "72"}, {"arr_dt": "1474896824", "direction": "0", "dep_dt": "1474896898", "route_id": "Red", "dwell_time_sec": "74"}, {"arr_dt": "1474897021", "direction": "0", "dep_dt": "1474897083", "route_id": "Red", "dwell_time_sec": "62"}, {"arr_dt": "1474897198", "direction": "0", "dep_dt": "1474897263", "route_id": "Red", "dwell_time_sec": "65"}, {"arr_dt": "1474897780", "direction": "0", "dep_dt": "1474897867", "route_id": "Red", "dwell_time_sec": "87"}, {"arr_dt": "1474897989", "direction": "0", "dep_dt": "1474898066", "route_id": "Red", "dwell_time_sec": "77"}, {"arr_dt": "1474898177", "direction": "0", "dep_dt": "1474898256", "route_id": "Red", "dwell_time_sec": "79"}, {"arr_dt": "1474898373", "direction": "0", "dep_dt": "1474898439", "route_id": "Red", "dwell_time_sec": "66"}, {"arr_dt": "1474898546", "direction": "0", "dep_dt": "1474898610", "route_id": "Red", "dwell_time_sec": "64"}, {"arr_dt": "1474898855", "direction": "0", "dep_dt": "1474898925", "route_id": "Red", "dwell_time_sec": "70"}, {"arr_dt": "1474899038", "direction": "0", "dep_dt": "1474899111", "route_id": "Red", "dwell_time_sec": "73"}, {"arr_dt": "1474899500", "direction": "0", "dep_dt": "1474899589", "route_id": "Red", "dwell_time_sec": "89"}, {"arr_dt": "1474899704", "direction": "0", "dep_dt": "1474899807", "route_id": "Red", "dwell_time_sec": "103"}, {"arr_dt": "1474900027", "direction": "0", "dep_dt": "1474900127", "route_id": "Red", "dwell_time_sec": "100"}, {"arr_dt": "1474900278", "direction": "0", "dep_dt": "1474900383", "route_id": "Red", "dwell_time_sec": "105"}, {"arr_dt": "1474900477", "direction": "0", "dep_dt": "1474900565", "route_id": "Red", "dwell_time_sec": "88"}, {"arr_dt": "1474900703", "direction": "0", "dep_dt": "1474900763", "route_id": "Red", "dwell_time_sec": "60"}, {"arr_dt": "1474900863", "direction": "0", "dep_dt": "1474900927", "route_id": "Red", "dwell_time_sec": "64"}, {"arr_dt": "1474901286", "direction": "0", "dep_dt": "1474901353", "route_id": "Red", "dwell_time_sec": "67"}, {"arr_dt": "1474901630", "direction": "0", "dep_dt": "1474901697", "route_id": "Red", "dwell_time_sec": "67"}, {"arr_dt": "1474901816", "direction": "0", "dep_dt": "1474901882", "route_id": "Red", "dwell_time_sec": "66"}, {"arr_dt": "1474902025", "direction": "0", "dep_dt": "1474902085", "route_id": "Red", "dwell_time_sec": "60"}, {"arr_dt": "1474902191", "direction": "0", "dep_dt": "1474902251", "route_id": "Red", "dwell_time_sec": "60"}, {"arr_dt": "1474902631", "direction": "0", "dep_dt": "1474902705", "route_id": "Red", "dwell_time_sec": "74"}, {"arr_dt": "1474903123", "direction": "0", "dep_dt": "1474903196", "route_id": "Red", "dwell_time_sec": "73"}, {"arr_dt": "1474903782", "direction": "0", "dep_dt": "1474903872", "route_id": "Red", "dwell_time_sec": "90"}, {"arr_dt": "1474904056", "direction": "0", "dep_dt": "1474904130", "route_id": "Red", "dwell_time_sec": "74"}, {"arr_dt": "1474904251", "direction": "0", "dep_dt": "1474904313", "route_id": "Red", "dwell_time_sec": "62"}, {"arr_dt": "1474904782", "direction": "0", "dep_dt": "1474904868", "route_id": "Red", "dwell_time_sec": "86"}, {"arr_dt": "1474905221", "direction": "0", "dep_dt": "1474905297", "route_id": "Red", "dwell_time_sec": "76"}, {"arr_dt": "1474905517", "direction": "0", "dep_dt": "1474905587", "route_id": "Red", "dwell_time_sec": "70"}, {"arr_dt": "1474905968", "direction": "0", "dep_dt": "1474906041", "route_id": "Red", "dwell_time_sec": "73"}, {"arr_dt": "1474906289", "direction": "0", "dep_dt": "1474906359", "route_id": "Red", "dwell_time_sec": "70"}, {"arr_dt": "1474906874", "direction": "0", "dep_dt": "1474906952", "route_id": "Red", "dwell_time_sec": "78"}, {"arr_dt": "1474907154", "direction": "0", "dep_dt": "1474907242", "route_id": "Red", "dwell_time_sec": "88"}, {"arr_dt": "1474907727", "direction": "0", "dep_dt": "1474907808", "route_id": "Red", "dwell_time_sec": "81"}, {"arr_dt": "1474908033", "direction": "0", "dep_dt": "1474908117", "route_id": "Red", "dwell_time_sec": "84"}, {"arr_dt": "1474908539", "direction": "0", "dep_dt": "1474908611", "route_id": "Red", "dwell_time_sec": "72"}, {"arr_dt": "1474908838", "direction": "0", "dep_dt": "1474908903", "route_id": "Red", "dwell_time_sec": "65"}, {"arr_dt": "1474909317", "direction": "0", "dep_dt": "1474909419", "route_id": "Red", "dwell_time_sec": "102"}, {"arr_dt": "1474909606", "direction": "0", "dep_dt": "1474909671", "route_id": "Red", "dwell_time_sec": "65"}, {"arr_dt": "1474910166", "direction": "0", "dep_dt": "1474910245", "route_id": "Red", "dwell_time_sec": "79"}, {"arr_dt": "1474910580", "direction": "0", "dep_dt": "1474910679", "route_id": "Red", "dwell_time_sec": "99"}, {"arr_dt": "1474910976", "direction": "0", "dep_dt": "1474911050", "route_id": "Red", "dwell_time_sec": "74"}, {"arr_dt": "1474911438", "direction": "0", "dep_dt": "1474911522", "route_id": "Red", "dwell_time_sec": "84"}, {"arr_dt": "1474911901", "direction": "0", "dep_dt": "1474911983", "route_id": "Red", "dwell_time_sec": "82"}, {"arr_dt": "1474912230", "direction": "0", "dep_dt": "1474912295", "route_id": "Red", "dwell_time_sec": "65"}, {"arr_dt": "1474913156", "direction": "0", "dep_dt": "1474913219", "route_id": "Red", "dwell_time_sec": "63"}, {"arr_dt": "1474913537", "direction": "0", "dep_dt": "1474913619", "route_id": "Red", "dwell_time_sec": "82"}, {"arr_dt": "1474914042", "direction": "0", "dep_dt": "1474914143", "route_id": "Red", "dwell_time_sec": "101"}, {"arr_dt": "1474914664", "direction": "0", "dep_dt": "1474914769", "route_id": "Red", "dwell_time_sec": "105"}, {"arr_dt": "1474914961", "direction": "0", "dep_dt": "1474915051", "route_id": "Red", "dwell_time_sec": "90"}, {"arr_dt": "1474915479", "direction": "0", "dep_dt": "1474915568", "route_id": "Red", "dwell_time_sec": "89"}, {"arr_dt": "1474915990", "direction": "0", "dep_dt": "1474916207", "route_id": "Red", "dwell_time_sec": "217"}, {"arr_dt": "1474916548", "direction": "0", "dep_dt": "1474916658", "route_id": "Red", "dwell_time_sec": "110"}, {"arr_dt": "1474916736", "direction": "0", "dep_dt": "1474916824", "route_id": "Red", "dwell_time_sec": "88"}, {"arr_dt": "1474917055", "direction": "0", "dep_dt": "1474917131", "route_id": "Red", "dwell_time_sec": "76"}, {"arr_dt": "1474917306", "direction": "0", "dep_dt": "1474917373", "route_id": "Red", "dwell_time_sec": "67"}, {"arr_dt": "1474917847", "direction": "0", "dep_dt": "1474917945", "route_id": "Red", "dwell_time_sec": "98"}, {"arr_dt": "1474918070", "direction": "0", "dep_dt": "1474918172", "route_id": "Red", "dwell_time_sec": "102"}, {"arr_dt": "1474918447", "direction": "0", "dep_dt": "1474918569", "route_id": "Red", "dwell_time_sec": "122"}, {"arr_dt": "1474918853", "direction": "0", "dep_dt": "1474918972", "route_id": "Red", "dwell_time_sec": "119"}, {"arr_dt": "1474919064", "direction": "0", "dep_dt": "1474919180", "route_id": "Red", "dwell_time_sec": "116"}, {"arr_dt": "1474919588", "direction": "0", "dep_dt": "1474919788", "route_id": "Red", "dwell_time_sec": "200"}, {"arr_dt": "1474919876", "direction": "0", "dep_dt": "1474919975", "route_id": "Red", "dwell_time_sec": "99"}, {"arr_dt": "1474920169", "direction": "0", "dep_dt": "1474920242", "route_id": "Red", "dwell_time_sec": "73"}, {"arr_dt": "1474920508", "direction": "0", "dep_dt": "1474920584", "route_id": "Red", "dwell_time_sec": "76"}, {"arr_dt": "1474920905", "direction": "0", "dep_dt": "1474921012", "route_id": "Red", "dwell_time_sec": "107"}, {"arr_dt": "1474921111", "direction": "0", "dep_dt": "1474921226", "route_id": "Red", "dwell_time_sec": "115"}, {"arr_dt": "1474921498", "direction": "0", "dep_dt": "1474921583", "route_id": "Red", "dwell_time_sec": "85"}, {"arr_dt": "1474921890", "direction": "0", "dep_dt": "1474922017", "route_id": "Red", "dwell_time_sec": "127"}, {"arr_dt": "1474922106", "direction": "0", "dep_dt": "1474922186", "route_id": "Red", "dwell_time_sec": "80"}, {"arr_dt": "1474922378", "direction": "0", "dep_dt": "1474922475", "route_id": "Red", "dwell_time_sec": "97"}, {"arr_dt": "1474922588", "direction": "0", "dep_dt": "1474922699", "route_id": "Red", "dwell_time_sec": "111"}, {"arr_dt": "1474922809", "direction": "0", "dep_dt": "1474922905", "route_id": "Red", "dwell_time_sec": "96"}, {"arr_dt": "1474923042", "direction": "0", "dep_dt": "1474923134", "route_id": "Red", "dwell_time_sec": "92"}, {"arr_dt": "1474923369", "direction": "0", "dep_dt": "1474923468", "route_id": "Red", "dwell_time_sec": "99"}, {"arr_dt": "1474923666", "direction": "0", "dep_dt": "1474923802", "route_id": "Red", "dwell_time_sec": "136"}, {"arr_dt": "1474923875", "direction": "0", "dep_dt": "1474923960", "route_id": "Red", "dwell_time_sec": "85"}, {"arr_dt": "1474924163", "direction": "0", "dep_dt": "1474924292", "route_id": "Red", "dwell_time_sec": "129"}, {"arr_dt": "1474924374", "direction": "0", "dep_dt": "1474924469", "route_id": "Red", "dwell_time_sec": "95"}, {"arr_dt": "1474924665", "direction": "0", "dep_dt": "1474924758", "route_id": "Red", "dwell_time_sec": "93"}, {"arr_dt": "1474924856", "direction": "0", "dep_dt": "1474924958", "route_id": "Red", "dwell_time_sec": "102"}, {"arr_dt": "1474925884", "direction": "0", "dep_dt": "1474926108", "route_id": "Red", "dwell_time_sec": "224"}, {"arr_dt": "1474926195", "direction": "0", "dep_dt": "1474926296", "route_id": "Red", "dwell_time_sec": "101"}, {"arr_dt": "1474926554", "direction": "0", "dep_dt": "1474926666", "route_id": "Red", "dwell_time_sec": "112"}, {"arr_dt": "1474926841", "direction": "0", "dep_dt": "1474926938", "route_id": "Red", "dwell_time_sec": "97"}, {"arr_dt": "1474927147", "direction": "0", "dep_dt": "1474927313", "route_id": "Red", "dwell_time_sec": "166"}, {"arr_dt": "1474927404", "direction": "0", "dep_dt": "1474927513", "route_id": "Red", "dwell_time_sec": "109"}, {"arr_dt": "1474927651", "direction": "0", "dep_dt": "1474927747", "route_id": "Red", "dwell_time_sec": "96"}, {"arr_dt": "1474927871", "direction": "0", "dep_dt": "1474927963", "route_id": "Red", "dwell_time_sec": "92"}, {"arr_dt": "1474928088", "direction": "0", "dep_dt": "1474928185", "route_id": "Red", "dwell_time_sec": "97"}, {"arr_dt": "1474928278", "direction": "0", "dep_dt": "1474928367", "route_id": "Red", "dwell_time_sec": "89"}, {"arr_dt": "1474928489", "direction": "0", "dep_dt": "1474928614", "route_id": "Red", "dwell_time_sec": "125"}, {"arr_dt": "1474928747", "direction": "0", "dep_dt": "1474928919", "route_id": "Red", "dwell_time_sec": "172"}, {"arr_dt": "1474928996", "direction": "0", "dep_dt": "1474929108", "route_id": "Red", "dwell_time_sec": "112"}, {"arr_dt": "1474929205", "direction": "0", "dep_dt": "1474929297", "route_id": "Red", "dwell_time_sec": "92"}, {"arr_dt": "1474929579", "direction": "0", "dep_dt": "1474929698", "route_id": "Red", "dwell_time_sec": "119"}, {"arr_dt": "1474929780", "direction": "0", "dep_dt": "1474929873", "route_id": "Red", "dwell_time_sec": "93"}, {"arr_dt": "1474929971", "direction": "0", "dep_dt": "1474930064", "route_id": "Red", "dwell_time_sec": "93"}, {"arr_dt": "1474930240", "direction": "0", "dep_dt": "1474930448", "route_id": "Red", "dwell_time_sec": "208"}, {"arr_dt": "1474930545", "direction": "0", "dep_dt": "1474930637", "route_id": "Red", "dwell_time_sec": "92"}, {"arr_dt": "1474930748", "direction": "0", "dep_dt": "1474930832", "route_id": "Red", "dwell_time_sec": "84"}, {"arr_dt": "1474930955", "direction": "0", "dep_dt": "1474931042", "route_id": "Red", "dwell_time_sec": "87"}, {"arr_dt": "1474931161", "direction": "0", "dep_dt": "1474931244", "route_id": "Red", "dwell_time_sec": "83"}, {"arr_dt": "1474931359", "direction": "0", "dep_dt": "1474931433", "route_id": "Red", "dwell_time_sec": "74"}, {"arr_dt": "1474931599", "direction": "0", "dep_dt": "1474931665", "route_id": "Red", "dwell_time_sec": "66"}, {"arr_dt": "1474932072", "direction": "0", "dep_dt": "1474932141", "route_id": "Red", "dwell_time_sec": "69"}, {"arr_dt": "1474932256", "direction": "0", "dep_dt": "1474932339", "route_id": "Red", "dwell_time_sec": "83"}, {"arr_dt": "1474932656", "direction": "0", "dep_dt": "1474932741", "route_id": "Red", "dwell_time_sec": "85"}, {"arr_dt": "1474932926", "direction": "0", "dep_dt": "1474933038", "route_id": "Red", "dwell_time_sec": "112"}, {"arr_dt": "1474933353", "direction": "0", "dep_dt": "1474933440", "route_id": "Red", "dwell_time_sec": "87"}, {"arr_dt": "1474933580", "direction": "0", "dep_dt": "1474933646", "route_id": "Red", "dwell_time_sec": "66"}, {"arr_dt": "1474933754", "direction": "0", "dep_dt": "1474933809", "route_id": "Red", "dwell_time_sec": "55"}, {"arr_dt": "1474934110", "direction": "0", "dep_dt": "1474934204", "route_id": "Red", "dwell_time_sec": "94"}, {"arr_dt": "1474934324", "direction": "0", "dep_dt": "1474934388", "route_id": "Red", "dwell_time_sec": "64"}, {"arr_dt": "1474934538", "direction": "0", "dep_dt": "1474934602", "route_id": "Red", "dwell_time_sec": "64"}, {"arr_dt": "1474934755", "direction": "0", "dep_dt": "1474934820", "route_id": "Red", "dwell_time_sec": "65"}, {"arr_dt": "1474934925", "direction": "0", "dep_dt": "1474934986", "route_id": "Red", "dwell_time_sec": "61"}, {"arr_dt": "1474935243", "direction": "0", "dep_dt": "1474935310", "route_id": "Red", "dwell_time_sec": "67"}, {"arr_dt": "1474936743", "direction": "0", "dep_dt": "1474936834", "route_id": "Red", "dwell_time_sec": "91"}, {"arr_dt": "1474936982", "direction": "0", "dep_dt": "1474937054", "route_id": "Red", "dwell_time_sec": "72"}, {"arr_dt": "1474937183", "direction": "0", "dep_dt": "1474937257", "route_id": "Red", "dwell_time_sec": "74"}, {"arr_dt": "1474937587", "direction": "0", "dep_dt": "1474937646", "route_id": "Red", "dwell_time_sec": "59"}, {"arr_dt": "1474938066", "direction": "0", "dep_dt": "1474938132", "route_id": "Red", "dwell_time_sec": "66"}, {"arr_dt": "1474938484", "direction": "0", "dep_dt": "1474938566", "route_id": "Red", "dwell_time_sec": "82"}, {"arr_dt": "1474938715", "direction": "0", "dep_dt": "1474938780", "route_id": "Red", "dwell_time_sec": "65"}, {"arr_dt": "1474939103", "direction": "0", "dep_dt": "1474939181", "route_id": "Red", "dwell_time_sec": "78"}, {"arr_dt": "1474939534", "direction": "0", "dep_dt": "1474939601", "route_id": "Red", "dwell_time_sec": "67"}, {"arr_dt": "1474939920", "direction": "0", "dep_dt": "1474939998", "route_id": "Red", "dwell_time_sec": "78"}, {"arr_dt": "1474940207", "direction": "0", "dep_dt": "1474940269", "route_id": "Red", "dwell_time_sec": "62"}, {"arr_dt": "1474940523", "direction": "0", "dep_dt": "1474940593", "route_id": "Red", "dwell_time_sec": "70"}, {"arr_dt": "1474940754", "direction": "0", "dep_dt": "1474940818", "route_id": "Red", "dwell_time_sec": "64"}, {"arr_dt": "1474941281", "direction": "0", "dep_dt": "1474941363", "route_id": "Red", "dwell_time_sec": "82"}, {"arr_dt": "1474941496", "direction": "0", "dep_dt": "1474941558", "route_id": "Red", "dwell_time_sec": "62"}, {"arr_dt": "1474941908", "direction": "0", "dep_dt": "1474941986", "route_id": "Red", "dwell_time_sec": "78"}, {"arr_dt": "1474942295", "direction": "0", "dep_dt": "1474942374", "route_id": "Red", "dwell_time_sec": "79"}, {"arr_dt": "1474942649", "direction": "0", "dep_dt": "1474942728", "route_id": "Red", "dwell_time_sec": "79"}, {"arr_dt": "1474942966", "direction": "0", "dep_dt": "1474943039", "route_id": "Red", "dwell_time_sec": "73"}, {"arr_dt": "1474943392", "direction": "0", "dep_dt": "1474943470", "route_id": "Red", "dwell_time_sec": "78"}, {"arr_dt": "1474943760", "direction": "0", "dep_dt": "1474943835", "route_id": "Red", "dwell_time_sec": "75"}, {"arr_dt": "1474944162", "direction": "0", "dep_dt": "1474944229", "route_id": "Red", "dwell_time_sec": "67"}, {"arr_dt": "1474944462", "direction": "0", "dep_dt": "1474944540", "route_id": "Red", "dwell_time_sec": "78"}, {"arr_dt": "1474944757", "direction": "0", "dep_dt": "1474944807", "route_id": "Red", "dwell_time_sec": "50"}, {"arr_dt": "1474945231", "direction": "0", "dep_dt": "1474945291", "route_id": "Red", "dwell_time_sec": "60"}, {"arr_dt": "1474945492", "direction": "0", "dep_dt": "1474945565", "route_id": "Red", "dwell_time_sec": "73"}, {"arr_dt": "1474945862", "direction": "0", "dep_dt": "1474945939", "route_id": "Red", "dwell_time_sec": "77"}, {"arr_dt": "1474946181", "direction": "0", "dep_dt": "1474946245", "route_id": "Red", "dwell_time_sec": "64"}, {"arr_dt": "1474947553", "direction": "0", "dep_dt": "1474947628", "route_id": "Red", "dwell_time_sec": "75"}, {"arr_dt": "1474947814", "direction": "0", "dep_dt": "1474947875", "route_id": "Red", "dwell_time_sec": "61"}, {"arr_dt": "1474948007", "direction": "0", "dep_dt": "1474948058", "route_id": "Red", "dwell_time_sec": "51"}, {"arr_dt": "1474948460", "direction": "0", "dep_dt": "1474948530", "route_id": "Red", "dwell_time_sec": "70"}, {"arr_dt": "1474948666", "direction": "0", "dep_dt": "1474948722", "route_id": "Red", "dwell_time_sec": "56"}]}