{"dwell_times": [{"arr_dt": "1452142931", "direction": "0", "dep_dt": "1452142996", "route_id": "Red", "dwell_time_sec": "65"}, {"arr_dt": "1452143330", "direction": "0", "dep_dt": "1452143432", "route_id": "Red", "dwell_time_sec": "102"}, {"arr_dt": "1452143882", "direction": "0", "dep_dt": "1452143974", "route_id": "Red", "dwell_time_sec": "92"}, {"arr_dt": "1452144068", "direction": "0", "dep_dt": "1452144144", "route_id": "Red", "dwell_time_sec": "76"}, {"arr_dt": "1452144673", "direction": "0", "dep_dt": "1452144761", "route_id": "Red", "dwell_time_sec": "88"}, {"arr_dt": "1452145109", "direction": "0", "dep_dt": "1452145172", "route_id": "Red", "dwell_time_sec": "63"}, {"arr_dt": "1452145545", "direction": "0", "dep_dt": "1452145604", "route_id": "Red", "dwell_time_sec": "59"}, {"arr_dt": "1452146186", "direction": "0", "dep_dt": "1452146242", "route_id": "Red", "dwell_time_sec": "56"}, {"arr_dt": "1452147307", "direction": "0", "dep_dt": "1452147497", "route_id": "Red", "dwell_time_sec": "190"}, {"arr_dt": "1452162782", "direction": "0", "dep_dt": "1452162838", "route_id": "Red", "dwell_time_sec": "56"}, {"arr_dt": "1452163330", "direction": "0", "dep_dt": "1452163403", "route_id": "Red", "dwell_time_sec": "73"}, {"arr_dt": "1452163714", "direction": "0", "dep_dt": "1452163806", "route_id": "Red", "dwell_time_sec": "92"}, {"arr_dt": "1452164090", "direction": "0", "dep_dt": "1452164154", "route_id": "Red", "dwell_time_sec": "64"}, {"arr_dt": "1452164542", "direction": "0", "dep_dt": "1452164602", "route_id": "Red", "dwell_time_sec": "60"}, {"arr_dt": "1452165228", "direction": "0", "dep_dt": "1452165308", "route_id": "Red", "dwell_time_sec": "80"}, {"arr_dt": "1452165589", "direction": "0", "dep_dt": "1452165645", "route_id": "Red", "dwell_time_sec": "56"}, {"arr_dt": "1452165989", "direction": "0", "dep_dt": "1452166066", "route_id": "Red", "dwell_time_sec": "77"}, {"arr_dt": "1452166153", "direction": "0", "dep_dt": "1452166211", "route_id": "Red", "dwell_time_sec": "58"}, {"arr_dt": "1452166743", "direction": "0", "dep_dt": "1452166801", "route_id": "Red", "dwell_time_sec": "58"}, {"arr_dt": "1452167024", "direction": "0", "dep_dt": "1452167081", "route_id": "Red", "dwell_time_sec": "57"}, {"arr_dt": "1452167419", "direction": "0", "dep_dt": "1452167507", "route_id": "Red", "dwell_time_sec": "88"}, {"arr_dt": "1452167774", "direction": "0", "dep_dt": "1452167846", "route_id": "Red", "dwell_time_sec": "72"}, {"arr_dt": "1452168190", "direction": "0", "dep_dt": "1452168268", "route_id": "Red", "dwell_time_sec": "78"}, {"arr_dt": "1452168394", "direction": "0", "dep_dt": "1452168466", "route_id": "Red", "dwell_time_sec": "72"}, {"arr_dt": "1452168584", "direction": "0", "dep_dt": "1452168657", "route_id": "Red", "dwell_time_sec": "73"}, {"arr_dt": "1452168824", "direction": "0", "dep_dt": "1452168885", "route_id": "Red", "dwell_time_sec": "61"}, {"arr_dt": "1452169488", "direction": "0", "dep_dt": "1452169597", "route_id": "Red", "dwell_time_sec": "109"}, {"arr_dt": "1452169712", "direction": "0", "dep_dt": "1452169806", "route_id": "Red", "dwell_time_sec": "94"}, {"arr_dt": "1452170026", "direction": "0", "dep_dt": "1452170092", "route_id": "Red", "dwell_time_sec": "66"}, {"arr_dt": "1452170317", "direction": "0", "dep_dt": "1452170406", "route_id": "Red", "dwell_time_sec": "89"}, {"arr_dt": "1452170578", "direction": "0", "dep_dt": "1452170659", "route_id": "Red", "dwell_time_sec": "81"}, {"arr_dt": "1452170757", "direction": "0", "dep_dt": "1452170841", "route_id": "Red", "dwell_time_sec": "84"}, {"arr_dt": "1452170944", "direction": "0", "dep_dt": "1452171027", "route_id": "Red", "dwell_time_sec": "83"}, {"arr_dt": "1452171124", "direction": "0", "dep_dt": "1452171205", "route_id": "Red", "dwell_time_sec": "81"}, {"arr_dt": "1452171340", "direction": "0", "dep_dt": "1452171419", "route_id": "Red", "dwell_time_sec": "79"}, {"arr_dt": "1452171522", "direction": "0", "dep_dt": "1452171598", "route_id": "Red", "dwell_time_sec": "76"}, {"arr_dt": "1452171697", "direction": "0", "dep_dt": "1452171784", "route_id": "Red", "dwell_time_sec": "87"}, {"arr_dt": "1452171881", "direction": "0", "dep_dt": "1452171965", "route_id": "Red", "dwell_time_sec": "84"}, {"arr_dt": "1452172115", "direction": "0", "dep_dt": "1452172210", "route_id": "Red", "dwell_time_sec": "95"}, {"arr_dt": "1452172309", "direction": "0", "dep_dt": "1452172386", "route_id": "Red", "dwell_time_sec": "77"}, {"arr_dt": "1452172521", "direction": "0", "dep_dt": "1452172630", "route_id": "Red", "dwell_time_sec": "109"}, {"arr_dt": "1452172776", "direction": "0", "dep_dt": "1452172888", "route_id": "Red", "dwell_time_sec": "112"}, {"arr_dt": "1452173023", "direction": "0", "dep_dt": "1452173147", "route_id": "Red", "dwell_time_sec": "124"}, {"arr_dt": "1452173335", "direction": "0", "dep_dt": "1452173418", "route_id": "Red", "dwell_time_sec": "83"}, {"arr_dt": "1452173516", "direction": "0", "dep_dt": "1452173620", "route_id": "Red", "dwell_time_sec": "104"}, {"arr_dt": "1452173800", "direction": "0", "dep_dt": "1452173908", "route_id": "Red", "dwell_time_sec": "108"}, {"arr_dt": "1452174009", "direction": "0", "dep_dt": "1452174102", "route_id": "Red", "dwell_time_sec": "93"}, {"arr_dt": "1452174219", "direction": "0", "dep_dt": "1452174317", "route_id": "Red", "dwell_time_sec": "98"}, {"arr_dt": "1452174783", "direction": "0", "dep_dt": "1452174904", "route_id": "Red", "dwell_time_sec": "121"}, {"arr_dt": "1452175076", "direction": "0", "dep_dt": "1452175164", "route_id": "Red", "dwell_time_sec": "88"}, {"arr_dt": "1452175805", "direction": "0", "dep_dt": "1452175948", "route_id": "Red", "dwell_time_sec": "143"}, {"arr_dt": "1452176032", "direction": "0", "dep_dt": "1452176135", "route_id": "Red", "dwell_time_sec": "103"}, {"arr_dt": "1452176317", "direction": "0", "dep_dt": "1452176461", "route_id": "Red", "dwell_time_sec": "144"}, {"arr_dt": "1452176822", "direction": "0", "dep_dt": "1452176918", "route_id": "Red", "dwell_time_sec": "96"}, {"arr_dt": "1452177066", "direction": "0", "dep_dt": "1452177138", "route_id": "Red", "dwell_time_sec": "72"}, {"arr_dt": "1452177329", "direction": "0", "dep_dt": "1452177402", "route_id": "Red", "dwell_time_sec": "73"}, {"arr_dt": "1452177505", "direction": "0", "dep_dt": "1452177579", "route_id": "Red", "dwell_time_sec": "74"}, {"arr_dt": "1452177747", "direction": "0", "dep_dt": "1452177819", "route_id": "Red", "dwell_time_sec": "72"}, {"arr_dt": "1452177944", "direction": "0", "dep_dt": "1452178023", "route_id": "Red", "dwell_time_sec": "79"}, {"arr_dt": "1452178197", "direction": "0", "dep_dt": "1452178272", "route_id": "Red", "dwell_time_sec": "75"}, {"arr_dt": "1452178361", "direction": "0", "dep_dt": "1452178415", "route_id": "Red", "dwell_time_sec": "54"}, {"arr_dt": "1452178618", "direction": "0", "dep_dt": "1452178688", "route_id": "Red", "dwell_time_sec": "70"}, {"arr_dt": "1452178795", "direction": "0", "dep_dt": "1452178879", "route_id": "Red", "dwell_time_sec": "84"}, {"arr_dt": "1452179000", "direction": "0", "dep_dt": "1452179082", "route_id": "Red", "dwell_time_sec": "82"}, {"arr_dt": "1452179205", "direction": "0", "dep_dt": "1452179266", "route_id": "Red", "dwell_time_sec": "61"}, {"arr_dt": "1452179496", "direction": "0", "dep_dt": "1452179556", "route_id": "Red", "dwell_time_sec": "60"}, {"arr_dt": "1452179659", "direction": "0", "dep_dt": "1452179732", "route_id": "Red", "dwell_time_sec": "73"}, {"arr_dt": "1452179954", "direction": "0", "dep_dt": "1452180021", "route_id": "Red", "dwell_time_sec": "67"}, {"arr_dt": "1452180163", "direction": "0", "dep_dt": "1452180244", "route_id": "Red", "dwell_time_sec": "81"}, {"arr_dt": "1452180373", "direction": "0", "dep_dt": "1452180446", "route_id": "Red", "dwell_time_sec": "73"}, {"arr_dt": "1452180569", "direction": "0", "dep_dt": "1452180635", "route_id": "Red", "dwell_time_sec": "66"}, {"arr_dt": "1452180816", "direction": "0", "dep_dt": "1452180895", "route_id": "Red", "dwell_time_sec": "79"}, {"arr_dt": "1452180979", "direction": "0", "dep_dt": "1452181038", "route_id": "Red", "dwell_time_sec": "59"}, {"arr_dt": "1452181242", "direction": "0", "dep_dt": "1452181307", "route_id": "Red", "dwell_time_sec": "65"}, {"arr_dt": "1452181551", "direction": "0", "dep_dt": "1452181609", "route_id": "Red", "dwell_time_sec": "58"}, {"arr_dt": "1452182004", "direction": "0", "dep_dt": "1452182072", "route_id": "Red", "dwell_time_sec": "68"}, {"arr_dt": "1452182265", "direction": "0", "dep_dt": "1452182330", "route_id": "Red", "dwell_time_sec": "65"}, {"arr_dt": "1452182503", "direction": "0", "dep_dt": "1452182565", "route_id": "Red", "dwell_time_sec": "62"}, {"arr_dt": "1452182666", "direction": "0", "dep_dt": "1452182729", "route_id": "Red", "dwell_time_sec": "63"}, {"arr_dt": "1452183160", "direction": "0", "dep_dt": "1452183232", "route_id": "Red", "dwell_time_sec": "72"}, {"arr_dt": "1452183526", "direction": "0", "dep_dt": "1452183598", "route_id": "Red", "dwell_time_sec": "72"}, {"arr_dt": "1452184119", "direction": "0", "dep_dt": "1452184184", "route_id": "Red", "dwell_time_sec": "65"}, {"arr_dt": "1452184369", "direction": "0", "dep_dt": "1452184457", "route_id": "Red", "dwell_time_sec": "88"}, {"arr_dt": "1452185021", "direction": "0", "dep_dt": "1452185086", "route_id": "Red", "dwell_time_sec": "65"}, {"arr_dt": "1452185337", "direction": "0", "dep_dt": "1452185405", "route_id": "Red", "dwell_time_sec": "68"}, {"arr_dt": "1452185725", "direction": "0", "dep_dt": "1452185794", "route_id": "Red", "dwell_time_sec": "69"}, {"arr_dt": "1452186099", "direction": "0", "dep_dt": "1452186178", "route_id": "Red", "dwell_time_sec": "79"}, {"arr_dt": "1452186564", "direction": "0", "dep_dt": "1452186632", "route_id": "Red", "dwell_time_sec": "68"}, {"arr_dt": "1452186959", "direction": "0", "dep_dt": "1452187016", "route_id": "Red", "dwell_time_sec": "57"}, {"arr_dt": "1452187626", "direction": "0", "dep_dt": "1452187711", "route_id": "Red", "dwell_time_sec": "85"}, {"arr_dt": "1452187963", "direction": "0", "dep_dt": "1452188031", "route_id": "Red", "dwell_time_sec": "68"}, {"arr_dt": "1452188180", "direction": "0", "dep_dt": "1452188238", "route_id": "Red", "dwell_time_sec": "58"}, {"arr_dt": "1452188341", "direction": "0", "dep_dt": "1452188426", "route_id": "Red", "dwell_time_sec": "85"}, {"arr_dt": "1452188616", "direction": "0", "dep_dt": "1452188679", "route_id": "Red", "dwell_time_sec": "63"}, {"arr_dt": "1452188889", "direction": "0", "dep_dt": "1452188951", "route_id": "Red", "dwell_time_sec": "62"}, {"arr_dt": "1452189454", "direction": "0", "dep_dt": "1452189522", "route_id": "Red", "dwell_time_sec": "68"}, {"arr_dt": "1452189721", "direction": "0", "dep_dt": "1452189784", "route_id": "Red", "dwell_time_sec": "63"}, {"arr_dt": "1452190234", "direction": "0", "dep_dt": "1452190312", "route_id": "Red", "dwell_time_sec": "78"}, {"arr_dt": "1452190751", "direction": "0", "dep_dt": "1452190832", "route_id": "Red", "dwell_time_sec": "81"}, {"arr_dt": "1452191093", "direction": "0", "dep_dt": "1452191165", "route_id": "Red", "dwell_time_sec": "72"}, {"arr_dt": "1452191525", "direction": "0", "dep_dt": "1452191589", "route_id": "Red", "dwell_time_sec": "64"}, {"arr_dt": "1452192208", "direction": "0", "dep_dt": "1452192288", "route_id": "Red", "dwell_time_sec": "80"}, {"arr_dt": "1452192435", "direction": "0", "dep_dt": "1452192494", "route_id": "Red", "dwell_time_sec": "59"}, {"arr_dt": "1452192760", "direction": "0", "dep_dt": "1452192825", "route_id": "Red", "dwell_time_sec": "65"}, {"arr_dt": "1452193261", "direction": "0", "dep_dt": "1452193337", "route_id": "Red", "dwell_time_sec": "76"}, {"arr_dt": "1452193658", "direction": "0", "dep_dt": "1452193728", "route_id": "Red", "dwell_time_sec": "70"}, {"arr_dt": "1452193968", "direction": "0", "dep_dt": "1452194032", "route_id": "Red", "dwell_time_sec": "64"}, {"arr_dt": "1452194423", "direction": "0", "dep_dt": "1452194568", "route_id": "Red", "dwell_time_sec": "145"}, {"arr_dt": "1452194783", "direction": "0", "dep_dt": "1452194887", "route_id": "Red", "dwell_time_sec": "104"}, {"arr_dt": "1452195332", "direction": "0", "dep_dt": "1452195442", "route_id": "Red", "dwell_time_sec": "110"}, {"arr_dt": "1452195546", "direction": "0", "dep_dt": "1452195625", "route_id": "Red", "dwell_time_sec": "79"}, {"arr_dt": "1452196048", "direction": "0", "dep_dt": "1452196158", "route_id": "Red", "dwell_time_sec": "110"}, {"arr_dt": "1452196730", "direction": "0", "dep_dt": "1452196826", "route_id": "Red", "dwell_time_sec": "96"}, {"arr_dt": "1452196939", "direction": "0", "dep_dt": "1452197029", "route_id": "Red", "dwell_time_sec": "90"}, {"arr_dt": "1452197335", "direction": "0", "dep_dt": "1452197433", "route_id": "Red", "dwell_time_sec": "98"}, {"arr_dt": "1452197955", "direction": "0", "dep_dt": "1452198064", "route_id": "Red", "dwell_time_sec": "109"}, {"arr_dt": "1452198323", "direction": "0", "dep_dt": "1452198414", "route_id": "Red", "dwell_time_sec": "91"}, {"arr_dt": "1452198775", "direction": "0", "dep_dt": "1452198860", "route_id": "Red", "dwell_time_sec": "85"}, {"arr_dt": "1452199048", "direction": "0", "dep_dt": "1452199119", "route_id": "Red", "dwell_time_sec": "71"}, {"arr_dt": "1452199455", "direction": "0", "dep_dt": "1452199554", "route_id": "Red", "dwell_time_sec": "99"}, {"arr_dt": "1452199655", "direction": "0", "dep_dt": "1452199753", "route_id": "Red", "dwell_time_sec": "98"}, {"arr_dt": "1452200123", "direction": "0", "dep_dt": "1452200248", "route_id": "Red", "dwell_time_sec": "125"}, {"arr_dt": "1452200469", "direction": "0", "dep_dt": "1452200575", "route_id": "Red", "dwell_time_sec": "106"}, {"arr_dt": "1452200688", "direction": "0", "dep_dt": "1452200755", "route_id": "Red", "dwell_time_sec": "67"}, {"arr_dt": "1452201165", "direction": "0", "dep_dt": "1452201353", "route_id": "Red", "dwell_time_sec": "188"}, {"arr_dt": "1452201469", "direction": "0", "dep_dt": "1452201582", "route_id": "Red", "dwell_time_sec": "113"}, {"arr_dt": "1452201702", "direction": "0", "dep_dt": "1452201913", "route_id": "Red", "dwell_time_sec": "211"}, {"arr_dt": "1452202014", "direction": "0", "dep_dt": "1452202127", "route_id": "Red", "dwell_time_sec": "113"}, {"arr_dt": "1452202214", "direction": "0", "dep_dt": "1452202332", "route_id": "Red", "dwell_time_sec": "118"}, {"arr_dt": "1452202476", "direction": "0", "dep_dt": "1452202592", "route_id": "Red", "dwell_time_sec": "116"}, {"arr_dt": "1452202701", "direction": "0", "dep_dt": "1452202788", "route_id": "Red", "dwell_time_sec": "87"}, {"arr_dt": "1452202889", "direction": "0", "dep_dt": "1452203027", "route_id": "Red", "dwell_time_sec": "138"}, {"arr_dt": "1452203202", "direction": "0", "dep_dt": "1452203344", "route_id": "Red", "dwell_time_sec": "142"}, {"arr_dt": "1452203515", "direction": "0", "dep_dt": "1452203619", "route_id": "Red", "dwell_time_sec": "104"}, {"arr_dt": "1452203724", "direction": "0", "dep_dt": "1452203803", "route_id": "Red", "dwell_time_sec": "79"}, {"arr_dt": "1452203943", "direction": "0", "dep_dt": "1452204037", "route_id": "Red", "dwell_time_sec": "94"}, {"arr_dt": "1452204174", "direction": "0", "dep_dt": "1452204292", "route_id": "Red", "dwell_time_sec": "118"}, {"arr_dt": "1452204425", "direction": "0", "dep_dt": "1452204504", "route_id": "Red", "dwell_time_sec": "79"}, {"arr_dt": "1452204674", "direction": "0", "dep_dt": "1452204798", "route_id": "Red", "dwell_time_sec": "124"}, {"arr_dt": "1452204944", "direction": "0", "dep_dt": "1452205109", "route_id": "Red", "dwell_time_sec": "165"}, {"arr_dt": "1452205238", "direction": "0", "dep_dt": "1452205403", "route_id": "Red", "dwell_time_sec": "165"}, {"arr_dt": "1452205516", "direction": "0", "dep_dt": "1452205620", "route_id": "Red", "dwell_time_sec": "104"}, {"arr_dt": "1452205726", "direction": "0", "dep_dt": "1452205831", "route_id": "Red", "dwell_time_sec": "105"}, {"arr_dt": "1452205931", "direction": "0", "dep_dt": "1452206098", "route_id": "Red", "dwell_time_sec": "167"}, {"arr_dt": "1452206191", "direction": "0", "dep_dt": "1452206302", "route_id": "Red", "dwell_time_sec": "111"}, {"arr_dt": "1452206390", "direction": "0", "dep_dt": "1452206510", "route_id": "Red", "dwell_time_sec": "120"}, {"arr_dt": "1452206606", "direction": "0", "dep_dt": "1452206716", "route_id": "Red", "dwell_time_sec": "110"}, {"arr_dt": "1452206848", "direction": "0", "dep_dt": "1452206953", "route_id": "Red", "dwell_time_sec": "105"}, {"arr_dt": "1452207080", "direction": "0", "dep_dt": "1452207193", "route_id": "Red", "dwell_time_sec": "113"}, {"arr_dt": "1452207403", "direction": "0", "dep_dt": "1452207492", "route_id": "Red", "dwell_time_sec": "89"}, {"arr_dt": "1452207750", "direction": "0", "dep_dt": "1452207831", "route_id": "Red", "dwell_time_sec": "81"}, {"arr_dt": "1452207951", "direction": "0", "dep_dt": "1452208039", "route_id": "Red", "dwell_time_sec": "88"}, {"arr_dt": "1452208172", "direction": "0", "dep_dt": "1452208256", "route_id": "Red", "dwell_time_sec": "84"}, {"arr_dt": "1452208367", "direction": "0", "dep_dt": "1452208467", "route_id": "Red", "dwell_time_sec": "100"}, {"arr_dt": "1452208802", "direction": "0", "dep_dt": "1452208905", "route_id": "Red", "dwell_time_sec": "103"}, {"arr_dt": "1452209096", "direction": "0", "dep_dt": "1452209198", "route_id": "Red", "dwell_time_sec": "102"}, {"arr_dt": "1452209315", "direction": "0", "dep_dt": "1452209403", "route_id": "Red", "dwell_time_sec": "88"}, {"arr_dt": "1452209499", "direction": "0", "dep_dt": "1452209662", "route_id": "Red", "dwell_time_sec": "163"}, {"arr_dt": "1452209746", "direction": "0", "dep_dt": "1452209826", "route_id": "Red", "dwell_time_sec": "80"}, {"arr_dt": "1452209922", "direction": "0", "dep_dt": "1452210029", "route_id": "Red", "dwell_time_sec": "107"}, {"arr_dt": "1452210135", "direction": "0", "dep_dt": "1452210241", "route_id": "Red", "dwell_time_sec": "106"}, {"arr_dt": "1452210321", "direction": "0", "dep_dt": "1452210398", "route_id": "Red", "dwell_time_sec": "77"}, {"arr_dt": "1452210542", "direction": "0", "dep_dt": "1452210655", "route_id": "Red", "dwell_time_sec": "113"}, {"arr_dt": "1452210751", "direction": "0", "dep_dt": "1452210840", "route_id": "Red", "dwell_time_sec": "89"}, {"arr_dt": "1452211013", "direction": "0", "dep_dt": "1452211083", "route_id": "Red", "dwell_time_sec": "70"}, {"arr_dt": "1452211206", "direction": "0", "dep_dt": "1452211278", "route_id": "Red", "dwell_time_sec": "72"}, {"arr_dt": "1452211730", "direction": "0", "dep_dt": "1452211971", "route_id": "Red", "dwell_time_sec": "241"}, {"arr_dt": "1452212069", "direction": "0", "dep_dt": "1452212176", "route_id": "Red", "dwell_time_sec": "107"}, {"arr_dt": "1452212269", "direction": "0", "dep_dt": "1452212349", "route_id": "Red", "dwell_time_sec": "80"}, {"arr_dt": "1452212451", "direction": "0", "dep_dt": "1452212537", "route_id": "Red", "dwell_time_sec": "86"}, {"arr_dt": "1452212632", "direction": "0", "dep_dt": "1452212713", "route_id": "Red", "dwell_time_sec": "81"}, {"arr_dt": "1452212817", "direction": "0", "dep_dt": "1452212909", "route_id": "Red", "dwell_time_sec": "92"}, {"arr_dt": "1452213100", "direction": "0", "dep_dt": "1452213334", "route_id": "Red", "dwell_time_sec": "234"}, {"arr_dt": "1452213442", "direction": "0", "dep_dt": "1452213549", "route_id": "Red", "dwell_time_sec": "107"}, {"arr_dt": "1452213646", "direction": "0", "dep_dt": "1452213746", "route_id": "Red", "dwell_time_sec": "100"}, {"arr_dt": "1452213820", "direction": "0", "dep_dt": "1452213919", "route_id": "Red", "dwell_time_sec": "99"}, {"arr_dt": "1452214096", "direction": "0", "dep_dt": "1452214179", "route_id": "Red", "dwell_time_sec": "83"}, {"arr_dt": "1452214289", "direction": "0", "dep_dt": "1452214405", "route_id": "Red", "dwell_time_sec": "116"}, {"arr_dt": "1452214478", "direction": "0", "dep_dt": "1452214581", "route_id": "Red", "dwell_time_sec": "103"}, {"arr_dt": "1452214809", "direction": "0", "dep_dt": "1452214889", "route_id": "Red", "dwell_time_sec": "80"}, {"arr_dt": "1452215161", "direction": "0", "dep_dt": "1452215225", "route_id": "Red", "dwell_time_sec": "64"}, {"arr_dt": "1452215511", "direction": "0", "dep_dt": "1452215598", "route_id": "Red", "dwell_time_sec": "87"}, {"arr_dt": "1452215927", "direction": "0", "dep_dt": "1452216002", "route_id": "Red", "dwell_time_sec": "75"}, {"arr_dt": "1452216627", "direction": "0", "dep_dt": "1452216694", "route_id": "Red", "dwell_time_sec": "67"}, {"arr_dt": "1452216912", "direction": "0", "dep_dt": "1452216986", "route_id": "Red", "dwell_time_sec": "74"}, {"arr_dt": "1452217179", "direction": "0", "dep_dt": "1452217250", "route_id": "Red", "dwell_time_sec": "71"}, {"arr_dt": "1452217693", "direction": "0", "dep_dt": "1452217813", "route_id": "Red", "dwell_time_sec": "120"}, {"arr_dt": "1452217953", "direction": "0", "dep_dt": "1452218021", "route_id": "Red", "dwell_time_sec": "68"}, {"arr_dt": "1452218456", "direction": "0", "dep_dt": "1452218538", "route_id": "Red", "dwell_time_sec": "82"}, {"arr_dt": "1452218682", "direction": "0", "dep_dt": "1452218778", "route_id": "Red", "dwell_time_sec": "96"}, {"arr_dt": "1452219138", "direction": "0", "dep_dt": "1452219208", "route_id": "Red", "dwell_time_sec": "70"}, {"arr_dt": "1452219374", "direction": "0", "dep_dt": "1452219429", "route_id": "Red", "dwell_time_sec": "55"}, {"arr_dt": "1452219777", "direction": "0", "dep_dt": "1452219853", "route_id": "Red", "dwell_time_sec": "76"}, {"arr_dt": "1452219964", "direction": "0", "dep_dt": "1452220049", "route_id": "Red", "dwell_time_sec": "85"}, {"arr_dt": "1452220236", "direction": "0", "dep_dt": "1452220299", "route_id": "Red", "dwell_time_sec": "63"}, {"arr_dt": "1452220462", "direction": "0", "dep_dt": "1452220512", "route_id": "Red", "dwell_time_sec": "50"}, {"arr_dt": "1452220779", "direction": "0", "dep_dt": "1452220840", "route_id": "Red", "dwell_time_sec": "61"}, {"arr_dt": "1452221243", "direction": "0", "dep_dt": "1452221322", "route_id": "Red", "dwell_time_sec": "79"}, {"arr_dt": "1452221604", "direction": "0", "dep_dt": "1452221676", "route_id": "Red", "dwell_time_sec": "72"}, {"arr_dt": "1452221894", "direction": "0", "dep_dt": "1452221957", "route_id": "Red", "dwell_time_sec": "63"}, {"arr_dt": "1452222375", "direction": "0", "dep_dt": "1452222437", "route_id": "Red", "dwell_time_sec": "62"}, {"arr_dt": "1452222677", "direction": "0", "dep_dt": "1452222757", "route_id": "Red", "dwell_time_sec": "80"}, {"arr_dt": "1452223312", "direction": "0", "dep_dt": "1452223399", "route_id": "Red", "dwell_time_sec": "87"}, {"arr_dt": "1452223515", "direction": "0", "dep_dt": "1452223609", "route_id": "Red", "dwell_time_sec": "94"}, {"arr_dt": "1452223808", "direction": "0", "dep_dt": "1452223884", "route_id": "Red", "dwell_time_sec": "76"}, {"arr_dt": "1452224179", "direction": "0", "dep_dt": "1452224252", "route_id": "Red", "dwell_time_sec": "73"}, {"arr_dt": "1452224629", "direction": "0", "dep_dt": "1452224695", "route_id": "Red", "dwell_time_sec": "66"}, {"arr_dt": "1452225120", "direction": "0", "dep_dt": "1452225222", "route_id": "Red", "dwell_time_sec": "102"}, {"arr_dt": "1452225346", "direction": "0", "dep_dt": "1452225437", "route_id": "Red", "dwell_time_sec": "91"}, {"arr_dt": "1452225651", "direction": "0", "dep_dt": "1452225722", "route_id": "Red", "dwell_time_sec": "71"}, {"arr_dt": "1452225835", "direction": "0", "dep_dt": "1452225895", "route_id": "Red", "dwell_time_sec": "60"}, {"arr_dt": "1452226150", "direction": "0", "dep_dt": "1452226215", "route_id": "Red", "dwell_time_sec": "65"}, {"arr_dt": "1452226405", "direction": "0", "dep_dt": "1452226467", "route_id": "Red", "dwell_time_sec": "62"}, {"arr_dt": "1452226936", "direction": "0", "dep_dt": "1452227007", "route_id": "Red", "dwell_time_sec": "71"}, {"arr_dt": "1452227131", "direction": "0", "dep_dt": "1452227477", "route_id": "Red", "dwell_time_sec": "346"}, {"arr_dt": "1452227578", "direction": "0", "dep_dt": "1452227656", "route_id": "Red", "dwell_time_sec": "78"}, {"arr_dt": "1452227776", "direction": "0", "dep_dt": "1452227834", "route_id": "Red", "dwell_time_sec": "58"}, {"arr_dt": "1452228196", "direction": "0", "dep_dt": "1452228259", "route_id": "Red", "dwell_time_sec": "63"}, {"arr_dt": "1452228600", "direction": "0", "dep_dt": "1452228666", "route_id": "Red", "dwell_time_sec": "66"}, {"arr_dt": "1452228879", "direction": "0", "dep_dt": "1452228938", "route_id": "Red", "dwell_time_sec": "59"}]}