{"dwell_times": [{"arr_dt": "1475726530", "direction": "0", "dep_dt": "1475726612", "route_id": "Red", "dwell_time_sec": "82"}, {"arr_dt": "1475726945", "direction": "0", "dep_dt": "1475727019", "route_id": "Red", "dwell_time_sec": "74"}, {"arr_dt": "1475728209", "direction": "0", "dep_dt": "1475728308", "route_id": "Red", "dwell_time_sec": "99"}, {"arr_dt": "1475728451", "direction": "0", "dep_dt": "1475728515", "route_id": "Red", "dwell_time_sec": "64"}, {"arr_dt": "1475729385", "direction": "0", "dep_dt": "1475731007", "route_id": "Red", "dwell_time_sec": "1622"}, {"arr_dt": "1475746456", "direction": "0", "dep_dt": "1475746528", "route_id": "Red", "dwell_time_sec": "72"}, {"arr_dt": "1475747108", "direction": "0", "dep_dt": "1475747196", "route_id": "Red", "dwell_time_sec": "88"}, {"arr_dt": "1475747298", "direction": "0", "dep_dt": "1475747363", "route_id": "Red", "dwell_time_sec": "65"}, {"arr_dt": "1475747916", "direction": "0", "dep_dt": "1475747986", "route_id": "Red", "dwell_time_sec": "70"}, {"arr_dt": "1475748239", "direction": "0", "dep_dt": "1475748321", "route_id": "Red", "dwell_time_sec": "82"}, {"arr_dt": "1475748814", "direction": "0", "dep_dt": "1475748897", "route_id": "Red", "dwell_time_sec": "83"}, {"arr_dt": "1475749056", "direction": "0", "dep_dt": "1475749134", "route_id": "Red", "dwell_time_sec": "78"}, {"arr_dt": "1475749537", "direction": "0", "dep_dt": "1475749596", "route_id": "Red", "dwell_time_sec": "59"}, {"arr_dt": "1475749931", "direction": "0", "dep_dt": "1475749998", "route_id": "Red", "dwell_time_sec": "67"}, {"arr_dt": "1475750149", "direction": "0", "dep_dt": "1475750216", "route_id": "Red", "dwell_time_sec": "67"}, {"arr_dt": "1475750520", "direction": "0", "dep_dt": "1475750582", "route_id": "Red", "dwell_time_sec": "62"}, {"arr_dt": "1475750730", "direction": "0", "dep_dt": "1475750783", "route_id": "Red", "dwell_time_sec": "53"}, {"arr_dt": "1475751176", "direction": "0", "dep_dt": "1475751247", "route_id": "Red", "dwell_time_sec": "71"}, {"arr_dt": "1475751359", "direction": "0", "dep_dt": "1475751437", "route_id": "Red", "dwell_time_sec": "78"}, {"arr_dt": "1475751722", "direction": "0", "dep_dt": "1475751796", "route_id": "Red", "dwell_time_sec": "74"}, {"arr_dt": "1475751929", "direction": "0", "dep_dt": "1475752018", "route_id": "Red", "dwell_time_sec": "89"}, {"arr_dt": "1475752218", "direction": "0", "dep_dt": "1475752284", "route_id": "Red", "dwell_time_sec": "66"}, {"arr_dt": "1475752459", "direction": "0", "dep_dt": "1475752548", "route_id": "Red", "dwell_time_sec": "89"}, {"arr_dt": "1475752808", "direction": "0", "dep_dt": "1475752874", "route_id": "Red", "dwell_time_sec": "66"}, {"arr_dt": "1475752989", "direction": "0", "dep_dt": "1475753068", "route_id": "Red", "dwell_time_sec": "79"}, {"arr_dt": "1475753332", "direction": "0", "dep_dt": "1475753432", "route_id": "Red", "dwell_time_sec": "100"}, {"arr_dt": "1475753571", "direction": "0", "dep_dt": "1475753641", "route_id": "Red", "dwell_time_sec": "70"}, {"arr_dt": "1475753761", "direction": "0", "dep_dt": "1475753826", "route_id": "Red", "dwell_time_sec": "65"}, {"arr_dt": "1475753946", "direction": "0", "dep_dt": "1475754050", "route_id": "Red", "dwell_time_sec": "104"}, {"arr_dt": "1475754245", "direction": "0", "dep_dt": "1475754331", "route_id": "Red", "dwell_time_sec": "86"}, {"arr_dt": "1475754453", "direction": "0", "dep_dt": "1475754531", "route_id": "Red", "dwell_time_sec": "78"}, {"arr_dt": "1475754873", "direction": "0", "dep_dt": "1475754977", "route_id": "Red", "dwell_time_sec": "104"}, {"arr_dt": "1475755074", "direction": "0", "dep_dt": "1475755163", "route_id": "Red", "dwell_time_sec": "89"}, {"arr_dt": "1475755308", "direction": "0", "dep_dt": "1475755381", "route_id": "Red", "dwell_time_sec": "73"}, {"arr_dt": "1475755478", "direction": "0", "dep_dt": "1475755563", "route_id": "Red", "dwell_time_sec": "85"}, {"arr_dt": "1475755669", "direction": "0", "dep_dt": "1475755751", "route_id": "Red", "dwell_time_sec": "82"}, {"arr_dt": "1475755855", "direction": "0", "dep_dt": "1475755955", "route_id": "Red", "dwell_time_sec": "100"}, {"arr_dt": "1475756085", "direction": "0", "dep_dt": "1475756174", "route_id": "Red", "dwell_time_sec": "89"}, {"arr_dt": "1475756288", "direction": "0", "dep_dt": "1475756424", "route_id": "Red", "dwell_time_sec": "136"}, {"arr_dt": "1475756616", "direction": "0", "dep_dt": "1475756720", "route_id": "Red", "dwell_time_sec": "104"}, {"arr_dt": "1475756813", "direction": "0", "dep_dt": "1475756900", "route_id": "Red", "dwell_time_sec": "87"}, {"arr_dt": "1475757090", "direction": "0", "dep_dt": "1475757188", "route_id": "Red", "dwell_time_sec": "98"}, {"arr_dt": "1475757442", "direction": "0", "dep_dt": "1475757569", "route_id": "Red", "dwell_time_sec": "127"}, {"arr_dt": "1475757650", "direction": "0", "dep_dt": "1475757746", "route_id": "Red", "dwell_time_sec": "96"}, {"arr_dt": "1475757907", "direction": "0", "dep_dt": "1475757993", "route_id": "Red", "dwell_time_sec": "86"}, {"arr_dt": "1475758099", "direction": "0", "dep_dt": "1475758197", "route_id": "Red", "dwell_time_sec": "98"}, {"arr_dt": "1475758295", "direction": "0", "dep_dt": "1475758451", "route_id": "Red", "dwell_time_sec": "156"}, {"arr_dt": "1475758544", "direction": "0", "dep_dt": "1475758637", "route_id": "Red", "dwell_time_sec": "93"}, {"arr_dt": "1475758737", "direction": "0", "dep_dt": "1475758836", "route_id": "Red", "dwell_time_sec": "99"}, {"arr_dt": "1475759018", "direction": "0", "dep_dt": "1475759109", "route_id": "Red", "dwell_time_sec": "91"}, {"arr_dt": "1475759220", "direction": "0", "dep_dt": "1475759324", "route_id": "Red", "dwell_time_sec": "104"}, {"arr_dt": "1475759434", "direction": "0", "dep_dt": "1475759531", "route_id": "Red", "dwell_time_sec": "97"}, {"arr_dt": "1475759754", "direction": "0", "dep_dt": "1475759853", "route_id": "Red", "dwell_time_sec": "99"}, {"arr_dt": "1475760082", "direction": "0", "dep_dt": "1475760169", "route_id": "Red", "dwell_time_sec": "87"}, {"arr_dt": "1475760470", "direction": "0", "dep_dt": "1475760557", "route_id": "Red", "dwell_time_sec": "87"}, {"arr_dt": "1475760662", "direction": "0", "dep_dt": "1475760771", "route_id": "Red", "dwell_time_sec": "109"}, {"arr_dt": "1475760888", "direction": "0", "dep_dt": "1475760965", "route_id": "Red", "dwell_time_sec": "77"}, {"arr_dt": "1475761112", "direction": "0", "dep_dt": "1475761192", "route_id": "Red", "dwell_time_sec": "80"}, {"arr_dt": "1475761298", "direction": "0", "dep_dt": "1475761355", "route_id": "Red", "dwell_time_sec": "57"}, {"arr_dt": "1475761459", "direction": "0", "dep_dt": "1475761524", "route_id": "Red", "dwell_time_sec": "65"}, {"arr_dt": "1475761628", "direction": "0", "dep_dt": "1475761701", "route_id": "Red", "dwell_time_sec": "73"}, {"arr_dt": "1475761986", "direction": "0", "dep_dt": "1475762064", "route_id": "Red", "dwell_time_sec": "78"}, {"arr_dt": "1475762182", "direction": "0", "dep_dt": "1475762249", "route_id": "Red", "dwell_time_sec": "67"}, {"arr_dt": "1475762409", "direction": "0", "dep_dt": "1475762472", "route_id": "Red", "dwell_time_sec": "63"}, {"arr_dt": "1475762582", "direction": "0", "dep_dt": "1475762650", "route_id": "Red", "dwell_time_sec": "68"}, {"arr_dt": "1475762751", "direction": "0", "dep_dt": "1475762826", "route_id": "Red", "dwell_time_sec": "75"}, {"arr_dt": "1475762937", "direction": "0", "dep_dt": "1475762999", "route_id": "Red", "dwell_time_sec": "62"}, {"arr_dt": "1475763235", "direction": "0", "dep_dt": "1475763317", "route_id": "Red", "dwell_time_sec": "82"}, {"arr_dt": "1475763432", "direction": "0", "dep_dt": "1475763498", "route_id": "Red", "dwell_time_sec": "66"}, {"arr_dt": "1475763760", "direction": "0", "dep_dt": "1475763862", "route_id": "Red", "dwell_time_sec": "102"}, {"arr_dt": "1475763977", "direction": "0", "dep_dt": "1475764056", "route_id": "Red", "dwell_time_sec": "79"}, {"arr_dt": "1475764324", "direction": "0", "dep_dt": "1475764411", "route_id": "Red", "dwell_time_sec": "87"}, {"arr_dt": "1475764563", "direction": "0", "dep_dt": "1475764640", "route_id": "Red", "dwell_time_sec": "77"}, {"arr_dt": "1475764949", "direction": "0", "dep_dt": "1475765020", "route_id": "Red", "dwell_time_sec": "71"}, {"arr_dt": "1475765195", "direction": "0", "dep_dt": "1475765259", "route_id": "Red", "dwell_time_sec": "64"}, {"arr_dt": "1475765681", "direction": "0", "dep_dt": "1475765753", "route_id": "Red", "dwell_time_sec": "72"}, {"arr_dt": "1475766111", "direction": "0", "dep_dt": "1475766200", "route_id": "Red", "dwell_time_sec": "89"}, {"arr_dt": "1475766622", "direction": "0", "dep_dt": "1475766700", "route_id": "Red", "dwell_time_sec": "78"}, {"arr_dt": "1475766964", "direction": "0", "dep_dt": "1475767130", "route_id": "Red", "dwell_time_sec": "166"}, {"arr_dt": "1475767199", "direction": "0", "dep_dt": "1475767267", "route_id": "Red", "dwell_time_sec": "68"}, {"arr_dt": "1475767521", "direction": "0", "dep_dt": "1475767609", "route_id": "Red", "dwell_time_sec": "88"}, {"arr_dt": "1475767850", "direction": "0", "dep_dt": "1475767922", "route_id": "Red", "dwell_time_sec": "72"}, {"arr_dt": "1475768325", "direction": "0", "dep_dt": "1475768400", "route_id": "Red", "dwell_time_sec": "75"}, {"arr_dt": "1475768667", "direction": "0", "dep_dt": "1475768728", "route_id": "Red", "dwell_time_sec": "61"}, {"arr_dt": "1475769163", "direction": "0", "dep_dt": "1475769247", "route_id": "Red", "dwell_time_sec": "84"}, {"arr_dt": "1475769940", "direction": "0", "dep_dt": "1475770011", "route_id": "Red", "dwell_time_sec": "71"}, {"arr_dt": "1475770375", "direction": "0", "dep_dt": "1475770445", "route_id": "Red", "dwell_time_sec": "70"}, {"arr_dt": "1475770750", "direction": "0", "dep_dt": "1475770812", "route_id": "Red", "dwell_time_sec": "62"}, {"arr_dt": "1475771438", "direction": "0", "dep_dt": "1475771525", "route_id": "Red", "dwell_time_sec": "87"}, {"arr_dt": "1475771620", "direction": "0", "dep_dt": "1475771697", "route_id": "Red", "dwell_time_sec": "77"}, {"arr_dt": "1475772092", "direction": "0", "dep_dt": "1475772187", "route_id": "Red", "dwell_time_sec": "95"}, {"arr_dt": "1475772705", "direction": "0", "dep_dt": "1475772782", "route_id": "Red", "dwell_time_sec": "77"}, {"arr_dt": "1475773427", "direction": "0", "dep_dt": "1475773498", "route_id": "Red", "dwell_time_sec": "71"}, {"arr_dt": "1475773809", "direction": "0", "dep_dt": "1475773888", "route_id": "Red", "dwell_time_sec": "79"}, {"arr_dt": "1475774314", "direction": "0", "dep_dt": "1475774417", "route_id": "Red", "dwell_time_sec": "103"}, {"arr_dt": "1475774864", "direction": "0", "dep_dt": "1475774964", "route_id": "Red", "dwell_time_sec": "100"}, {"arr_dt": "1475775065", "direction": "0", "dep_dt": "1475775148", "route_id": "Red", "dwell_time_sec": "83"}, {"arr_dt": "1475775457", "direction": "0", "dep_dt": "1475775535", "route_id": "Red", "dwell_time_sec": "78"}, {"arr_dt": "1475775815", "direction": "0", "dep_dt": "1475775884", "route_id": "Red", "dwell_time_sec": "69"}, {"arr_dt": "1475776645", "direction": "0", "dep_dt": "1475776718", "route_id": "Red", "dwell_time_sec": "73"}, {"arr_dt": "1475777026", "direction": "0", "dep_dt": "1475777095", "route_id": "Red", "dwell_time_sec": "69"}, {"arr_dt": "1475777550", "direction": "0", "dep_dt": "1475777628", "route_id": "Red", "dwell_time_sec": "78"}, {"arr_dt": "1475777857", "direction": "0", "dep_dt": "1475777950", "route_id": "Red", "dwell_time_sec": "93"}, {"arr_dt": "1475778533", "direction": "0", "dep_dt": "1475778619", "route_id": "Red", "dwell_time_sec": "86"}, {"arr_dt": "1475778743", "direction": "0", "dep_dt": "1475778828", "route_id": "Red", "dwell_time_sec": "85"}, {"arr_dt": "1475779260", "direction": "0", "dep_dt": "1475779377", "route_id": "Red", "dwell_time_sec": "117"}, {"arr_dt": "1475779607", "direction": "0", "dep_dt": "1475779685", "route_id": "Red", "dwell_time_sec": "78"}, {"arr_dt": "1475780132", "direction": "0", "dep_dt": "1475780226", "route_id": "Red", "dwell_time_sec": "94"}, {"arr_dt": "1475780526", "direction": "0", "dep_dt": "1475780607", "route_id": "Red", "dwell_time_sec": "81"}, {"arr_dt": "1475780928", "direction": "0", "dep_dt": "1475781023", "route_id": "Red", "dwell_time_sec": "95"}, {"arr_dt": "1475781280", "direction": "0", "dep_dt": "1475781363", "route_id": "Red", "dwell_time_sec": "83"}, {"arr_dt": "1475781922", "direction": "0", "dep_dt": "1475782034", "route_id": "Red", "dwell_time_sec": "112"}, {"arr_dt": "1475782229", "direction": "0", "dep_dt": "1475782334", "route_id": "Red", "dwell_time_sec": "105"}, {"arr_dt": "1475782510", "direction": "0", "dep_dt": "1475782611", "route_id": "Red", "dwell_time_sec": "101"}, {"arr_dt": "1475782903", "direction": "0", "dep_dt": "1475783001", "route_id": "Red", "dwell_time_sec": "98"}, {"arr_dt": "1475783093", "direction": "0", "dep_dt": "1475783185", "route_id": "Red", "dwell_time_sec": "92"}, {"arr_dt": "1475783433", "direction": "0", "dep_dt": "1475783516", "route_id": "Red", "dwell_time_sec": "83"}, {"arr_dt": "1475783759", "direction": "0", "dep_dt": "1475783845", "route_id": "Red", "dwell_time_sec": "86"}, {"arr_dt": "1475784163", "direction": "0", "dep_dt": "1475784295", "route_id": "Red", "dwell_time_sec": "132"}, {"arr_dt": "1475784373", "direction": "0", "dep_dt": "1475784465", "route_id": "Red", "dwell_time_sec": "92"}, {"arr_dt": "1475784672", "direction": "0", "dep_dt": "1475784765", "route_id": "Red", "dwell_time_sec": "93"}, {"arr_dt": "1475784978", "direction": "0", "dep_dt": "1475785166", "route_id": "Red", "dwell_time_sec": "188"}, {"arr_dt": "1475785608", "direction": "0", "dep_dt": "1475785739", "route_id": "Red", "dwell_time_sec": "131"}, {"arr_dt": "1475785897", "direction": "0", "dep_dt": "1475786040", "route_id": "Red", "dwell_time_sec": "143"}, {"arr_dt": "1475786164", "direction": "0", "dep_dt": "1475786293", "route_id": "Red", "dwell_time_sec": "129"}, {"arr_dt": "1475786456", "direction": "0", "dep_dt": "1475786565", "route_id": "Red", "dwell_time_sec": "109"}, {"arr_dt": "1475786707", "direction": "0", "dep_dt": "1475786834", "route_id": "Red", "dwell_time_sec": "127"}, {"arr_dt": "1475786925", "direction": "0", "dep_dt": "1475787008", "route_id": "Red", "dwell_time_sec": "83"}, {"arr_dt": "1475787146", "direction": "0", "dep_dt": "1475787274", "route_id": "Red", "dwell_time_sec": "128"}, {"arr_dt": "1475787421", "direction": "0", "dep_dt": "1475787627", "route_id": "Red", "dwell_time_sec": "206"}, {"arr_dt": "1475787702", "direction": "0", "dep_dt": "1475787803", "route_id": "Red", "dwell_time_sec": "101"}, {"arr_dt": "1475788010", "direction": "0", "dep_dt": "1475788127", "route_id": "Red", "dwell_time_sec": "117"}, {"arr_dt": "1475788206", "direction": "0", "dep_dt": "1475788310", "route_id": "Red", "dwell_time_sec": "104"}, {"arr_dt": "1475788480", "direction": "0", "dep_dt": "1475788576", "route_id": "Red", "dwell_time_sec": "96"}, {"arr_dt": "1475788784", "direction": "0", "dep_dt": "1475788892", "route_id": "Red", "dwell_time_sec": "108"}, {"arr_dt": "1475788993", "direction": "0", "dep_dt": "1475789111", "route_id": "Red", "dwell_time_sec": "118"}, {"arr_dt": "1475789205", "direction": "0", "dep_dt": "1475789327", "route_id": "Red", "dwell_time_sec": "122"}, {"arr_dt": "1475789419", "direction": "0", "dep_dt": "1475789540", "route_id": "Red", "dwell_time_sec": "121"}, {"arr_dt": "1475789635", "direction": "0", "dep_dt": "1475789740", "route_id": "Red", "dwell_time_sec": "105"}, {"arr_dt": "1475789919", "direction": "0", "dep_dt": "1475790114", "route_id": "Red", "dwell_time_sec": "195"}, {"arr_dt": "1475790216", "direction": "0", "dep_dt": "1475790316", "route_id": "Red", "dwell_time_sec": "100"}, {"arr_dt": "1475790466", "direction": "0", "dep_dt": "1475790564", "route_id": "Red", "dwell_time_sec": "98"}, {"arr_dt": "1475790687", "direction": "0", "dep_dt": "1475790784", "route_id": "Red", "dwell_time_sec": "97"}, {"arr_dt": "1475790893", "direction": "0", "dep_dt": "1475790988", "route_id": "Red", "dwell_time_sec": "95"}, {"arr_dt": "1475791100", "direction": "0", "dep_dt": "1475791223", "route_id": "Red", "dwell_time_sec": "123"}, {"arr_dt": "1475791310", "direction": "0", "dep_dt": "1475791396", "route_id": "Red", "dwell_time_sec": "86"}, {"arr_dt": "1475791494", "direction": "0", "dep_dt": "1475791618", "route_id": "Red", "dwell_time_sec": "124"}, {"arr_dt": "1475791702", "direction": "0", "dep_dt": "1475791917", "route_id": "Red", "dwell_time_sec": "215"}, {"arr_dt": "1475792039", "direction": "0", "dep_dt": "1475792147", "route_id": "Red", "dwell_time_sec": "108"}, {"arr_dt": "1475792547", "direction": "0", "dep_dt": "1475792674", "route_id": "Red", "dwell_time_sec": "127"}, {"arr_dt": "1475792816", "direction": "0", "dep_dt": "1475792930", "route_id": "Red", "dwell_time_sec": "114"}, {"arr_dt": "1475793028", "direction": "0", "dep_dt": "1475793117", "route_id": "Red", "dwell_time_sec": "89"}, {"arr_dt": "1475793236", "direction": "0", "dep_dt": "1475793322", "route_id": "Red", "dwell_time_sec": "86"}, {"arr_dt": "1475793432", "direction": "0", "dep_dt": "1475793513", "route_id": "Red", "dwell_time_sec": "81"}, {"arr_dt": "1475793619", "direction": "0", "dep_dt": "1475793693", "route_id": "Red", "dwell_time_sec": "74"}, {"arr_dt": "1475793787", "direction": "0", "dep_dt": "1475793871", "route_id": "Red", "dwell_time_sec": "84"}, {"arr_dt": "1475793990", "direction": "0", "dep_dt": "1475794054", "route_id": "Red", "dwell_time_sec": "64"}, {"arr_dt": "1475794227", "direction": "0", "dep_dt": "1475794314", "route_id": "Red", "dwell_time_sec": "87"}, {"arr_dt": "1475794479", "direction": "0", "dep_dt": "1475794563", "route_id": "Red", "dwell_time_sec": "84"}, {"arr_dt": "1475794708", "direction": "0", "dep_dt": "1475794789", "route_id": "Red", "dwell_time_sec": "81"}, {"arr_dt": "1475794945", "direction": "0", "dep_dt": "1475795028", "route_id": "Red", "dwell_time_sec": "83"}, {"arr_dt": "1475795331", "direction": "0", "dep_dt": "1475795417", "route_id": "Red", "dwell_time_sec": "86"}, {"arr_dt": "1475795522", "direction": "0", "dep_dt": "1475795607", "route_id": "Red", "dwell_time_sec": "85"}, {"arr_dt": "1475796169", "direction": "0", "dep_dt": "1475796363", "route_id": "Red", "dwell_time_sec": "194"}, {"arr_dt": "1475796449", "direction": "0", "dep_dt": "1475796573", "route_id": "Red", "dwell_time_sec": "124"}, {"arr_dt": "1475796660", "direction": "0", "dep_dt": "1475796772", "route_id": "Red", "dwell_time_sec": "112"}, {"arr_dt": "1475797091", "direction": "0", "dep_dt": "1475797194", "route_id": "Red", "dwell_time_sec": "103"}, {"arr_dt": "1475797291", "direction": "0", "dep_dt": "1475797394", "route_id": "Red", "dwell_time_sec": "103"}, {"arr_dt": "1475797481", "direction": "0", "dep_dt": "1475797598", "route_id": "Red", "dwell_time_sec": "117"}, {"arr_dt": "1475797680", "direction": "0", "dep_dt": "1475797761", "route_id": "Red", "dwell_time_sec": "81"}, {"arr_dt": "1475797861", "direction": "0", "dep_dt": "1475797944", "route_id": "Red", "dwell_time_sec": "83"}, {"arr_dt": "1475798044", "direction": "0", "dep_dt": "1475798115", "route_id": "Red", "dwell_time_sec": "71"}, {"arr_dt": "1475798458", "direction": "0", "dep_dt": "1475798538", "route_id": "Red", "dwell_time_sec": "80"}, {"arr_dt": "1475798636", "direction": "0", "dep_dt": "1475798711", "route_id": "Red", "dwell_time_sec": "75"}, {"arr_dt": "1475798941", "direction": "0", "dep_dt": "1475799036", "route_id": "Red", "dwell_time_sec": "95"}, {"arr_dt": "1475799204", "direction": "0", "dep_dt": "1475799275", "route_id": "Red", "dwell_time_sec": "71"}, {"arr_dt": "1475799833", "direction": "0", "dep_dt": "1475799916", "route_id": "Red", "dwell_time_sec": "83"}, {"arr_dt": "1475800044", "direction": "0", "dep_dt": "1475800113", "route_id": "Red", "dwell_time_sec": "69"}, {"arr_dt": "1475800237", "direction": "0", "dep_dt": "1475800306", "route_id": "Red", "dwell_time_sec": "69"}, {"arr_dt": "1475800414", "direction": "0", "dep_dt": "1475800490", "route_id": "Red", "dwell_time_sec": "76"}, {"arr_dt": "1475800713", "direction": "0", "dep_dt": "1475800777", "route_id": "Red", "dwell_time_sec": "64"}, {"arr_dt": "1475801489", "direction": "0", "dep_dt": "1475801579", "route_id": "Red", "dwell_time_sec": "90"}, {"arr_dt": "1475801804", "direction": "0", "dep_dt": "1475801963", "route_id": "Red", "dwell_time_sec": "159"}, {"arr_dt": "1475802067", "direction": "0", "dep_dt": "1475802156", "route_id": "Red", "dwell_time_sec": "89"}, {"arr_dt": "1475802431", "direction": "0", "dep_dt": "1475802518", "route_id": "Red", "dwell_time_sec": "87"}, {"arr_dt": "1475802738", "direction": "0", "dep_dt": "1475802804", "route_id": "Red", "dwell_time_sec": "66"}, {"arr_dt": "1475803077", "direction": "0", "dep_dt": "1475803134", "route_id": "Red", "dwell_time_sec": "57"}, {"arr_dt": "1475803352", "direction": "0", "dep_dt": "1475803420", "route_id": "Red", "dwell_time_sec": "68"}, {"arr_dt": "1475803958", "direction": "0", "dep_dt": "1475804032", "route_id": "Red", "dwell_time_sec": "74"}, {"arr_dt": "1475804193", "direction": "0", "dep_dt": "1475804864", "route_id": "Red", "dwell_time_sec": "671"}, {"arr_dt": "1475805207", "direction": "0", "dep_dt": "1475805309", "route_id": "Red", "dwell_time_sec": "102"}, {"arr_dt": "1475805630", "direction": "0", "dep_dt": "1475805696", "route_id": "Red", "dwell_time_sec": "66"}, {"arr_dt": "1475805967", "direction": "0", "dep_dt": "1475806042", "route_id": "Red", "dwell_time_sec": "75"}, {"arr_dt": "1475806441", "direction": "0", "dep_dt": "1475806507", "route_id": "Red", "dwell_time_sec": "66"}, {"arr_dt": "1475806924", "direction": "0", "dep_dt": "1475807040", "route_id": "Red", "dwell_time_sec": "116"}, {"arr_dt": "1475807293", "direction": "0", "dep_dt": "1475807365", "route_id": "Red", "dwell_time_sec": "72"}, {"arr_dt": "1475807682", "direction": "0", "dep_dt": "1475807747", "route_id": "Red", "dwell_time_sec": "65"}, {"arr_dt": "1475808213", "direction": "0", "dep_dt": "1475808294", "route_id": "Red", "dwell_time_sec": "81"}, {"arr_dt": "1475808637", "direction": "0", "dep_dt": "1475808735", "route_id": "Red", "dwell_time_sec": "98"}, {"arr_dt": "1475808833", "direction": "0", "dep_dt": "1475808906", "route_id": "Red", "dwell_time_sec": "73"}, {"arr_dt": "1475809051", "direction": "0", "dep_dt": "1475809118", "route_id": "Red", "dwell_time_sec": "67"}, {"arr_dt": "1475809243", "direction": "0", "dep_dt": "1475809303", "route_id": "Red", "dwell_time_sec": "60"}, {"arr_dt": "1475809528", "direction": "0", "dep_dt": "1475809596", "route_id": "Red", "dwell_time_sec": "68"}, {"arr_dt": "1475809879", "direction": "0", "dep_dt": "1475809959", "route_id": "Red", "dwell_time_sec": "80"}, {"arr_dt": "1475810260", "direction": "0", "dep_dt": "1475810315", "route_id": "Red", "dwell_time_sec": "55"}, {"arr_dt": "1475810541", "direction": "0", "dep_dt": "1475810606", "route_id": "Red", "dwell_time_sec": "65"}, {"arr_dt": "1475810989", "direction": "0", "dep_dt": "1475811058", "route_id": "Red", "dwell_time_sec": "69"}, {"arr_dt": "1475811412", "direction": "0", "dep_dt": "1475811486", "route_id": "Red", "dwell_time_sec": "74"}, {"arr_dt": "1475811835", "direction": "0", "dep_dt": "1475811897", "route_id": "Red", "dwell_time_sec": "62"}, {"arr_dt": "1475812000", "direction": "0", "dep_dt": "1475812100", "route_id": "Red", "dwell_time_sec": "100"}, {"arr_dt": "1475812524", "direction": "0", "dep_dt": "1475812585", "route_id": "Red", "dwell_time_sec": "61"}, {"arr_dt": "1475812733", "direction": "0", "dep_dt": "1475812798", "route_id": "Red", "dwell_time_sec": "65"}]}