{"dwell_times": [{"arr_dt": "1456981292", "direction": "0", "dep_dt": "1456981354", "route_id": "Red", "dwell_time_sec": "62"}, {"arr_dt": "1456981729", "direction": "0", "dep_dt": "1456981797", "route_id": "Red", "dwell_time_sec": "68"}, {"arr_dt": "1456982175", "direction": "0", "dep_dt": "1456982246", "route_id": "Red", "dwell_time_sec": "71"}, {"arr_dt": "1456982677", "direction": "0", "dep_dt": "1456982741", "route_id": "Red", "dwell_time_sec": "64"}, {"arr_dt": "1456983035", "direction": "0", "dep_dt": "1456983095", "route_id": "Red", "dwell_time_sec": "60"}, {"arr_dt": "1456983261", "direction": "0", "dep_dt": "1456983317", "route_id": "Red", "dwell_time_sec": "56"}, {"arr_dt": "1456984260", "direction": "0", "dep_dt": "1456985938", "route_id": "Red", "dwell_time_sec": "1678"}, {"arr_dt": "1457001150", "direction": "0", "dep_dt": "1457001222", "route_id": "Red", "dwell_time_sec": "72"}, {"arr_dt": "1457001953", "direction": "0", "dep_dt": "1457002027", "route_id": "Red", "dwell_time_sec": "74"}, {"arr_dt": "1457002208", "direction": "0", "dep_dt": "1457002277", "route_id": "Red", "dwell_time_sec": "69"}, {"arr_dt": "1457002746", "direction": "0", "dep_dt": "1457002962", "route_id": "Red", "dwell_time_sec": "216"}, {"arr_dt": "1457003127", "direction": "0", "dep_dt": "1457003186", "route_id": "Red", "dwell_time_sec": "59"}, {"arr_dt": "1457004058", "direction": "0", "dep_dt": "1457004140", "route_id": "Red", "dwell_time_sec": "82"}, {"arr_dt": "1457004299", "direction": "0", "dep_dt": "1457004351", "route_id": "Red", "dwell_time_sec": "52"}, {"arr_dt": "1457004695", "direction": "0", "dep_dt": "1457004752", "route_id": "Red", "dwell_time_sec": "57"}, {"arr_dt": "1457005063", "direction": "0", "dep_dt": "1457005128", "route_id": "Red", "dwell_time_sec": "65"}, {"arr_dt": "1457005490", "direction": "0", "dep_dt": "1457005561", "route_id": "Red", "dwell_time_sec": "71"}, {"arr_dt": "1457005740", "direction": "0", "dep_dt": "1457005802", "route_id": "Red", "dwell_time_sec": "62"}, {"arr_dt": "1457006268", "direction": "0", "dep_dt": "1457006353", "route_id": "Red", "dwell_time_sec": "85"}, {"arr_dt": "1457006674", "direction": "0", "dep_dt": "1457006876", "route_id": "Red", "dwell_time_sec": "202"}, {"arr_dt": "1457007097", "direction": "0", "dep_dt": "1457007206", "route_id": "Red", "dwell_time_sec": "109"}, {"arr_dt": "1457007535", "direction": "0", "dep_dt": "1457007613", "route_id": "Red", "dwell_time_sec": "78"}, {"arr_dt": "1457007785", "direction": "0", "dep_dt": "1457007886", "route_id": "Red", "dwell_time_sec": "101"}, {"arr_dt": "1457008053", "direction": "0", "dep_dt": "1457008122", "route_id": "Red", "dwell_time_sec": "69"}, {"arr_dt": "1457008235", "direction": "0", "dep_dt": "1457008319", "route_id": "Red", "dwell_time_sec": "84"}, {"arr_dt": "1457008473", "direction": "0", "dep_dt": "1457008541", "route_id": "Red", "dwell_time_sec": "68"}, {"arr_dt": "1457008673", "direction": "0", "dep_dt": "1457008744", "route_id": "Red", "dwell_time_sec": "71"}, {"arr_dt": "1457009026", "direction": "0", "dep_dt": "1457009112", "route_id": "Red", "dwell_time_sec": "86"}, {"arr_dt": "1457009231", "direction": "0", "dep_dt": "1457009315", "route_id": "Red", "dwell_time_sec": "84"}, {"arr_dt": "1457009446", "direction": "0", "dep_dt": "1457009514", "route_id": "Red", "dwell_time_sec": "68"}, {"arr_dt": "1457009622", "direction": "0", "dep_dt": "1457009706", "route_id": "Red", "dwell_time_sec": "84"}, {"arr_dt": "1457009848", "direction": "0", "dep_dt": "1457009940", "route_id": "Red", "dwell_time_sec": "92"}, {"arr_dt": "1457010068", "direction": "0", "dep_dt": "1457010158", "route_id": "Red", "dwell_time_sec": "90"}, {"arr_dt": "1457010314", "direction": "0", "dep_dt": "1457010404", "route_id": "Red", "dwell_time_sec": "90"}, {"arr_dt": "1457010504", "direction": "0", "dep_dt": "1457010586", "route_id": "Red", "dwell_time_sec": "82"}, {"arr_dt": "1457010772", "direction": "0", "dep_dt": "1457010876", "route_id": "Red", "dwell_time_sec": "104"}, {"arr_dt": "1457011024", "direction": "0", "dep_dt": "1457011105", "route_id": "Red", "dwell_time_sec": "81"}, {"arr_dt": "1457011652", "direction": "0", "dep_dt": "1457011792", "route_id": "Red", "dwell_time_sec": "140"}, {"arr_dt": "1457011916", "direction": "0", "dep_dt": "1457012036", "route_id": "Red", "dwell_time_sec": "120"}, {"arr_dt": "1457012203", "direction": "0", "dep_dt": "1457012334", "route_id": "Red", "dwell_time_sec": "131"}, {"arr_dt": "1457012434", "direction": "0", "dep_dt": "1457012529", "route_id": "Red", "dwell_time_sec": "95"}, {"arr_dt": "1457012665", "direction": "0", "dep_dt": "1457012774", "route_id": "Red", "dwell_time_sec": "109"}, {"arr_dt": "1457012881", "direction": "0", "dep_dt": "1457012971", "route_id": "Red", "dwell_time_sec": "90"}, {"arr_dt": "1457013112", "direction": "0", "dep_dt": "1457013224", "route_id": "Red", "dwell_time_sec": "112"}, {"arr_dt": "1457013322", "direction": "0", "dep_dt": "1457013416", "route_id": "Red", "dwell_time_sec": "94"}, {"arr_dt": "1457013548", "direction": "0", "dep_dt": "1457013646", "route_id": "Red", "dwell_time_sec": "98"}, {"arr_dt": "1457013751", "direction": "0", "dep_dt": "1457013837", "route_id": "Red", "dwell_time_sec": "86"}, {"arr_dt": "1457013978", "direction": "0", "dep_dt": "1457014063", "route_id": "Red", "dwell_time_sec": "85"}, {"arr_dt": "1457014177", "direction": "0", "dep_dt": "1457014276", "route_id": "Red", "dwell_time_sec": "99"}, {"arr_dt": "1457014377", "direction": "0", "dep_dt": "1457014464", "route_id": "Red", "dwell_time_sec": "87"}, {"arr_dt": "1457014561", "direction": "0", "dep_dt": "1457014645", "route_id": "Red", "dwell_time_sec": "84"}, {"arr_dt": "1457014790", "direction": "0", "dep_dt": "1457014880", "route_id": "Red", "dwell_time_sec": "90"}, {"arr_dt": "1457014965", "direction": "0", "dep_dt": "1457015046", "route_id": "Red", "dwell_time_sec": "81"}, {"arr_dt": "1457015451", "direction": "0", "dep_dt": "1457015537", "route_id": "Red", "dwell_time_sec": "86"}, {"arr_dt": "1457015651", "direction": "0", "dep_dt": "1457015739", "route_id": "Red", "dwell_time_sec": "88"}, {"arr_dt": "1457015872", "direction": "0", "dep_dt": "1457015943", "route_id": "Red", "dwell_time_sec": "71"}, {"arr_dt": "1457016048", "direction": "0", "dep_dt": "1457016123", "route_id": "Red", "dwell_time_sec": "75"}, {"arr_dt": "1457016232", "direction": "0", "dep_dt": "1457016313", "route_id": "Red", "dwell_time_sec": "81"}, {"arr_dt": "1457016450", "direction": "0", "dep_dt": "1457016523", "route_id": "Red", "dwell_time_sec": "73"}, {"arr_dt": "1457016629", "direction": "0", "dep_dt": "1457016697", "route_id": "Red", "dwell_time_sec": "68"}, {"arr_dt": "1457016786", "direction": "0", "dep_dt": "1457016855", "route_id": "Red", "dwell_time_sec": "69"}, {"arr_dt": "1457017069", "direction": "0", "dep_dt": "1457017136", "route_id": "Red", "dwell_time_sec": "67"}, {"arr_dt": "1457017261", "direction": "0", "dep_dt": "1457017347", "route_id": "Red", "dwell_time_sec": "86"}, {"arr_dt": "1457017744", "direction": "0", "dep_dt": "1457017817", "route_id": "Red", "dwell_time_sec": "73"}, {"arr_dt": "1457017944", "direction": "0", "dep_dt": "1457018010", "route_id": "Red", "dwell_time_sec": "66"}, {"arr_dt": "1457018273", "direction": "0", "dep_dt": "1457018369", "route_id": "Red", "dwell_time_sec": "96"}, {"arr_dt": "1457018594", "direction": "0", "dep_dt": "1457018667", "route_id": "Red", "dwell_time_sec": "73"}, {"arr_dt": "1457019108", "direction": "0", "dep_dt": "1457019255", "route_id": "Red", "dwell_time_sec": "147"}, {"arr_dt": "1457019340", "direction": "0", "dep_dt": "1457019437", "route_id": "Red", "dwell_time_sec": "97"}, {"arr_dt": "1457020051", "direction": "0", "dep_dt": "1457020151", "route_id": "Red", "dwell_time_sec": "100"}, {"arr_dt": "1457020239", "direction": "0", "dep_dt": "1457020331", "route_id": "Red", "dwell_time_sec": "92"}, {"arr_dt": "1457020577", "direction": "0", "dep_dt": "1457020685", "route_id": "Red", "dwell_time_sec": "108"}, {"arr_dt": "1457020891", "direction": "0", "dep_dt": "1457020987", "route_id": "Red", "dwell_time_sec": "96"}, {"arr_dt": "1457021201", "direction": "0", "dep_dt": "1457021277", "route_id": "Red", "dwell_time_sec": "76"}, {"arr_dt": "1457021551", "direction": "0", "dep_dt": "1457021615", "route_id": "Red", "dwell_time_sec": "64"}, {"arr_dt": "1457022014", "direction": "0", "dep_dt": "1457022099", "route_id": "Red", "dwell_time_sec": "85"}, {"arr_dt": "1457022474", "direction": "0", "dep_dt": "1457022540", "route_id": "Red", "dwell_time_sec": "66"}, {"arr_dt": "1457022868", "direction": "0", "dep_dt": "1457022933", "route_id": "Red", "dwell_time_sec": "65"}, {"arr_dt": "1457023205", "direction": "0", "dep_dt": "1457023291", "route_id": "Red", "dwell_time_sec": "86"}, {"arr_dt": "1457023689", "direction": "0", "dep_dt": "1457023768", "route_id": "Red", "dwell_time_sec": "79"}, {"arr_dt": "1457024115", "direction": "0", "dep_dt": "1457024195", "route_id": "Red", "dwell_time_sec": "80"}, {"arr_dt": "1457024420", "direction": "0", "dep_dt": "1457024485", "route_id": "Red", "dwell_time_sec": "65"}, {"arr_dt": "1457024875", "direction": "0", "dep_dt": "1457024937", "route_id": "Red", "dwell_time_sec": "62"}, {"arr_dt": "1457025310", "direction": "0", "dep_dt": "1457025386", "route_id": "Red", "dwell_time_sec": "76"}, {"arr_dt": "1457025692", "direction": "0", "dep_dt": "1457025755", "route_id": "Red", "dwell_time_sec": "63"}, {"arr_dt": "1457026208", "direction": "0", "dep_dt": "1457026285", "route_id": "Red", "dwell_time_sec": "77"}, {"arr_dt": "1457026755", "direction": "0", "dep_dt": "1457026827", "route_id": "Red", "dwell_time_sec": "72"}, {"arr_dt": "1457027219", "direction": "0", "dep_dt": "1457027317", "route_id": "Red", "dwell_time_sec": "98"}, {"arr_dt": "1457027531", "direction": "0", "dep_dt": "1457027596", "route_id": "Red", "dwell_time_sec": "65"}, {"arr_dt": "1457027779", "direction": "0", "dep_dt": "1457027844", "route_id": "Red", "dwell_time_sec": "65"}, {"arr_dt": "1457028491", "direction": "0", "dep_dt": "1457028552", "route_id": "Red", "dwell_time_sec": "61"}, {"arr_dt": "1457028669", "direction": "0", "dep_dt": "1457028740", "route_id": "Red", "dwell_time_sec": "71"}, {"arr_dt": "1457029158", "direction": "0", "dep_dt": "1457029233", "route_id": "Red", "dwell_time_sec": "75"}, {"arr_dt": "1457029464", "direction": "0", "dep_dt": "1457029545", "route_id": "Red", "dwell_time_sec": "81"}, {"arr_dt": "1457029914", "direction": "0", "dep_dt": "1457029987", "route_id": "Red", "dwell_time_sec": "73"}, {"arr_dt": "1457030422", "direction": "0", "dep_dt": "1457030514", "route_id": "Red", "dwell_time_sec": "92"}, {"arr_dt": "1457030717", "direction": "0", "dep_dt": "1457030788", "route_id": "Red", "dwell_time_sec": "71"}, {"arr_dt": "1457031200", "direction": "0", "dep_dt": "1457031277", "route_id": "Red", "dwell_time_sec": "77"}, {"arr_dt": "1457031612", "direction": "0", "dep_dt": "1457031692", "route_id": "Red", "dwell_time_sec": "80"}, {"arr_dt": "1457031978", "direction": "0", "dep_dt": "1457032039", "route_id": "Red", "dwell_time_sec": "61"}, {"arr_dt": "1457032405", "direction": "0", "dep_dt": "1457032489", "route_id": "Red", "dwell_time_sec": "84"}, {"arr_dt": "1457032895", "direction": "0", "dep_dt": "1457032974", "route_id": "Red", "dwell_time_sec": "79"}, {"arr_dt": "1457033336", "direction": "0", "dep_dt": "1457033424", "route_id": "Red", "dwell_time_sec": "88"}, {"arr_dt": "1457033872", "direction": "0", "dep_dt": "1457033957", "route_id": "Red", "dwell_time_sec": "85"}, {"arr_dt": "1457034205", "direction": "0", "dep_dt": "1457034292", "route_id": "Red", "dwell_time_sec": "87"}, {"arr_dt": "1457034549", "direction": "0", "dep_dt": "1457034640", "route_id": "Red", "dwell_time_sec": "91"}, {"arr_dt": "1457035017", "direction": "0", "dep_dt": "1457035099", "route_id": "Red", "dwell_time_sec": "82"}, {"arr_dt": "1457035281", "direction": "0", "dep_dt": "1457035367", "route_id": "Red", "dwell_time_sec": "86"}, {"arr_dt": "1457035908", "direction": "0", "dep_dt": "1457035993", "route_id": "Red", "dwell_time_sec": "85"}, {"arr_dt": "1457036350", "direction": "0", "dep_dt": "1457036447", "route_id": "Red", "dwell_time_sec": "97"}, {"arr_dt": "1457036800", "direction": "0", "dep_dt": "1457036926", "route_id": "Red", "dwell_time_sec": "126"}, {"arr_dt": "1457037233", "direction": "0", "dep_dt": "1457037408", "route_id": "Red", "dwell_time_sec": "175"}, {"arr_dt": "1457037570", "direction": "0", "dep_dt": "1457037646", "route_id": "Red", "dwell_time_sec": "76"}, {"arr_dt": "1457037937", "direction": "0", "dep_dt": "1457038029", "route_id": "Red", "dwell_time_sec": "92"}, {"arr_dt": "1457038216", "direction": "0", "dep_dt": "1457038297", "route_id": "Red", "dwell_time_sec": "81"}, {"arr_dt": "1457038457", "direction": "0", "dep_dt": "1457038549", "route_id": "Red", "dwell_time_sec": "92"}, {"arr_dt": "1457038698", "direction": "0", "dep_dt": "1457038781", "route_id": "Red", "dwell_time_sec": "83"}, {"arr_dt": "1457038901", "direction": "0", "dep_dt": "1457038968", "route_id": "Red", "dwell_time_sec": "67"}, {"arr_dt": "1457039399", "direction": "0", "dep_dt": "1457039507", "route_id": "Red", "dwell_time_sec": "108"}, {"arr_dt": "1457039601", "direction": "0", "dep_dt": "1457039702", "route_id": "Red", "dwell_time_sec": "101"}, {"arr_dt": "1457040021", "direction": "0", "dep_dt": "1457040119", "route_id": "Red", "dwell_time_sec": "98"}, {"arr_dt": "1457040229", "direction": "0", "dep_dt": "1457040316", "route_id": "Red", "dwell_time_sec": "87"}, {"arr_dt": "1457040681", "direction": "0", "dep_dt": "1457040801", "route_id": "Red", "dwell_time_sec": "120"}, {"arr_dt": "1457040961", "direction": "0", "dep_dt": "1457041067", "route_id": "Red", "dwell_time_sec": "106"}, {"arr_dt": "1457041254", "direction": "0", "dep_dt": "1457041344", "route_id": "Red", "dwell_time_sec": "90"}, {"arr_dt": "1457041449", "direction": "0", "dep_dt": "1457041536", "route_id": "Red", "dwell_time_sec": "87"}, {"arr_dt": "1457041665", "direction": "0", "dep_dt": "1457041764", "route_id": "Red", "dwell_time_sec": "99"}, {"arr_dt": "1457041874", "direction": "0", "dep_dt": "1457041983", "route_id": "Red", "dwell_time_sec": "109"}, {"arr_dt": "1457042087", "direction": "0", "dep_dt": "1457042175", "route_id": "Red", "dwell_time_sec": "88"}, {"arr_dt": "1457042295", "direction": "0", "dep_dt": "1457042389", "route_id": "Red", "dwell_time_sec": "94"}, {"arr_dt": "1457042507", "direction": "0", "dep_dt": "1457042608", "route_id": "Red", "dwell_time_sec": "101"}, {"arr_dt": "1457042818", "direction": "0", "dep_dt": "1457042950", "route_id": "Red", "dwell_time_sec": "132"}, {"arr_dt": "1457043053", "direction": "0", "dep_dt": "1457043153", "route_id": "Red", "dwell_time_sec": "100"}, {"arr_dt": "1457043425", "direction": "0", "dep_dt": "1457043585", "route_id": "Red", "dwell_time_sec": "160"}, {"arr_dt": "1457043655", "direction": "0", "dep_dt": "1457043779", "route_id": "Red", "dwell_time_sec": "124"}, {"arr_dt": "1457043925", "direction": "0", "dep_dt": "1457044013", "route_id": "Red", "dwell_time_sec": "88"}, {"arr_dt": "1457044165", "direction": "0", "dep_dt": "1457044261", "route_id": "Red", "dwell_time_sec": "96"}, {"arr_dt": "1457044353", "direction": "0", "dep_dt": "1457044452", "route_id": "Red", "dwell_time_sec": "99"}, {"arr_dt": "1457044556", "direction": "0", "dep_dt": "1457044651", "route_id": "Red", "dwell_time_sec": "95"}, {"arr_dt": "1457044749", "direction": "0", "dep_dt": "1457044863", "route_id": "Red", "dwell_time_sec": "114"}, {"arr_dt": "1457044968", "direction": "0", "dep_dt": "1457045073", "route_id": "Red", "dwell_time_sec": "105"}, {"arr_dt": "1457045503", "direction": "0", "dep_dt": "1457045661", "route_id": "Red", "dwell_time_sec": "158"}, {"arr_dt": "1457045758", "direction": "0", "dep_dt": "1457045863", "route_id": "Red", "dwell_time_sec": "105"}, {"arr_dt": "1457046068", "direction": "0", "dep_dt": "1457046266", "route_id": "Red", "dwell_time_sec": "198"}, {"arr_dt": "1457046349", "direction": "0", "dep_dt": "1457046446", "route_id": "Red", "dwell_time_sec": "97"}, {"arr_dt": "1457046550", "direction": "0", "dep_dt": "1457046678", "route_id": "Red", "dwell_time_sec": "128"}, {"arr_dt": "1457046760", "direction": "0", "dep_dt": "1457046869", "route_id": "Red", "dwell_time_sec": "109"}, {"arr_dt": "1457046955", "direction": "0", "dep_dt": "1457047054", "route_id": "Red", "dwell_time_sec": "99"}, {"arr_dt": "1457047146", "direction": "0", "dep_dt": "1457047245", "route_id": "Red", "dwell_time_sec": "99"}, {"arr_dt": "1457047337", "direction": "0", "dep_dt": "1457047444", "route_id": "Red", "dwell_time_sec": "107"}, {"arr_dt": "1457047582", "direction": "0", "dep_dt": "1457047705", "route_id": "Red", "dwell_time_sec": "123"}, {"arr_dt": "1457047905", "direction": "0", "dep_dt": "1457047998", "route_id": "Red", "dwell_time_sec": "93"}, {"arr_dt": "1457048260", "direction": "0", "dep_dt": "1457048362", "route_id": "Red", "dwell_time_sec": "102"}, {"arr_dt": "1457048524", "direction": "0", "dep_dt": "1457048608", "route_id": "Red", "dwell_time_sec": "84"}, {"arr_dt": "1457048815", "direction": "0", "dep_dt": "1457048893", "route_id": "Red", "dwell_time_sec": "78"}, {"arr_dt": "1457049040", "direction": "0", "dep_dt": "1457049108", "route_id": "Red", "dwell_time_sec": "68"}, {"arr_dt": "1457049273", "direction": "0", "dep_dt": "1457049349", "route_id": "Red", "dwell_time_sec": "76"}, {"arr_dt": "1457049608", "direction": "0", "dep_dt": "1457049699", "route_id": "Red", "dwell_time_sec": "91"}, {"arr_dt": "1457049919", "direction": "0", "dep_dt": "1457049996", "route_id": "Red", "dwell_time_sec": "77"}, {"arr_dt": "1457050374", "direction": "0", "dep_dt": "1457050451", "route_id": "Red", "dwell_time_sec": "77"}, {"arr_dt": "1457050555", "direction": "0", "dep_dt": "1457050660", "route_id": "Red", "dwell_time_sec": "105"}, {"arr_dt": "1457050752", "direction": "0", "dep_dt": "1457050838", "route_id": "Red", "dwell_time_sec": "86"}, {"arr_dt": "1457051016", "direction": "0", "dep_dt": "1457051091", "route_id": "Red", "dwell_time_sec": "75"}, {"arr_dt": "1457051204", "direction": "0", "dep_dt": "1457051263", "route_id": "Red", "dwell_time_sec": "59"}, {"arr_dt": "1457051441", "direction": "0", "dep_dt": "1457051518", "route_id": "Red", "dwell_time_sec": "77"}, {"arr_dt": "1457051886", "direction": "0", "dep_dt": "1457051969", "route_id": "Red", "dwell_time_sec": "83"}, {"arr_dt": "1457052077", "direction": "0", "dep_dt": "1457052155", "route_id": "Red", "dwell_time_sec": "78"}, {"arr_dt": "1457052267", "direction": "0", "dep_dt": "1457052338", "route_id": "Red", "dwell_time_sec": "71"}, {"arr_dt": "1457052625", "direction": "0", "dep_dt": "1457052707", "route_id": "Red", "dwell_time_sec": "82"}, {"arr_dt": "1457052968", "direction": "0", "dep_dt": "1457053042", "route_id": "Red", "dwell_time_sec": "74"}, {"arr_dt": "1457053422", "direction": "0", "dep_dt": "1457053507", "route_id": "Red", "dwell_time_sec": "85"}, {"arr_dt": "1457053617", "direction": "0", "dep_dt": "1457053716", "route_id": "Red", "dwell_time_sec": "99"}, {"arr_dt": "1457053815", "direction": "0", "dep_dt": "1457053885", "route_id": "Red", "dwell_time_sec": "70"}, {"arr_dt": "1457053997", "direction": "0", "dep_dt": "1457054071", "route_id": "Red", "dwell_time_sec": "74"}, {"arr_dt": "1457054334", "direction": "0", "dep_dt": "1457054401", "route_id": "Red", "dwell_time_sec": "67"}, {"arr_dt": "1457054526", "direction": "0", "dep_dt": "1457054592", "route_id": "Red", "dwell_time_sec": "66"}, {"arr_dt": "1457055052", "direction": "0", "dep_dt": "1457055143", "route_id": "Red", "dwell_time_sec": "91"}, {"arr_dt": "1457055296", "direction": "0", "dep_dt": "1457055381", "route_id": "Red", "dwell_time_sec": "85"}, {"arr_dt": "1457055741", "direction": "0", "dep_dt": "1457055811", "route_id": "Red", "dwell_time_sec": "70"}, {"arr_dt": "1457055959", "direction": "0", "dep_dt": "1457056042", "route_id": "Red", "dwell_time_sec": "83"}, {"arr_dt": "1457056148", "direction": "0", "dep_dt": "1457056217", "route_id": "Red", "dwell_time_sec": "69"}, {"arr_dt": "1457056421", "direction": "0", "dep_dt": "1457056502", "route_id": "Red", "dwell_time_sec": "81"}, {"arr_dt": "1457057094", "direction": "0", "dep_dt": "1457057162", "route_id": "Red", "dwell_time_sec": "68"}, {"arr_dt": "1457057347", "direction": "0", "dep_dt": "1457057415", "route_id": "Red", "dwell_time_sec": "68"}, {"arr_dt": "1457057788", "direction": "0", "dep_dt": "1457057860", "route_id": "Red", "dwell_time_sec": "72"}, {"arr_dt": "1457057967", "direction": "0", "dep_dt": "1457058054", "route_id": "Red", "dwell_time_sec": "87"}, {"arr_dt": "1457058401", "direction": "0", "dep_dt": "1457058492", "route_id": "Red", "dwell_time_sec": "91"}, {"arr_dt": "1457058633", "direction": "0", "dep_dt": "1457058691", "route_id": "Red", "dwell_time_sec": "58"}, {"arr_dt": "1457059259", "direction": "0", "dep_dt": "1457059334", "route_id": "Red", "dwell_time_sec": "75"}, {"arr_dt": "1457059651", "direction": "0", "dep_dt": "1457059735", "route_id": "Red", "dwell_time_sec": "84"}, {"arr_dt": "1457060289", "direction": "0", "dep_dt": "1457060385", "route_id": "Red", "dwell_time_sec": "96"}, {"arr_dt": "1457060542", "direction": "0", "dep_dt": "1457060636", "route_id": "Red", "dwell_time_sec": "94"}, {"arr_dt": "1457060751", "direction": "0", "dep_dt": "1457060831", "route_id": "Red", "dwell_time_sec": "80"}, {"arr_dt": "1457061047", "direction": "0", "dep_dt": "1457061118", "route_id": "Red", "dwell_time_sec": "71"}, {"arr_dt": "1457061224", "direction": "0", "dep_dt": "1457061310", "route_id": "Red", "dwell_time_sec": "86"}, {"arr_dt": "1457061727", "direction": "0", "dep_dt": "1457061798", "route_id": "Red", "dwell_time_sec": "71"}, {"arr_dt": "1457062140", "direction": "0", "dep_dt": "1457062247", "route_id": "Red", "dwell_time_sec": "107"}, {"arr_dt": "1457062344", "direction": "0", "dep_dt": "1457062434", "route_id": "Red", "dwell_time_sec": "90"}, {"arr_dt": "1457062620", "direction": "0", "dep_dt": "1457062694", "route_id": "Red", "dwell_time_sec": "74"}, {"arr_dt": "1457062799", "direction": "0", "dep_dt": "1457062878", "route_id": "Red", "dwell_time_sec": "79"}, {"arr_dt": "1457063248", "direction": "0", "dep_dt": "1457063334", "route_id": "Red", "dwell_time_sec": "86"}, {"arr_dt": "1457063482", "direction": "0", "dep_dt": "1457063562", "route_id": "Red", "dwell_time_sec": "80"}, {"arr_dt": "1457063797", "direction": "0", "dep_dt": "1457063857", "route_id": "Red", "dwell_time_sec": "60"}, {"arr_dt": "1457064325", "direction": "0", "dep_dt": "1457064382", "route_id": "Red", "dwell_time_sec": "57"}, {"arr_dt": "1457064857", "direction": "0", "dep_dt": "1457064915", "route_id": "Red", "dwell_time_sec": "58"}, {"arr_dt": "1457065551", "direction": "0", "dep_dt": "1457065668", "route_id": "Red", "dwell_time_sec": "117"}, {"arr_dt": "1457065743", "direction": "0", "dep_dt": "1457065820", "route_id": "Red", "dwell_time_sec": "77"}, {"arr_dt": "1457065921", "direction": "0", "dep_dt": "1457065987", "route_id": "Red", "dwell_time_sec": "66"}, {"arr_dt": "1457066214", "direction": "0", "dep_dt": "1457066277", "route_id": "Red", "dwell_time_sec": "63"}, {"arr_dt": "1457066505", "direction": "0", "dep_dt": "1457066571", "route_id": "Red", "dwell_time_sec": "66"}, {"arr_dt": "1457067070", "direction": "0", "dep_dt": "1457067135", "route_id": "Red", "dwell_time_sec": "65"}, {"arr_dt": "1457067485", "direction": "0", "dep_dt": "1457067554", "route_id": "Red", "dwell_time_sec": "69"}]}