{"dwell_times": [{"arr_dt": "1478059205", "direction": "0", "dep_dt": "1478059275", "route_id": "Red", "dwell_time_sec": "70"}, {"arr_dt": "1478059912", "direction": "0", "dep_dt": "1478060049", "route_id": "Red", "dwell_time_sec": "137"}, {"arr_dt": "1478060514", "direction": "0", "dep_dt": "1478060591", "route_id": "Red", "dwell_time_sec": "77"}, {"arr_dt": "1478061129", "direction": "0", "dep_dt": "1478061237", "route_id": "Red", "dwell_time_sec": "108"}, {"arr_dt": "1478061848", "direction": "0", "dep_dt": "1478063457", "route_id": "Red", "dwell_time_sec": "1609"}, {"arr_dt": "1478079331", "direction": "0", "dep_dt": "1478079403", "route_id": "Red", "dwell_time_sec": "72"}, {"arr_dt": "1478079867", "direction": "0", "dep_dt": "1478079935", "route_id": "Red", "dwell_time_sec": "68"}, {"arr_dt": "1478080461", "direction": "0", "dep_dt": "1478080528", "route_id": "Red", "dwell_time_sec": "67"}, {"arr_dt": "1478080962", "direction": "0", "dep_dt": "1478081028", "route_id": "Red", "dwell_time_sec": "66"}, {"arr_dt": "1478081185", "direction": "0", "dep_dt": "1478081243", "route_id": "Red", "dwell_time_sec": "58"}, {"arr_dt": "1478081904", "direction": "0", "dep_dt": "1478081973", "route_id": "Red", "dwell_time_sec": "69"}, {"arr_dt": "1478082238", "direction": "0", "dep_dt": "1478082333", "route_id": "Red", "dwell_time_sec": "95"}, {"arr_dt": "1478082637", "direction": "0", "dep_dt": "1478082698", "route_id": "Red", "dwell_time_sec": "61"}, {"arr_dt": "1478082977", "direction": "0", "dep_dt": "1478083040", "route_id": "Red", "dwell_time_sec": "63"}, {"arr_dt": "1478083157", "direction": "0", "dep_dt": "1478083236", "route_id": "Red", "dwell_time_sec": "79"}, {"arr_dt": "1478083347", "direction": "0", "dep_dt": "1478083406", "route_id": "Red", "dwell_time_sec": "59"}, {"arr_dt": "1478083535", "direction": "0", "dep_dt": "1478083593", "route_id": "Red", "dwell_time_sec": "58"}, {"arr_dt": "1478083921", "direction": "0", "dep_dt": "1478083995", "route_id": "Red", "dwell_time_sec": "74"}, {"arr_dt": "1478084232", "direction": "0", "dep_dt": "1478084304", "route_id": "Red", "dwell_time_sec": "72"}, {"arr_dt": "1478084482", "direction": "0", "dep_dt": "1478084545", "route_id": "Red", "dwell_time_sec": "63"}, {"arr_dt": "1478085276", "direction": "0", "dep_dt": "1478085373", "route_id": "Red", "dwell_time_sec": "97"}, {"arr_dt": "1478085476", "direction": "0", "dep_dt": "1478085561", "route_id": "Red", "dwell_time_sec": "85"}, {"arr_dt": "1478085694", "direction": "0", "dep_dt": "1478085771", "route_id": "Red", "dwell_time_sec": "77"}, {"arr_dt": "1478086064", "direction": "0", "dep_dt": "1478086155", "route_id": "Red", "dwell_time_sec": "91"}, {"arr_dt": "1478086272", "direction": "0", "dep_dt": "1478086362", "route_id": "Red", "dwell_time_sec": "90"}, {"arr_dt": "1478086476", "direction": "0", "dep_dt": "1478086550", "route_id": "Red", "dwell_time_sec": "74"}, {"arr_dt": "1478086683", "direction": "0", "dep_dt": "1478086766", "route_id": "Red", "dwell_time_sec": "83"}, {"arr_dt": "1478086861", "direction": "0", "dep_dt": "1478086941", "route_id": "Red", "dwell_time_sec": "80"}, {"arr_dt": "1478087060", "direction": "0", "dep_dt": "1478087137", "route_id": "Red", "dwell_time_sec": "77"}, {"arr_dt": "1478087292", "direction": "0", "dep_dt": "1478087364", "route_id": "Red", "dwell_time_sec": "72"}, {"arr_dt": "1478087595", "direction": "0", "dep_dt": "1478087682", "route_id": "Red", "dwell_time_sec": "87"}, {"arr_dt": "1478087843", "direction": "0", "dep_dt": "1478087927", "route_id": "Red", "dwell_time_sec": "84"}, {"arr_dt": "1478088111", "direction": "0", "dep_dt": "1478088204", "route_id": "Red", "dwell_time_sec": "93"}, {"arr_dt": "1478088289", "direction": "0", "dep_dt": "1478088385", "route_id": "Red", "dwell_time_sec": "96"}, {"arr_dt": "1478088620", "direction": "0", "dep_dt": "1478088721", "route_id": "Red", "dwell_time_sec": "101"}, {"arr_dt": "1478088836", "direction": "0", "dep_dt": "1478088931", "route_id": "Red", "dwell_time_sec": "95"}, {"arr_dt": "1478089014", "direction": "0", "dep_dt": "1478089116", "route_id": "Red", "dwell_time_sec": "102"}, {"arr_dt": "1478089224", "direction": "0", "dep_dt": "1478089341", "route_id": "Red", "dwell_time_sec": "117"}, {"arr_dt": "1478089416", "direction": "0", "dep_dt": "1478089501", "route_id": "Red", "dwell_time_sec": "85"}, {"arr_dt": "1478089727", "direction": "0", "dep_dt": "1478089840", "route_id": "Red", "dwell_time_sec": "113"}, {"arr_dt": "1478089935", "direction": "0", "dep_dt": "1478090023", "route_id": "Red", "dwell_time_sec": "88"}, {"arr_dt": "1478090156", "direction": "0", "dep_dt": "1478090245", "route_id": "Red", "dwell_time_sec": "89"}, {"arr_dt": "1478090485", "direction": "0", "dep_dt": "1478090562", "route_id": "Red", "dwell_time_sec": "77"}, {"arr_dt": "1478090765", "direction": "0", "dep_dt": "1478090878", "route_id": "Red", "dwell_time_sec": "113"}, {"arr_dt": "1478090964", "direction": "0", "dep_dt": "1478091058", "route_id": "Red", "dwell_time_sec": "94"}, {"arr_dt": "1478091192", "direction": "0", "dep_dt": "1478091282", "route_id": "Red", "dwell_time_sec": "90"}, {"arr_dt": "1478091369", "direction": "0", "dep_dt": "1478091452", "route_id": "Red", "dwell_time_sec": "83"}, {"arr_dt": "1478091731", "direction": "0", "dep_dt": "1478091825", "route_id": "Red", "dwell_time_sec": "94"}, {"arr_dt": "1478092149", "direction": "0", "dep_dt": "1478092257", "route_id": "Red", "dwell_time_sec": "108"}, {"arr_dt": "1478092371", "direction": "0", "dep_dt": "1478092459", "route_id": "Red", "dwell_time_sec": "88"}, {"arr_dt": "1478092552", "direction": "0", "dep_dt": "1478092629", "route_id": "Red", "dwell_time_sec": "77"}, {"arr_dt": "1478092832", "direction": "0", "dep_dt": "1478092917", "route_id": "Red", "dwell_time_sec": "85"}, {"arr_dt": "1478093117", "direction": "0", "dep_dt": "1478093190", "route_id": "Red", "dwell_time_sec": "73"}, {"arr_dt": "1478093302", "direction": "0", "dep_dt": "1478093397", "route_id": "Red", "dwell_time_sec": "95"}, {"arr_dt": "1478093502", "direction": "0", "dep_dt": "1478093570", "route_id": "Red", "dwell_time_sec": "68"}, {"arr_dt": "1478093675", "direction": "0", "dep_dt": "1478093736", "route_id": "Red", "dwell_time_sec": "61"}, {"arr_dt": "1478093923", "direction": "0", "dep_dt": "1478093990", "route_id": "Red", "dwell_time_sec": "67"}, {"arr_dt": "1478094191", "direction": "0", "dep_dt": "1478094262", "route_id": "Red", "dwell_time_sec": "71"}, {"arr_dt": "1478094364", "direction": "0", "dep_dt": "1478094433", "route_id": "Red", "dwell_time_sec": "69"}, {"arr_dt": "1478094668", "direction": "0", "dep_dt": "1478094757", "route_id": "Red", "dwell_time_sec": "89"}, {"arr_dt": "1478094862", "direction": "0", "dep_dt": "1478094931", "route_id": "Red", "dwell_time_sec": "69"}, {"arr_dt": "1478095108", "direction": "0", "dep_dt": "1478095189", "route_id": "Red", "dwell_time_sec": "81"}, {"arr_dt": "1478095305", "direction": "0", "dep_dt": "1478095380", "route_id": "Red", "dwell_time_sec": "75"}, {"arr_dt": "1478095488", "direction": "0", "dep_dt": "1478095575", "route_id": "Red", "dwell_time_sec": "87"}, {"arr_dt": "1478095691", "direction": "0", "dep_dt": "1478095770", "route_id": "Red", "dwell_time_sec": "79"}, {"arr_dt": "1478095957", "direction": "0", "dep_dt": "1478096040", "route_id": "Red", "dwell_time_sec": "83"}, {"arr_dt": "1478096250", "direction": "0", "dep_dt": "1478096326", "route_id": "Red", "dwell_time_sec": "76"}, {"arr_dt": "1478096501", "direction": "0", "dep_dt": "1478096583", "route_id": "Red", "dwell_time_sec": "82"}, {"arr_dt": "1478096685", "direction": "0", "dep_dt": "1478096777", "route_id": "Red", "dwell_time_sec": "92"}, {"arr_dt": "1478096888", "direction": "0", "dep_dt": "1478096955", "route_id": "Red", "dwell_time_sec": "67"}, {"arr_dt": "1478097067", "direction": "0", "dep_dt": "1478097138", "route_id": "Red", "dwell_time_sec": "71"}, {"arr_dt": "1478097356", "direction": "0", "dep_dt": "1478097420", "route_id": "Red", "dwell_time_sec": "64"}, {"arr_dt": "1478098158", "direction": "0", "dep_dt": "1478098250", "route_id": "Red", "dwell_time_sec": "92"}, {"arr_dt": "1478098355", "direction": "0", "dep_dt": "1478098441", "route_id": "Red", "dwell_time_sec": "86"}, {"arr_dt": "1478098553", "direction": "0", "dep_dt": "1478098619", "route_id": "Red", "dwell_time_sec": "66"}, {"arr_dt": "1478098725", "direction": "0", "dep_dt": "1478098773", "route_id": "Red", "dwell_time_sec": "48"}, {"arr_dt": "1478098924", "direction": "0", "dep_dt": "1478098988", "route_id": "Red", "dwell_time_sec": "64"}, {"arr_dt": "1478099229", "direction": "0", "dep_dt": "1478099290", "route_id": "Red", "dwell_time_sec": "61"}, {"arr_dt": "1478099805", "direction": "0", "dep_dt": "1478099878", "route_id": "Red", "dwell_time_sec": "73"}, {"arr_dt": "1478100322", "direction": "0", "dep_dt": "1478100394", "route_id": "Red", "dwell_time_sec": "72"}, {"arr_dt": "1478100702", "direction": "0", "dep_dt": "1478100771", "route_id": "Red", "dwell_time_sec": "69"}, {"arr_dt": "1478101175", "direction": "0", "dep_dt": "1478101251", "route_id": "Red", "dwell_time_sec": "76"}, {"arr_dt": "1478101595", "direction": "0", "dep_dt": "1478101669", "route_id": "Red", "dwell_time_sec": "74"}, {"arr_dt": "1478101937", "direction": "0", "dep_dt": "1478102026", "route_id": "Red", "dwell_time_sec": "89"}, {"arr_dt": "1478102160", "direction": "0", "dep_dt": "1478102230", "route_id": "Red", "dwell_time_sec": "70"}, {"arr_dt": "1478102586", "direction": "0", "dep_dt": "1478102659", "route_id": "Red", "dwell_time_sec": "73"}, {"arr_dt": "1478102908", "direction": "0", "dep_dt": "1478102979", "route_id": "Red", "dwell_time_sec": "71"}, {"arr_dt": "1478103444", "direction": "0", "dep_dt": "1478103509", "route_id": "Red", "dwell_time_sec": "65"}, {"arr_dt": "1478103847", "direction": "0", "dep_dt": "1478103924", "route_id": "Red", "dwell_time_sec": "77"}, {"arr_dt": "1478104283", "direction": "0", "dep_dt": "1478104377", "route_id": "Red", "dwell_time_sec": "94"}, {"arr_dt": "1478104500", "direction": "0", "dep_dt": "1478104570", "route_id": "Red", "dwell_time_sec": "70"}, {"arr_dt": "1478105170", "direction": "0", "dep_dt": "1478105270", "route_id": "Red", "dwell_time_sec": "100"}, {"arr_dt": "1478105528", "direction": "0", "dep_dt": "1478105615", "route_id": "Red", "dwell_time_sec": "87"}, {"arr_dt": "1478105781", "direction": "0", "dep_dt": "1478105901", "route_id": "Red", "dwell_time_sec": "120"}, {"arr_dt": "1478106358", "direction": "0", "dep_dt": "1478106430", "route_id": "Red", "dwell_time_sec": "72"}, {"arr_dt": "1478106678", "direction": "0", "dep_dt": "1478106807", "route_id": "Red", "dwell_time_sec": "129"}, {"arr_dt": "1478107329", "direction": "0", "dep_dt": "1478107406", "route_id": "Red", "dwell_time_sec": "77"}, {"arr_dt": "1478108091", "direction": "0", "dep_dt": "1478108221", "route_id": "Red", "dwell_time_sec": "130"}, {"arr_dt": "1478108302", "direction": "0", "dep_dt": "1478108380", "route_id": "Red", "dwell_time_sec": "78"}, {"arr_dt": "1478108502", "direction": "0", "dep_dt": "1478108582", "route_id": "Red", "dwell_time_sec": "80"}, {"arr_dt": "1478108772", "direction": "0", "dep_dt": "1478108959", "route_id": "Red", "dwell_time_sec": "187"}, {"arr_dt": "1478109427", "direction": "0", "dep_dt": "1478109505", "route_id": "Red", "dwell_time_sec": "78"}, {"arr_dt": "1478109675", "direction": "0", "dep_dt": "1478109745", "route_id": "Red", "dwell_time_sec": "70"}, {"arr_dt": "1478110302", "direction": "0", "dep_dt": "1478110378", "route_id": "Red", "dwell_time_sec": "76"}, {"arr_dt": "1478110627", "direction": "0", "dep_dt": "1478110707", "route_id": "Red", "dwell_time_sec": "80"}, {"arr_dt": "1478110954", "direction": "0", "dep_dt": "1478111026", "route_id": "Red", "dwell_time_sec": "72"}, {"arr_dt": "1478111240", "direction": "0", "dep_dt": "1478111309", "route_id": "Red", "dwell_time_sec": "69"}, {"arr_dt": "1478111580", "direction": "0", "dep_dt": "1478111658", "route_id": "Red", "dwell_time_sec": "78"}, {"arr_dt": "1478112042", "direction": "0", "dep_dt": "1478112124", "route_id": "Red", "dwell_time_sec": "82"}, {"arr_dt": "1478112506", "direction": "0", "dep_dt": "1478112591", "route_id": "Red", "dwell_time_sec": "85"}, {"arr_dt": "1478112947", "direction": "0", "dep_dt": "1478113018", "route_id": "Red", "dwell_time_sec": "71"}, {"arr_dt": "1478113174", "direction": "0", "dep_dt": "1478113253", "route_id": "Red", "dwell_time_sec": "79"}, {"arr_dt": "1478113809", "direction": "0", "dep_dt": "1478113901", "route_id": "Red", "dwell_time_sec": "92"}, {"arr_dt": "1478114050", "direction": "0", "dep_dt": "1478114125", "route_id": "Red", "dwell_time_sec": "75"}, {"arr_dt": "1478114574", "direction": "0", "dep_dt": "1478114680", "route_id": "Red", "dwell_time_sec": "106"}, {"arr_dt": "1478114878", "direction": "0", "dep_dt": "1478114966", "route_id": "Red", "dwell_time_sec": "88"}, {"arr_dt": "1478115069", "direction": "0", "dep_dt": "1478115153", "route_id": "Red", "dwell_time_sec": "84"}, {"arr_dt": "1478115389", "direction": "0", "dep_dt": "1478115457", "route_id": "Red", "dwell_time_sec": "68"}, {"arr_dt": "1478115748", "direction": "0", "dep_dt": "1478115846", "route_id": "Red", "dwell_time_sec": "98"}, {"arr_dt": "1478116381", "direction": "0", "dep_dt": "1478116494", "route_id": "Red", "dwell_time_sec": "113"}, {"arr_dt": "1478116866", "direction": "0", "dep_dt": "1478116977", "route_id": "Red", "dwell_time_sec": "111"}, {"arr_dt": "1478117373", "direction": "0", "dep_dt": "1478117487", "route_id": "Red", "dwell_time_sec": "114"}, {"arr_dt": "1478117578", "direction": "0", "dep_dt": "1478117676", "route_id": "Red", "dwell_time_sec": "98"}, {"arr_dt": "1478117834", "direction": "0", "dep_dt": "1478117946", "route_id": "Red", "dwell_time_sec": "112"}, {"arr_dt": "1478118038", "direction": "0", "dep_dt": "1478118140", "route_id": "Red", "dwell_time_sec": "102"}, {"arr_dt": "1478118390", "direction": "0", "dep_dt": "1478118486", "route_id": "Red", "dwell_time_sec": "96"}, {"arr_dt": "1478118606", "direction": "0", "dep_dt": "1478118699", "route_id": "Red", "dwell_time_sec": "93"}, {"arr_dt": "1478118812", "direction": "0", "dep_dt": "1478118901", "route_id": "Red", "dwell_time_sec": "89"}, {"arr_dt": "1478119017", "direction": "0", "dep_dt": "1478119104", "route_id": "Red", "dwell_time_sec": "87"}, {"arr_dt": "1478119318", "direction": "0", "dep_dt": "1478119410", "route_id": "Red", "dwell_time_sec": "92"}, {"arr_dt": "1478119512", "direction": "0", "dep_dt": "1478119605", "route_id": "Red", "dwell_time_sec": "93"}, {"arr_dt": "1478120078", "direction": "0", "dep_dt": "1478120207", "route_id": "Red", "dwell_time_sec": "129"}, {"arr_dt": "1478120324", "direction": "0", "dep_dt": "1478120429", "route_id": "Red", "dwell_time_sec": "105"}, {"arr_dt": "1478120607", "direction": "0", "dep_dt": "1478120748", "route_id": "Red", "dwell_time_sec": "141"}, {"arr_dt": "1478120832", "direction": "0", "dep_dt": "1478120918", "route_id": "Red", "dwell_time_sec": "86"}, {"arr_dt": "1478121052", "direction": "0", "dep_dt": "1478121152", "route_id": "Red", "dwell_time_sec": "100"}, {"arr_dt": "1478121263", "direction": "0", "dep_dt": "1478121406", "route_id": "Red", "dwell_time_sec": "143"}, {"arr_dt": "1478121518", "direction": "0", "dep_dt": "1478121629", "route_id": "Red", "dwell_time_sec": "111"}, {"arr_dt": "1478121722", "direction": "0", "dep_dt": "1478121819", "route_id": "Red", "dwell_time_sec": "97"}, {"arr_dt": "1478121945", "direction": "0", "dep_dt": "1478122053", "route_id": "Red", "dwell_time_sec": "108"}, {"arr_dt": "1478122151", "direction": "0", "dep_dt": "1478122262", "route_id": "Red", "dwell_time_sec": "111"}, {"arr_dt": "1478122372", "direction": "0", "dep_dt": "1478122490", "route_id": "Red", "dwell_time_sec": "118"}, {"arr_dt": "1478122631", "direction": "0", "dep_dt": "1478122761", "route_id": "Red", "dwell_time_sec": "130"}, {"arr_dt": "1478122836", "direction": "0", "dep_dt": "1478122935", "route_id": "Red", "dwell_time_sec": "99"}, {"arr_dt": "1478123040", "direction": "0", "dep_dt": "1478123140", "route_id": "Red", "dwell_time_sec": "100"}, {"arr_dt": "1478123280", "direction": "0", "dep_dt": "1478123365", "route_id": "Red", "dwell_time_sec": "85"}, {"arr_dt": "1478123485", "direction": "0", "dep_dt": "1478123572", "route_id": "Red", "dwell_time_sec": "87"}, {"arr_dt": "1478123743", "direction": "0", "dep_dt": "1478123930", "route_id": "Red", "dwell_time_sec": "187"}, {"arr_dt": "1478124087", "direction": "0", "dep_dt": "1478124198", "route_id": "Red", "dwell_time_sec": "111"}, {"arr_dt": "1478124349", "direction": "0", "dep_dt": "1478124422", "route_id": "Red", "dwell_time_sec": "73"}, {"arr_dt": "1478124528", "direction": "0", "dep_dt": "1478124610", "route_id": "Red", "dwell_time_sec": "82"}, {"arr_dt": "1478124723", "direction": "0", "dep_dt": "1478124812", "route_id": "Red", "dwell_time_sec": "89"}, {"arr_dt": "1478124903", "direction": "0", "dep_dt": "1478125003", "route_id": "Red", "dwell_time_sec": "100"}, {"arr_dt": "1478125137", "direction": "0", "dep_dt": "1478125215", "route_id": "Red", "dwell_time_sec": "78"}, {"arr_dt": "1478125320", "direction": "0", "dep_dt": "1478125389", "route_id": "Red", "dwell_time_sec": "69"}, {"arr_dt": "1478125665", "direction": "0", "dep_dt": "1478125758", "route_id": "Red", "dwell_time_sec": "93"}, {"arr_dt": "1478125858", "direction": "0", "dep_dt": "1478125953", "route_id": "Red", "dwell_time_sec": "95"}, {"arr_dt": "1478126061", "direction": "0", "dep_dt": "1478126155", "route_id": "Red", "dwell_time_sec": "94"}, {"arr_dt": "1478126277", "direction": "0", "dep_dt": "1478126362", "route_id": "Red", "dwell_time_sec": "85"}, {"arr_dt": "1478126560", "direction": "0", "dep_dt": "1478126636", "route_id": "Red", "dwell_time_sec": "76"}, {"arr_dt": "1478126839", "direction": "0", "dep_dt": "1478126920", "route_id": "Red", "dwell_time_sec": "81"}, {"arr_dt": "1478127450", "direction": "0", "dep_dt": "1478127567", "route_id": "Red", "dwell_time_sec": "117"}, {"arr_dt": "1478127679", "direction": "0", "dep_dt": "1478127784", "route_id": "Red", "dwell_time_sec": "105"}, {"arr_dt": "1478127879", "direction": "0", "dep_dt": "1478127956", "route_id": "Red", "dwell_time_sec": "77"}, {"arr_dt": "1478128077", "direction": "0", "dep_dt": "1478128141", "route_id": "Red", "dwell_time_sec": "64"}, {"arr_dt": "1478128268", "direction": "0", "dep_dt": "1478128337", "route_id": "Red", "dwell_time_sec": "69"}, {"arr_dt": "1478128622", "direction": "0", "dep_dt": "1478128712", "route_id": "Red", "dwell_time_sec": "90"}, {"arr_dt": "1478128810", "direction": "0", "dep_dt": "1478128879", "route_id": "Red", "dwell_time_sec": "69"}, {"arr_dt": "1478128984", "direction": "0", "dep_dt": "1478129053", "route_id": "Red", "dwell_time_sec": "69"}, {"arr_dt": "1478129239", "direction": "0", "dep_dt": "1478129310", "route_id": "Red", "dwell_time_sec": "71"}, {"arr_dt": "1478129567", "direction": "0", "dep_dt": "1478129643", "route_id": "Red", "dwell_time_sec": "76"}, {"arr_dt": "1478130017", "direction": "0", "dep_dt": "1478130111", "route_id": "Red", "dwell_time_sec": "94"}, {"arr_dt": "1478130247", "direction": "0", "dep_dt": "1478130328", "route_id": "Red", "dwell_time_sec": "81"}, {"arr_dt": "1478130439", "direction": "0", "dep_dt": "1478130522", "route_id": "Red", "dwell_time_sec": "83"}, {"arr_dt": "1478130648", "direction": "0", "dep_dt": "1478130736", "route_id": "Red", "dwell_time_sec": "88"}, {"arr_dt": "1478130831", "direction": "0", "dep_dt": "1478130904", "route_id": "Red", "dwell_time_sec": "73"}, {"arr_dt": "1478131051", "direction": "0", "dep_dt": "1478131120", "route_id": "Red", "dwell_time_sec": "69"}, {"arr_dt": "1478131247", "direction": "0", "dep_dt": "1478131323", "route_id": "Red", "dwell_time_sec": "76"}, {"arr_dt": "1478131453", "direction": "0", "dep_dt": "1478131516", "route_id": "Red", "dwell_time_sec": "63"}, {"arr_dt": "1478131677", "direction": "0", "dep_dt": "1478131745", "route_id": "Red", "dwell_time_sec": "68"}, {"arr_dt": "1478132052", "direction": "0", "dep_dt": "1478132122", "route_id": "Red", "dwell_time_sec": "70"}, {"arr_dt": "1478132326", "direction": "0", "dep_dt": "1478132402", "route_id": "Red", "dwell_time_sec": "76"}, {"arr_dt": "1478132736", "direction": "0", "dep_dt": "1478132797", "route_id": "Red", "dwell_time_sec": "61"}, {"arr_dt": "1478133090", "direction": "0", "dep_dt": "1478133171", "route_id": "Red", "dwell_time_sec": "81"}, {"arr_dt": "1478133424", "direction": "0", "dep_dt": "1478133530", "route_id": "Red", "dwell_time_sec": "106"}, {"arr_dt": "1478133679", "direction": "0", "dep_dt": "1478133763", "route_id": "Red", "dwell_time_sec": "84"}, {"arr_dt": "1478134773", "direction": "0", "dep_dt": "1478134843", "route_id": "Red", "dwell_time_sec": "70"}, {"arr_dt": "1478135143", "direction": "0", "dep_dt": "1478135217", "route_id": "Red", "dwell_time_sec": "74"}, {"arr_dt": "1478135380", "direction": "0", "dep_dt": "1478135494", "route_id": "Red", "dwell_time_sec": "114"}, {"arr_dt": "1478135622", "direction": "0", "dep_dt": "1478135700", "route_id": "Red", "dwell_time_sec": "78"}, {"arr_dt": "1478135951", "direction": "0", "dep_dt": "1478136041", "route_id": "Red", "dwell_time_sec": "90"}, {"arr_dt": "1478136337", "direction": "0", "dep_dt": "1478136473", "route_id": "Red", "dwell_time_sec": "136"}, {"arr_dt": "1478136681", "direction": "0", "dep_dt": "1478136892", "route_id": "Red", "dwell_time_sec": "211"}, {"arr_dt": "1478137251", "direction": "0", "dep_dt": "1478137377", "route_id": "Red", "dwell_time_sec": "126"}, {"arr_dt": "1478137730", "direction": "0", "dep_dt": "1478137812", "route_id": "Red", "dwell_time_sec": "82"}, {"arr_dt": "1478138249", "direction": "0", "dep_dt": "1478138319", "route_id": "Red", "dwell_time_sec": "70"}, {"arr_dt": "1478139509", "direction": "0", "dep_dt": "1478139591", "route_id": "Red", "dwell_time_sec": "82"}, {"arr_dt": "1478140125", "direction": "0", "dep_dt": "1478140241", "route_id": "Red", "dwell_time_sec": "116"}, {"arr_dt": "1478140930", "direction": "0", "dep_dt": "1478141016", "route_id": "Red", "dwell_time_sec": "86"}, {"arr_dt": "1478142181", "direction": "0", "dep_dt": "1478142282", "route_id": "Red", "dwell_time_sec": "101"}, {"arr_dt": "1478142583", "direction": "0", "dep_dt": "1478142678", "route_id": "Red", "dwell_time_sec": "95"}, {"arr_dt": "1478143124", "direction": "0", "dep_dt": "1478143250", "route_id": "Red", "dwell_time_sec": "126"}, {"arr_dt": "1478143712", "direction": "0", "dep_dt": "1478143791", "route_id": "Red", "dwell_time_sec": "79"}, {"arr_dt": "1478144152", "direction": "0", "dep_dt": "1478144219", "route_id": "Red", "dwell_time_sec": "67"}, {"arr_dt": "1478144647", "direction": "0", "dep_dt": "1478144728", "route_id": "Red", "dwell_time_sec": "81"}, {"arr_dt": "1478145221", "direction": "0", "dep_dt": "1478145425", "route_id": "Red", "dwell_time_sec": "204"}]}