{"dwell_times": [{"arr_dt": "1464753734", "direction": "0", "dep_dt": "1464753810", "route_id": "Red", "dwell_time_sec": "76"}, {"arr_dt": "1464754148", "direction": "0", "dep_dt": "1464754216", "route_id": "Red", "dwell_time_sec": "68"}, {"arr_dt": "1464754456", "direction": "0", "dep_dt": "1464754520", "route_id": "Red", "dwell_time_sec": "64"}, {"arr_dt": "1464754817", "direction": "0", "dep_dt": "1464754878", "route_id": "Red", "dwell_time_sec": "61"}, {"arr_dt": "1464755635", "direction": "0", "dep_dt": "1464755729", "route_id": "Red", "dwell_time_sec": "94"}, {"arr_dt": "1464755835", "direction": "0", "dep_dt": "1464755899", "route_id": "Red", "dwell_time_sec": "64"}, {"arr_dt": "1464756553", "direction": "0", "dep_dt": "1464758184", "route_id": "Red", "dwell_time_sec": "1631"}, {"arr_dt": "1464774127", "direction": "0", "dep_dt": "1464774260", "route_id": "Red", "dwell_time_sec": "133"}, {"arr_dt": "1464774584", "direction": "0", "dep_dt": "1464774650", "route_id": "Red", "dwell_time_sec": "66"}, {"arr_dt": "1464774869", "direction": "0", "dep_dt": "1464774943", "route_id": "Red", "dwell_time_sec": "74"}, {"arr_dt": "1464775251", "direction": "0", "dep_dt": "1464775336", "route_id": "Red", "dwell_time_sec": "85"}, {"arr_dt": "1464775928", "direction": "0", "dep_dt": "1464775995", "route_id": "Red", "dwell_time_sec": "67"}, {"arr_dt": "1464776267", "direction": "0", "dep_dt": "1464776329", "route_id": "Red", "dwell_time_sec": "62"}, {"arr_dt": "1464776818", "direction": "0", "dep_dt": "1464776878", "route_id": "Red", "dwell_time_sec": "60"}, {"arr_dt": "1464777040", "direction": "0", "dep_dt": "1464777095", "route_id": "Red", "dwell_time_sec": "55"}, {"arr_dt": "1464777339", "direction": "0", "dep_dt": "1464777392", "route_id": "Red", "dwell_time_sec": "53"}, {"arr_dt": "1464777666", "direction": "0", "dep_dt": "1464777731", "route_id": "Red", "dwell_time_sec": "65"}, {"arr_dt": "1464777954", "direction": "0", "dep_dt": "1464778033", "route_id": "Red", "dwell_time_sec": "79"}, {"arr_dt": "1464778530", "direction": "0", "dep_dt": "1464778601", "route_id": "Red", "dwell_time_sec": "71"}, {"arr_dt": "1464778717", "direction": "0", "dep_dt": "1464778783", "route_id": "Red", "dwell_time_sec": "66"}, {"arr_dt": "1464779035", "direction": "0", "dep_dt": "1464779106", "route_id": "Red", "dwell_time_sec": "71"}, {"arr_dt": "1464779398", "direction": "0", "dep_dt": "1464779494", "route_id": "Red", "dwell_time_sec": "96"}, {"arr_dt": "1464779576", "direction": "0", "dep_dt": "1464779645", "route_id": "Red", "dwell_time_sec": "69"}, {"arr_dt": "1464779843", "direction": "0", "dep_dt": "1464779915", "route_id": "Red", "dwell_time_sec": "72"}, {"arr_dt": "1464780043", "direction": "0", "dep_dt": "1464780112", "route_id": "Red", "dwell_time_sec": "69"}, {"arr_dt": "1464780259", "direction": "0", "dep_dt": "1464780339", "route_id": "Red", "dwell_time_sec": "80"}, {"arr_dt": "1464780452", "direction": "0", "dep_dt": "1464780558", "route_id": "Red", "dwell_time_sec": "106"}, {"arr_dt": "1464780812", "direction": "0", "dep_dt": "1464780916", "route_id": "Red", "dwell_time_sec": "104"}, {"arr_dt": "1464781014", "direction": "0", "dep_dt": "1464781099", "route_id": "Red", "dwell_time_sec": "85"}, {"arr_dt": "1464781243", "direction": "0", "dep_dt": "1464781338", "route_id": "Red", "dwell_time_sec": "95"}, {"arr_dt": "1464781423", "direction": "0", "dep_dt": "1464781504", "route_id": "Red", "dwell_time_sec": "81"}, {"arr_dt": "1464781639", "direction": "0", "dep_dt": "1464781699", "route_id": "Red", "dwell_time_sec": "60"}, {"arr_dt": "1464781798", "direction": "0", "dep_dt": "1464781874", "route_id": "Red", "dwell_time_sec": "76"}, {"arr_dt": "1464782047", "direction": "0", "dep_dt": "1464782135", "route_id": "Red", "dwell_time_sec": "88"}, {"arr_dt": "1464782250", "direction": "0", "dep_dt": "1464782315", "route_id": "Red", "dwell_time_sec": "65"}, {"arr_dt": "1464782504", "direction": "0", "dep_dt": "1464782618", "route_id": "Red", "dwell_time_sec": "114"}, {"arr_dt": "1464782731", "direction": "0", "dep_dt": "1464782810", "route_id": "Red", "dwell_time_sec": "79"}, {"arr_dt": "1464783070", "direction": "0", "dep_dt": "1464783146", "route_id": "Red", "dwell_time_sec": "76"}, {"arr_dt": "1464783260", "direction": "0", "dep_dt": "1464783344", "route_id": "Red", "dwell_time_sec": "84"}, {"arr_dt": "1464783540", "direction": "0", "dep_dt": "1464783632", "route_id": "Red", "dwell_time_sec": "92"}, {"arr_dt": "1464783799", "direction": "0", "dep_dt": "1464783876", "route_id": "Red", "dwell_time_sec": "77"}, {"arr_dt": "1464784059", "direction": "0", "dep_dt": "1464784145", "route_id": "Red", "dwell_time_sec": "86"}, {"arr_dt": "1464784298", "direction": "0", "dep_dt": "1464784378", "route_id": "Red", "dwell_time_sec": "80"}, {"arr_dt": "1464784517", "direction": "0", "dep_dt": "1464784598", "route_id": "Red", "dwell_time_sec": "81"}, {"arr_dt": "1464784852", "direction": "0", "dep_dt": "1464784944", "route_id": "Red", "dwell_time_sec": "92"}, {"arr_dt": "1464785055", "direction": "0", "dep_dt": "1464785142", "route_id": "Red", "dwell_time_sec": "87"}, {"arr_dt": "1464785249", "direction": "0", "dep_dt": "1464785329", "route_id": "Red", "dwell_time_sec": "80"}, {"arr_dt": "1464785629", "direction": "0", "dep_dt": "1464785739", "route_id": "Red", "dwell_time_sec": "110"}, {"arr_dt": "1464785838", "direction": "0", "dep_dt": "1464785931", "route_id": "Red", "dwell_time_sec": "93"}, {"arr_dt": "1464786233", "direction": "0", "dep_dt": "1464786328", "route_id": "Red", "dwell_time_sec": "95"}, {"arr_dt": "1464786432", "direction": "0", "dep_dt": "1464786520", "route_id": "Red", "dwell_time_sec": "88"}, {"arr_dt": "1464786611", "direction": "0", "dep_dt": "1464786702", "route_id": "Red", "dwell_time_sec": "91"}, {"arr_dt": "1464786828", "direction": "0", "dep_dt": "1464786922", "route_id": "Red", "dwell_time_sec": "94"}, {"arr_dt": "1464787212", "direction": "0", "dep_dt": "1464787319", "route_id": "Red", "dwell_time_sec": "107"}, {"arr_dt": "1464787396", "direction": "0", "dep_dt": "1464787472", "route_id": "Red", "dwell_time_sec": "76"}, {"arr_dt": "1464787577", "direction": "0", "dep_dt": "1464787653", "route_id": "Red", "dwell_time_sec": "76"}, {"arr_dt": "1464787756", "direction": "0", "dep_dt": "1464787814", "route_id": "Red", "dwell_time_sec": "58"}, {"arr_dt": "1464787933", "direction": "0", "dep_dt": "1464788002", "route_id": "Red", "dwell_time_sec": "69"}, {"arr_dt": "1464788215", "direction": "0", "dep_dt": "1464788289", "route_id": "Red", "dwell_time_sec": "74"}, {"arr_dt": "1464788388", "direction": "0", "dep_dt": "1464788473", "route_id": "Red", "dwell_time_sec": "85"}, {"arr_dt": "1464788589", "direction": "0", "dep_dt": "1464788673", "route_id": "Red", "dwell_time_sec": "84"}, {"arr_dt": "1464788777", "direction": "0", "dep_dt": "1464788842", "route_id": "Red", "dwell_time_sec": "65"}, {"arr_dt": "1464789157", "direction": "0", "dep_dt": "1464789232", "route_id": "Red", "dwell_time_sec": "75"}, {"arr_dt": "1464789574", "direction": "0", "dep_dt": "1464789653", "route_id": "Red", "dwell_time_sec": "79"}, {"arr_dt": "1464789756", "direction": "0", "dep_dt": "1464789840", "route_id": "Red", "dwell_time_sec": "84"}, {"arr_dt": "1464789943", "direction": "0", "dep_dt": "1464790014", "route_id": "Red", "dwell_time_sec": "71"}, {"arr_dt": "1464790119", "direction": "0", "dep_dt": "1464790211", "route_id": "Red", "dwell_time_sec": "92"}, {"arr_dt": "1464790311", "direction": "0", "dep_dt": "1464790382", "route_id": "Red", "dwell_time_sec": "71"}, {"arr_dt": "1464790494", "direction": "0", "dep_dt": "1464790563", "route_id": "Red", "dwell_time_sec": "69"}, {"arr_dt": "1464790720", "direction": "0", "dep_dt": "1464790785", "route_id": "Red", "dwell_time_sec": "65"}, {"arr_dt": "1464791053", "direction": "0", "dep_dt": "1464791110", "route_id": "Red", "dwell_time_sec": "57"}, {"arr_dt": "1464791216", "direction": "0", "dep_dt": "1464791285", "route_id": "Red", "dwell_time_sec": "69"}, {"arr_dt": "1464791711", "direction": "0", "dep_dt": "1464791811", "route_id": "Red", "dwell_time_sec": "100"}, {"arr_dt": "1464791953", "direction": "0", "dep_dt": "1464792020", "route_id": "Red", "dwell_time_sec": "67"}, {"arr_dt": "1464792218", "direction": "0", "dep_dt": "1464792279", "route_id": "Red", "dwell_time_sec": "61"}, {"arr_dt": "1464792545", "direction": "0", "dep_dt": "1464792614", "route_id": "Red", "dwell_time_sec": "69"}, {"arr_dt": "1464792833", "direction": "0", "dep_dt": "1464792911", "route_id": "Red", "dwell_time_sec": "78"}, {"arr_dt": "1464793144", "direction": "0", "dep_dt": "1464793230", "route_id": "Red", "dwell_time_sec": "86"}, {"arr_dt": "1464793612", "direction": "0", "dep_dt": "1464793683", "route_id": "Red", "dwell_time_sec": "71"}, {"arr_dt": "1464793989", "direction": "0", "dep_dt": "1464794065", "route_id": "Red", "dwell_time_sec": "76"}, {"arr_dt": "1464794267", "direction": "0", "dep_dt": "1464794327", "route_id": "Red", "dwell_time_sec": "60"}, {"arr_dt": "1464794776", "direction": "0", "dep_dt": "1464794850", "route_id": "Red", "dwell_time_sec": "74"}, {"arr_dt": "1464795176", "direction": "0", "dep_dt": "1464795263", "route_id": "Red", "dwell_time_sec": "87"}, {"arr_dt": "1464795636", "direction": "0", "dep_dt": "1464795701", "route_id": "Red", "dwell_time_sec": "65"}, {"arr_dt": "1464796094", "direction": "0", "dep_dt": "1464796182", "route_id": "Red", "dwell_time_sec": "88"}, {"arr_dt": "1464796389", "direction": "0", "dep_dt": "1464796464", "route_id": "Red", "dwell_time_sec": "75"}, {"arr_dt": "1464796807", "direction": "0", "dep_dt": "1464796869", "route_id": "Red", "dwell_time_sec": "62"}, {"arr_dt": "1464797304", "direction": "0", "dep_dt": "1464797370", "route_id": "Red", "dwell_time_sec": "66"}, {"arr_dt": "1464797775", "direction": "0", "dep_dt": "1464797849", "route_id": "Red", "dwell_time_sec": "74"}, {"arr_dt": "1464798036", "direction": "0", "dep_dt": "1464798099", "route_id": "Red", "dwell_time_sec": "63"}, {"arr_dt": "1464798583", "direction": "0", "dep_dt": "1464798674", "route_id": "Red", "dwell_time_sec": "91"}, {"arr_dt": "1464798926", "direction": "0", "dep_dt": "1464798993", "route_id": "Red", "dwell_time_sec": "67"}, {"arr_dt": "1464799226", "direction": "0", "dep_dt": "1464799292", "route_id": "Red", "dwell_time_sec": "66"}, {"arr_dt": "1464799808", "direction": "0", "dep_dt": "1464799888", "route_id": "Red", "dwell_time_sec": "80"}, {"arr_dt": "1464800248", "direction": "0", "dep_dt": "1464800336", "route_id": "Red", "dwell_time_sec": "88"}, {"arr_dt": "1464800600", "direction": "0", "dep_dt": "1464800669", "route_id": "Red", "dwell_time_sec": "69"}, {"arr_dt": "1464800864", "direction": "0", "dep_dt": "1464800931", "route_id": "Red", "dwell_time_sec": "67"}, {"arr_dt": "1464801342", "direction": "0", "dep_dt": "1464801423", "route_id": "Red", "dwell_time_sec": "81"}, {"arr_dt": "1464801775", "direction": "0", "dep_dt": "1464801872", "route_id": "Red", "dwell_time_sec": "97"}, {"arr_dt": "1464802348", "direction": "0", "dep_dt": "1464802459", "route_id": "Red", "dwell_time_sec": "111"}, {"arr_dt": "1464802546", "direction": "0", "dep_dt": "1464802622", "route_id": "Red", "dwell_time_sec": "76"}, {"arr_dt": "1464803053", "direction": "0", "dep_dt": "1464803174", "route_id": "Red", "dwell_time_sec": "121"}, {"arr_dt": "1464803540", "direction": "0", "dep_dt": "1464803639", "route_id": "Red", "dwell_time_sec": "99"}, {"arr_dt": "1464803970", "direction": "0", "dep_dt": "1464804038", "route_id": "Red", "dwell_time_sec": "68"}, {"arr_dt": "1464804180", "direction": "0", "dep_dt": "1464804252", "route_id": "Red", "dwell_time_sec": "72"}, {"arr_dt": "1464804729", "direction": "0", "dep_dt": "1464804812", "route_id": "Red", "dwell_time_sec": "83"}, {"arr_dt": "1464805104", "direction": "0", "dep_dt": "1464805210", "route_id": "Red", "dwell_time_sec": "106"}, {"arr_dt": "1464805512", "direction": "0", "dep_dt": "1464805612", "route_id": "Red", "dwell_time_sec": "100"}, {"arr_dt": "1464806069", "direction": "0", "dep_dt": "1464806144", "route_id": "Red", "dwell_time_sec": "75"}, {"arr_dt": "1464806330", "direction": "0", "dep_dt": "1464806394", "route_id": "Red", "dwell_time_sec": "64"}, {"arr_dt": "1464806832", "direction": "0", "dep_dt": "1464806916", "route_id": "Red", "dwell_time_sec": "84"}, {"arr_dt": "1464807278", "direction": "0", "dep_dt": "1464807371", "route_id": "Red", "dwell_time_sec": "93"}, {"arr_dt": "1464807671", "direction": "0", "dep_dt": "1464807741", "route_id": "Red", "dwell_time_sec": "70"}, {"arr_dt": "1464808096", "direction": "0", "dep_dt": "1464808186", "route_id": "Red", "dwell_time_sec": "90"}, {"arr_dt": "1464808550", "direction": "0", "dep_dt": "1464808638", "route_id": "Red", "dwell_time_sec": "88"}, {"arr_dt": "1464809017", "direction": "0", "dep_dt": "1464809132", "route_id": "Red", "dwell_time_sec": "115"}, {"arr_dt": "1464809426", "direction": "0", "dep_dt": "1464809524", "route_id": "Red", "dwell_time_sec": "98"}, {"arr_dt": "1464809658", "direction": "0", "dep_dt": "1464809747", "route_id": "Red", "dwell_time_sec": "89"}, {"arr_dt": "1464809898", "direction": "0", "dep_dt": "1464809994", "route_id": "Red", "dwell_time_sec": "96"}, {"arr_dt": "1464810467", "direction": "0", "dep_dt": "1464810579", "route_id": "Red", "dwell_time_sec": "112"}, {"arr_dt": "1464810694", "direction": "0", "dep_dt": "1464810926", "route_id": "Red", "dwell_time_sec": "232"}, {"arr_dt": "1464811021", "direction": "0", "dep_dt": "1464811116", "route_id": "Red", "dwell_time_sec": "95"}, {"arr_dt": "1464811279", "direction": "0", "dep_dt": "1464811360", "route_id": "Red", "dwell_time_sec": "81"}, {"arr_dt": "1464811609", "direction": "0", "dep_dt": "1464811845", "route_id": "Red", "dwell_time_sec": "236"}, {"arr_dt": "1464811983", "direction": "0", "dep_dt": "1464812107", "route_id": "Red", "dwell_time_sec": "124"}, {"arr_dt": "1464812242", "direction": "0", "dep_dt": "1464812383", "route_id": "Red", "dwell_time_sec": "141"}, {"arr_dt": "1464812636", "direction": "0", "dep_dt": "1464812753", "route_id": "Red", "dwell_time_sec": "117"}, {"arr_dt": "1464812878", "direction": "0", "dep_dt": "1464813008", "route_id": "Red", "dwell_time_sec": "130"}, {"arr_dt": "1464813180", "direction": "0", "dep_dt": "1464813285", "route_id": "Red", "dwell_time_sec": "105"}, {"arr_dt": "1464813400", "direction": "0", "dep_dt": "1464813517", "route_id": "Red", "dwell_time_sec": "117"}, {"arr_dt": "1464813793", "direction": "0", "dep_dt": "1464813917", "route_id": "Red", "dwell_time_sec": "124"}, {"arr_dt": "1464814050", "direction": "0", "dep_dt": "1464814227", "route_id": "Red", "dwell_time_sec": "177"}, {"arr_dt": "1464814679", "direction": "0", "dep_dt": "1464814836", "route_id": "Red", "dwell_time_sec": "157"}, {"arr_dt": "1464814940", "direction": "0", "dep_dt": "1464815046", "route_id": "Red", "dwell_time_sec": "106"}, {"arr_dt": "1464815216", "direction": "0", "dep_dt": "1464815317", "route_id": "Red", "dwell_time_sec": "101"}, {"arr_dt": "1464815849", "direction": "0", "dep_dt": "1464816011", "route_id": "Red", "dwell_time_sec": "162"}, {"arr_dt": "1464816213", "direction": "0", "dep_dt": "1464816560", "route_id": "Red", "dwell_time_sec": "347"}, {"arr_dt": "1464816694", "direction": "0", "dep_dt": "1464816805", "route_id": "Red", "dwell_time_sec": "111"}, {"arr_dt": "1464816972", "direction": "0", "dep_dt": "1464817083", "route_id": "Red", "dwell_time_sec": "111"}, {"arr_dt": "1464817252", "direction": "0", "dep_dt": "1464817349", "route_id": "Red", "dwell_time_sec": "97"}, {"arr_dt": "1464817516", "direction": "0", "dep_dt": "1464817642", "route_id": "Red", "dwell_time_sec": "126"}, {"arr_dt": "1464817743", "direction": "0", "dep_dt": "1464817851", "route_id": "Red", "dwell_time_sec": "108"}, {"arr_dt": "1464817994", "direction": "0", "dep_dt": "1464818110", "route_id": "Red", "dwell_time_sec": "116"}, {"arr_dt": "1464818228", "direction": "0", "dep_dt": "1464818432", "route_id": "Red", "dwell_time_sec": "204"}, {"arr_dt": "1464818521", "direction": "0", "dep_dt": "1464818665", "route_id": "Red", "dwell_time_sec": "144"}, {"arr_dt": "1464818731", "direction": "0", "dep_dt": "1464818816", "route_id": "Red", "dwell_time_sec": "85"}, {"arr_dt": "1464818977", "direction": "0", "dep_dt": "1464819090", "route_id": "Red", "dwell_time_sec": "113"}, {"arr_dt": "1464819187", "direction": "0", "dep_dt": "1464819312", "route_id": "Red", "dwell_time_sec": "125"}, {"arr_dt": "1464819376", "direction": "0", "dep_dt": "1464819470", "route_id": "Red", "dwell_time_sec": "94"}, {"arr_dt": "1464819593", "direction": "0", "dep_dt": "1464819680", "route_id": "Red", "dwell_time_sec": "87"}, {"arr_dt": "1464819780", "direction": "0", "dep_dt": "1464819876", "route_id": "Red", "dwell_time_sec": "96"}, {"arr_dt": "1464819969", "direction": "0", "dep_dt": "1464820056", "route_id": "Red", "dwell_time_sec": "87"}, {"arr_dt": "1464820159", "direction": "0", "dep_dt": "1464820293", "route_id": "Red", "dwell_time_sec": "134"}, {"arr_dt": "1464820383", "direction": "0", "dep_dt": "1464820478", "route_id": "Red", "dwell_time_sec": "95"}, {"arr_dt": "1464820582", "direction": "0", "dep_dt": "1464820668", "route_id": "Red", "dwell_time_sec": "86"}, {"arr_dt": "1464820764", "direction": "0", "dep_dt": "1464820877", "route_id": "Red", "dwell_time_sec": "113"}, {"arr_dt": "1464820957", "direction": "0", "dep_dt": "1464821038", "route_id": "Red", "dwell_time_sec": "81"}, {"arr_dt": "1464821154", "direction": "0", "dep_dt": "1464821257", "route_id": "Red", "dwell_time_sec": "103"}, {"arr_dt": "1464821344", "direction": "0", "dep_dt": "1464821443", "route_id": "Red", "dwell_time_sec": "99"}, {"arr_dt": "1464821531", "direction": "0", "dep_dt": "1464821620", "route_id": "Red", "dwell_time_sec": "89"}, {"arr_dt": "1464822037", "direction": "0", "dep_dt": "1464822144", "route_id": "Red", "dwell_time_sec": "107"}, {"arr_dt": "1464822275", "direction": "0", "dep_dt": "1464822394", "route_id": "Red", "dwell_time_sec": "119"}, {"arr_dt": "1464822533", "direction": "0", "dep_dt": "1464822624", "route_id": "Red", "dwell_time_sec": "91"}, {"arr_dt": "1464822751", "direction": "0", "dep_dt": "1464822811", "route_id": "Red", "dwell_time_sec": "60"}, {"arr_dt": "1464823020", "direction": "0", "dep_dt": "1464823082", "route_id": "Red", "dwell_time_sec": "62"}, {"arr_dt": "1464823278", "direction": "0", "dep_dt": "1464823350", "route_id": "Red", "dwell_time_sec": "72"}, {"arr_dt": "1464823686", "direction": "0", "dep_dt": "1464823762", "route_id": "Red", "dwell_time_sec": "76"}, {"arr_dt": "1464824215", "direction": "0", "dep_dt": "1464824293", "route_id": "Red", "dwell_time_sec": "78"}, {"arr_dt": "1464824523", "direction": "0", "dep_dt": "1464824608", "route_id": "Red", "dwell_time_sec": "85"}, {"arr_dt": "1464824720", "direction": "0", "dep_dt": "1464824795", "route_id": "Red", "dwell_time_sec": "75"}, {"arr_dt": "1464824961", "direction": "0", "dep_dt": "1464825040", "route_id": "Red", "dwell_time_sec": "79"}, {"arr_dt": "1464825340", "direction": "0", "dep_dt": "1464825412", "route_id": "Red", "dwell_time_sec": "72"}, {"arr_dt": "1464825516", "direction": "0", "dep_dt": "1464825610", "route_id": "Red", "dwell_time_sec": "94"}, {"arr_dt": "1464825713", "direction": "0", "dep_dt": "1464825797", "route_id": "Red", "dwell_time_sec": "84"}, {"arr_dt": "1464826067", "direction": "0", "dep_dt": "1464826160", "route_id": "Red", "dwell_time_sec": "93"}, {"arr_dt": "1464826402", "direction": "0", "dep_dt": "1464826477", "route_id": "Red", "dwell_time_sec": "75"}, {"arr_dt": "1464826711", "direction": "0", "dep_dt": "1464826794", "route_id": "Red", "dwell_time_sec": "83"}, {"arr_dt": "1464827036", "direction": "0", "dep_dt": "1464827099", "route_id": "Red", "dwell_time_sec": "63"}, {"arr_dt": "1464827344", "direction": "0", "dep_dt": "1464827403", "route_id": "Red", "dwell_time_sec": "59"}, {"arr_dt": "1464827639", "direction": "0", "dep_dt": "1464827722", "route_id": "Red", "dwell_time_sec": "83"}, {"arr_dt": "1464827816", "direction": "0", "dep_dt": "1464827905", "route_id": "Red", "dwell_time_sec": "89"}, {"arr_dt": "1464828335", "direction": "0", "dep_dt": "1464828424", "route_id": "Red", "dwell_time_sec": "89"}, {"arr_dt": "1464828769", "direction": "0", "dep_dt": "1464828864", "route_id": "Red", "dwell_time_sec": "95"}, {"arr_dt": "1464829003", "direction": "0", "dep_dt": "1464829067", "route_id": "Red", "dwell_time_sec": "64"}, {"arr_dt": "1464829427", "direction": "0", "dep_dt": "1464829480", "route_id": "Red", "dwell_time_sec": "53"}, {"arr_dt": "1464829794", "direction": "0", "dep_dt": "1464829854", "route_id": "Red", "dwell_time_sec": "60"}, {"arr_dt": "1464830335", "direction": "0", "dep_dt": "1464830413", "route_id": "Red", "dwell_time_sec": "78"}, {"arr_dt": "1464830832", "direction": "0", "dep_dt": "1464830916", "route_id": "Red", "dwell_time_sec": "84"}, {"arr_dt": "1464831078", "direction": "0", "dep_dt": "1464831158", "route_id": "Red", "dwell_time_sec": "80"}, {"arr_dt": "1464831444", "direction": "0", "dep_dt": "1464831506", "route_id": "Red", "dwell_time_sec": "62"}, {"arr_dt": "1464831799", "direction": "0", "dep_dt": "1464831868", "route_id": "Red", "dwell_time_sec": "69"}, {"arr_dt": "1464831973", "direction": "0", "dep_dt": "1464832472", "route_id": "Red", "dwell_time_sec": "499"}, {"arr_dt": "1464832711", "direction": "0", "dep_dt": "1464832778", "route_id": "Red", "dwell_time_sec": "67"}, {"arr_dt": "1464832975", "direction": "0", "dep_dt": "1464833037", "route_id": "Red", "dwell_time_sec": "62"}, {"arr_dt": "1464833599", "direction": "0", "dep_dt": "1464833683", "route_id": "Red", "dwell_time_sec": "84"}, {"arr_dt": "1464833809", "direction": "0", "dep_dt": "1464833877", "route_id": "Red", "dwell_time_sec": "68"}, {"arr_dt": "1464834422", "direction": "0", "dep_dt": "1464834492", "route_id": "Red", "dwell_time_sec": "70"}, {"arr_dt": "1464834589", "direction": "0", "dep_dt": "1464834669", "route_id": "Red", "dwell_time_sec": "80"}, {"arr_dt": "1464834909", "direction": "0", "dep_dt": "1464834992", "route_id": "Red", "dwell_time_sec": "83"}, {"arr_dt": "1464835227", "direction": "0", "dep_dt": "1464835290", "route_id": "Red", "dwell_time_sec": "63"}, {"arr_dt": "1464835393", "direction": "0", "dep_dt": "1464835438", "route_id": "Red", "dwell_time_sec": "45"}, {"arr_dt": "1464835902", "direction": "0", "dep_dt": "1464835965", "route_id": "Red", "dwell_time_sec": "63"}, {"arr_dt": "1464836173", "direction": "0", "dep_dt": "1464836240", "route_id": "Red", "dwell_time_sec": "67"}, {"arr_dt": "1464836827", "direction": "0", "dep_dt": "1464836898", "route_id": "Red", "dwell_time_sec": "71"}, {"arr_dt": "1464837076", "direction": "0", "dep_dt": "1464837138", "route_id": "Red", "dwell_time_sec": "62"}, {"arr_dt": "1464837433", "direction": "0", "dep_dt": "1464837511", "route_id": "Red", "dwell_time_sec": "78"}, {"arr_dt": "1464837785", "direction": "0", "dep_dt": "1464837844", "route_id": "Red", "dwell_time_sec": "59"}, {"arr_dt": "1464838116", "direction": "0", "dep_dt": "1464838184", "route_id": "Red", "dwell_time_sec": "68"}, {"arr_dt": "1464838419", "direction": "0", "dep_dt": "1464838509", "route_id": "Red", "dwell_time_sec": "90"}, {"arr_dt": "1464838772", "direction": "0", "dep_dt": "1464838826", "route_id": "Red", "dwell_time_sec": "54"}, {"arr_dt": "1464839129", "direction": "0", "dep_dt": "1464839181", "route_id": "Red", "dwell_time_sec": "52"}, {"arr_dt": "1464839674", "direction": "0", "dep_dt": "1464839738", "route_id": "Red", "dwell_time_sec": "64"}]}