{"dwell_times": [{"arr_dt": "1458273629", "direction": "0", "dep_dt": "1458273696", "route_id": "Red", "dwell_time_sec": "67"}, {"arr_dt": "1458274065", "direction": "0", "dep_dt": "1458274120", "route_id": "Red", "dwell_time_sec": "55"}, {"arr_dt": "1458274247", "direction": "0", "dep_dt": "1458274317", "route_id": "Red", "dwell_time_sec": "70"}, {"arr_dt": "1458274867", "direction": "0", "dep_dt": "1458274933", "route_id": "Red", "dwell_time_sec": "66"}, {"arr_dt": "1458275703", "direction": "0", "dep_dt": "1458275774", "route_id": "Red", "dwell_time_sec": "71"}, {"arr_dt": "1458275980", "direction": "0", "dep_dt": "1458276035", "route_id": "Red", "dwell_time_sec": "55"}, {"arr_dt": "1458277361", "direction": "0", "dep_dt": "1458278399", "route_id": "Red", "dwell_time_sec": "1038"}, {"arr_dt": "1458294376", "direction": "0", "dep_dt": "1458294449", "route_id": "Red", "dwell_time_sec": "73"}, {"arr_dt": "1458294732", "direction": "0", "dep_dt": "1458294795", "route_id": "Red", "dwell_time_sec": "63"}, {"arr_dt": "1458295045", "direction": "0", "dep_dt": "1458295096", "route_id": "Red", "dwell_time_sec": "51"}, {"arr_dt": "1458295329", "direction": "0", "dep_dt": "1458295378", "route_id": "Red", "dwell_time_sec": "49"}, {"arr_dt": "1458295989", "direction": "0", "dep_dt": "1458296055", "route_id": "Red", "dwell_time_sec": "66"}, {"arr_dt": "1458296239", "direction": "0", "dep_dt": "1458296301", "route_id": "Red", "dwell_time_sec": "62"}, {"arr_dt": "1458296965", "direction": "0", "dep_dt": "1458297025", "route_id": "Red", "dwell_time_sec": "60"}, {"arr_dt": "1458297654", "direction": "0", "dep_dt": "1458297717", "route_id": "Red", "dwell_time_sec": "63"}, {"arr_dt": "1458298182", "direction": "0", "dep_dt": "1458298247", "route_id": "Red", "dwell_time_sec": "65"}, {"arr_dt": "1458298430", "direction": "0", "dep_dt": "1458298494", "route_id": "Red", "dwell_time_sec": "64"}, {"arr_dt": "1458298767", "direction": "0", "dep_dt": "1458298842", "route_id": "Red", "dwell_time_sec": "75"}, {"arr_dt": "1458299251", "direction": "0", "dep_dt": "1458299317", "route_id": "Red", "dwell_time_sec": "66"}, {"arr_dt": "1458299680", "direction": "0", "dep_dt": "1458299748", "route_id": "Red", "dwell_time_sec": "68"}, {"arr_dt": "1458299986", "direction": "0", "dep_dt": "1458300064", "route_id": "Red", "dwell_time_sec": "78"}, {"arr_dt": "1458300290", "direction": "0", "dep_dt": "1458300390", "route_id": "Red", "dwell_time_sec": "100"}, {"arr_dt": "1458300747", "direction": "0", "dep_dt": "1458300831", "route_id": "Red", "dwell_time_sec": "84"}, {"arr_dt": "1458300934", "direction": "0", "dep_dt": "1458301023", "route_id": "Red", "dwell_time_sec": "89"}, {"arr_dt": "1458301492", "direction": "0", "dep_dt": "1458301570", "route_id": "Red", "dwell_time_sec": "78"}, {"arr_dt": "1458301791", "direction": "0", "dep_dt": "1458301877", "route_id": "Red", "dwell_time_sec": "86"}, {"arr_dt": "1458302043", "direction": "0", "dep_dt": "1458302138", "route_id": "Red", "dwell_time_sec": "95"}, {"arr_dt": "1458302354", "direction": "0", "dep_dt": "1458302448", "route_id": "Red", "dwell_time_sec": "94"}, {"arr_dt": "1458302642", "direction": "0", "dep_dt": "1458302710", "route_id": "Red", "dwell_time_sec": "68"}, {"arr_dt": "1458302992", "direction": "0", "dep_dt": "1458303109", "route_id": "Red", "dwell_time_sec": "117"}, {"arr_dt": "1458303250", "direction": "0", "dep_dt": "1458303324", "route_id": "Red", "dwell_time_sec": "74"}, {"arr_dt": "1458303431", "direction": "0", "dep_dt": "1458303522", "route_id": "Red", "dwell_time_sec": "91"}, {"arr_dt": "1458303697", "direction": "0", "dep_dt": "1458303802", "route_id": "Red", "dwell_time_sec": "105"}, {"arr_dt": "1458303904", "direction": "0", "dep_dt": "1458304002", "route_id": "Red", "dwell_time_sec": "98"}, {"arr_dt": "1458304173", "direction": "0", "dep_dt": "1458304272", "route_id": "Red", "dwell_time_sec": "99"}, {"arr_dt": "1458304899", "direction": "0", "dep_dt": "1458304991", "route_id": "Red", "dwell_time_sec": "92"}, {"arr_dt": "1458305082", "direction": "0", "dep_dt": "1458305166", "route_id": "Red", "dwell_time_sec": "84"}, {"arr_dt": "1458305296", "direction": "0", "dep_dt": "1458305399", "route_id": "Red", "dwell_time_sec": "103"}, {"arr_dt": "1458305520", "direction": "0", "dep_dt": "1458305618", "route_id": "Red", "dwell_time_sec": "98"}, {"arr_dt": "1458305720", "direction": "0", "dep_dt": "1458305808", "route_id": "Red", "dwell_time_sec": "88"}, {"arr_dt": "1458306096", "direction": "0", "dep_dt": "1458306206", "route_id": "Red", "dwell_time_sec": "110"}, {"arr_dt": "1458306338", "direction": "0", "dep_dt": "1458306443", "route_id": "Red", "dwell_time_sec": "105"}, {"arr_dt": "1458306526", "direction": "0", "dep_dt": "1458306603", "route_id": "Red", "dwell_time_sec": "77"}, {"arr_dt": "1458306763", "direction": "0", "dep_dt": "1458306839", "route_id": "Red", "dwell_time_sec": "76"}, {"arr_dt": "1458306954", "direction": "0", "dep_dt": "1458307032", "route_id": "Red", "dwell_time_sec": "78"}, {"arr_dt": "1458307117", "direction": "0", "dep_dt": "1458307222", "route_id": "Red", "dwell_time_sec": "105"}, {"arr_dt": "1458307313", "direction": "0", "dep_dt": "1458307401", "route_id": "Red", "dwell_time_sec": "88"}, {"arr_dt": "1458307500", "direction": "0", "dep_dt": "1458307654", "route_id": "Red", "dwell_time_sec": "154"}, {"arr_dt": "1458307661", "direction": "0", "dep_dt": "1458307743", "route_id": "Red", "dwell_time_sec": "82"}, {"arr_dt": "1458308344", "direction": "0", "dep_dt": "1458308425", "route_id": "Red", "dwell_time_sec": "81"}, {"arr_dt": "1458308527", "direction": "0", "dep_dt": "1458308606", "route_id": "Red", "dwell_time_sec": "79"}, {"arr_dt": "1458308703", "direction": "0", "dep_dt": "1458308790", "route_id": "Red", "dwell_time_sec": "87"}, {"arr_dt": "1458308867", "direction": "0", "dep_dt": "1458308930", "route_id": "Red", "dwell_time_sec": "63"}, {"arr_dt": "1458309038", "direction": "0", "dep_dt": "1458309121", "route_id": "Red", "dwell_time_sec": "83"}, {"arr_dt": "1458309290", "direction": "0", "dep_dt": "1458309361", "route_id": "Red", "dwell_time_sec": "71"}, {"arr_dt": "1458309623", "direction": "0", "dep_dt": "1458309686", "route_id": "Red", "dwell_time_sec": "63"}, {"arr_dt": "1458310129", "direction": "0", "dep_dt": "1458310219", "route_id": "Red", "dwell_time_sec": "90"}, {"arr_dt": "1458310336", "direction": "0", "dep_dt": "1458310423", "route_id": "Red", "dwell_time_sec": "87"}, {"arr_dt": "1458311037", "direction": "0", "dep_dt": "1458311111", "route_id": "Red", "dwell_time_sec": "74"}, {"arr_dt": "1458311409", "direction": "0", "dep_dt": "1458311482", "route_id": "Red", "dwell_time_sec": "73"}, {"arr_dt": "1458311794", "direction": "0", "dep_dt": "1458311893", "route_id": "Red", "dwell_time_sec": "99"}, {"arr_dt": "1458312403", "direction": "0", "dep_dt": "1458312471", "route_id": "Red", "dwell_time_sec": "68"}, {"arr_dt": "1458312776", "direction": "0", "dep_dt": "1458312851", "route_id": "Red", "dwell_time_sec": "75"}, {"arr_dt": "1458313441", "direction": "0", "dep_dt": "1458313522", "route_id": "Red", "dwell_time_sec": "81"}, {"arr_dt": "1458313640", "direction": "0", "dep_dt": "1458313698", "route_id": "Red", "dwell_time_sec": "58"}, {"arr_dt": "1458314219", "direction": "0", "dep_dt": "1458314280", "route_id": "Red", "dwell_time_sec": "61"}, {"arr_dt": "1458314661", "direction": "0", "dep_dt": "1458314738", "route_id": "Red", "dwell_time_sec": "77"}, {"arr_dt": "1458314917", "direction": "0", "dep_dt": "1458314978", "route_id": "Red", "dwell_time_sec": "61"}, {"arr_dt": "1458315134", "direction": "0", "dep_dt": "1458315201", "route_id": "Red", "dwell_time_sec": "67"}, {"arr_dt": "1458315394", "direction": "0", "dep_dt": "1458315459", "route_id": "Red", "dwell_time_sec": "65"}, {"arr_dt": "1458315898", "direction": "0", "dep_dt": "1458315970", "route_id": "Red", "dwell_time_sec": "72"}, {"arr_dt": "1458316403", "direction": "0", "dep_dt": "1458316463", "route_id": "Red", "dwell_time_sec": "60"}, {"arr_dt": "1458316961", "direction": "0", "dep_dt": "1458317050", "route_id": "Red", "dwell_time_sec": "89"}, {"arr_dt": "1458317184", "direction": "0", "dep_dt": "1458317246", "route_id": "Red", "dwell_time_sec": "62"}, {"arr_dt": "1458317594", "direction": "0", "dep_dt": "1458317666", "route_id": "Red", "dwell_time_sec": "72"}, {"arr_dt": "1458317930", "direction": "0", "dep_dt": "1458318015", "route_id": "Red", "dwell_time_sec": "85"}, {"arr_dt": "1458318385", "direction": "0", "dep_dt": "1458318459", "route_id": "Red", "dwell_time_sec": "74"}, {"arr_dt": "1458318896", "direction": "0", "dep_dt": "1458318984", "route_id": "Red", "dwell_time_sec": "88"}, {"arr_dt": "1458319231", "direction": "0", "dep_dt": "1458319309", "route_id": "Red", "dwell_time_sec": "78"}, {"arr_dt": "1458319742", "direction": "0", "dep_dt": "1458319817", "route_id": "Red", "dwell_time_sec": "75"}, {"arr_dt": "1458320499", "direction": "0", "dep_dt": "1458320583", "route_id": "Red", "dwell_time_sec": "84"}, {"arr_dt": "1458322548", "direction": "0", "dep_dt": "1458322666", "route_id": "Red", "dwell_time_sec": "118"}, {"arr_dt": "1458322857", "direction": "0", "dep_dt": "1458322941", "route_id": "Red", "dwell_time_sec": "84"}, {"arr_dt": "1458323040", "direction": "0", "dep_dt": "1458323119", "route_id": "Red", "dwell_time_sec": "79"}, {"arr_dt": "1458323222", "direction": "0", "dep_dt": "1458323296", "route_id": "Red", "dwell_time_sec": "74"}, {"arr_dt": "1458324011", "direction": "0", "dep_dt": "1458324096", "route_id": "Red", "dwell_time_sec": "85"}, {"arr_dt": "1458324206", "direction": "0", "dep_dt": "1458324285", "route_id": "Red", "dwell_time_sec": "79"}, {"arr_dt": "1458324906", "direction": "0", "dep_dt": "1458325018", "route_id": "Red", "dwell_time_sec": "112"}, {"arr_dt": "1458325407", "direction": "0", "dep_dt": "1458325496", "route_id": "Red", "dwell_time_sec": "89"}, {"arr_dt": "1458327243", "direction": "0", "dep_dt": "1458327333", "route_id": "Red", "dwell_time_sec": "90"}, {"arr_dt": "1458327492", "direction": "0", "dep_dt": "1458327596", "route_id": "Red", "dwell_time_sec": "104"}, {"arr_dt": "1458328548", "direction": "0", "dep_dt": "1458328628", "route_id": "Red", "dwell_time_sec": "80"}, {"arr_dt": "1458328905", "direction": "0", "dep_dt": "1458328998", "route_id": "Red", "dwell_time_sec": "93"}, {"arr_dt": "1458329350", "direction": "0", "dep_dt": "1458329442", "route_id": "Red", "dwell_time_sec": "92"}, {"arr_dt": "1458330015", "direction": "0", "dep_dt": "1458330122", "route_id": "Red", "dwell_time_sec": "107"}, {"arr_dt": "1458330289", "direction": "0", "dep_dt": "1458330385", "route_id": "Red", "dwell_time_sec": "96"}, {"arr_dt": "1458330501", "direction": "0", "dep_dt": "1458330593", "route_id": "Red", "dwell_time_sec": "92"}, {"arr_dt": "1458330970", "direction": "0", "dep_dt": "1458331096", "route_id": "Red", "dwell_time_sec": "126"}, {"arr_dt": "1458331498", "direction": "0", "dep_dt": "1458331648", "route_id": "Red", "dwell_time_sec": "150"}, {"arr_dt": "1458331754", "direction": "0", "dep_dt": "1458331858", "route_id": "Red", "dwell_time_sec": "104"}, {"arr_dt": "1458332328", "direction": "0", "dep_dt": "1458332483", "route_id": "Red", "dwell_time_sec": "155"}, {"arr_dt": "1458332551", "direction": "0", "dep_dt": "1458332638", "route_id": "Red", "dwell_time_sec": "87"}, {"arr_dt": "1458333195", "direction": "0", "dep_dt": "1458333291", "route_id": "Red", "dwell_time_sec": "96"}, {"arr_dt": "1458333421", "direction": "0", "dep_dt": "1458333543", "route_id": "Red", "dwell_time_sec": "122"}, {"arr_dt": "1458333979", "direction": "0", "dep_dt": "1458334101", "route_id": "Red", "dwell_time_sec": "122"}, {"arr_dt": "1458334191", "direction": "0", "dep_dt": "1458334280", "route_id": "Red", "dwell_time_sec": "89"}, {"arr_dt": "1458334644", "direction": "0", "dep_dt": "1458334746", "route_id": "Red", "dwell_time_sec": "102"}, {"arr_dt": "1458334892", "direction": "0", "dep_dt": "1458334995", "route_id": "Red", "dwell_time_sec": "103"}, {"arr_dt": "1458335079", "direction": "0", "dep_dt": "1458335158", "route_id": "Red", "dwell_time_sec": "79"}, {"arr_dt": "1458335368", "direction": "0", "dep_dt": "1458335470", "route_id": "Red", "dwell_time_sec": "102"}, {"arr_dt": "1458335584", "direction": "0", "dep_dt": "1458335670", "route_id": "Red", "dwell_time_sec": "86"}, {"arr_dt": "1458335782", "direction": "0", "dep_dt": "1458335878", "route_id": "Red", "dwell_time_sec": "96"}, {"arr_dt": "1458335978", "direction": "0", "dep_dt": "1458336097", "route_id": "Red", "dwell_time_sec": "119"}, {"arr_dt": "1458336221", "direction": "0", "dep_dt": "1458336339", "route_id": "Red", "dwell_time_sec": "118"}, {"arr_dt": "1458336458", "direction": "0", "dep_dt": "1458336558", "route_id": "Red", "dwell_time_sec": "100"}, {"arr_dt": "1458336888", "direction": "0", "dep_dt": "1458336981", "route_id": "Red", "dwell_time_sec": "93"}, {"arr_dt": "1458337258", "direction": "0", "dep_dt": "1458337354", "route_id": "Red", "dwell_time_sec": "96"}, {"arr_dt": "1458337778", "direction": "0", "dep_dt": "1458337867", "route_id": "Red", "dwell_time_sec": "89"}, {"arr_dt": "1458338138", "direction": "0", "dep_dt": "1458338231", "route_id": "Red", "dwell_time_sec": "93"}, {"arr_dt": "1458338415", "direction": "0", "dep_dt": "1458338503", "route_id": "Red", "dwell_time_sec": "88"}, {"arr_dt": "1458338615", "direction": "0", "dep_dt": "1458338705", "route_id": "Red", "dwell_time_sec": "90"}, {"arr_dt": "1458338805", "direction": "0", "dep_dt": "1458338881", "route_id": "Red", "dwell_time_sec": "76"}, {"arr_dt": "1458339075", "direction": "0", "dep_dt": "1458339159", "route_id": "Red", "dwell_time_sec": "84"}, {"arr_dt": "1458339887", "direction": "0", "dep_dt": "1458339966", "route_id": "Red", "dwell_time_sec": "79"}, {"arr_dt": "1458340310", "direction": "0", "dep_dt": "1458340442", "route_id": "Red", "dwell_time_sec": "132"}, {"arr_dt": "1458340532", "direction": "0", "dep_dt": "1458340614", "route_id": "Red", "dwell_time_sec": "82"}, {"arr_dt": "1458340768", "direction": "0", "dep_dt": "1458340847", "route_id": "Red", "dwell_time_sec": "79"}, {"arr_dt": "1458340946", "direction": "0", "dep_dt": "1458341039", "route_id": "Red", "dwell_time_sec": "93"}, {"arr_dt": "1458341413", "direction": "0", "dep_dt": "1458341518", "route_id": "Red", "dwell_time_sec": "105"}, {"arr_dt": "1458341705", "direction": "0", "dep_dt": "1458341781", "route_id": "Red", "dwell_time_sec": "76"}, {"arr_dt": "1458341939", "direction": "0", "dep_dt": "1458342022", "route_id": "Red", "dwell_time_sec": "83"}, {"arr_dt": "1458342179", "direction": "0", "dep_dt": "1458342252", "route_id": "Red", "dwell_time_sec": "73"}, {"arr_dt": "1458342359", "direction": "0", "dep_dt": "1458342463", "route_id": "Red", "dwell_time_sec": "104"}, {"arr_dt": "1458342554", "direction": "0", "dep_dt": "1458342641", "route_id": "Red", "dwell_time_sec": "87"}, {"arr_dt": "1458342763", "direction": "0", "dep_dt": "1458342861", "route_id": "Red", "dwell_time_sec": "98"}, {"arr_dt": "1458342969", "direction": "0", "dep_dt": "1458343054", "route_id": "Red", "dwell_time_sec": "85"}, {"arr_dt": "1458343163", "direction": "0", "dep_dt": "1458343225", "route_id": "Red", "dwell_time_sec": "62"}, {"arr_dt": "1458343323", "direction": "0", "dep_dt": "1458343390", "route_id": "Red", "dwell_time_sec": "67"}, {"arr_dt": "1458343484", "direction": "0", "dep_dt": "1458343580", "route_id": "Red", "dwell_time_sec": "96"}, {"arr_dt": "1458344209", "direction": "0", "dep_dt": "1458344311", "route_id": "Red", "dwell_time_sec": "102"}, {"arr_dt": "1458344439", "direction": "0", "dep_dt": "1458344534", "route_id": "Red", "dwell_time_sec": "95"}, {"arr_dt": "1458344651", "direction": "0", "dep_dt": "1458344778", "route_id": "Red", "dwell_time_sec": "127"}, {"arr_dt": "1458344873", "direction": "0", "dep_dt": "1458344955", "route_id": "Red", "dwell_time_sec": "82"}, {"arr_dt": "1458345069", "direction": "0", "dep_dt": "1458345139", "route_id": "Red", "dwell_time_sec": "70"}, {"arr_dt": "1458345292", "direction": "0", "dep_dt": "1458345368", "route_id": "Red", "dwell_time_sec": "76"}, {"arr_dt": "1458345475", "direction": "0", "dep_dt": "1458345554", "route_id": "Red", "dwell_time_sec": "79"}, {"arr_dt": "1458345744", "direction": "0", "dep_dt": "1458345813", "route_id": "Red", "dwell_time_sec": "69"}, {"arr_dt": "1458345916", "direction": "0", "dep_dt": "1458345994", "route_id": "Red", "dwell_time_sec": "78"}, {"arr_dt": "1458346820", "direction": "0", "dep_dt": "1458346934", "route_id": "Red", "dwell_time_sec": "114"}, {"arr_dt": "1458347046", "direction": "0", "dep_dt": "1458347133", "route_id": "Red", "dwell_time_sec": "87"}, {"arr_dt": "1458347541", "direction": "0", "dep_dt": "1458347613", "route_id": "Red", "dwell_time_sec": "72"}, {"arr_dt": "1458347715", "direction": "0", "dep_dt": "1458347783", "route_id": "Red", "dwell_time_sec": "68"}, {"arr_dt": "1458347979", "direction": "0", "dep_dt": "1458348043", "route_id": "Red", "dwell_time_sec": "64"}, {"arr_dt": "1458348496", "direction": "0", "dep_dt": "1458348573", "route_id": "Red", "dwell_time_sec": "77"}, {"arr_dt": "1458349470", "direction": "0", "dep_dt": "1458349544", "route_id": "Red", "dwell_time_sec": "74"}, {"arr_dt": "1458350017", "direction": "0", "dep_dt": "1458350129", "route_id": "Red", "dwell_time_sec": "112"}, {"arr_dt": "1458351301", "direction": "0", "dep_dt": "1458351417", "route_id": "Red", "dwell_time_sec": "116"}, {"arr_dt": "1458351674", "direction": "0", "dep_dt": "1458351762", "route_id": "Red", "dwell_time_sec": "88"}, {"arr_dt": "1458352122", "direction": "0", "dep_dt": "1458352195", "route_id": "Red", "dwell_time_sec": "73"}, {"arr_dt": "1458352306", "direction": "0", "dep_dt": "1458352395", "route_id": "Red", "dwell_time_sec": "89"}, {"arr_dt": "1458352860", "direction": "0", "dep_dt": "1458352932", "route_id": "Red", "dwell_time_sec": "72"}, {"arr_dt": "1458353035", "direction": "0", "dep_dt": "1458353113", "route_id": "Red", "dwell_time_sec": "78"}, {"arr_dt": "1458353228", "direction": "0", "dep_dt": "1458353312", "route_id": "Red", "dwell_time_sec": "84"}, {"arr_dt": "1458353591", "direction": "0", "dep_dt": "1458353665", "route_id": "Red", "dwell_time_sec": "74"}, {"arr_dt": "1458353837", "direction": "0", "dep_dt": "1458353939", "route_id": "Red", "dwell_time_sec": "102"}, {"arr_dt": "1458354198", "direction": "0", "dep_dt": "1458354275", "route_id": "Red", "dwell_time_sec": "77"}, {"arr_dt": "1458355001", "direction": "0", "dep_dt": "1458355072", "route_id": "Red", "dwell_time_sec": "71"}, {"arr_dt": "1458355480", "direction": "0", "dep_dt": "1458355546", "route_id": "Red", "dwell_time_sec": "66"}, {"arr_dt": "1458355972", "direction": "0", "dep_dt": "1458356060", "route_id": "Red", "dwell_time_sec": "88"}, {"arr_dt": "1458357176", "direction": "0", "dep_dt": "1458357258", "route_id": "Red", "dwell_time_sec": "82"}, {"arr_dt": "1458357354", "direction": "0", "dep_dt": "1458357430", "route_id": "Red", "dwell_time_sec": "76"}, {"arr_dt": "1458357892", "direction": "0", "dep_dt": "1458357950", "route_id": "Red", "dwell_time_sec": "58"}, {"arr_dt": "1458358737", "direction": "0", "dep_dt": "1458358816", "route_id": "Red", "dwell_time_sec": "79"}, {"arr_dt": "1458358933", "direction": "0", "dep_dt": "1458359012", "route_id": "Red", "dwell_time_sec": "79"}, {"arr_dt": "1458359099", "direction": "0", "dep_dt": "1458359198", "route_id": "Red", "dwell_time_sec": "99"}, {"arr_dt": "1458359269", "direction": "0", "dep_dt": "1458359345", "route_id": "Red", "dwell_time_sec": "76"}, {"arr_dt": "1458359435", "direction": "0", "dep_dt": "1458359510", "route_id": "Red", "dwell_time_sec": "75"}, {"arr_dt": "1458359919", "direction": "0", "dep_dt": "1458359991", "route_id": "Red", "dwell_time_sec": "72"}]}