{"dwell_times": [{"arr_dt": "1479358821", "direction": "0", "dep_dt": "1479358903", "route_id": "Red", "dwell_time_sec": "82"}, {"arr_dt": "1479359182", "direction": "0", "dep_dt": "1479359252", "route_id": "Red", "dwell_time_sec": "70"}, {"arr_dt": "1479360288", "direction": "0", "dep_dt": "1479360353", "route_id": "Red", "dwell_time_sec": "65"}, {"arr_dt": "1479360887", "direction": "0", "dep_dt": "1479360944", "route_id": "Red", "dwell_time_sec": "57"}, {"arr_dt": "1479361309", "direction": "0", "dep_dt": "1479361374", "route_id": "Red", "dwell_time_sec": "65"}, {"arr_dt": "1479361957", "direction": "0", "dep_dt": "1479363281", "route_id": "Red", "dwell_time_sec": "1324"}, {"arr_dt": "1479378911", "direction": "0", "dep_dt": "1479378982", "route_id": "Red", "dwell_time_sec": "71"}, {"arr_dt": "1479379324", "direction": "0", "dep_dt": "1479379381", "route_id": "Red", "dwell_time_sec": "57"}, {"arr_dt": "1479379772", "direction": "0", "dep_dt": "1479379833", "route_id": "Red", "dwell_time_sec": "61"}, {"arr_dt": "1479380700", "direction": "0", "dep_dt": "1479380765", "route_id": "Red", "dwell_time_sec": "65"}, {"arr_dt": "1479381315", "direction": "0", "dep_dt": "1479381384", "route_id": "Red", "dwell_time_sec": "69"}, {"arr_dt": "1479381802", "direction": "0", "dep_dt": "1479381859", "route_id": "Red", "dwell_time_sec": "57"}, {"arr_dt": "1479382185", "direction": "0", "dep_dt": "1479382244", "route_id": "Red", "dwell_time_sec": "59"}, {"arr_dt": "1479382403", "direction": "0", "dep_dt": "1479382464", "route_id": "Red", "dwell_time_sec": "61"}, {"arr_dt": "1479382569", "direction": "0", "dep_dt": "1479382627", "route_id": "Red", "dwell_time_sec": "58"}, {"arr_dt": "1479382976", "direction": "0", "dep_dt": "1479383041", "route_id": "Red", "dwell_time_sec": "65"}, {"arr_dt": "1479383254", "direction": "0", "dep_dt": "1479383322", "route_id": "Red", "dwell_time_sec": "68"}, {"arr_dt": "1479383525", "direction": "0", "dep_dt": "1479383603", "route_id": "Red", "dwell_time_sec": "78"}, {"arr_dt": "1479383758", "direction": "0", "dep_dt": "1479383820", "route_id": "Red", "dwell_time_sec": "62"}, {"arr_dt": "1479384183", "direction": "0", "dep_dt": "1479384255", "route_id": "Red", "dwell_time_sec": "72"}, {"arr_dt": "1479384395", "direction": "0", "dep_dt": "1479384466", "route_id": "Red", "dwell_time_sec": "71"}, {"arr_dt": "1479384683", "direction": "0", "dep_dt": "1479384783", "route_id": "Red", "dwell_time_sec": "100"}, {"arr_dt": "1479385035", "direction": "0", "dep_dt": "1479385109", "route_id": "Red", "dwell_time_sec": "74"}, {"arr_dt": "1479385513", "direction": "0", "dep_dt": "1479385610", "route_id": "Red", "dwell_time_sec": "97"}, {"arr_dt": "1479385799", "direction": "0", "dep_dt": "1479385899", "route_id": "Red", "dwell_time_sec": "100"}, {"arr_dt": "1479386166", "direction": "0", "dep_dt": "1479386270", "route_id": "Red", "dwell_time_sec": "104"}, {"arr_dt": "1479386434", "direction": "0", "dep_dt": "1479386526", "route_id": "Red", "dwell_time_sec": "92"}, {"arr_dt": "1479386642", "direction": "0", "dep_dt": "1479386719", "route_id": "Red", "dwell_time_sec": "77"}, {"arr_dt": "1479387079", "direction": "0", "dep_dt": "1479387189", "route_id": "Red", "dwell_time_sec": "110"}, {"arr_dt": "1479387296", "direction": "0", "dep_dt": "1479387379", "route_id": "Red", "dwell_time_sec": "83"}, {"arr_dt": "1479387485", "direction": "0", "dep_dt": "1479387570", "route_id": "Red", "dwell_time_sec": "85"}, {"arr_dt": "1479387969", "direction": "0", "dep_dt": "1479388103", "route_id": "Red", "dwell_time_sec": "134"}, {"arr_dt": "1479388184", "direction": "0", "dep_dt": "1479388270", "route_id": "Red", "dwell_time_sec": "86"}, {"arr_dt": "1479388390", "direction": "0", "dep_dt": "1479388484", "route_id": "Red", "dwell_time_sec": "94"}, {"arr_dt": "1479388565", "direction": "0", "dep_dt": "1479388651", "route_id": "Red", "dwell_time_sec": "86"}, {"arr_dt": "1479388802", "direction": "0", "dep_dt": "1479388900", "route_id": "Red", "dwell_time_sec": "98"}, {"arr_dt": "1479388993", "direction": "0", "dep_dt": "1479389092", "route_id": "Red", "dwell_time_sec": "99"}, {"arr_dt": "1479389181", "direction": "0", "dep_dt": "1479389295", "route_id": "Red", "dwell_time_sec": "114"}, {"arr_dt": "1479389366", "direction": "0", "dep_dt": "1479389487", "route_id": "Red", "dwell_time_sec": "121"}, {"arr_dt": "1479389581", "direction": "0", "dep_dt": "1479389672", "route_id": "Red", "dwell_time_sec": "91"}, {"arr_dt": "1479389804", "direction": "0", "dep_dt": "1479389892", "route_id": "Red", "dwell_time_sec": "88"}, {"arr_dt": "1479390008", "direction": "0", "dep_dt": "1479390115", "route_id": "Red", "dwell_time_sec": "107"}, {"arr_dt": "1479390224", "direction": "0", "dep_dt": "1479390320", "route_id": "Red", "dwell_time_sec": "96"}, {"arr_dt": "1479390543", "direction": "0", "dep_dt": "1479390684", "route_id": "Red", "dwell_time_sec": "141"}, {"arr_dt": "1479390756", "direction": "0", "dep_dt": "1479390847", "route_id": "Red", "dwell_time_sec": "91"}, {"arr_dt": "1479391015", "direction": "0", "dep_dt": "1479391109", "route_id": "Red", "dwell_time_sec": "94"}, {"arr_dt": "1479391249", "direction": "0", "dep_dt": "1479391344", "route_id": "Red", "dwell_time_sec": "95"}, {"arr_dt": "1479391535", "direction": "0", "dep_dt": "1479391608", "route_id": "Red", "dwell_time_sec": "73"}, {"arr_dt": "1479391780", "direction": "0", "dep_dt": "1479391853", "route_id": "Red", "dwell_time_sec": "73"}, {"arr_dt": "1479392007", "direction": "0", "dep_dt": "1479392106", "route_id": "Red", "dwell_time_sec": "99"}, {"arr_dt": "1479392294", "direction": "0", "dep_dt": "1479392391", "route_id": "Red", "dwell_time_sec": "97"}, {"arr_dt": "1479392956", "direction": "0", "dep_dt": "1479393044", "route_id": "Red", "dwell_time_sec": "88"}, {"arr_dt": "1479393179", "direction": "0", "dep_dt": "1479393247", "route_id": "Red", "dwell_time_sec": "68"}, {"arr_dt": "1479393697", "direction": "0", "dep_dt": "1479393785", "route_id": "Red", "dwell_time_sec": "88"}, {"arr_dt": "1479394235", "direction": "0", "dep_dt": "1479394338", "route_id": "Red", "dwell_time_sec": "103"}, {"arr_dt": "1479394648", "direction": "0", "dep_dt": "1479394762", "route_id": "Red", "dwell_time_sec": "114"}, {"arr_dt": "1479394907", "direction": "0", "dep_dt": "1479394984", "route_id": "Red", "dwell_time_sec": "77"}, {"arr_dt": "1479395096", "direction": "0", "dep_dt": "1479395182", "route_id": "Red", "dwell_time_sec": "86"}, {"arr_dt": "1479395286", "direction": "0", "dep_dt": "1479395376", "route_id": "Red", "dwell_time_sec": "90"}, {"arr_dt": "1479395493", "direction": "0", "dep_dt": "1479395571", "route_id": "Red", "dwell_time_sec": "78"}, {"arr_dt": "1479395671", "direction": "0", "dep_dt": "1479395738", "route_id": "Red", "dwell_time_sec": "67"}, {"arr_dt": "1479395828", "direction": "0", "dep_dt": "1479395917", "route_id": "Red", "dwell_time_sec": "89"}, {"arr_dt": "1479396027", "direction": "0", "dep_dt": "1479396110", "route_id": "Red", "dwell_time_sec": "83"}, {"arr_dt": "1479396368", "direction": "0", "dep_dt": "1479396456", "route_id": "Red", "dwell_time_sec": "88"}, {"arr_dt": "1479396555", "direction": "0", "dep_dt": "1479396631", "route_id": "Red", "dwell_time_sec": "76"}, {"arr_dt": "1479396734", "direction": "0", "dep_dt": "1479396818", "route_id": "Red", "dwell_time_sec": "84"}, {"arr_dt": "1479397316", "direction": "0", "dep_dt": "1479397373", "route_id": "Red", "dwell_time_sec": "57"}, {"arr_dt": "1479397528", "direction": "0", "dep_dt": "1479397597", "route_id": "Red", "dwell_time_sec": "69"}, {"arr_dt": "1479397901", "direction": "0", "dep_dt": "1479397969", "route_id": "Red", "dwell_time_sec": "68"}, {"arr_dt": "1479398344", "direction": "0", "dep_dt": "1479398428", "route_id": "Red", "dwell_time_sec": "84"}, {"arr_dt": "1479398548", "direction": "0", "dep_dt": "1479398629", "route_id": "Red", "dwell_time_sec": "81"}, {"arr_dt": "1479398932", "direction": "0", "dep_dt": "1479399001", "route_id": "Red", "dwell_time_sec": "69"}, {"arr_dt": "1479399357", "direction": "0", "dep_dt": "1479399441", "route_id": "Red", "dwell_time_sec": "84"}, {"arr_dt": "1479399820", "direction": "0", "dep_dt": "1479399893", "route_id": "Red", "dwell_time_sec": "73"}, {"arr_dt": "1479400281", "direction": "0", "dep_dt": "1479400357", "route_id": "Red", "dwell_time_sec": "76"}, {"arr_dt": "1479400595", "direction": "0", "dep_dt": "1479400665", "route_id": "Red", "dwell_time_sec": "70"}, {"arr_dt": "1479401134", "direction": "0", "dep_dt": "1479401209", "route_id": "Red", "dwell_time_sec": "75"}, {"arr_dt": "1479401702", "direction": "0", "dep_dt": "1479401778", "route_id": "Red", "dwell_time_sec": "76"}, {"arr_dt": "1479401941", "direction": "0", "dep_dt": "1479402010", "route_id": "Red", "dwell_time_sec": "69"}, {"arr_dt": "1479402362", "direction": "0", "dep_dt": "1479402441", "route_id": "Red", "dwell_time_sec": "79"}, {"arr_dt": "1479402814", "direction": "0", "dep_dt": "1479402889", "route_id": "Red", "dwell_time_sec": "75"}, {"arr_dt": "1479403193", "direction": "0", "dep_dt": "1479403294", "route_id": "Red", "dwell_time_sec": "101"}, {"arr_dt": "1479403593", "direction": "0", "dep_dt": "1479403685", "route_id": "Red", "dwell_time_sec": "92"}, {"arr_dt": "1479404062", "direction": "0", "dep_dt": "1479404155", "route_id": "Red", "dwell_time_sec": "93"}, {"arr_dt": "1479404643", "direction": "0", "dep_dt": "1479404718", "route_id": "Red", "dwell_time_sec": "75"}, {"arr_dt": "1479404992", "direction": "0", "dep_dt": "1479405065", "route_id": "Red", "dwell_time_sec": "73"}, {"arr_dt": "1479405462", "direction": "0", "dep_dt": "1479405531", "route_id": "Red", "dwell_time_sec": "69"}, {"arr_dt": "1479405949", "direction": "0", "dep_dt": "1479406042", "route_id": "Red", "dwell_time_sec": "93"}, {"arr_dt": "1479407285", "direction": "0", "dep_dt": "1479407804", "route_id": "Red", "dwell_time_sec": "519"}, {"arr_dt": "1479408221", "direction": "0", "dep_dt": "1479408297", "route_id": "Red", "dwell_time_sec": "76"}, {"arr_dt": "1479408429", "direction": "0", "dep_dt": "1479408544", "route_id": "Red", "dwell_time_sec": "115"}, {"arr_dt": "1479408660", "direction": "0", "dep_dt": "1479408777", "route_id": "Red", "dwell_time_sec": "117"}, {"arr_dt": "1479409203", "direction": "0", "dep_dt": "1479409272", "route_id": "Red", "dwell_time_sec": "69"}, {"arr_dt": "1479409519", "direction": "0", "dep_dt": "1479409595", "route_id": "Red", "dwell_time_sec": "76"}, {"arr_dt": "1479409845", "direction": "0", "dep_dt": "1479409925", "route_id": "Red", "dwell_time_sec": "80"}, {"arr_dt": "1479410186", "direction": "0", "dep_dt": "1479410257", "route_id": "Red", "dwell_time_sec": "71"}, {"arr_dt": "1479410792", "direction": "0", "dep_dt": "1479410879", "route_id": "Red", "dwell_time_sec": "87"}, {"arr_dt": "1479410987", "direction": "0", "dep_dt": "1479411068", "route_id": "Red", "dwell_time_sec": "81"}, {"arr_dt": "1479411480", "direction": "0", "dep_dt": "1479411562", "route_id": "Red", "dwell_time_sec": "82"}, {"arr_dt": "1479412195", "direction": "0", "dep_dt": "1479412274", "route_id": "Red", "dwell_time_sec": "79"}, {"arr_dt": "1479412658", "direction": "0", "dep_dt": "1479412813", "route_id": "Red", "dwell_time_sec": "155"}, {"arr_dt": "1479412997", "direction": "0", "dep_dt": "1479413060", "route_id": "Red", "dwell_time_sec": "63"}, {"arr_dt": "1479413266", "direction": "0", "dep_dt": "1479413347", "route_id": "Red", "dwell_time_sec": "81"}, {"arr_dt": "1479413598", "direction": "0", "dep_dt": "1479413686", "route_id": "Red", "dwell_time_sec": "88"}, {"arr_dt": "1479413974", "direction": "0", "dep_dt": "1479414053", "route_id": "Red", "dwell_time_sec": "79"}, {"arr_dt": "1479414432", "direction": "0", "dep_dt": "1479414549", "route_id": "Red", "dwell_time_sec": "117"}, {"arr_dt": "1479415074", "direction": "0", "dep_dt": "1479415177", "route_id": "Red", "dwell_time_sec": "103"}, {"arr_dt": "1479415507", "direction": "0", "dep_dt": "1479415613", "route_id": "Red", "dwell_time_sec": "106"}, {"arr_dt": "1479415778", "direction": "0", "dep_dt": "1479415873", "route_id": "Red", "dwell_time_sec": "95"}, {"arr_dt": "1479416075", "direction": "0", "dep_dt": "1479416180", "route_id": "Red", "dwell_time_sec": "105"}, {"arr_dt": "1479416706", "direction": "0", "dep_dt": "1479416830", "route_id": "Red", "dwell_time_sec": "124"}, {"arr_dt": "1479416960", "direction": "0", "dep_dt": "1479417060", "route_id": "Red", "dwell_time_sec": "100"}, {"arr_dt": "1479417162", "direction": "0", "dep_dt": "1479417258", "route_id": "Red", "dwell_time_sec": "96"}, {"arr_dt": "1479417423", "direction": "0", "dep_dt": "1479417508", "route_id": "Red", "dwell_time_sec": "85"}, {"arr_dt": "1479417649", "direction": "0", "dep_dt": "1479418317", "route_id": "Red", "dwell_time_sec": "668"}, {"arr_dt": "1479418450", "direction": "0", "dep_dt": "1479418875", "route_id": "Red", "dwell_time_sec": "425"}, {"arr_dt": "1479419182", "direction": "0", "dep_dt": "1479419327", "route_id": "Red", "dwell_time_sec": "145"}, {"arr_dt": "1479419510", "direction": "0", "dep_dt": "1479419640", "route_id": "Red", "dwell_time_sec": "130"}, {"arr_dt": "1479419773", "direction": "0", "dep_dt": "1479419880", "route_id": "Red", "dwell_time_sec": "107"}, {"arr_dt": "1479420005", "direction": "0", "dep_dt": "1479420100", "route_id": "Red", "dwell_time_sec": "95"}, {"arr_dt": "1479420196", "direction": "0", "dep_dt": "1479420289", "route_id": "Red", "dwell_time_sec": "93"}, {"arr_dt": "1479420402", "direction": "0", "dep_dt": "1479420501", "route_id": "Red", "dwell_time_sec": "99"}, {"arr_dt": "1479420600", "direction": "0", "dep_dt": "1479420701", "route_id": "Red", "dwell_time_sec": "101"}, {"arr_dt": "1479420813", "direction": "0", "dep_dt": "1479420921", "route_id": "Red", "dwell_time_sec": "108"}, {"arr_dt": "1479421306", "direction": "0", "dep_dt": "1479421430", "route_id": "Red", "dwell_time_sec": "124"}, {"arr_dt": "1479421534", "direction": "0", "dep_dt": "1479421650", "route_id": "Red", "dwell_time_sec": "116"}, {"arr_dt": "1479421906", "direction": "0", "dep_dt": "1479422017", "route_id": "Red", "dwell_time_sec": "111"}, {"arr_dt": "1479422276", "direction": "0", "dep_dt": "1479422422", "route_id": "Red", "dwell_time_sec": "146"}, {"arr_dt": "1479422514", "direction": "0", "dep_dt": "1479422636", "route_id": "Red", "dwell_time_sec": "122"}, {"arr_dt": "1479422940", "direction": "0", "dep_dt": "1479423062", "route_id": "Red", "dwell_time_sec": "122"}, {"arr_dt": "1479423174", "direction": "0", "dep_dt": "1479423290", "route_id": "Red", "dwell_time_sec": "116"}, {"arr_dt": "1479423408", "direction": "0", "dep_dt": "1479423489", "route_id": "Red", "dwell_time_sec": "81"}, {"arr_dt": "1479423647", "direction": "0", "dep_dt": "1479423743", "route_id": "Red", "dwell_time_sec": "96"}, {"arr_dt": "1479423832", "direction": "0", "dep_dt": "1479423938", "route_id": "Red", "dwell_time_sec": "106"}, {"arr_dt": "1479424045", "direction": "0", "dep_dt": "1479424149", "route_id": "Red", "dwell_time_sec": "104"}, {"arr_dt": "1479424421", "direction": "0", "dep_dt": "1479424547", "route_id": "Red", "dwell_time_sec": "126"}, {"arr_dt": "1479424631", "direction": "0", "dep_dt": "1479424754", "route_id": "Red", "dwell_time_sec": "123"}, {"arr_dt": "1479424851", "direction": "0", "dep_dt": "1479424949", "route_id": "Red", "dwell_time_sec": "98"}, {"arr_dt": "1479425048", "direction": "0", "dep_dt": "1479425149", "route_id": "Red", "dwell_time_sec": "101"}, {"arr_dt": "1479425416", "direction": "0", "dep_dt": "1479425499", "route_id": "Red", "dwell_time_sec": "83"}, {"arr_dt": "1479425618", "direction": "0", "dep_dt": "1479425727", "route_id": "Red", "dwell_time_sec": "109"}, {"arr_dt": "1479425845", "direction": "0", "dep_dt": "1479425956", "route_id": "Red", "dwell_time_sec": "111"}, {"arr_dt": "1479426042", "direction": "0", "dep_dt": "1479426257", "route_id": "Red", "dwell_time_sec": "215"}, {"arr_dt": "1479426443", "direction": "0", "dep_dt": "1479426559", "route_id": "Red", "dwell_time_sec": "116"}, {"arr_dt": "1479426666", "direction": "0", "dep_dt": "1479426766", "route_id": "Red", "dwell_time_sec": "100"}, {"arr_dt": "1479426930", "direction": "0", "dep_dt": "1479427045", "route_id": "Red", "dwell_time_sec": "115"}, {"arr_dt": "1479427142", "direction": "0", "dep_dt": "1479427221", "route_id": "Red", "dwell_time_sec": "79"}, {"arr_dt": "1479427401", "direction": "0", "dep_dt": "1479427469", "route_id": "Red", "dwell_time_sec": "68"}, {"arr_dt": "1479427953", "direction": "0", "dep_dt": "1479428042", "route_id": "Red", "dwell_time_sec": "89"}, {"arr_dt": "1479428167", "direction": "0", "dep_dt": "1479428253", "route_id": "Red", "dwell_time_sec": "86"}, {"arr_dt": "1479428653", "direction": "0", "dep_dt": "1479428755", "route_id": "Red", "dwell_time_sec": "102"}, {"arr_dt": "1479428856", "direction": "0", "dep_dt": "1479428935", "route_id": "Red", "dwell_time_sec": "79"}, {"arr_dt": "1479429052", "direction": "0", "dep_dt": "1479429146", "route_id": "Red", "dwell_time_sec": "94"}, {"arr_dt": "1479429729", "direction": "0", "dep_dt": "1479429802", "route_id": "Red", "dwell_time_sec": "73"}, {"arr_dt": "1479430151", "direction": "0", "dep_dt": "1479430246", "route_id": "Red", "dwell_time_sec": "95"}, {"arr_dt": "1479430333", "direction": "0", "dep_dt": "1479430430", "route_id": "Red", "dwell_time_sec": "97"}, {"arr_dt": "1479430617", "direction": "0", "dep_dt": "1479430713", "route_id": "Red", "dwell_time_sec": "96"}, {"arr_dt": "1479430799", "direction": "0", "dep_dt": "1479430872", "route_id": "Red", "dwell_time_sec": "73"}, {"arr_dt": "1479431060", "direction": "0", "dep_dt": "1479431123", "route_id": "Red", "dwell_time_sec": "63"}, {"arr_dt": "1479431495", "direction": "0", "dep_dt": "1479431580", "route_id": "Red", "dwell_time_sec": "85"}, {"arr_dt": "1479431824", "direction": "0", "dep_dt": "1479431890", "route_id": "Red", "dwell_time_sec": "66"}, {"arr_dt": "1479432091", "direction": "0", "dep_dt": "1479432164", "route_id": "Red", "dwell_time_sec": "73"}, {"arr_dt": "1479432535", "direction": "0", "dep_dt": "1479432609", "route_id": "Red", "dwell_time_sec": "74"}, {"arr_dt": "1479432943", "direction": "0", "dep_dt": "1479433026", "route_id": "Red", "dwell_time_sec": "83"}, {"arr_dt": "1479433268", "direction": "0", "dep_dt": "1479433357", "route_id": "Red", "dwell_time_sec": "89"}, {"arr_dt": "1479433556", "direction": "0", "dep_dt": "1479433632", "route_id": "Red", "dwell_time_sec": "76"}, {"arr_dt": "1479433803", "direction": "0", "dep_dt": "1479433886", "route_id": "Red", "dwell_time_sec": "83"}, {"arr_dt": "1479434180", "direction": "0", "dep_dt": "1479434234", "route_id": "Red", "dwell_time_sec": "54"}, {"arr_dt": "1479434790", "direction": "0", "dep_dt": "1479434878", "route_id": "Red", "dwell_time_sec": "88"}, {"arr_dt": "1479434993", "direction": "0", "dep_dt": "1479435075", "route_id": "Red", "dwell_time_sec": "82"}, {"arr_dt": "1479435189", "direction": "0", "dep_dt": "1479435270", "route_id": "Red", "dwell_time_sec": "81"}, {"arr_dt": "1479435597", "direction": "0", "dep_dt": "1479435690", "route_id": "Red", "dwell_time_sec": "93"}, {"arr_dt": "1479436064", "direction": "0", "dep_dt": "1479436126", "route_id": "Red", "dwell_time_sec": "62"}, {"arr_dt": "1479436320", "direction": "0", "dep_dt": "1479436386", "route_id": "Red", "dwell_time_sec": "66"}, {"arr_dt": "1479436660", "direction": "0", "dep_dt": "1479436728", "route_id": "Red", "dwell_time_sec": "68"}, {"arr_dt": "1479437072", "direction": "0", "dep_dt": "1479437140", "route_id": "Red", "dwell_time_sec": "68"}, {"arr_dt": "1479437318", "direction": "0", "dep_dt": "1479437392", "route_id": "Red", "dwell_time_sec": "74"}, {"arr_dt": "1479437633", "direction": "0", "dep_dt": "1479437697", "route_id": "Red", "dwell_time_sec": "64"}, {"arr_dt": "1479439103", "direction": "0", "dep_dt": "1479439214", "route_id": "Red", "dwell_time_sec": "111"}, {"arr_dt": "1479439309", "direction": "0", "dep_dt": "1479439395", "route_id": "Red", "dwell_time_sec": "86"}, {"arr_dt": "1479439783", "direction": "0", "dep_dt": "1479439863", "route_id": "Red", "dwell_time_sec": "80"}, {"arr_dt": "1479440083", "direction": "0", "dep_dt": "1479440153", "route_id": "Red", "dwell_time_sec": "70"}, {"arr_dt": "1479440471", "direction": "0", "dep_dt": "1479440575", "route_id": "Red", "dwell_time_sec": "104"}, {"arr_dt": "1479440671", "direction": "0", "dep_dt": "1479440755", "route_id": "Red", "dwell_time_sec": "84"}, {"arr_dt": "1479440863", "direction": "0", "dep_dt": "1479440938", "route_id": "Red", "dwell_time_sec": "75"}, {"arr_dt": "1479441334", "direction": "0", "dep_dt": "1479441398", "route_id": "Red", "dwell_time_sec": "64"}, {"arr_dt": "1479441505", "direction": "0", "dep_dt": "1479441561", "route_id": "Red", "dwell_time_sec": "56"}, {"arr_dt": "1479441919", "direction": "0", "dep_dt": "1479441993", "route_id": "Red", "dwell_time_sec": "74"}, {"arr_dt": "1479442347", "direction": "0", "dep_dt": "1479442426", "route_id": "Red", "dwell_time_sec": "79"}, {"arr_dt": "1479442834", "direction": "0", "dep_dt": "1479442918", "route_id": "Red", "dwell_time_sec": "84"}, {"arr_dt": "1479443176", "direction": "0", "dep_dt": "1479443241", "route_id": "Red", "dwell_time_sec": "65"}, {"arr_dt": "1479443537", "direction": "0", "dep_dt": "1479443607", "route_id": "Red", "dwell_time_sec": "70"}, {"arr_dt": "1479443888", "direction": "0", "dep_dt": "1479443954", "route_id": "Red", "dwell_time_sec": "66"}, {"arr_dt": "1479444090", "direction": "0", "dep_dt": "1479444162", "route_id": "Red", "dwell_time_sec": "72"}, {"arr_dt": "1479444475", "direction": "0", "dep_dt": "1479444539", "route_id": "Red", "dwell_time_sec": "64"}, {"arr_dt": "1479444839", "direction": "0", "dep_dt": "1479444893", "route_id": "Red", "dwell_time_sec": "54"}, {"arr_dt": "1479445059", "direction": "0", "dep_dt": "1479445130", "route_id": "Red", "dwell_time_sec": "71"}]}