{"dwell_times": [{"arr_dt": "1475380848", "direction": "0", "dep_dt": "1475380939", "route_id": "Red", "dwell_time_sec": "91"}, {"arr_dt": "1475381235", "direction": "0", "dep_dt": "1475381306", "route_id": "Red", "dwell_time_sec": "71"}, {"arr_dt": "1475381795", "direction": "0", "dep_dt": "1475381866", "route_id": "Red", "dwell_time_sec": "71"}, {"arr_dt": "1475382059", "direction": "0", "dep_dt": "1475382133", "route_id": "Red", "dwell_time_sec": "74"}, {"arr_dt": "1475382576", "direction": "0", "dep_dt": "1475382649", "route_id": "Red", "dwell_time_sec": "73"}, {"arr_dt": "1475382778", "direction": "0", "dep_dt": "1475382841", "route_id": "Red", "dwell_time_sec": "63"}, {"arr_dt": "1475384159", "direction": "0", "dep_dt": "1475385524", "route_id": "Red", "dwell_time_sec": "1365"}, {"arr_dt": "1475403554", "direction": "0", "dep_dt": "1475403630", "route_id": "Red", "dwell_time_sec": "76"}, {"arr_dt": "1475403931", "direction": "0", "dep_dt": "1475403991", "route_id": "Red", "dwell_time_sec": "60"}, {"arr_dt": "1475404362", "direction": "0", "dep_dt": "1475404425", "route_id": "Red", "dwell_time_sec": "63"}, {"arr_dt": "1475404902", "direction": "0", "dep_dt": "1475404964", "route_id": "Red", "dwell_time_sec": "62"}, {"arr_dt": "1475405457", "direction": "0", "dep_dt": "1475405517", "route_id": "Red", "dwell_time_sec": "60"}, {"arr_dt": "1475405999", "direction": "0", "dep_dt": "1475406063", "route_id": "Red", "dwell_time_sec": "64"}, {"arr_dt": "1475406282", "direction": "0", "dep_dt": "1475406346", "route_id": "Red", "dwell_time_sec": "64"}, {"arr_dt": "1475406930", "direction": "0", "dep_dt": "1475406992", "route_id": "Red", "dwell_time_sec": "62"}, {"arr_dt": "1475407207", "direction": "0", "dep_dt": "1475407266", "route_id": "Red", "dwell_time_sec": "59"}, {"arr_dt": "1475407628", "direction": "0", "dep_dt": "1475407695", "route_id": "Red", "dwell_time_sec": "67"}, {"arr_dt": "1475408096", "direction": "0", "dep_dt": "1475408159", "route_id": "Red", "dwell_time_sec": "63"}, {"arr_dt": "1475408625", "direction": "0", "dep_dt": "1475408690", "route_id": "Red", "dwell_time_sec": "65"}, {"arr_dt": "1475409075", "direction": "0", "dep_dt": "1475409140", "route_id": "Red", "dwell_time_sec": "65"}, {"arr_dt": "1475409493", "direction": "0", "dep_dt": "1475409549", "route_id": "Red", "dwell_time_sec": "56"}, {"arr_dt": "1475409961", "direction": "0", "dep_dt": "1475410033", "route_id": "Red", "dwell_time_sec": "72"}, {"arr_dt": "1475410388", "direction": "0", "dep_dt": "1475410447", "route_id": "Red", "dwell_time_sec": "59"}, {"arr_dt": "1475410821", "direction": "0", "dep_dt": "1475410900", "route_id": "Red", "dwell_time_sec": "79"}, {"arr_dt": "1475411321", "direction": "0", "dep_dt": "1475411389", "route_id": "Red", "dwell_time_sec": "68"}, {"arr_dt": "1475411771", "direction": "0", "dep_dt": "1475411842", "route_id": "Red", "dwell_time_sec": "71"}, {"arr_dt": "1475412280", "direction": "0", "dep_dt": "1475412352", "route_id": "Red", "dwell_time_sec": "72"}, {"arr_dt": "1475412739", "direction": "0", "dep_dt": "1475412803", "route_id": "Red", "dwell_time_sec": "64"}, {"arr_dt": "1475413069", "direction": "0", "dep_dt": "1475413140", "route_id": "Red", "dwell_time_sec": "71"}, {"arr_dt": "1475413517", "direction": "0", "dep_dt": "1475413584", "route_id": "Red", "dwell_time_sec": "67"}, {"arr_dt": "1475413971", "direction": "0", "dep_dt": "1475414039", "route_id": "Red", "dwell_time_sec": "68"}, {"arr_dt": "1475414516", "direction": "0", "dep_dt": "1475414591", "route_id": "Red", "dwell_time_sec": "75"}, {"arr_dt": "1475414860", "direction": "0", "dep_dt": "1475414924", "route_id": "Red", "dwell_time_sec": "64"}, {"arr_dt": "1475415438", "direction": "0", "dep_dt": "1475415555", "route_id": "Red", "dwell_time_sec": "117"}, {"arr_dt": "1475415786", "direction": "0", "dep_dt": "1475415853", "route_id": "Red", "dwell_time_sec": "67"}, {"arr_dt": "1475416302", "direction": "0", "dep_dt": "1475416376", "route_id": "Red", "dwell_time_sec": "74"}, {"arr_dt": "1475416752", "direction": "0", "dep_dt": "1475416821", "route_id": "Red", "dwell_time_sec": "69"}, {"arr_dt": "1475417168", "direction": "0", "dep_dt": "1475417237", "route_id": "Red", "dwell_time_sec": "69"}, {"arr_dt": "1475417759", "direction": "0", "dep_dt": "1475417834", "route_id": "Red", "dwell_time_sec": "75"}, {"arr_dt": "1475418221", "direction": "0", "dep_dt": "1475418308", "route_id": "Red", "dwell_time_sec": "87"}, {"arr_dt": "1475418657", "direction": "0", "dep_dt": "1475418728", "route_id": "Red", "dwell_time_sec": "71"}, {"arr_dt": "1475419028", "direction": "0", "dep_dt": "1475419098", "route_id": "Red", "dwell_time_sec": "70"}, {"arr_dt": "1475419487", "direction": "0", "dep_dt": "1475419570", "route_id": "Red", "dwell_time_sec": "83"}, {"arr_dt": "1475420071", "direction": "0", "dep_dt": "1475420153", "route_id": "Red", "dwell_time_sec": "82"}, {"arr_dt": "1475420481", "direction": "0", "dep_dt": "1475420558", "route_id": "Red", "dwell_time_sec": "77"}, {"arr_dt": "1475420931", "direction": "0", "dep_dt": "1475421000", "route_id": "Red", "dwell_time_sec": "69"}, {"arr_dt": "1475421328", "direction": "0", "dep_dt": "1475421401", "route_id": "Red", "dwell_time_sec": "73"}, {"arr_dt": "1475421849", "direction": "0", "dep_dt": "1475421924", "route_id": "Red", "dwell_time_sec": "75"}, {"arr_dt": "1475422293", "direction": "0", "dep_dt": "1475422360", "route_id": "Red", "dwell_time_sec": "67"}, {"arr_dt": "1475422863", "direction": "0", "dep_dt": "1475422945", "route_id": "Red", "dwell_time_sec": "82"}, {"arr_dt": "1475423179", "direction": "0", "dep_dt": "1475423256", "route_id": "Red", "dwell_time_sec": "77"}, {"arr_dt": "1475423870", "direction": "0", "dep_dt": "1475423951", "route_id": "Red", "dwell_time_sec": "81"}, {"arr_dt": "1475424154", "direction": "0", "dep_dt": "1475424232", "route_id": "Red", "dwell_time_sec": "78"}, {"arr_dt": "1475424877", "direction": "0", "dep_dt": "1475425007", "route_id": "Red", "dwell_time_sec": "130"}, {"arr_dt": "1475425190", "direction": "0", "dep_dt": "1475425260", "route_id": "Red", "dwell_time_sec": "70"}, {"arr_dt": "1475425751", "direction": "0", "dep_dt": "1475425829", "route_id": "Red", "dwell_time_sec": "78"}, {"arr_dt": "1475426185", "direction": "0", "dep_dt": "1475426256", "route_id": "Red", "dwell_time_sec": "71"}, {"arr_dt": "1475426356", "direction": "0", "dep_dt": "1475426430", "route_id": "Red", "dwell_time_sec": "74"}, {"arr_dt": "1475426980", "direction": "0", "dep_dt": "1475427063", "route_id": "Red", "dwell_time_sec": "83"}, {"arr_dt": "1475427376", "direction": "0", "dep_dt": "1475427457", "route_id": "Red", "dwell_time_sec": "81"}, {"arr_dt": "1475427759", "direction": "0", "dep_dt": "1475427829", "route_id": "Red", "dwell_time_sec": "70"}, {"arr_dt": "1475428371", "direction": "0", "dep_dt": "1475428477", "route_id": "Red", "dwell_time_sec": "106"}, {"arr_dt": "1475428814", "direction": "0", "dep_dt": "1475428888", "route_id": "Red", "dwell_time_sec": "74"}, {"arr_dt": "1475429325", "direction": "0", "dep_dt": "1475429409", "route_id": "Red", "dwell_time_sec": "84"}, {"arr_dt": "1475429682", "direction": "0", "dep_dt": "1475429764", "route_id": "Red", "dwell_time_sec": "82"}, {"arr_dt": "1475429948", "direction": "0", "dep_dt": "1475430022", "route_id": "Red", "dwell_time_sec": "74"}, {"arr_dt": "1475430630", "direction": "0", "dep_dt": "1475430714", "route_id": "Red", "dwell_time_sec": "84"}, {"arr_dt": "1475430826", "direction": "0", "dep_dt": "1475430894", "route_id": "Red", "dwell_time_sec": "68"}, {"arr_dt": "1475431298", "direction": "0", "dep_dt": "1475431374", "route_id": "Red", "dwell_time_sec": "76"}, {"arr_dt": "1475431881", "direction": "0", "dep_dt": "1475431948", "route_id": "Red", "dwell_time_sec": "67"}, {"arr_dt": "1475432388", "direction": "0", "dep_dt": "1475432457", "route_id": "Red", "dwell_time_sec": "69"}, {"arr_dt": "1475432954", "direction": "0", "dep_dt": "1475433062", "route_id": "Red", "dwell_time_sec": "108"}, {"arr_dt": "1475433519", "direction": "0", "dep_dt": "1475433588", "route_id": "Red", "dwell_time_sec": "69"}, {"arr_dt": "1475434057", "direction": "0", "dep_dt": "1475434128", "route_id": "Red", "dwell_time_sec": "71"}, {"arr_dt": "1475434369", "direction": "0", "dep_dt": "1475434434", "route_id": "Red", "dwell_time_sec": "65"}, {"arr_dt": "1475434792", "direction": "0", "dep_dt": "1475434870", "route_id": "Red", "dwell_time_sec": "78"}, {"arr_dt": "1475435157", "direction": "0", "dep_dt": "1475435245", "route_id": "Red", "dwell_time_sec": "88"}, {"arr_dt": "1475435469", "direction": "0", "dep_dt": "1475435533", "route_id": "Red", "dwell_time_sec": "64"}, {"arr_dt": "1475436146", "direction": "0", "dep_dt": "1475436357", "route_id": "Red", "dwell_time_sec": "211"}, {"arr_dt": "1475436441", "direction": "0", "dep_dt": "1475436545", "route_id": "Red", "dwell_time_sec": "104"}, {"arr_dt": "1475436780", "direction": "0", "dep_dt": "1475436861", "route_id": "Red", "dwell_time_sec": "81"}, {"arr_dt": "1475437206", "direction": "0", "dep_dt": "1475437271", "route_id": "Red", "dwell_time_sec": "65"}, {"arr_dt": "1475437661", "direction": "0", "dep_dt": "1475437776", "route_id": "Red", "dwell_time_sec": "115"}, {"arr_dt": "1475438454", "direction": "0", "dep_dt": "1475438538", "route_id": "Red", "dwell_time_sec": "84"}, {"arr_dt": "1475438902", "direction": "0", "dep_dt": "1475438977", "route_id": "Red", "dwell_time_sec": "75"}, {"arr_dt": "1475439312", "direction": "0", "dep_dt": "1475439523", "route_id": "Red", "dwell_time_sec": "211"}, {"arr_dt": "1475439730", "direction": "0", "dep_dt": "1475439821", "route_id": "Red", "dwell_time_sec": "91"}, {"arr_dt": "1475440171", "direction": "0", "dep_dt": "1475440253", "route_id": "Red", "dwell_time_sec": "82"}, {"arr_dt": "1475440523", "direction": "0", "dep_dt": "1475440584", "route_id": "Red", "dwell_time_sec": "61"}, {"arr_dt": "1475441243", "direction": "0", "dep_dt": "1475441324", "route_id": "Red", "dwell_time_sec": "81"}, {"arr_dt": "1475441488", "direction": "0", "dep_dt": "1475441555", "route_id": "Red", "dwell_time_sec": "67"}, {"arr_dt": "1475441909", "direction": "0", "dep_dt": "1475441996", "route_id": "Red", "dwell_time_sec": "87"}, {"arr_dt": "1475442352", "direction": "0", "dep_dt": "1475442448", "route_id": "Red", "dwell_time_sec": "96"}, {"arr_dt": "1475442677", "direction": "0", "dep_dt": "1475442739", "route_id": "Red", "dwell_time_sec": "62"}, {"arr_dt": "1475443112", "direction": "0", "dep_dt": "1475443186", "route_id": "Red", "dwell_time_sec": "74"}, {"arr_dt": "1475443835", "direction": "0", "dep_dt": "1475443989", "route_id": "Red", "dwell_time_sec": "154"}, {"arr_dt": "1475444751", "direction": "0", "dep_dt": "1475444824", "route_id": "Red", "dwell_time_sec": "73"}, {"arr_dt": "1475444993", "direction": "0", "dep_dt": "1475445073", "route_id": "Red", "dwell_time_sec": "80"}, {"arr_dt": "1475445298", "direction": "0", "dep_dt": "1475445365", "route_id": "Red", "dwell_time_sec": "67"}, {"arr_dt": "1475445818", "direction": "0", "dep_dt": "1475445890", "route_id": "Red", "dwell_time_sec": "72"}, {"arr_dt": "1475446408", "direction": "0", "dep_dt": "1475446489", "route_id": "Red", "dwell_time_sec": "81"}, {"arr_dt": "1475446857", "direction": "0", "dep_dt": "1475446925", "route_id": "Red", "dwell_time_sec": "68"}, {"arr_dt": "1475447339", "direction": "0", "dep_dt": "1475447431", "route_id": "Red", "dwell_time_sec": "92"}, {"arr_dt": "1475447666", "direction": "0", "dep_dt": "1475447768", "route_id": "Red", "dwell_time_sec": "102"}, {"arr_dt": "1475447906", "direction": "0", "dep_dt": "1475447961", "route_id": "Red", "dwell_time_sec": "55"}, {"arr_dt": "1475448282", "direction": "0", "dep_dt": "1475448515", "route_id": "Red", "dwell_time_sec": "233"}, {"arr_dt": "1475448813", "direction": "0", "dep_dt": "1475448881", "route_id": "Red", "dwell_time_sec": "68"}, {"arr_dt": "1475449336", "direction": "0", "dep_dt": "1475449421", "route_id": "Red", "dwell_time_sec": "85"}, {"arr_dt": "1475449813", "direction": "0", "dep_dt": "1475449917", "route_id": "Red", "dwell_time_sec": "104"}, {"arr_dt": "1475450255", "direction": "0", "dep_dt": "1475450327", "route_id": "Red", "dwell_time_sec": "72"}, {"arr_dt": "1475450503", "direction": "0", "dep_dt": "1475450570", "route_id": "Red", "dwell_time_sec": "67"}, {"arr_dt": "1475450958", "direction": "0", "dep_dt": "1475451199", "route_id": "Red", "dwell_time_sec": "241"}, {"arr_dt": "1475451422", "direction": "0", "dep_dt": "1475451505", "route_id": "Red", "dwell_time_sec": "83"}, {"arr_dt": "1475451928", "direction": "0", "dep_dt": "1475452002", "route_id": "Red", "dwell_time_sec": "74"}, {"arr_dt": "1475452368", "direction": "0", "dep_dt": "1475452471", "route_id": "Red", "dwell_time_sec": "103"}, {"arr_dt": "1475452757", "direction": "0", "dep_dt": "1475452831", "route_id": "Red", "dwell_time_sec": "74"}, {"arr_dt": "1475453261", "direction": "0", "dep_dt": "1475453338", "route_id": "Red", "dwell_time_sec": "77"}, {"arr_dt": "1475453723", "direction": "0", "dep_dt": "1475453780", "route_id": "Red", "dwell_time_sec": "57"}, {"arr_dt": "1475454145", "direction": "0", "dep_dt": "1475454210", "route_id": "Red", "dwell_time_sec": "65"}, {"arr_dt": "1475454609", "direction": "0", "dep_dt": "1475454666", "route_id": "Red", "dwell_time_sec": "57"}, {"arr_dt": "1475455001", "direction": "0", "dep_dt": "1475455069", "route_id": "Red", "dwell_time_sec": "68"}, {"arr_dt": "1475455484", "direction": "0", "dep_dt": "1475455569", "route_id": "Red", "dwell_time_sec": "85"}, {"arr_dt": "1475455997", "direction": "0", "dep_dt": "1475456060", "route_id": "Red", "dwell_time_sec": "63"}, {"arr_dt": "1475456327", "direction": "0", "dep_dt": "1475456385", "route_id": "Red", "dwell_time_sec": "58"}, {"arr_dt": "1475456915", "direction": "0", "dep_dt": "1475456995", "route_id": "Red", "dwell_time_sec": "80"}, {"arr_dt": "1475457276", "direction": "0", "dep_dt": "1475457353", "route_id": "Red", "dwell_time_sec": "77"}, {"arr_dt": "1475458021", "direction": "0", "dep_dt": "1475458119", "route_id": "Red", "dwell_time_sec": "98"}, {"arr_dt": "1475458267", "direction": "0", "dep_dt": "1475458325", "route_id": "Red", "dwell_time_sec": "58"}, {"arr_dt": "1475458558", "direction": "0", "dep_dt": "1475458613", "route_id": "Red", "dwell_time_sec": "55"}, {"arr_dt": "1475459030", "direction": "0", "dep_dt": "1475459091", "route_id": "Red", "dwell_time_sec": "61"}, {"arr_dt": "1475459855", "direction": "0", "dep_dt": "1475459916", "route_id": "Red", "dwell_time_sec": "61"}, {"arr_dt": "1475460543", "direction": "0", "dep_dt": "1475460620", "route_id": "Red", "dwell_time_sec": "77"}, {"arr_dt": "1475461234", "direction": "0", "dep_dt": "1475461310", "route_id": "Red", "dwell_time_sec": "76"}, {"arr_dt": "1475461405", "direction": "0", "dep_dt": "1475461479", "route_id": "Red", "dwell_time_sec": "74"}, {"arr_dt": "1475462060", "direction": "0", "dep_dt": "1475462137", "route_id": "Red", "dwell_time_sec": "77"}, {"arr_dt": "1475462731", "direction": "0", "dep_dt": "1475462864", "route_id": "Red", "dwell_time_sec": "133"}, {"arr_dt": "1475462973", "direction": "0", "dep_dt": "1475463067", "route_id": "Red", "dwell_time_sec": "94"}, {"arr_dt": "1475463450", "direction": "0", "dep_dt": "1475463514", "route_id": "Red", "dwell_time_sec": "64"}, {"arr_dt": "1475463728", "direction": "0", "dep_dt": "1475463786", "route_id": "Red", "dwell_time_sec": "58"}, {"arr_dt": "1475464110", "direction": "0", "dep_dt": "1475464170", "route_id": "Red", "dwell_time_sec": "60"}, {"arr_dt": "1475464563", "direction": "0", "dep_dt": "1475464631", "route_id": "Red", "dwell_time_sec": "68"}, {"arr_dt": "1475465065", "direction": "0", "dep_dt": "1475465137", "route_id": "Red", "dwell_time_sec": "72"}, {"arr_dt": "1475465483", "direction": "0", "dep_dt": "1475465538", "route_id": "Red", "dwell_time_sec": "55"}, {"arr_dt": "1475466093", "direction": "0", "dep_dt": "1475466159", "route_id": "Red", "dwell_time_sec": "66"}, {"arr_dt": "1475466704", "direction": "0", "dep_dt": "1475466780", "route_id": "Red", "dwell_time_sec": "76"}, {"arr_dt": "1475466944", "direction": "0", "dep_dt": "1475467003", "route_id": "Red", "dwell_time_sec": "59"}]}