{"dwell_times": [{"arr_dt": "1464494443", "direction": "0", "dep_dt": "1464494526", "route_id": "Red", "dwell_time_sec": "83"}, {"arr_dt": "1464495082", "direction": "0", "dep_dt": "1464495152", "route_id": "Red", "dwell_time_sec": "70"}, {"arr_dt": "1464495385", "direction": "0", "dep_dt": "1464495447", "route_id": "Red", "dwell_time_sec": "62"}, {"arr_dt": "1464495886", "direction": "0", "dep_dt": "1464495952", "route_id": "Red", "dwell_time_sec": "66"}, {"arr_dt": "1464496456", "direction": "0", "dep_dt": "1464496535", "route_id": "Red", "dwell_time_sec": "79"}, {"arr_dt": "1464496648", "direction": "0", "dep_dt": "1464496723", "route_id": "Red", "dwell_time_sec": "75"}, {"arr_dt": "1464496918", "direction": "0", "dep_dt": "1464496981", "route_id": "Red", "dwell_time_sec": "63"}, {"arr_dt": "1464497819", "direction": "0", "dep_dt": "1464499554", "route_id": "Red", "dwell_time_sec": "1735"}, {"arr_dt": "1464517022", "direction": "0", "dep_dt": "1464517084", "route_id": "Red", "dwell_time_sec": "62"}, {"arr_dt": "1464517559", "direction": "0", "dep_dt": "1464517619", "route_id": "Red", "dwell_time_sec": "60"}, {"arr_dt": "1464518033", "direction": "0", "dep_dt": "1464518117", "route_id": "Red", "dwell_time_sec": "84"}, {"arr_dt": "1464518502", "direction": "0", "dep_dt": "1464518564", "route_id": "Red", "dwell_time_sec": "62"}, {"arr_dt": "1464518972", "direction": "0", "dep_dt": "1464519036", "route_id": "Red", "dwell_time_sec": "64"}, {"arr_dt": "1464519524", "direction": "0", "dep_dt": "1464519581", "route_id": "Red", "dwell_time_sec": "57"}, {"arr_dt": "1464519898", "direction": "0", "dep_dt": "1464519970", "route_id": "Red", "dwell_time_sec": "72"}, {"arr_dt": "1464520390", "direction": "0", "dep_dt": "1464520452", "route_id": "Red", "dwell_time_sec": "62"}, {"arr_dt": "1464520797", "direction": "0", "dep_dt": "1464520853", "route_id": "Red", "dwell_time_sec": "56"}, {"arr_dt": "1464521426", "direction": "0", "dep_dt": "1464521522", "route_id": "Red", "dwell_time_sec": "96"}, {"arr_dt": "1464521839", "direction": "0", "dep_dt": "1464521904", "route_id": "Red", "dwell_time_sec": "65"}, {"arr_dt": "1464522258", "direction": "0", "dep_dt": "1464522318", "route_id": "Red", "dwell_time_sec": "60"}, {"arr_dt": "1464522664", "direction": "0", "dep_dt": "1464522724", "route_id": "Red", "dwell_time_sec": "60"}, {"arr_dt": "1464523179", "direction": "0", "dep_dt": "1464523250", "route_id": "Red", "dwell_time_sec": "71"}, {"arr_dt": "1464523701", "direction": "0", "dep_dt": "1464523766", "route_id": "Red", "dwell_time_sec": "65"}, {"arr_dt": "1464524072", "direction": "0", "dep_dt": "1464524135", "route_id": "Red", "dwell_time_sec": "63"}, {"arr_dt": "1464524749", "direction": "0", "dep_dt": "1464524816", "route_id": "Red", "dwell_time_sec": "67"}, {"arr_dt": "1464525036", "direction": "0", "dep_dt": "1464525102", "route_id": "Red", "dwell_time_sec": "66"}, {"arr_dt": "1464525475", "direction": "0", "dep_dt": "1464525533", "route_id": "Red", "dwell_time_sec": "58"}, {"arr_dt": "1464526144", "direction": "0", "dep_dt": "1464526215", "route_id": "Red", "dwell_time_sec": "71"}, {"arr_dt": "1464526411", "direction": "0", "dep_dt": "1464526467", "route_id": "Red", "dwell_time_sec": "56"}, {"arr_dt": "1464526897", "direction": "0", "dep_dt": "1464526962", "route_id": "Red", "dwell_time_sec": "65"}, {"arr_dt": "1464527431", "direction": "0", "dep_dt": "1464527498", "route_id": "Red", "dwell_time_sec": "67"}, {"arr_dt": "1464527922", "direction": "0", "dep_dt": "1464527989", "route_id": "Red", "dwell_time_sec": "67"}, {"arr_dt": "1464528261", "direction": "0", "dep_dt": "1464528343", "route_id": "Red", "dwell_time_sec": "82"}, {"arr_dt": "1464528771", "direction": "0", "dep_dt": "1464528836", "route_id": "Red", "dwell_time_sec": "65"}, {"arr_dt": "1464529298", "direction": "0", "dep_dt": "1464529358", "route_id": "Red", "dwell_time_sec": "60"}, {"arr_dt": "1464529679", "direction": "0", "dep_dt": "1464529758", "route_id": "Red", "dwell_time_sec": "79"}, {"arr_dt": "1464530175", "direction": "0", "dep_dt": "1464530238", "route_id": "Red", "dwell_time_sec": "63"}, {"arr_dt": "1464530683", "direction": "0", "dep_dt": "1464530742", "route_id": "Red", "dwell_time_sec": "59"}, {"arr_dt": "1464531138", "direction": "0", "dep_dt": "1464531233", "route_id": "Red", "dwell_time_sec": "95"}, {"arr_dt": "1464531606", "direction": "0", "dep_dt": "1464531673", "route_id": "Red", "dwell_time_sec": "67"}, {"arr_dt": "1464532185", "direction": "0", "dep_dt": "1464532262", "route_id": "Red", "dwell_time_sec": "77"}, {"arr_dt": "1464532969", "direction": "0", "dep_dt": "1464533069", "route_id": "Red", "dwell_time_sec": "100"}, {"arr_dt": "1464533171", "direction": "0", "dep_dt": "1464533239", "route_id": "Red", "dwell_time_sec": "68"}, {"arr_dt": "1464533570", "direction": "0", "dep_dt": "1464533695", "route_id": "Red", "dwell_time_sec": "125"}, {"arr_dt": "1464534045", "direction": "0", "dep_dt": "1464534112", "route_id": "Red", "dwell_time_sec": "67"}, {"arr_dt": "1464534794", "direction": "0", "dep_dt": "1464534883", "route_id": "Red", "dwell_time_sec": "89"}, {"arr_dt": "1464534981", "direction": "0", "dep_dt": "1464535054", "route_id": "Red", "dwell_time_sec": "73"}, {"arr_dt": "1464535441", "direction": "0", "dep_dt": "1464535518", "route_id": "Red", "dwell_time_sec": "77"}, {"arr_dt": "1464535866", "direction": "0", "dep_dt": "1464535926", "route_id": "Red", "dwell_time_sec": "60"}, {"arr_dt": "1464536385", "direction": "0", "dep_dt": "1464536464", "route_id": "Red", "dwell_time_sec": "79"}, {"arr_dt": "1464536794", "direction": "0", "dep_dt": "1464536860", "route_id": "Red", "dwell_time_sec": "66"}, {"arr_dt": "1464537379", "direction": "0", "dep_dt": "1464537452", "route_id": "Red", "dwell_time_sec": "73"}, {"arr_dt": "1464537744", "direction": "0", "dep_dt": "1464537819", "route_id": "Red", "dwell_time_sec": "75"}, {"arr_dt": "1464538082", "direction": "0", "dep_dt": "1464538145", "route_id": "Red", "dwell_time_sec": "63"}, {"arr_dt": "1464538618", "direction": "0", "dep_dt": "1464538684", "route_id": "Red", "dwell_time_sec": "66"}, {"arr_dt": "1464539052", "direction": "0", "dep_dt": "1464539147", "route_id": "Red", "dwell_time_sec": "95"}, {"arr_dt": "1464539628", "direction": "0", "dep_dt": "1464539705", "route_id": "Red", "dwell_time_sec": "77"}, {"arr_dt": "1464540171", "direction": "0", "dep_dt": "1464540287", "route_id": "Red", "dwell_time_sec": "116"}, {"arr_dt": "1464540584", "direction": "0", "dep_dt": "1464540660", "route_id": "Red", "dwell_time_sec": "76"}, {"arr_dt": "1464541140", "direction": "0", "dep_dt": "1464541218", "route_id": "Red", "dwell_time_sec": "78"}, {"arr_dt": "1464541460", "direction": "0", "dep_dt": "1464541529", "route_id": "Red", "dwell_time_sec": "69"}, {"arr_dt": "1464541997", "direction": "0", "dep_dt": "1464542069", "route_id": "Red", "dwell_time_sec": "72"}, {"arr_dt": "1464542352", "direction": "0", "dep_dt": "1464542471", "route_id": "Red", "dwell_time_sec": "119"}, {"arr_dt": "1464543117", "direction": "0", "dep_dt": "1464543204", "route_id": "Red", "dwell_time_sec": "87"}, {"arr_dt": "1464543309", "direction": "0", "dep_dt": "1464543402", "route_id": "Red", "dwell_time_sec": "93"}, {"arr_dt": "1464543650", "direction": "0", "dep_dt": "1464543715", "route_id": "Red", "dwell_time_sec": "65"}, {"arr_dt": "1464544176", "direction": "0", "dep_dt": "1464544245", "route_id": "Red", "dwell_time_sec": "69"}, {"arr_dt": "1464544626", "direction": "0", "dep_dt": "1464544714", "route_id": "Red", "dwell_time_sec": "88"}, {"arr_dt": "1464545106", "direction": "0", "dep_dt": "1464545184", "route_id": "Red", "dwell_time_sec": "78"}, {"arr_dt": "1464545580", "direction": "0", "dep_dt": "1464545667", "route_id": "Red", "dwell_time_sec": "87"}, {"arr_dt": "1464546093", "direction": "0", "dep_dt": "1464546170", "route_id": "Red", "dwell_time_sec": "77"}, {"arr_dt": "1464546736", "direction": "0", "dep_dt": "1464546818", "route_id": "Red", "dwell_time_sec": "82"}, {"arr_dt": "1464546983", "direction": "0", "dep_dt": "1464547048", "route_id": "Red", "dwell_time_sec": "65"}, {"arr_dt": "1464547699", "direction": "0", "dep_dt": "1464547790", "route_id": "Red", "dwell_time_sec": "91"}, {"arr_dt": "1464548146", "direction": "0", "dep_dt": "1464548212", "route_id": "Red", "dwell_time_sec": "66"}, {"arr_dt": "1464548543", "direction": "0", "dep_dt": "1464548610", "route_id": "Red", "dwell_time_sec": "67"}, {"arr_dt": "1464549155", "direction": "0", "dep_dt": "1464549257", "route_id": "Red", "dwell_time_sec": "102"}, {"arr_dt": "1464549698", "direction": "0", "dep_dt": "1464549791", "route_id": "Red", "dwell_time_sec": "93"}, {"arr_dt": "1464550454", "direction": "0", "dep_dt": "1464550520", "route_id": "Red", "dwell_time_sec": "66"}, {"arr_dt": "1464550718", "direction": "0", "dep_dt": "1464550789", "route_id": "Red", "dwell_time_sec": "71"}, {"arr_dt": "1464551019", "direction": "0", "dep_dt": "1464551094", "route_id": "Red", "dwell_time_sec": "75"}, {"arr_dt": "1464551294", "direction": "0", "dep_dt": "1464551368", "route_id": "Red", "dwell_time_sec": "74"}, {"arr_dt": "1464551765", "direction": "0", "dep_dt": "1464551917", "route_id": "Red", "dwell_time_sec": "152"}, {"arr_dt": "1464552232", "direction": "0", "dep_dt": "1464552313", "route_id": "Red", "dwell_time_sec": "81"}, {"arr_dt": "1464552783", "direction": "0", "dep_dt": "1464552857", "route_id": "Red", "dwell_time_sec": "74"}, {"arr_dt": "1464553479", "direction": "0", "dep_dt": "1464553564", "route_id": "Red", "dwell_time_sec": "85"}, {"arr_dt": "1464553662", "direction": "0", "dep_dt": "1464553774", "route_id": "Red", "dwell_time_sec": "112"}, {"arr_dt": "1464554178", "direction": "0", "dep_dt": "1464554270", "route_id": "Red", "dwell_time_sec": "92"}, {"arr_dt": "1464554501", "direction": "0", "dep_dt": "1464554585", "route_id": "Red", "dwell_time_sec": "84"}, {"arr_dt": "1464555098", "direction": "0", "dep_dt": "1464555191", "route_id": "Red", "dwell_time_sec": "93"}, {"arr_dt": "1464555665", "direction": "0", "dep_dt": "1464555734", "route_id": "Red", "dwell_time_sec": "69"}, {"arr_dt": "1464555901", "direction": "0", "dep_dt": "1464555961", "route_id": "Red", "dwell_time_sec": "60"}, {"arr_dt": "1464556497", "direction": "0", "dep_dt": "1464556609", "route_id": "Red", "dwell_time_sec": "112"}, {"arr_dt": "1464557054", "direction": "0", "dep_dt": "1464557126", "route_id": "Red", "dwell_time_sec": "72"}, {"arr_dt": "1464557624", "direction": "0", "dep_dt": "1464557702", "route_id": "Red", "dwell_time_sec": "78"}, {"arr_dt": "1464557801", "direction": "0", "dep_dt": "1464557872", "route_id": "Red", "dwell_time_sec": "71"}, {"arr_dt": "1464558156", "direction": "0", "dep_dt": "1464558226", "route_id": "Red", "dwell_time_sec": "70"}, {"arr_dt": "1464558530", "direction": "0", "dep_dt": "1464558619", "route_id": "Red", "dwell_time_sec": "89"}, {"arr_dt": "1464559049", "direction": "0", "dep_dt": "1464559149", "route_id": "Red", "dwell_time_sec": "100"}, {"arr_dt": "1464559653", "direction": "0", "dep_dt": "1464559754", "route_id": "Red", "dwell_time_sec": "101"}, {"arr_dt": "1464559938", "direction": "0", "dep_dt": "1464560011", "route_id": "Red", "dwell_time_sec": "73"}, {"arr_dt": "1464560442", "direction": "0", "dep_dt": "1464560514", "route_id": "Red", "dwell_time_sec": "72"}, {"arr_dt": "1464560948", "direction": "0", "dep_dt": "1464561119", "route_id": "Red", "dwell_time_sec": "171"}, {"arr_dt": "1464561418", "direction": "0", "dep_dt": "1464561508", "route_id": "Red", "dwell_time_sec": "90"}, {"arr_dt": "1464561746", "direction": "0", "dep_dt": "1464561806", "route_id": "Red", "dwell_time_sec": "60"}, {"arr_dt": "1464562444", "direction": "0", "dep_dt": "1464562507", "route_id": "Red", "dwell_time_sec": "63"}, {"arr_dt": "1464563253", "direction": "0", "dep_dt": "1464563360", "route_id": "Red", "dwell_time_sec": "107"}, {"arr_dt": "1464563499", "direction": "0", "dep_dt": "1464563598", "route_id": "Red", "dwell_time_sec": "99"}, {"arr_dt": "1464563787", "direction": "0", "dep_dt": "1464563873", "route_id": "Red", "dwell_time_sec": "86"}, {"arr_dt": "1464564291", "direction": "0", "dep_dt": "1464564384", "route_id": "Red", "dwell_time_sec": "93"}, {"arr_dt": "1464564603", "direction": "0", "dep_dt": "1464564665", "route_id": "Red", "dwell_time_sec": "62"}, {"arr_dt": "1464565322", "direction": "0", "dep_dt": "1464565468", "route_id": "Red", "dwell_time_sec": "146"}, {"arr_dt": "1464565633", "direction": "0", "dep_dt": "1464565710", "route_id": "Red", "dwell_time_sec": "77"}, {"arr_dt": "1464566260", "direction": "0", "dep_dt": "1464566348", "route_id": "Red", "dwell_time_sec": "88"}, {"arr_dt": "1464566555", "direction": "0", "dep_dt": "1464566623", "route_id": "Red", "dwell_time_sec": "68"}, {"arr_dt": "1464567069", "direction": "0", "dep_dt": "1464567147", "route_id": "Red", "dwell_time_sec": "78"}, {"arr_dt": "1464567434", "direction": "0", "dep_dt": "1464567509", "route_id": "Red", "dwell_time_sec": "75"}, {"arr_dt": "1464568072", "direction": "0", "dep_dt": "1464568163", "route_id": "Red", "dwell_time_sec": "91"}, {"arr_dt": "1464568316", "direction": "0", "dep_dt": "1464568363", "route_id": "Red", "dwell_time_sec": "47"}, {"arr_dt": "1464568857", "direction": "0", "dep_dt": "1464568931", "route_id": "Red", "dwell_time_sec": "74"}, {"arr_dt": "1464569223", "direction": "0", "dep_dt": "1464569285", "route_id": "Red", "dwell_time_sec": "62"}, {"arr_dt": "1464569751", "direction": "0", "dep_dt": "1464569848", "route_id": "Red", "dwell_time_sec": "97"}, {"arr_dt": "1464570091", "direction": "0", "dep_dt": "1464570163", "route_id": "Red", "dwell_time_sec": "72"}, {"arr_dt": "1464570671", "direction": "0", "dep_dt": "1464570743", "route_id": "Red", "dwell_time_sec": "72"}, {"arr_dt": "1464571083", "direction": "0", "dep_dt": "1464571155", "route_id": "Red", "dwell_time_sec": "72"}, {"arr_dt": "1464571498", "direction": "0", "dep_dt": "1464571560", "route_id": "Red", "dwell_time_sec": "62"}, {"arr_dt": "1464572298", "direction": "0", "dep_dt": "1464572375", "route_id": "Red", "dwell_time_sec": "77"}, {"arr_dt": "1464572760", "direction": "0", "dep_dt": "1464572833", "route_id": "Red", "dwell_time_sec": "73"}, {"arr_dt": "1464572940", "direction": "0", "dep_dt": "1464573001", "route_id": "Red", "dwell_time_sec": "61"}, {"arr_dt": "1464573572", "direction": "0", "dep_dt": "1464573642", "route_id": "Red", "dwell_time_sec": "70"}, {"arr_dt": "1464574141", "direction": "0", "dep_dt": "1464574864", "route_id": "Red", "dwell_time_sec": "723"}, {"arr_dt": "1464576018", "direction": "0", "dep_dt": "1464576092", "route_id": "Red", "dwell_time_sec": "74"}, {"arr_dt": "1464576220", "direction": "0", "dep_dt": "1464576283", "route_id": "Red", "dwell_time_sec": "63"}, {"arr_dt": "1464576387", "direction": "0", "dep_dt": "1464576454", "route_id": "Red", "dwell_time_sec": "67"}, {"arr_dt": "1464576555", "direction": "0", "dep_dt": "1464576654", "route_id": "Red", "dwell_time_sec": "99"}, {"arr_dt": "1464577067", "direction": "0", "dep_dt": "1464577146", "route_id": "Red", "dwell_time_sec": "79"}, {"arr_dt": "1464577403", "direction": "0", "dep_dt": "1464577455", "route_id": "Red", "dwell_time_sec": "52"}, {"arr_dt": "1464577819", "direction": "0", "dep_dt": "1464577888", "route_id": "Red", "dwell_time_sec": "69"}, {"arr_dt": "1464578241", "direction": "0", "dep_dt": "1464578302", "route_id": "Red", "dwell_time_sec": "61"}, {"arr_dt": "1464578919", "direction": "0", "dep_dt": "1464579002", "route_id": "Red", "dwell_time_sec": "83"}, {"arr_dt": "1464579443", "direction": "0", "dep_dt": "1464579491", "route_id": "Red", "dwell_time_sec": "48"}, {"arr_dt": "1464579712", "direction": "0", "dep_dt": "1464579770", "route_id": "Red", "dwell_time_sec": "58"}, {"arr_dt": "1464580565", "direction": "0", "dep_dt": "1464580646", "route_id": "Red", "dwell_time_sec": "81"}]}