{"dwell_times": [{"arr_dt": "1459224587", "direction": "0", "dep_dt": "1459224676", "route_id": "Red", "dwell_time_sec": "89"}, {"arr_dt": "1459224992", "direction": "0", "dep_dt": "1459225044", "route_id": "Red", "dwell_time_sec": "52"}, {"arr_dt": "1459225745", "direction": "0", "dep_dt": "1459225803", "route_id": "Red", "dwell_time_sec": "58"}, {"arr_dt": "1459226335", "direction": "0", "dep_dt": "1459226391", "route_id": "Red", "dwell_time_sec": "56"}, {"arr_dt": "1459226627", "direction": "0", "dep_dt": "1459226706", "route_id": "Red", "dwell_time_sec": "79"}, {"arr_dt": "1459227173", "direction": "0", "dep_dt": "1459228874", "route_id": "Red", "dwell_time_sec": "1701"}, {"arr_dt": "1459244062", "direction": "0", "dep_dt": "1459244126", "route_id": "Red", "dwell_time_sec": "64"}, {"arr_dt": "1459244582", "direction": "0", "dep_dt": "1459244652", "route_id": "Red", "dwell_time_sec": "70"}, {"arr_dt": "1459244810", "direction": "0", "dep_dt": "1459244874", "route_id": "Red", "dwell_time_sec": "64"}, {"arr_dt": "1459245277", "direction": "0", "dep_dt": "1459245335", "route_id": "Red", "dwell_time_sec": "58"}, {"arr_dt": "1459245628", "direction": "0", "dep_dt": "1459245686", "route_id": "Red", "dwell_time_sec": "58"}, {"arr_dt": "1459246168", "direction": "0", "dep_dt": "1459246232", "route_id": "Red", "dwell_time_sec": "64"}, {"arr_dt": "1459246942", "direction": "0", "dep_dt": "1459247044", "route_id": "Red", "dwell_time_sec": "102"}, {"arr_dt": "1459247300", "direction": "0", "dep_dt": "1459247363", "route_id": "Red", "dwell_time_sec": "63"}, {"arr_dt": "1459247564", "direction": "0", "dep_dt": "1459247637", "route_id": "Red", "dwell_time_sec": "73"}, {"arr_dt": "1459248130", "direction": "0", "dep_dt": "1459248196", "route_id": "Red", "dwell_time_sec": "66"}, {"arr_dt": "1459248302", "direction": "0", "dep_dt": "1459248389", "route_id": "Red", "dwell_time_sec": "87"}, {"arr_dt": "1459248498", "direction": "0", "dep_dt": "1459248550", "route_id": "Red", "dwell_time_sec": "52"}, {"arr_dt": "1459249006", "direction": "0", "dep_dt": "1459249080", "route_id": "Red", "dwell_time_sec": "74"}, {"arr_dt": "1459249234", "direction": "0", "dep_dt": "1459249297", "route_id": "Red", "dwell_time_sec": "63"}, {"arr_dt": "1459249472", "direction": "0", "dep_dt": "1459249533", "route_id": "Red", "dwell_time_sec": "61"}, {"arr_dt": "1459250057", "direction": "0", "dep_dt": "1459250170", "route_id": "Red", "dwell_time_sec": "113"}, {"arr_dt": "1459250262", "direction": "0", "dep_dt": "1459250336", "route_id": "Red", "dwell_time_sec": "74"}, {"arr_dt": "1459250458", "direction": "0", "dep_dt": "1459250538", "route_id": "Red", "dwell_time_sec": "80"}, {"arr_dt": "1459250786", "direction": "0", "dep_dt": "1459250876", "route_id": "Red", "dwell_time_sec": "90"}, {"arr_dt": "1459250961", "direction": "0", "dep_dt": "1459251107", "route_id": "Red", "dwell_time_sec": "146"}, {"arr_dt": "1459251198", "direction": "0", "dep_dt": "1459251280", "route_id": "Red", "dwell_time_sec": "82"}, {"arr_dt": "1459251432", "direction": "0", "dep_dt": "1459251526", "route_id": "Red", "dwell_time_sec": "94"}, {"arr_dt": "1459251928", "direction": "0", "dep_dt": "1459252019", "route_id": "Red", "dwell_time_sec": "91"}, {"arr_dt": "1459252139", "direction": "0", "dep_dt": "1459252220", "route_id": "Red", "dwell_time_sec": "81"}, {"arr_dt": "1459252328", "direction": "0", "dep_dt": "1459252417", "route_id": "Red", "dwell_time_sec": "89"}, {"arr_dt": "1459252508", "direction": "0", "dep_dt": "1459252594", "route_id": "Red", "dwell_time_sec": "86"}, {"arr_dt": "1459252692", "direction": "0", "dep_dt": "1459252769", "route_id": "Red", "dwell_time_sec": "77"}, {"arr_dt": "1459252851", "direction": "0", "dep_dt": "1459252953", "route_id": "Red", "dwell_time_sec": "102"}, {"arr_dt": "1459253086", "direction": "0", "dep_dt": "1459253188", "route_id": "Red", "dwell_time_sec": "102"}, {"arr_dt": "1459253270", "direction": "0", "dep_dt": "1459253380", "route_id": "Red", "dwell_time_sec": "110"}, {"arr_dt": "1459253483", "direction": "0", "dep_dt": "1459253572", "route_id": "Red", "dwell_time_sec": "89"}, {"arr_dt": "1459253661", "direction": "0", "dep_dt": "1459253744", "route_id": "Red", "dwell_time_sec": "83"}, {"arr_dt": "1459253968", "direction": "0", "dep_dt": "1459254055", "route_id": "Red", "dwell_time_sec": "87"}, {"arr_dt": "1459254166", "direction": "0", "dep_dt": "1459254282", "route_id": "Red", "dwell_time_sec": "116"}, {"arr_dt": "1459254407", "direction": "0", "dep_dt": "1459254501", "route_id": "Red", "dwell_time_sec": "94"}, {"arr_dt": "1459254633", "direction": "0", "dep_dt": "1459254707", "route_id": "Red", "dwell_time_sec": "74"}, {"arr_dt": "1459254987", "direction": "0", "dep_dt": "1459255115", "route_id": "Red", "dwell_time_sec": "128"}, {"arr_dt": "1459255226", "direction": "0", "dep_dt": "1459255399", "route_id": "Red", "dwell_time_sec": "173"}, {"arr_dt": "1459255546", "direction": "0", "dep_dt": "1459255653", "route_id": "Red", "dwell_time_sec": "107"}, {"arr_dt": "1459255756", "direction": "0", "dep_dt": "1459255853", "route_id": "Red", "dwell_time_sec": "97"}, {"arr_dt": "1459255950", "direction": "0", "dep_dt": "1459256047", "route_id": "Red", "dwell_time_sec": "97"}, {"arr_dt": "1459256248", "direction": "0", "dep_dt": "1459256353", "route_id": "Red", "dwell_time_sec": "105"}, {"arr_dt": "1459256522", "direction": "0", "dep_dt": "1459256592", "route_id": "Red", "dwell_time_sec": "70"}, {"arr_dt": "1459256775", "direction": "0", "dep_dt": "1459256857", "route_id": "Red", "dwell_time_sec": "82"}, {"arr_dt": "1459256969", "direction": "0", "dep_dt": "1459257078", "route_id": "Red", "dwell_time_sec": "109"}, {"arr_dt": "1459257180", "direction": "0", "dep_dt": "1459257265", "route_id": "Red", "dwell_time_sec": "85"}, {"arr_dt": "1459257664", "direction": "0", "dep_dt": "1459257780", "route_id": "Red", "dwell_time_sec": "116"}, {"arr_dt": "1459257852", "direction": "0", "dep_dt": "1459257943", "route_id": "Red", "dwell_time_sec": "91"}, {"arr_dt": "1459258072", "direction": "0", "dep_dt": "1459258151", "route_id": "Red", "dwell_time_sec": "79"}, {"arr_dt": "1459258252", "direction": "0", "dep_dt": "1459258328", "route_id": "Red", "dwell_time_sec": "76"}, {"arr_dt": "1459258429", "direction": "0", "dep_dt": "1459258543", "route_id": "Red", "dwell_time_sec": "114"}, {"arr_dt": "1459258828", "direction": "0", "dep_dt": "1459258925", "route_id": "Red", "dwell_time_sec": "97"}, {"arr_dt": "1459258999", "direction": "0", "dep_dt": "1459259175", "route_id": "Red", "dwell_time_sec": "176"}, {"arr_dt": "1459259266", "direction": "0", "dep_dt": "1459259338", "route_id": "Red", "dwell_time_sec": "72"}, {"arr_dt": "1459259444", "direction": "0", "dep_dt": "1459259530", "route_id": "Red", "dwell_time_sec": "86"}, {"arr_dt": "1459259674", "direction": "0", "dep_dt": "1459259743", "route_id": "Red", "dwell_time_sec": "69"}, {"arr_dt": "1459259853", "direction": "0", "dep_dt": "1459259926", "route_id": "Red", "dwell_time_sec": "73"}, {"arr_dt": "1459260137", "direction": "0", "dep_dt": "1459260207", "route_id": "Red", "dwell_time_sec": "70"}, {"arr_dt": "1459260305", "direction": "0", "dep_dt": "1459260393", "route_id": "Red", "dwell_time_sec": "88"}, {"arr_dt": "1459260698", "direction": "0", "dep_dt": "1459260769", "route_id": "Red", "dwell_time_sec": "71"}, {"arr_dt": "1459260914", "direction": "0", "dep_dt": "1459260996", "route_id": "Red", "dwell_time_sec": "82"}, {"arr_dt": "1459261117", "direction": "0", "dep_dt": "1459261194", "route_id": "Red", "dwell_time_sec": "77"}, {"arr_dt": "1459261341", "direction": "0", "dep_dt": "1459261408", "route_id": "Red", "dwell_time_sec": "67"}, {"arr_dt": "1459261560", "direction": "0", "dep_dt": "1459261649", "route_id": "Red", "dwell_time_sec": "89"}, {"arr_dt": "1459261772", "direction": "0", "dep_dt": "1459261832", "route_id": "Red", "dwell_time_sec": "60"}, {"arr_dt": "1459262016", "direction": "0", "dep_dt": "1459262074", "route_id": "Red", "dwell_time_sec": "58"}, {"arr_dt": "1459262203", "direction": "0", "dep_dt": "1459262290", "route_id": "Red", "dwell_time_sec": "87"}, {"arr_dt": "1459262571", "direction": "0", "dep_dt": "1459262639", "route_id": "Red", "dwell_time_sec": "68"}, {"arr_dt": "1459262941", "direction": "0", "dep_dt": "1459263027", "route_id": "Red", "dwell_time_sec": "86"}, {"arr_dt": "1459263117", "direction": "0", "dep_dt": "1459263189", "route_id": "Red", "dwell_time_sec": "72"}, {"arr_dt": "1459263402", "direction": "0", "dep_dt": "1459263485", "route_id": "Red", "dwell_time_sec": "83"}, {"arr_dt": "1459263597", "direction": "0", "dep_dt": "1459263654", "route_id": "Red", "dwell_time_sec": "57"}, {"arr_dt": "1459263957", "direction": "0", "dep_dt": "1459264045", "route_id": "Red", "dwell_time_sec": "88"}, {"arr_dt": "1459264383", "direction": "0", "dep_dt": "1459264454", "route_id": "Red", "dwell_time_sec": "71"}, {"arr_dt": "1459264854", "direction": "0", "dep_dt": "1459264924", "route_id": "Red", "dwell_time_sec": "70"}, {"arr_dt": "1459265308", "direction": "0", "dep_dt": "1459265385", "route_id": "Red", "dwell_time_sec": "77"}, {"arr_dt": "1459265826", "direction": "0", "dep_dt": "1459265921", "route_id": "Red", "dwell_time_sec": "95"}, {"arr_dt": "1459266414", "direction": "0", "dep_dt": "1459266523", "route_id": "Red", "dwell_time_sec": "109"}, {"arr_dt": "1459266751", "direction": "0", "dep_dt": "1459266823", "route_id": "Red", "dwell_time_sec": "72"}, {"arr_dt": "1459267521", "direction": "0", "dep_dt": "1459267596", "route_id": "Red", "dwell_time_sec": "75"}, {"arr_dt": "1459267801", "direction": "0", "dep_dt": "1459267876", "route_id": "Red", "dwell_time_sec": "75"}, {"arr_dt": "1459268243", "direction": "0", "dep_dt": "1459268319", "route_id": "Red", "dwell_time_sec": "76"}, {"arr_dt": "1459268521", "direction": "0", "dep_dt": "1459268581", "route_id": "Red", "dwell_time_sec": "60"}, {"arr_dt": "1459268990", "direction": "0", "dep_dt": "1459269049", "route_id": "Red", "dwell_time_sec": "59"}, {"arr_dt": "1459269505", "direction": "0", "dep_dt": "1459269574", "route_id": "Red", "dwell_time_sec": "69"}, {"arr_dt": "1459269804", "direction": "0", "dep_dt": "1459269868", "route_id": "Red", "dwell_time_sec": "64"}, {"arr_dt": "1459270266", "direction": "0", "dep_dt": "1459270334", "route_id": "Red", "dwell_time_sec": "68"}, {"arr_dt": "1459270736", "direction": "0", "dep_dt": "1459270810", "route_id": "Red", "dwell_time_sec": "74"}, {"arr_dt": "1459271126", "direction": "0", "dep_dt": "1459271208", "route_id": "Red", "dwell_time_sec": "82"}, {"arr_dt": "1459271526", "direction": "0", "dep_dt": "1459271609", "route_id": "Red", "dwell_time_sec": "83"}, {"arr_dt": "1459272017", "direction": "0", "dep_dt": "1459272104", "route_id": "Red", "dwell_time_sec": "87"}, {"arr_dt": "1459272369", "direction": "0", "dep_dt": "1459272446", "route_id": "Red", "dwell_time_sec": "77"}, {"arr_dt": "1459272801", "direction": "0", "dep_dt": "1459272869", "route_id": "Red", "dwell_time_sec": "68"}, {"arr_dt": "1459273085", "direction": "0", "dep_dt": "1459273166", "route_id": "Red", "dwell_time_sec": "81"}, {"arr_dt": "1459273350", "direction": "0", "dep_dt": "1459273419", "route_id": "Red", "dwell_time_sec": "69"}, {"arr_dt": "1459274049", "direction": "0", "dep_dt": "1459274150", "route_id": "Red", "dwell_time_sec": "101"}, {"arr_dt": "1459274436", "direction": "0", "dep_dt": "1459274513", "route_id": "Red", "dwell_time_sec": "77"}, {"arr_dt": "1459274791", "direction": "0", "dep_dt": "1459274861", "route_id": "Red", "dwell_time_sec": "70"}, {"arr_dt": "1459275261", "direction": "0", "dep_dt": "1459275340", "route_id": "Red", "dwell_time_sec": "79"}, {"arr_dt": "1459275996", "direction": "0", "dep_dt": "1459276107", "route_id": "Red", "dwell_time_sec": "111"}, {"arr_dt": "1459276188", "direction": "0", "dep_dt": "1459276267", "route_id": "Red", "dwell_time_sec": "79"}, {"arr_dt": "1459276465", "direction": "0", "dep_dt": "1459276549", "route_id": "Red", "dwell_time_sec": "84"}, {"arr_dt": "1459276755", "direction": "0", "dep_dt": "1459276825", "route_id": "Red", "dwell_time_sec": "70"}, {"arr_dt": "1459277199", "direction": "0", "dep_dt": "1459277276", "route_id": "Red", "dwell_time_sec": "77"}, {"arr_dt": "1459277745", "direction": "0", "dep_dt": "1459277826", "route_id": "Red", "dwell_time_sec": "81"}, {"arr_dt": "1459278586", "direction": "0", "dep_dt": "1459278681", "route_id": "Red", "dwell_time_sec": "95"}, {"arr_dt": "1459279278", "direction": "0", "dep_dt": "1459279766", "route_id": "Red", "dwell_time_sec": "488"}, {"arr_dt": "1459280030", "direction": "0", "dep_dt": "1459280127", "route_id": "Red", "dwell_time_sec": "97"}, {"arr_dt": "1459280291", "direction": "0", "dep_dt": "1459280408", "route_id": "Red", "dwell_time_sec": "117"}, {"arr_dt": "1459280744", "direction": "0", "dep_dt": "1459280839", "route_id": "Red", "dwell_time_sec": "95"}, {"arr_dt": "1459281567", "direction": "0", "dep_dt": "1459281692", "route_id": "Red", "dwell_time_sec": "125"}, {"arr_dt": "1459281858", "direction": "0", "dep_dt": "1459281967", "route_id": "Red", "dwell_time_sec": "109"}, {"arr_dt": "1459282104", "direction": "0", "dep_dt": "1459282212", "route_id": "Red", "dwell_time_sec": "108"}, {"arr_dt": "1459282318", "direction": "0", "dep_dt": "1459282413", "route_id": "Red", "dwell_time_sec": "95"}, {"arr_dt": "1459282680", "direction": "0", "dep_dt": "1459282765", "route_id": "Red", "dwell_time_sec": "85"}, {"arr_dt": "1459283073", "direction": "0", "dep_dt": "1459283160", "route_id": "Red", "dwell_time_sec": "87"}, {"arr_dt": "1459283418", "direction": "0", "dep_dt": "1459283529", "route_id": "Red", "dwell_time_sec": "111"}, {"arr_dt": "1459283890", "direction": "0", "dep_dt": "1459284007", "route_id": "Red", "dwell_time_sec": "117"}, {"arr_dt": "1459284109", "direction": "0", "dep_dt": "1459284223", "route_id": "Red", "dwell_time_sec": "114"}, {"arr_dt": "1459284381", "direction": "0", "dep_dt": "1459284468", "route_id": "Red", "dwell_time_sec": "87"}, {"arr_dt": "1459284755", "direction": "0", "dep_dt": "1459284869", "route_id": "Red", "dwell_time_sec": "114"}, {"arr_dt": "1459284963", "direction": "0", "dep_dt": "1459285055", "route_id": "Red", "dwell_time_sec": "92"}, {"arr_dt": "1459285253", "direction": "0", "dep_dt": "1459285343", "route_id": "Red", "dwell_time_sec": "90"}, {"arr_dt": "1459285448", "direction": "0", "dep_dt": "1459285538", "route_id": "Red", "dwell_time_sec": "90"}, {"arr_dt": "1459285631", "direction": "0", "dep_dt": "1459285722", "route_id": "Red", "dwell_time_sec": "91"}, {"arr_dt": "1459285897", "direction": "0", "dep_dt": "1459286004", "route_id": "Red", "dwell_time_sec": "107"}, {"arr_dt": "1459286343", "direction": "0", "dep_dt": "1459286486", "route_id": "Red", "dwell_time_sec": "143"}, {"arr_dt": "1459286617", "direction": "0", "dep_dt": "1459286734", "route_id": "Red", "dwell_time_sec": "117"}, {"arr_dt": "1459286828", "direction": "0", "dep_dt": "1459286957", "route_id": "Red", "dwell_time_sec": "129"}, {"arr_dt": "1459287045", "direction": "0", "dep_dt": "1459287148", "route_id": "Red", "dwell_time_sec": "103"}, {"arr_dt": "1459287293", "direction": "0", "dep_dt": "1459287407", "route_id": "Red", "dwell_time_sec": "114"}, {"arr_dt": "1459287493", "direction": "0", "dep_dt": "1459287598", "route_id": "Red", "dwell_time_sec": "105"}, {"arr_dt": "1459287790", "direction": "0", "dep_dt": "1459287887", "route_id": "Red", "dwell_time_sec": "97"}, {"arr_dt": "1459288054", "direction": "0", "dep_dt": "1459288166", "route_id": "Red", "dwell_time_sec": "112"}, {"arr_dt": "1459288418", "direction": "0", "dep_dt": "1459288526", "route_id": "Red", "dwell_time_sec": "108"}, {"arr_dt": "1459288633", "direction": "0", "dep_dt": "1459288716", "route_id": "Red", "dwell_time_sec": "83"}, {"arr_dt": "1459289072", "direction": "0", "dep_dt": "1459289182", "route_id": "Red", "dwell_time_sec": "110"}, {"arr_dt": "1459289312", "direction": "0", "dep_dt": "1459289387", "route_id": "Red", "dwell_time_sec": "75"}, {"arr_dt": "1459289493", "direction": "0", "dep_dt": "1459289577", "route_id": "Red", "dwell_time_sec": "84"}, {"arr_dt": "1459289701", "direction": "0", "dep_dt": "1459289780", "route_id": "Red", "dwell_time_sec": "79"}, {"arr_dt": "1459290360", "direction": "0", "dep_dt": "1459290448", "route_id": "Red", "dwell_time_sec": "88"}, {"arr_dt": "1459290578", "direction": "0", "dep_dt": "1459290696", "route_id": "Red", "dwell_time_sec": "118"}, {"arr_dt": "1459290821", "direction": "0", "dep_dt": "1459290902", "route_id": "Red", "dwell_time_sec": "81"}, {"arr_dt": "1459291004", "direction": "0", "dep_dt": "1459291076", "route_id": "Red", "dwell_time_sec": "72"}, {"arr_dt": "1459291325", "direction": "0", "dep_dt": "1459291415", "route_id": "Red", "dwell_time_sec": "90"}, {"arr_dt": "1459291709", "direction": "0", "dep_dt": "1459291797", "route_id": "Red", "dwell_time_sec": "88"}, {"arr_dt": "1459292072", "direction": "0", "dep_dt": "1459292156", "route_id": "Red", "dwell_time_sec": "84"}, {"arr_dt": "1459292256", "direction": "0", "dep_dt": "1459292352", "route_id": "Red", "dwell_time_sec": "96"}, {"arr_dt": "1459292555", "direction": "0", "dep_dt": "1459292645", "route_id": "Red", "dwell_time_sec": "90"}, {"arr_dt": "1459292790", "direction": "0", "dep_dt": "1459292871", "route_id": "Red", "dwell_time_sec": "81"}, {"arr_dt": "1459292989", "direction": "0", "dep_dt": "1459293070", "route_id": "Red", "dwell_time_sec": "81"}, {"arr_dt": "1459293172", "direction": "0", "dep_dt": "1459293255", "route_id": "Red", "dwell_time_sec": "83"}, {"arr_dt": "1459293367", "direction": "0", "dep_dt": "1459293445", "route_id": "Red", "dwell_time_sec": "78"}, {"arr_dt": "1459293566", "direction": "0", "dep_dt": "1459293644", "route_id": "Red", "dwell_time_sec": "78"}, {"arr_dt": "1459293912", "direction": "0", "dep_dt": "1459293992", "route_id": "Red", "dwell_time_sec": "80"}, {"arr_dt": "1459294108", "direction": "0", "dep_dt": "1459294222", "route_id": "Red", "dwell_time_sec": "114"}, {"arr_dt": "1459294399", "direction": "0", "dep_dt": "1459294478", "route_id": "Red", "dwell_time_sec": "79"}, {"arr_dt": "1459294581", "direction": "0", "dep_dt": "1459294663", "route_id": "Red", "dwell_time_sec": "82"}, {"arr_dt": "1459294762", "direction": "0", "dep_dt": "1459294838", "route_id": "Red", "dwell_time_sec": "76"}, {"arr_dt": "1459294961", "direction": "0", "dep_dt": "1459295025", "route_id": "Red", "dwell_time_sec": "64"}, {"arr_dt": "1459295258", "direction": "0", "dep_dt": "1459295335", "route_id": "Red", "dwell_time_sec": "77"}, {"arr_dt": "1459295475", "direction": "0", "dep_dt": "1459295562", "route_id": "Red", "dwell_time_sec": "87"}, {"arr_dt": "1459295712", "direction": "0", "dep_dt": "1459295798", "route_id": "Red", "dwell_time_sec": "86"}, {"arr_dt": "1459296175", "direction": "0", "dep_dt": "1459296250", "route_id": "Red", "dwell_time_sec": "75"}, {"arr_dt": "1459296423", "direction": "0", "dep_dt": "1459296506", "route_id": "Red", "dwell_time_sec": "83"}, {"arr_dt": "1459296753", "direction": "0", "dep_dt": "1459296836", "route_id": "Red", "dwell_time_sec": "83"}, {"arr_dt": "1459296970", "direction": "0", "dep_dt": "1459297058", "route_id": "Red", "dwell_time_sec": "88"}, {"arr_dt": "1459297271", "direction": "0", "dep_dt": "1459297345", "route_id": "Red", "dwell_time_sec": "74"}, {"arr_dt": "1459297544", "direction": "0", "dep_dt": "1459297613", "route_id": "Red", "dwell_time_sec": "69"}, {"arr_dt": "1459297959", "direction": "0", "dep_dt": "1459298032", "route_id": "Red", "dwell_time_sec": "73"}, {"arr_dt": "1459298247", "direction": "0", "dep_dt": "1459298321", "route_id": "Red", "dwell_time_sec": "74"}, {"arr_dt": "1459298681", "direction": "0", "dep_dt": "1459298743", "route_id": "Red", "dwell_time_sec": "62"}, {"arr_dt": "1459299206", "direction": "0", "dep_dt": "1459299285", "route_id": "Red", "dwell_time_sec": "79"}, {"arr_dt": "1459299449", "direction": "0", "dep_dt": "1459299541", "route_id": "Red", "dwell_time_sec": "92"}, {"arr_dt": "1459299733", "direction": "0", "dep_dt": "1459299801", "route_id": "Red", "dwell_time_sec": "68"}, {"arr_dt": "1459300263", "direction": "0", "dep_dt": "1459300358", "route_id": "Red", "dwell_time_sec": "95"}, {"arr_dt": "1459300740", "direction": "0", "dep_dt": "1459300813", "route_id": "Red", "dwell_time_sec": "73"}, {"arr_dt": "1459300955", "direction": "0", "dep_dt": "1459301027", "route_id": "Red", "dwell_time_sec": "72"}, {"arr_dt": "1459301249", "direction": "0", "dep_dt": "1459301318", "route_id": "Red", "dwell_time_sec": "69"}, {"arr_dt": "1459301703", "direction": "0", "dep_dt": "1459301805", "route_id": "Red", "dwell_time_sec": "102"}, {"arr_dt": "1459301958", "direction": "0", "dep_dt": "1459302034", "route_id": "Red", "dwell_time_sec": "76"}, {"arr_dt": "1459302318", "direction": "0", "dep_dt": "1459302399", "route_id": "Red", "dwell_time_sec": "81"}, {"arr_dt": "1459302721", "direction": "0", "dep_dt": "1459302785", "route_id": "Red", "dwell_time_sec": "64"}, {"arr_dt": "1459303178", "direction": "0", "dep_dt": "1459303258", "route_id": "Red", "dwell_time_sec": "80"}, {"arr_dt": "1459303502", "direction": "0", "dep_dt": "1459303576", "route_id": "Red", "dwell_time_sec": "74"}, {"arr_dt": "1459303747", "direction": "0", "dep_dt": "1459303816", "route_id": "Red", "dwell_time_sec": "69"}, {"arr_dt": "1459304265", "direction": "0", "dep_dt": "1459304360", "route_id": "Red", "dwell_time_sec": "95"}, {"arr_dt": "1459304453", "direction": "0", "dep_dt": "1459304546", "route_id": "Red", "dwell_time_sec": "93"}, {"arr_dt": "1459304744", "direction": "0", "dep_dt": "1459304812", "route_id": "Red", "dwell_time_sec": "68"}, {"arr_dt": "1459305039", "direction": "0", "dep_dt": "1459305138", "route_id": "Red", "dwell_time_sec": "99"}, {"arr_dt": "1459305499", "direction": "0", "dep_dt": "1459305562", "route_id": "Red", "dwell_time_sec": "63"}, {"arr_dt": "1459305895", "direction": "0", "dep_dt": "1459305958", "route_id": "Red", "dwell_time_sec": "63"}, {"arr_dt": "1459306601", "direction": "0", "dep_dt": "1459306672", "route_id": "Red", "dwell_time_sec": "71"}, {"arr_dt": "1459306826", "direction": "0", "dep_dt": "1459307109", "route_id": "Red", "dwell_time_sec": "283"}, {"arr_dt": "1459307360", "direction": "0", "dep_dt": "1459307438", "route_id": "Red", "dwell_time_sec": "78"}, {"arr_dt": "1459307610", "direction": "0", "dep_dt": "1459307678", "route_id": "Red", "dwell_time_sec": "68"}, {"arr_dt": "1459307938", "direction": "0", "dep_dt": "1459308008", "route_id": "Red", "dwell_time_sec": "70"}, {"arr_dt": "1459308537", "direction": "0", "dep_dt": "1459308601", "route_id": "Red", "dwell_time_sec": "64"}, {"arr_dt": "1459308804", "direction": "0", "dep_dt": "1459308866", "route_id": "Red", "dwell_time_sec": "62"}, {"arr_dt": "1459309054", "direction": "0", "dep_dt": "1459309102", "route_id": "Red", "dwell_time_sec": "48"}, {"arr_dt": "1459309431", "direction": "0", "dep_dt": "1459309493", "route_id": "Red", "dwell_time_sec": "62"}, {"arr_dt": "1459309932", "direction": "0", "dep_dt": "1459310004", "route_id": "Red", "dwell_time_sec": "72"}, {"arr_dt": "1459310214", "direction": "0", "dep_dt": "1459310275", "route_id": "Red", "dwell_time_sec": "61"}]}