{"dwell_times": [{"arr_dt": "1471492822", "direction": "0", "dep_dt": "1471492887", "route_id": "Red", "dwell_time_sec": "65"}, {"arr_dt": "1471493214", "direction": "0", "dep_dt": "1471493304", "route_id": "Red", "dwell_time_sec": "90"}, {"arr_dt": "1471493579", "direction": "0", "dep_dt": "1471493646", "route_id": "Red", "dwell_time_sec": "67"}, {"arr_dt": "1471494062", "direction": "0", "dep_dt": "1471494135", "route_id": "Red", "dwell_time_sec": "73"}, {"arr_dt": "1471494706", "direction": "0", "dep_dt": "1471494775", "route_id": "Red", "dwell_time_sec": "69"}, {"arr_dt": "1471494880", "direction": "0", "dep_dt": "1471494944", "route_id": "Red", "dwell_time_sec": "64"}, {"arr_dt": "1471496234", "direction": "0", "dep_dt": "1471497513", "route_id": "Red", "dwell_time_sec": "1279"}, {"arr_dt": "1471512800", "direction": "0", "dep_dt": "1471512864", "route_id": "Red", "dwell_time_sec": "64"}, {"arr_dt": "1471513357", "direction": "0", "dep_dt": "1471513427", "route_id": "Red", "dwell_time_sec": "70"}, {"arr_dt": "1471513578", "direction": "0", "dep_dt": "1471513633", "route_id": "Red", "dwell_time_sec": "55"}, {"arr_dt": "1471514077", "direction": "0", "dep_dt": "1471514130", "route_id": "Red", "dwell_time_sec": "53"}, {"arr_dt": "1471514454", "direction": "0", "dep_dt": "1471514516", "route_id": "Red", "dwell_time_sec": "62"}, {"arr_dt": "1471515040", "direction": "0", "dep_dt": "1471515110", "route_id": "Red", "dwell_time_sec": "70"}, {"arr_dt": "1471515615", "direction": "0", "dep_dt": "1471515712", "route_id": "Red", "dwell_time_sec": "97"}, {"arr_dt": "1471516134", "direction": "0", "dep_dt": "1471516209", "route_id": "Red", "dwell_time_sec": "75"}, {"arr_dt": "1471516490", "direction": "0", "dep_dt": "1471516544", "route_id": "Red", "dwell_time_sec": "54"}, {"arr_dt": "1471516651", "direction": "0", "dep_dt": "1471516719", "route_id": "Red", "dwell_time_sec": "68"}, {"arr_dt": "1471516856", "direction": "0", "dep_dt": "1471516920", "route_id": "Red", "dwell_time_sec": "64"}, {"arr_dt": "1471517289", "direction": "0", "dep_dt": "1471517356", "route_id": "Red", "dwell_time_sec": "67"}, {"arr_dt": "1471517610", "direction": "0", "dep_dt": "1471517687", "route_id": "Red", "dwell_time_sec": "77"}, {"arr_dt": "1471517996", "direction": "0", "dep_dt": "1471518084", "route_id": "Red", "dwell_time_sec": "88"}, {"arr_dt": "1471518217", "direction": "0", "dep_dt": "1471518286", "route_id": "Red", "dwell_time_sec": "69"}, {"arr_dt": "1471518668", "direction": "0", "dep_dt": "1471518764", "route_id": "Red", "dwell_time_sec": "96"}, {"arr_dt": "1471518982", "direction": "0", "dep_dt": "1471519050", "route_id": "Red", "dwell_time_sec": "68"}, {"arr_dt": "1471519163", "direction": "0", "dep_dt": "1471519266", "route_id": "Red", "dwell_time_sec": "103"}, {"arr_dt": "1471519357", "direction": "0", "dep_dt": "1471519453", "route_id": "Red", "dwell_time_sec": "96"}, {"arr_dt": "1471519533", "direction": "0", "dep_dt": "1471519612", "route_id": "Red", "dwell_time_sec": "79"}, {"arr_dt": "1471519813", "direction": "0", "dep_dt": "1471519937", "route_id": "Red", "dwell_time_sec": "124"}, {"arr_dt": "1471520022", "direction": "0", "dep_dt": "1471520139", "route_id": "Red", "dwell_time_sec": "117"}, {"arr_dt": "1471520396", "direction": "0", "dep_dt": "1471520507", "route_id": "Red", "dwell_time_sec": "111"}, {"arr_dt": "1471520606", "direction": "0", "dep_dt": "1471520680", "route_id": "Red", "dwell_time_sec": "74"}, {"arr_dt": "1471520777", "direction": "0", "dep_dt": "1471520862", "route_id": "Red", "dwell_time_sec": "85"}, {"arr_dt": "1471520995", "direction": "0", "dep_dt": "1471521087", "route_id": "Red", "dwell_time_sec": "92"}, {"arr_dt": "1471521396", "direction": "0", "dep_dt": "1471521485", "route_id": "Red", "dwell_time_sec": "89"}, {"arr_dt": "1471521601", "direction": "0", "dep_dt": "1471521672", "route_id": "Red", "dwell_time_sec": "71"}, {"arr_dt": "1471521847", "direction": "0", "dep_dt": "1471521944", "route_id": "Red", "dwell_time_sec": "97"}, {"arr_dt": "1471522053", "direction": "0", "dep_dt": "1471522154", "route_id": "Red", "dwell_time_sec": "101"}, {"arr_dt": "1471522294", "direction": "0", "dep_dt": "1471522392", "route_id": "Red", "dwell_time_sec": "98"}, {"arr_dt": "1471522493", "direction": "0", "dep_dt": "1471522595", "route_id": "Red", "dwell_time_sec": "102"}, {"arr_dt": "1471522940", "direction": "0", "dep_dt": "1471523081", "route_id": "Red", "dwell_time_sec": "141"}, {"arr_dt": "1471523175", "direction": "0", "dep_dt": "1471523272", "route_id": "Red", "dwell_time_sec": "97"}, {"arr_dt": "1471523413", "direction": "0", "dep_dt": "1471523513", "route_id": "Red", "dwell_time_sec": "100"}, {"arr_dt": "1471523609", "direction": "0", "dep_dt": "1471523702", "route_id": "Red", "dwell_time_sec": "93"}, {"arr_dt": "1471523841", "direction": "0", "dep_dt": "1471523926", "route_id": "Red", "dwell_time_sec": "85"}, {"arr_dt": "1471524029", "direction": "0", "dep_dt": "1471524127", "route_id": "Red", "dwell_time_sec": "98"}, {"arr_dt": "1471524230", "direction": "0", "dep_dt": "1471524340", "route_id": "Red", "dwell_time_sec": "110"}, {"arr_dt": "1471524434", "direction": "0", "dep_dt": "1471524538", "route_id": "Red", "dwell_time_sec": "104"}, {"arr_dt": "1471524680", "direction": "0", "dep_dt": "1471524768", "route_id": "Red", "dwell_time_sec": "88"}, {"arr_dt": "1471524870", "direction": "0", "dep_dt": "1471524966", "route_id": "Red", "dwell_time_sec": "96"}, {"arr_dt": "1471525146", "direction": "0", "dep_dt": "1471525232", "route_id": "Red", "dwell_time_sec": "86"}, {"arr_dt": "1471525316", "direction": "0", "dep_dt": "1471525416", "route_id": "Red", "dwell_time_sec": "100"}, {"arr_dt": "1471526059", "direction": "0", "dep_dt": "1471526170", "route_id": "Red", "dwell_time_sec": "111"}, {"arr_dt": "1471526284", "direction": "0", "dep_dt": "1471526394", "route_id": "Red", "dwell_time_sec": "110"}, {"arr_dt": "1471526506", "direction": "0", "dep_dt": "1471526582", "route_id": "Red", "dwell_time_sec": "76"}, {"arr_dt": "1471526697", "direction": "0", "dep_dt": "1471526760", "route_id": "Red", "dwell_time_sec": "63"}, {"arr_dt": "1471526868", "direction": "0", "dep_dt": "1471526940", "route_id": "Red", "dwell_time_sec": "72"}, {"arr_dt": "1471527161", "direction": "0", "dep_dt": "1471527259", "route_id": "Red", "dwell_time_sec": "98"}, {"arr_dt": "1471527339", "direction": "0", "dep_dt": "1471527414", "route_id": "Red", "dwell_time_sec": "75"}, {"arr_dt": "1471527690", "direction": "0", "dep_dt": "1471527780", "route_id": "Red", "dwell_time_sec": "90"}, {"arr_dt": "1471527936", "direction": "0", "dep_dt": "1471528013", "route_id": "Red", "dwell_time_sec": "77"}, {"arr_dt": "1471528122", "direction": "0", "dep_dt": "1471528196", "route_id": "Red", "dwell_time_sec": "74"}, {"arr_dt": "1471528312", "direction": "0", "dep_dt": "1471528400", "route_id": "Red", "dwell_time_sec": "88"}, {"arr_dt": "1471528681", "direction": "0", "dep_dt": "1471528757", "route_id": "Red", "dwell_time_sec": "76"}, {"arr_dt": "1471528874", "direction": "0", "dep_dt": "1471528952", "route_id": "Red", "dwell_time_sec": "78"}, {"arr_dt": "1471529231", "direction": "0", "dep_dt": "1471529306", "route_id": "Red", "dwell_time_sec": "75"}, {"arr_dt": "1471529633", "direction": "0", "dep_dt": "1471529708", "route_id": "Red", "dwell_time_sec": "75"}, {"arr_dt": "1471529826", "direction": "0", "dep_dt": "1471529894", "route_id": "Red", "dwell_time_sec": "68"}, {"arr_dt": "1471530179", "direction": "0", "dep_dt": "1471530257", "route_id": "Red", "dwell_time_sec": "78"}, {"arr_dt": "1471530370", "direction": "0", "dep_dt": "1471530432", "route_id": "Red", "dwell_time_sec": "62"}, {"arr_dt": "1471530592", "direction": "0", "dep_dt": "1471530677", "route_id": "Red", "dwell_time_sec": "85"}, {"arr_dt": "1471530784", "direction": "0", "dep_dt": "1471530854", "route_id": "Red", "dwell_time_sec": "70"}, {"arr_dt": "1471530984", "direction": "0", "dep_dt": "1471531046", "route_id": "Red", "dwell_time_sec": "62"}, {"arr_dt": "1471531516", "direction": "0", "dep_dt": "1471531596", "route_id": "Red", "dwell_time_sec": "80"}, {"arr_dt": "1471531885", "direction": "0", "dep_dt": "1471531970", "route_id": "Red", "dwell_time_sec": "85"}, {"arr_dt": "1471532071", "direction": "0", "dep_dt": "1471532127", "route_id": "Red", "dwell_time_sec": "56"}, {"arr_dt": "1471532515", "direction": "0", "dep_dt": "1471532584", "route_id": "Red", "dwell_time_sec": "69"}, {"arr_dt": "1471533081", "direction": "0", "dep_dt": "1471533165", "route_id": "Red", "dwell_time_sec": "84"}, {"arr_dt": "1471533342", "direction": "0", "dep_dt": "1471533405", "route_id": "Red", "dwell_time_sec": "63"}, {"arr_dt": "1471533808", "direction": "0", "dep_dt": "1471533883", "route_id": "Red", "dwell_time_sec": "75"}, {"arr_dt": "1471534071", "direction": "0", "dep_dt": "1471534170", "route_id": "Red", "dwell_time_sec": "99"}, {"arr_dt": "1471534269", "direction": "0", "dep_dt": "1471534356", "route_id": "Red", "dwell_time_sec": "87"}, {"arr_dt": "1471534974", "direction": "0", "dep_dt": "1471535059", "route_id": "Red", "dwell_time_sec": "85"}, {"arr_dt": "1471535180", "direction": "0", "dep_dt": "1471535249", "route_id": "Red", "dwell_time_sec": "69"}, {"arr_dt": "1471535526", "direction": "0", "dep_dt": "1471535593", "route_id": "Red", "dwell_time_sec": "67"}, {"arr_dt": "1471535912", "direction": "0", "dep_dt": "1471535981", "route_id": "Red", "dwell_time_sec": "69"}, {"arr_dt": "1471536470", "direction": "0", "dep_dt": "1471536543", "route_id": "Red", "dwell_time_sec": "73"}, {"arr_dt": "1471536716", "direction": "0", "dep_dt": "1471536774", "route_id": "Red", "dwell_time_sec": "58"}, {"arr_dt": "1471537294", "direction": "0", "dep_dt": "1471537382", "route_id": "Red", "dwell_time_sec": "88"}, {"arr_dt": "1471537968", "direction": "0", "dep_dt": "1471538025", "route_id": "Red", "dwell_time_sec": "57"}, {"arr_dt": "1471538492", "direction": "0", "dep_dt": "1471538575", "route_id": "Red", "dwell_time_sec": "83"}, {"arr_dt": "1471538892", "direction": "0", "dep_dt": "1471538971", "route_id": "Red", "dwell_time_sec": "79"}, {"arr_dt": "1471539223", "direction": "0", "dep_dt": "1471539324", "route_id": "Red", "dwell_time_sec": "101"}, {"arr_dt": "1471539749", "direction": "0", "dep_dt": "1471539827", "route_id": "Red", "dwell_time_sec": "78"}, {"arr_dt": "1471540236", "direction": "0", "dep_dt": "1471540335", "route_id": "Red", "dwell_time_sec": "99"}, {"arr_dt": "1471540567", "direction": "0", "dep_dt": "1471540636", "route_id": "Red", "dwell_time_sec": "69"}, {"arr_dt": "1471541355", "direction": "0", "dep_dt": "1471541440", "route_id": "Red", "dwell_time_sec": "85"}, {"arr_dt": "1471541547", "direction": "0", "dep_dt": "1471541620", "route_id": "Red", "dwell_time_sec": "73"}, {"arr_dt": "1471541776", "direction": "0", "dep_dt": "1471541871", "route_id": "Red", "dwell_time_sec": "95"}, {"arr_dt": "1471542454", "direction": "0", "dep_dt": "1471542537", "route_id": "Red", "dwell_time_sec": "83"}, {"arr_dt": "1471542647", "direction": "0", "dep_dt": "1471542719", "route_id": "Red", "dwell_time_sec": "72"}, {"arr_dt": "1471543082", "direction": "0", "dep_dt": "1471543161", "route_id": "Red", "dwell_time_sec": "79"}, {"arr_dt": "1471543521", "direction": "0", "dep_dt": "1471543592", "route_id": "Red", "dwell_time_sec": "71"}, {"arr_dt": "1471543951", "direction": "0", "dep_dt": "1471544037", "route_id": "Red", "dwell_time_sec": "86"}, {"arr_dt": "1471544322", "direction": "0", "dep_dt": "1471544389", "route_id": "Red", "dwell_time_sec": "67"}, {"arr_dt": "1471544780", "direction": "0", "dep_dt": "1471544868", "route_id": "Red", "dwell_time_sec": "88"}, {"arr_dt": "1471545264", "direction": "0", "dep_dt": "1471545349", "route_id": "Red", "dwell_time_sec": "85"}, {"arr_dt": "1471545662", "direction": "0", "dep_dt": "1471545735", "route_id": "Red", "dwell_time_sec": "73"}, {"arr_dt": "1471546063", "direction": "0", "dep_dt": "1471546154", "route_id": "Red", "dwell_time_sec": "91"}, {"arr_dt": "1471546479", "direction": "0", "dep_dt": "1471546574", "route_id": "Red", "dwell_time_sec": "95"}, {"arr_dt": "1471546944", "direction": "0", "dep_dt": "1471547115", "route_id": "Red", "dwell_time_sec": "171"}, {"arr_dt": "1471547273", "direction": "0", "dep_dt": "1471547344", "route_id": "Red", "dwell_time_sec": "71"}, {"arr_dt": "1471547727", "direction": "0", "dep_dt": "1471547827", "route_id": "Red", "dwell_time_sec": "100"}, {"arr_dt": "1471548249", "direction": "0", "dep_dt": "1471548376", "route_id": "Red", "dwell_time_sec": "127"}, {"arr_dt": "1471548804", "direction": "0", "dep_dt": "1471548891", "route_id": "Red", "dwell_time_sec": "87"}, {"arr_dt": "1471548998", "direction": "0", "dep_dt": "1471549136", "route_id": "Red", "dwell_time_sec": "138"}, {"arr_dt": "1471549221", "direction": "0", "dep_dt": "1471549301", "route_id": "Red", "dwell_time_sec": "80"}, {"arr_dt": "1471549479", "direction": "0", "dep_dt": "1471549546", "route_id": "Red", "dwell_time_sec": "67"}, {"arr_dt": "1471549720", "direction": "0", "dep_dt": "1471549791", "route_id": "Red", "dwell_time_sec": "71"}, {"arr_dt": "1471550511", "direction": "0", "dep_dt": "1471550608", "route_id": "Red", "dwell_time_sec": "97"}, {"arr_dt": "1471550721", "direction": "0", "dep_dt": "1471550832", "route_id": "Red", "dwell_time_sec": "111"}, {"arr_dt": "1471551063", "direction": "0", "dep_dt": "1471551168", "route_id": "Red", "dwell_time_sec": "105"}, {"arr_dt": "1471551350", "direction": "0", "dep_dt": "1471551464", "route_id": "Red", "dwell_time_sec": "114"}, {"arr_dt": "1471551661", "direction": "0", "dep_dt": "1471551737", "route_id": "Red", "dwell_time_sec": "76"}, {"arr_dt": "1471551916", "direction": "0", "dep_dt": "1471552128", "route_id": "Red", "dwell_time_sec": "212"}, {"arr_dt": "1471552309", "direction": "0", "dep_dt": "1471552395", "route_id": "Red", "dwell_time_sec": "86"}, {"arr_dt": "1471552652", "direction": "0", "dep_dt": "1471552766", "route_id": "Red", "dwell_time_sec": "114"}, {"arr_dt": "1471552840", "direction": "0", "dep_dt": "1471552920", "route_id": "Red", "dwell_time_sec": "80"}, {"arr_dt": "1471553063", "direction": "0", "dep_dt": "1471553166", "route_id": "Red", "dwell_time_sec": "103"}, {"arr_dt": "1471553308", "direction": "0", "dep_dt": "1471553415", "route_id": "Red", "dwell_time_sec": "107"}, {"arr_dt": "1471553505", "direction": "0", "dep_dt": "1471553588", "route_id": "Red", "dwell_time_sec": "83"}, {"arr_dt": "1471553785", "direction": "0", "dep_dt": "1471553861", "route_id": "Red", "dwell_time_sec": "76"}, {"arr_dt": "1471554021", "direction": "0", "dep_dt": "1471554118", "route_id": "Red", "dwell_time_sec": "97"}, {"arr_dt": "1471554256", "direction": "0", "dep_dt": "1471554333", "route_id": "Red", "dwell_time_sec": "77"}, {"arr_dt": "1471554631", "direction": "0", "dep_dt": "1471554730", "route_id": "Red", "dwell_time_sec": "99"}, {"arr_dt": "1471554854", "direction": "0", "dep_dt": "1471555267", "route_id": "Red", "dwell_time_sec": "413"}, {"arr_dt": "1471555376", "direction": "0", "dep_dt": "1471555534", "route_id": "Red", "dwell_time_sec": "158"}, {"arr_dt": "1471555626", "direction": "0", "dep_dt": "1471555742", "route_id": "Red", "dwell_time_sec": "116"}, {"arr_dt": "1471556178", "direction": "0", "dep_dt": "1471556321", "route_id": "Red", "dwell_time_sec": "143"}, {"arr_dt": "1471556432", "direction": "0", "dep_dt": "1471556551", "route_id": "Red", "dwell_time_sec": "119"}, {"arr_dt": "1471556655", "direction": "0", "dep_dt": "1471556765", "route_id": "Red", "dwell_time_sec": "110"}, {"arr_dt": "1471556868", "direction": "0", "dep_dt": "1471556949", "route_id": "Red", "dwell_time_sec": "81"}, {"arr_dt": "1471557076", "direction": "0", "dep_dt": "1471557176", "route_id": "Red", "dwell_time_sec": "100"}, {"arr_dt": "1471557266", "direction": "0", "dep_dt": "1471557354", "route_id": "Red", "dwell_time_sec": "88"}, {"arr_dt": "1471557452", "direction": "0", "dep_dt": "1471557538", "route_id": "Red", "dwell_time_sec": "86"}, {"arr_dt": "1471557641", "direction": "0", "dep_dt": "1471557726", "route_id": "Red", "dwell_time_sec": "85"}, {"arr_dt": "1471557944", "direction": "0", "dep_dt": "1471558033", "route_id": "Red", "dwell_time_sec": "89"}, {"arr_dt": "1471558128", "direction": "0", "dep_dt": "1471558280", "route_id": "Red", "dwell_time_sec": "152"}, {"arr_dt": "1471558386", "direction": "0", "dep_dt": "1471558497", "route_id": "Red", "dwell_time_sec": "111"}, {"arr_dt": "1471558593", "direction": "0", "dep_dt": "1471558696", "route_id": "Red", "dwell_time_sec": "103"}, {"arr_dt": "1471558881", "direction": "0", "dep_dt": "1471559007", "route_id": "Red", "dwell_time_sec": "126"}, {"arr_dt": "1471559109", "direction": "0", "dep_dt": "1471559216", "route_id": "Red", "dwell_time_sec": "107"}, {"arr_dt": "1471559311", "direction": "0", "dep_dt": "1471559410", "route_id": "Red", "dwell_time_sec": "99"}, {"arr_dt": "1471559511", "direction": "0", "dep_dt": "1471559715", "route_id": "Red", "dwell_time_sec": "204"}, {"arr_dt": "1471559736", "direction": "0", "dep_dt": "1471559809", "route_id": "Red", "dwell_time_sec": "73"}, {"arr_dt": "1471560061", "direction": "0", "dep_dt": "1471560134", "route_id": "Red", "dwell_time_sec": "73"}, {"arr_dt": "1471560252", "direction": "0", "dep_dt": "1471560317", "route_id": "Red", "dwell_time_sec": "65"}, {"arr_dt": "1471560497", "direction": "0", "dep_dt": "1471560586", "route_id": "Red", "dwell_time_sec": "89"}, {"arr_dt": "1471560698", "direction": "0", "dep_dt": "1471560779", "route_id": "Red", "dwell_time_sec": "81"}, {"arr_dt": "1471561200", "direction": "0", "dep_dt": "1471561286", "route_id": "Red", "dwell_time_sec": "86"}, {"arr_dt": "1471561380", "direction": "0", "dep_dt": "1471561452", "route_id": "Red", "dwell_time_sec": "72"}, {"arr_dt": "1471561553", "direction": "0", "dep_dt": "1471561631", "route_id": "Red", "dwell_time_sec": "78"}, {"arr_dt": "1471561788", "direction": "0", "dep_dt": "1471561851", "route_id": "Red", "dwell_time_sec": "63"}, {"arr_dt": "1471562185", "direction": "0", "dep_dt": "1471562266", "route_id": "Red", "dwell_time_sec": "81"}, {"arr_dt": "1471562380", "direction": "0", "dep_dt": "1471562481", "route_id": "Red", "dwell_time_sec": "101"}, {"arr_dt": "1471562577", "direction": "0", "dep_dt": "1471562649", "route_id": "Red", "dwell_time_sec": "72"}, {"arr_dt": "1471562856", "direction": "0", "dep_dt": "1471562937", "route_id": "Red", "dwell_time_sec": "81"}, {"arr_dt": "1471563059", "direction": "0", "dep_dt": "1471563126", "route_id": "Red", "dwell_time_sec": "67"}, {"arr_dt": "1471563242", "direction": "0", "dep_dt": "1471563331", "route_id": "Red", "dwell_time_sec": "89"}, {"arr_dt": "1471563504", "direction": "0", "dep_dt": "1471563572", "route_id": "Red", "dwell_time_sec": "68"}, {"arr_dt": "1471563760", "direction": "0", "dep_dt": "1471563855", "route_id": "Red", "dwell_time_sec": "95"}, {"arr_dt": "1471564111", "direction": "0", "dep_dt": "1471564181", "route_id": "Red", "dwell_time_sec": "70"}, {"arr_dt": "1471564325", "direction": "0", "dep_dt": "1471564405", "route_id": "Red", "dwell_time_sec": "80"}, {"arr_dt": "1471564582", "direction": "0", "dep_dt": "1471564662", "route_id": "Red", "dwell_time_sec": "80"}, {"arr_dt": "1471564760", "direction": "0", "dep_dt": "1471564831", "route_id": "Red", "dwell_time_sec": "71"}, {"arr_dt": "1471565098", "direction": "0", "dep_dt": "1471565202", "route_id": "Red", "dwell_time_sec": "104"}, {"arr_dt": "1471565767", "direction": "0", "dep_dt": "1471565836", "route_id": "Red", "dwell_time_sec": "69"}, {"arr_dt": "1471566042", "direction": "0", "dep_dt": "1471566118", "route_id": "Red", "dwell_time_sec": "76"}, {"arr_dt": "1471566406", "direction": "0", "dep_dt": "1471566510", "route_id": "Red", "dwell_time_sec": "104"}, {"arr_dt": "1471566706", "direction": "0", "dep_dt": "1471566787", "route_id": "Red", "dwell_time_sec": "81"}, {"arr_dt": "1471566961", "direction": "0", "dep_dt": "1471567029", "route_id": "Red", "dwell_time_sec": "68"}, {"arr_dt": "1471567409", "direction": "0", "dep_dt": "1471567468", "route_id": "Red", "dwell_time_sec": "59"}, {"arr_dt": "1471567970", "direction": "0", "dep_dt": "1471568049", "route_id": "Red", "dwell_time_sec": "79"}, {"arr_dt": "1471568234", "direction": "0", "dep_dt": "1471568312", "route_id": "Red", "dwell_time_sec": "78"}, {"arr_dt": "1471568418", "direction": "0", "dep_dt": "1471568478", "route_id": "Red", "dwell_time_sec": "60"}, {"arr_dt": "1471568837", "direction": "0", "dep_dt": "1471568936", "route_id": "Red", "dwell_time_sec": "99"}, {"arr_dt": "1471569298", "direction": "0", "dep_dt": "1471569389", "route_id": "Red", "dwell_time_sec": "91"}, {"arr_dt": "1471569707", "direction": "0", "dep_dt": "1471569778", "route_id": "Red", "dwell_time_sec": "71"}, {"arr_dt": "1471569975", "direction": "0", "dep_dt": "1471570042", "route_id": "Red", "dwell_time_sec": "67"}, {"arr_dt": "1471570263", "direction": "0", "dep_dt": "1471570340", "route_id": "Red", "dwell_time_sec": "77"}, {"arr_dt": "1471570592", "direction": "0", "dep_dt": "1471570661", "route_id": "Red", "dwell_time_sec": "69"}, {"arr_dt": "1471571061", "direction": "0", "dep_dt": "1471571133", "route_id": "Red", "dwell_time_sec": "72"}, {"arr_dt": "1471571628", "direction": "0", "dep_dt": "1471571698", "route_id": "Red", "dwell_time_sec": "70"}, {"arr_dt": "1471571815", "direction": "0", "dep_dt": "1471571871", "route_id": "Red", "dwell_time_sec": "56"}, {"arr_dt": "1471572044", "direction": "0", "dep_dt": "1471572118", "route_id": "Red", "dwell_time_sec": "74"}, {"arr_dt": "1471572739", "direction": "0", "dep_dt": "1471572802", "route_id": "Red", "dwell_time_sec": "63"}, {"arr_dt": "1471572898", "direction": "0", "dep_dt": "1471572974", "route_id": "Red", "dwell_time_sec": "76"}, {"arr_dt": "1471573107", "direction": "0", "dep_dt": "1471573181", "route_id": "Red", "dwell_time_sec": "74"}, {"arr_dt": "1471573521", "direction": "0", "dep_dt": "1471573589", "route_id": "Red", "dwell_time_sec": "68"}, {"arr_dt": "1471573886", "direction": "0", "dep_dt": "1471573959", "route_id": "Red", "dwell_time_sec": "73"}, {"arr_dt": "1471574072", "direction": "0", "dep_dt": "1471574142", "route_id": "Red", "dwell_time_sec": "70"}, {"arr_dt": "1471574429", "direction": "0", "dep_dt": "1471574484", "route_id": "Red", "dwell_time_sec": "55"}, {"arr_dt": "1471575069", "direction": "0", "dep_dt": "1471575141", "route_id": "Red", "dwell_time_sec": "72"}, {"arr_dt": "1471575305", "direction": "0", "dep_dt": "1471575382", "route_id": "Red", "dwell_time_sec": "77"}, {"arr_dt": "1471575885", "direction": "0", "dep_dt": "1471575943", "route_id": "Red", "dwell_time_sec": "58"}, {"arr_dt": "1471576555", "direction": "0", "dep_dt": "1471576645", "route_id": "Red", "dwell_time_sec": "90"}, {"arr_dt": "1471576775", "direction": "0", "dep_dt": "1471576858", "route_id": "Red", "dwell_time_sec": "83"}, {"arr_dt": "1471577035", "direction": "0", "dep_dt": "1471577095", "route_id": "Red", "dwell_time_sec": "60"}, {"arr_dt": "1471577488", "direction": "0", "dep_dt": "1471577579", "route_id": "Red", "dwell_time_sec": "91"}, {"arr_dt": "1471577735", "direction": "0", "dep_dt": "1471577970", "route_id": "Red", "dwell_time_sec": "235"}, {"arr_dt": "1471578466", "direction": "0", "dep_dt": "1471578530", "route_id": "Red", "dwell_time_sec": "64"}, {"arr_dt": "1471578714", "direction": "0", "dep_dt": "1471578779", "route_id": "Red", "dwell_time_sec": "65"}, {"arr_dt": "1471578896", "direction": "0", "dep_dt": "1471578948", "route_id": "Red", "dwell_time_sec": "52"}]}