{"dwell_times": [{"arr_dt": "1480309630", "direction": "0", "dep_dt": "1480309691", "route_id": "Red", "dwell_time_sec": "61"}, {"arr_dt": "1480310094", "direction": "0", "dep_dt": "1480310142", "route_id": "Red", "dwell_time_sec": "48"}, {"arr_dt": "1480310709", "direction": "0", "dep_dt": "1480310773", "route_id": "Red", "dwell_time_sec": "64"}, {"arr_dt": "1480312593", "direction": "0", "dep_dt": "1480312638", "route_id": "Red", "dwell_time_sec": "45"}, {"arr_dt": "1480313343", "direction": "0", "dep_dt": "1480313954", "route_id": "Red", "dwell_time_sec": "611"}, {"arr_dt": "1480329379", "direction": "0", "dep_dt": "1480329453", "route_id": "Red", "dwell_time_sec": "74"}, {"arr_dt": "1480329818", "direction": "0", "dep_dt": "1480329892", "route_id": "Red", "dwell_time_sec": "74"}, {"arr_dt": "1480330275", "direction": "0", "dep_dt": "1480330338", "route_id": "Red", "dwell_time_sec": "63"}, {"arr_dt": "1480330700", "direction": "0", "dep_dt": "1480330789", "route_id": "Red", "dwell_time_sec": "89"}, {"arr_dt": "1480331012", "direction": "0", "dep_dt": "1480331078", "route_id": "Red", "dwell_time_sec": "66"}, {"arr_dt": "1480332009", "direction": "0", "dep_dt": "1480332097", "route_id": "Red", "dwell_time_sec": "88"}, {"arr_dt": "1480332229", "direction": "0", "dep_dt": "1480332296", "route_id": "Red", "dwell_time_sec": "67"}, {"arr_dt": "1480332678", "direction": "0", "dep_dt": "1480332748", "route_id": "Red", "dwell_time_sec": "70"}, {"arr_dt": "1480333270", "direction": "0", "dep_dt": "1480333339", "route_id": "Red", "dwell_time_sec": "69"}, {"arr_dt": "1480333611", "direction": "0", "dep_dt": "1480333683", "route_id": "Red", "dwell_time_sec": "72"}, {"arr_dt": "1480334105", "direction": "0", "dep_dt": "1480334171", "route_id": "Red", "dwell_time_sec": "66"}, {"arr_dt": "1480334468", "direction": "0", "dep_dt": "1480334552", "route_id": "Red", "dwell_time_sec": "84"}, {"arr_dt": "1480334964", "direction": "0", "dep_dt": "1480335046", "route_id": "Red", "dwell_time_sec": "82"}, {"arr_dt": "1480335545", "direction": "0", "dep_dt": "1480335645", "route_id": "Red", "dwell_time_sec": "100"}, {"arr_dt": "1480336073", "direction": "0", "dep_dt": "1480336168", "route_id": "Red", "dwell_time_sec": "95"}, {"arr_dt": "1480336508", "direction": "0", "dep_dt": "1480336604", "route_id": "Red", "dwell_time_sec": "96"}, {"arr_dt": "1480337035", "direction": "0", "dep_dt": "1480337149", "route_id": "Red", "dwell_time_sec": "114"}, {"arr_dt": "1480337300", "direction": "0", "dep_dt": "1480337395", "route_id": "Red", "dwell_time_sec": "95"}, {"arr_dt": "1480337691", "direction": "0", "dep_dt": "1480337797", "route_id": "Red", "dwell_time_sec": "106"}, {"arr_dt": "1480338313", "direction": "0", "dep_dt": "1480338498", "route_id": "Red", "dwell_time_sec": "185"}, {"arr_dt": "1480338814", "direction": "0", "dep_dt": "1480338921", "route_id": "Red", "dwell_time_sec": "107"}, {"arr_dt": "1480339036", "direction": "0", "dep_dt": "1480339154", "route_id": "Red", "dwell_time_sec": "118"}, {"arr_dt": "1480339662", "direction": "0", "dep_dt": "1480339818", "route_id": "Red", "dwell_time_sec": "156"}, {"arr_dt": "1480339959", "direction": "0", "dep_dt": "1480340084", "route_id": "Red", "dwell_time_sec": "125"}, {"arr_dt": "1480340410", "direction": "0", "dep_dt": "1480340529", "route_id": "Red", "dwell_time_sec": "119"}, {"arr_dt": "1480340863", "direction": "0", "dep_dt": "1480340998", "route_id": "Red", "dwell_time_sec": "135"}, {"arr_dt": "1480341165", "direction": "0", "dep_dt": "1480341300", "route_id": "Red", "dwell_time_sec": "135"}, {"arr_dt": "1480341756", "direction": "0", "dep_dt": "1480341904", "route_id": "Red", "dwell_time_sec": "148"}, {"arr_dt": "1480342186", "direction": "0", "dep_dt": "1480342293", "route_id": "Red", "dwell_time_sec": "107"}, {"arr_dt": "1480342538", "direction": "0", "dep_dt": "1480342624", "route_id": "Red", "dwell_time_sec": "86"}, {"arr_dt": "1480343132", "direction": "0", "dep_dt": "1480343257", "route_id": "Red", "dwell_time_sec": "125"}, {"arr_dt": "1480343786", "direction": "0", "dep_dt": "1480343865", "route_id": "Red", "dwell_time_sec": "79"}, {"arr_dt": "1480343978", "direction": "0", "dep_dt": "1480344132", "route_id": "Red", "dwell_time_sec": "154"}, {"arr_dt": "1480344225", "direction": "0", "dep_dt": "1480344313", "route_id": "Red", "dwell_time_sec": "88"}, {"arr_dt": "1480344408", "direction": "0", "dep_dt": "1480344509", "route_id": "Red", "dwell_time_sec": "101"}, {"arr_dt": "1480344599", "direction": "0", "dep_dt": "1480344689", "route_id": "Red", "dwell_time_sec": "90"}, {"arr_dt": "1480345114", "direction": "0", "dep_dt": "1480345198", "route_id": "Red", "dwell_time_sec": "84"}, {"arr_dt": "1480345295", "direction": "0", "dep_dt": "1480345373", "route_id": "Red", "dwell_time_sec": "78"}, {"arr_dt": "1480345557", "direction": "0", "dep_dt": "1480345639", "route_id": "Red", "dwell_time_sec": "82"}, {"arr_dt": "1480345786", "direction": "0", "dep_dt": "1480345855", "route_id": "Red", "dwell_time_sec": "69"}, {"arr_dt": "1480345997", "direction": "0", "dep_dt": "1480346069", "route_id": "Red", "dwell_time_sec": "72"}, {"arr_dt": "1480346277", "direction": "0", "dep_dt": "1480346348", "route_id": "Red", "dwell_time_sec": "71"}, {"arr_dt": "1480346608", "direction": "0", "dep_dt": "1480346675", "route_id": "Red", "dwell_time_sec": "67"}, {"arr_dt": "1480346896", "direction": "0", "dep_dt": "1480346958", "route_id": "Red", "dwell_time_sec": "62"}, {"arr_dt": "1480347297", "direction": "0", "dep_dt": "1480347368", "route_id": "Red", "dwell_time_sec": "71"}, {"arr_dt": "1480347700", "direction": "0", "dep_dt": "1480347771", "route_id": "Red", "dwell_time_sec": "71"}, {"arr_dt": "1480347998", "direction": "0", "dep_dt": "1480348060", "route_id": "Red", "dwell_time_sec": "62"}, {"arr_dt": "1480348278", "direction": "0", "dep_dt": "1480348354", "route_id": "Red", "dwell_time_sec": "76"}, {"arr_dt": "1480348895", "direction": "0", "dep_dt": "1480348971", "route_id": "Red", "dwell_time_sec": "76"}, {"arr_dt": "1480349069", "direction": "0", "dep_dt": "1480349139", "route_id": "Red", "dwell_time_sec": "70"}, {"arr_dt": "1480349247", "direction": "0", "dep_dt": "1480349337", "route_id": "Red", "dwell_time_sec": "90"}, {"arr_dt": "1480349449", "direction": "0", "dep_dt": "1480349509", "route_id": "Red", "dwell_time_sec": "60"}, {"arr_dt": "1480349608", "direction": "0", "dep_dt": "1480349669", "route_id": "Red", "dwell_time_sec": "61"}, {"arr_dt": "1480350103", "direction": "0", "dep_dt": "1480350174", "route_id": "Red", "dwell_time_sec": "71"}, {"arr_dt": "1480351591", "direction": "0", "dep_dt": "1480351679", "route_id": "Red", "dwell_time_sec": "88"}, {"arr_dt": "1480352047", "direction": "0", "dep_dt": "1480352123", "route_id": "Red", "dwell_time_sec": "76"}, {"arr_dt": "1480352577", "direction": "0", "dep_dt": "1480352762", "route_id": "Red", "dwell_time_sec": "185"}, {"arr_dt": "1480352864", "direction": "0", "dep_dt": "1480352988", "route_id": "Red", "dwell_time_sec": "124"}, {"arr_dt": "1480353106", "direction": "0", "dep_dt": "1480353179", "route_id": "Red", "dwell_time_sec": "73"}, {"arr_dt": "1480353308", "direction": "0", "dep_dt": "1480353371", "route_id": "Red", "dwell_time_sec": "63"}, {"arr_dt": "1480353614", "direction": "0", "dep_dt": "1480353684", "route_id": "Red", "dwell_time_sec": "70"}, {"arr_dt": "1480354105", "direction": "0", "dep_dt": "1480354186", "route_id": "Red", "dwell_time_sec": "81"}, {"arr_dt": "1480354765", "direction": "0", "dep_dt": "1480354839", "route_id": "Red", "dwell_time_sec": "74"}, {"arr_dt": "1480355431", "direction": "0", "dep_dt": "1480355503", "route_id": "Red", "dwell_time_sec": "72"}, {"arr_dt": "1480356153", "direction": "0", "dep_dt": "1480356244", "route_id": "Red", "dwell_time_sec": "91"}, {"arr_dt": "1480356366", "direction": "0", "dep_dt": "1480356437", "route_id": "Red", "dwell_time_sec": "71"}, {"arr_dt": "1480356673", "direction": "0", "dep_dt": "1480356743", "route_id": "Red", "dwell_time_sec": "70"}, {"arr_dt": "1480357162", "direction": "0", "dep_dt": "1480357246", "route_id": "Red", "dwell_time_sec": "84"}, {"arr_dt": "1480357580", "direction": "0", "dep_dt": "1480357653", "route_id": "Red", "dwell_time_sec": "73"}, {"arr_dt": "1480358163", "direction": "0", "dep_dt": "1480358255", "route_id": "Red", "dwell_time_sec": "92"}, {"arr_dt": "1480358605", "direction": "0", "dep_dt": "1480358682", "route_id": "Red", "dwell_time_sec": "77"}, {"arr_dt": "1480358819", "direction": "0", "dep_dt": "1480358881", "route_id": "Red", "dwell_time_sec": "62"}, {"arr_dt": "1480359516", "direction": "0", "dep_dt": "1480359593", "route_id": "Red", "dwell_time_sec": "77"}, {"arr_dt": "1480359770", "direction": "0", "dep_dt": "1480359838", "route_id": "Red", "dwell_time_sec": "68"}, {"arr_dt": "1480360216", "direction": "0", "dep_dt": "1480360285", "route_id": "Red", "dwell_time_sec": "69"}, {"arr_dt": "1480360752", "direction": "0", "dep_dt": "1480360826", "route_id": "Red", "dwell_time_sec": "74"}, {"arr_dt": "1480361252", "direction": "0", "dep_dt": "1480361331", "route_id": "Red", "dwell_time_sec": "79"}, {"arr_dt": "1480361432", "direction": "0", "dep_dt": "1480361517", "route_id": "Red", "dwell_time_sec": "85"}, {"arr_dt": "1480361667", "direction": "0", "dep_dt": "1480361768", "route_id": "Red", "dwell_time_sec": "101"}, {"arr_dt": "1480362137", "direction": "0", "dep_dt": "1480362332", "route_id": "Red", "dwell_time_sec": "195"}, {"arr_dt": "1480362537", "direction": "0", "dep_dt": "1480362617", "route_id": "Red", "dwell_time_sec": "80"}, {"arr_dt": "1480362829", "direction": "0", "dep_dt": "1480362914", "route_id": "Red", "dwell_time_sec": "85"}, {"arr_dt": "1480363433", "direction": "0", "dep_dt": "1480363512", "route_id": "Red", "dwell_time_sec": "79"}, {"arr_dt": "1480363864", "direction": "0", "dep_dt": "1480363947", "route_id": "Red", "dwell_time_sec": "83"}, {"arr_dt": "1480364547", "direction": "0", "dep_dt": "1480364650", "route_id": "Red", "dwell_time_sec": "103"}, {"arr_dt": "1480364749", "direction": "0", "dep_dt": "1480364833", "route_id": "Red", "dwell_time_sec": "84"}, {"arr_dt": "1480365059", "direction": "0", "dep_dt": "1480365151", "route_id": "Red", "dwell_time_sec": "92"}, {"arr_dt": "1480365786", "direction": "0", "dep_dt": "1480365888", "route_id": "Red", "dwell_time_sec": "102"}, {"arr_dt": "1480365991", "direction": "0", "dep_dt": "1480366073", "route_id": "Red", "dwell_time_sec": "82"}, {"arr_dt": "1480366226", "direction": "0", "dep_dt": "1480366334", "route_id": "Red", "dwell_time_sec": "108"}, {"arr_dt": "1480366453", "direction": "0", "dep_dt": "1480366533", "route_id": "Red", "dwell_time_sec": "80"}, {"arr_dt": "1480366852", "direction": "0", "dep_dt": "1480366933", "route_id": "Red", "dwell_time_sec": "81"}, {"arr_dt": "1480367105", "direction": "0", "dep_dt": "1480367184", "route_id": "Red", "dwell_time_sec": "79"}, {"arr_dt": "1480367429", "direction": "0", "dep_dt": "1480367512", "route_id": "Red", "dwell_time_sec": "83"}, {"arr_dt": "1480367659", "direction": "0", "dep_dt": "1480367749", "route_id": "Red", "dwell_time_sec": "90"}, {"arr_dt": "1480368228", "direction": "0", "dep_dt": "1480368355", "route_id": "Red", "dwell_time_sec": "127"}, {"arr_dt": "1480368480", "direction": "0", "dep_dt": "1480368620", "route_id": "Red", "dwell_time_sec": "140"}, {"arr_dt": "1480368803", "direction": "0", "dep_dt": "1480368900", "route_id": "Red", "dwell_time_sec": "97"}, {"arr_dt": "1480369011", "direction": "0", "dep_dt": "1480369097", "route_id": "Red", "dwell_time_sec": "86"}, {"arr_dt": "1480369382", "direction": "0", "dep_dt": "1480369518", "route_id": "Red", "dwell_time_sec": "136"}, {"arr_dt": "1480369606", "direction": "0", "dep_dt": "1480369696", "route_id": "Red", "dwell_time_sec": "90"}, {"arr_dt": "1480369844", "direction": "0", "dep_dt": "1480369933", "route_id": "Red", "dwell_time_sec": "89"}, {"arr_dt": "1480370050", "direction": "0", "dep_dt": "1480370140", "route_id": "Red", "dwell_time_sec": "90"}, {"arr_dt": "1480370507", "direction": "0", "dep_dt": "1480370659", "route_id": "Red", "dwell_time_sec": "152"}, {"arr_dt": "1480370754", "direction": "0", "dep_dt": "1480370852", "route_id": "Red", "dwell_time_sec": "98"}, {"arr_dt": "1480370995", "direction": "0", "dep_dt": "1480371093", "route_id": "Red", "dwell_time_sec": "98"}, {"arr_dt": "1480371218", "direction": "0", "dep_dt": "1480371310", "route_id": "Red", "dwell_time_sec": "92"}, {"arr_dt": "1480371471", "direction": "0", "dep_dt": "1480371567", "route_id": "Red", "dwell_time_sec": "96"}, {"arr_dt": "1480371660", "direction": "0", "dep_dt": "1480371884", "route_id": "Red", "dwell_time_sec": "224"}, {"arr_dt": "1480371871", "direction": "0", "dep_dt": "1480371966", "route_id": "Red", "dwell_time_sec": "95"}, {"arr_dt": "1480372302", "direction": "0", "dep_dt": "1480372377", "route_id": "Red", "dwell_time_sec": "75"}, {"arr_dt": "1480372599", "direction": "0", "dep_dt": "1480372746", "route_id": "Red", "dwell_time_sec": "147"}, {"arr_dt": "1480372844", "direction": "0", "dep_dt": "1480372934", "route_id": "Red", "dwell_time_sec": "90"}, {"arr_dt": "1480373025", "direction": "0", "dep_dt": "1480373131", "route_id": "Red", "dwell_time_sec": "106"}, {"arr_dt": "1480373240", "direction": "0", "dep_dt": "1480373349", "route_id": "Red", "dwell_time_sec": "109"}, {"arr_dt": "1480373460", "direction": "0", "dep_dt": "1480373575", "route_id": "Red", "dwell_time_sec": "115"}, {"arr_dt": "1480373787", "direction": "0", "dep_dt": "1480373885", "route_id": "Red", "dwell_time_sec": "98"}, {"arr_dt": "1480373989", "direction": "0", "dep_dt": "1480374114", "route_id": "Red", "dwell_time_sec": "125"}, {"arr_dt": "1480374213", "direction": "0", "dep_dt": "1480374291", "route_id": "Red", "dwell_time_sec": "78"}, {"arr_dt": "1480374403", "direction": "0", "dep_dt": "1480374488", "route_id": "Red", "dwell_time_sec": "85"}, {"arr_dt": "1480374652", "direction": "0", "dep_dt": "1480374728", "route_id": "Red", "dwell_time_sec": "76"}, {"arr_dt": "1480374880", "direction": "0", "dep_dt": "1480374969", "route_id": "Red", "dwell_time_sec": "89"}, {"arr_dt": "1480375113", "direction": "0", "dep_dt": "1480375202", "route_id": "Red", "dwell_time_sec": "89"}, {"arr_dt": "1480375316", "direction": "0", "dep_dt": "1480375399", "route_id": "Red", "dwell_time_sec": "83"}, {"arr_dt": "1480375908", "direction": "0", "dep_dt": "1480376007", "route_id": "Red", "dwell_time_sec": "99"}, {"arr_dt": "1480376102", "direction": "0", "dep_dt": "1480376200", "route_id": "Red", "dwell_time_sec": "98"}, {"arr_dt": "1480376405", "direction": "0", "dep_dt": "1480376486", "route_id": "Red", "dwell_time_sec": "81"}, {"arr_dt": "1480376800", "direction": "0", "dep_dt": "1480376888", "route_id": "Red", "dwell_time_sec": "88"}, {"arr_dt": "1480377001", "direction": "0", "dep_dt": "1480377088", "route_id": "Red", "dwell_time_sec": "87"}, {"arr_dt": "1480377387", "direction": "0", "dep_dt": "1480377463", "route_id": "Red", "dwell_time_sec": "76"}, {"arr_dt": "1480377580", "direction": "0", "dep_dt": "1480377646", "route_id": "Red", "dwell_time_sec": "66"}, {"arr_dt": "1480377884", "direction": "0", "dep_dt": "1480377964", "route_id": "Red", "dwell_time_sec": "80"}, {"arr_dt": "1480378250", "direction": "0", "dep_dt": "1480378347", "route_id": "Red", "dwell_time_sec": "97"}, {"arr_dt": "1480378469", "direction": "0", "dep_dt": "1480378598", "route_id": "Red", "dwell_time_sec": "129"}, {"arr_dt": "1480378682", "direction": "0", "dep_dt": "1480378763", "route_id": "Red", "dwell_time_sec": "81"}, {"arr_dt": "1480378859", "direction": "0", "dep_dt": "1480378928", "route_id": "Red", "dwell_time_sec": "69"}, {"arr_dt": "1480379070", "direction": "0", "dep_dt": "1480379145", "route_id": "Red", "dwell_time_sec": "75"}, {"arr_dt": "1480379278", "direction": "0", "dep_dt": "1480379365", "route_id": "Red", "dwell_time_sec": "87"}, {"arr_dt": "1480379636", "direction": "0", "dep_dt": "1480379722", "route_id": "Red", "dwell_time_sec": "86"}, {"arr_dt": "1480379825", "direction": "0", "dep_dt": "1480379901", "route_id": "Red", "dwell_time_sec": "76"}, {"arr_dt": "1480380017", "direction": "0", "dep_dt": "1480380096", "route_id": "Red", "dwell_time_sec": "79"}, {"arr_dt": "1480380217", "direction": "0", "dep_dt": "1480380279", "route_id": "Red", "dwell_time_sec": "62"}, {"arr_dt": "1480380505", "direction": "0", "dep_dt": "1480380584", "route_id": "Red", "dwell_time_sec": "79"}, {"arr_dt": "1480380766", "direction": "0", "dep_dt": "1480380858", "route_id": "Red", "dwell_time_sec": "92"}, {"arr_dt": "1480381051", "direction": "0", "dep_dt": "1480381131", "route_id": "Red", "dwell_time_sec": "80"}, {"arr_dt": "1480381408", "direction": "0", "dep_dt": "1480381460", "route_id": "Red", "dwell_time_sec": "52"}, {"arr_dt": "1480381740", "direction": "0", "dep_dt": "1480381811", "route_id": "Red", "dwell_time_sec": "71"}, {"arr_dt": "1480381916", "direction": "0", "dep_dt": "1480381977", "route_id": "Red", "dwell_time_sec": "61"}, {"arr_dt": "1480382716", "direction": "0", "dep_dt": "1480382819", "route_id": "Red", "dwell_time_sec": "103"}, {"arr_dt": "1480382988", "direction": "0", "dep_dt": "1480383052", "route_id": "Red", "dwell_time_sec": "64"}, {"arr_dt": "1480383370", "direction": "0", "dep_dt": "1480383446", "route_id": "Red", "dwell_time_sec": "76"}, {"arr_dt": "1480384119", "direction": "0", "dep_dt": "1480384188", "route_id": "Red", "dwell_time_sec": "69"}, {"arr_dt": "1480384647", "direction": "0", "dep_dt": "1480384720", "route_id": "Red", "dwell_time_sec": "73"}, {"arr_dt": "1480384832", "direction": "0", "dep_dt": "1480384899", "route_id": "Red", "dwell_time_sec": "67"}, {"arr_dt": "1480385007", "direction": "0", "dep_dt": "1480385068", "route_id": "Red", "dwell_time_sec": "61"}, {"arr_dt": "1480385210", "direction": "0", "dep_dt": "1480385322", "route_id": "Red", "dwell_time_sec": "112"}, {"arr_dt": "1480385594", "direction": "0", "dep_dt": "1480385676", "route_id": "Red", "dwell_time_sec": "82"}, {"arr_dt": "1480385998", "direction": "0", "dep_dt": "1480386064", "route_id": "Red", "dwell_time_sec": "66"}, {"arr_dt": "1480386253", "direction": "0", "dep_dt": "1480386331", "route_id": "Red", "dwell_time_sec": "78"}, {"arr_dt": "1480386703", "direction": "0", "dep_dt": "1480386775", "route_id": "Red", "dwell_time_sec": "72"}, {"arr_dt": "1480386966", "direction": "0", "dep_dt": "1480387029", "route_id": "Red", "dwell_time_sec": "63"}, {"arr_dt": "1480387251", "direction": "0", "dep_dt": "1480387324", "route_id": "Red", "dwell_time_sec": "73"}, {"arr_dt": "1480387498", "direction": "0", "dep_dt": "1480387565", "route_id": "Red", "dwell_time_sec": "67"}, {"arr_dt": "1480387924", "direction": "0", "dep_dt": "1480387993", "route_id": "Red", "dwell_time_sec": "69"}, {"arr_dt": "1480388256", "direction": "0", "dep_dt": "1480388348", "route_id": "Red", "dwell_time_sec": "92"}, {"arr_dt": "1480388513", "direction": "0", "dep_dt": "1480388590", "route_id": "Red", "dwell_time_sec": "77"}, {"arr_dt": "1480388951", "direction": "0", "dep_dt": "1480389014", "route_id": "Red", "dwell_time_sec": "63"}, {"arr_dt": "1480389204", "direction": "0", "dep_dt": "1480389267", "route_id": "Red", "dwell_time_sec": "63"}, {"arr_dt": "1480389611", "direction": "0", "dep_dt": "1480389733", "route_id": "Red", "dwell_time_sec": "122"}, {"arr_dt": "1480390116", "direction": "0", "dep_dt": "1480390205", "route_id": "Red", "dwell_time_sec": "89"}, {"arr_dt": "1480390433", "direction": "0", "dep_dt": "1480390513", "route_id": "Red", "dwell_time_sec": "80"}, {"arr_dt": "1480390621", "direction": "0", "dep_dt": "1480390707", "route_id": "Red", "dwell_time_sec": "86"}, {"arr_dt": "1480390969", "direction": "0", "dep_dt": "1480391042", "route_id": "Red", "dwell_time_sec": "73"}, {"arr_dt": "1480391455", "direction": "0", "dep_dt": "1480391519", "route_id": "Red", "dwell_time_sec": "64"}, {"arr_dt": "1480391621", "direction": "0", "dep_dt": "1480391671", "route_id": "Red", "dwell_time_sec": "50"}, {"arr_dt": "1480392256", "direction": "0", "dep_dt": "1480392334", "route_id": "Red", "dwell_time_sec": "78"}, {"arr_dt": "1480392434", "direction": "0", "dep_dt": "1480392527", "route_id": "Red", "dwell_time_sec": "93"}, {"arr_dt": "1480393406", "direction": "0", "dep_dt": "1480393477", "route_id": "Red", "dwell_time_sec": "71"}, {"arr_dt": "1480393970", "direction": "0", "dep_dt": "1480394043", "route_id": "Red", "dwell_time_sec": "73"}, {"arr_dt": "1480394161", "direction": "0", "dep_dt": "1480394227", "route_id": "Red", "dwell_time_sec": "66"}, {"arr_dt": "1480394455", "direction": "0", "dep_dt": "1480394514", "route_id": "Red", "dwell_time_sec": "59"}, {"arr_dt": "1480394868", "direction": "0", "dep_dt": "1480394928", "route_id": "Red", "dwell_time_sec": "60"}]}