{"dwell_times": [{"arr_dt": "1473653518", "direction": "0", "dep_dt": "1473653588", "route_id": "Red", "dwell_time_sec": "70"}, {"arr_dt": "1473654581", "direction": "0", "dep_dt": "1473654699", "route_id": "Red", "dwell_time_sec": "118"}, {"arr_dt": "1473655600", "direction": "0", "dep_dt": "1473657518", "route_id": "Red", "dwell_time_sec": "1918"}, {"arr_dt": "1473672818", "direction": "0", "dep_dt": "1473672889", "route_id": "Red", "dwell_time_sec": "71"}, {"arr_dt": "1473673396", "direction": "0", "dep_dt": "1473673457", "route_id": "Red", "dwell_time_sec": "61"}, {"arr_dt": "1473674049", "direction": "0", "dep_dt": "1473674114", "route_id": "Red", "dwell_time_sec": "65"}, {"arr_dt": "1473674592", "direction": "0", "dep_dt": "1473674652", "route_id": "Red", "dwell_time_sec": "60"}, {"arr_dt": "1473675558", "direction": "0", "dep_dt": "1473675641", "route_id": "Red", "dwell_time_sec": "83"}, {"arr_dt": "1473675974", "direction": "0", "dep_dt": "1473676033", "route_id": "Red", "dwell_time_sec": "59"}, {"arr_dt": "1473676433", "direction": "0", "dep_dt": "1473676504", "route_id": "Red", "dwell_time_sec": "71"}, {"arr_dt": "1473677031", "direction": "0", "dep_dt": "1473677098", "route_id": "Red", "dwell_time_sec": "67"}, {"arr_dt": "1473677556", "direction": "0", "dep_dt": "1473677658", "route_id": "Red", "dwell_time_sec": "102"}, {"arr_dt": "1473677745", "direction": "0", "dep_dt": "1473677826", "route_id": "Red", "dwell_time_sec": "81"}, {"arr_dt": "1473678259", "direction": "0", "dep_dt": "1473678330", "route_id": "Red", "dwell_time_sec": "71"}, {"arr_dt": "1473678466", "direction": "0", "dep_dt": "1473678543", "route_id": "Red", "dwell_time_sec": "77"}, {"arr_dt": "1473678933", "direction": "0", "dep_dt": "1473679022", "route_id": "Red", "dwell_time_sec": "89"}, {"arr_dt": "1473679136", "direction": "0", "dep_dt": "1473679235", "route_id": "Red", "dwell_time_sec": "99"}, {"arr_dt": "1473679345", "direction": "0", "dep_dt": "1473679429", "route_id": "Red", "dwell_time_sec": "84"}, {"arr_dt": "1473679609", "direction": "0", "dep_dt": "1473679682", "route_id": "Red", "dwell_time_sec": "73"}, {"arr_dt": "1473679820", "direction": "0", "dep_dt": "1473679927", "route_id": "Red", "dwell_time_sec": "107"}, {"arr_dt": "1473680095", "direction": "0", "dep_dt": "1473680271", "route_id": "Red", "dwell_time_sec": "176"}, {"arr_dt": "1473680291", "direction": "0", "dep_dt": "1473680357", "route_id": "Red", "dwell_time_sec": "66"}, {"arr_dt": "1473680530", "direction": "0", "dep_dt": "1473680611", "route_id": "Red", "dwell_time_sec": "81"}, {"arr_dt": "1473680739", "direction": "0", "dep_dt": "1473680836", "route_id": "Red", "dwell_time_sec": "97"}, {"arr_dt": "1473681328", "direction": "0", "dep_dt": "1473681439", "route_id": "Red", "dwell_time_sec": "111"}, {"arr_dt": "1473681844", "direction": "0", "dep_dt": "1473681964", "route_id": "Red", "dwell_time_sec": "120"}, {"arr_dt": "1473682049", "direction": "0", "dep_dt": "1473682148", "route_id": "Red", "dwell_time_sec": "99"}, {"arr_dt": "1473682848", "direction": "0", "dep_dt": "1473682973", "route_id": "Red", "dwell_time_sec": "125"}, {"arr_dt": "1473683422", "direction": "0", "dep_dt": "1473683533", "route_id": "Red", "dwell_time_sec": "111"}, {"arr_dt": "1473683617", "direction": "0", "dep_dt": "1473683710", "route_id": "Red", "dwell_time_sec": "93"}, {"arr_dt": "1473683852", "direction": "0", "dep_dt": "1473683971", "route_id": "Red", "dwell_time_sec": "119"}, {"arr_dt": "1473684389", "direction": "0", "dep_dt": "1473684511", "route_id": "Red", "dwell_time_sec": "122"}, {"arr_dt": "1473684603", "direction": "0", "dep_dt": "1473684708", "route_id": "Red", "dwell_time_sec": "105"}, {"arr_dt": "1473685078", "direction": "0", "dep_dt": "1473685169", "route_id": "Red", "dwell_time_sec": "91"}, {"arr_dt": "1473685313", "direction": "0", "dep_dt": "1473685402", "route_id": "Red", "dwell_time_sec": "89"}, {"arr_dt": "1473685504", "direction": "0", "dep_dt": "1473685592", "route_id": "Red", "dwell_time_sec": "88"}, {"arr_dt": "1473685718", "direction": "0", "dep_dt": "1473685808", "route_id": "Red", "dwell_time_sec": "90"}, {"arr_dt": "1473686022", "direction": "0", "dep_dt": "1473686100", "route_id": "Red", "dwell_time_sec": "78"}, {"arr_dt": "1473686211", "direction": "0", "dep_dt": "1473686291", "route_id": "Red", "dwell_time_sec": "80"}, {"arr_dt": "1473686459", "direction": "0", "dep_dt": "1473686555", "route_id": "Red", "dwell_time_sec": "96"}, {"arr_dt": "1473686672", "direction": "0", "dep_dt": "1473686738", "route_id": "Red", "dwell_time_sec": "66"}, {"arr_dt": "1473686959", "direction": "0", "dep_dt": "1473687047", "route_id": "Red", "dwell_time_sec": "88"}, {"arr_dt": "1473687260", "direction": "0", "dep_dt": "1473687337", "route_id": "Red", "dwell_time_sec": "77"}, {"arr_dt": "1473687554", "direction": "0", "dep_dt": "1473687666", "route_id": "Red", "dwell_time_sec": "112"}, {"arr_dt": "1473687774", "direction": "0", "dep_dt": "1473687855", "route_id": "Red", "dwell_time_sec": "81"}, {"arr_dt": "1473688058", "direction": "0", "dep_dt": "1473688144", "route_id": "Red", "dwell_time_sec": "86"}, {"arr_dt": "1473688258", "direction": "0", "dep_dt": "1473688333", "route_id": "Red", "dwell_time_sec": "75"}, {"arr_dt": "1473688511", "direction": "0", "dep_dt": "1473688592", "route_id": "Red", "dwell_time_sec": "81"}, {"arr_dt": "1473688722", "direction": "0", "dep_dt": "1473688821", "route_id": "Red", "dwell_time_sec": "99"}, {"arr_dt": "1473689103", "direction": "0", "dep_dt": "1473689181", "route_id": "Red", "dwell_time_sec": "78"}, {"arr_dt": "1473689490", "direction": "0", "dep_dt": "1473689568", "route_id": "Red", "dwell_time_sec": "78"}, {"arr_dt": "1473689911", "direction": "0", "dep_dt": "1473690083", "route_id": "Red", "dwell_time_sec": "172"}, {"arr_dt": "1473690157", "direction": "0", "dep_dt": "1473690232", "route_id": "Red", "dwell_time_sec": "75"}, {"arr_dt": "1473690330", "direction": "0", "dep_dt": "1473690392", "route_id": "Red", "dwell_time_sec": "62"}, {"arr_dt": "1473690655", "direction": "0", "dep_dt": "1473690724", "route_id": "Red", "dwell_time_sec": "69"}, {"arr_dt": "1473690837", "direction": "0", "dep_dt": "1473690936", "route_id": "Red", "dwell_time_sec": "99"}, {"arr_dt": "1473691472", "direction": "0", "dep_dt": "1473691550", "route_id": "Red", "dwell_time_sec": "78"}, {"arr_dt": "1473691935", "direction": "0", "dep_dt": "1473692022", "route_id": "Red", "dwell_time_sec": "87"}, {"arr_dt": "1473692559", "direction": "0", "dep_dt": "1473692629", "route_id": "Red", "dwell_time_sec": "70"}, {"arr_dt": "1473693101", "direction": "0", "dep_dt": "1473693207", "route_id": "Red", "dwell_time_sec": "106"}, {"arr_dt": "1473693309", "direction": "0", "dep_dt": "1473693441", "route_id": "Red", "dwell_time_sec": "132"}, {"arr_dt": "1473693670", "direction": "0", "dep_dt": "1473693740", "route_id": "Red", "dwell_time_sec": "70"}, {"arr_dt": "1473693960", "direction": "0", "dep_dt": "1473694038", "route_id": "Red", "dwell_time_sec": "78"}, {"arr_dt": "1473694657", "direction": "0", "dep_dt": "1473694730", "route_id": "Red", "dwell_time_sec": "73"}, {"arr_dt": "1473694833", "direction": "0", "dep_dt": "1473694904", "route_id": "Red", "dwell_time_sec": "71"}, {"arr_dt": "1473695023", "direction": "0", "dep_dt": "1473695092", "route_id": "Red", "dwell_time_sec": "69"}, {"arr_dt": "1473695328", "direction": "0", "dep_dt": "1473695402", "route_id": "Red", "dwell_time_sec": "74"}, {"arr_dt": "1473695674", "direction": "0", "dep_dt": "1473695734", "route_id": "Red", "dwell_time_sec": "60"}, {"arr_dt": "1473696046", "direction": "0", "dep_dt": "1473696145", "route_id": "Red", "dwell_time_sec": "99"}, {"arr_dt": "1473696276", "direction": "0", "dep_dt": "1473696348", "route_id": "Red", "dwell_time_sec": "72"}, {"arr_dt": "1473696531", "direction": "0", "dep_dt": "1473696596", "route_id": "Red", "dwell_time_sec": "65"}, {"arr_dt": "1473696714", "direction": "0", "dep_dt": "1473696783", "route_id": "Red", "dwell_time_sec": "69"}, {"arr_dt": "1473697065", "direction": "0", "dep_dt": "1473697145", "route_id": "Red", "dwell_time_sec": "80"}, {"arr_dt": "1473697370", "direction": "0", "dep_dt": "1473697428", "route_id": "Red", "dwell_time_sec": "58"}, {"arr_dt": "1473697790", "direction": "0", "dep_dt": "1473697850", "route_id": "Red", "dwell_time_sec": "60"}, {"arr_dt": "1473698319", "direction": "0", "dep_dt": "1473698390", "route_id": "Red", "dwell_time_sec": "71"}, {"arr_dt": "1473699137", "direction": "0", "dep_dt": "1473699229", "route_id": "Red", "dwell_time_sec": "92"}, {"arr_dt": "1473699988", "direction": "0", "dep_dt": "1473700087", "route_id": "Red", "dwell_time_sec": "99"}, {"arr_dt": "1473700246", "direction": "0", "dep_dt": "1473700322", "route_id": "Red", "dwell_time_sec": "76"}, {"arr_dt": "1473700650", "direction": "0", "dep_dt": "1473700765", "route_id": "Red", "dwell_time_sec": "115"}, {"arr_dt": "1473701111", "direction": "0", "dep_dt": "1473701192", "route_id": "Red", "dwell_time_sec": "81"}, {"arr_dt": "1473701525", "direction": "0", "dep_dt": "1473701596", "route_id": "Red", "dwell_time_sec": "71"}, {"arr_dt": "1473701810", "direction": "0", "dep_dt": "1473701895", "route_id": "Red", "dwell_time_sec": "85"}, {"arr_dt": "1473702261", "direction": "0", "dep_dt": "1473702450", "route_id": "Red", "dwell_time_sec": "189"}, {"arr_dt": "1473702927", "direction": "0", "dep_dt": "1473703011", "route_id": "Red", "dwell_time_sec": "84"}, {"arr_dt": "1473703470", "direction": "0", "dep_dt": "1473703547", "route_id": "Red", "dwell_time_sec": "77"}, {"arr_dt": "1473703651", "direction": "0", "dep_dt": "1473703732", "route_id": "Red", "dwell_time_sec": "81"}, {"arr_dt": "1473704061", "direction": "0", "dep_dt": "1473704171", "route_id": "Red", "dwell_time_sec": "110"}, {"arr_dt": "1473704422", "direction": "0", "dep_dt": "1473704501", "route_id": "Red", "dwell_time_sec": "79"}, {"arr_dt": "1473705759", "direction": "0", "dep_dt": "1473705876", "route_id": "Red", "dwell_time_sec": "117"}, {"arr_dt": "1473705984", "direction": "0", "dep_dt": "1473706149", "route_id": "Red", "dwell_time_sec": "165"}, {"arr_dt": "1473706244", "direction": "0", "dep_dt": "1473706338", "route_id": "Red", "dwell_time_sec": "94"}, {"arr_dt": "1473706451", "direction": "0", "dep_dt": "1473706535", "route_id": "Red", "dwell_time_sec": "84"}, {"arr_dt": "1473706687", "direction": "0", "dep_dt": "1473706827", "route_id": "Red", "dwell_time_sec": "140"}, {"arr_dt": "1473707003", "direction": "0", "dep_dt": "1473707130", "route_id": "Red", "dwell_time_sec": "127"}, {"arr_dt": "1473707477", "direction": "0", "dep_dt": "1473707562", "route_id": "Red", "dwell_time_sec": "85"}, {"arr_dt": "1473707999", "direction": "0", "dep_dt": "1473708105", "route_id": "Red", "dwell_time_sec": "106"}, {"arr_dt": "1473708446", "direction": "0", "dep_dt": "1473708591", "route_id": "Red", "dwell_time_sec": "145"}, {"arr_dt": "1473708737", "direction": "0", "dep_dt": "1473708838", "route_id": "Red", "dwell_time_sec": "101"}, {"arr_dt": "1473709013", "direction": "0", "dep_dt": "1473709130", "route_id": "Red", "dwell_time_sec": "117"}, {"arr_dt": "1473709793", "direction": "0", "dep_dt": "1473709917", "route_id": "Red", "dwell_time_sec": "124"}, {"arr_dt": "1473710122", "direction": "0", "dep_dt": "1473710224", "route_id": "Red", "dwell_time_sec": "102"}, {"arr_dt": "1473710606", "direction": "0", "dep_dt": "1473710718", "route_id": "Red", "dwell_time_sec": "112"}, {"arr_dt": "1473710976", "direction": "0", "dep_dt": "1473711175", "route_id": "Red", "dwell_time_sec": "199"}, {"arr_dt": "1473711337", "direction": "0", "dep_dt": "1473711464", "route_id": "Red", "dwell_time_sec": "127"}, {"arr_dt": "1473711587", "direction": "0", "dep_dt": "1473711672", "route_id": "Red", "dwell_time_sec": "85"}, {"arr_dt": "1473711809", "direction": "0", "dep_dt": "1473711898", "route_id": "Red", "dwell_time_sec": "89"}, {"arr_dt": "1473712123", "direction": "0", "dep_dt": "1473712233", "route_id": "Red", "dwell_time_sec": "110"}, {"arr_dt": "1473712604", "direction": "0", "dep_dt": "1473712699", "route_id": "Red", "dwell_time_sec": "95"}, {"arr_dt": "1473712980", "direction": "0", "dep_dt": "1473713111", "route_id": "Red", "dwell_time_sec": "131"}, {"arr_dt": "1473713243", "direction": "0", "dep_dt": "1473713338", "route_id": "Red", "dwell_time_sec": "95"}, {"arr_dt": "1473713606", "direction": "0", "dep_dt": "1473713729", "route_id": "Red", "dwell_time_sec": "123"}, {"arr_dt": "1473713912", "direction": "0", "dep_dt": "1473714010", "route_id": "Red", "dwell_time_sec": "98"}, {"arr_dt": "1473714152", "direction": "0", "dep_dt": "1473714253", "route_id": "Red", "dwell_time_sec": "101"}, {"arr_dt": "1473714494", "direction": "0", "dep_dt": "1473714598", "route_id": "Red", "dwell_time_sec": "104"}, {"arr_dt": "1473714788", "direction": "0", "dep_dt": "1473714898", "route_id": "Red", "dwell_time_sec": "110"}, {"arr_dt": "1473715372", "direction": "0", "dep_dt": "1473715602", "route_id": "Red", "dwell_time_sec": "230"}, {"arr_dt": "1473715697", "direction": "0", "dep_dt": "1473715818", "route_id": "Red", "dwell_time_sec": "121"}, {"arr_dt": "1473716079", "direction": "0", "dep_dt": "1473716200", "route_id": "Red", "dwell_time_sec": "121"}, {"arr_dt": "1473716434", "direction": "0", "dep_dt": "1473716537", "route_id": "Red", "dwell_time_sec": "103"}, {"arr_dt": "1473716710", "direction": "0", "dep_dt": "1473716838", "route_id": "Red", "dwell_time_sec": "128"}, {"arr_dt": "1473717016", "direction": "0", "dep_dt": "1473717127", "route_id": "Red", "dwell_time_sec": "111"}, {"arr_dt": "1473717756", "direction": "0", "dep_dt": "1473717853", "route_id": "Red", "dwell_time_sec": "97"}, {"arr_dt": "1473717992", "direction": "0", "dep_dt": "1473718111", "route_id": "Red", "dwell_time_sec": "119"}, {"arr_dt": "1473718215", "direction": "0", "dep_dt": "1473718356", "route_id": "Red", "dwell_time_sec": "141"}, {"arr_dt": "1473718442", "direction": "0", "dep_dt": "1473718602", "route_id": "Red", "dwell_time_sec": "160"}, {"arr_dt": "1473718879", "direction": "0", "dep_dt": "1473718964", "route_id": "Red", "dwell_time_sec": "85"}, {"arr_dt": "1473719096", "direction": "0", "dep_dt": "1473719204", "route_id": "Red", "dwell_time_sec": "108"}, {"arr_dt": "1473719291", "direction": "0", "dep_dt": "1473719433", "route_id": "Red", "dwell_time_sec": "142"}, {"arr_dt": "1473719530", "direction": "0", "dep_dt": "1473719641", "route_id": "Red", "dwell_time_sec": "111"}, {"arr_dt": "1473719767", "direction": "0", "dep_dt": "1473719863", "route_id": "Red", "dwell_time_sec": "96"}, {"arr_dt": "1473719981", "direction": "0", "dep_dt": "1473720069", "route_id": "Red", "dwell_time_sec": "88"}, {"arr_dt": "1473720204", "direction": "0", "dep_dt": "1473720309", "route_id": "Red", "dwell_time_sec": "105"}, {"arr_dt": "1473720515", "direction": "0", "dep_dt": "1473720613", "route_id": "Red", "dwell_time_sec": "98"}, {"arr_dt": "1473720775", "direction": "0", "dep_dt": "1473720856", "route_id": "Red", "dwell_time_sec": "81"}, {"arr_dt": "1473720976", "direction": "0", "dep_dt": "1473721094", "route_id": "Red", "dwell_time_sec": "118"}, {"arr_dt": "1473721185", "direction": "0", "dep_dt": "1473721280", "route_id": "Red", "dwell_time_sec": "95"}, {"arr_dt": "1473721381", "direction": "0", "dep_dt": "1473721467", "route_id": "Red", "dwell_time_sec": "86"}, {"arr_dt": "1473721642", "direction": "0", "dep_dt": "1473721727", "route_id": "Red", "dwell_time_sec": "85"}, {"arr_dt": "1473722216", "direction": "0", "dep_dt": "1473722306", "route_id": "Red", "dwell_time_sec": "90"}, {"arr_dt": "1473722419", "direction": "0", "dep_dt": "1473722505", "route_id": "Red", "dwell_time_sec": "86"}, {"arr_dt": "1473722757", "direction": "0", "dep_dt": "1473722828", "route_id": "Red", "dwell_time_sec": "71"}, {"arr_dt": "1473723149", "direction": "0", "dep_dt": "1473723873", "route_id": "Red", "dwell_time_sec": "724"}, {"arr_dt": "1473723970", "direction": "0", "dep_dt": "1473724049", "route_id": "Red", "dwell_time_sec": "79"}, {"arr_dt": "1473724304", "direction": "0", "dep_dt": "1473724366", "route_id": "Red", "dwell_time_sec": "62"}, {"arr_dt": "1473724936", "direction": "0", "dep_dt": "1473725026", "route_id": "Red", "dwell_time_sec": "90"}, {"arr_dt": "1473725148", "direction": "0", "dep_dt": "1473725226", "route_id": "Red", "dwell_time_sec": "78"}, {"arr_dt": "1473725360", "direction": "0", "dep_dt": "1473725434", "route_id": "Red", "dwell_time_sec": "74"}, {"arr_dt": "1473725603", "direction": "0", "dep_dt": "1473725676", "route_id": "Red", "dwell_time_sec": "73"}, {"arr_dt": "1473725805", "direction": "0", "dep_dt": "1473725885", "route_id": "Red", "dwell_time_sec": "80"}, {"arr_dt": "1473726234", "direction": "0", "dep_dt": "1473726302", "route_id": "Red", "dwell_time_sec": "68"}, {"arr_dt": "1473726622", "direction": "0", "dep_dt": "1473726692", "route_id": "Red", "dwell_time_sec": "70"}, {"arr_dt": "1473727186", "direction": "0", "dep_dt": "1473727285", "route_id": "Red", "dwell_time_sec": "99"}, {"arr_dt": "1473727423", "direction": "0", "dep_dt": "1473727496", "route_id": "Red", "dwell_time_sec": "73"}, {"arr_dt": "1473727741", "direction": "0", "dep_dt": "1473727804", "route_id": "Red", "dwell_time_sec": "63"}, {"arr_dt": "1473727949", "direction": "0", "dep_dt": "1473728011", "route_id": "Red", "dwell_time_sec": "62"}, {"arr_dt": "1473728249", "direction": "0", "dep_dt": "1473728314", "route_id": "Red", "dwell_time_sec": "65"}, {"arr_dt": "1473728551", "direction": "0", "dep_dt": "1473728619", "route_id": "Red", "dwell_time_sec": "68"}, {"arr_dt": "1473729010", "direction": "0", "dep_dt": "1473729089", "route_id": "Red", "dwell_time_sec": "79"}, {"arr_dt": "1473729423", "direction": "0", "dep_dt": "1473729501", "route_id": "Red", "dwell_time_sec": "78"}, {"arr_dt": "1473729750", "direction": "0", "dep_dt": "1473729826", "route_id": "Red", "dwell_time_sec": "76"}, {"arr_dt": "1473730036", "direction": "0", "dep_dt": "1473730100", "route_id": "Red", "dwell_time_sec": "64"}, {"arr_dt": "1473730397", "direction": "0", "dep_dt": "1473730484", "route_id": "Red", "dwell_time_sec": "87"}, {"arr_dt": "1473730710", "direction": "0", "dep_dt": "1473730791", "route_id": "Red", "dwell_time_sec": "81"}, {"arr_dt": "1473730941", "direction": "0", "dep_dt": "1473731043", "route_id": "Red", "dwell_time_sec": "102"}, {"arr_dt": "1473731167", "direction": "0", "dep_dt": "1473731226", "route_id": "Red", "dwell_time_sec": "59"}, {"arr_dt": "1473731854", "direction": "0", "dep_dt": "1473731949", "route_id": "Red", "dwell_time_sec": "95"}, {"arr_dt": "1473732054", "direction": "0", "dep_dt": "1473732131", "route_id": "Red", "dwell_time_sec": "77"}, {"arr_dt": "1473732337", "direction": "0", "dep_dt": "1473732513", "route_id": "Red", "dwell_time_sec": "176"}, {"arr_dt": "1473733072", "direction": "0", "dep_dt": "1473733159", "route_id": "Red", "dwell_time_sec": "87"}, {"arr_dt": "1473733488", "direction": "0", "dep_dt": "1473733565", "route_id": "Red", "dwell_time_sec": "77"}, {"arr_dt": "1473734042", "direction": "0", "dep_dt": "1473734130", "route_id": "Red", "dwell_time_sec": "88"}, {"arr_dt": "1473734385", "direction": "0", "dep_dt": "1473734468", "route_id": "Red", "dwell_time_sec": "83"}, {"arr_dt": "1473734667", "direction": "0", "dep_dt": "1473734764", "route_id": "Red", "dwell_time_sec": "97"}, {"arr_dt": "1473735163", "direction": "0", "dep_dt": "1473735252", "route_id": "Red", "dwell_time_sec": "89"}, {"arr_dt": "1473735464", "direction": "0", "dep_dt": "1473735549", "route_id": "Red", "dwell_time_sec": "85"}, {"arr_dt": "1473735642", "direction": "0", "dep_dt": "1473735704", "route_id": "Red", "dwell_time_sec": "62"}, {"arr_dt": "1473735926", "direction": "0", "dep_dt": "1473735995", "route_id": "Red", "dwell_time_sec": "69"}, {"arr_dt": "1473736226", "direction": "0", "dep_dt": "1473736285", "route_id": "Red", "dwell_time_sec": "59"}, {"arr_dt": "1473736688", "direction": "0", "dep_dt": "1473736763", "route_id": "Red", "dwell_time_sec": "75"}, {"arr_dt": "1473736917", "direction": "0", "dep_dt": "1473736975", "route_id": "Red", "dwell_time_sec": "58"}, {"arr_dt": "1473737466", "direction": "0", "dep_dt": "1473737538", "route_id": "Red", "dwell_time_sec": "72"}, {"arr_dt": "1473737699", "direction": "0", "dep_dt": "1473737761", "route_id": "Red", "dwell_time_sec": "62"}, {"arr_dt": "1473738171", "direction": "0", "dep_dt": "1473738238", "route_id": "Red", "dwell_time_sec": "67"}, {"arr_dt": "1473738556", "direction": "0", "dep_dt": "1473738637", "route_id": "Red", "dwell_time_sec": "81"}, {"arr_dt": "1473738967", "direction": "0", "dep_dt": "1473739064", "route_id": "Red", "dwell_time_sec": "97"}]}