{"dwell_times": [{"arr_dt": "1477022789", "direction": "0", "dep_dt": "1477022855", "route_id": "Red", "dwell_time_sec": "66"}, {"arr_dt": "1477023245", "direction": "0", "dep_dt": "1477023308", "route_id": "Red", "dwell_time_sec": "63"}, {"arr_dt": "1477023694", "direction": "0", "dep_dt": "1477023760", "route_id": "Red", "dwell_time_sec": "66"}, {"arr_dt": "1477024414", "direction": "0", "dep_dt": "1477024483", "route_id": "Red", "dwell_time_sec": "69"}, {"arr_dt": "1477024687", "direction": "0", "dep_dt": "1477024751", "route_id": "Red", "dwell_time_sec": "64"}, {"arr_dt": "1477025880", "direction": "0", "dep_dt": "1477026860", "route_id": "Red", "dwell_time_sec": "980"}, {"arr_dt": "1477042569", "direction": "0", "dep_dt": "1477042633", "route_id": "Red", "dwell_time_sec": "64"}, {"arr_dt": "1477042943", "direction": "0", "dep_dt": "1477043013", "route_id": "Red", "dwell_time_sec": "70"}, {"arr_dt": "1477043261", "direction": "0", "dep_dt": "1477043319", "route_id": "Red", "dwell_time_sec": "58"}, {"arr_dt": "1477043683", "direction": "0", "dep_dt": "1477043743", "route_id": "Red", "dwell_time_sec": "60"}, {"arr_dt": "1477044033", "direction": "0", "dep_dt": "1477044113", "route_id": "Red", "dwell_time_sec": "80"}, {"arr_dt": "1477044570", "direction": "0", "dep_dt": "1477044642", "route_id": "Red", "dwell_time_sec": "72"}, {"arr_dt": "1477045224", "direction": "0", "dep_dt": "1477045282", "route_id": "Red", "dwell_time_sec": "58"}, {"arr_dt": "1477045790", "direction": "0", "dep_dt": "1477045852", "route_id": "Red", "dwell_time_sec": "62"}, {"arr_dt": "1477046185", "direction": "0", "dep_dt": "1477046253", "route_id": "Red", "dwell_time_sec": "68"}, {"arr_dt": "1477046388", "direction": "0", "dep_dt": "1477046447", "route_id": "Red", "dwell_time_sec": "59"}, {"arr_dt": "1477046679", "direction": "0", "dep_dt": "1477046747", "route_id": "Red", "dwell_time_sec": "68"}, {"arr_dt": "1477046920", "direction": "0", "dep_dt": "1477046987", "route_id": "Red", "dwell_time_sec": "67"}, {"arr_dt": "1477047362", "direction": "0", "dep_dt": "1477047436", "route_id": "Red", "dwell_time_sec": "74"}, {"arr_dt": "1477047553", "direction": "0", "dep_dt": "1477047613", "route_id": "Red", "dwell_time_sec": "60"}, {"arr_dt": "1477047941", "direction": "0", "dep_dt": "1477048006", "route_id": "Red", "dwell_time_sec": "65"}, {"arr_dt": "1477048120", "direction": "0", "dep_dt": "1477048194", "route_id": "Red", "dwell_time_sec": "74"}, {"arr_dt": "1477048298", "direction": "0", "dep_dt": "1477048376", "route_id": "Red", "dwell_time_sec": "78"}, {"arr_dt": "1477048696", "direction": "0", "dep_dt": "1477048778", "route_id": "Red", "dwell_time_sec": "82"}, {"arr_dt": "1477049091", "direction": "0", "dep_dt": "1477049166", "route_id": "Red", "dwell_time_sec": "75"}, {"arr_dt": "1477049346", "direction": "0", "dep_dt": "1477049436", "route_id": "Red", "dwell_time_sec": "90"}, {"arr_dt": "1477049545", "direction": "0", "dep_dt": "1477049641", "route_id": "Red", "dwell_time_sec": "96"}, {"arr_dt": "1477049850", "direction": "0", "dep_dt": "1477049939", "route_id": "Red", "dwell_time_sec": "89"}, {"arr_dt": "1477050048", "direction": "0", "dep_dt": "1477050115", "route_id": "Red", "dwell_time_sec": "67"}, {"arr_dt": "1477050218", "direction": "0", "dep_dt": "1477050295", "route_id": "Red", "dwell_time_sec": "77"}, {"arr_dt": "1477050400", "direction": "0", "dep_dt": "1477050481", "route_id": "Red", "dwell_time_sec": "81"}, {"arr_dt": "1477050790", "direction": "0", "dep_dt": "1477050890", "route_id": "Red", "dwell_time_sec": "100"}, {"arr_dt": "1477051052", "direction": "0", "dep_dt": "1477051133", "route_id": "Red", "dwell_time_sec": "81"}, {"arr_dt": "1477051271", "direction": "0", "dep_dt": "1477051342", "route_id": "Red", "dwell_time_sec": "71"}, {"arr_dt": "1477051447", "direction": "0", "dep_dt": "1477051510", "route_id": "Red", "dwell_time_sec": "63"}, {"arr_dt": "1477051609", "direction": "0", "dep_dt": "1477051679", "route_id": "Red", "dwell_time_sec": "70"}, {"arr_dt": "1477051812", "direction": "0", "dep_dt": "1477051887", "route_id": "Red", "dwell_time_sec": "75"}, {"arr_dt": "1477052216", "direction": "0", "dep_dt": "1477052319", "route_id": "Red", "dwell_time_sec": "103"}, {"arr_dt": "1477052435", "direction": "0", "dep_dt": "1477052529", "route_id": "Red", "dwell_time_sec": "94"}, {"arr_dt": "1477052670", "direction": "0", "dep_dt": "1477052769", "route_id": "Red", "dwell_time_sec": "99"}, {"arr_dt": "1477052882", "direction": "0", "dep_dt": "1477052965", "route_id": "Red", "dwell_time_sec": "83"}, {"arr_dt": "1477053163", "direction": "0", "dep_dt": "1477053237", "route_id": "Red", "dwell_time_sec": "74"}, {"arr_dt": "1477053367", "direction": "0", "dep_dt": "1477053455", "route_id": "Red", "dwell_time_sec": "88"}, {"arr_dt": "1477053573", "direction": "0", "dep_dt": "1477053659", "route_id": "Red", "dwell_time_sec": "86"}, {"arr_dt": "1477053787", "direction": "0", "dep_dt": "1477053870", "route_id": "Red", "dwell_time_sec": "83"}, {"arr_dt": "1477054153", "direction": "0", "dep_dt": "1477054263", "route_id": "Red", "dwell_time_sec": "110"}, {"arr_dt": "1477054424", "direction": "0", "dep_dt": "1477054509", "route_id": "Red", "dwell_time_sec": "85"}, {"arr_dt": "1477054615", "direction": "0", "dep_dt": "1477054714", "route_id": "Red", "dwell_time_sec": "99"}, {"arr_dt": "1477054820", "direction": "0", "dep_dt": "1477054900", "route_id": "Red", "dwell_time_sec": "80"}, {"arr_dt": "1477055066", "direction": "0", "dep_dt": "1477055151", "route_id": "Red", "dwell_time_sec": "85"}, {"arr_dt": "1477055260", "direction": "0", "dep_dt": "1477055349", "route_id": "Red", "dwell_time_sec": "89"}, {"arr_dt": "1477055487", "direction": "0", "dep_dt": "1477055575", "route_id": "Red", "dwell_time_sec": "88"}, {"arr_dt": "1477055833", "direction": "0", "dep_dt": "1477055899", "route_id": "Red", "dwell_time_sec": "66"}, {"arr_dt": "1477056038", "direction": "0", "dep_dt": "1477056105", "route_id": "Red", "dwell_time_sec": "67"}, {"arr_dt": "1477056293", "direction": "0", "dep_dt": "1477056489", "route_id": "Red", "dwell_time_sec": "196"}, {"arr_dt": "1477056599", "direction": "0", "dep_dt": "1477056678", "route_id": "Red", "dwell_time_sec": "79"}, {"arr_dt": "1477056778", "direction": "0", "dep_dt": "1477056851", "route_id": "Red", "dwell_time_sec": "73"}, {"arr_dt": "1477056964", "direction": "0", "dep_dt": "1477057046", "route_id": "Red", "dwell_time_sec": "82"}, {"arr_dt": "1477057161", "direction": "0", "dep_dt": "1477057230", "route_id": "Red", "dwell_time_sec": "69"}, {"arr_dt": "1477057468", "direction": "0", "dep_dt": "1477057535", "route_id": "Red", "dwell_time_sec": "67"}, {"arr_dt": "1477057651", "direction": "0", "dep_dt": "1477057720", "route_id": "Red", "dwell_time_sec": "69"}, {"arr_dt": "1477057893", "direction": "0", "dep_dt": "1477057957", "route_id": "Red", "dwell_time_sec": "64"}, {"arr_dt": "1477058123", "direction": "0", "dep_dt": "1477058191", "route_id": "Red", "dwell_time_sec": "68"}, {"arr_dt": "1477058303", "direction": "0", "dep_dt": "1477058372", "route_id": "Red", "dwell_time_sec": "69"}, {"arr_dt": "1477058507", "direction": "0", "dep_dt": "1477058570", "route_id": "Red", "dwell_time_sec": "63"}, {"arr_dt": "1477058673", "direction": "0", "dep_dt": "1477058740", "route_id": "Red", "dwell_time_sec": "67"}, {"arr_dt": "1477058842", "direction": "0", "dep_dt": "1477058903", "route_id": "Red", "dwell_time_sec": "61"}, {"arr_dt": "1477059345", "direction": "0", "dep_dt": "1477059410", "route_id": "Red", "dwell_time_sec": "65"}, {"arr_dt": "1477059530", "direction": "0", "dep_dt": "1477059602", "route_id": "Red", "dwell_time_sec": "72"}, {"arr_dt": "1477059710", "direction": "0", "dep_dt": "1477059770", "route_id": "Red", "dwell_time_sec": "60"}, {"arr_dt": "1477059951", "direction": "0", "dep_dt": "1477060038", "route_id": "Red", "dwell_time_sec": "87"}, {"arr_dt": "1477060139", "direction": "0", "dep_dt": "1477060208", "route_id": "Red", "dwell_time_sec": "69"}, {"arr_dt": "1477060551", "direction": "0", "dep_dt": "1477060613", "route_id": "Red", "dwell_time_sec": "62"}, {"arr_dt": "1477060871", "direction": "0", "dep_dt": "1477060943", "route_id": "Red", "dwell_time_sec": "72"}, {"arr_dt": "1477061397", "direction": "0", "dep_dt": "1477061481", "route_id": "Red", "dwell_time_sec": "84"}, {"arr_dt": "1477061593", "direction": "0", "dep_dt": "1477061665", "route_id": "Red", "dwell_time_sec": "72"}, {"arr_dt": "1477061777", "direction": "0", "dep_dt": "1477061836", "route_id": "Red", "dwell_time_sec": "59"}, {"arr_dt": "1477062161", "direction": "0", "dep_dt": "1477062234", "route_id": "Red", "dwell_time_sec": "73"}, {"arr_dt": "1477062743", "direction": "0", "dep_dt": "1477062829", "route_id": "Red", "dwell_time_sec": "86"}, {"arr_dt": "1477063011", "direction": "0", "dep_dt": "1477063076", "route_id": "Red", "dwell_time_sec": "65"}, {"arr_dt": "1477063429", "direction": "0", "dep_dt": "1477063506", "route_id": "Red", "dwell_time_sec": "77"}, {"arr_dt": "1477063677", "direction": "0", "dep_dt": "1477063750", "route_id": "Red", "dwell_time_sec": "73"}, {"arr_dt": "1477064090", "direction": "0", "dep_dt": "1477064177", "route_id": "Red", "dwell_time_sec": "87"}, {"arr_dt": "1477064425", "direction": "0", "dep_dt": "1477064494", "route_id": "Red", "dwell_time_sec": "69"}, {"arr_dt": "1477064934", "direction": "0", "dep_dt": "1477065033", "route_id": "Red", "dwell_time_sec": "99"}, {"arr_dt": "1477065363", "direction": "0", "dep_dt": "1477065455", "route_id": "Red", "dwell_time_sec": "92"}, {"arr_dt": "1477065618", "direction": "0", "dep_dt": "1477065677", "route_id": "Red", "dwell_time_sec": "59"}, {"arr_dt": "1477066231", "direction": "0", "dep_dt": "1477066322", "route_id": "Red", "dwell_time_sec": "91"}, {"arr_dt": "1477066471", "direction": "0", "dep_dt": "1477066560", "route_id": "Red", "dwell_time_sec": "89"}, {"arr_dt": "1477066923", "direction": "0", "dep_dt": "1477067009", "route_id": "Red", "dwell_time_sec": "86"}, {"arr_dt": "1477067289", "direction": "0", "dep_dt": "1477067379", "route_id": "Red", "dwell_time_sec": "90"}, {"arr_dt": "1477067607", "direction": "0", "dep_dt": "1477067675", "route_id": "Red", "dwell_time_sec": "68"}, {"arr_dt": "1477068363", "direction": "0", "dep_dt": "1477068455", "route_id": "Red", "dwell_time_sec": "92"}, {"arr_dt": "1477068576", "direction": "0", "dep_dt": "1477068652", "route_id": "Red", "dwell_time_sec": "76"}, {"arr_dt": "1477069017", "direction": "0", "dep_dt": "1477069094", "route_id": "Red", "dwell_time_sec": "77"}, {"arr_dt": "1477069544", "direction": "0", "dep_dt": "1477069645", "route_id": "Red", "dwell_time_sec": "101"}, {"arr_dt": "1477069967", "direction": "0", "dep_dt": "1477070081", "route_id": "Red", "dwell_time_sec": "114"}, {"arr_dt": "1477070273", "direction": "0", "dep_dt": "1477070340", "route_id": "Red", "dwell_time_sec": "67"}, {"arr_dt": "1477070537", "direction": "0", "dep_dt": "1477070608", "route_id": "Red", "dwell_time_sec": "71"}, {"arr_dt": "1477071026", "direction": "0", "dep_dt": "1477071102", "route_id": "Red", "dwell_time_sec": "76"}, {"arr_dt": "1477071396", "direction": "0", "dep_dt": "1477071469", "route_id": "Red", "dwell_time_sec": "73"}, {"arr_dt": "1477071860", "direction": "0", "dep_dt": "1477071939", "route_id": "Red", "dwell_time_sec": "79"}, {"arr_dt": "1477072233", "direction": "0", "dep_dt": "1477072315", "route_id": "Red", "dwell_time_sec": "82"}, {"arr_dt": "1477072777", "direction": "0", "dep_dt": "1477072858", "route_id": "Red", "dwell_time_sec": "81"}, {"arr_dt": "1477073069", "direction": "0", "dep_dt": "1477073219", "route_id": "Red", "dwell_time_sec": "150"}, {"arr_dt": "1477073746", "direction": "0", "dep_dt": "1477073832", "route_id": "Red", "dwell_time_sec": "86"}, {"arr_dt": "1477073956", "direction": "0", "dep_dt": "1477074025", "route_id": "Red", "dwell_time_sec": "69"}, {"arr_dt": "1477074385", "direction": "0", "dep_dt": "1477074469", "route_id": "Red", "dwell_time_sec": "84"}, {"arr_dt": "1477074754", "direction": "0", "dep_dt": "1477074822", "route_id": "Red", "dwell_time_sec": "68"}, {"arr_dt": "1477075515", "direction": "0", "dep_dt": "1477075609", "route_id": "Red", "dwell_time_sec": "94"}, {"arr_dt": "1477075802", "direction": "0", "dep_dt": "1477075912", "route_id": "Red", "dwell_time_sec": "110"}, {"arr_dt": "1477076025", "direction": "0", "dep_dt": "1477076107", "route_id": "Red", "dwell_time_sec": "82"}, {"arr_dt": "1477076821", "direction": "0", "dep_dt": "1477076934", "route_id": "Red", "dwell_time_sec": "113"}, {"arr_dt": "1477077045", "direction": "0", "dep_dt": "1477077134", "route_id": "Red", "dwell_time_sec": "89"}, {"arr_dt": "1477077271", "direction": "0", "dep_dt": "1477077352", "route_id": "Red", "dwell_time_sec": "81"}, {"arr_dt": "1477077721", "direction": "0", "dep_dt": "1477077819", "route_id": "Red", "dwell_time_sec": "98"}, {"arr_dt": "1477078333", "direction": "0", "dep_dt": "1477078476", "route_id": "Red", "dwell_time_sec": "143"}, {"arr_dt": "1477078582", "direction": "0", "dep_dt": "1477078705", "route_id": "Red", "dwell_time_sec": "123"}, {"arr_dt": "1477078865", "direction": "0", "dep_dt": "1477078962", "route_id": "Red", "dwell_time_sec": "97"}, {"arr_dt": "1477079082", "direction": "0", "dep_dt": "1477079178", "route_id": "Red", "dwell_time_sec": "96"}, {"arr_dt": "1477079337", "direction": "0", "dep_dt": "1477079415", "route_id": "Red", "dwell_time_sec": "78"}, {"arr_dt": "1477079730", "direction": "0", "dep_dt": "1477079889", "route_id": "Red", "dwell_time_sec": "159"}, {"arr_dt": "1477080195", "direction": "0", "dep_dt": "1477081072", "route_id": "Red", "dwell_time_sec": "877"}, {"arr_dt": "1477081598", "direction": "0", "dep_dt": "1477081757", "route_id": "Red", "dwell_time_sec": "159"}, {"arr_dt": "1477082122", "direction": "0", "dep_dt": "1477082304", "route_id": "Red", "dwell_time_sec": "182"}, {"arr_dt": "1477082587", "direction": "0", "dep_dt": "1477082722", "route_id": "Red", "dwell_time_sec": "135"}, {"arr_dt": "1477083083", "direction": "0", "dep_dt": "1477083204", "route_id": "Red", "dwell_time_sec": "121"}, {"arr_dt": "1477083493", "direction": "0", "dep_dt": "1477083639", "route_id": "Red", "dwell_time_sec": "146"}, {"arr_dt": "1477083730", "direction": "0", "dep_dt": "1477083824", "route_id": "Red", "dwell_time_sec": "94"}, {"arr_dt": "1477084018", "direction": "0", "dep_dt": "1477084127", "route_id": "Red", "dwell_time_sec": "109"}, {"arr_dt": "1477084292", "direction": "0", "dep_dt": "1477084970", "route_id": "Red", "dwell_time_sec": "678"}, {"arr_dt": "1477085058", "direction": "0", "dep_dt": "1477085244", "route_id": "Red", "dwell_time_sec": "186"}, {"arr_dt": "1477085365", "direction": "0", "dep_dt": "1477085472", "route_id": "Red", "dwell_time_sec": "107"}, {"arr_dt": "1477085632", "direction": "0", "dep_dt": "1477085740", "route_id": "Red", "dwell_time_sec": "108"}, {"arr_dt": "1477085855", "direction": "0", "dep_dt": "1477085964", "route_id": "Red", "dwell_time_sec": "109"}, {"arr_dt": "1477086061", "direction": "0", "dep_dt": "1477086185", "route_id": "Red", "dwell_time_sec": "124"}, {"arr_dt": "1477086330", "direction": "0", "dep_dt": "1477086423", "route_id": "Red", "dwell_time_sec": "93"}, {"arr_dt": "1477086550", "direction": "0", "dep_dt": "1477086645", "route_id": "Red", "dwell_time_sec": "95"}, {"arr_dt": "1477086750", "direction": "0", "dep_dt": "1477086860", "route_id": "Red", "dwell_time_sec": "110"}, {"arr_dt": "1477087739", "direction": "0", "dep_dt": "1477087901", "route_id": "Red", "dwell_time_sec": "162"}, {"arr_dt": "1477088001", "direction": "0", "dep_dt": "1477088114", "route_id": "Red", "dwell_time_sec": "113"}, {"arr_dt": "1477088320", "direction": "0", "dep_dt": "1477088422", "route_id": "Red", "dwell_time_sec": "102"}, {"arr_dt": "1477088544", "direction": "0", "dep_dt": "1477088653", "route_id": "Red", "dwell_time_sec": "109"}, {"arr_dt": "1477088767", "direction": "0", "dep_dt": "1477088859", "route_id": "Red", "dwell_time_sec": "92"}, {"arr_dt": "1477088976", "direction": "0", "dep_dt": "1477089086", "route_id": "Red", "dwell_time_sec": "110"}, {"arr_dt": "1477089189", "direction": "0", "dep_dt": "1477089306", "route_id": "Red", "dwell_time_sec": "117"}, {"arr_dt": "1477089398", "direction": "0", "dep_dt": "1477089506", "route_id": "Red", "dwell_time_sec": "108"}, {"arr_dt": "1477089830", "direction": "0", "dep_dt": "1477089942", "route_id": "Red", "dwell_time_sec": "112"}, {"arr_dt": "1477090037", "direction": "0", "dep_dt": "1477090311", "route_id": "Red", "dwell_time_sec": "274"}, {"arr_dt": "1477090476", "direction": "0", "dep_dt": "1477090566", "route_id": "Red", "dwell_time_sec": "90"}, {"arr_dt": "1477090853", "direction": "0", "dep_dt": "1477091031", "route_id": "Red", "dwell_time_sec": "178"}, {"arr_dt": "1477091418", "direction": "0", "dep_dt": "1477091492", "route_id": "Red", "dwell_time_sec": "74"}, {"arr_dt": "1477091678", "direction": "0", "dep_dt": "1477091773", "route_id": "Red", "dwell_time_sec": "95"}, {"arr_dt": "1477091871", "direction": "0", "dep_dt": "1477091962", "route_id": "Red", "dwell_time_sec": "91"}, {"arr_dt": "1477092238", "direction": "0", "dep_dt": "1477092322", "route_id": "Red", "dwell_time_sec": "84"}, {"arr_dt": "1477092459", "direction": "0", "dep_dt": "1477092853", "route_id": "Red", "dwell_time_sec": "394"}, {"arr_dt": "1477092995", "direction": "0", "dep_dt": "1477093132", "route_id": "Red", "dwell_time_sec": "137"}, {"arr_dt": "1477093276", "direction": "0", "dep_dt": "1477093357", "route_id": "Red", "dwell_time_sec": "81"}, {"arr_dt": "1477093516", "direction": "0", "dep_dt": "1477093598", "route_id": "Red", "dwell_time_sec": "82"}, {"arr_dt": "1477093708", "direction": "0", "dep_dt": "1477093787", "route_id": "Red", "dwell_time_sec": "79"}, {"arr_dt": "1477093890", "direction": "0", "dep_dt": "1477093971", "route_id": "Red", "dwell_time_sec": "81"}, {"arr_dt": "1477094078", "direction": "0", "dep_dt": "1477094185", "route_id": "Red", "dwell_time_sec": "107"}, {"arr_dt": "1477094266", "direction": "0", "dep_dt": "1477094430", "route_id": "Red", "dwell_time_sec": "164"}, {"arr_dt": "1477094836", "direction": "0", "dep_dt": "1477094917", "route_id": "Red", "dwell_time_sec": "81"}, {"arr_dt": "1477095226", "direction": "0", "dep_dt": "1477095293", "route_id": "Red", "dwell_time_sec": "67"}, {"arr_dt": "1477095876", "direction": "0", "dep_dt": "1477095955", "route_id": "Red", "dwell_time_sec": "79"}, {"arr_dt": "1477096074", "direction": "0", "dep_dt": "1477096138", "route_id": "Red", "dwell_time_sec": "64"}, {"arr_dt": "1477096319", "direction": "0", "dep_dt": "1477096420", "route_id": "Red", "dwell_time_sec": "101"}, {"arr_dt": "1477096587", "direction": "0", "dep_dt": "1477096644", "route_id": "Red", "dwell_time_sec": "57"}, {"arr_dt": "1477096788", "direction": "0", "dep_dt": "1477096872", "route_id": "Red", "dwell_time_sec": "84"}, {"arr_dt": "1477096991", "direction": "0", "dep_dt": "1477097073", "route_id": "Red", "dwell_time_sec": "82"}, {"arr_dt": "1477097925", "direction": "0", "dep_dt": "1477098011", "route_id": "Red", "dwell_time_sec": "86"}, {"arr_dt": "1477098133", "direction": "0", "dep_dt": "1477098208", "route_id": "Red", "dwell_time_sec": "75"}, {"arr_dt": "1477098437", "direction": "0", "dep_dt": "1477098504", "route_id": "Red", "dwell_time_sec": "67"}, {"arr_dt": "1477098620", "direction": "0", "dep_dt": "1477098691", "route_id": "Red", "dwell_time_sec": "71"}, {"arr_dt": "1477098972", "direction": "0", "dep_dt": "1477099042", "route_id": "Red", "dwell_time_sec": "70"}, {"arr_dt": "1477099154", "direction": "0", "dep_dt": "1477099216", "route_id": "Red", "dwell_time_sec": "62"}, {"arr_dt": "1477099501", "direction": "0", "dep_dt": "1477099590", "route_id": "Red", "dwell_time_sec": "89"}, {"arr_dt": "1477099710", "direction": "0", "dep_dt": "1477099792", "route_id": "Red", "dwell_time_sec": "82"}, {"arr_dt": "1477100317", "direction": "0", "dep_dt": "1477100398", "route_id": "Red", "dwell_time_sec": "81"}, {"arr_dt": "1477100512", "direction": "0", "dep_dt": "1477100580", "route_id": "Red", "dwell_time_sec": "68"}, {"arr_dt": "1477100988", "direction": "0", "dep_dt": "1477101049", "route_id": "Red", "dwell_time_sec": "61"}, {"arr_dt": "1477101507", "direction": "0", "dep_dt": "1477101590", "route_id": "Red", "dwell_time_sec": "83"}, {"arr_dt": "1477101744", "direction": "0", "dep_dt": "1477101799", "route_id": "Red", "dwell_time_sec": "55"}, {"arr_dt": "1477101946", "direction": "0", "dep_dt": "1477102075", "route_id": "Red", "dwell_time_sec": "129"}, {"arr_dt": "1477102505", "direction": "0", "dep_dt": "1477102584", "route_id": "Red", "dwell_time_sec": "79"}, {"arr_dt": "1477103069", "direction": "0", "dep_dt": "1477103144", "route_id": "Red", "dwell_time_sec": "75"}, {"arr_dt": "1477103419", "direction": "0", "dep_dt": "1477103487", "route_id": "Red", "dwell_time_sec": "68"}, {"arr_dt": "1477103796", "direction": "0", "dep_dt": "1477103876", "route_id": "Red", "dwell_time_sec": "80"}, {"arr_dt": "1477104335", "direction": "0", "dep_dt": "1477104405", "route_id": "Red", "dwell_time_sec": "70"}, {"arr_dt": "1477104663", "direction": "0", "dep_dt": "1477104727", "route_id": "Red", "dwell_time_sec": "64"}, {"arr_dt": "1477104932", "direction": "0", "dep_dt": "1477105021", "route_id": "Red", "dwell_time_sec": "89"}, {"arr_dt": "1477105149", "direction": "0", "dep_dt": "1477105204", "route_id": "Red", "dwell_time_sec": "55"}, {"arr_dt": "1477105490", "direction": "0", "dep_dt": "1477105556", "route_id": "Red", "dwell_time_sec": "66"}, {"arr_dt": "1477106030", "direction": "0", "dep_dt": "1477106108", "route_id": "Red", "dwell_time_sec": "78"}, {"arr_dt": "1477106260", "direction": "0", "dep_dt": "1477106318", "route_id": "Red", "dwell_time_sec": "58"}, {"arr_dt": "1477106773", "direction": "0", "dep_dt": "1477106867", "route_id": "Red", "dwell_time_sec": "94"}, {"arr_dt": "1477106984", "direction": "0", "dep_dt": "1477107059", "route_id": "Red", "dwell_time_sec": "75"}, {"arr_dt": "1477107483", "direction": "0", "dep_dt": "1477107568", "route_id": "Red", "dwell_time_sec": "85"}, {"arr_dt": "1477107689", "direction": "0", "dep_dt": "1477107740", "route_id": "Red", "dwell_time_sec": "51"}, {"arr_dt": "1477107928", "direction": "0", "dep_dt": "1477107988", "route_id": "Red", "dwell_time_sec": "60"}, {"arr_dt": "1477108315", "direction": "0", "dep_dt": "1477108379", "route_id": "Red", "dwell_time_sec": "64"}, {"arr_dt": "1477108524", "direction": "0", "dep_dt": "1477108577", "route_id": "Red", "dwell_time_sec": "53"}]}