{"dwell_times": [{"arr_dt": "1459569714", "direction": "0", "dep_dt": "1459569784", "route_id": "Red", "dwell_time_sec": "70"}, {"arr_dt": "1459569886", "direction": "0", "dep_dt": "1459569951", "route_id": "Red", "dwell_time_sec": "65"}, {"arr_dt": "1459570181", "direction": "0", "dep_dt": "1459570246", "route_id": "Red", "dwell_time_sec": "65"}, {"arr_dt": "1459570595", "direction": "0", "dep_dt": "1459570664", "route_id": "Red", "dwell_time_sec": "69"}, {"arr_dt": "1459571205", "direction": "0", "dep_dt": "1459571283", "route_id": "Red", "dwell_time_sec": "78"}, {"arr_dt": "1459571765", "direction": "0", "dep_dt": "1459571827", "route_id": "Red", "dwell_time_sec": "62"}, {"arr_dt": "1459572696", "direction": "0", "dep_dt": "1459572777", "route_id": "Red", "dwell_time_sec": "81"}, {"arr_dt": "1459573303", "direction": "0", "dep_dt": "1459574453", "route_id": "Red", "dwell_time_sec": "1150"}, {"arr_dt": "1459590951", "direction": "0", "dep_dt": "1459591013", "route_id": "Red", "dwell_time_sec": "62"}, {"arr_dt": "1459591471", "direction": "0", "dep_dt": "1459591520", "route_id": "Red", "dwell_time_sec": "49"}, {"arr_dt": "1459592115", "direction": "0", "dep_dt": "1459592187", "route_id": "Red", "dwell_time_sec": "72"}, {"arr_dt": "1459592610", "direction": "0", "dep_dt": "1459592665", "route_id": "Red", "dwell_time_sec": "55"}, {"arr_dt": "1459593198", "direction": "0", "dep_dt": "1459593264", "route_id": "Red", "dwell_time_sec": "66"}, {"arr_dt": "1459593727", "direction": "0", "dep_dt": "1459593796", "route_id": "Red", "dwell_time_sec": "69"}, {"arr_dt": "1459594414", "direction": "0", "dep_dt": "1459594491", "route_id": "Red", "dwell_time_sec": "77"}, {"arr_dt": "1459595134", "direction": "0", "dep_dt": "1459595238", "route_id": "Red", "dwell_time_sec": "104"}, {"arr_dt": "1459595893", "direction": "0", "dep_dt": "1459595961", "route_id": "Red", "dwell_time_sec": "68"}, {"arr_dt": "1459596372", "direction": "0", "dep_dt": "1459596426", "route_id": "Red", "dwell_time_sec": "54"}, {"arr_dt": "1459596985", "direction": "0", "dep_dt": "1459597054", "route_id": "Red", "dwell_time_sec": "69"}, {"arr_dt": "1459597470", "direction": "0", "dep_dt": "1459597529", "route_id": "Red", "dwell_time_sec": "59"}, {"arr_dt": "1459598098", "direction": "0", "dep_dt": "1459598172", "route_id": "Red", "dwell_time_sec": "74"}, {"arr_dt": "1459598668", "direction": "0", "dep_dt": "1459598754", "route_id": "Red", "dwell_time_sec": "86"}, {"arr_dt": "1459599217", "direction": "0", "dep_dt": "1459599294", "route_id": "Red", "dwell_time_sec": "77"}, {"arr_dt": "1459599904", "direction": "0", "dep_dt": "1459600005", "route_id": "Red", "dwell_time_sec": "101"}, {"arr_dt": "1459600467", "direction": "0", "dep_dt": "1459600535", "route_id": "Red", "dwell_time_sec": "68"}, {"arr_dt": "1459600973", "direction": "0", "dep_dt": "1459601035", "route_id": "Red", "dwell_time_sec": "62"}, {"arr_dt": "1459601592", "direction": "0", "dep_dt": "1459601656", "route_id": "Red", "dwell_time_sec": "64"}, {"arr_dt": "1459602139", "direction": "0", "dep_dt": "1459602210", "route_id": "Red", "dwell_time_sec": "71"}, {"arr_dt": "1459602802", "direction": "0", "dep_dt": "1459602871", "route_id": "Red", "dwell_time_sec": "69"}, {"arr_dt": "1459603268", "direction": "0", "dep_dt": "1459603355", "route_id": "Red", "dwell_time_sec": "87"}, {"arr_dt": "1459603864", "direction": "0", "dep_dt": "1459603945", "route_id": "Red", "dwell_time_sec": "81"}, {"arr_dt": "1459604730", "direction": "0", "dep_dt": "1459604834", "route_id": "Red", "dwell_time_sec": "104"}, {"arr_dt": "1459605248", "direction": "0", "dep_dt": "1459605338", "route_id": "Red", "dwell_time_sec": "90"}, {"arr_dt": "1459605726", "direction": "0", "dep_dt": "1459605808", "route_id": "Red", "dwell_time_sec": "82"}, {"arr_dt": "1459606470", "direction": "0", "dep_dt": "1459606545", "route_id": "Red", "dwell_time_sec": "75"}, {"arr_dt": "1459607021", "direction": "0", "dep_dt": "1459607094", "route_id": "Red", "dwell_time_sec": "73"}, {"arr_dt": "1459607687", "direction": "0", "dep_dt": "1459607757", "route_id": "Red", "dwell_time_sec": "70"}, {"arr_dt": "1459608255", "direction": "0", "dep_dt": "1459608339", "route_id": "Red", "dwell_time_sec": "84"}, {"arr_dt": "1459609097", "direction": "0", "dep_dt": "1459609182", "route_id": "Red", "dwell_time_sec": "85"}, {"arr_dt": "1459609666", "direction": "0", "dep_dt": "1459609744", "route_id": "Red", "dwell_time_sec": "78"}, {"arr_dt": "1459610317", "direction": "0", "dep_dt": "1459610448", "route_id": "Red", "dwell_time_sec": "131"}, {"arr_dt": "1459610948", "direction": "0", "dep_dt": "1459611037", "route_id": "Red", "dwell_time_sec": "89"}, {"arr_dt": "1459611556", "direction": "0", "dep_dt": "1459611642", "route_id": "Red", "dwell_time_sec": "86"}, {"arr_dt": "1459612259", "direction": "0", "dep_dt": "1459612332", "route_id": "Red", "dwell_time_sec": "73"}, {"arr_dt": "1459612926", "direction": "0", "dep_dt": "1459613017", "route_id": "Red", "dwell_time_sec": "91"}, {"arr_dt": "1459613461", "direction": "0", "dep_dt": "1459613536", "route_id": "Red", "dwell_time_sec": "75"}, {"arr_dt": "1459614171", "direction": "0", "dep_dt": "1459614259", "route_id": "Red", "dwell_time_sec": "88"}, {"arr_dt": "1459614729", "direction": "0", "dep_dt": "1459614817", "route_id": "Red", "dwell_time_sec": "88"}, {"arr_dt": "1459615215", "direction": "0", "dep_dt": "1459615318", "route_id": "Red", "dwell_time_sec": "103"}, {"arr_dt": "1459615856", "direction": "0", "dep_dt": "1459615957", "route_id": "Red", "dwell_time_sec": "101"}, {"arr_dt": "1459616366", "direction": "0", "dep_dt": "1459616450", "route_id": "Red", "dwell_time_sec": "84"}, {"arr_dt": "1459617042", "direction": "0", "dep_dt": "1459617139", "route_id": "Red", "dwell_time_sec": "97"}, {"arr_dt": "1459617791", "direction": "0", "dep_dt": "1459617881", "route_id": "Red", "dwell_time_sec": "90"}, {"arr_dt": "1459618258", "direction": "0", "dep_dt": "1459618346", "route_id": "Red", "dwell_time_sec": "88"}, {"arr_dt": "1459618841", "direction": "0", "dep_dt": "1459618933", "route_id": "Red", "dwell_time_sec": "92"}, {"arr_dt": "1459619397", "direction": "0", "dep_dt": "1459619476", "route_id": "Red", "dwell_time_sec": "79"}, {"arr_dt": "1459619965", "direction": "0", "dep_dt": "1459620045", "route_id": "Red", "dwell_time_sec": "80"}, {"arr_dt": "1459620722", "direction": "0", "dep_dt": "1459620843", "route_id": "Red", "dwell_time_sec": "121"}, {"arr_dt": "1459621355", "direction": "0", "dep_dt": "1459621435", "route_id": "Red", "dwell_time_sec": "80"}, {"arr_dt": "1459621870", "direction": "0", "dep_dt": "1459621959", "route_id": "Red", "dwell_time_sec": "89"}, {"arr_dt": "1459622557", "direction": "0", "dep_dt": "1459622657", "route_id": "Red", "dwell_time_sec": "100"}, {"arr_dt": "1459623045", "direction": "0", "dep_dt": "1459623115", "route_id": "Red", "dwell_time_sec": "70"}, {"arr_dt": "1459623644", "direction": "0", "dep_dt": "1459623723", "route_id": "Red", "dwell_time_sec": "79"}, {"arr_dt": "1459624391", "direction": "0", "dep_dt": "1459624513", "route_id": "Red", "dwell_time_sec": "122"}, {"arr_dt": "1459625052", "direction": "0", "dep_dt": "1459625145", "route_id": "Red", "dwell_time_sec": "93"}, {"arr_dt": "1459625651", "direction": "0", "dep_dt": "1459625759", "route_id": "Red", "dwell_time_sec": "108"}, {"arr_dt": "1459626253", "direction": "0", "dep_dt": "1459626329", "route_id": "Red", "dwell_time_sec": "76"}, {"arr_dt": "1459626898", "direction": "0", "dep_dt": "1459626990", "route_id": "Red", "dwell_time_sec": "92"}, {"arr_dt": "1459627483", "direction": "0", "dep_dt": "1459627562", "route_id": "Red", "dwell_time_sec": "79"}, {"arr_dt": "1459628027", "direction": "0", "dep_dt": "1459628113", "route_id": "Red", "dwell_time_sec": "86"}, {"arr_dt": "1459628652", "direction": "0", "dep_dt": "1459628767", "route_id": "Red", "dwell_time_sec": "115"}, {"arr_dt": "1459629235", "direction": "0", "dep_dt": "1459629313", "route_id": "Red", "dwell_time_sec": "78"}, {"arr_dt": "1459629922", "direction": "0", "dep_dt": "1459630033", "route_id": "Red", "dwell_time_sec": "111"}, {"arr_dt": "1459630544", "direction": "0", "dep_dt": "1459630629", "route_id": "Red", "dwell_time_sec": "85"}, {"arr_dt": "1459631195", "direction": "0", "dep_dt": "1459631291", "route_id": "Red", "dwell_time_sec": "96"}, {"arr_dt": "1459631816", "direction": "0", "dep_dt": "1459632127", "route_id": "Red", "dwell_time_sec": "311"}, {"arr_dt": "1459632734", "direction": "0", "dep_dt": "1459632816", "route_id": "Red", "dwell_time_sec": "82"}, {"arr_dt": "1459633222", "direction": "0", "dep_dt": "1459633313", "route_id": "Red", "dwell_time_sec": "91"}, {"arr_dt": "1459633879", "direction": "0", "dep_dt": "1459633978", "route_id": "Red", "dwell_time_sec": "99"}, {"arr_dt": "1459634525", "direction": "0", "dep_dt": "1459634602", "route_id": "Red", "dwell_time_sec": "77"}, {"arr_dt": "1459635154", "direction": "0", "dep_dt": "1459635234", "route_id": "Red", "dwell_time_sec": "80"}, {"arr_dt": "1459635977", "direction": "0", "dep_dt": "1459636093", "route_id": "Red", "dwell_time_sec": "116"}, {"arr_dt": "1459636508", "direction": "0", "dep_dt": "1459636607", "route_id": "Red", "dwell_time_sec": "99"}, {"arr_dt": "1459637094", "direction": "0", "dep_dt": "1459637173", "route_id": "Red", "dwell_time_sec": "79"}, {"arr_dt": "1459637601", "direction": "0", "dep_dt": "1459637677", "route_id": "Red", "dwell_time_sec": "76"}, {"arr_dt": "1459638707", "direction": "0", "dep_dt": "1459638787", "route_id": "Red", "dwell_time_sec": "80"}, {"arr_dt": "1459639348", "direction": "0", "dep_dt": "1459639452", "route_id": "Red", "dwell_time_sec": "104"}, {"arr_dt": "1459640056", "direction": "0", "dep_dt": "1459640144", "route_id": "Red", "dwell_time_sec": "88"}, {"arr_dt": "1459640567", "direction": "0", "dep_dt": "1459640657", "route_id": "Red", "dwell_time_sec": "90"}, {"arr_dt": "1459641107", "direction": "0", "dep_dt": "1459641179", "route_id": "Red", "dwell_time_sec": "72"}, {"arr_dt": "1459641656", "direction": "0", "dep_dt": "1459641743", "route_id": "Red", "dwell_time_sec": "87"}, {"arr_dt": "1459642257", "direction": "0", "dep_dt": "1459642333", "route_id": "Red", "dwell_time_sec": "76"}, {"arr_dt": "1459642832", "direction": "0", "dep_dt": "1459642907", "route_id": "Red", "dwell_time_sec": "75"}, {"arr_dt": "1459643286", "direction": "0", "dep_dt": "1459643368", "route_id": "Red", "dwell_time_sec": "82"}, {"arr_dt": "1459643856", "direction": "0", "dep_dt": "1459643932", "route_id": "Red", "dwell_time_sec": "76"}, {"arr_dt": "1459644316", "direction": "0", "dep_dt": "1459644386", "route_id": "Red", "dwell_time_sec": "70"}, {"arr_dt": "1459644937", "direction": "0", "dep_dt": "1459645003", "route_id": "Red", "dwell_time_sec": "66"}, {"arr_dt": "1459645740", "direction": "0", "dep_dt": "1459645827", "route_id": "Red", "dwell_time_sec": "87"}, {"arr_dt": "1459646182", "direction": "0", "dep_dt": "1459646255", "route_id": "Red", "dwell_time_sec": "73"}, {"arr_dt": "1459646757", "direction": "0", "dep_dt": "1459646826", "route_id": "Red", "dwell_time_sec": "69"}, {"arr_dt": "1459647428", "direction": "0", "dep_dt": "1459647505", "route_id": "Red", "dwell_time_sec": "77"}, {"arr_dt": "1459648053", "direction": "0", "dep_dt": "1459648126", "route_id": "Red", "dwell_time_sec": "73"}, {"arr_dt": "1459648649", "direction": "0", "dep_dt": "1459648724", "route_id": "Red", "dwell_time_sec": "75"}, {"arr_dt": "1459649186", "direction": "0", "dep_dt": "1459649253", "route_id": "Red", "dwell_time_sec": "67"}, {"arr_dt": "1459649932", "direction": "0", "dep_dt": "1459650023", "route_id": "Red", "dwell_time_sec": "91"}, {"arr_dt": "1459650488", "direction": "0", "dep_dt": "1459650577", "route_id": "Red", "dwell_time_sec": "89"}, {"arr_dt": "1459651062", "direction": "0", "dep_dt": "1459651137", "route_id": "Red", "dwell_time_sec": "75"}, {"arr_dt": "1459651793", "direction": "0", "dep_dt": "1459651888", "route_id": "Red", "dwell_time_sec": "95"}, {"arr_dt": "1459652347", "direction": "0", "dep_dt": "1459652424", "route_id": "Red", "dwell_time_sec": "77"}, {"arr_dt": "1459652924", "direction": "0", "dep_dt": "1459652995", "route_id": "Red", "dwell_time_sec": "71"}, {"arr_dt": "1459653487", "direction": "0", "dep_dt": "1459653554", "route_id": "Red", "dwell_time_sec": "67"}, {"arr_dt": "1459654148", "direction": "0", "dep_dt": "1459654232", "route_id": "Red", "dwell_time_sec": "84"}, {"arr_dt": "1459654757", "direction": "0", "dep_dt": "1459654832", "route_id": "Red", "dwell_time_sec": "75"}, {"arr_dt": "1459655194", "direction": "0", "dep_dt": "1459655253", "route_id": "Red", "dwell_time_sec": "59"}, {"arr_dt": "1459655755", "direction": "0", "dep_dt": "1459655834", "route_id": "Red", "dwell_time_sec": "79"}]}