{"dwell_times": [{"arr_dt": "1458100994", "direction": "0", "dep_dt": "1458101069", "route_id": "Red", "dwell_time_sec": "75"}, {"arr_dt": "1458101186", "direction": "0", "dep_dt": "1458101248", "route_id": "Red", "dwell_time_sec": "62"}, {"arr_dt": "1458101636", "direction": "0", "dep_dt": "1458101706", "route_id": "Red", "dwell_time_sec": "70"}, {"arr_dt": "1458102080", "direction": "0", "dep_dt": "1458102136", "route_id": "Red", "dwell_time_sec": "56"}, {"arr_dt": "1458102580", "direction": "0", "dep_dt": "1458102653", "route_id": "Red", "dwell_time_sec": "73"}, {"arr_dt": "1458120805", "direction": "0", "dep_dt": "1458120864", "route_id": "Red", "dwell_time_sec": "59"}, {"arr_dt": "1458121367", "direction": "0", "dep_dt": "1458121434", "route_id": "Red", "dwell_time_sec": "67"}, {"arr_dt": "1458121605", "direction": "0", "dep_dt": "1458121693", "route_id": "Red", "dwell_time_sec": "88"}, {"arr_dt": "1458122038", "direction": "0", "dep_dt": "1458122095", "route_id": "Red", "dwell_time_sec": "57"}, {"arr_dt": "1458122518", "direction": "0", "dep_dt": "1458122595", "route_id": "Red", "dwell_time_sec": "77"}, {"arr_dt": "1458123111", "direction": "0", "dep_dt": "1458123172", "route_id": "Red", "dwell_time_sec": "61"}, {"arr_dt": "1458123458", "direction": "0", "dep_dt": "1458123521", "route_id": "Red", "dwell_time_sec": "63"}, {"arr_dt": "1458123784", "direction": "0", "dep_dt": "1458123837", "route_id": "Red", "dwell_time_sec": "53"}, {"arr_dt": "1458124332", "direction": "0", "dep_dt": "1458124408", "route_id": "Red", "dwell_time_sec": "76"}, {"arr_dt": "1458124877", "direction": "0", "dep_dt": "1458124944", "route_id": "Red", "dwell_time_sec": "67"}, {"arr_dt": "1458125567", "direction": "0", "dep_dt": "1458125635", "route_id": "Red", "dwell_time_sec": "68"}, {"arr_dt": "1458126006", "direction": "0", "dep_dt": "1458126101", "route_id": "Red", "dwell_time_sec": "95"}, {"arr_dt": "1458126283", "direction": "0", "dep_dt": "1458126349", "route_id": "Red", "dwell_time_sec": "66"}, {"arr_dt": "1458126765", "direction": "0", "dep_dt": "1458126837", "route_id": "Red", "dwell_time_sec": "72"}, {"arr_dt": "1458126943", "direction": "0", "dep_dt": "1458127022", "route_id": "Red", "dwell_time_sec": "79"}, {"arr_dt": "1458127139", "direction": "0", "dep_dt": "1458127228", "route_id": "Red", "dwell_time_sec": "89"}, {"arr_dt": "1458127369", "direction": "0", "dep_dt": "1458127431", "route_id": "Red", "dwell_time_sec": "62"}, {"arr_dt": "1458127561", "direction": "0", "dep_dt": "1458127640", "route_id": "Red", "dwell_time_sec": "79"}, {"arr_dt": "1458127822", "direction": "0", "dep_dt": "1458127917", "route_id": "Red", "dwell_time_sec": "95"}, {"arr_dt": "1458128017", "direction": "0", "dep_dt": "1458128095", "route_id": "Red", "dwell_time_sec": "78"}, {"arr_dt": "1458128201", "direction": "0", "dep_dt": "1458128281", "route_id": "Red", "dwell_time_sec": "80"}, {"arr_dt": "1458128386", "direction": "0", "dep_dt": "1458128469", "route_id": "Red", "dwell_time_sec": "83"}, {"arr_dt": "1458128584", "direction": "0", "dep_dt": "1458128644", "route_id": "Red", "dwell_time_sec": "60"}, {"arr_dt": "1458128846", "direction": "0", "dep_dt": "1458128914", "route_id": "Red", "dwell_time_sec": "68"}, {"arr_dt": "1458129175", "direction": "0", "dep_dt": "1458129252", "route_id": "Red", "dwell_time_sec": "77"}, {"arr_dt": "1458129357", "direction": "0", "dep_dt": "1458129430", "route_id": "Red", "dwell_time_sec": "73"}, {"arr_dt": "1458129768", "direction": "0", "dep_dt": "1458129866", "route_id": "Red", "dwell_time_sec": "98"}, {"arr_dt": "1458130177", "direction": "0", "dep_dt": "1458130293", "route_id": "Red", "dwell_time_sec": "116"}, {"arr_dt": "1458130640", "direction": "0", "dep_dt": "1458130738", "route_id": "Red", "dwell_time_sec": "98"}, {"arr_dt": "1458130855", "direction": "0", "dep_dt": "1458130928", "route_id": "Red", "dwell_time_sec": "73"}, {"arr_dt": "1458131445", "direction": "0", "dep_dt": "1458131533", "route_id": "Red", "dwell_time_sec": "88"}, {"arr_dt": "1458131825", "direction": "0", "dep_dt": "1458131915", "route_id": "Red", "dwell_time_sec": "90"}, {"arr_dt": "1458132029", "direction": "0", "dep_dt": "1458132118", "route_id": "Red", "dwell_time_sec": "89"}, {"arr_dt": "1458132387", "direction": "0", "dep_dt": "1458132498", "route_id": "Red", "dwell_time_sec": "111"}, {"arr_dt": "1458132603", "direction": "0", "dep_dt": "1458132712", "route_id": "Red", "dwell_time_sec": "109"}, {"arr_dt": "1458133263", "direction": "0", "dep_dt": "1458133345", "route_id": "Red", "dwell_time_sec": "82"}, {"arr_dt": "1458133467", "direction": "0", "dep_dt": "1458133569", "route_id": "Red", "dwell_time_sec": "102"}, {"arr_dt": "1458133649", "direction": "0", "dep_dt": "1458133728", "route_id": "Red", "dwell_time_sec": "79"}, {"arr_dt": "1458133830", "direction": "0", "dep_dt": "1458133905", "route_id": "Red", "dwell_time_sec": "75"}, {"arr_dt": "1458134047", "direction": "0", "dep_dt": "1458134131", "route_id": "Red", "dwell_time_sec": "84"}, {"arr_dt": "1458134278", "direction": "0", "dep_dt": "1458134348", "route_id": "Red", "dwell_time_sec": "70"}, {"arr_dt": "1458134506", "direction": "0", "dep_dt": "1458134597", "route_id": "Red", "dwell_time_sec": "91"}, {"arr_dt": "1458134789", "direction": "0", "dep_dt": "1458134863", "route_id": "Red", "dwell_time_sec": "74"}, {"arr_dt": "1458135018", "direction": "0", "dep_dt": "1458135096", "route_id": "Red", "dwell_time_sec": "78"}, {"arr_dt": "1458135398", "direction": "0", "dep_dt": "1458135472", "route_id": "Red", "dwell_time_sec": "74"}, {"arr_dt": "1458135592", "direction": "0", "dep_dt": "1458135653", "route_id": "Red", "dwell_time_sec": "61"}, {"arr_dt": "1458135772", "direction": "0", "dep_dt": "1458135837", "route_id": "Red", "dwell_time_sec": "65"}, {"arr_dt": "1458136061", "direction": "0", "dep_dt": "1458136131", "route_id": "Red", "dwell_time_sec": "70"}, {"arr_dt": "1458136237", "direction": "0", "dep_dt": "1458136327", "route_id": "Red", "dwell_time_sec": "90"}, {"arr_dt": "1458136528", "direction": "0", "dep_dt": "1458136587", "route_id": "Red", "dwell_time_sec": "59"}, {"arr_dt": "1458136761", "direction": "0", "dep_dt": "1458136844", "route_id": "Red", "dwell_time_sec": "83"}, {"arr_dt": "1458137256", "direction": "0", "dep_dt": "1458137326", "route_id": "Red", "dwell_time_sec": "70"}, {"arr_dt": "1458137469", "direction": "0", "dep_dt": "1458137557", "route_id": "Red", "dwell_time_sec": "88"}, {"arr_dt": "1458137650", "direction": "0", "dep_dt": "1458137718", "route_id": "Red", "dwell_time_sec": "68"}, {"arr_dt": "1458137851", "direction": "0", "dep_dt": "1458137933", "route_id": "Red", "dwell_time_sec": "82"}, {"arr_dt": "1458138083", "direction": "0", "dep_dt": "1458138147", "route_id": "Red", "dwell_time_sec": "64"}, {"arr_dt": "1458138275", "direction": "0", "dep_dt": "1458138370", "route_id": "Red", "dwell_time_sec": "95"}, {"arr_dt": "1458138548", "direction": "0", "dep_dt": "1458138635", "route_id": "Red", "dwell_time_sec": "87"}, {"arr_dt": "1458138739", "direction": "0", "dep_dt": "1458138804", "route_id": "Red", "dwell_time_sec": "65"}, {"arr_dt": "1458139050", "direction": "0", "dep_dt": "1458139114", "route_id": "Red", "dwell_time_sec": "64"}, {"arr_dt": "1458139574", "direction": "0", "dep_dt": "1458139650", "route_id": "Red", "dwell_time_sec": "76"}, {"arr_dt": "1458139768", "direction": "0", "dep_dt": "1458139875", "route_id": "Red", "dwell_time_sec": "107"}, {"arr_dt": "1458141248", "direction": "0", "dep_dt": "1458141328", "route_id": "Red", "dwell_time_sec": "80"}, {"arr_dt": "1458141624", "direction": "0", "dep_dt": "1458141694", "route_id": "Red", "dwell_time_sec": "70"}, {"arr_dt": "1458142155", "direction": "0", "dep_dt": "1458142294", "route_id": "Red", "dwell_time_sec": "139"}, {"arr_dt": "1458142663", "direction": "0", "dep_dt": "1458142727", "route_id": "Red", "dwell_time_sec": "64"}, {"arr_dt": "1458143097", "direction": "0", "dep_dt": "1458143177", "route_id": "Red", "dwell_time_sec": "80"}, {"arr_dt": "1458144274", "direction": "0", "dep_dt": "1458144342", "route_id": "Red", "dwell_time_sec": "68"}, {"arr_dt": "1458144746", "direction": "0", "dep_dt": "1458144816", "route_id": "Red", "dwell_time_sec": "70"}, {"arr_dt": "1458145133", "direction": "0", "dep_dt": "1458145196", "route_id": "Red", "dwell_time_sec": "63"}, {"arr_dt": "1458145995", "direction": "0", "dep_dt": "1458146067", "route_id": "Red", "dwell_time_sec": "72"}, {"arr_dt": "1458146339", "direction": "0", "dep_dt": "1458146397", "route_id": "Red", "dwell_time_sec": "58"}, {"arr_dt": "1458146734", "direction": "0", "dep_dt": "1458146812", "route_id": "Red", "dwell_time_sec": "78"}, {"arr_dt": "1458148125", "direction": "0", "dep_dt": "1458148211", "route_id": "Red", "dwell_time_sec": "86"}, {"arr_dt": "1458148608", "direction": "0", "dep_dt": "1458148685", "route_id": "Red", "dwell_time_sec": "77"}, {"arr_dt": "1458149428", "direction": "0", "dep_dt": "1458149493", "route_id": "Red", "dwell_time_sec": "65"}, {"arr_dt": "1458149782", "direction": "0", "dep_dt": "1458149852", "route_id": "Red", "dwell_time_sec": "70"}, {"arr_dt": "1458150190", "direction": "0", "dep_dt": "1458150264", "route_id": "Red", "dwell_time_sec": "74"}, {"arr_dt": "1458150914", "direction": "0", "dep_dt": "1458150994", "route_id": "Red", "dwell_time_sec": "80"}, {"arr_dt": "1458152109", "direction": "0", "dep_dt": "1458152183", "route_id": "Red", "dwell_time_sec": "74"}, {"arr_dt": "1458152360", "direction": "0", "dep_dt": "1458152429", "route_id": "Red", "dwell_time_sec": "69"}, {"arr_dt": "1458152543", "direction": "0", "dep_dt": "1458152614", "route_id": "Red", "dwell_time_sec": "71"}, {"arr_dt": "1458152810", "direction": "0", "dep_dt": "1458152884", "route_id": "Red", "dwell_time_sec": "74"}, {"arr_dt": "1458153425", "direction": "0", "dep_dt": "1458153504", "route_id": "Red", "dwell_time_sec": "79"}, {"arr_dt": "1458153823", "direction": "0", "dep_dt": "1458153914", "route_id": "Red", "dwell_time_sec": "91"}, {"arr_dt": "1458154088", "direction": "0", "dep_dt": "1458154163", "route_id": "Red", "dwell_time_sec": "75"}, {"arr_dt": "1458154567", "direction": "0", "dep_dt": "1458154756", "route_id": "Red", "dwell_time_sec": "189"}, {"arr_dt": "1458155159", "direction": "0", "dep_dt": "1458155268", "route_id": "Red", "dwell_time_sec": "109"}, {"arr_dt": "1458155386", "direction": "0", "dep_dt": "1458155451", "route_id": "Red", "dwell_time_sec": "65"}, {"arr_dt": "1458155872", "direction": "0", "dep_dt": "1458155953", "route_id": "Red", "dwell_time_sec": "81"}, {"arr_dt": "1458156278", "direction": "0", "dep_dt": "1458156366", "route_id": "Red", "dwell_time_sec": "88"}, {"arr_dt": "1458156516", "direction": "0", "dep_dt": "1458156594", "route_id": "Red", "dwell_time_sec": "78"}, {"arr_dt": "1458157115", "direction": "0", "dep_dt": "1458157215", "route_id": "Red", "dwell_time_sec": "100"}, {"arr_dt": "1458157314", "direction": "0", "dep_dt": "1458157556", "route_id": "Red", "dwell_time_sec": "242"}, {"arr_dt": "1458157539", "direction": "0", "dep_dt": "1458157625", "route_id": "Red", "dwell_time_sec": "86"}, {"arr_dt": "1458157928", "direction": "0", "dep_dt": "1458158006", "route_id": "Red", "dwell_time_sec": "78"}, {"arr_dt": "1458158587", "direction": "0", "dep_dt": "1458158700", "route_id": "Red", "dwell_time_sec": "113"}, {"arr_dt": "1458158798", "direction": "0", "dep_dt": "1458158887", "route_id": "Red", "dwell_time_sec": "89"}, {"arr_dt": "1458159395", "direction": "0", "dep_dt": "1458159474", "route_id": "Red", "dwell_time_sec": "79"}, {"arr_dt": "1458159680", "direction": "0", "dep_dt": "1458159763", "route_id": "Red", "dwell_time_sec": "83"}, {"arr_dt": "1458159879", "direction": "0", "dep_dt": "1458159970", "route_id": "Red", "dwell_time_sec": "91"}, {"arr_dt": "1458160122", "direction": "0", "dep_dt": "1458160297", "route_id": "Red", "dwell_time_sec": "175"}, {"arr_dt": "1458160796", "direction": "0", "dep_dt": "1458160894", "route_id": "Red", "dwell_time_sec": "98"}, {"arr_dt": "1458161063", "direction": "0", "dep_dt": "1458161136", "route_id": "Red", "dwell_time_sec": "73"}, {"arr_dt": "1458161397", "direction": "0", "dep_dt": "1458161499", "route_id": "Red", "dwell_time_sec": "102"}, {"arr_dt": "1458161587", "direction": "0", "dep_dt": "1458161679", "route_id": "Red", "dwell_time_sec": "92"}, {"arr_dt": "1458162069", "direction": "0", "dep_dt": "1458162156", "route_id": "Red", "dwell_time_sec": "87"}, {"arr_dt": "1458162465", "direction": "0", "dep_dt": "1458162568", "route_id": "Red", "dwell_time_sec": "103"}, {"arr_dt": "1458162704", "direction": "0", "dep_dt": "1458162818", "route_id": "Red", "dwell_time_sec": "114"}, {"arr_dt": "1458162901", "direction": "0", "dep_dt": "1458163030", "route_id": "Red", "dwell_time_sec": "129"}, {"arr_dt": "1458163155", "direction": "0", "dep_dt": "1458163276", "route_id": "Red", "dwell_time_sec": "121"}, {"arr_dt": "1458164216", "direction": "0", "dep_dt": "1458164319", "route_id": "Red", "dwell_time_sec": "103"}, {"arr_dt": "1458164454", "direction": "0", "dep_dt": "1458164581", "route_id": "Red", "dwell_time_sec": "127"}, {"arr_dt": "1458164772", "direction": "0", "dep_dt": "1458164894", "route_id": "Red", "dwell_time_sec": "122"}, {"arr_dt": "1458165040", "direction": "0", "dep_dt": "1458165137", "route_id": "Red", "dwell_time_sec": "97"}, {"arr_dt": "1458165644", "direction": "0", "dep_dt": "1458165737", "route_id": "Red", "dwell_time_sec": "93"}, {"arr_dt": "1458165847", "direction": "0", "dep_dt": "1458165943", "route_id": "Red", "dwell_time_sec": "96"}, {"arr_dt": "1458166039", "direction": "0", "dep_dt": "1458166127", "route_id": "Red", "dwell_time_sec": "88"}, {"arr_dt": "1458166674", "direction": "0", "dep_dt": "1458166757", "route_id": "Red", "dwell_time_sec": "83"}, {"arr_dt": "1458166890", "direction": "0", "dep_dt": "1458166967", "route_id": "Red", "dwell_time_sec": "77"}, {"arr_dt": "1458167083", "direction": "0", "dep_dt": "1458167174", "route_id": "Red", "dwell_time_sec": "91"}, {"arr_dt": "1458167287", "direction": "0", "dep_dt": "1458167664", "route_id": "Red", "dwell_time_sec": "377"}, {"arr_dt": "1458167698", "direction": "0", "dep_dt": "1458167773", "route_id": "Red", "dwell_time_sec": "75"}, {"arr_dt": "1458167894", "direction": "0", "dep_dt": "1458167967", "route_id": "Red", "dwell_time_sec": "73"}, {"arr_dt": "1458168088", "direction": "0", "dep_dt": "1458168160", "route_id": "Red", "dwell_time_sec": "72"}, {"arr_dt": "1458168317", "direction": "0", "dep_dt": "1458168393", "route_id": "Red", "dwell_time_sec": "76"}, {"arr_dt": "1458168510", "direction": "0", "dep_dt": "1458168577", "route_id": "Red", "dwell_time_sec": "67"}, {"arr_dt": "1458168732", "direction": "0", "dep_dt": "1458168804", "route_id": "Red", "dwell_time_sec": "72"}, {"arr_dt": "1458169016", "direction": "0", "dep_dt": "1458169107", "route_id": "Red", "dwell_time_sec": "91"}, {"arr_dt": "1458169197", "direction": "0", "dep_dt": "1458169288", "route_id": "Red", "dwell_time_sec": "91"}, {"arr_dt": "1458169385", "direction": "0", "dep_dt": "1458169507", "route_id": "Red", "dwell_time_sec": "122"}, {"arr_dt": "1458169853", "direction": "0", "dep_dt": "1458169915", "route_id": "Red", "dwell_time_sec": "62"}, {"arr_dt": "1458170356", "direction": "0", "dep_dt": "1458170448", "route_id": "Red", "dwell_time_sec": "92"}, {"arr_dt": "1458170561", "direction": "0", "dep_dt": "1458170649", "route_id": "Red", "dwell_time_sec": "88"}, {"arr_dt": "1458170777", "direction": "0", "dep_dt": "1458170853", "route_id": "Red", "dwell_time_sec": "76"}, {"arr_dt": "1458170958", "direction": "0", "dep_dt": "1458171031", "route_id": "Red", "dwell_time_sec": "73"}, {"arr_dt": "1458171236", "direction": "0", "dep_dt": "1458171308", "route_id": "Red", "dwell_time_sec": "72"}, {"arr_dt": "1458171450", "direction": "0", "dep_dt": "1458171513", "route_id": "Red", "dwell_time_sec": "63"}, {"arr_dt": "1458171713", "direction": "0", "dep_dt": "1458171784", "route_id": "Red", "dwell_time_sec": "71"}, {"arr_dt": "1458172008", "direction": "0", "dep_dt": "1458172073", "route_id": "Red", "dwell_time_sec": "65"}, {"arr_dt": "1458172342", "direction": "0", "dep_dt": "1458172406", "route_id": "Red", "dwell_time_sec": "64"}, {"arr_dt": "1458172547", "direction": "0", "dep_dt": "1458172613", "route_id": "Red", "dwell_time_sec": "66"}, {"arr_dt": "1458173026", "direction": "0", "dep_dt": "1458173099", "route_id": "Red", "dwell_time_sec": "73"}, {"arr_dt": "1458173450", "direction": "0", "dep_dt": "1458173538", "route_id": "Red", "dwell_time_sec": "88"}, {"arr_dt": "1458173628", "direction": "0", "dep_dt": "1458173693", "route_id": "Red", "dwell_time_sec": "65"}, {"arr_dt": "1458173856", "direction": "0", "dep_dt": "1458173932", "route_id": "Red", "dwell_time_sec": "76"}, {"arr_dt": "1458174495", "direction": "0", "dep_dt": "1458174576", "route_id": "Red", "dwell_time_sec": "81"}, {"arr_dt": "1458174957", "direction": "0", "dep_dt": "1458175049", "route_id": "Red", "dwell_time_sec": "92"}, {"arr_dt": "1458175585", "direction": "0", "dep_dt": "1458175703", "route_id": "Red", "dwell_time_sec": "118"}, {"arr_dt": "1458175790", "direction": "0", "dep_dt": "1458175885", "route_id": "Red", "dwell_time_sec": "95"}, {"arr_dt": "1458176206", "direction": "0", "dep_dt": "1458176307", "route_id": "Red", "dwell_time_sec": "101"}, {"arr_dt": "1458177091", "direction": "0", "dep_dt": "1458177164", "route_id": "Red", "dwell_time_sec": "73"}, {"arr_dt": "1458177329", "direction": "0", "dep_dt": "1458177408", "route_id": "Red", "dwell_time_sec": "79"}, {"arr_dt": "1458177711", "direction": "0", "dep_dt": "1458177819", "route_id": "Red", "dwell_time_sec": "108"}, {"arr_dt": "1458178426", "direction": "0", "dep_dt": "1458178524", "route_id": "Red", "dwell_time_sec": "98"}, {"arr_dt": "1458178675", "direction": "0", "dep_dt": "1458178753", "route_id": "Red", "dwell_time_sec": "78"}, {"arr_dt": "1458178883", "direction": "0", "dep_dt": "1458178961", "route_id": "Red", "dwell_time_sec": "78"}, {"arr_dt": "1458179077", "direction": "0", "dep_dt": "1458179149", "route_id": "Red", "dwell_time_sec": "72"}, {"arr_dt": "1458179751", "direction": "0", "dep_dt": "1458179824", "route_id": "Red", "dwell_time_sec": "73"}, {"arr_dt": "1458180042", "direction": "0", "dep_dt": "1458180140", "route_id": "Red", "dwell_time_sec": "98"}, {"arr_dt": "1458180979", "direction": "0", "dep_dt": "1458181047", "route_id": "Red", "dwell_time_sec": "68"}, {"arr_dt": "1458181650", "direction": "0", "dep_dt": "1458181715", "route_id": "Red", "dwell_time_sec": "65"}, {"arr_dt": "1458182091", "direction": "0", "dep_dt": "1458182185", "route_id": "Red", "dwell_time_sec": "94"}, {"arr_dt": "1458182455", "direction": "0", "dep_dt": "1458182541", "route_id": "Red", "dwell_time_sec": "86"}, {"arr_dt": "1458182887", "direction": "0", "dep_dt": "1458182992", "route_id": "Red", "dwell_time_sec": "105"}, {"arr_dt": "1458183651", "direction": "0", "dep_dt": "1458183723", "route_id": "Red", "dwell_time_sec": "72"}, {"arr_dt": "1458184039", "direction": "0", "dep_dt": "1458184109", "route_id": "Red", "dwell_time_sec": "70"}, {"arr_dt": "1458184533", "direction": "0", "dep_dt": "1458184610", "route_id": "Red", "dwell_time_sec": "77"}, {"arr_dt": "1458185361", "direction": "0", "dep_dt": "1458185453", "route_id": "Red", "dwell_time_sec": "92"}, {"arr_dt": "1458185599", "direction": "0", "dep_dt": "1458185658", "route_id": "Red", "dwell_time_sec": "59"}, {"arr_dt": "1458186103", "direction": "0", "dep_dt": "1458186191", "route_id": "Red", "dwell_time_sec": "88"}, {"arr_dt": "1458186323", "direction": "0", "dep_dt": "1458186375", "route_id": "Red", "dwell_time_sec": "52"}, {"arr_dt": "1458186862", "direction": "0", "dep_dt": "1458186925", "route_id": "Red", "dwell_time_sec": "63"}]}