{"dwell_times": [{"arr_dt": "1472702342", "direction": "0", "dep_dt": "1472702409", "route_id": "Red", "dwell_time_sec": "67"}, {"arr_dt": "1472702832", "direction": "0", "dep_dt": "1472702905", "route_id": "Red", "dwell_time_sec": "73"}, {"arr_dt": "1472703188", "direction": "0", "dep_dt": "1472703260", "route_id": "Red", "dwell_time_sec": "72"}, {"arr_dt": "1472703678", "direction": "0", "dep_dt": "1472703755", "route_id": "Red", "dwell_time_sec": "77"}, {"arr_dt": "1472704224", "direction": "0", "dep_dt": "1472704298", "route_id": "Red", "dwell_time_sec": "74"}, {"arr_dt": "1472704424", "direction": "0", "dep_dt": "1472704485", "route_id": "Red", "dwell_time_sec": "61"}, {"arr_dt": "1472705140", "direction": "0", "dep_dt": "1472706929", "route_id": "Red", "dwell_time_sec": "1789"}, {"arr_dt": "1472722474", "direction": "0", "dep_dt": "1472722545", "route_id": "Red", "dwell_time_sec": "71"}, {"arr_dt": "1472722968", "direction": "0", "dep_dt": "1472723057", "route_id": "Red", "dwell_time_sec": "89"}, {"arr_dt": "1472723172", "direction": "0", "dep_dt": "1472723230", "route_id": "Red", "dwell_time_sec": "58"}, {"arr_dt": "1472723640", "direction": "0", "dep_dt": "1472723689", "route_id": "Red", "dwell_time_sec": "49"}, {"arr_dt": "1472724536", "direction": "0", "dep_dt": "1472724604", "route_id": "Red", "dwell_time_sec": "68"}, {"arr_dt": "1472724698", "direction": "0", "dep_dt": "1472724767", "route_id": "Red", "dwell_time_sec": "69"}, {"arr_dt": "1472725124", "direction": "0", "dep_dt": "1472725186", "route_id": "Red", "dwell_time_sec": "62"}, {"arr_dt": "1472725561", "direction": "0", "dep_dt": "1472725619", "route_id": "Red", "dwell_time_sec": "58"}, {"arr_dt": "1472725954", "direction": "0", "dep_dt": "1472726008", "route_id": "Red", "dwell_time_sec": "54"}, {"arr_dt": "1472726380", "direction": "0", "dep_dt": "1472726442", "route_id": "Red", "dwell_time_sec": "62"}, {"arr_dt": "1472726706", "direction": "0", "dep_dt": "1472726772", "route_id": "Red", "dwell_time_sec": "66"}, {"arr_dt": "1472726952", "direction": "0", "dep_dt": "1472727010", "route_id": "Red", "dwell_time_sec": "58"}, {"arr_dt": "1472727611", "direction": "0", "dep_dt": "1472727695", "route_id": "Red", "dwell_time_sec": "84"}, {"arr_dt": "1472727835", "direction": "0", "dep_dt": "1472727894", "route_id": "Red", "dwell_time_sec": "59"}, {"arr_dt": "1472728080", "direction": "0", "dep_dt": "1472728146", "route_id": "Red", "dwell_time_sec": "66"}, {"arr_dt": "1472728255", "direction": "0", "dep_dt": "1472728342", "route_id": "Red", "dwell_time_sec": "87"}, {"arr_dt": "1472728499", "direction": "0", "dep_dt": "1472728569", "route_id": "Red", "dwell_time_sec": "70"}, {"arr_dt": "1472728686", "direction": "0", "dep_dt": "1472728765", "route_id": "Red", "dwell_time_sec": "79"}, {"arr_dt": "1472728987", "direction": "0", "dep_dt": "1472729062", "route_id": "Red", "dwell_time_sec": "75"}, {"arr_dt": "1472729170", "direction": "0", "dep_dt": "1472729238", "route_id": "Red", "dwell_time_sec": "68"}, {"arr_dt": "1472729440", "direction": "0", "dep_dt": "1472729543", "route_id": "Red", "dwell_time_sec": "103"}, {"arr_dt": "1472729645", "direction": "0", "dep_dt": "1472729727", "route_id": "Red", "dwell_time_sec": "82"}, {"arr_dt": "1472729848", "direction": "0", "dep_dt": "1472729935", "route_id": "Red", "dwell_time_sec": "87"}, {"arr_dt": "1472730070", "direction": "0", "dep_dt": "1472730142", "route_id": "Red", "dwell_time_sec": "72"}, {"arr_dt": "1472730318", "direction": "0", "dep_dt": "1472730426", "route_id": "Red", "dwell_time_sec": "108"}, {"arr_dt": "1472730624", "direction": "0", "dep_dt": "1472730710", "route_id": "Red", "dwell_time_sec": "86"}, {"arr_dt": "1472730810", "direction": "0", "dep_dt": "1472730907", "route_id": "Red", "dwell_time_sec": "97"}, {"arr_dt": "1472731040", "direction": "0", "dep_dt": "1472731118", "route_id": "Red", "dwell_time_sec": "78"}, {"arr_dt": "1472731245", "direction": "0", "dep_dt": "1472731316", "route_id": "Red", "dwell_time_sec": "71"}, {"arr_dt": "1472731431", "direction": "0", "dep_dt": "1472731493", "route_id": "Red", "dwell_time_sec": "62"}, {"arr_dt": "1472731822", "direction": "0", "dep_dt": "1472731906", "route_id": "Red", "dwell_time_sec": "84"}, {"arr_dt": "1472732008", "direction": "0", "dep_dt": "1472732115", "route_id": "Red", "dwell_time_sec": "107"}, {"arr_dt": "1472732223", "direction": "0", "dep_dt": "1472732295", "route_id": "Red", "dwell_time_sec": "72"}, {"arr_dt": "1472732539", "direction": "0", "dep_dt": "1472732626", "route_id": "Red", "dwell_time_sec": "87"}, {"arr_dt": "1472732779", "direction": "0", "dep_dt": "1472732844", "route_id": "Red", "dwell_time_sec": "65"}, {"arr_dt": "1472733304", "direction": "0", "dep_dt": "1472733414", "route_id": "Red", "dwell_time_sec": "110"}, {"arr_dt": "1472733526", "direction": "0", "dep_dt": "1472733645", "route_id": "Red", "dwell_time_sec": "119"}, {"arr_dt": "1472733731", "direction": "0", "dep_dt": "1472733837", "route_id": "Red", "dwell_time_sec": "106"}, {"arr_dt": "1472734030", "direction": "0", "dep_dt": "1472734130", "route_id": "Red", "dwell_time_sec": "100"}, {"arr_dt": "1472734217", "direction": "0", "dep_dt": "1472734299", "route_id": "Red", "dwell_time_sec": "82"}, {"arr_dt": "1472734435", "direction": "0", "dep_dt": "1472734526", "route_id": "Red", "dwell_time_sec": "91"}, {"arr_dt": "1472734615", "direction": "0", "dep_dt": "1472734701", "route_id": "Red", "dwell_time_sec": "86"}, {"arr_dt": "1472734800", "direction": "0", "dep_dt": "1472734884", "route_id": "Red", "dwell_time_sec": "84"}, {"arr_dt": "1472734989", "direction": "0", "dep_dt": "1472735080", "route_id": "Red", "dwell_time_sec": "91"}, {"arr_dt": "1472735224", "direction": "0", "dep_dt": "1472735301", "route_id": "Red", "dwell_time_sec": "77"}, {"arr_dt": "1472735446", "direction": "0", "dep_dt": "1472735533", "route_id": "Red", "dwell_time_sec": "87"}, {"arr_dt": "1472735768", "direction": "0", "dep_dt": "1472735840", "route_id": "Red", "dwell_time_sec": "72"}, {"arr_dt": "1472735946", "direction": "0", "dep_dt": "1472736026", "route_id": "Red", "dwell_time_sec": "80"}, {"arr_dt": "1472736186", "direction": "0", "dep_dt": "1472736257", "route_id": "Red", "dwell_time_sec": "71"}, {"arr_dt": "1472736595", "direction": "0", "dep_dt": "1472736683", "route_id": "Red", "dwell_time_sec": "88"}, {"arr_dt": "1472736855", "direction": "0", "dep_dt": "1472736940", "route_id": "Red", "dwell_time_sec": "85"}, {"arr_dt": "1472737066", "direction": "0", "dep_dt": "1472737136", "route_id": "Red", "dwell_time_sec": "70"}, {"arr_dt": "1472737403", "direction": "0", "dep_dt": "1472737505", "route_id": "Red", "dwell_time_sec": "102"}, {"arr_dt": "1472737606", "direction": "0", "dep_dt": "1472737701", "route_id": "Red", "dwell_time_sec": "95"}, {"arr_dt": "1472737829", "direction": "0", "dep_dt": "1472737894", "route_id": "Red", "dwell_time_sec": "65"}, {"arr_dt": "1472737985", "direction": "0", "dep_dt": "1472738063", "route_id": "Red", "dwell_time_sec": "78"}, {"arr_dt": "1472738146", "direction": "0", "dep_dt": "1472738227", "route_id": "Red", "dwell_time_sec": "81"}, {"arr_dt": "1472738399", "direction": "0", "dep_dt": "1472738469", "route_id": "Red", "dwell_time_sec": "70"}, {"arr_dt": "1472738734", "direction": "0", "dep_dt": "1472738801", "route_id": "Red", "dwell_time_sec": "67"}, {"arr_dt": "1472739118", "direction": "0", "dep_dt": "1472739190", "route_id": "Red", "dwell_time_sec": "72"}, {"arr_dt": "1472739301", "direction": "0", "dep_dt": "1472739370", "route_id": "Red", "dwell_time_sec": "69"}, {"arr_dt": "1472739617", "direction": "0", "dep_dt": "1472739705", "route_id": "Red", "dwell_time_sec": "88"}, {"arr_dt": "1472739801", "direction": "0", "dep_dt": "1472739880", "route_id": "Red", "dwell_time_sec": "79"}, {"arr_dt": "1472740150", "direction": "0", "dep_dt": "1472740218", "route_id": "Red", "dwell_time_sec": "68"}, {"arr_dt": "1472740326", "direction": "0", "dep_dt": "1472740417", "route_id": "Red", "dwell_time_sec": "91"}, {"arr_dt": "1472740597", "direction": "0", "dep_dt": "1472740671", "route_id": "Red", "dwell_time_sec": "74"}, {"arr_dt": "1472741048", "direction": "0", "dep_dt": "1472741118", "route_id": "Red", "dwell_time_sec": "70"}, {"arr_dt": "1472741225", "direction": "0", "dep_dt": "1472741303", "route_id": "Red", "dwell_time_sec": "78"}, {"arr_dt": "1472741412", "direction": "0", "dep_dt": "1472741473", "route_id": "Red", "dwell_time_sec": "61"}, {"arr_dt": "1472741794", "direction": "0", "dep_dt": "1472741866", "route_id": "Red", "dwell_time_sec": "72"}, {"arr_dt": "1472742182", "direction": "0", "dep_dt": "1472742246", "route_id": "Red", "dwell_time_sec": "64"}, {"arr_dt": "1472742352", "direction": "0", "dep_dt": "1472742416", "route_id": "Red", "dwell_time_sec": "64"}, {"arr_dt": "1472742793", "direction": "0", "dep_dt": "1472742862", "route_id": "Red", "dwell_time_sec": "69"}, {"arr_dt": "1472743254", "direction": "0", "dep_dt": "1472743327", "route_id": "Red", "dwell_time_sec": "73"}, {"arr_dt": "1472743590", "direction": "0", "dep_dt": "1472743652", "route_id": "Red", "dwell_time_sec": "62"}, {"arr_dt": "1472744015", "direction": "0", "dep_dt": "1472744082", "route_id": "Red", "dwell_time_sec": "67"}, {"arr_dt": "1472744344", "direction": "0", "dep_dt": "1472744410", "route_id": "Red", "dwell_time_sec": "66"}, {"arr_dt": "1472744762", "direction": "0", "dep_dt": "1472744845", "route_id": "Red", "dwell_time_sec": "83"}, {"arr_dt": "1472744973", "direction": "0", "dep_dt": "1472745035", "route_id": "Red", "dwell_time_sec": "62"}, {"arr_dt": "1472745168", "direction": "0", "dep_dt": "1472745226", "route_id": "Red", "dwell_time_sec": "58"}, {"arr_dt": "1472745521", "direction": "0", "dep_dt": "1472745599", "route_id": "Red", "dwell_time_sec": "78"}, {"arr_dt": "1472745969", "direction": "0", "dep_dt": "1472746048", "route_id": "Red", "dwell_time_sec": "79"}, {"arr_dt": "1472746486", "direction": "0", "dep_dt": "1472746561", "route_id": "Red", "dwell_time_sec": "75"}, {"arr_dt": "1472746998", "direction": "0", "dep_dt": "1472747083", "route_id": "Red", "dwell_time_sec": "85"}, {"arr_dt": "1472747296", "direction": "0", "dep_dt": "1472747367", "route_id": "Red", "dwell_time_sec": "71"}, {"arr_dt": "1472747518", "direction": "0", "dep_dt": "1472747578", "route_id": "Red", "dwell_time_sec": "60"}, {"arr_dt": "1472748289", "direction": "0", "dep_dt": "1472748368", "route_id": "Red", "dwell_time_sec": "79"}, {"arr_dt": "1472748835", "direction": "0", "dep_dt": "1472748915", "route_id": "Red", "dwell_time_sec": "80"}, {"arr_dt": "1472749060", "direction": "0", "dep_dt": "1472749123", "route_id": "Red", "dwell_time_sec": "63"}, {"arr_dt": "1472749670", "direction": "0", "dep_dt": "1472749737", "route_id": "Red", "dwell_time_sec": "67"}, {"arr_dt": "1472750005", "direction": "0", "dep_dt": "1472750078", "route_id": "Red", "dwell_time_sec": "73"}, {"arr_dt": "1472750443", "direction": "0", "dep_dt": "1472750505", "route_id": "Red", "dwell_time_sec": "62"}, {"arr_dt": "1472750901", "direction": "0", "dep_dt": "1472750976", "route_id": "Red", "dwell_time_sec": "75"}, {"arr_dt": "1472751095", "direction": "0", "dep_dt": "1472751152", "route_id": "Red", "dwell_time_sec": "57"}, {"arr_dt": "1472751361", "direction": "0", "dep_dt": "1472751419", "route_id": "Red", "dwell_time_sec": "58"}, {"arr_dt": "1472751949", "direction": "0", "dep_dt": "1472752025", "route_id": "Red", "dwell_time_sec": "76"}, {"arr_dt": "1472752531", "direction": "0", "dep_dt": "1472752592", "route_id": "Red", "dwell_time_sec": "61"}, {"arr_dt": "1472752802", "direction": "0", "dep_dt": "1472752889", "route_id": "Red", "dwell_time_sec": "87"}, {"arr_dt": "1472753044", "direction": "0", "dep_dt": "1472753105", "route_id": "Red", "dwell_time_sec": "61"}, {"arr_dt": "1472753467", "direction": "0", "dep_dt": "1472753546", "route_id": "Red", "dwell_time_sec": "79"}, {"arr_dt": "1472753917", "direction": "0", "dep_dt": "1472754014", "route_id": "Red", "dwell_time_sec": "97"}, {"arr_dt": "1472754383", "direction": "0", "dep_dt": "1472754463", "route_id": "Red", "dwell_time_sec": "80"}, {"arr_dt": "1472754778", "direction": "0", "dep_dt": "1472754845", "route_id": "Red", "dwell_time_sec": "67"}, {"arr_dt": "1472755204", "direction": "0", "dep_dt": "1472755276", "route_id": "Red", "dwell_time_sec": "72"}, {"arr_dt": "1472755767", "direction": "0", "dep_dt": "1472755844", "route_id": "Red", "dwell_time_sec": "77"}, {"arr_dt": "1472755989", "direction": "0", "dep_dt": "1472756075", "route_id": "Red", "dwell_time_sec": "86"}, {"arr_dt": "1472756475", "direction": "0", "dep_dt": "1472756582", "route_id": "Red", "dwell_time_sec": "107"}, {"arr_dt": "1472756986", "direction": "0", "dep_dt": "1472757071", "route_id": "Red", "dwell_time_sec": "85"}, {"arr_dt": "1472757269", "direction": "0", "dep_dt": "1472757341", "route_id": "Red", "dwell_time_sec": "72"}, {"arr_dt": "1472757753", "direction": "0", "dep_dt": "1472757847", "route_id": "Red", "dwell_time_sec": "94"}, {"arr_dt": "1472757997", "direction": "0", "dep_dt": "1472758096", "route_id": "Red", "dwell_time_sec": "99"}, {"arr_dt": "1472758551", "direction": "0", "dep_dt": "1472758678", "route_id": "Red", "dwell_time_sec": "127"}, {"arr_dt": "1472758986", "direction": "0", "dep_dt": "1472759088", "route_id": "Red", "dwell_time_sec": "102"}, {"arr_dt": "1472759375", "direction": "0", "dep_dt": "1472759467", "route_id": "Red", "dwell_time_sec": "92"}, {"arr_dt": "1472759591", "direction": "0", "dep_dt": "1472759677", "route_id": "Red", "dwell_time_sec": "86"}, {"arr_dt": "1472759813", "direction": "0", "dep_dt": "1472759896", "route_id": "Red", "dwell_time_sec": "83"}, {"arr_dt": "1472760002", "direction": "0", "dep_dt": "1472760074", "route_id": "Red", "dwell_time_sec": "72"}, {"arr_dt": "1472760365", "direction": "0", "dep_dt": "1472760463", "route_id": "Red", "dwell_time_sec": "98"}, {"arr_dt": "1472760573", "direction": "0", "dep_dt": "1472760662", "route_id": "Red", "dwell_time_sec": "89"}, {"arr_dt": "1472760928", "direction": "0", "dep_dt": "1472761014", "route_id": "Red", "dwell_time_sec": "86"}, {"arr_dt": "1472761215", "direction": "0", "dep_dt": "1472761295", "route_id": "Red", "dwell_time_sec": "80"}, {"arr_dt": "1472761418", "direction": "0", "dep_dt": "1472761524", "route_id": "Red", "dwell_time_sec": "106"}, {"arr_dt": "1472761677", "direction": "0", "dep_dt": "1472761757", "route_id": "Red", "dwell_time_sec": "80"}, {"arr_dt": "1472762098", "direction": "0", "dep_dt": "1472762175", "route_id": "Red", "dwell_time_sec": "77"}, {"arr_dt": "1472762437", "direction": "0", "dep_dt": "1472762556", "route_id": "Red", "dwell_time_sec": "119"}, {"arr_dt": "1472763013", "direction": "0", "dep_dt": "1472763139", "route_id": "Red", "dwell_time_sec": "126"}, {"arr_dt": "1472763273", "direction": "0", "dep_dt": "1472763369", "route_id": "Red", "dwell_time_sec": "96"}, {"arr_dt": "1472763507", "direction": "0", "dep_dt": "1472763591", "route_id": "Red", "dwell_time_sec": "84"}, {"arr_dt": "1472763687", "direction": "0", "dep_dt": "1472763766", "route_id": "Red", "dwell_time_sec": "79"}, {"arr_dt": "1472763989", "direction": "0", "dep_dt": "1472764070", "route_id": "Red", "dwell_time_sec": "81"}, {"arr_dt": "1472764280", "direction": "0", "dep_dt": "1472764399", "route_id": "Red", "dwell_time_sec": "119"}, {"arr_dt": "1472764505", "direction": "0", "dep_dt": "1472764607", "route_id": "Red", "dwell_time_sec": "102"}, {"arr_dt": "1472764778", "direction": "0", "dep_dt": "1472764884", "route_id": "Red", "dwell_time_sec": "106"}, {"arr_dt": "1472765006", "direction": "0", "dep_dt": "1472765117", "route_id": "Red", "dwell_time_sec": "111"}, {"arr_dt": "1472765212", "direction": "0", "dep_dt": "1472765300", "route_id": "Red", "dwell_time_sec": "88"}, {"arr_dt": "1472765494", "direction": "0", "dep_dt": "1472765593", "route_id": "Red", "dwell_time_sec": "99"}, {"arr_dt": "1472765687", "direction": "0", "dep_dt": "1472765814", "route_id": "Red", "dwell_time_sec": "127"}, {"arr_dt": "1472765921", "direction": "0", "dep_dt": "1472766015", "route_id": "Red", "dwell_time_sec": "94"}, {"arr_dt": "1472766125", "direction": "0", "dep_dt": "1472766281", "route_id": "Red", "dwell_time_sec": "156"}, {"arr_dt": "1472766382", "direction": "0", "dep_dt": "1472766468", "route_id": "Red", "dwell_time_sec": "86"}, {"arr_dt": "1472766615", "direction": "0", "dep_dt": "1472766710", "route_id": "Red", "dwell_time_sec": "95"}, {"arr_dt": "1472766797", "direction": "0", "dep_dt": "1472766910", "route_id": "Red", "dwell_time_sec": "113"}, {"arr_dt": "1472767015", "direction": "0", "dep_dt": "1472767120", "route_id": "Red", "dwell_time_sec": "105"}, {"arr_dt": "1472767235", "direction": "0", "dep_dt": "1472767328", "route_id": "Red", "dwell_time_sec": "93"}, {"arr_dt": "1472767434", "direction": "0", "dep_dt": "1472767534", "route_id": "Red", "dwell_time_sec": "100"}, {"arr_dt": "1472767632", "direction": "0", "dep_dt": "1472767747", "route_id": "Red", "dwell_time_sec": "115"}, {"arr_dt": "1472767850", "direction": "0", "dep_dt": "1472767934", "route_id": "Red", "dwell_time_sec": "84"}, {"arr_dt": "1472768029", "direction": "0", "dep_dt": "1472768122", "route_id": "Red", "dwell_time_sec": "93"}, {"arr_dt": "1472768210", "direction": "0", "dep_dt": "1472768305", "route_id": "Red", "dwell_time_sec": "95"}, {"arr_dt": "1472768429", "direction": "0", "dep_dt": "1472768537", "route_id": "Red", "dwell_time_sec": "108"}, {"arr_dt": "1472768636", "direction": "0", "dep_dt": "1472768709", "route_id": "Red", "dwell_time_sec": "73"}, {"arr_dt": "1472769028", "direction": "0", "dep_dt": "1472769119", "route_id": "Red", "dwell_time_sec": "91"}, {"arr_dt": "1472769260", "direction": "0", "dep_dt": "1472769348", "route_id": "Red", "dwell_time_sec": "88"}, {"arr_dt": "1472769460", "direction": "0", "dep_dt": "1472769532", "route_id": "Red", "dwell_time_sec": "72"}, {"arr_dt": "1472769852", "direction": "0", "dep_dt": "1472769921", "route_id": "Red", "dwell_time_sec": "69"}, {"arr_dt": "1472770021", "direction": "0", "dep_dt": "1472770108", "route_id": "Red", "dwell_time_sec": "87"}, {"arr_dt": "1472770262", "direction": "0", "dep_dt": "1472770347", "route_id": "Red", "dwell_time_sec": "85"}, {"arr_dt": "1472770607", "direction": "0", "dep_dt": "1472770683", "route_id": "Red", "dwell_time_sec": "76"}, {"arr_dt": "1472770784", "direction": "0", "dep_dt": "1472770888", "route_id": "Red", "dwell_time_sec": "104"}, {"arr_dt": "1472771103", "direction": "0", "dep_dt": "1472771174", "route_id": "Red", "dwell_time_sec": "71"}, {"arr_dt": "1472771280", "direction": "0", "dep_dt": "1472771351", "route_id": "Red", "dwell_time_sec": "71"}, {"arr_dt": "1472771661", "direction": "0", "dep_dt": "1472771741", "route_id": "Red", "dwell_time_sec": "80"}, {"arr_dt": "1472771972", "direction": "0", "dep_dt": "1472772059", "route_id": "Red", "dwell_time_sec": "87"}, {"arr_dt": "1472772172", "direction": "0", "dep_dt": "1472772252", "route_id": "Red", "dwell_time_sec": "80"}, {"arr_dt": "1472772371", "direction": "0", "dep_dt": "1472772450", "route_id": "Red", "dwell_time_sec": "79"}, {"arr_dt": "1472772740", "direction": "0", "dep_dt": "1472772816", "route_id": "Red", "dwell_time_sec": "76"}, {"arr_dt": "1472772985", "direction": "0", "dep_dt": "1472773055", "route_id": "Red", "dwell_time_sec": "70"}, {"arr_dt": "1472773303", "direction": "0", "dep_dt": "1472773381", "route_id": "Red", "dwell_time_sec": "78"}, {"arr_dt": "1472773492", "direction": "0", "dep_dt": "1472773581", "route_id": "Red", "dwell_time_sec": "89"}, {"arr_dt": "1472773772", "direction": "0", "dep_dt": "1472773877", "route_id": "Red", "dwell_time_sec": "105"}, {"arr_dt": "1472773976", "direction": "0", "dep_dt": "1472774057", "route_id": "Red", "dwell_time_sec": "81"}, {"arr_dt": "1472774149", "direction": "0", "dep_dt": "1472774229", "route_id": "Red", "dwell_time_sec": "80"}, {"arr_dt": "1472774335", "direction": "0", "dep_dt": "1472774419", "route_id": "Red", "dwell_time_sec": "84"}, {"arr_dt": "1472774530", "direction": "0", "dep_dt": "1472774589", "route_id": "Red", "dwell_time_sec": "59"}, {"arr_dt": "1472774792", "direction": "0", "dep_dt": "1472774852", "route_id": "Red", "dwell_time_sec": "60"}, {"arr_dt": "1472775214", "direction": "0", "dep_dt": "1472775280", "route_id": "Red", "dwell_time_sec": "66"}, {"arr_dt": "1472775477", "direction": "0", "dep_dt": "1472775535", "route_id": "Red", "dwell_time_sec": "58"}, {"arr_dt": "1472776018", "direction": "0", "dep_dt": "1472776191", "route_id": "Red", "dwell_time_sec": "173"}, {"arr_dt": "1472776302", "direction": "0", "dep_dt": "1472776386", "route_id": "Red", "dwell_time_sec": "84"}, {"arr_dt": "1472776591", "direction": "0", "dep_dt": "1472776661", "route_id": "Red", "dwell_time_sec": "70"}, {"arr_dt": "1472776809", "direction": "0", "dep_dt": "1472776870", "route_id": "Red", "dwell_time_sec": "61"}, {"arr_dt": "1472777381", "direction": "0", "dep_dt": "1472777450", "route_id": "Red", "dwell_time_sec": "69"}, {"arr_dt": "1472777579", "direction": "0", "dep_dt": "1472777650", "route_id": "Red", "dwell_time_sec": "71"}, {"arr_dt": "1472777938", "direction": "0", "dep_dt": "1472777996", "route_id": "Red", "dwell_time_sec": "58"}, {"arr_dt": "1472778421", "direction": "0", "dep_dt": "1472778515", "route_id": "Red", "dwell_time_sec": "94"}, {"arr_dt": "1472778970", "direction": "0", "dep_dt": "1472779053", "route_id": "Red", "dwell_time_sec": "83"}, {"arr_dt": "1472779188", "direction": "0", "dep_dt": "1472779257", "route_id": "Red", "dwell_time_sec": "69"}, {"arr_dt": "1472779499", "direction": "0", "dep_dt": "1472779564", "route_id": "Red", "dwell_time_sec": "65"}, {"arr_dt": "1472779751", "direction": "0", "dep_dt": "1472779836", "route_id": "Red", "dwell_time_sec": "85"}, {"arr_dt": "1472780102", "direction": "0", "dep_dt": "1472780160", "route_id": "Red", "dwell_time_sec": "58"}, {"arr_dt": "1472780584", "direction": "0", "dep_dt": "1472780655", "route_id": "Red", "dwell_time_sec": "71"}, {"arr_dt": "1472781009", "direction": "0", "dep_dt": "1472781083", "route_id": "Red", "dwell_time_sec": "74"}, {"arr_dt": "1472781251", "direction": "0", "dep_dt": "1472781305", "route_id": "Red", "dwell_time_sec": "54"}, {"arr_dt": "1472781780", "direction": "0", "dep_dt": "1472781845", "route_id": "Red", "dwell_time_sec": "65"}, {"arr_dt": "1472781940", "direction": "0", "dep_dt": "1472782017", "route_id": "Red", "dwell_time_sec": "77"}, {"arr_dt": "1472782349", "direction": "0", "dep_dt": "1472782417", "route_id": "Red", "dwell_time_sec": "68"}, {"arr_dt": "1472782772", "direction": "0", "dep_dt": "1472782849", "route_id": "Red", "dwell_time_sec": "77"}, {"arr_dt": "1472783172", "direction": "0", "dep_dt": "1472783244", "route_id": "Red", "dwell_time_sec": "72"}, {"arr_dt": "1472783362", "direction": "0", "dep_dt": "1472783449", "route_id": "Red", "dwell_time_sec": "87"}, {"arr_dt": "1472783718", "direction": "0", "dep_dt": "1472783779", "route_id": "Red", "dwell_time_sec": "61"}, {"arr_dt": "1472783980", "direction": "0", "dep_dt": "1472784039", "route_id": "Red", "dwell_time_sec": "59"}, {"arr_dt": "1472784562", "direction": "0", "dep_dt": "1472784632", "route_id": "Red", "dwell_time_sec": "70"}, {"arr_dt": "1472784767", "direction": "0", "dep_dt": "1472784836", "route_id": "Red", "dwell_time_sec": "69"}, {"arr_dt": "1472785204", "direction": "0", "dep_dt": "1472785267", "route_id": "Red", "dwell_time_sec": "63"}, {"arr_dt": "1472785464", "direction": "0", "dep_dt": "1472785528", "route_id": "Red", "dwell_time_sec": "64"}, {"arr_dt": "1472785965", "direction": "0", "dep_dt": "1472786034", "route_id": "Red", "dwell_time_sec": "69"}, {"arr_dt": "1472786238", "direction": "0", "dep_dt": "1472786308", "route_id": "Red", "dwell_time_sec": "70"}, {"arr_dt": "1472786609", "direction": "0", "dep_dt": "1472786672", "route_id": "Red", "dwell_time_sec": "63"}, {"arr_dt": "1472786920", "direction": "0", "dep_dt": "1472786987", "route_id": "Red", "dwell_time_sec": "67"}, {"arr_dt": "1472787351", "direction": "0", "dep_dt": "1472787508", "route_id": "Red", "dwell_time_sec": "157"}, {"arr_dt": "1472788072", "direction": "0", "dep_dt": "1472788135", "route_id": "Red", "dwell_time_sec": "63"}, {"arr_dt": "1472788300", "direction": "0", "dep_dt": "1472788359", "route_id": "Red", "dwell_time_sec": "59"}]}