{"dwell_times": [{"arr_dt": "1471233928", "direction": "0", "dep_dt": "1471234005", "route_id": "Red", "dwell_time_sec": "77"}, {"arr_dt": "1471234327", "direction": "0", "dep_dt": "1471234389", "route_id": "Red", "dwell_time_sec": "62"}, {"arr_dt": "1471234770", "direction": "0", "dep_dt": "1471234832", "route_id": "Red", "dwell_time_sec": "62"}, {"arr_dt": "1471235311", "direction": "0", "dep_dt": "1471235388", "route_id": "Red", "dwell_time_sec": "77"}, {"arr_dt": "1471235681", "direction": "0", "dep_dt": "1471235742", "route_id": "Red", "dwell_time_sec": "61"}, {"arr_dt": "1471236905", "direction": "0", "dep_dt": "1471239128", "route_id": "Red", "dwell_time_sec": "2223"}, {"arr_dt": "1471253594", "direction": "0", "dep_dt": "1471253654", "route_id": "Red", "dwell_time_sec": "60"}, {"arr_dt": "1471254146", "direction": "0", "dep_dt": "1471254214", "route_id": "Red", "dwell_time_sec": "68"}, {"arr_dt": "1471254506", "direction": "0", "dep_dt": "1471254569", "route_id": "Red", "dwell_time_sec": "63"}, {"arr_dt": "1471254914", "direction": "0", "dep_dt": "1471254978", "route_id": "Red", "dwell_time_sec": "64"}, {"arr_dt": "1471255450", "direction": "0", "dep_dt": "1471255519", "route_id": "Red", "dwell_time_sec": "69"}, {"arr_dt": "1471255973", "direction": "0", "dep_dt": "1471256037", "route_id": "Red", "dwell_time_sec": "64"}, {"arr_dt": "1471256343", "direction": "0", "dep_dt": "1471256412", "route_id": "Red", "dwell_time_sec": "69"}, {"arr_dt": "1471256894", "direction": "0", "dep_dt": "1471256967", "route_id": "Red", "dwell_time_sec": "73"}, {"arr_dt": "1471257091", "direction": "0", "dep_dt": "1471257154", "route_id": "Red", "dwell_time_sec": "63"}, {"arr_dt": "1471257325", "direction": "0", "dep_dt": "1471257381", "route_id": "Red", "dwell_time_sec": "56"}, {"arr_dt": "1471257699", "direction": "0", "dep_dt": "1471257760", "route_id": "Red", "dwell_time_sec": "61"}, {"arr_dt": "1471257923", "direction": "0", "dep_dt": "1471257980", "route_id": "Red", "dwell_time_sec": "57"}, {"arr_dt": "1471258447", "direction": "0", "dep_dt": "1471258522", "route_id": "Red", "dwell_time_sec": "75"}, {"arr_dt": "1471258620", "direction": "0", "dep_dt": "1471258696", "route_id": "Red", "dwell_time_sec": "76"}, {"arr_dt": "1471258959", "direction": "0", "dep_dt": "1471259028", "route_id": "Red", "dwell_time_sec": "69"}, {"arr_dt": "1471259318", "direction": "0", "dep_dt": "1471259393", "route_id": "Red", "dwell_time_sec": "75"}, {"arr_dt": "1471259553", "direction": "0", "dep_dt": "1471259632", "route_id": "Red", "dwell_time_sec": "79"}, {"arr_dt": "1471259760", "direction": "0", "dep_dt": "1471259847", "route_id": "Red", "dwell_time_sec": "87"}, {"arr_dt": "1471260147", "direction": "0", "dep_dt": "1471260224", "route_id": "Red", "dwell_time_sec": "77"}, {"arr_dt": "1471260479", "direction": "0", "dep_dt": "1471260551", "route_id": "Red", "dwell_time_sec": "72"}, {"arr_dt": "1471260834", "direction": "0", "dep_dt": "1471260943", "route_id": "Red", "dwell_time_sec": "109"}, {"arr_dt": "1471261030", "direction": "0", "dep_dt": "1471261102", "route_id": "Red", "dwell_time_sec": "72"}, {"arr_dt": "1471261229", "direction": "0", "dep_dt": "1471261305", "route_id": "Red", "dwell_time_sec": "76"}, {"arr_dt": "1471261400", "direction": "0", "dep_dt": "1471261469", "route_id": "Red", "dwell_time_sec": "69"}, {"arr_dt": "1471261636", "direction": "0", "dep_dt": "1471261708", "route_id": "Red", "dwell_time_sec": "72"}, {"arr_dt": "1471261882", "direction": "0", "dep_dt": "1471261966", "route_id": "Red", "dwell_time_sec": "84"}, {"arr_dt": "1471262071", "direction": "0", "dep_dt": "1471262137", "route_id": "Red", "dwell_time_sec": "66"}, {"arr_dt": "1471262236", "direction": "0", "dep_dt": "1471262318", "route_id": "Red", "dwell_time_sec": "82"}, {"arr_dt": "1471262588", "direction": "0", "dep_dt": "1471262701", "route_id": "Red", "dwell_time_sec": "113"}, {"arr_dt": "1471262790", "direction": "0", "dep_dt": "1471262874", "route_id": "Red", "dwell_time_sec": "84"}, {"arr_dt": "1471263001", "direction": "0", "dep_dt": "1471263091", "route_id": "Red", "dwell_time_sec": "90"}, {"arr_dt": "1471263182", "direction": "0", "dep_dt": "1471263284", "route_id": "Red", "dwell_time_sec": "102"}, {"arr_dt": "1471263411", "direction": "0", "dep_dt": "1471263491", "route_id": "Red", "dwell_time_sec": "80"}, {"arr_dt": "1471263587", "direction": "0", "dep_dt": "1471263688", "route_id": "Red", "dwell_time_sec": "101"}, {"arr_dt": "1471263856", "direction": "0", "dep_dt": "1471263945", "route_id": "Red", "dwell_time_sec": "89"}, {"arr_dt": "1471264140", "direction": "0", "dep_dt": "1471264233", "route_id": "Red", "dwell_time_sec": "93"}, {"arr_dt": "1471264381", "direction": "0", "dep_dt": "1471264485", "route_id": "Red", "dwell_time_sec": "104"}, {"arr_dt": "1471264626", "direction": "0", "dep_dt": "1471264725", "route_id": "Red", "dwell_time_sec": "99"}, {"arr_dt": "1471264936", "direction": "0", "dep_dt": "1471265061", "route_id": "Red", "dwell_time_sec": "125"}, {"arr_dt": "1471265165", "direction": "0", "dep_dt": "1471265259", "route_id": "Red", "dwell_time_sec": "94"}, {"arr_dt": "1471265438", "direction": "0", "dep_dt": "1471265537", "route_id": "Red", "dwell_time_sec": "99"}, {"arr_dt": "1471265646", "direction": "0", "dep_dt": "1471265740", "route_id": "Red", "dwell_time_sec": "94"}, {"arr_dt": "1471265852", "direction": "0", "dep_dt": "1471265940", "route_id": "Red", "dwell_time_sec": "88"}, {"arr_dt": "1471266128", "direction": "0", "dep_dt": "1471266202", "route_id": "Red", "dwell_time_sec": "74"}, {"arr_dt": "1471266525", "direction": "0", "dep_dt": "1471266609", "route_id": "Red", "dwell_time_sec": "84"}, {"arr_dt": "1471267041", "direction": "0", "dep_dt": "1471267158", "route_id": "Red", "dwell_time_sec": "117"}, {"arr_dt": "1471267252", "direction": "0", "dep_dt": "1471267338", "route_id": "Red", "dwell_time_sec": "86"}, {"arr_dt": "1471267450", "direction": "0", "dep_dt": "1471267538", "route_id": "Red", "dwell_time_sec": "88"}, {"arr_dt": "1471267618", "direction": "0", "dep_dt": "1471267692", "route_id": "Red", "dwell_time_sec": "74"}, {"arr_dt": "1471267792", "direction": "0", "dep_dt": "1471267871", "route_id": "Red", "dwell_time_sec": "79"}, {"arr_dt": "1471267984", "direction": "0", "dep_dt": "1471268064", "route_id": "Red", "dwell_time_sec": "80"}, {"arr_dt": "1471268184", "direction": "0", "dep_dt": "1471268254", "route_id": "Red", "dwell_time_sec": "70"}, {"arr_dt": "1471268353", "direction": "0", "dep_dt": "1471268493", "route_id": "Red", "dwell_time_sec": "140"}, {"arr_dt": "1471268685", "direction": "0", "dep_dt": "1471268773", "route_id": "Red", "dwell_time_sec": "88"}, {"arr_dt": "1471268873", "direction": "0", "dep_dt": "1471268945", "route_id": "Red", "dwell_time_sec": "72"}, {"arr_dt": "1471269104", "direction": "0", "dep_dt": "1471269183", "route_id": "Red", "dwell_time_sec": "79"}, {"arr_dt": "1471269274", "direction": "0", "dep_dt": "1471269354", "route_id": "Red", "dwell_time_sec": "80"}, {"arr_dt": "1471269485", "direction": "0", "dep_dt": "1471269619", "route_id": "Red", "dwell_time_sec": "134"}, {"arr_dt": "1471269726", "direction": "0", "dep_dt": "1471269797", "route_id": "Red", "dwell_time_sec": "71"}, {"arr_dt": "1471269901", "direction": "0", "dep_dt": "1471269967", "route_id": "Red", "dwell_time_sec": "66"}, {"arr_dt": "1471270076", "direction": "0", "dep_dt": "1471270166", "route_id": "Red", "dwell_time_sec": "90"}, {"arr_dt": "1471270322", "direction": "0", "dep_dt": "1471270387", "route_id": "Red", "dwell_time_sec": "65"}, {"arr_dt": "1471270534", "direction": "0", "dep_dt": "1471270611", "route_id": "Red", "dwell_time_sec": "77"}, {"arr_dt": "1471270834", "direction": "0", "dep_dt": "1471270907", "route_id": "Red", "dwell_time_sec": "73"}, {"arr_dt": "1471271076", "direction": "0", "dep_dt": "1471271158", "route_id": "Red", "dwell_time_sec": "82"}, {"arr_dt": "1471271343", "direction": "0", "dep_dt": "1471271416", "route_id": "Red", "dwell_time_sec": "73"}, {"arr_dt": "1471271633", "direction": "0", "dep_dt": "1471271735", "route_id": "Red", "dwell_time_sec": "102"}, {"arr_dt": "1471272002", "direction": "0", "dep_dt": "1471272084", "route_id": "Red", "dwell_time_sec": "82"}, {"arr_dt": "1471272537", "direction": "0", "dep_dt": "1471272658", "route_id": "Red", "dwell_time_sec": "121"}, {"arr_dt": "1471273226", "direction": "0", "dep_dt": "1471273317", "route_id": "Red", "dwell_time_sec": "91"}, {"arr_dt": "1471273425", "direction": "0", "dep_dt": "1471273496", "route_id": "Red", "dwell_time_sec": "71"}, {"arr_dt": "1471273590", "direction": "0", "dep_dt": "1471273682", "route_id": "Red", "dwell_time_sec": "92"}, {"arr_dt": "1471273777", "direction": "0", "dep_dt": "1471273865", "route_id": "Red", "dwell_time_sec": "88"}, {"arr_dt": "1471274019", "direction": "0", "dep_dt": "1471274084", "route_id": "Red", "dwell_time_sec": "65"}, {"arr_dt": "1471274317", "direction": "0", "dep_dt": "1471274393", "route_id": "Red", "dwell_time_sec": "76"}, {"arr_dt": "1471274921", "direction": "0", "dep_dt": "1471274991", "route_id": "Red", "dwell_time_sec": "70"}, {"arr_dt": "1471275215", "direction": "0", "dep_dt": "1471275292", "route_id": "Red", "dwell_time_sec": "77"}, {"arr_dt": "1471275717", "direction": "0", "dep_dt": "1471275802", "route_id": "Red", "dwell_time_sec": "85"}, {"arr_dt": "1471275906", "direction": "0", "dep_dt": "1471275990", "route_id": "Red", "dwell_time_sec": "84"}, {"arr_dt": "1471276471", "direction": "0", "dep_dt": "1471276540", "route_id": "Red", "dwell_time_sec": "69"}, {"arr_dt": "1471276781", "direction": "0", "dep_dt": "1471276840", "route_id": "Red", "dwell_time_sec": "59"}, {"arr_dt": "1471277187", "direction": "0", "dep_dt": "1471277252", "route_id": "Red", "dwell_time_sec": "65"}, {"arr_dt": "1471277552", "direction": "0", "dep_dt": "1471277639", "route_id": "Red", "dwell_time_sec": "87"}, {"arr_dt": "1471278186", "direction": "0", "dep_dt": "1471278274", "route_id": "Red", "dwell_time_sec": "88"}, {"arr_dt": "1471278511", "direction": "0", "dep_dt": "1471278589", "route_id": "Red", "dwell_time_sec": "78"}, {"arr_dt": "1471279131", "direction": "0", "dep_dt": "1471279217", "route_id": "Red", "dwell_time_sec": "86"}, {"arr_dt": "1471279332", "direction": "0", "dep_dt": "1471279411", "route_id": "Red", "dwell_time_sec": "79"}, {"arr_dt": "1471279629", "direction": "0", "dep_dt": "1471279696", "route_id": "Red", "dwell_time_sec": "67"}, {"arr_dt": "1471280219", "direction": "0", "dep_dt": "1471280315", "route_id": "Red", "dwell_time_sec": "96"}, {"arr_dt": "1471280470", "direction": "0", "dep_dt": "1471280537", "route_id": "Red", "dwell_time_sec": "67"}, {"arr_dt": "1471280993", "direction": "0", "dep_dt": "1471281104", "route_id": "Red", "dwell_time_sec": "111"}, {"arr_dt": "1471281471", "direction": "0", "dep_dt": "1471281567", "route_id": "Red", "dwell_time_sec": "96"}, {"arr_dt": "1471281824", "direction": "0", "dep_dt": "1471281891", "route_id": "Red", "dwell_time_sec": "67"}, {"arr_dt": "1471282155", "direction": "0", "dep_dt": "1471282224", "route_id": "Red", "dwell_time_sec": "69"}, {"arr_dt": "1471282680", "direction": "0", "dep_dt": "1471282757", "route_id": "Red", "dwell_time_sec": "77"}, {"arr_dt": "1471282951", "direction": "0", "dep_dt": "1471283017", "route_id": "Red", "dwell_time_sec": "66"}, {"arr_dt": "1471283565", "direction": "0", "dep_dt": "1471283629", "route_id": "Red", "dwell_time_sec": "64"}, {"arr_dt": "1471284060", "direction": "0", "dep_dt": "1471284146", "route_id": "Red", "dwell_time_sec": "86"}, {"arr_dt": "1471284395", "direction": "0", "dep_dt": "1471284476", "route_id": "Red", "dwell_time_sec": "81"}, {"arr_dt": "1471284877", "direction": "0", "dep_dt": "1471284957", "route_id": "Red", "dwell_time_sec": "80"}, {"arr_dt": "1471285192", "direction": "0", "dep_dt": "1471285270", "route_id": "Red", "dwell_time_sec": "78"}, {"arr_dt": "1471285476", "direction": "0", "dep_dt": "1471285559", "route_id": "Red", "dwell_time_sec": "83"}, {"arr_dt": "1471286108", "direction": "0", "dep_dt": "1471286238", "route_id": "Red", "dwell_time_sec": "130"}, {"arr_dt": "1471286359", "direction": "0", "dep_dt": "1471286422", "route_id": "Red", "dwell_time_sec": "63"}, {"arr_dt": "1471286979", "direction": "0", "dep_dt": "1471287188", "route_id": "Red", "dwell_time_sec": "209"}, {"arr_dt": "1471287204", "direction": "0", "dep_dt": "1471287295", "route_id": "Red", "dwell_time_sec": "91"}, {"arr_dt": "1471287824", "direction": "0", "dep_dt": "1471287928", "route_id": "Red", "dwell_time_sec": "104"}, {"arr_dt": "1471288105", "direction": "0", "dep_dt": "1471288186", "route_id": "Red", "dwell_time_sec": "81"}, {"arr_dt": "1471288582", "direction": "0", "dep_dt": "1471288664", "route_id": "Red", "dwell_time_sec": "82"}, {"arr_dt": "1471288888", "direction": "0", "dep_dt": "1471288975", "route_id": "Red", "dwell_time_sec": "87"}, {"arr_dt": "1471289352", "direction": "0", "dep_dt": "1471289442", "route_id": "Red", "dwell_time_sec": "90"}, {"arr_dt": "1471289630", "direction": "0", "dep_dt": "1471289730", "route_id": "Red", "dwell_time_sec": "100"}, {"arr_dt": "1471290317", "direction": "0", "dep_dt": "1471290461", "route_id": "Red", "dwell_time_sec": "144"}, {"arr_dt": "1471290579", "direction": "0", "dep_dt": "1471290664", "route_id": "Red", "dwell_time_sec": "85"}, {"arr_dt": "1471290790", "direction": "0", "dep_dt": "1471290870", "route_id": "Red", "dwell_time_sec": "80"}, {"arr_dt": "1471291154", "direction": "0", "dep_dt": "1471291246", "route_id": "Red", "dwell_time_sec": "92"}, {"arr_dt": "1471291380", "direction": "0", "dep_dt": "1471291472", "route_id": "Red", "dwell_time_sec": "92"}, {"arr_dt": "1471291654", "direction": "0", "dep_dt": "1471292152", "route_id": "Red", "dwell_time_sec": "498"}, {"arr_dt": "1471292260", "direction": "0", "dep_dt": "1471292367", "route_id": "Red", "dwell_time_sec": "107"}, {"arr_dt": "1471292481", "direction": "0", "dep_dt": "1471292570", "route_id": "Red", "dwell_time_sec": "89"}, {"arr_dt": "1471292759", "direction": "0", "dep_dt": "1471292855", "route_id": "Red", "dwell_time_sec": "96"}, {"arr_dt": "1471292953", "direction": "0", "dep_dt": "1471293043", "route_id": "Red", "dwell_time_sec": "90"}, {"arr_dt": "1471293169", "direction": "0", "dep_dt": "1471293268", "route_id": "Red", "dwell_time_sec": "99"}, {"arr_dt": "1471293349", "direction": "0", "dep_dt": "1471293454", "route_id": "Red", "dwell_time_sec": "105"}, {"arr_dt": "1471293532", "direction": "0", "dep_dt": "1471293617", "route_id": "Red", "dwell_time_sec": "85"}, {"arr_dt": "1471294044", "direction": "0", "dep_dt": "1471294154", "route_id": "Red", "dwell_time_sec": "110"}, {"arr_dt": "1471294256", "direction": "0", "dep_dt": "1471294358", "route_id": "Red", "dwell_time_sec": "102"}, {"arr_dt": "1471294489", "direction": "0", "dep_dt": "1471294579", "route_id": "Red", "dwell_time_sec": "90"}, {"arr_dt": "1471294740", "direction": "0", "dep_dt": "1471294826", "route_id": "Red", "dwell_time_sec": "86"}, {"arr_dt": "1471295297", "direction": "0", "dep_dt": "1471295412", "route_id": "Red", "dwell_time_sec": "115"}, {"arr_dt": "1471295524", "direction": "0", "dep_dt": "1471295620", "route_id": "Red", "dwell_time_sec": "96"}, {"arr_dt": "1471295818", "direction": "0", "dep_dt": "1471295971", "route_id": "Red", "dwell_time_sec": "153"}, {"arr_dt": "1471296060", "direction": "0", "dep_dt": "1471296176", "route_id": "Red", "dwell_time_sec": "116"}, {"arr_dt": "1471296319", "direction": "0", "dep_dt": "1471296777", "route_id": "Red", "dwell_time_sec": "458"}, {"arr_dt": "1471296769", "direction": "0", "dep_dt": "1471296871", "route_id": "Red", "dwell_time_sec": "102"}, {"arr_dt": "1471296987", "direction": "0", "dep_dt": "1471297106", "route_id": "Red", "dwell_time_sec": "119"}, {"arr_dt": "1471297206", "direction": "0", "dep_dt": "1471297319", "route_id": "Red", "dwell_time_sec": "113"}, {"arr_dt": "1471297532", "direction": "0", "dep_dt": "1471297639", "route_id": "Red", "dwell_time_sec": "107"}, {"arr_dt": "1471297776", "direction": "0", "dep_dt": "1471297877", "route_id": "Red", "dwell_time_sec": "101"}, {"arr_dt": "1471297981", "direction": "0", "dep_dt": "1471298089", "route_id": "Red", "dwell_time_sec": "108"}, {"arr_dt": "1471298213", "direction": "0", "dep_dt": "1471298327", "route_id": "Red", "dwell_time_sec": "114"}, {"arr_dt": "1471298519", "direction": "0", "dep_dt": "1471298614", "route_id": "Red", "dwell_time_sec": "95"}, {"arr_dt": "1471298749", "direction": "0", "dep_dt": "1471298898", "route_id": "Red", "dwell_time_sec": "149"}, {"arr_dt": "1471299003", "direction": "0", "dep_dt": "1471299128", "route_id": "Red", "dwell_time_sec": "125"}, {"arr_dt": "1471299238", "direction": "0", "dep_dt": "1471299327", "route_id": "Red", "dwell_time_sec": "89"}, {"arr_dt": "1471299429", "direction": "0", "dep_dt": "1471299513", "route_id": "Red", "dwell_time_sec": "84"}, {"arr_dt": "1471299644", "direction": "0", "dep_dt": "1471299730", "route_id": "Red", "dwell_time_sec": "86"}, {"arr_dt": "1471299837", "direction": "0", "dep_dt": "1471299937", "route_id": "Red", "dwell_time_sec": "100"}, {"arr_dt": "1471300030", "direction": "0", "dep_dt": "1471300141", "route_id": "Red", "dwell_time_sec": "111"}, {"arr_dt": "1471300239", "direction": "0", "dep_dt": "1471300345", "route_id": "Red", "dwell_time_sec": "106"}, {"arr_dt": "1471300640", "direction": "0", "dep_dt": "1471300743", "route_id": "Red", "dwell_time_sec": "103"}, {"arr_dt": "1471300910", "direction": "0", "dep_dt": "1471300984", "route_id": "Red", "dwell_time_sec": "74"}, {"arr_dt": "1471301086", "direction": "0", "dep_dt": "1471301162", "route_id": "Red", "dwell_time_sec": "76"}, {"arr_dt": "1471301489", "direction": "0", "dep_dt": "1471301571", "route_id": "Red", "dwell_time_sec": "82"}, {"arr_dt": "1471301673", "direction": "0", "dep_dt": "1471301760", "route_id": "Red", "dwell_time_sec": "87"}, {"arr_dt": "1471301908", "direction": "0", "dep_dt": "1471301969", "route_id": "Red", "dwell_time_sec": "61"}, {"arr_dt": "1471302273", "direction": "0", "dep_dt": "1471302364", "route_id": "Red", "dwell_time_sec": "91"}, {"arr_dt": "1471302746", "direction": "0", "dep_dt": "1471302832", "route_id": "Red", "dwell_time_sec": "86"}, {"arr_dt": "1471303089", "direction": "0", "dep_dt": "1471303187", "route_id": "Red", "dwell_time_sec": "98"}, {"arr_dt": "1471303299", "direction": "0", "dep_dt": "1471303397", "route_id": "Red", "dwell_time_sec": "98"}, {"arr_dt": "1471303489", "direction": "0", "dep_dt": "1471303594", "route_id": "Red", "dwell_time_sec": "105"}, {"arr_dt": "1471303690", "direction": "0", "dep_dt": "1471303776", "route_id": "Red", "dwell_time_sec": "86"}, {"arr_dt": "1471303877", "direction": "0", "dep_dt": "1471303955", "route_id": "Red", "dwell_time_sec": "78"}, {"arr_dt": "1471304044", "direction": "0", "dep_dt": "1471304133", "route_id": "Red", "dwell_time_sec": "89"}, {"arr_dt": "1471304225", "direction": "0", "dep_dt": "1471304318", "route_id": "Red", "dwell_time_sec": "93"}, {"arr_dt": "1471304411", "direction": "0", "dep_dt": "1471304495", "route_id": "Red", "dwell_time_sec": "84"}, {"arr_dt": "1471304668", "direction": "0", "dep_dt": "1471304742", "route_id": "Red", "dwell_time_sec": "74"}, {"arr_dt": "1471304878", "direction": "0", "dep_dt": "1471304947", "route_id": "Red", "dwell_time_sec": "69"}, {"arr_dt": "1471305201", "direction": "0", "dep_dt": "1471305273", "route_id": "Red", "dwell_time_sec": "72"}, {"arr_dt": "1471305614", "direction": "0", "dep_dt": "1471305690", "route_id": "Red", "dwell_time_sec": "76"}, {"arr_dt": "1471305973", "direction": "0", "dep_dt": "1471306049", "route_id": "Red", "dwell_time_sec": "76"}, {"arr_dt": "1471306153", "direction": "0", "dep_dt": "1471306226", "route_id": "Red", "dwell_time_sec": "73"}, {"arr_dt": "1471306615", "direction": "0", "dep_dt": "1471306705", "route_id": "Red", "dwell_time_sec": "90"}, {"arr_dt": "1471306820", "direction": "0", "dep_dt": "1471306896", "route_id": "Red", "dwell_time_sec": "76"}, {"arr_dt": "1471307297", "direction": "0", "dep_dt": "1471307496", "route_id": "Red", "dwell_time_sec": "199"}, {"arr_dt": "1471307552", "direction": "0", "dep_dt": "1471307623", "route_id": "Red", "dwell_time_sec": "71"}, {"arr_dt": "1471307837", "direction": "0", "dep_dt": "1471307914", "route_id": "Red", "dwell_time_sec": "77"}, {"arr_dt": "1471308223", "direction": "0", "dep_dt": "1471308286", "route_id": "Red", "dwell_time_sec": "63"}, {"arr_dt": "1471308535", "direction": "0", "dep_dt": "1471308599", "route_id": "Red", "dwell_time_sec": "64"}, {"arr_dt": "1471309122", "direction": "0", "dep_dt": "1471309203", "route_id": "Red", "dwell_time_sec": "81"}, {"arr_dt": "1471309330", "direction": "0", "dep_dt": "1471309404", "route_id": "Red", "dwell_time_sec": "74"}, {"arr_dt": "1471309504", "direction": "0", "dep_dt": "1471309579", "route_id": "Red", "dwell_time_sec": "75"}, {"arr_dt": "1471309939", "direction": "0", "dep_dt": "1471310014", "route_id": "Red", "dwell_time_sec": "75"}, {"arr_dt": "1471310112", "direction": "0", "dep_dt": "1471310191", "route_id": "Red", "dwell_time_sec": "79"}, {"arr_dt": "1471310384", "direction": "0", "dep_dt": "1471310450", "route_id": "Red", "dwell_time_sec": "66"}, {"arr_dt": "1471310781", "direction": "0", "dep_dt": "1471310851", "route_id": "Red", "dwell_time_sec": "70"}, {"arr_dt": "1471311255", "direction": "0", "dep_dt": "1471311329", "route_id": "Red", "dwell_time_sec": "74"}, {"arr_dt": "1471311473", "direction": "0", "dep_dt": "1471311537", "route_id": "Red", "dwell_time_sec": "64"}, {"arr_dt": "1471311939", "direction": "0", "dep_dt": "1471312013", "route_id": "Red", "dwell_time_sec": "74"}, {"arr_dt": "1471312510", "direction": "0", "dep_dt": "1471312604", "route_id": "Red", "dwell_time_sec": "94"}, {"arr_dt": "1471312773", "direction": "0", "dep_dt": "1471312843", "route_id": "Red", "dwell_time_sec": "70"}, {"arr_dt": "1471313226", "direction": "0", "dep_dt": "1471313295", "route_id": "Red", "dwell_time_sec": "69"}, {"arr_dt": "1471313573", "direction": "0", "dep_dt": "1471313644", "route_id": "Red", "dwell_time_sec": "71"}, {"arr_dt": "1471313843", "direction": "0", "dep_dt": "1471313922", "route_id": "Red", "dwell_time_sec": "79"}, {"arr_dt": "1471314224", "direction": "0", "dep_dt": "1471314302", "route_id": "Red", "dwell_time_sec": "78"}, {"arr_dt": "1471314742", "direction": "0", "dep_dt": "1471314824", "route_id": "Red", "dwell_time_sec": "82"}, {"arr_dt": "1471314943", "direction": "0", "dep_dt": "1471315018", "route_id": "Red", "dwell_time_sec": "75"}, {"arr_dt": "1471315317", "direction": "0", "dep_dt": "1471315391", "route_id": "Red", "dwell_time_sec": "74"}, {"arr_dt": "1471315597", "direction": "0", "dep_dt": "1471315663", "route_id": "Red", "dwell_time_sec": "66"}, {"arr_dt": "1471315871", "direction": "0", "dep_dt": "1471315933", "route_id": "Red", "dwell_time_sec": "62"}, {"arr_dt": "1471316576", "direction": "0", "dep_dt": "1471316651", "route_id": "Red", "dwell_time_sec": "75"}, {"arr_dt": "1471316755", "direction": "0", "dep_dt": "1471316835", "route_id": "Red", "dwell_time_sec": "80"}, {"arr_dt": "1471317213", "direction": "0", "dep_dt": "1471317284", "route_id": "Red", "dwell_time_sec": "71"}, {"arr_dt": "1471317427", "direction": "0", "dep_dt": "1471317501", "route_id": "Red", "dwell_time_sec": "74"}, {"arr_dt": "1471317799", "direction": "0", "dep_dt": "1471317897", "route_id": "Red", "dwell_time_sec": "98"}, {"arr_dt": "1471318536", "direction": "0", "dep_dt": "1471318606", "route_id": "Red", "dwell_time_sec": "70"}, {"arr_dt": "1471318797", "direction": "0", "dep_dt": "1471318858", "route_id": "Red", "dwell_time_sec": "61"}, {"arr_dt": "1471319339", "direction": "0", "dep_dt": "1471319402", "route_id": "Red", "dwell_time_sec": "63"}, {"arr_dt": "1471319611", "direction": "0", "dep_dt": "1471319681", "route_id": "Red", "dwell_time_sec": "70"}]}