{"dwell_times": [{"arr_dt": "1455512376", "direction": "0", "dep_dt": "1455512436", "route_id": "Red", "dwell_time_sec": "60"}, {"arr_dt": "1455512584", "direction": "0", "dep_dt": "1455512651", "route_id": "Red", "dwell_time_sec": "67"}, {"arr_dt": "1455513072", "direction": "0", "dep_dt": "1455513145", "route_id": "Red", "dwell_time_sec": "73"}, {"arr_dt": "1455513395", "direction": "0", "dep_dt": "1455513568", "route_id": "Red", "dwell_time_sec": "173"}, {"arr_dt": "1455514235", "direction": "0", "dep_dt": "1455514291", "route_id": "Red", "dwell_time_sec": "56"}, {"arr_dt": "1455514390", "direction": "0", "dep_dt": "1455514439", "route_id": "Red", "dwell_time_sec": "49"}, {"arr_dt": "1455515717", "direction": "0", "dep_dt": "1455516721", "route_id": "Red", "dwell_time_sec": "1004"}, {"arr_dt": "1455532616", "direction": "0", "dep_dt": "1455532699", "route_id": "Red", "dwell_time_sec": "83"}, {"arr_dt": "1455532974", "direction": "0", "dep_dt": "1455533034", "route_id": "Red", "dwell_time_sec": "60"}, {"arr_dt": "1455533337", "direction": "0", "dep_dt": "1455533409", "route_id": "Red", "dwell_time_sec": "72"}, {"arr_dt": "1455533676", "direction": "0", "dep_dt": "1455533731", "route_id": "Red", "dwell_time_sec": "55"}, {"arr_dt": "1455534143", "direction": "0", "dep_dt": "1455534206", "route_id": "Red", "dwell_time_sec": "63"}, {"arr_dt": "1455534663", "direction": "0", "dep_dt": "1455534743", "route_id": "Red", "dwell_time_sec": "80"}, {"arr_dt": "1455535169", "direction": "0", "dep_dt": "1455535236", "route_id": "Red", "dwell_time_sec": "67"}, {"arr_dt": "1455535494", "direction": "0", "dep_dt": "1455535547", "route_id": "Red", "dwell_time_sec": "53"}, {"arr_dt": "1455535801", "direction": "0", "dep_dt": "1455535850", "route_id": "Red", "dwell_time_sec": "49"}, {"arr_dt": "1455536338", "direction": "0", "dep_dt": "1455536406", "route_id": "Red", "dwell_time_sec": "68"}, {"arr_dt": "1455537028", "direction": "0", "dep_dt": "1455537091", "route_id": "Red", "dwell_time_sec": "63"}, {"arr_dt": "1455537466", "direction": "0", "dep_dt": "1455537533", "route_id": "Red", "dwell_time_sec": "67"}, {"arr_dt": "1455537646", "direction": "0", "dep_dt": "1455537721", "route_id": "Red", "dwell_time_sec": "75"}, {"arr_dt": "1455537916", "direction": "0", "dep_dt": "1455537986", "route_id": "Red", "dwell_time_sec": "70"}, {"arr_dt": "1455538331", "direction": "0", "dep_dt": "1455538398", "route_id": "Red", "dwell_time_sec": "67"}, {"arr_dt": "1455539183", "direction": "0", "dep_dt": "1455539264", "route_id": "Red", "dwell_time_sec": "81"}, {"arr_dt": "1455539375", "direction": "0", "dep_dt": "1455539456", "route_id": "Red", "dwell_time_sec": "81"}, {"arr_dt": "1455539645", "direction": "0", "dep_dt": "1455539733", "route_id": "Red", "dwell_time_sec": "88"}, {"arr_dt": "1455539996", "direction": "0", "dep_dt": "1455540088", "route_id": "Red", "dwell_time_sec": "92"}, {"arr_dt": "1455540429", "direction": "0", "dep_dt": "1455540490", "route_id": "Red", "dwell_time_sec": "61"}, {"arr_dt": "1455540974", "direction": "0", "dep_dt": "1455541045", "route_id": "Red", "dwell_time_sec": "71"}, {"arr_dt": "1455541259", "direction": "0", "dep_dt": "1455541350", "route_id": "Red", "dwell_time_sec": "91"}, {"arr_dt": "1455541603", "direction": "0", "dep_dt": "1455541651", "route_id": "Red", "dwell_time_sec": "48"}, {"arr_dt": "1455542358", "direction": "0", "dep_dt": "1455542438", "route_id": "Red", "dwell_time_sec": "80"}, {"arr_dt": "1455542584", "direction": "0", "dep_dt": "1455542650", "route_id": "Red", "dwell_time_sec": "66"}, {"arr_dt": "1455543170", "direction": "0", "dep_dt": "1455543256", "route_id": "Red", "dwell_time_sec": "86"}, {"arr_dt": "1455543781", "direction": "0", "dep_dt": "1455543884", "route_id": "Red", "dwell_time_sec": "103"}, {"arr_dt": "1455544300", "direction": "0", "dep_dt": "1455544383", "route_id": "Red", "dwell_time_sec": "83"}, {"arr_dt": "1455544581", "direction": "0", "dep_dt": "1455544667", "route_id": "Red", "dwell_time_sec": "86"}, {"arr_dt": "1455545127", "direction": "0", "dep_dt": "1455545202", "route_id": "Red", "dwell_time_sec": "75"}, {"arr_dt": "1455546023", "direction": "0", "dep_dt": "1455546126", "route_id": "Red", "dwell_time_sec": "103"}, {"arr_dt": "1455546768", "direction": "0", "dep_dt": "1455546839", "route_id": "Red", "dwell_time_sec": "71"}, {"arr_dt": "1455546943", "direction": "0", "dep_dt": "1455547018", "route_id": "Red", "dwell_time_sec": "75"}, {"arr_dt": "1455547136", "direction": "0", "dep_dt": "1455547203", "route_id": "Red", "dwell_time_sec": "67"}, {"arr_dt": "1455547367", "direction": "0", "dep_dt": "1455547434", "route_id": "Red", "dwell_time_sec": "67"}, {"arr_dt": "1455547798", "direction": "0", "dep_dt": "1455547870", "route_id": "Red", "dwell_time_sec": "72"}, {"arr_dt": "1455547980", "direction": "0", "dep_dt": "1455548054", "route_id": "Red", "dwell_time_sec": "74"}, {"arr_dt": "1455548159", "direction": "0", "dep_dt": "1455548258", "route_id": "Red", "dwell_time_sec": "99"}, {"arr_dt": "1455548651", "direction": "0", "dep_dt": "1455548725", "route_id": "Red", "dwell_time_sec": "74"}, {"arr_dt": "1455549152", "direction": "0", "dep_dt": "1455549215", "route_id": "Red", "dwell_time_sec": "63"}, {"arr_dt": "1455549764", "direction": "0", "dep_dt": "1455549860", "route_id": "Red", "dwell_time_sec": "96"}, {"arr_dt": "1455549998", "direction": "0", "dep_dt": "1455550065", "route_id": "Red", "dwell_time_sec": "67"}, {"arr_dt": "1455550505", "direction": "0", "dep_dt": "1455550570", "route_id": "Red", "dwell_time_sec": "65"}, {"arr_dt": "1455551247", "direction": "0", "dep_dt": "1455551335", "route_id": "Red", "dwell_time_sec": "88"}, {"arr_dt": "1455551646", "direction": "0", "dep_dt": "1455551723", "route_id": "Red", "dwell_time_sec": "77"}, {"arr_dt": "1455552062", "direction": "0", "dep_dt": "1455552144", "route_id": "Red", "dwell_time_sec": "82"}, {"arr_dt": "1455553057", "direction": "0", "dep_dt": "1455553149", "route_id": "Red", "dwell_time_sec": "92"}, {"arr_dt": "1455553258", "direction": "0", "dep_dt": "1455553338", "route_id": "Red", "dwell_time_sec": "80"}, {"arr_dt": "1455553436", "direction": "0", "dep_dt": "1455553511", "route_id": "Red", "dwell_time_sec": "75"}, {"arr_dt": "1455553611", "direction": "0", "dep_dt": "1455553693", "route_id": "Red", "dwell_time_sec": "82"}, {"arr_dt": "1455553784", "direction": "0", "dep_dt": "1455553859", "route_id": "Red", "dwell_time_sec": "75"}, {"arr_dt": "1455554143", "direction": "0", "dep_dt": "1455554210", "route_id": "Red", "dwell_time_sec": "67"}, {"arr_dt": "1455554646", "direction": "0", "dep_dt": "1455554731", "route_id": "Red", "dwell_time_sec": "85"}, {"arr_dt": "1455554983", "direction": "0", "dep_dt": "1455555052", "route_id": "Red", "dwell_time_sec": "69"}, {"arr_dt": "1455555484", "direction": "0", "dep_dt": "1455555558", "route_id": "Red", "dwell_time_sec": "74"}, {"arr_dt": "1455556193", "direction": "0", "dep_dt": "1455556267", "route_id": "Red", "dwell_time_sec": "74"}, {"arr_dt": "1455556839", "direction": "0", "dep_dt": "1455556934", "route_id": "Red", "dwell_time_sec": "95"}, {"arr_dt": "1455557278", "direction": "0", "dep_dt": "1455557350", "route_id": "Red", "dwell_time_sec": "72"}, {"arr_dt": "1455557626", "direction": "0", "dep_dt": "1455557720", "route_id": "Red", "dwell_time_sec": "94"}, {"arr_dt": "1455557811", "direction": "0", "dep_dt": "1455557871", "route_id": "Red", "dwell_time_sec": "60"}, {"arr_dt": "1455558425", "direction": "0", "dep_dt": "1455558490", "route_id": "Red", "dwell_time_sec": "65"}, {"arr_dt": "1455558822", "direction": "0", "dep_dt": "1455558899", "route_id": "Red", "dwell_time_sec": "77"}, {"arr_dt": "1455559091", "direction": "0", "dep_dt": "1455559162", "route_id": "Red", "dwell_time_sec": "71"}, {"arr_dt": "1455559399", "direction": "0", "dep_dt": "1455559476", "route_id": "Red", "dwell_time_sec": "77"}, {"arr_dt": "1455559743", "direction": "0", "dep_dt": "1455559806", "route_id": "Red", "dwell_time_sec": "63"}, {"arr_dt": "1455560385", "direction": "0", "dep_dt": "1455560474", "route_id": "Red", "dwell_time_sec": "89"}, {"arr_dt": "1455560662", "direction": "0", "dep_dt": "1455560746", "route_id": "Red", "dwell_time_sec": "84"}, {"arr_dt": "1455560933", "direction": "0", "dep_dt": "1455561004", "route_id": "Red", "dwell_time_sec": "71"}, {"arr_dt": "1455561358", "direction": "0", "dep_dt": "1455561464", "route_id": "Red", "dwell_time_sec": "106"}, {"arr_dt": "1455561812", "direction": "0", "dep_dt": "1455561921", "route_id": "Red", "dwell_time_sec": "109"}, {"arr_dt": "1455562205", "direction": "0", "dep_dt": "1455562282", "route_id": "Red", "dwell_time_sec": "77"}, {"arr_dt": "1455562606", "direction": "0", "dep_dt": "1455562686", "route_id": "Red", "dwell_time_sec": "80"}, {"arr_dt": "1455563089", "direction": "0", "dep_dt": "1455563181", "route_id": "Red", "dwell_time_sec": "92"}, {"arr_dt": "1455563410", "direction": "0", "dep_dt": "1455563475", "route_id": "Red", "dwell_time_sec": "65"}, {"arr_dt": "1455563740", "direction": "0", "dep_dt": "1455563796", "route_id": "Red", "dwell_time_sec": "56"}, {"arr_dt": "1455564203", "direction": "0", "dep_dt": "1455564271", "route_id": "Red", "dwell_time_sec": "68"}, {"arr_dt": "1455564614", "direction": "0", "dep_dt": "1455564683", "route_id": "Red", "dwell_time_sec": "69"}, {"arr_dt": "1455565334", "direction": "0", "dep_dt": "1455565448", "route_id": "Red", "dwell_time_sec": "114"}, {"arr_dt": "1455565593", "direction": "0", "dep_dt": "1455565689", "route_id": "Red", "dwell_time_sec": "96"}, {"arr_dt": "1455566241", "direction": "0", "dep_dt": "1455566336", "route_id": "Red", "dwell_time_sec": "95"}, {"arr_dt": "1455566849", "direction": "0", "dep_dt": "1455566957", "route_id": "Red", "dwell_time_sec": "108"}, {"arr_dt": "1455567067", "direction": "0", "dep_dt": "1455567154", "route_id": "Red", "dwell_time_sec": "87"}, {"arr_dt": "1455567591", "direction": "0", "dep_dt": "1455567668", "route_id": "Red", "dwell_time_sec": "77"}, {"arr_dt": "1455568224", "direction": "0", "dep_dt": "1455568291", "route_id": "Red", "dwell_time_sec": "67"}, {"arr_dt": "1455568401", "direction": "0", "dep_dt": "1455568476", "route_id": "Red", "dwell_time_sec": "75"}, {"arr_dt": "1455568604", "direction": "0", "dep_dt": "1455568698", "route_id": "Red", "dwell_time_sec": "94"}, {"arr_dt": "1455569135", "direction": "0", "dep_dt": "1455569234", "route_id": "Red", "dwell_time_sec": "99"}, {"arr_dt": "1455569335", "direction": "0", "dep_dt": "1455569456", "route_id": "Red", "dwell_time_sec": "121"}, {"arr_dt": "1455569727", "direction": "0", "dep_dt": "1455569799", "route_id": "Red", "dwell_time_sec": "72"}, {"arr_dt": "1455570367", "direction": "0", "dep_dt": "1455570456", "route_id": "Red", "dwell_time_sec": "89"}, {"arr_dt": "1455570942", "direction": "0", "dep_dt": "1455571035", "route_id": "Red", "dwell_time_sec": "93"}, {"arr_dt": "1455571244", "direction": "0", "dep_dt": "1455571340", "route_id": "Red", "dwell_time_sec": "96"}, {"arr_dt": "1455571670", "direction": "0", "dep_dt": "1455571761", "route_id": "Red", "dwell_time_sec": "91"}, {"arr_dt": "1455572562", "direction": "0", "dep_dt": "1455572657", "route_id": "Red", "dwell_time_sec": "95"}, {"arr_dt": "1455572775", "direction": "0", "dep_dt": "1455572870", "route_id": "Red", "dwell_time_sec": "95"}, {"arr_dt": "1455573101", "direction": "0", "dep_dt": "1455573197", "route_id": "Red", "dwell_time_sec": "96"}, {"arr_dt": "1455573425", "direction": "0", "dep_dt": "1455573596", "route_id": "Red", "dwell_time_sec": "171"}, {"arr_dt": "1455573835", "direction": "0", "dep_dt": "1455573905", "route_id": "Red", "dwell_time_sec": "70"}, {"arr_dt": "1455574316", "direction": "0", "dep_dt": "1455574399", "route_id": "Red", "dwell_time_sec": "83"}, {"arr_dt": "1455574760", "direction": "0", "dep_dt": "1455574878", "route_id": "Red", "dwell_time_sec": "118"}, {"arr_dt": "1455574964", "direction": "0", "dep_dt": "1455575057", "route_id": "Red", "dwell_time_sec": "93"}, {"arr_dt": "1455575286", "direction": "0", "dep_dt": "1455575371", "route_id": "Red", "dwell_time_sec": "85"}, {"arr_dt": "1455575467", "direction": "0", "dep_dt": "1455575537", "route_id": "Red", "dwell_time_sec": "70"}, {"arr_dt": "1455575938", "direction": "0", "dep_dt": "1455576025", "route_id": "Red", "dwell_time_sec": "87"}, {"arr_dt": "1455576455", "direction": "0", "dep_dt": "1455576531", "route_id": "Red", "dwell_time_sec": "76"}, {"arr_dt": "1455576878", "direction": "0", "dep_dt": "1455576964", "route_id": "Red", "dwell_time_sec": "86"}, {"arr_dt": "1455577168", "direction": "0", "dep_dt": "1455577283", "route_id": "Red", "dwell_time_sec": "115"}, {"arr_dt": "1455577801", "direction": "0", "dep_dt": "1455577889", "route_id": "Red", "dwell_time_sec": "88"}, {"arr_dt": "1455578079", "direction": "0", "dep_dt": "1455578181", "route_id": "Red", "dwell_time_sec": "102"}, {"arr_dt": "1455578375", "direction": "0", "dep_dt": "1455578442", "route_id": "Red", "dwell_time_sec": "67"}, {"arr_dt": "1455578720", "direction": "0", "dep_dt": "1455578813", "route_id": "Red", "dwell_time_sec": "93"}, {"arr_dt": "1455579476", "direction": "0", "dep_dt": "1455579621", "route_id": "Red", "dwell_time_sec": "145"}, {"arr_dt": "1455579923", "direction": "0", "dep_dt": "1455579999", "route_id": "Red", "dwell_time_sec": "76"}, {"arr_dt": "1455580242", "direction": "0", "dep_dt": "1455580300", "route_id": "Red", "dwell_time_sec": "58"}, {"arr_dt": "1455580548", "direction": "0", "dep_dt": "1455580610", "route_id": "Red", "dwell_time_sec": "62"}, {"arr_dt": "1455581164", "direction": "0", "dep_dt": "1455581243", "route_id": "Red", "dwell_time_sec": "79"}, {"arr_dt": "1455581342", "direction": "0", "dep_dt": "1455581419", "route_id": "Red", "dwell_time_sec": "77"}, {"arr_dt": "1455582141", "direction": "0", "dep_dt": "1455582217", "route_id": "Red", "dwell_time_sec": "76"}, {"arr_dt": "1455582361", "direction": "0", "dep_dt": "1455582437", "route_id": "Red", "dwell_time_sec": "76"}, {"arr_dt": "1455582920", "direction": "0", "dep_dt": "1455582993", "route_id": "Red", "dwell_time_sec": "73"}, {"arr_dt": "1455583463", "direction": "0", "dep_dt": "1455583535", "route_id": "Red", "dwell_time_sec": "72"}, {"arr_dt": "1455583843", "direction": "0", "dep_dt": "1455583940", "route_id": "Red", "dwell_time_sec": "97"}, {"arr_dt": "1455584246", "direction": "0", "dep_dt": "1455584309", "route_id": "Red", "dwell_time_sec": "63"}, {"arr_dt": "1455585108", "direction": "0", "dep_dt": "1455585175", "route_id": "Red", "dwell_time_sec": "67"}, {"arr_dt": "1455585310", "direction": "0", "dep_dt": "1455585389", "route_id": "Red", "dwell_time_sec": "79"}, {"arr_dt": "1455585584", "direction": "0", "dep_dt": "1455585673", "route_id": "Red", "dwell_time_sec": "89"}, {"arr_dt": "1455586022", "direction": "0", "dep_dt": "1455586099", "route_id": "Red", "dwell_time_sec": "77"}, {"arr_dt": "1455586437", "direction": "0", "dep_dt": "1455586504", "route_id": "Red", "dwell_time_sec": "67"}, {"arr_dt": "1455586922", "direction": "0", "dep_dt": "1455586986", "route_id": "Red", "dwell_time_sec": "64"}, {"arr_dt": "1455587190", "direction": "0", "dep_dt": "1455587254", "route_id": "Red", "dwell_time_sec": "64"}, {"arr_dt": "1455587931", "direction": "0", "dep_dt": "1455588001", "route_id": "Red", "dwell_time_sec": "70"}, {"arr_dt": "1455588199", "direction": "0", "dep_dt": "1455588276", "route_id": "Red", "dwell_time_sec": "77"}, {"arr_dt": "1455588445", "direction": "0", "dep_dt": "1455588511", "route_id": "Red", "dwell_time_sec": "66"}, {"arr_dt": "1455588730", "direction": "0", "dep_dt": "1455588829", "route_id": "Red", "dwell_time_sec": "99"}, {"arr_dt": "1455589623", "direction": "0", "dep_dt": "1455589683", "route_id": "Red", "dwell_time_sec": "60"}, {"arr_dt": "1455590110", "direction": "0", "dep_dt": "1455590185", "route_id": "Red", "dwell_time_sec": "75"}, {"arr_dt": "1455590382", "direction": "0", "dep_dt": "1455590478", "route_id": "Red", "dwell_time_sec": "96"}, {"arr_dt": "1455590668", "direction": "0", "dep_dt": "1455590748", "route_id": "Red", "dwell_time_sec": "80"}, {"arr_dt": "1455591137", "direction": "0", "dep_dt": "1455591199", "route_id": "Red", "dwell_time_sec": "62"}, {"arr_dt": "1455591305", "direction": "0", "dep_dt": "1455591370", "route_id": "Red", "dwell_time_sec": "65"}, {"arr_dt": "1455591977", "direction": "0", "dep_dt": "1455592218", "route_id": "Red", "dwell_time_sec": "241"}, {"arr_dt": "1455592215", "direction": "0", "dep_dt": "1455592288", "route_id": "Red", "dwell_time_sec": "73"}, {"arr_dt": "1455592726", "direction": "0", "dep_dt": "1455592803", "route_id": "Red", "dwell_time_sec": "77"}, {"arr_dt": "1455593017", "direction": "0", "dep_dt": "1455593082", "route_id": "Red", "dwell_time_sec": "65"}, {"arr_dt": "1455593854", "direction": "0", "dep_dt": "1455593937", "route_id": "Red", "dwell_time_sec": "83"}, {"arr_dt": "1455594218", "direction": "0", "dep_dt": "1455594302", "route_id": "Red", "dwell_time_sec": "84"}, {"arr_dt": "1455594719", "direction": "0", "dep_dt": "1455594796", "route_id": "Red", "dwell_time_sec": "77"}, {"arr_dt": "1455595247", "direction": "0", "dep_dt": "1455595333", "route_id": "Red", "dwell_time_sec": "86"}, {"arr_dt": "1455595628", "direction": "0", "dep_dt": "1455595691", "route_id": "Red", "dwell_time_sec": "63"}, {"arr_dt": "1455596544", "direction": "0", "dep_dt": "1455596609", "route_id": "Red", "dwell_time_sec": "65"}, {"arr_dt": "1455596770", "direction": "0", "dep_dt": "1455596837", "route_id": "Red", "dwell_time_sec": "67"}, {"arr_dt": "1455597205", "direction": "0", "dep_dt": "1455597279", "route_id": "Red", "dwell_time_sec": "74"}, {"arr_dt": "1455597629", "direction": "0", "dep_dt": "1455597698", "route_id": "Red", "dwell_time_sec": "69"}, {"arr_dt": "1455598035", "direction": "0", "dep_dt": "1455598097", "route_id": "Red", "dwell_time_sec": "62"}, {"arr_dt": "1455598402", "direction": "0", "dep_dt": "1455598477", "route_id": "Red", "dwell_time_sec": "75"}]}