{"dwell_times": [{"arr_dt": "1478754059", "direction": "0", "dep_dt": "1478754140", "route_id": "Red", "dwell_time_sec": "81"}, {"arr_dt": "1478754525", "direction": "0", "dep_dt": "1478754587", "route_id": "Red", "dwell_time_sec": "62"}, {"arr_dt": "1478755307", "direction": "0", "dep_dt": "1478755376", "route_id": "Red", "dwell_time_sec": "69"}, {"arr_dt": "1478756286", "direction": "0", "dep_dt": "1478756380", "route_id": "Red", "dwell_time_sec": "94"}, {"arr_dt": "1478756614", "direction": "0", "dep_dt": "1478758268", "route_id": "Red", "dwell_time_sec": "1654"}, {"arr_dt": "1478773969", "direction": "0", "dep_dt": "1478774026", "route_id": "Red", "dwell_time_sec": "57"}, {"arr_dt": "1478774634", "direction": "0", "dep_dt": "1478774706", "route_id": "Red", "dwell_time_sec": "72"}, {"arr_dt": "1478774981", "direction": "0", "dep_dt": "1478775048", "route_id": "Red", "dwell_time_sec": "67"}, {"arr_dt": "1478775246", "direction": "0", "dep_dt": "1478775303", "route_id": "Red", "dwell_time_sec": "57"}, {"arr_dt": "1478775747", "direction": "0", "dep_dt": "1478775810", "route_id": "Red", "dwell_time_sec": "63"}, {"arr_dt": "1478776614", "direction": "0", "dep_dt": "1478776693", "route_id": "Red", "dwell_time_sec": "79"}, {"arr_dt": "1478776831", "direction": "0", "dep_dt": "1478776895", "route_id": "Red", "dwell_time_sec": "64"}, {"arr_dt": "1478777180", "direction": "0", "dep_dt": "1478777260", "route_id": "Red", "dwell_time_sec": "80"}, {"arr_dt": "1478777548", "direction": "0", "dep_dt": "1478777622", "route_id": "Red", "dwell_time_sec": "74"}, {"arr_dt": "1478777731", "direction": "0", "dep_dt": "1478777793", "route_id": "Red", "dwell_time_sec": "62"}, {"arr_dt": "1478778270", "direction": "0", "dep_dt": "1478778337", "route_id": "Red", "dwell_time_sec": "67"}, {"arr_dt": "1478778446", "direction": "0", "dep_dt": "1478778509", "route_id": "Red", "dwell_time_sec": "63"}, {"arr_dt": "1478778764", "direction": "0", "dep_dt": "1478778830", "route_id": "Red", "dwell_time_sec": "66"}, {"arr_dt": "1478779059", "direction": "0", "dep_dt": "1478779125", "route_id": "Red", "dwell_time_sec": "66"}, {"arr_dt": "1478779431", "direction": "0", "dep_dt": "1478779506", "route_id": "Red", "dwell_time_sec": "75"}, {"arr_dt": "1478779664", "direction": "0", "dep_dt": "1478779735", "route_id": "Red", "dwell_time_sec": "71"}, {"arr_dt": "1478779946", "direction": "0", "dep_dt": "1478780039", "route_id": "Red", "dwell_time_sec": "93"}, {"arr_dt": "1478780246", "direction": "0", "dep_dt": "1478780317", "route_id": "Red", "dwell_time_sec": "71"}, {"arr_dt": "1478780803", "direction": "0", "dep_dt": "1478780903", "route_id": "Red", "dwell_time_sec": "100"}, {"arr_dt": "1478781020", "direction": "0", "dep_dt": "1478781154", "route_id": "Red", "dwell_time_sec": "134"}, {"arr_dt": "1478781254", "direction": "0", "dep_dt": "1478781369", "route_id": "Red", "dwell_time_sec": "115"}, {"arr_dt": "1478781501", "direction": "0", "dep_dt": "1478781600", "route_id": "Red", "dwell_time_sec": "99"}, {"arr_dt": "1478781710", "direction": "0", "dep_dt": "1478781785", "route_id": "Red", "dwell_time_sec": "75"}, {"arr_dt": "1478781913", "direction": "0", "dep_dt": "1478781987", "route_id": "Red", "dwell_time_sec": "74"}, {"arr_dt": "1478782107", "direction": "0", "dep_dt": "1478782183", "route_id": "Red", "dwell_time_sec": "76"}, {"arr_dt": "1478782624", "direction": "0", "dep_dt": "1478782745", "route_id": "Red", "dwell_time_sec": "121"}, {"arr_dt": "1478782861", "direction": "0", "dep_dt": "1478783001", "route_id": "Red", "dwell_time_sec": "140"}, {"arr_dt": "1478783112", "direction": "0", "dep_dt": "1478783200", "route_id": "Red", "dwell_time_sec": "88"}, {"arr_dt": "1478783331", "direction": "0", "dep_dt": "1478783403", "route_id": "Red", "dwell_time_sec": "72"}, {"arr_dt": "1478783560", "direction": "0", "dep_dt": "1478783645", "route_id": "Red", "dwell_time_sec": "85"}, {"arr_dt": "1478783749", "direction": "0", "dep_dt": "1478783846", "route_id": "Red", "dwell_time_sec": "97"}, {"arr_dt": "1478783961", "direction": "0", "dep_dt": "1478784058", "route_id": "Red", "dwell_time_sec": "97"}, {"arr_dt": "1478784148", "direction": "0", "dep_dt": "1478784255", "route_id": "Red", "dwell_time_sec": "107"}, {"arr_dt": "1478784366", "direction": "0", "dep_dt": "1478784467", "route_id": "Red", "dwell_time_sec": "101"}, {"arr_dt": "1478784574", "direction": "0", "dep_dt": "1478784679", "route_id": "Red", "dwell_time_sec": "105"}, {"arr_dt": "1478784822", "direction": "0", "dep_dt": "1478784913", "route_id": "Red", "dwell_time_sec": "91"}, {"arr_dt": "1478785011", "direction": "0", "dep_dt": "1478785119", "route_id": "Red", "dwell_time_sec": "108"}, {"arr_dt": "1478785236", "direction": "0", "dep_dt": "1478785368", "route_id": "Red", "dwell_time_sec": "132"}, {"arr_dt": "1478785542", "direction": "0", "dep_dt": "1478785637", "route_id": "Red", "dwell_time_sec": "95"}, {"arr_dt": "1478785743", "direction": "0", "dep_dt": "1478785833", "route_id": "Red", "dwell_time_sec": "90"}, {"arr_dt": "1478786078", "direction": "0", "dep_dt": "1478786173", "route_id": "Red", "dwell_time_sec": "95"}, {"arr_dt": "1478786577", "direction": "0", "dep_dt": "1478786690", "route_id": "Red", "dwell_time_sec": "113"}, {"arr_dt": "1478786778", "direction": "0", "dep_dt": "1478786898", "route_id": "Red", "dwell_time_sec": "120"}, {"arr_dt": "1478787016", "direction": "0", "dep_dt": "1478787121", "route_id": "Red", "dwell_time_sec": "105"}, {"arr_dt": "1478787214", "direction": "0", "dep_dt": "1478787292", "route_id": "Red", "dwell_time_sec": "78"}, {"arr_dt": "1478787411", "direction": "0", "dep_dt": "1478787526", "route_id": "Red", "dwell_time_sec": "115"}, {"arr_dt": "1478787625", "direction": "0", "dep_dt": "1478787704", "route_id": "Red", "dwell_time_sec": "79"}, {"arr_dt": "1478787859", "direction": "0", "dep_dt": "1478787925", "route_id": "Red", "dwell_time_sec": "66"}, {"arr_dt": "1478788220", "direction": "0", "dep_dt": "1478788311", "route_id": "Red", "dwell_time_sec": "91"}, {"arr_dt": "1478788451", "direction": "0", "dep_dt": "1478788514", "route_id": "Red", "dwell_time_sec": "63"}, {"arr_dt": "1478788643", "direction": "0", "dep_dt": "1478788716", "route_id": "Red", "dwell_time_sec": "73"}, {"arr_dt": "1478789156", "direction": "0", "dep_dt": "1478789239", "route_id": "Red", "dwell_time_sec": "83"}, {"arr_dt": "1478789350", "direction": "0", "dep_dt": "1478789430", "route_id": "Red", "dwell_time_sec": "80"}, {"arr_dt": "1478789527", "direction": "0", "dep_dt": "1478789622", "route_id": "Red", "dwell_time_sec": "95"}, {"arr_dt": "1478789720", "direction": "0", "dep_dt": "1478789784", "route_id": "Red", "dwell_time_sec": "64"}, {"arr_dt": "1478789932", "direction": "0", "dep_dt": "1478789999", "route_id": "Red", "dwell_time_sec": "67"}, {"arr_dt": "1478790138", "direction": "0", "dep_dt": "1478790201", "route_id": "Red", "dwell_time_sec": "63"}, {"arr_dt": "1478790366", "direction": "0", "dep_dt": "1478790440", "route_id": "Red", "dwell_time_sec": "74"}, {"arr_dt": "1478790586", "direction": "0", "dep_dt": "1478790651", "route_id": "Red", "dwell_time_sec": "65"}, {"arr_dt": "1478790823", "direction": "0", "dep_dt": "1478790891", "route_id": "Red", "dwell_time_sec": "68"}, {"arr_dt": "1478790998", "direction": "0", "dep_dt": "1478791334", "route_id": "Red", "dwell_time_sec": "336"}, {"arr_dt": "1478791267", "direction": "0", "dep_dt": "1478791362", "route_id": "Red", "dwell_time_sec": "95"}, {"arr_dt": "1478791455", "direction": "0", "dep_dt": "1478791531", "route_id": "Red", "dwell_time_sec": "76"}, {"arr_dt": "1478791645", "direction": "0", "dep_dt": "1478791722", "route_id": "Red", "dwell_time_sec": "77"}, {"arr_dt": "1478792302", "direction": "0", "dep_dt": "1478792376", "route_id": "Red", "dwell_time_sec": "74"}, {"arr_dt": "1478792813", "direction": "0", "dep_dt": "1478792880", "route_id": "Red", "dwell_time_sec": "67"}, {"arr_dt": "1478792993", "direction": "0", "dep_dt": "1478793066", "route_id": "Red", "dwell_time_sec": "73"}, {"arr_dt": "1478793298", "direction": "0", "dep_dt": "1478793364", "route_id": "Red", "dwell_time_sec": "66"}, {"arr_dt": "1478793464", "direction": "0", "dep_dt": "1478793541", "route_id": "Red", "dwell_time_sec": "77"}, {"arr_dt": "1478794094", "direction": "0", "dep_dt": "1478794161", "route_id": "Red", "dwell_time_sec": "67"}, {"arr_dt": "1478794708", "direction": "0", "dep_dt": "1478794786", "route_id": "Red", "dwell_time_sec": "78"}, {"arr_dt": "1478794897", "direction": "0", "dep_dt": "1478794976", "route_id": "Red", "dwell_time_sec": "79"}, {"arr_dt": "1478795092", "direction": "0", "dep_dt": "1478795150", "route_id": "Red", "dwell_time_sec": "58"}, {"arr_dt": "1478795240", "direction": "0", "dep_dt": "1478795307", "route_id": "Red", "dwell_time_sec": "67"}, {"arr_dt": "1478795816", "direction": "0", "dep_dt": "1478795920", "route_id": "Red", "dwell_time_sec": "104"}, {"arr_dt": "1478796122", "direction": "0", "dep_dt": "1478796220", "route_id": "Red", "dwell_time_sec": "98"}, {"arr_dt": "1478797170", "direction": "0", "dep_dt": "1478797251", "route_id": "Red", "dwell_time_sec": "81"}, {"arr_dt": "1478797540", "direction": "0", "dep_dt": "1478797634", "route_id": "Red", "dwell_time_sec": "94"}, {"arr_dt": "1478797753", "direction": "0", "dep_dt": "1478797832", "route_id": "Red", "dwell_time_sec": "79"}, {"arr_dt": "1478798251", "direction": "0", "dep_dt": "1478798324", "route_id": "Red", "dwell_time_sec": "73"}, {"arr_dt": "1478798690", "direction": "0", "dep_dt": "1478798763", "route_id": "Red", "dwell_time_sec": "73"}, {"arr_dt": "1478798961", "direction": "0", "dep_dt": "1478799036", "route_id": "Red", "dwell_time_sec": "75"}, {"arr_dt": "1478799168", "direction": "0", "dep_dt": "1478799228", "route_id": "Red", "dwell_time_sec": "60"}, {"arr_dt": "1478799893", "direction": "0", "dep_dt": "1478800081", "route_id": "Red", "dwell_time_sec": "188"}, {"arr_dt": "1478800322", "direction": "0", "dep_dt": "1478800412", "route_id": "Red", "dwell_time_sec": "90"}, {"arr_dt": "1478800710", "direction": "0", "dep_dt": "1478800780", "route_id": "Red", "dwell_time_sec": "70"}, {"arr_dt": "1478800983", "direction": "0", "dep_dt": "1478801038", "route_id": "Red", "dwell_time_sec": "55"}, {"arr_dt": "1478801587", "direction": "0", "dep_dt": "1478801678", "route_id": "Red", "dwell_time_sec": "91"}, {"arr_dt": "1478801788", "direction": "0", "dep_dt": "1478801865", "route_id": "Red", "dwell_time_sec": "77"}, {"arr_dt": "1478802222", "direction": "0", "dep_dt": "1478802310", "route_id": "Red", "dwell_time_sec": "88"}, {"arr_dt": "1478802693", "direction": "0", "dep_dt": "1478802769", "route_id": "Red", "dwell_time_sec": "76"}, {"arr_dt": "1478803265", "direction": "0", "dep_dt": "1478803440", "route_id": "Red", "dwell_time_sec": "175"}, {"arr_dt": "1478803495", "direction": "0", "dep_dt": "1478803553", "route_id": "Red", "dwell_time_sec": "58"}, {"arr_dt": "1478804380", "direction": "0", "dep_dt": "1478804476", "route_id": "Red", "dwell_time_sec": "96"}, {"arr_dt": "1478804676", "direction": "0", "dep_dt": "1478804753", "route_id": "Red", "dwell_time_sec": "77"}, {"arr_dt": "1478804924", "direction": "0", "dep_dt": "1478805009", "route_id": "Red", "dwell_time_sec": "85"}, {"arr_dt": "1478805305", "direction": "0", "dep_dt": "1478805381", "route_id": "Red", "dwell_time_sec": "76"}, {"arr_dt": "1478805637", "direction": "0", "dep_dt": "1478805709", "route_id": "Red", "dwell_time_sec": "72"}, {"arr_dt": "1478806479", "direction": "0", "dep_dt": "1478806554", "route_id": "Red", "dwell_time_sec": "75"}, {"arr_dt": "1478806922", "direction": "0", "dep_dt": "1478807008", "route_id": "Red", "dwell_time_sec": "86"}, {"arr_dt": "1478807155", "direction": "0", "dep_dt": "1478807227", "route_id": "Red", "dwell_time_sec": "72"}, {"arr_dt": "1478807828", "direction": "0", "dep_dt": "1478807930", "route_id": "Red", "dwell_time_sec": "102"}, {"arr_dt": "1478808076", "direction": "0", "dep_dt": "1478808212", "route_id": "Red", "dwell_time_sec": "136"}, {"arr_dt": "1478808519", "direction": "0", "dep_dt": "1478808602", "route_id": "Red", "dwell_time_sec": "83"}, {"arr_dt": "1478808972", "direction": "0", "dep_dt": "1478809093", "route_id": "Red", "dwell_time_sec": "121"}, {"arr_dt": "1478809310", "direction": "0", "dep_dt": "1478809386", "route_id": "Red", "dwell_time_sec": "76"}, {"arr_dt": "1478809568", "direction": "0", "dep_dt": "1478809661", "route_id": "Red", "dwell_time_sec": "93"}, {"arr_dt": "1478810065", "direction": "0", "dep_dt": "1478810167", "route_id": "Red", "dwell_time_sec": "102"}, {"arr_dt": "1478810547", "direction": "0", "dep_dt": "1478810634", "route_id": "Red", "dwell_time_sec": "87"}, {"arr_dt": "1478811282", "direction": "0", "dep_dt": "1478811440", "route_id": "Red", "dwell_time_sec": "158"}, {"arr_dt": "1478811790", "direction": "0", "dep_dt": "1478811931", "route_id": "Red", "dwell_time_sec": "141"}, {"arr_dt": "1478812021", "direction": "0", "dep_dt": "1478812159", "route_id": "Red", "dwell_time_sec": "138"}, {"arr_dt": "1478812288", "direction": "0", "dep_dt": "1478812388", "route_id": "Red", "dwell_time_sec": "100"}, {"arr_dt": "1478812696", "direction": "0", "dep_dt": "1478812778", "route_id": "Red", "dwell_time_sec": "82"}, {"arr_dt": "1478812870", "direction": "0", "dep_dt": "1478812957", "route_id": "Red", "dwell_time_sec": "87"}, {"arr_dt": "1478813197", "direction": "0", "dep_dt": "1478813289", "route_id": "Red", "dwell_time_sec": "92"}, {"arr_dt": "1478813405", "direction": "0", "dep_dt": "1478813498", "route_id": "Red", "dwell_time_sec": "93"}, {"arr_dt": "1478813606", "direction": "0", "dep_dt": "1478813695", "route_id": "Red", "dwell_time_sec": "89"}, {"arr_dt": "1478813849", "direction": "0", "dep_dt": "1478813950", "route_id": "Red", "dwell_time_sec": "101"}, {"arr_dt": "1478814067", "direction": "0", "dep_dt": "1478814191", "route_id": "Red", "dwell_time_sec": "124"}, {"arr_dt": "1478814278", "direction": "0", "dep_dt": "1478814363", "route_id": "Red", "dwell_time_sec": "85"}, {"arr_dt": "1478814640", "direction": "0", "dep_dt": "1478814746", "route_id": "Red", "dwell_time_sec": "106"}, {"arr_dt": "1478814877", "direction": "0", "dep_dt": "1478814970", "route_id": "Red", "dwell_time_sec": "93"}, {"arr_dt": "1478815098", "direction": "0", "dep_dt": "1478815212", "route_id": "Red", "dwell_time_sec": "114"}, {"arr_dt": "1478815350", "direction": "0", "dep_dt": "1478815451", "route_id": "Red", "dwell_time_sec": "101"}, {"arr_dt": "1478815764", "direction": "0", "dep_dt": "1478815886", "route_id": "Red", "dwell_time_sec": "122"}, {"arr_dt": "1478816011", "direction": "0", "dep_dt": "1478816104", "route_id": "Red", "dwell_time_sec": "93"}, {"arr_dt": "1478816393", "direction": "0", "dep_dt": "1478816508", "route_id": "Red", "dwell_time_sec": "115"}, {"arr_dt": "1478816634", "direction": "0", "dep_dt": "1478816781", "route_id": "Red", "dwell_time_sec": "147"}, {"arr_dt": "1478816898", "direction": "0", "dep_dt": "1478817351", "route_id": "Red", "dwell_time_sec": "453"}, {"arr_dt": "1478817676", "direction": "0", "dep_dt": "1478817806", "route_id": "Red", "dwell_time_sec": "130"}, {"arr_dt": "1478818018", "direction": "0", "dep_dt": "1478818170", "route_id": "Red", "dwell_time_sec": "152"}, {"arr_dt": "1478818331", "direction": "0", "dep_dt": "1478818498", "route_id": "Red", "dwell_time_sec": "167"}, {"arr_dt": "1478818642", "direction": "0", "dep_dt": "1478818754", "route_id": "Red", "dwell_time_sec": "112"}, {"arr_dt": "1478818952", "direction": "0", "dep_dt": "1478819059", "route_id": "Red", "dwell_time_sec": "107"}, {"arr_dt": "1478819218", "direction": "0", "dep_dt": "1478819339", "route_id": "Red", "dwell_time_sec": "121"}, {"arr_dt": "1478819450", "direction": "0", "dep_dt": "1478819563", "route_id": "Red", "dwell_time_sec": "113"}, {"arr_dt": "1478819707", "direction": "0", "dep_dt": "1478819819", "route_id": "Red", "dwell_time_sec": "112"}, {"arr_dt": "1478819914", "direction": "0", "dep_dt": "1478820005", "route_id": "Red", "dwell_time_sec": "91"}, {"arr_dt": "1478820124", "direction": "0", "dep_dt": "1478820217", "route_id": "Red", "dwell_time_sec": "93"}, {"arr_dt": "1478820310", "direction": "0", "dep_dt": "1478820437", "route_id": "Red", "dwell_time_sec": "127"}, {"arr_dt": "1478820519", "direction": "0", "dep_dt": "1478820603", "route_id": "Red", "dwell_time_sec": "84"}, {"arr_dt": "1478820717", "direction": "0", "dep_dt": "1478820859", "route_id": "Red", "dwell_time_sec": "142"}, {"arr_dt": "1478820956", "direction": "0", "dep_dt": "1478821052", "route_id": "Red", "dwell_time_sec": "96"}, {"arr_dt": "1478821144", "direction": "0", "dep_dt": "1478821249", "route_id": "Red", "dwell_time_sec": "105"}, {"arr_dt": "1478821349", "direction": "0", "dep_dt": "1478821431", "route_id": "Red", "dwell_time_sec": "82"}, {"arr_dt": "1478821546", "direction": "0", "dep_dt": "1478821632", "route_id": "Red", "dwell_time_sec": "86"}, {"arr_dt": "1478821726", "direction": "0", "dep_dt": "1478821820", "route_id": "Red", "dwell_time_sec": "94"}, {"arr_dt": "1478821908", "direction": "0", "dep_dt": "1478822000", "route_id": "Red", "dwell_time_sec": "92"}, {"arr_dt": "1478822352", "direction": "0", "dep_dt": "1478822470", "route_id": "Red", "dwell_time_sec": "118"}, {"arr_dt": "1478822574", "direction": "0", "dep_dt": "1478822670", "route_id": "Red", "dwell_time_sec": "96"}, {"arr_dt": "1478822735", "direction": "0", "dep_dt": "1478822812", "route_id": "Red", "dwell_time_sec": "77"}, {"arr_dt": "1478822922", "direction": "0", "dep_dt": "1478822995", "route_id": "Red", "dwell_time_sec": "73"}, {"arr_dt": "1478823204", "direction": "0", "dep_dt": "1478823273", "route_id": "Red", "dwell_time_sec": "69"}, {"arr_dt": "1478823623", "direction": "0", "dep_dt": "1478823687", "route_id": "Red", "dwell_time_sec": "64"}, {"arr_dt": "1478823968", "direction": "0", "dep_dt": "1478824043", "route_id": "Red", "dwell_time_sec": "75"}, {"arr_dt": "1478824292", "direction": "0", "dep_dt": "1478824361", "route_id": "Red", "dwell_time_sec": "69"}, {"arr_dt": "1478824859", "direction": "0", "dep_dt": "1478824967", "route_id": "Red", "dwell_time_sec": "108"}, {"arr_dt": "1478825348", "direction": "0", "dep_dt": "1478825486", "route_id": "Red", "dwell_time_sec": "138"}, {"arr_dt": "1478825831", "direction": "0", "dep_dt": "1478825920", "route_id": "Red", "dwell_time_sec": "89"}, {"arr_dt": "1478826037", "direction": "0", "dep_dt": "1478826108", "route_id": "Red", "dwell_time_sec": "71"}, {"arr_dt": "1478826259", "direction": "0", "dep_dt": "1478826333", "route_id": "Red", "dwell_time_sec": "74"}, {"arr_dt": "1478826642", "direction": "0", "dep_dt": "1478826747", "route_id": "Red", "dwell_time_sec": "105"}, {"arr_dt": "1478826851", "direction": "0", "dep_dt": "1478826935", "route_id": "Red", "dwell_time_sec": "84"}, {"arr_dt": "1478827049", "direction": "0", "dep_dt": "1478827124", "route_id": "Red", "dwell_time_sec": "75"}, {"arr_dt": "1478827222", "direction": "0", "dep_dt": "1478827302", "route_id": "Red", "dwell_time_sec": "80"}, {"arr_dt": "1478827477", "direction": "0", "dep_dt": "1478827546", "route_id": "Red", "dwell_time_sec": "69"}, {"arr_dt": "1478827670", "direction": "0", "dep_dt": "1478827738", "route_id": "Red", "dwell_time_sec": "68"}, {"arr_dt": "1478828089", "direction": "0", "dep_dt": "1478828161", "route_id": "Red", "dwell_time_sec": "72"}, {"arr_dt": "1478828270", "direction": "0", "dep_dt": "1478828329", "route_id": "Red", "dwell_time_sec": "59"}, {"arr_dt": "1478828754", "direction": "0", "dep_dt": "1478828824", "route_id": "Red", "dwell_time_sec": "70"}, {"arr_dt": "1478829206", "direction": "0", "dep_dt": "1478829295", "route_id": "Red", "dwell_time_sec": "89"}, {"arr_dt": "1478829445", "direction": "0", "dep_dt": "1478829510", "route_id": "Red", "dwell_time_sec": "65"}, {"arr_dt": "1478830013", "direction": "0", "dep_dt": "1478830177", "route_id": "Red", "dwell_time_sec": "164"}, {"arr_dt": "1478830289", "direction": "0", "dep_dt": "1478830376", "route_id": "Red", "dwell_time_sec": "87"}, {"arr_dt": "1478830946", "direction": "0", "dep_dt": "1478831028", "route_id": "Red", "dwell_time_sec": "82"}, {"arr_dt": "1478831166", "direction": "0", "dep_dt": "1478831243", "route_id": "Red", "dwell_time_sec": "77"}, {"arr_dt": "1478831707", "direction": "0", "dep_dt": "1478831806", "route_id": "Red", "dwell_time_sec": "99"}, {"arr_dt": "1478832309", "direction": "0", "dep_dt": "1478832400", "route_id": "Red", "dwell_time_sec": "91"}, {"arr_dt": "1478832627", "direction": "0", "dep_dt": "1478832716", "route_id": "Red", "dwell_time_sec": "89"}, {"arr_dt": "1478832849", "direction": "0", "dep_dt": "1478832929", "route_id": "Red", "dwell_time_sec": "80"}, {"arr_dt": "1478833151", "direction": "0", "dep_dt": "1478833219", "route_id": "Red", "dwell_time_sec": "68"}, {"arr_dt": "1478833530", "direction": "0", "dep_dt": "1478833599", "route_id": "Red", "dwell_time_sec": "69"}, {"arr_dt": "1478833764", "direction": "0", "dep_dt": "1478833843", "route_id": "Red", "dwell_time_sec": "79"}, {"arr_dt": "1478834235", "direction": "0", "dep_dt": "1478834307", "route_id": "Red", "dwell_time_sec": "72"}, {"arr_dt": "1478834743", "direction": "0", "dep_dt": "1478834819", "route_id": "Red", "dwell_time_sec": "76"}, {"arr_dt": "1478835479", "direction": "0", "dep_dt": "1478835578", "route_id": "Red", "dwell_time_sec": "99"}, {"arr_dt": "1478835689", "direction": "0", "dep_dt": "1478835755", "route_id": "Red", "dwell_time_sec": "66"}, {"arr_dt": "1478836037", "direction": "0", "dep_dt": "1478836118", "route_id": "Red", "dwell_time_sec": "81"}, {"arr_dt": "1478836291", "direction": "0", "dep_dt": "1478836350", "route_id": "Red", "dwell_time_sec": "59"}, {"arr_dt": "1478836453", "direction": "0", "dep_dt": "1478836512", "route_id": "Red", "dwell_time_sec": "59"}, {"arr_dt": "1478836671", "direction": "0", "dep_dt": "1478836731", "route_id": "Red", "dwell_time_sec": "60"}, {"arr_dt": "1478837045", "direction": "0", "dep_dt": "1478837113", "route_id": "Red", "dwell_time_sec": "68"}, {"arr_dt": "1478837482", "direction": "0", "dep_dt": "1478837568", "route_id": "Red", "dwell_time_sec": "86"}, {"arr_dt": "1478837812", "direction": "0", "dep_dt": "1478837921", "route_id": "Red", "dwell_time_sec": "109"}, {"arr_dt": "1478838151", "direction": "0", "dep_dt": "1478838228", "route_id": "Red", "dwell_time_sec": "77"}, {"arr_dt": "1478838327", "direction": "0", "dep_dt": "1478838418", "route_id": "Red", "dwell_time_sec": "91"}, {"arr_dt": "1478838839", "direction": "0", "dep_dt": "1478838911", "route_id": "Red", "dwell_time_sec": "72"}, {"arr_dt": "1478839021", "direction": "0", "dep_dt": "1478839091", "route_id": "Red", "dwell_time_sec": "70"}, {"arr_dt": "1478839272", "direction": "0", "dep_dt": "1478839328", "route_id": "Red", "dwell_time_sec": "56"}, {"arr_dt": "1478839851", "direction": "0", "dep_dt": "1478839919", "route_id": "Red", "dwell_time_sec": "68"}, {"arr_dt": "1478840030", "direction": "0", "dep_dt": "1478840096", "route_id": "Red", "dwell_time_sec": "66"}]}