{"dwell_times": [{"arr_dt": "1472443689", "direction": "0", "dep_dt": "1472443818", "route_id": "Red", "dwell_time_sec": "129"}, {"arr_dt": "1472444051", "direction": "0", "dep_dt": "1472444133", "route_id": "Red", "dwell_time_sec": "82"}, {"arr_dt": "1472444822", "direction": "0", "dep_dt": "1472444895", "route_id": "Red", "dwell_time_sec": "73"}, {"arr_dt": "1472444995", "direction": "0", "dep_dt": "1472445058", "route_id": "Red", "dwell_time_sec": "63"}, {"arr_dt": "1472445806", "direction": "0", "dep_dt": "1472445884", "route_id": "Red", "dwell_time_sec": "78"}, {"arr_dt": "1472446628", "direction": "0", "dep_dt": "1472448039", "route_id": "Red", "dwell_time_sec": "1411"}, {"arr_dt": "1472463274", "direction": "0", "dep_dt": "1472463332", "route_id": "Red", "dwell_time_sec": "58"}, {"arr_dt": "1472463740", "direction": "0", "dep_dt": "1472463812", "route_id": "Red", "dwell_time_sec": "72"}, {"arr_dt": "1472464013", "direction": "0", "dep_dt": "1472464075", "route_id": "Red", "dwell_time_sec": "62"}, {"arr_dt": "1472464477", "direction": "0", "dep_dt": "1472464539", "route_id": "Red", "dwell_time_sec": "62"}, {"arr_dt": "1472465031", "direction": "0", "dep_dt": "1472465108", "route_id": "Red", "dwell_time_sec": "77"}, {"arr_dt": "1472465705", "direction": "0", "dep_dt": "1472465767", "route_id": "Red", "dwell_time_sec": "62"}, {"arr_dt": "1472466050", "direction": "0", "dep_dt": "1472466110", "route_id": "Red", "dwell_time_sec": "60"}, {"arr_dt": "1472466431", "direction": "0", "dep_dt": "1472466490", "route_id": "Red", "dwell_time_sec": "59"}, {"arr_dt": "1472466706", "direction": "0", "dep_dt": "1472466767", "route_id": "Red", "dwell_time_sec": "61"}, {"arr_dt": "1472467111", "direction": "0", "dep_dt": "1472467176", "route_id": "Red", "dwell_time_sec": "65"}, {"arr_dt": "1472467282", "direction": "0", "dep_dt": "1472467350", "route_id": "Red", "dwell_time_sec": "68"}, {"arr_dt": "1472467602", "direction": "0", "dep_dt": "1472467666", "route_id": "Red", "dwell_time_sec": "64"}, {"arr_dt": "1472468017", "direction": "0", "dep_dt": "1472468083", "route_id": "Red", "dwell_time_sec": "66"}, {"arr_dt": "1472468407", "direction": "0", "dep_dt": "1472468480", "route_id": "Red", "dwell_time_sec": "73"}, {"arr_dt": "1472468592", "direction": "0", "dep_dt": "1472468661", "route_id": "Red", "dwell_time_sec": "69"}, {"arr_dt": "1472468849", "direction": "0", "dep_dt": "1472468930", "route_id": "Red", "dwell_time_sec": "81"}, {"arr_dt": "1472469033", "direction": "0", "dep_dt": "1472469093", "route_id": "Red", "dwell_time_sec": "60"}, {"arr_dt": "1472469423", "direction": "0", "dep_dt": "1472469500", "route_id": "Red", "dwell_time_sec": "77"}, {"arr_dt": "1472469613", "direction": "0", "dep_dt": "1472469697", "route_id": "Red", "dwell_time_sec": "84"}, {"arr_dt": "1472469799", "direction": "0", "dep_dt": "1472469878", "route_id": "Red", "dwell_time_sec": "79"}, {"arr_dt": "1472469992", "direction": "0", "dep_dt": "1472470071", "route_id": "Red", "dwell_time_sec": "79"}, {"arr_dt": "1472470288", "direction": "0", "dep_dt": "1472470358", "route_id": "Red", "dwell_time_sec": "70"}, {"arr_dt": "1472470586", "direction": "0", "dep_dt": "1472470669", "route_id": "Red", "dwell_time_sec": "83"}, {"arr_dt": "1472470773", "direction": "0", "dep_dt": "1472470851", "route_id": "Red", "dwell_time_sec": "78"}, {"arr_dt": "1472470964", "direction": "0", "dep_dt": "1472471036", "route_id": "Red", "dwell_time_sec": "72"}, {"arr_dt": "1472471243", "direction": "0", "dep_dt": "1472471327", "route_id": "Red", "dwell_time_sec": "84"}, {"arr_dt": "1472471523", "direction": "0", "dep_dt": "1472471610", "route_id": "Red", "dwell_time_sec": "87"}, {"arr_dt": "1472471713", "direction": "0", "dep_dt": "1472471827", "route_id": "Red", "dwell_time_sec": "114"}, {"arr_dt": "1472471918", "direction": "0", "dep_dt": "1472472038", "route_id": "Red", "dwell_time_sec": "120"}, {"arr_dt": "1472472148", "direction": "0", "dep_dt": "1472472230", "route_id": "Red", "dwell_time_sec": "82"}, {"arr_dt": "1472472342", "direction": "0", "dep_dt": "1472472447", "route_id": "Red", "dwell_time_sec": "105"}, {"arr_dt": "1472472606", "direction": "0", "dep_dt": "1472472690", "route_id": "Red", "dwell_time_sec": "84"}, {"arr_dt": "1472472795", "direction": "0", "dep_dt": "1472472868", "route_id": "Red", "dwell_time_sec": "73"}, {"arr_dt": "1472473103", "direction": "0", "dep_dt": "1472473191", "route_id": "Red", "dwell_time_sec": "88"}, {"arr_dt": "1472473301", "direction": "0", "dep_dt": "1472473396", "route_id": "Red", "dwell_time_sec": "95"}, {"arr_dt": "1472473531", "direction": "0", "dep_dt": "1472473603", "route_id": "Red", "dwell_time_sec": "72"}, {"arr_dt": "1472473817", "direction": "0", "dep_dt": "1472473907", "route_id": "Red", "dwell_time_sec": "90"}, {"arr_dt": "1472474133", "direction": "0", "dep_dt": "1472474237", "route_id": "Red", "dwell_time_sec": "104"}, {"arr_dt": "1472474356", "direction": "0", "dep_dt": "1472474444", "route_id": "Red", "dwell_time_sec": "88"}, {"arr_dt": "1472474695", "direction": "0", "dep_dt": "1472474805", "route_id": "Red", "dwell_time_sec": "110"}, {"arr_dt": "1472474903", "direction": "0", "dep_dt": "1472474990", "route_id": "Red", "dwell_time_sec": "87"}, {"arr_dt": "1472475212", "direction": "0", "dep_dt": "1472475299", "route_id": "Red", "dwell_time_sec": "87"}, {"arr_dt": "1472475404", "direction": "0", "dep_dt": "1472475491", "route_id": "Red", "dwell_time_sec": "87"}, {"arr_dt": "1472475605", "direction": "0", "dep_dt": "1472475709", "route_id": "Red", "dwell_time_sec": "104"}, {"arr_dt": "1472475840", "direction": "0", "dep_dt": "1472475919", "route_id": "Red", "dwell_time_sec": "79"}, {"arr_dt": "1472476046", "direction": "0", "dep_dt": "1472476122", "route_id": "Red", "dwell_time_sec": "76"}, {"arr_dt": "1472476275", "direction": "0", "dep_dt": "1472476354", "route_id": "Red", "dwell_time_sec": "79"}, {"arr_dt": "1472476496", "direction": "0", "dep_dt": "1472476592", "route_id": "Red", "dwell_time_sec": "96"}, {"arr_dt": "1472476951", "direction": "0", "dep_dt": "1472477035", "route_id": "Red", "dwell_time_sec": "84"}, {"arr_dt": "1472477141", "direction": "0", "dep_dt": "1472477219", "route_id": "Red", "dwell_time_sec": "78"}, {"arr_dt": "1472477411", "direction": "0", "dep_dt": "1472477483", "route_id": "Red", "dwell_time_sec": "72"}, {"arr_dt": "1472477582", "direction": "0", "dep_dt": "1472477666", "route_id": "Red", "dwell_time_sec": "84"}, {"arr_dt": "1472477803", "direction": "0", "dep_dt": "1472477867", "route_id": "Red", "dwell_time_sec": "64"}, {"arr_dt": "1472477986", "direction": "0", "dep_dt": "1472478050", "route_id": "Red", "dwell_time_sec": "64"}, {"arr_dt": "1472478224", "direction": "0", "dep_dt": "1472478285", "route_id": "Red", "dwell_time_sec": "61"}, {"arr_dt": "1472478498", "direction": "0", "dep_dt": "1472478576", "route_id": "Red", "dwell_time_sec": "78"}, {"arr_dt": "1472478825", "direction": "0", "dep_dt": "1472478913", "route_id": "Red", "dwell_time_sec": "88"}, {"arr_dt": "1472479184", "direction": "0", "dep_dt": "1472479265", "route_id": "Red", "dwell_time_sec": "81"}, {"arr_dt": "1472479369", "direction": "0", "dep_dt": "1472479451", "route_id": "Red", "dwell_time_sec": "82"}, {"arr_dt": "1472479562", "direction": "0", "dep_dt": "1472479625", "route_id": "Red", "dwell_time_sec": "63"}, {"arr_dt": "1472479765", "direction": "0", "dep_dt": "1472479826", "route_id": "Red", "dwell_time_sec": "61"}, {"arr_dt": "1472480033", "direction": "0", "dep_dt": "1472480131", "route_id": "Red", "dwell_time_sec": "98"}, {"arr_dt": "1472480237", "direction": "0", "dep_dt": "1472480313", "route_id": "Red", "dwell_time_sec": "76"}, {"arr_dt": "1472480505", "direction": "0", "dep_dt": "1472480584", "route_id": "Red", "dwell_time_sec": "79"}, {"arr_dt": "1472480758", "direction": "0", "dep_dt": "1472480833", "route_id": "Red", "dwell_time_sec": "75"}, {"arr_dt": "1472481090", "direction": "0", "dep_dt": "1472481155", "route_id": "Red", "dwell_time_sec": "65"}, {"arr_dt": "1472481262", "direction": "0", "dep_dt": "1472481334", "route_id": "Red", "dwell_time_sec": "72"}, {"arr_dt": "1472481686", "direction": "0", "dep_dt": "1472481759", "route_id": "Red", "dwell_time_sec": "73"}, {"arr_dt": "1472482297", "direction": "0", "dep_dt": "1472482396", "route_id": "Red", "dwell_time_sec": "99"}, {"arr_dt": "1472482508", "direction": "0", "dep_dt": "1472482580", "route_id": "Red", "dwell_time_sec": "72"}, {"arr_dt": "1472482755", "direction": "0", "dep_dt": "1472482814", "route_id": "Red", "dwell_time_sec": "59"}, {"arr_dt": "1472483207", "direction": "0", "dep_dt": "1472483282", "route_id": "Red", "dwell_time_sec": "75"}, {"arr_dt": "1472483705", "direction": "0", "dep_dt": "1472483778", "route_id": "Red", "dwell_time_sec": "73"}, {"arr_dt": "1472484092", "direction": "0", "dep_dt": "1472484162", "route_id": "Red", "dwell_time_sec": "70"}, {"arr_dt": "1472484431", "direction": "0", "dep_dt": "1472484500", "route_id": "Red", "dwell_time_sec": "69"}, {"arr_dt": "1472484921", "direction": "0", "dep_dt": "1472485006", "route_id": "Red", "dwell_time_sec": "85"}, {"arr_dt": "1472485247", "direction": "0", "dep_dt": "1472485338", "route_id": "Red", "dwell_time_sec": "91"}, {"arr_dt": "1472485462", "direction": "0", "dep_dt": "1472485535", "route_id": "Red", "dwell_time_sec": "73"}, {"arr_dt": "1472485917", "direction": "0", "dep_dt": "1472485979", "route_id": "Red", "dwell_time_sec": "62"}, {"arr_dt": "1472486289", "direction": "0", "dep_dt": "1472486357", "route_id": "Red", "dwell_time_sec": "68"}, {"arr_dt": "1472486722", "direction": "0", "dep_dt": "1472486787", "route_id": "Red", "dwell_time_sec": "65"}, {"arr_dt": "1472487092", "direction": "0", "dep_dt": "1472487180", "route_id": "Red", "dwell_time_sec": "88"}, {"arr_dt": "1472487736", "direction": "0", "dep_dt": "1472487941", "route_id": "Red", "dwell_time_sec": "205"}, {"arr_dt": "1472488212", "direction": "0", "dep_dt": "1472488316", "route_id": "Red", "dwell_time_sec": "104"}, {"arr_dt": "1472488464", "direction": "0", "dep_dt": "1472488549", "route_id": "Red", "dwell_time_sec": "85"}, {"arr_dt": "1472488803", "direction": "0", "dep_dt": "1472488871", "route_id": "Red", "dwell_time_sec": "68"}, {"arr_dt": "1472489326", "direction": "0", "dep_dt": "1472489401", "route_id": "Red", "dwell_time_sec": "75"}, {"arr_dt": "1472489680", "direction": "0", "dep_dt": "1472489762", "route_id": "Red", "dwell_time_sec": "82"}, {"arr_dt": "1472490162", "direction": "0", "dep_dt": "1472490256", "route_id": "Red", "dwell_time_sec": "94"}, {"arr_dt": "1472490594", "direction": "0", "dep_dt": "1472490675", "route_id": "Red", "dwell_time_sec": "81"}, {"arr_dt": "1472490995", "direction": "0", "dep_dt": "1472491078", "route_id": "Red", "dwell_time_sec": "83"}, {"arr_dt": "1472491585", "direction": "0", "dep_dt": "1472491688", "route_id": "Red", "dwell_time_sec": "103"}, {"arr_dt": "1472491798", "direction": "0", "dep_dt": "1472491878", "route_id": "Red", "dwell_time_sec": "80"}, {"arr_dt": "1472492269", "direction": "0", "dep_dt": "1472492369", "route_id": "Red", "dwell_time_sec": "100"}, {"arr_dt": "1472492591", "direction": "0", "dep_dt": "1472492659", "route_id": "Red", "dwell_time_sec": "68"}, {"arr_dt": "1472493132", "direction": "0", "dep_dt": "1472493221", "route_id": "Red", "dwell_time_sec": "89"}, {"arr_dt": "1472493509", "direction": "0", "dep_dt": "1472493611", "route_id": "Red", "dwell_time_sec": "102"}, {"arr_dt": "1472493978", "direction": "0", "dep_dt": "1472494059", "route_id": "Red", "dwell_time_sec": "81"}, {"arr_dt": "1472494325", "direction": "0", "dep_dt": "1472494403", "route_id": "Red", "dwell_time_sec": "78"}, {"arr_dt": "1472494690", "direction": "0", "dep_dt": "1472494767", "route_id": "Red", "dwell_time_sec": "77"}, {"arr_dt": "1472495230", "direction": "0", "dep_dt": "1472495327", "route_id": "Red", "dwell_time_sec": "97"}, {"arr_dt": "1472495710", "direction": "0", "dep_dt": "1472495777", "route_id": "Red", "dwell_time_sec": "67"}, {"arr_dt": "1472495946", "direction": "0", "dep_dt": "1472496022", "route_id": "Red", "dwell_time_sec": "76"}, {"arr_dt": "1472496451", "direction": "0", "dep_dt": "1472496534", "route_id": "Red", "dwell_time_sec": "83"}, {"arr_dt": "1472496836", "direction": "0", "dep_dt": "1472496926", "route_id": "Red", "dwell_time_sec": "90"}, {"arr_dt": "1472497506", "direction": "0", "dep_dt": "1472497620", "route_id": "Red", "dwell_time_sec": "114"}, {"arr_dt": "1472497773", "direction": "0", "dep_dt": "1472497840", "route_id": "Red", "dwell_time_sec": "67"}, {"arr_dt": "1472498224", "direction": "0", "dep_dt": "1472498309", "route_id": "Red", "dwell_time_sec": "85"}, {"arr_dt": "1472498682", "direction": "0", "dep_dt": "1472498764", "route_id": "Red", "dwell_time_sec": "82"}, {"arr_dt": "1472499281", "direction": "0", "dep_dt": "1472499378", "route_id": "Red", "dwell_time_sec": "97"}, {"arr_dt": "1472499502", "direction": "0", "dep_dt": "1472499596", "route_id": "Red", "dwell_time_sec": "94"}, {"arr_dt": "1472499755", "direction": "0", "dep_dt": "1472499960", "route_id": "Red", "dwell_time_sec": "205"}, {"arr_dt": "1472500326", "direction": "0", "dep_dt": "1472500423", "route_id": "Red", "dwell_time_sec": "97"}, {"arr_dt": "1472500632", "direction": "0", "dep_dt": "1472500726", "route_id": "Red", "dwell_time_sec": "94"}, {"arr_dt": "1472500859", "direction": "0", "dep_dt": "1472500930", "route_id": "Red", "dwell_time_sec": "71"}, {"arr_dt": "1472501316", "direction": "0", "dep_dt": "1472501491", "route_id": "Red", "dwell_time_sec": "175"}, {"arr_dt": "1472502307", "direction": "0", "dep_dt": "1472502460", "route_id": "Red", "dwell_time_sec": "153"}, {"arr_dt": "1472502617", "direction": "0", "dep_dt": "1472502726", "route_id": "Red", "dwell_time_sec": "109"}, {"arr_dt": "1472502927", "direction": "0", "dep_dt": "1472503050", "route_id": "Red", "dwell_time_sec": "123"}, {"arr_dt": "1472503175", "direction": "0", "dep_dt": "1472503263", "route_id": "Red", "dwell_time_sec": "88"}, {"arr_dt": "1472503361", "direction": "0", "dep_dt": "1472503476", "route_id": "Red", "dwell_time_sec": "115"}, {"arr_dt": "1472503584", "direction": "0", "dep_dt": "1472503724", "route_id": "Red", "dwell_time_sec": "140"}, {"arr_dt": "1472504115", "direction": "0", "dep_dt": "1472504232", "route_id": "Red", "dwell_time_sec": "117"}, {"arr_dt": "1472504395", "direction": "0", "dep_dt": "1472504473", "route_id": "Red", "dwell_time_sec": "78"}, {"arr_dt": "1472504597", "direction": "0", "dep_dt": "1472504694", "route_id": "Red", "dwell_time_sec": "97"}, {"arr_dt": "1472504798", "direction": "0", "dep_dt": "1472504880", "route_id": "Red", "dwell_time_sec": "82"}, {"arr_dt": "1472504975", "direction": "0", "dep_dt": "1472505075", "route_id": "Red", "dwell_time_sec": "100"}, {"arr_dt": "1472505205", "direction": "0", "dep_dt": "1472505316", "route_id": "Red", "dwell_time_sec": "111"}, {"arr_dt": "1472505427", "direction": "0", "dep_dt": "1472505525", "route_id": "Red", "dwell_time_sec": "98"}, {"arr_dt": "1472505660", "direction": "0", "dep_dt": "1472505784", "route_id": "Red", "dwell_time_sec": "124"}, {"arr_dt": "1472505907", "direction": "0", "dep_dt": "1472506009", "route_id": "Red", "dwell_time_sec": "102"}, {"arr_dt": "1472506179", "direction": "0", "dep_dt": "1472506373", "route_id": "Red", "dwell_time_sec": "194"}, {"arr_dt": "1472506449", "direction": "0", "dep_dt": "1472506538", "route_id": "Red", "dwell_time_sec": "89"}, {"arr_dt": "1472506692", "direction": "0", "dep_dt": "1472506800", "route_id": "Red", "dwell_time_sec": "108"}, {"arr_dt": "1472506920", "direction": "0", "dep_dt": "1472507022", "route_id": "Red", "dwell_time_sec": "102"}, {"arr_dt": "1472507173", "direction": "0", "dep_dt": "1472507266", "route_id": "Red", "dwell_time_sec": "93"}, {"arr_dt": "1472507387", "direction": "0", "dep_dt": "1472507485", "route_id": "Red", "dwell_time_sec": "98"}, {"arr_dt": "1472507650", "direction": "0", "dep_dt": "1472507723", "route_id": "Red", "dwell_time_sec": "73"}, {"arr_dt": "1472507951", "direction": "0", "dep_dt": "1472508039", "route_id": "Red", "dwell_time_sec": "88"}, {"arr_dt": "1472508175", "direction": "0", "dep_dt": "1472508264", "route_id": "Red", "dwell_time_sec": "89"}, {"arr_dt": "1472508583", "direction": "0", "dep_dt": "1472508683", "route_id": "Red", "dwell_time_sec": "100"}, {"arr_dt": "1472508846", "direction": "0", "dep_dt": "1472508940", "route_id": "Red", "dwell_time_sec": "94"}, {"arr_dt": "1472509090", "direction": "0", "dep_dt": "1472509167", "route_id": "Red", "dwell_time_sec": "77"}, {"arr_dt": "1472509336", "direction": "0", "dep_dt": "1472509457", "route_id": "Red", "dwell_time_sec": "121"}, {"arr_dt": "1472509828", "direction": "0", "dep_dt": "1472509929", "route_id": "Red", "dwell_time_sec": "101"}, {"arr_dt": "1472510284", "direction": "0", "dep_dt": "1472510385", "route_id": "Red", "dwell_time_sec": "101"}, {"arr_dt": "1472510472", "direction": "0", "dep_dt": "1472510566", "route_id": "Red", "dwell_time_sec": "94"}, {"arr_dt": "1472510649", "direction": "0", "dep_dt": "1472510719", "route_id": "Red", "dwell_time_sec": "70"}, {"arr_dt": "1472510922", "direction": "0", "dep_dt": "1472510993", "route_id": "Red", "dwell_time_sec": "71"}, {"arr_dt": "1472511096", "direction": "0", "dep_dt": "1472511171", "route_id": "Red", "dwell_time_sec": "75"}, {"arr_dt": "1472511429", "direction": "0", "dep_dt": "1472511507", "route_id": "Red", "dwell_time_sec": "78"}, {"arr_dt": "1472511604", "direction": "0", "dep_dt": "1472511690", "route_id": "Red", "dwell_time_sec": "86"}, {"arr_dt": "1472511827", "direction": "0", "dep_dt": "1472511901", "route_id": "Red", "dwell_time_sec": "74"}, {"arr_dt": "1472512017", "direction": "0", "dep_dt": "1472512094", "route_id": "Red", "dwell_time_sec": "77"}, {"arr_dt": "1472512185", "direction": "0", "dep_dt": "1472512268", "route_id": "Red", "dwell_time_sec": "83"}, {"arr_dt": "1472512488", "direction": "0", "dep_dt": "1472512579", "route_id": "Red", "dwell_time_sec": "91"}, {"arr_dt": "1472512724", "direction": "0", "dep_dt": "1472512812", "route_id": "Red", "dwell_time_sec": "88"}, {"arr_dt": "1472512921", "direction": "0", "dep_dt": "1472513013", "route_id": "Red", "dwell_time_sec": "92"}, {"arr_dt": "1472513376", "direction": "0", "dep_dt": "1472513469", "route_id": "Red", "dwell_time_sec": "93"}, {"arr_dt": "1472513571", "direction": "0", "dep_dt": "1472513659", "route_id": "Red", "dwell_time_sec": "88"}, {"arr_dt": "1472513789", "direction": "0", "dep_dt": "1472513870", "route_id": "Red", "dwell_time_sec": "81"}, {"arr_dt": "1472514053", "direction": "0", "dep_dt": "1472514137", "route_id": "Red", "dwell_time_sec": "84"}, {"arr_dt": "1472514328", "direction": "0", "dep_dt": "1472514397", "route_id": "Red", "dwell_time_sec": "69"}, {"arr_dt": "1472514494", "direction": "0", "dep_dt": "1472514577", "route_id": "Red", "dwell_time_sec": "83"}, {"arr_dt": "1472514737", "direction": "0", "dep_dt": "1472514892", "route_id": "Red", "dwell_time_sec": "155"}, {"arr_dt": "1472515022", "direction": "0", "dep_dt": "1472515113", "route_id": "Red", "dwell_time_sec": "91"}, {"arr_dt": "1472515342", "direction": "0", "dep_dt": "1472515409", "route_id": "Red", "dwell_time_sec": "67"}, {"arr_dt": "1472515542", "direction": "0", "dep_dt": "1472515625", "route_id": "Red", "dwell_time_sec": "83"}, {"arr_dt": "1472516241", "direction": "0", "dep_dt": "1472516344", "route_id": "Red", "dwell_time_sec": "103"}, {"arr_dt": "1472516662", "direction": "0", "dep_dt": "1472516743", "route_id": "Red", "dwell_time_sec": "81"}, {"arr_dt": "1472517330", "direction": "0", "dep_dt": "1472517395", "route_id": "Red", "dwell_time_sec": "65"}, {"arr_dt": "1472517653", "direction": "0", "dep_dt": "1472517706", "route_id": "Red", "dwell_time_sec": "53"}, {"arr_dt": "1472517968", "direction": "0", "dep_dt": "1472518033", "route_id": "Red", "dwell_time_sec": "65"}, {"arr_dt": "1472518132", "direction": "0", "dep_dt": "1472518194", "route_id": "Red", "dwell_time_sec": "62"}, {"arr_dt": "1472518599", "direction": "0", "dep_dt": "1472518672", "route_id": "Red", "dwell_time_sec": "73"}, {"arr_dt": "1472519037", "direction": "0", "dep_dt": "1472519109", "route_id": "Red", "dwell_time_sec": "72"}, {"arr_dt": "1472519446", "direction": "0", "dep_dt": "1472519533", "route_id": "Red", "dwell_time_sec": "87"}, {"arr_dt": "1472519642", "direction": "0", "dep_dt": "1472519721", "route_id": "Red", "dwell_time_sec": "79"}, {"arr_dt": "1472519961", "direction": "0", "dep_dt": "1472520030", "route_id": "Red", "dwell_time_sec": "69"}, {"arr_dt": "1472520132", "direction": "0", "dep_dt": "1472520212", "route_id": "Red", "dwell_time_sec": "80"}, {"arr_dt": "1472520390", "direction": "0", "dep_dt": "1472520459", "route_id": "Red", "dwell_time_sec": "69"}, {"arr_dt": "1472520563", "direction": "0", "dep_dt": "1472520623", "route_id": "Red", "dwell_time_sec": "60"}, {"arr_dt": "1472520913", "direction": "0", "dep_dt": "1472520991", "route_id": "Red", "dwell_time_sec": "78"}, {"arr_dt": "1472521428", "direction": "0", "dep_dt": "1472521512", "route_id": "Red", "dwell_time_sec": "84"}, {"arr_dt": "1472521613", "direction": "0", "dep_dt": "1472521690", "route_id": "Red", "dwell_time_sec": "77"}, {"arr_dt": "1472522234", "direction": "0", "dep_dt": "1472522310", "route_id": "Red", "dwell_time_sec": "76"}, {"arr_dt": "1472522438", "direction": "0", "dep_dt": "1472522613", "route_id": "Red", "dwell_time_sec": "175"}, {"arr_dt": "1472522846", "direction": "0", "dep_dt": "1472522914", "route_id": "Red", "dwell_time_sec": "68"}, {"arr_dt": "1472523318", "direction": "0", "dep_dt": "1472523392", "route_id": "Red", "dwell_time_sec": "74"}, {"arr_dt": "1472523499", "direction": "0", "dep_dt": "1472523578", "route_id": "Red", "dwell_time_sec": "79"}, {"arr_dt": "1472523773", "direction": "0", "dep_dt": "1472523844", "route_id": "Red", "dwell_time_sec": "71"}, {"arr_dt": "1472524220", "direction": "0", "dep_dt": "1472524308", "route_id": "Red", "dwell_time_sec": "88"}, {"arr_dt": "1472524553", "direction": "0", "dep_dt": "1472524620", "route_id": "Red", "dwell_time_sec": "67"}, {"arr_dt": "1472524850", "direction": "0", "dep_dt": "1472524918", "route_id": "Red", "dwell_time_sec": "68"}, {"arr_dt": "1472525397", "direction": "0", "dep_dt": "1472525494", "route_id": "Red", "dwell_time_sec": "97"}, {"arr_dt": "1472525686", "direction": "0", "dep_dt": "1472525759", "route_id": "Red", "dwell_time_sec": "73"}, {"arr_dt": "1472526366", "direction": "0", "dep_dt": "1472526466", "route_id": "Red", "dwell_time_sec": "100"}, {"arr_dt": "1472526563", "direction": "0", "dep_dt": "1472526653", "route_id": "Red", "dwell_time_sec": "90"}, {"arr_dt": "1472526798", "direction": "0", "dep_dt": "1472526878", "route_id": "Red", "dwell_time_sec": "80"}, {"arr_dt": "1472527208", "direction": "0", "dep_dt": "1472527297", "route_id": "Red", "dwell_time_sec": "89"}, {"arr_dt": "1472527496", "direction": "0", "dep_dt": "1472527572", "route_id": "Red", "dwell_time_sec": "76"}, {"arr_dt": "1472528187", "direction": "0", "dep_dt": "1472528252", "route_id": "Red", "dwell_time_sec": "65"}, {"arr_dt": "1472528454", "direction": "0", "dep_dt": "1472528686", "route_id": "Red", "dwell_time_sec": "232"}, {"arr_dt": "1472528795", "direction": "0", "dep_dt": "1472528894", "route_id": "Red", "dwell_time_sec": "99"}, {"arr_dt": "1472529015", "direction": "0", "dep_dt": "1472529120", "route_id": "Red", "dwell_time_sec": "105"}, {"arr_dt": "1472529238", "direction": "0", "dep_dt": "1472529305", "route_id": "Red", "dwell_time_sec": "67"}, {"arr_dt": "1472529486", "direction": "0", "dep_dt": "1472529567", "route_id": "Red", "dwell_time_sec": "81"}]}