{"dwell_times": [{"arr_dt": "1457758895", "direction": "0", "dep_dt": "1457758965", "route_id": "Red", "dwell_time_sec": "70"}, {"arr_dt": "1457759273", "direction": "0", "dep_dt": "1457759345", "route_id": "Red", "dwell_time_sec": "72"}, {"arr_dt": "1457759713", "direction": "0", "dep_dt": "1457759786", "route_id": "Red", "dwell_time_sec": "73"}, {"arr_dt": "1457760224", "direction": "0", "dep_dt": "1457760279", "route_id": "Red", "dwell_time_sec": "55"}, {"arr_dt": "1457760754", "direction": "0", "dep_dt": "1457760811", "route_id": "Red", "dwell_time_sec": "57"}, {"arr_dt": "1457761497", "direction": "0", "dep_dt": "1457761574", "route_id": "Red", "dwell_time_sec": "77"}, {"arr_dt": "1457762208", "direction": "0", "dep_dt": "1457762289", "route_id": "Red", "dwell_time_sec": "81"}, {"arr_dt": "1457762509", "direction": "0", "dep_dt": "1457762565", "route_id": "Red", "dwell_time_sec": "56"}, {"arr_dt": "1457762923", "direction": "0", "dep_dt": "1457763007", "route_id": "Red", "dwell_time_sec": "84"}, {"arr_dt": "1457763435", "direction": "0", "dep_dt": "1457763503", "route_id": "Red", "dwell_time_sec": "68"}, {"arr_dt": "1457764105", "direction": "0", "dep_dt": "1457764172", "route_id": "Red", "dwell_time_sec": "67"}, {"arr_dt": "1457764873", "direction": "0", "dep_dt": "1457764963", "route_id": "Red", "dwell_time_sec": "90"}, {"arr_dt": "1457765349", "direction": "0", "dep_dt": "1457765402", "route_id": "Red", "dwell_time_sec": "53"}, {"arr_dt": "1457766191", "direction": "0", "dep_dt": "1457766263", "route_id": "Red", "dwell_time_sec": "72"}, {"arr_dt": "1457766858", "direction": "0", "dep_dt": "1457767914", "route_id": "Red", "dwell_time_sec": "1056"}]}