{"dwell_times": [{"arr_dt": "1458187356", "direction": "0", "dep_dt": "1458187419", "route_id": "Red", "dwell_time_sec": "63"}, {"arr_dt": "1458187748", "direction": "0", "dep_dt": "1458187815", "route_id": "Red", "dwell_time_sec": "67"}, {"arr_dt": "1458188489", "direction": "0", "dep_dt": "1458188553", "route_id": "Red", "dwell_time_sec": "64"}, {"arr_dt": "1458188713", "direction": "0", "dep_dt": "1458188783", "route_id": "Red", "dwell_time_sec": "70"}, {"arr_dt": "1458189324", "direction": "0", "dep_dt": "1458189402", "route_id": "Red", "dwell_time_sec": "78"}, {"arr_dt": "1458189501", "direction": "0", "dep_dt": "1458189586", "route_id": "Red", "dwell_time_sec": "85"}, {"arr_dt": "1458207146", "direction": "0", "dep_dt": "1458207204", "route_id": "Red", "dwell_time_sec": "58"}, {"arr_dt": "1458207778", "direction": "0", "dep_dt": "1458207889", "route_id": "Red", "dwell_time_sec": "111"}, {"arr_dt": "1458208023", "direction": "0", "dep_dt": "1458208100", "route_id": "Red", "dwell_time_sec": "77"}, {"arr_dt": "1458208451", "direction": "0", "dep_dt": "1458208514", "route_id": "Red", "dwell_time_sec": "63"}, {"arr_dt": "1458208852", "direction": "0", "dep_dt": "1458208917", "route_id": "Red", "dwell_time_sec": "65"}, {"arr_dt": "1458209427", "direction": "0", "dep_dt": "1458209488", "route_id": "Red", "dwell_time_sec": "61"}, {"arr_dt": "1458209935", "direction": "0", "dep_dt": "1458210007", "route_id": "Red", "dwell_time_sec": "72"}, {"arr_dt": "1458210276", "direction": "0", "dep_dt": "1458210332", "route_id": "Red", "dwell_time_sec": "56"}, {"arr_dt": "1458210578", "direction": "0", "dep_dt": "1458210647", "route_id": "Red", "dwell_time_sec": "69"}, {"arr_dt": "1458211053", "direction": "0", "dep_dt": "1458211112", "route_id": "Red", "dwell_time_sec": "59"}, {"arr_dt": "1458211786", "direction": "0", "dep_dt": "1458211853", "route_id": "Red", "dwell_time_sec": "67"}, {"arr_dt": "1458212119", "direction": "0", "dep_dt": "1458212186", "route_id": "Red", "dwell_time_sec": "67"}, {"arr_dt": "1458212560", "direction": "0", "dep_dt": "1458212642", "route_id": "Red", "dwell_time_sec": "82"}, {"arr_dt": "1458212749", "direction": "0", "dep_dt": "1458212826", "route_id": "Red", "dwell_time_sec": "77"}, {"arr_dt": "1458213131", "direction": "0", "dep_dt": "1458213204", "route_id": "Red", "dwell_time_sec": "73"}, {"arr_dt": "1458213386", "direction": "0", "dep_dt": "1458213454", "route_id": "Red", "dwell_time_sec": "68"}, {"arr_dt": "1458213788", "direction": "0", "dep_dt": "1458213863", "route_id": "Red", "dwell_time_sec": "75"}, {"arr_dt": "1458214117", "direction": "0", "dep_dt": "1458214193", "route_id": "Red", "dwell_time_sec": "76"}, {"arr_dt": "1458214316", "direction": "0", "dep_dt": "1458214386", "route_id": "Red", "dwell_time_sec": "70"}, {"arr_dt": "1458214611", "direction": "0", "dep_dt": "1458214693", "route_id": "Red", "dwell_time_sec": "82"}, {"arr_dt": "1458214805", "direction": "0", "dep_dt": "1458214897", "route_id": "Red", "dwell_time_sec": "92"}, {"arr_dt": "1458215041", "direction": "0", "dep_dt": "1458215116", "route_id": "Red", "dwell_time_sec": "75"}, {"arr_dt": "1458215215", "direction": "0", "dep_dt": "1458215309", "route_id": "Red", "dwell_time_sec": "94"}, {"arr_dt": "1458215421", "direction": "0", "dep_dt": "1458215504", "route_id": "Red", "dwell_time_sec": "83"}, {"arr_dt": "1458215601", "direction": "0", "dep_dt": "1458215689", "route_id": "Red", "dwell_time_sec": "88"}, {"arr_dt": "1458215985", "direction": "0", "dep_dt": "1458216054", "route_id": "Red", "dwell_time_sec": "69"}, {"arr_dt": "1458216254", "direction": "0", "dep_dt": "1458216358", "route_id": "Red", "dwell_time_sec": "104"}, {"arr_dt": "1458216488", "direction": "0", "dep_dt": "1458216572", "route_id": "Red", "dwell_time_sec": "84"}, {"arr_dt": "1458216863", "direction": "0", "dep_dt": "1458216984", "route_id": "Red", "dwell_time_sec": "121"}, {"arr_dt": "1458217137", "direction": "0", "dep_dt": "1458217231", "route_id": "Red", "dwell_time_sec": "94"}, {"arr_dt": "1458217489", "direction": "0", "dep_dt": "1458217592", "route_id": "Red", "dwell_time_sec": "103"}, {"arr_dt": "1458217713", "direction": "0", "dep_dt": "1458217822", "route_id": "Red", "dwell_time_sec": "109"}, {"arr_dt": "1458217958", "direction": "0", "dep_dt": "1458218038", "route_id": "Red", "dwell_time_sec": "80"}, {"arr_dt": "1458218346", "direction": "0", "dep_dt": "1458218441", "route_id": "Red", "dwell_time_sec": "95"}, {"arr_dt": "1458218551", "direction": "0", "dep_dt": "1458218656", "route_id": "Red", "dwell_time_sec": "105"}, {"arr_dt": "1458218901", "direction": "0", "dep_dt": "1458219005", "route_id": "Red", "dwell_time_sec": "104"}, {"arr_dt": "1458219101", "direction": "0", "dep_dt": "1458219192", "route_id": "Red", "dwell_time_sec": "91"}, {"arr_dt": "1458219499", "direction": "0", "dep_dt": "1458219628", "route_id": "Red", "dwell_time_sec": "129"}, {"arr_dt": "1458220080", "direction": "0", "dep_dt": "1458220174", "route_id": "Red", "dwell_time_sec": "94"}, {"arr_dt": "1458220286", "direction": "0", "dep_dt": "1458220375", "route_id": "Red", "dwell_time_sec": "89"}, {"arr_dt": "1458220674", "direction": "0", "dep_dt": "1458220753", "route_id": "Red", "dwell_time_sec": "79"}, {"arr_dt": "1458221152", "direction": "0", "dep_dt": "1458221229", "route_id": "Red", "dwell_time_sec": "77"}, {"arr_dt": "1458221330", "direction": "0", "dep_dt": "1458221406", "route_id": "Red", "dwell_time_sec": "76"}, {"arr_dt": "1458221496", "direction": "0", "dep_dt": "1458221572", "route_id": "Red", "dwell_time_sec": "76"}, {"arr_dt": "1458221840", "direction": "0", "dep_dt": "1458221922", "route_id": "Red", "dwell_time_sec": "82"}, {"arr_dt": "1458222026", "direction": "0", "dep_dt": "1458222101", "route_id": "Red", "dwell_time_sec": "75"}, {"arr_dt": "1458222196", "direction": "0", "dep_dt": "1458222261", "route_id": "Red", "dwell_time_sec": "65"}, {"arr_dt": "1458222407", "direction": "0", "dep_dt": "1458222489", "route_id": "Red", "dwell_time_sec": "82"}, {"arr_dt": "1458222625", "direction": "0", "dep_dt": "1458222701", "route_id": "Red", "dwell_time_sec": "76"}, {"arr_dt": "1458222923", "direction": "0", "dep_dt": "1458222998", "route_id": "Red", "dwell_time_sec": "75"}, {"arr_dt": "1458223126", "direction": "0", "dep_dt": "1458223185", "route_id": "Red", "dwell_time_sec": "59"}, {"arr_dt": "1458223342", "direction": "0", "dep_dt": "1458223403", "route_id": "Red", "dwell_time_sec": "61"}, {"arr_dt": "1458223571", "direction": "0", "dep_dt": "1458223641", "route_id": "Red", "dwell_time_sec": "70"}, {"arr_dt": "1458223946", "direction": "0", "dep_dt": "1458224021", "route_id": "Red", "dwell_time_sec": "75"}, {"arr_dt": "1458224137", "direction": "0", "dep_dt": "1458224231", "route_id": "Red", "dwell_time_sec": "94"}, {"arr_dt": "1458224348", "direction": "0", "dep_dt": "1458224446", "route_id": "Red", "dwell_time_sec": "98"}, {"arr_dt": "1458224548", "direction": "0", "dep_dt": "1458224637", "route_id": "Red", "dwell_time_sec": "89"}, {"arr_dt": "1458224820", "direction": "0", "dep_dt": "1458224929", "route_id": "Red", "dwell_time_sec": "109"}, {"arr_dt": "1458225012", "direction": "0", "dep_dt": "1458225098", "route_id": "Red", "dwell_time_sec": "86"}, {"arr_dt": "1458225674", "direction": "0", "dep_dt": "1458225749", "route_id": "Red", "dwell_time_sec": "75"}, {"arr_dt": "1458226143", "direction": "0", "dep_dt": "1458226217", "route_id": "Red", "dwell_time_sec": "74"}, {"arr_dt": "1458226309", "direction": "0", "dep_dt": "1458226375", "route_id": "Red", "dwell_time_sec": "66"}, {"arr_dt": "1458226808", "direction": "0", "dep_dt": "1458226888", "route_id": "Red", "dwell_time_sec": "80"}, {"arr_dt": "1458226984", "direction": "0", "dep_dt": "1458227058", "route_id": "Red", "dwell_time_sec": "74"}, {"arr_dt": "1458227644", "direction": "0", "dep_dt": "1458227728", "route_id": "Red", "dwell_time_sec": "84"}, {"arr_dt": "1458227976", "direction": "0", "dep_dt": "1458228031", "route_id": "Red", "dwell_time_sec": "55"}, {"arr_dt": "1458228308", "direction": "0", "dep_dt": "1458228438", "route_id": "Red", "dwell_time_sec": "130"}, {"arr_dt": "1458228814", "direction": "0", "dep_dt": "1458228917", "route_id": "Red", "dwell_time_sec": "103"}, {"arr_dt": "1458229328", "direction": "0", "dep_dt": "1458229405", "route_id": "Red", "dwell_time_sec": "77"}, {"arr_dt": "1458230215", "direction": "0", "dep_dt": "1458230283", "route_id": "Red", "dwell_time_sec": "68"}, {"arr_dt": "1458230438", "direction": "0", "dep_dt": "1458230501", "route_id": "Red", "dwell_time_sec": "63"}, {"arr_dt": "1458230849", "direction": "0", "dep_dt": "1458230915", "route_id": "Red", "dwell_time_sec": "66"}, {"arr_dt": "1458231380", "direction": "0", "dep_dt": "1458231462", "route_id": "Red", "dwell_time_sec": "82"}, {"arr_dt": "1458231733", "direction": "0", "dep_dt": "1458231813", "route_id": "Red", "dwell_time_sec": "80"}, {"arr_dt": "1458232098", "direction": "0", "dep_dt": "1458232171", "route_id": "Red", "dwell_time_sec": "73"}, {"arr_dt": "1458232521", "direction": "0", "dep_dt": "1458232596", "route_id": "Red", "dwell_time_sec": "75"}, {"arr_dt": "1458232948", "direction": "0", "dep_dt": "1458233072", "route_id": "Red", "dwell_time_sec": "124"}, {"arr_dt": "1458233510", "direction": "0", "dep_dt": "1458233583", "route_id": "Red", "dwell_time_sec": "73"}, {"arr_dt": "1458233825", "direction": "0", "dep_dt": "1458233888", "route_id": "Red", "dwell_time_sec": "63"}, {"arr_dt": "1458234426", "direction": "0", "dep_dt": "1458234494", "route_id": "Red", "dwell_time_sec": "68"}, {"arr_dt": "1458234790", "direction": "0", "dep_dt": "1458234867", "route_id": "Red", "dwell_time_sec": "77"}, {"arr_dt": "1458235104", "direction": "0", "dep_dt": "1458235167", "route_id": "Red", "dwell_time_sec": "63"}, {"arr_dt": "1458235369", "direction": "0", "dep_dt": "1458235437", "route_id": "Red", "dwell_time_sec": "68"}, {"arr_dt": "1458236009", "direction": "0", "dep_dt": "1458236113", "route_id": "Red", "dwell_time_sec": "104"}, {"arr_dt": "1458236346", "direction": "0", "dep_dt": "1458236455", "route_id": "Red", "dwell_time_sec": "109"}, {"arr_dt": "1458236693", "direction": "0", "dep_dt": "1458236747", "route_id": "Red", "dwell_time_sec": "54"}, {"arr_dt": "1458236963", "direction": "0", "dep_dt": "1458237027", "route_id": "Red", "dwell_time_sec": "64"}, {"arr_dt": "1458237628", "direction": "0", "dep_dt": "1458237738", "route_id": "Red", "dwell_time_sec": "110"}, {"arr_dt": "1458237875", "direction": "0", "dep_dt": "1458237956", "route_id": "Red", "dwell_time_sec": "81"}, {"arr_dt": "1458238320", "direction": "0", "dep_dt": "1458238396", "route_id": "Red", "dwell_time_sec": "76"}, {"arr_dt": "1458238773", "direction": "0", "dep_dt": "1458238848", "route_id": "Red", "dwell_time_sec": "75"}, {"arr_dt": "1458239216", "direction": "0", "dep_dt": "1458239302", "route_id": "Red", "dwell_time_sec": "86"}, {"arr_dt": "1458239722", "direction": "0", "dep_dt": "1458239831", "route_id": "Red", "dwell_time_sec": "109"}, {"arr_dt": "1458239969", "direction": "0", "dep_dt": "1458240043", "route_id": "Red", "dwell_time_sec": "74"}, {"arr_dt": "1458240619", "direction": "0", "dep_dt": "1458240716", "route_id": "Red", "dwell_time_sec": "97"}, {"arr_dt": "1458240841", "direction": "0", "dep_dt": "1458240927", "route_id": "Red", "dwell_time_sec": "86"}, {"arr_dt": "1458241425", "direction": "0", "dep_dt": "1458241512", "route_id": "Red", "dwell_time_sec": "87"}, {"arr_dt": "1458241638", "direction": "0", "dep_dt": "1458241722", "route_id": "Red", "dwell_time_sec": "84"}, {"arr_dt": "1458242301", "direction": "0", "dep_dt": "1458242399", "route_id": "Red", "dwell_time_sec": "98"}, {"arr_dt": "1458242876", "direction": "0", "dep_dt": "1458242954", "route_id": "Red", "dwell_time_sec": "78"}, {"arr_dt": "1458243161", "direction": "0", "dep_dt": "1458243245", "route_id": "Red", "dwell_time_sec": "84"}, {"arr_dt": "1458243655", "direction": "0", "dep_dt": "1458243801", "route_id": "Red", "dwell_time_sec": "146"}, {"arr_dt": "1458244187", "direction": "0", "dep_dt": "1458244256", "route_id": "Red", "dwell_time_sec": "69"}, {"arr_dt": "1458244658", "direction": "0", "dep_dt": "1458244760", "route_id": "Red", "dwell_time_sec": "102"}, {"arr_dt": "1458245579", "direction": "0", "dep_dt": "1458245727", "route_id": "Red", "dwell_time_sec": "148"}, {"arr_dt": "1458245889", "direction": "0", "dep_dt": "1458246005", "route_id": "Red", "dwell_time_sec": "116"}, {"arr_dt": "1458246471", "direction": "0", "dep_dt": "1458246566", "route_id": "Red", "dwell_time_sec": "95"}, {"arr_dt": "1458247032", "direction": "0", "dep_dt": "1458247148", "route_id": "Red", "dwell_time_sec": "116"}, {"arr_dt": "1458247225", "direction": "0", "dep_dt": "1458247325", "route_id": "Red", "dwell_time_sec": "100"}, {"arr_dt": "1458247429", "direction": "0", "dep_dt": "1458247524", "route_id": "Red", "dwell_time_sec": "95"}, {"arr_dt": "1458247675", "direction": "0", "dep_dt": "1458247767", "route_id": "Red", "dwell_time_sec": "92"}, {"arr_dt": "1458247866", "direction": "0", "dep_dt": "1458247950", "route_id": "Red", "dwell_time_sec": "84"}, {"arr_dt": "1458248071", "direction": "0", "dep_dt": "1458248171", "route_id": "Red", "dwell_time_sec": "100"}, {"arr_dt": "1458248344", "direction": "0", "dep_dt": "1458248485", "route_id": "Red", "dwell_time_sec": "141"}, {"arr_dt": "1458248553", "direction": "0", "dep_dt": "1458248647", "route_id": "Red", "dwell_time_sec": "94"}, {"arr_dt": "1458248806", "direction": "0", "dep_dt": "1458248930", "route_id": "Red", "dwell_time_sec": "124"}, {"arr_dt": "1458249038", "direction": "0", "dep_dt": "1458249163", "route_id": "Red", "dwell_time_sec": "125"}, {"arr_dt": "1458249252", "direction": "0", "dep_dt": "1458249356", "route_id": "Red", "dwell_time_sec": "104"}, {"arr_dt": "1458249479", "direction": "0", "dep_dt": "1458249583", "route_id": "Red", "dwell_time_sec": "104"}, {"arr_dt": "1458249685", "direction": "0", "dep_dt": "1458249808", "route_id": "Red", "dwell_time_sec": "123"}, {"arr_dt": "1458249974", "direction": "0", "dep_dt": "1458250096", "route_id": "Red", "dwell_time_sec": "122"}, {"arr_dt": "1458250226", "direction": "0", "dep_dt": "1458250407", "route_id": "Red", "dwell_time_sec": "181"}, {"arr_dt": "1458250722", "direction": "0", "dep_dt": "1458250817", "route_id": "Red", "dwell_time_sec": "95"}, {"arr_dt": "1458250896", "direction": "0", "dep_dt": "1458251049", "route_id": "Red", "dwell_time_sec": "153"}, {"arr_dt": "1458251132", "direction": "0", "dep_dt": "1458251225", "route_id": "Red", "dwell_time_sec": "93"}, {"arr_dt": "1458251334", "direction": "0", "dep_dt": "1458251428", "route_id": "Red", "dwell_time_sec": "94"}, {"arr_dt": "1458251603", "direction": "0", "dep_dt": "1458251707", "route_id": "Red", "dwell_time_sec": "104"}, {"arr_dt": "1458251814", "direction": "0", "dep_dt": "1458251917", "route_id": "Red", "dwell_time_sec": "103"}, {"arr_dt": "1458252017", "direction": "0", "dep_dt": "1458252101", "route_id": "Red", "dwell_time_sec": "84"}, {"arr_dt": "1458252276", "direction": "0", "dep_dt": "1458252378", "route_id": "Red", "dwell_time_sec": "102"}, {"arr_dt": "1458252699", "direction": "0", "dep_dt": "1458252788", "route_id": "Red", "dwell_time_sec": "89"}, {"arr_dt": "1458252935", "direction": "0", "dep_dt": "1458253020", "route_id": "Red", "dwell_time_sec": "85"}, {"arr_dt": "1458253208", "direction": "0", "dep_dt": "1458253316", "route_id": "Red", "dwell_time_sec": "108"}, {"arr_dt": "1458253536", "direction": "0", "dep_dt": "1458253617", "route_id": "Red", "dwell_time_sec": "81"}, {"arr_dt": "1458254231", "direction": "0", "dep_dt": "1458254348", "route_id": "Red", "dwell_time_sec": "117"}, {"arr_dt": "1458254430", "direction": "0", "dep_dt": "1458254527", "route_id": "Red", "dwell_time_sec": "97"}, {"arr_dt": "1458254617", "direction": "0", "dep_dt": "1458254742", "route_id": "Red", "dwell_time_sec": "125"}, {"arr_dt": "1458254846", "direction": "0", "dep_dt": "1458254928", "route_id": "Red", "dwell_time_sec": "82"}, {"arr_dt": "1458255025", "direction": "0", "dep_dt": "1458255104", "route_id": "Red", "dwell_time_sec": "79"}, {"arr_dt": "1458255415", "direction": "0", "dep_dt": "1458255510", "route_id": "Red", "dwell_time_sec": "95"}, {"arr_dt": "1458255596", "direction": "0", "dep_dt": "1458255686", "route_id": "Red", "dwell_time_sec": "90"}, {"arr_dt": "1458255900", "direction": "0", "dep_dt": "1458255989", "route_id": "Red", "dwell_time_sec": "89"}, {"arr_dt": "1458256144", "direction": "0", "dep_dt": "1458256228", "route_id": "Red", "dwell_time_sec": "84"}, {"arr_dt": "1458256571", "direction": "0", "dep_dt": "1458256636", "route_id": "Red", "dwell_time_sec": "65"}, {"arr_dt": "1458256905", "direction": "0", "dep_dt": "1458256979", "route_id": "Red", "dwell_time_sec": "74"}, {"arr_dt": "1458257082", "direction": "0", "dep_dt": "1458257151", "route_id": "Red", "dwell_time_sec": "69"}, {"arr_dt": "1458257351", "direction": "0", "dep_dt": "1458257436", "route_id": "Red", "dwell_time_sec": "85"}, {"arr_dt": "1458257778", "direction": "0", "dep_dt": "1458257851", "route_id": "Red", "dwell_time_sec": "73"}, {"arr_dt": "1458258147", "direction": "0", "dep_dt": "1458258227", "route_id": "Red", "dwell_time_sec": "80"}, {"arr_dt": "1458258340", "direction": "0", "dep_dt": "1458258408", "route_id": "Red", "dwell_time_sec": "68"}, {"arr_dt": "1458258684", "direction": "0", "dep_dt": "1458258774", "route_id": "Red", "dwell_time_sec": "90"}, {"arr_dt": "1458259122", "direction": "0", "dep_dt": "1458259184", "route_id": "Red", "dwell_time_sec": "62"}, {"arr_dt": "1458259672", "direction": "0", "dep_dt": "1458259751", "route_id": "Red", "dwell_time_sec": "79"}, {"arr_dt": "1458259964", "direction": "0", "dep_dt": "1458260037", "route_id": "Red", "dwell_time_sec": "73"}, {"arr_dt": "1458260167", "direction": "0", "dep_dt": "1458260244", "route_id": "Red", "dwell_time_sec": "77"}, {"arr_dt": "1458260814", "direction": "0", "dep_dt": "1458260918", "route_id": "Red", "dwell_time_sec": "104"}, {"arr_dt": "1458261226", "direction": "0", "dep_dt": "1458261321", "route_id": "Red", "dwell_time_sec": "95"}, {"arr_dt": "1458261783", "direction": "0", "dep_dt": "1458261856", "route_id": "Red", "dwell_time_sec": "73"}, {"arr_dt": "1458261963", "direction": "0", "dep_dt": "1458262035", "route_id": "Red", "dwell_time_sec": "72"}, {"arr_dt": "1458262192", "direction": "0", "dep_dt": "1458262275", "route_id": "Red", "dwell_time_sec": "83"}, {"arr_dt": "1458263363", "direction": "0", "dep_dt": "1458263437", "route_id": "Red", "dwell_time_sec": "74"}, {"arr_dt": "1458263543", "direction": "0", "dep_dt": "1458263611", "route_id": "Red", "dwell_time_sec": "68"}, {"arr_dt": "1458264207", "direction": "0", "dep_dt": "1458264320", "route_id": "Red", "dwell_time_sec": "113"}, {"arr_dt": "1458264402", "direction": "0", "dep_dt": "1458264505", "route_id": "Red", "dwell_time_sec": "103"}, {"arr_dt": "1458264672", "direction": "0", "dep_dt": "1458264741", "route_id": "Red", "dwell_time_sec": "69"}, {"arr_dt": "1458265329", "direction": "0", "dep_dt": "1458265416", "route_id": "Red", "dwell_time_sec": "87"}, {"arr_dt": "1458265557", "direction": "0", "dep_dt": "1458265638", "route_id": "Red", "dwell_time_sec": "81"}, {"arr_dt": "1458265911", "direction": "0", "dep_dt": "1458265985", "route_id": "Red", "dwell_time_sec": "74"}, {"arr_dt": "1458266090", "direction": "0", "dep_dt": "1458266144", "route_id": "Red", "dwell_time_sec": "54"}, {"arr_dt": "1458266779", "direction": "0", "dep_dt": "1458266855", "route_id": "Red", "dwell_time_sec": "76"}, {"arr_dt": "1458267598", "direction": "0", "dep_dt": "1458267672", "route_id": "Red", "dwell_time_sec": "74"}, {"arr_dt": "1458267801", "direction": "0", "dep_dt": "1458267889", "route_id": "Red", "dwell_time_sec": "88"}, {"arr_dt": "1458268382", "direction": "0", "dep_dt": "1458268455", "route_id": "Red", "dwell_time_sec": "73"}, {"arr_dt": "1458268865", "direction": "0", "dep_dt": "1458268957", "route_id": "Red", "dwell_time_sec": "92"}, {"arr_dt": "1458269185", "direction": "0", "dep_dt": "1458269264", "route_id": "Red", "dwell_time_sec": "79"}, {"arr_dt": "1458269465", "direction": "0", "dep_dt": "1458269521", "route_id": "Red", "dwell_time_sec": "56"}, {"arr_dt": "1458270335", "direction": "0", "dep_dt": "1458270398", "route_id": "Red", "dwell_time_sec": "63"}, {"arr_dt": "1458270760", "direction": "0", "dep_dt": "1458270829", "route_id": "Red", "dwell_time_sec": "69"}, {"arr_dt": "1458271360", "direction": "0", "dep_dt": "1458271459", "route_id": "Red", "dwell_time_sec": "99"}, {"arr_dt": "1458271581", "direction": "0", "dep_dt": "1458271656", "route_id": "Red", "dwell_time_sec": "75"}, {"arr_dt": "1458271755", "direction": "0", "dep_dt": "1458271816", "route_id": "Red", "dwell_time_sec": "61"}, {"arr_dt": "1458272106", "direction": "0", "dep_dt": "1458272174", "route_id": "Red", "dwell_time_sec": "68"}, {"arr_dt": "1458272528", "direction": "0", "dep_dt": "1458272607", "route_id": "Red", "dwell_time_sec": "79"}, {"arr_dt": "1458273267", "direction": "0", "dep_dt": "1458273335", "route_id": "Red", "dwell_time_sec": "68"}]}