{"dwell_times": [{"arr_dt": "1463889547", "direction": "0", "dep_dt": "1463889624", "route_id": "Red", "dwell_time_sec": "77"}, {"arr_dt": "1463890197", "direction": "0", "dep_dt": "1463890269", "route_id": "Red", "dwell_time_sec": "72"}, {"arr_dt": "1463890419", "direction": "0", "dep_dt": "1463890483", "route_id": "Red", "dwell_time_sec": "64"}, {"arr_dt": "1463890889", "direction": "0", "dep_dt": "1463890960", "route_id": "Red", "dwell_time_sec": "71"}, {"arr_dt": "1463891070", "direction": "0", "dep_dt": "1463891143", "route_id": "Red", "dwell_time_sec": "73"}, {"arr_dt": "1463891355", "direction": "0", "dep_dt": "1463891427", "route_id": "Red", "dwell_time_sec": "72"}, {"arr_dt": "1463891696", "direction": "0", "dep_dt": "1463891762", "route_id": "Red", "dwell_time_sec": "66"}, {"arr_dt": "1463892309", "direction": "0", "dep_dt": "1463894531", "route_id": "Red", "dwell_time_sec": "2222"}, {"arr_dt": "1463912219", "direction": "0", "dep_dt": "1463912301", "route_id": "Red", "dwell_time_sec": "82"}, {"arr_dt": "1463912768", "direction": "0", "dep_dt": "1463912824", "route_id": "Red", "dwell_time_sec": "56"}, {"arr_dt": "1463913251", "direction": "0", "dep_dt": "1463913316", "route_id": "Red", "dwell_time_sec": "65"}, {"arr_dt": "1463913707", "direction": "0", "dep_dt": "1463913763", "route_id": "Red", "dwell_time_sec": "56"}, {"arr_dt": "1463914139", "direction": "0", "dep_dt": "1463914205", "route_id": "Red", "dwell_time_sec": "66"}, {"arr_dt": "1463914706", "direction": "0", "dep_dt": "1463914791", "route_id": "Red", "dwell_time_sec": "85"}, {"arr_dt": "1463915047", "direction": "0", "dep_dt": "1463915100", "route_id": "Red", "dwell_time_sec": "53"}, {"arr_dt": "1463915617", "direction": "0", "dep_dt": "1463915683", "route_id": "Red", "dwell_time_sec": "66"}, {"arr_dt": "1463916018", "direction": "0", "dep_dt": "1463916078", "route_id": "Red", "dwell_time_sec": "60"}, {"arr_dt": "1463916530", "direction": "0", "dep_dt": "1463916602", "route_id": "Red", "dwell_time_sec": "72"}, {"arr_dt": "1463917121", "direction": "0", "dep_dt": "1463917208", "route_id": "Red", "dwell_time_sec": "87"}, {"arr_dt": "1463917518", "direction": "0", "dep_dt": "1463917590", "route_id": "Red", "dwell_time_sec": "72"}, {"arr_dt": "1463917954", "direction": "0", "dep_dt": "1463918010", "route_id": "Red", "dwell_time_sec": "56"}, {"arr_dt": "1463918479", "direction": "0", "dep_dt": "1463918539", "route_id": "Red", "dwell_time_sec": "60"}, {"arr_dt": "1463918912", "direction": "0", "dep_dt": "1463918972", "route_id": "Red", "dwell_time_sec": "60"}, {"arr_dt": "1463919261", "direction": "0", "dep_dt": "1463919317", "route_id": "Red", "dwell_time_sec": "56"}, {"arr_dt": "1463919824", "direction": "0", "dep_dt": "1463919898", "route_id": "Red", "dwell_time_sec": "74"}, {"arr_dt": "1463920207", "direction": "0", "dep_dt": "1463920266", "route_id": "Red", "dwell_time_sec": "59"}, {"arr_dt": "1463920751", "direction": "0", "dep_dt": "1463920827", "route_id": "Red", "dwell_time_sec": "76"}, {"arr_dt": "1463921201", "direction": "0", "dep_dt": "1463921271", "route_id": "Red", "dwell_time_sec": "70"}, {"arr_dt": "1463921684", "direction": "0", "dep_dt": "1463921753", "route_id": "Red", "dwell_time_sec": "69"}, {"arr_dt": "1463922228", "direction": "0", "dep_dt": "1463922291", "route_id": "Red", "dwell_time_sec": "63"}, {"arr_dt": "1463922769", "direction": "0", "dep_dt": "1463922838", "route_id": "Red", "dwell_time_sec": "69"}, {"arr_dt": "1463923084", "direction": "0", "dep_dt": "1463923162", "route_id": "Red", "dwell_time_sec": "78"}, {"arr_dt": "1463923458", "direction": "0", "dep_dt": "1463923514", "route_id": "Red", "dwell_time_sec": "56"}, {"arr_dt": "1463924019", "direction": "0", "dep_dt": "1463924101", "route_id": "Red", "dwell_time_sec": "82"}, {"arr_dt": "1463924699", "direction": "0", "dep_dt": "1463924780", "route_id": "Red", "dwell_time_sec": "81"}, {"arr_dt": "1463925124", "direction": "0", "dep_dt": "1463925187", "route_id": "Red", "dwell_time_sec": "63"}, {"arr_dt": "1463925327", "direction": "0", "dep_dt": "1463925405", "route_id": "Red", "dwell_time_sec": "78"}, {"arr_dt": "1463925875", "direction": "0", "dep_dt": "1463925934", "route_id": "Red", "dwell_time_sec": "59"}, {"arr_dt": "1463926364", "direction": "0", "dep_dt": "1463926453", "route_id": "Red", "dwell_time_sec": "89"}, {"arr_dt": "1463926685", "direction": "0", "dep_dt": "1463926769", "route_id": "Red", "dwell_time_sec": "84"}, {"arr_dt": "1463927319", "direction": "0", "dep_dt": "1463927402", "route_id": "Red", "dwell_time_sec": "83"}, {"arr_dt": "1463927773", "direction": "0", "dep_dt": "1463927842", "route_id": "Red", "dwell_time_sec": "69"}, {"arr_dt": "1463928271", "direction": "0", "dep_dt": "1463928356", "route_id": "Red", "dwell_time_sec": "85"}, {"arr_dt": "1463928779", "direction": "0", "dep_dt": "1463928845", "route_id": "Red", "dwell_time_sec": "66"}, {"arr_dt": "1463929350", "direction": "0", "dep_dt": "1463929422", "route_id": "Red", "dwell_time_sec": "72"}, {"arr_dt": "1463929790", "direction": "0", "dep_dt": "1463929875", "route_id": "Red", "dwell_time_sec": "85"}, {"arr_dt": "1463930086", "direction": "0", "dep_dt": "1463930147", "route_id": "Red", "dwell_time_sec": "61"}, {"arr_dt": "1463930615", "direction": "0", "dep_dt": "1463930766", "route_id": "Red", "dwell_time_sec": "151"}, {"arr_dt": "1463931138", "direction": "0", "dep_dt": "1463931243", "route_id": "Red", "dwell_time_sec": "105"}, {"arr_dt": "1463931623", "direction": "0", "dep_dt": "1463931724", "route_id": "Red", "dwell_time_sec": "101"}, {"arr_dt": "1463932011", "direction": "0", "dep_dt": "1463932072", "route_id": "Red", "dwell_time_sec": "61"}, {"arr_dt": "1463932531", "direction": "0", "dep_dt": "1463932607", "route_id": "Red", "dwell_time_sec": "76"}, {"arr_dt": "1463933130", "direction": "0", "dep_dt": "1463933243", "route_id": "Red", "dwell_time_sec": "113"}, {"arr_dt": "1463933382", "direction": "0", "dep_dt": "1463933478", "route_id": "Red", "dwell_time_sec": "96"}, {"arr_dt": "1463933706", "direction": "0", "dep_dt": "1463933773", "route_id": "Red", "dwell_time_sec": "67"}, {"arr_dt": "1463934186", "direction": "0", "dep_dt": "1463934283", "route_id": "Red", "dwell_time_sec": "97"}, {"arr_dt": "1463934752", "direction": "0", "dep_dt": "1463934822", "route_id": "Red", "dwell_time_sec": "70"}, {"arr_dt": "1463935411", "direction": "0", "dep_dt": "1463935477", "route_id": "Red", "dwell_time_sec": "66"}, {"arr_dt": "1463935866", "direction": "0", "dep_dt": "1463935936", "route_id": "Red", "dwell_time_sec": "70"}, {"arr_dt": "1463936462", "direction": "0", "dep_dt": "1463936545", "route_id": "Red", "dwell_time_sec": "83"}, {"arr_dt": "1463936648", "direction": "0", "dep_dt": "1463936722", "route_id": "Red", "dwell_time_sec": "74"}, {"arr_dt": "1463937136", "direction": "0", "dep_dt": "1463937225", "route_id": "Red", "dwell_time_sec": "89"}, {"arr_dt": "1463937463", "direction": "0", "dep_dt": "1463937523", "route_id": "Red", "dwell_time_sec": "60"}, {"arr_dt": "1463938429", "direction": "0", "dep_dt": "1463938535", "route_id": "Red", "dwell_time_sec": "106"}, {"arr_dt": "1463938624", "direction": "0", "dep_dt": "1463938715", "route_id": "Red", "dwell_time_sec": "91"}, {"arr_dt": "1463939155", "direction": "0", "dep_dt": "1463939233", "route_id": "Red", "dwell_time_sec": "78"}, {"arr_dt": "1463939341", "direction": "0", "dep_dt": "1463939413", "route_id": "Red", "dwell_time_sec": "72"}, {"arr_dt": "1463939891", "direction": "0", "dep_dt": "1463939989", "route_id": "Red", "dwell_time_sec": "98"}, {"arr_dt": "1463940445", "direction": "0", "dep_dt": "1463940596", "route_id": "Red", "dwell_time_sec": "151"}, {"arr_dt": "1463940796", "direction": "0", "dep_dt": "1463940862", "route_id": "Red", "dwell_time_sec": "66"}, {"arr_dt": "1463941543", "direction": "0", "dep_dt": "1463941631", "route_id": "Red", "dwell_time_sec": "88"}, {"arr_dt": "1463941865", "direction": "0", "dep_dt": "1463941949", "route_id": "Red", "dwell_time_sec": "84"}, {"arr_dt": "1463942057", "direction": "0", "dep_dt": "1463942129", "route_id": "Red", "dwell_time_sec": "72"}, {"arr_dt": "1463942740", "direction": "0", "dep_dt": "1463942821", "route_id": "Red", "dwell_time_sec": "81"}, {"arr_dt": "1463943402", "direction": "0", "dep_dt": "1463943469", "route_id": "Red", "dwell_time_sec": "67"}, {"arr_dt": "1463943933", "direction": "0", "dep_dt": "1463944001", "route_id": "Red", "dwell_time_sec": "68"}, {"arr_dt": "1463944249", "direction": "0", "dep_dt": "1463944361", "route_id": "Red", "dwell_time_sec": "112"}, {"arr_dt": "1463944982", "direction": "0", "dep_dt": "1463945076", "route_id": "Red", "dwell_time_sec": "94"}, {"arr_dt": "1463945193", "direction": "0", "dep_dt": "1463945267", "route_id": "Red", "dwell_time_sec": "74"}, {"arr_dt": "1463945654", "direction": "0", "dep_dt": "1463945738", "route_id": "Red", "dwell_time_sec": "84"}, {"arr_dt": "1463945857", "direction": "0", "dep_dt": "1463945924", "route_id": "Red", "dwell_time_sec": "67"}, {"arr_dt": "1463946288", "direction": "0", "dep_dt": "1463946362", "route_id": "Red", "dwell_time_sec": "74"}, {"arr_dt": "1463947027", "direction": "0", "dep_dt": "1463947105", "route_id": "Red", "dwell_time_sec": "78"}, {"arr_dt": "1463947410", "direction": "0", "dep_dt": "1463947478", "route_id": "Red", "dwell_time_sec": "68"}, {"arr_dt": "1463947632", "direction": "0", "dep_dt": "1463947724", "route_id": "Red", "dwell_time_sec": "92"}, {"arr_dt": "1463948209", "direction": "0", "dep_dt": "1463948297", "route_id": "Red", "dwell_time_sec": "88"}, {"arr_dt": "1463948757", "direction": "0", "dep_dt": "1463948848", "route_id": "Red", "dwell_time_sec": "91"}, {"arr_dt": "1463949451", "direction": "0", "dep_dt": "1463949543", "route_id": "Red", "dwell_time_sec": "92"}, {"arr_dt": "1463949661", "direction": "0", "dep_dt": "1463949748", "route_id": "Red", "dwell_time_sec": "87"}, {"arr_dt": "1463949992", "direction": "0", "dep_dt": "1463950078", "route_id": "Red", "dwell_time_sec": "86"}, {"arr_dt": "1463950823", "direction": "0", "dep_dt": "1463950907", "route_id": "Red", "dwell_time_sec": "84"}, {"arr_dt": "1463951821", "direction": "0", "dep_dt": "1463951935", "route_id": "Red", "dwell_time_sec": "114"}, {"arr_dt": "1463952057", "direction": "0", "dep_dt": "1463952151", "route_id": "Red", "dwell_time_sec": "94"}, {"arr_dt": "1463952274", "direction": "0", "dep_dt": "1463952444", "route_id": "Red", "dwell_time_sec": "170"}, {"arr_dt": "1463952606", "direction": "0", "dep_dt": "1463952691", "route_id": "Red", "dwell_time_sec": "85"}, {"arr_dt": "1463953014", "direction": "0", "dep_dt": "1463953093", "route_id": "Red", "dwell_time_sec": "79"}, {"arr_dt": "1463953637", "direction": "0", "dep_dt": "1463953714", "route_id": "Red", "dwell_time_sec": "77"}, {"arr_dt": "1463954182", "direction": "0", "dep_dt": "1463954292", "route_id": "Red", "dwell_time_sec": "110"}, {"arr_dt": "1463954608", "direction": "0", "dep_dt": "1463954689", "route_id": "Red", "dwell_time_sec": "81"}, {"arr_dt": "1463954806", "direction": "0", "dep_dt": "1463954891", "route_id": "Red", "dwell_time_sec": "85"}, {"arr_dt": "1463955210", "direction": "0", "dep_dt": "1463955281", "route_id": "Red", "dwell_time_sec": "71"}, {"arr_dt": "1463955589", "direction": "0", "dep_dt": "1463955673", "route_id": "Red", "dwell_time_sec": "84"}, {"arr_dt": "1463956191", "direction": "0", "dep_dt": "1463956275", "route_id": "Red", "dwell_time_sec": "84"}, {"arr_dt": "1463956663", "direction": "0", "dep_dt": "1463956735", "route_id": "Red", "dwell_time_sec": "72"}, {"arr_dt": "1463957262", "direction": "0", "dep_dt": "1463957440", "route_id": "Red", "dwell_time_sec": "178"}, {"arr_dt": "1463957669", "direction": "0", "dep_dt": "1463957750", "route_id": "Red", "dwell_time_sec": "81"}, {"arr_dt": "1463958095", "direction": "0", "dep_dt": "1463958166", "route_id": "Red", "dwell_time_sec": "71"}, {"arr_dt": "1463958607", "direction": "0", "dep_dt": "1463958675", "route_id": "Red", "dwell_time_sec": "68"}, {"arr_dt": "1463958910", "direction": "0", "dep_dt": "1463958972", "route_id": "Red", "dwell_time_sec": "62"}, {"arr_dt": "1463959347", "direction": "0", "dep_dt": "1463959433", "route_id": "Red", "dwell_time_sec": "86"}, {"arr_dt": "1463959839", "direction": "0", "dep_dt": "1463959905", "route_id": "Red", "dwell_time_sec": "66"}, {"arr_dt": "1463960243", "direction": "0", "dep_dt": "1463960332", "route_id": "Red", "dwell_time_sec": "89"}, {"arr_dt": "1463960739", "direction": "0", "dep_dt": "1463960928", "route_id": "Red", "dwell_time_sec": "189"}, {"arr_dt": "1463961187", "direction": "0", "dep_dt": "1463961273", "route_id": "Red", "dwell_time_sec": "86"}, {"arr_dt": "1463961811", "direction": "0", "dep_dt": "1463961876", "route_id": "Red", "dwell_time_sec": "65"}, {"arr_dt": "1463962610", "direction": "0", "dep_dt": "1463962687", "route_id": "Red", "dwell_time_sec": "77"}, {"arr_dt": "1463962975", "direction": "0", "dep_dt": "1463963072", "route_id": "Red", "dwell_time_sec": "97"}, {"arr_dt": "1463963561", "direction": "0", "dep_dt": "1463963668", "route_id": "Red", "dwell_time_sec": "107"}, {"arr_dt": "1463964136", "direction": "0", "dep_dt": "1463964211", "route_id": "Red", "dwell_time_sec": "75"}, {"arr_dt": "1463964425", "direction": "0", "dep_dt": "1463964522", "route_id": "Red", "dwell_time_sec": "97"}, {"arr_dt": "1463964714", "direction": "0", "dep_dt": "1463964768", "route_id": "Red", "dwell_time_sec": "54"}, {"arr_dt": "1463965079", "direction": "0", "dep_dt": "1463965174", "route_id": "Red", "dwell_time_sec": "95"}, {"arr_dt": "1463965408", "direction": "0", "dep_dt": "1463965505", "route_id": "Red", "dwell_time_sec": "97"}, {"arr_dt": "1463965776", "direction": "0", "dep_dt": "1463965847", "route_id": "Red", "dwell_time_sec": "71"}, {"arr_dt": "1463966338", "direction": "0", "dep_dt": "1463966406", "route_id": "Red", "dwell_time_sec": "68"}, {"arr_dt": "1463966903", "direction": "0", "dep_dt": "1463966969", "route_id": "Red", "dwell_time_sec": "66"}, {"arr_dt": "1463967443", "direction": "0", "dep_dt": "1463967506", "route_id": "Red", "dwell_time_sec": "63"}, {"arr_dt": "1463967830", "direction": "0", "dep_dt": "1463967895", "route_id": "Red", "dwell_time_sec": "65"}, {"arr_dt": "1463968319", "direction": "0", "dep_dt": "1463968381", "route_id": "Red", "dwell_time_sec": "62"}, {"arr_dt": "1463968930", "direction": "0", "dep_dt": "1463969000", "route_id": "Red", "dwell_time_sec": "70"}, {"arr_dt": "1463969380", "direction": "0", "dep_dt": "1463969445", "route_id": "Red", "dwell_time_sec": "65"}, {"arr_dt": "1463969799", "direction": "0", "dep_dt": "1463969926", "route_id": "Red", "dwell_time_sec": "127"}, {"arr_dt": "1463970065", "direction": "0", "dep_dt": "1463970121", "route_id": "Red", "dwell_time_sec": "56"}, {"arr_dt": "1463970769", "direction": "0", "dep_dt": "1463970842", "route_id": "Red", "dwell_time_sec": "73"}, {"arr_dt": "1463971268", "direction": "0", "dep_dt": "1463971336", "route_id": "Red", "dwell_time_sec": "68"}, {"arr_dt": "1463971608", "direction": "0", "dep_dt": "1463971687", "route_id": "Red", "dwell_time_sec": "79"}, {"arr_dt": "1463972057", "direction": "0", "dep_dt": "1463972135", "route_id": "Red", "dwell_time_sec": "78"}, {"arr_dt": "1463972442", "direction": "0", "dep_dt": "1463972524", "route_id": "Red", "dwell_time_sec": "82"}, {"arr_dt": "1463972707", "direction": "0", "dep_dt": "1463972769", "route_id": "Red", "dwell_time_sec": "62"}, {"arr_dt": "1463973416", "direction": "0", "dep_dt": "1463973579", "route_id": "Red", "dwell_time_sec": "163"}, {"arr_dt": "1463973693", "direction": "0", "dep_dt": "1463973748", "route_id": "Red", "dwell_time_sec": "55"}, {"arr_dt": "1463974161", "direction": "0", "dep_dt": "1463974212", "route_id": "Red", "dwell_time_sec": "51"}, {"arr_dt": "1463974835", "direction": "0", "dep_dt": "1463974901", "route_id": "Red", "dwell_time_sec": "66"}, {"arr_dt": "1463975286", "direction": "0", "dep_dt": "1463975353", "route_id": "Red", "dwell_time_sec": "67"}, {"arr_dt": "1463975569", "direction": "0", "dep_dt": "1463975626", "route_id": "Red", "dwell_time_sec": "57"}]}