{"dwell_times": [{"arr_dt": "1460779348", "direction": "0", "dep_dt": "1460779447", "route_id": "Red", "dwell_time_sec": "99"}, {"arr_dt": "1460779817", "direction": "0", "dep_dt": "1460779896", "route_id": "Red", "dwell_time_sec": "79"}, {"arr_dt": "1460779995", "direction": "0", "dep_dt": "1460780069", "route_id": "Red", "dwell_time_sec": "74"}, {"arr_dt": "1460780182", "direction": "0", "dep_dt": "1460780239", "route_id": "Red", "dwell_time_sec": "57"}, {"arr_dt": "1460780592", "direction": "0", "dep_dt": "1460780670", "route_id": "Red", "dwell_time_sec": "78"}, {"arr_dt": "1460781303", "direction": "0", "dep_dt": "1460781378", "route_id": "Red", "dwell_time_sec": "75"}, {"arr_dt": "1460781490", "direction": "0", "dep_dt": "1460781556", "route_id": "Red", "dwell_time_sec": "66"}, {"arr_dt": "1460782289", "direction": "0", "dep_dt": "1460783986", "route_id": "Red", "dwell_time_sec": "1697"}, {"arr_dt": "1460799184", "direction": "0", "dep_dt": "1460799251", "route_id": "Red", "dwell_time_sec": "67"}, {"arr_dt": "1460799742", "direction": "0", "dep_dt": "1460799804", "route_id": "Red", "dwell_time_sec": "62"}, {"arr_dt": "1460800563", "direction": "0", "dep_dt": "1460800626", "route_id": "Red", "dwell_time_sec": "63"}, {"arr_dt": "1460800905", "direction": "0", "dep_dt": "1460800963", "route_id": "Red", "dwell_time_sec": "58"}, {"arr_dt": "1460801435", "direction": "0", "dep_dt": "1460801489", "route_id": "Red", "dwell_time_sec": "54"}, {"arr_dt": "1460801704", "direction": "0", "dep_dt": "1460801756", "route_id": "Red", "dwell_time_sec": "52"}, {"arr_dt": "1460802373", "direction": "0", "dep_dt": "1460802453", "route_id": "Red", "dwell_time_sec": "80"}, {"arr_dt": "1460802739", "direction": "0", "dep_dt": "1460802796", "route_id": "Red", "dwell_time_sec": "57"}, {"arr_dt": "1460802955", "direction": "0", "dep_dt": "1460803013", "route_id": "Red", "dwell_time_sec": "58"}, {"arr_dt": "1460803536", "direction": "0", "dep_dt": "1460803595", "route_id": "Red", "dwell_time_sec": "59"}, {"arr_dt": "1460803863", "direction": "0", "dep_dt": "1460803927", "route_id": "Red", "dwell_time_sec": "64"}, {"arr_dt": "1460804398", "direction": "0", "dep_dt": "1460804495", "route_id": "Red", "dwell_time_sec": "97"}, {"arr_dt": "1460804737", "direction": "0", "dep_dt": "1460804813", "route_id": "Red", "dwell_time_sec": "76"}, {"arr_dt": "1460805088", "direction": "0", "dep_dt": "1460805174", "route_id": "Red", "dwell_time_sec": "86"}, {"arr_dt": "1460805535", "direction": "0", "dep_dt": "1460805597", "route_id": "Red", "dwell_time_sec": "62"}, {"arr_dt": "1460805894", "direction": "0", "dep_dt": "1460805954", "route_id": "Red", "dwell_time_sec": "60"}, {"arr_dt": "1460806533", "direction": "0", "dep_dt": "1460806642", "route_id": "Red", "dwell_time_sec": "109"}, {"arr_dt": "1460806794", "direction": "0", "dep_dt": "1460806922", "route_id": "Red", "dwell_time_sec": "128"}, {"arr_dt": "1460807287", "direction": "0", "dep_dt": "1460807366", "route_id": "Red", "dwell_time_sec": "79"}, {"arr_dt": "1460807574", "direction": "0", "dep_dt": "1460807660", "route_id": "Red", "dwell_time_sec": "86"}, {"arr_dt": "1460808067", "direction": "0", "dep_dt": "1460808117", "route_id": "Red", "dwell_time_sec": "50"}, {"arr_dt": "1460808447", "direction": "0", "dep_dt": "1460808507", "route_id": "Red", "dwell_time_sec": "60"}, {"arr_dt": "1460808927", "direction": "0", "dep_dt": "1460809008", "route_id": "Red", "dwell_time_sec": "81"}, {"arr_dt": "1460809362", "direction": "0", "dep_dt": "1460809433", "route_id": "Red", "dwell_time_sec": "71"}, {"arr_dt": "1460809759", "direction": "0", "dep_dt": "1460809843", "route_id": "Red", "dwell_time_sec": "84"}, {"arr_dt": "1460810245", "direction": "0", "dep_dt": "1460810334", "route_id": "Red", "dwell_time_sec": "89"}, {"arr_dt": "1460810675", "direction": "0", "dep_dt": "1460810743", "route_id": "Red", "dwell_time_sec": "68"}, {"arr_dt": "1460810958", "direction": "0", "dep_dt": "1460811015", "route_id": "Red", "dwell_time_sec": "57"}, {"arr_dt": "1460811508", "direction": "0", "dep_dt": "1460811589", "route_id": "Red", "dwell_time_sec": "81"}, {"arr_dt": "1460811780", "direction": "0", "dep_dt": "1460811845", "route_id": "Red", "dwell_time_sec": "65"}, {"arr_dt": "1460812264", "direction": "0", "dep_dt": "1460812327", "route_id": "Red", "dwell_time_sec": "63"}, {"arr_dt": "1460812711", "direction": "0", "dep_dt": "1460812812", "route_id": "Red", "dwell_time_sec": "101"}, {"arr_dt": "1460813083", "direction": "0", "dep_dt": "1460813167", "route_id": "Red", "dwell_time_sec": "84"}, {"arr_dt": "1460813522", "direction": "0", "dep_dt": "1460813595", "route_id": "Red", "dwell_time_sec": "73"}, {"arr_dt": "1460813885", "direction": "0", "dep_dt": "1460813956", "route_id": "Red", "dwell_time_sec": "71"}, {"arr_dt": "1460814541", "direction": "0", "dep_dt": "1460814622", "route_id": "Red", "dwell_time_sec": "81"}, {"arr_dt": "1460814766", "direction": "0", "dep_dt": "1460814822", "route_id": "Red", "dwell_time_sec": "56"}, {"arr_dt": "1460815331", "direction": "0", "dep_dt": "1460815420", "route_id": "Red", "dwell_time_sec": "89"}, {"arr_dt": "1460815676", "direction": "0", "dep_dt": "1460815763", "route_id": "Red", "dwell_time_sec": "87"}, {"arr_dt": "1460816087", "direction": "0", "dep_dt": "1460816155", "route_id": "Red", "dwell_time_sec": "68"}, {"arr_dt": "1460816412", "direction": "0", "dep_dt": "1460816482", "route_id": "Red", "dwell_time_sec": "70"}, {"arr_dt": "1460816926", "direction": "0", "dep_dt": "1460816993", "route_id": "Red", "dwell_time_sec": "67"}, {"arr_dt": "1460817379", "direction": "0", "dep_dt": "1460817466", "route_id": "Red", "dwell_time_sec": "87"}, {"arr_dt": "1460817744", "direction": "0", "dep_dt": "1460817817", "route_id": "Red", "dwell_time_sec": "73"}, {"arr_dt": "1460818380", "direction": "0", "dep_dt": "1460818468", "route_id": "Red", "dwell_time_sec": "88"}, {"arr_dt": "1460818616", "direction": "0", "dep_dt": "1460818703", "route_id": "Red", "dwell_time_sec": "87"}, {"arr_dt": "1460818994", "direction": "0", "dep_dt": "1460819095", "route_id": "Red", "dwell_time_sec": "101"}, {"arr_dt": "1460819318", "direction": "0", "dep_dt": "1460819381", "route_id": "Red", "dwell_time_sec": "63"}, {"arr_dt": "1460819937", "direction": "0", "dep_dt": "1460820023", "route_id": "Red", "dwell_time_sec": "86"}, {"arr_dt": "1460820378", "direction": "0", "dep_dt": "1460820461", "route_id": "Red", "dwell_time_sec": "83"}, {"arr_dt": "1460820704", "direction": "0", "dep_dt": "1460820777", "route_id": "Red", "dwell_time_sec": "73"}, {"arr_dt": "1460821135", "direction": "0", "dep_dt": "1460821207", "route_id": "Red", "dwell_time_sec": "72"}, {"arr_dt": "1460821527", "direction": "0", "dep_dt": "1460821593", "route_id": "Red", "dwell_time_sec": "66"}, {"arr_dt": "1460822048", "direction": "0", "dep_dt": "1460822126", "route_id": "Red", "dwell_time_sec": "78"}, {"arr_dt": "1460822601", "direction": "0", "dep_dt": "1460822672", "route_id": "Red", "dwell_time_sec": "71"}, {"arr_dt": "1460822784", "direction": "0", "dep_dt": "1460822867", "route_id": "Red", "dwell_time_sec": "83"}, {"arr_dt": "1460823225", "direction": "0", "dep_dt": "1460823315", "route_id": "Red", "dwell_time_sec": "90"}, {"arr_dt": "1460823670", "direction": "0", "dep_dt": "1460823758", "route_id": "Red", "dwell_time_sec": "88"}, {"arr_dt": "1460824130", "direction": "0", "dep_dt": "1460824203", "route_id": "Red", "dwell_time_sec": "73"}, {"arr_dt": "1460824572", "direction": "0", "dep_dt": "1460824653", "route_id": "Red", "dwell_time_sec": "81"}, {"arr_dt": "1460824934", "direction": "0", "dep_dt": "1460825037", "route_id": "Red", "dwell_time_sec": "103"}, {"arr_dt": "1460825263", "direction": "0", "dep_dt": "1460825331", "route_id": "Red", "dwell_time_sec": "68"}, {"arr_dt": "1460825708", "direction": "0", "dep_dt": "1460825831", "route_id": "Red", "dwell_time_sec": "123"}, {"arr_dt": "1460826163", "direction": "0", "dep_dt": "1460826255", "route_id": "Red", "dwell_time_sec": "92"}, {"arr_dt": "1460826587", "direction": "0", "dep_dt": "1460826674", "route_id": "Red", "dwell_time_sec": "87"}, {"arr_dt": "1460827030", "direction": "0", "dep_dt": "1460827115", "route_id": "Red", "dwell_time_sec": "85"}, {"arr_dt": "1460827559", "direction": "0", "dep_dt": "1460827640", "route_id": "Red", "dwell_time_sec": "81"}, {"arr_dt": "1460828332", "direction": "0", "dep_dt": "1460828444", "route_id": "Red", "dwell_time_sec": "112"}, {"arr_dt": "1460828537", "direction": "0", "dep_dt": "1460828615", "route_id": "Red", "dwell_time_sec": "78"}, {"arr_dt": "1460828830", "direction": "0", "dep_dt": "1460828927", "route_id": "Red", "dwell_time_sec": "97"}, {"arr_dt": "1460829231", "direction": "0", "dep_dt": "1460829298", "route_id": "Red", "dwell_time_sec": "67"}, {"arr_dt": "1460829718", "direction": "0", "dep_dt": "1460829808", "route_id": "Red", "dwell_time_sec": "90"}, {"arr_dt": "1460830212", "direction": "0", "dep_dt": "1460830315", "route_id": "Red", "dwell_time_sec": "103"}, {"arr_dt": "1460830750", "direction": "0", "dep_dt": "1460830900", "route_id": "Red", "dwell_time_sec": "150"}, {"arr_dt": "1460831003", "direction": "0", "dep_dt": "1460831094", "route_id": "Red", "dwell_time_sec": "91"}, {"arr_dt": "1460831221", "direction": "0", "dep_dt": "1460831302", "route_id": "Red", "dwell_time_sec": "81"}, {"arr_dt": "1460831809", "direction": "0", "dep_dt": "1460831901", "route_id": "Red", "dwell_time_sec": "92"}, {"arr_dt": "1460832094", "direction": "0", "dep_dt": "1460832166", "route_id": "Red", "dwell_time_sec": "72"}, {"arr_dt": "1460832407", "direction": "0", "dep_dt": "1460832473", "route_id": "Red", "dwell_time_sec": "66"}, {"arr_dt": "1460832957", "direction": "0", "dep_dt": "1460833056", "route_id": "Red", "dwell_time_sec": "99"}, {"arr_dt": "1460833385", "direction": "0", "dep_dt": "1460833488", "route_id": "Red", "dwell_time_sec": "103"}, {"arr_dt": "1460833830", "direction": "0", "dep_dt": "1460833928", "route_id": "Red", "dwell_time_sec": "98"}, {"arr_dt": "1460834095", "direction": "0", "dep_dt": "1460834178", "route_id": "Red", "dwell_time_sec": "83"}, {"arr_dt": "1460834594", "direction": "0", "dep_dt": "1460834711", "route_id": "Red", "dwell_time_sec": "117"}, {"arr_dt": "1460834953", "direction": "0", "dep_dt": "1460835048", "route_id": "Red", "dwell_time_sec": "95"}, {"arr_dt": "1460835478", "direction": "0", "dep_dt": "1460835571", "route_id": "Red", "dwell_time_sec": "93"}, {"arr_dt": "1460835790", "direction": "0", "dep_dt": "1460835884", "route_id": "Red", "dwell_time_sec": "94"}, {"arr_dt": "1460836455", "direction": "0", "dep_dt": "1460836564", "route_id": "Red", "dwell_time_sec": "109"}, {"arr_dt": "1460836700", "direction": "0", "dep_dt": "1460836777", "route_id": "Red", "dwell_time_sec": "77"}, {"arr_dt": "1460837087", "direction": "0", "dep_dt": "1460837192", "route_id": "Red", "dwell_time_sec": "105"}, {"arr_dt": "1460837542", "direction": "0", "dep_dt": "1460837628", "route_id": "Red", "dwell_time_sec": "86"}, {"arr_dt": "1460837904", "direction": "0", "dep_dt": "1460837976", "route_id": "Red", "dwell_time_sec": "72"}, {"arr_dt": "1460838655", "direction": "0", "dep_dt": "1460838919", "route_id": "Red", "dwell_time_sec": "264"}, {"arr_dt": "1460839006", "direction": "0", "dep_dt": "1460839107", "route_id": "Red", "dwell_time_sec": "101"}, {"arr_dt": "1460839209", "direction": "0", "dep_dt": "1460839300", "route_id": "Red", "dwell_time_sec": "91"}, {"arr_dt": "1460839614", "direction": "0", "dep_dt": "1460839698", "route_id": "Red", "dwell_time_sec": "84"}, {"arr_dt": "1460840049", "direction": "0", "dep_dt": "1460840124", "route_id": "Red", "dwell_time_sec": "75"}, {"arr_dt": "1460840505", "direction": "0", "dep_dt": "1460840572", "route_id": "Red", "dwell_time_sec": "67"}, {"arr_dt": "1460840932", "direction": "0", "dep_dt": "1460841029", "route_id": "Red", "dwell_time_sec": "97"}, {"arr_dt": "1460841284", "direction": "0", "dep_dt": "1460841366", "route_id": "Red", "dwell_time_sec": "82"}, {"arr_dt": "1460841650", "direction": "0", "dep_dt": "1460841728", "route_id": "Red", "dwell_time_sec": "78"}, {"arr_dt": "1460842211", "direction": "0", "dep_dt": "1460842306", "route_id": "Red", "dwell_time_sec": "95"}, {"arr_dt": "1460842580", "direction": "0", "dep_dt": "1460842653", "route_id": "Red", "dwell_time_sec": "73"}, {"arr_dt": "1460842939", "direction": "0", "dep_dt": "1460843026", "route_id": "Red", "dwell_time_sec": "87"}, {"arr_dt": "1460843334", "direction": "0", "dep_dt": "1460843412", "route_id": "Red", "dwell_time_sec": "78"}, {"arr_dt": "1460843767", "direction": "0", "dep_dt": "1460843842", "route_id": "Red", "dwell_time_sec": "75"}, {"arr_dt": "1460844380", "direction": "0", "dep_dt": "1460844488", "route_id": "Red", "dwell_time_sec": "108"}, {"arr_dt": "1460844734", "direction": "0", "dep_dt": "1460844857", "route_id": "Red", "dwell_time_sec": "123"}, {"arr_dt": "1460845273", "direction": "0", "dep_dt": "1460845371", "route_id": "Red", "dwell_time_sec": "98"}, {"arr_dt": "1460845675", "direction": "0", "dep_dt": "1460845764", "route_id": "Red", "dwell_time_sec": "89"}, {"arr_dt": "1460845883", "direction": "0", "dep_dt": "1460845941", "route_id": "Red", "dwell_time_sec": "58"}, {"arr_dt": "1460846391", "direction": "0", "dep_dt": "1460846476", "route_id": "Red", "dwell_time_sec": "85"}, {"arr_dt": "1460846703", "direction": "0", "dep_dt": "1460846781", "route_id": "Red", "dwell_time_sec": "78"}, {"arr_dt": "1460847327", "direction": "0", "dep_dt": "1460847456", "route_id": "Red", "dwell_time_sec": "129"}, {"arr_dt": "1460847748", "direction": "0", "dep_dt": "1460847825", "route_id": "Red", "dwell_time_sec": "77"}, {"arr_dt": "1460848430", "direction": "0", "dep_dt": "1460848531", "route_id": "Red", "dwell_time_sec": "101"}, {"arr_dt": "1460848667", "direction": "0", "dep_dt": "1460848775", "route_id": "Red", "dwell_time_sec": "108"}, {"arr_dt": "1460848871", "direction": "0", "dep_dt": "1460848953", "route_id": "Red", "dwell_time_sec": "82"}, {"arr_dt": "1460849378", "direction": "0", "dep_dt": "1460849488", "route_id": "Red", "dwell_time_sec": "110"}, {"arr_dt": "1460849647", "direction": "0", "dep_dt": "1460849713", "route_id": "Red", "dwell_time_sec": "66"}, {"arr_dt": "1460850038", "direction": "0", "dep_dt": "1460850144", "route_id": "Red", "dwell_time_sec": "106"}, {"arr_dt": "1460850579", "direction": "0", "dep_dt": "1460850691", "route_id": "Red", "dwell_time_sec": "112"}, {"arr_dt": "1460851052", "direction": "0", "dep_dt": "1460851167", "route_id": "Red", "dwell_time_sec": "115"}, {"arr_dt": "1460851317", "direction": "0", "dep_dt": "1460851386", "route_id": "Red", "dwell_time_sec": "69"}, {"arr_dt": "1460851868", "direction": "0", "dep_dt": "1460851995", "route_id": "Red", "dwell_time_sec": "127"}, {"arr_dt": "1460852627", "direction": "0", "dep_dt": "1460852742", "route_id": "Red", "dwell_time_sec": "115"}, {"arr_dt": "1460852863", "direction": "0", "dep_dt": "1460852955", "route_id": "Red", "dwell_time_sec": "92"}, {"arr_dt": "1460853083", "direction": "0", "dep_dt": "1460853176", "route_id": "Red", "dwell_time_sec": "93"}, {"arr_dt": "1460853421", "direction": "0", "dep_dt": "1460853490", "route_id": "Red", "dwell_time_sec": "69"}, {"arr_dt": "1460854084", "direction": "0", "dep_dt": "1460854167", "route_id": "Red", "dwell_time_sec": "83"}, {"arr_dt": "1460854472", "direction": "0", "dep_dt": "1460854557", "route_id": "Red", "dwell_time_sec": "85"}, {"arr_dt": "1460854711", "direction": "0", "dep_dt": "1460854794", "route_id": "Red", "dwell_time_sec": "83"}, {"arr_dt": "1460855338", "direction": "0", "dep_dt": "1460855424", "route_id": "Red", "dwell_time_sec": "86"}, {"arr_dt": "1460855720", "direction": "0", "dep_dt": "1460855794", "route_id": "Red", "dwell_time_sec": "74"}, {"arr_dt": "1460856065", "direction": "0", "dep_dt": "1460856156", "route_id": "Red", "dwell_time_sec": "91"}, {"arr_dt": "1460856399", "direction": "0", "dep_dt": "1460856467", "route_id": "Red", "dwell_time_sec": "68"}, {"arr_dt": "1460856740", "direction": "0", "dep_dt": "1460856799", "route_id": "Red", "dwell_time_sec": "59"}, {"arr_dt": "1460857234", "direction": "0", "dep_dt": "1460857305", "route_id": "Red", "dwell_time_sec": "71"}, {"arr_dt": "1460857626", "direction": "0", "dep_dt": "1460857703", "route_id": "Red", "dwell_time_sec": "77"}, {"arr_dt": "1460858179", "direction": "0", "dep_dt": "1460858258", "route_id": "Red", "dwell_time_sec": "79"}, {"arr_dt": "1460858525", "direction": "0", "dep_dt": "1460858591", "route_id": "Red", "dwell_time_sec": "66"}, {"arr_dt": "1460858959", "direction": "0", "dep_dt": "1460859064", "route_id": "Red", "dwell_time_sec": "105"}, {"arr_dt": "1460859372", "direction": "0", "dep_dt": "1460859451", "route_id": "Red", "dwell_time_sec": "79"}, {"arr_dt": "1460859786", "direction": "0", "dep_dt": "1460859866", "route_id": "Red", "dwell_time_sec": "80"}, {"arr_dt": "1460860280", "direction": "0", "dep_dt": "1460860354", "route_id": "Red", "dwell_time_sec": "74"}, {"arr_dt": "1460860647", "direction": "0", "dep_dt": "1460860721", "route_id": "Red", "dwell_time_sec": "74"}, {"arr_dt": "1460861163", "direction": "0", "dep_dt": "1460861249", "route_id": "Red", "dwell_time_sec": "86"}, {"arr_dt": "1460861429", "direction": "0", "dep_dt": "1460861737", "route_id": "Red", "dwell_time_sec": "308"}, {"arr_dt": "1460861957", "direction": "0", "dep_dt": "1460862077", "route_id": "Red", "dwell_time_sec": "120"}, {"arr_dt": "1460862332", "direction": "0", "dep_dt": "1460862408", "route_id": "Red", "dwell_time_sec": "76"}, {"arr_dt": "1460862740", "direction": "0", "dep_dt": "1460862802", "route_id": "Red", "dwell_time_sec": "62"}, {"arr_dt": "1460863095", "direction": "0", "dep_dt": "1460863158", "route_id": "Red", "dwell_time_sec": "63"}, {"arr_dt": "1460863583", "direction": "0", "dep_dt": "1460863644", "route_id": "Red", "dwell_time_sec": "61"}, {"arr_dt": "1460863882", "direction": "0", "dep_dt": "1460863941", "route_id": "Red", "dwell_time_sec": "59"}, {"arr_dt": "1460864593", "direction": "0", "dep_dt": "1460864668", "route_id": "Red", "dwell_time_sec": "75"}, {"arr_dt": "1460864764", "direction": "0", "dep_dt": "1460864847", "route_id": "Red", "dwell_time_sec": "83"}, {"arr_dt": "1460865276", "direction": "0", "dep_dt": "1460865378", "route_id": "Red", "dwell_time_sec": "102"}]}