{"dwell_times": [{"arr_dt": "1471320055", "direction": "0", "dep_dt": "1471320236", "route_id": "Red", "dwell_time_sec": "181"}, {"arr_dt": "1471320368", "direction": "0", "dep_dt": "1471320437", "route_id": "Red", "dwell_time_sec": "69"}, {"arr_dt": "1471320833", "direction": "0", "dep_dt": "1471320896", "route_id": "Red", "dwell_time_sec": "63"}, {"arr_dt": "1471321199", "direction": "0", "dep_dt": "1471321269", "route_id": "Red", "dwell_time_sec": "70"}, {"arr_dt": "1471321471", "direction": "0", "dep_dt": "1471321539", "route_id": "Red", "dwell_time_sec": "68"}, {"arr_dt": "1471321915", "direction": "0", "dep_dt": "1471321973", "route_id": "Red", "dwell_time_sec": "58"}, {"arr_dt": "1471322168", "direction": "0", "dep_dt": "1471322226", "route_id": "Red", "dwell_time_sec": "58"}, {"arr_dt": "1471323397", "direction": "0", "dep_dt": "1471324420", "route_id": "Red", "dwell_time_sec": "1023"}, {"arr_dt": "1471340040", "direction": "0", "dep_dt": "1471340119", "route_id": "Red", "dwell_time_sec": "79"}, {"arr_dt": "1471340696", "direction": "0", "dep_dt": "1471340800", "route_id": "Red", "dwell_time_sec": "104"}, {"arr_dt": "1471340966", "direction": "0", "dep_dt": "1471341027", "route_id": "Red", "dwell_time_sec": "61"}, {"arr_dt": "1471341419", "direction": "0", "dep_dt": "1471341467", "route_id": "Red", "dwell_time_sec": "48"}, {"arr_dt": "1471341854", "direction": "0", "dep_dt": "1471341927", "route_id": "Red", "dwell_time_sec": "73"}, {"arr_dt": "1471342289", "direction": "0", "dep_dt": "1471342350", "route_id": "Red", "dwell_time_sec": "61"}, {"arr_dt": "1471342800", "direction": "0", "dep_dt": "1471342861", "route_id": "Red", "dwell_time_sec": "61"}, {"arr_dt": "1471343436", "direction": "0", "dep_dt": "1471343520", "route_id": "Red", "dwell_time_sec": "84"}, {"arr_dt": "1471343659", "direction": "0", "dep_dt": "1471343716", "route_id": "Red", "dwell_time_sec": "57"}, {"arr_dt": "1471344177", "direction": "0", "dep_dt": "1471344236", "route_id": "Red", "dwell_time_sec": "59"}, {"arr_dt": "1471344642", "direction": "0", "dep_dt": "1471344699", "route_id": "Red", "dwell_time_sec": "57"}, {"arr_dt": "1471344916", "direction": "0", "dep_dt": "1471344980", "route_id": "Red", "dwell_time_sec": "64"}, {"arr_dt": "1471345190", "direction": "0", "dep_dt": "1471345255", "route_id": "Red", "dwell_time_sec": "65"}, {"arr_dt": "1471345689", "direction": "0", "dep_dt": "1471345761", "route_id": "Red", "dwell_time_sec": "72"}, {"arr_dt": "1471345888", "direction": "0", "dep_dt": "1471345961", "route_id": "Red", "dwell_time_sec": "73"}, {"arr_dt": "1471346064", "direction": "0", "dep_dt": "1471346144", "route_id": "Red", "dwell_time_sec": "80"}, {"arr_dt": "1471346354", "direction": "0", "dep_dt": "1471346458", "route_id": "Red", "dwell_time_sec": "104"}, {"arr_dt": "1471346572", "direction": "0", "dep_dt": "1471346646", "route_id": "Red", "dwell_time_sec": "74"}, {"arr_dt": "1471346755", "direction": "0", "dep_dt": "1471346828", "route_id": "Red", "dwell_time_sec": "73"}, {"arr_dt": "1471347349", "direction": "0", "dep_dt": "1471347465", "route_id": "Red", "dwell_time_sec": "116"}, {"arr_dt": "1471347571", "direction": "0", "dep_dt": "1471347656", "route_id": "Red", "dwell_time_sec": "85"}, {"arr_dt": "1471347788", "direction": "0", "dep_dt": "1471347873", "route_id": "Red", "dwell_time_sec": "85"}, {"arr_dt": "1471347979", "direction": "0", "dep_dt": "1471348063", "route_id": "Red", "dwell_time_sec": "84"}, {"arr_dt": "1471348152", "direction": "0", "dep_dt": "1471348238", "route_id": "Red", "dwell_time_sec": "86"}, {"arr_dt": "1471348359", "direction": "0", "dep_dt": "1471348436", "route_id": "Red", "dwell_time_sec": "77"}, {"arr_dt": "1471348651", "direction": "0", "dep_dt": "1471348739", "route_id": "Red", "dwell_time_sec": "88"}, {"arr_dt": "1471348841", "direction": "0", "dep_dt": "1471348919", "route_id": "Red", "dwell_time_sec": "78"}, {"arr_dt": "1471349017", "direction": "0", "dep_dt": "1471349101", "route_id": "Red", "dwell_time_sec": "84"}, {"arr_dt": "1471349240", "direction": "0", "dep_dt": "1471349335", "route_id": "Red", "dwell_time_sec": "95"}, {"arr_dt": "1471349441", "direction": "0", "dep_dt": "1471349528", "route_id": "Red", "dwell_time_sec": "87"}, {"arr_dt": "1471349727", "direction": "0", "dep_dt": "1471349831", "route_id": "Red", "dwell_time_sec": "104"}, {"arr_dt": "1471349931", "direction": "0", "dep_dt": "1471350011", "route_id": "Red", "dwell_time_sec": "80"}, {"arr_dt": "1471350329", "direction": "0", "dep_dt": "1471350433", "route_id": "Red", "dwell_time_sec": "104"}, {"arr_dt": "1471350530", "direction": "0", "dep_dt": "1471350634", "route_id": "Red", "dwell_time_sec": "104"}, {"arr_dt": "1471350787", "direction": "0", "dep_dt": "1471350877", "route_id": "Red", "dwell_time_sec": "90"}, {"arr_dt": "1471351012", "direction": "0", "dep_dt": "1471351098", "route_id": "Red", "dwell_time_sec": "86"}, {"arr_dt": "1471351211", "direction": "0", "dep_dt": "1471351309", "route_id": "Red", "dwell_time_sec": "98"}, {"arr_dt": "1471351515", "direction": "0", "dep_dt": "1471351604", "route_id": "Red", "dwell_time_sec": "89"}, {"arr_dt": "1471351936", "direction": "0", "dep_dt": "1471352051", "route_id": "Red", "dwell_time_sec": "115"}, {"arr_dt": "1471352142", "direction": "0", "dep_dt": "1471352241", "route_id": "Red", "dwell_time_sec": "99"}, {"arr_dt": "1471352582", "direction": "0", "dep_dt": "1471352676", "route_id": "Red", "dwell_time_sec": "94"}, {"arr_dt": "1471353137", "direction": "0", "dep_dt": "1471353232", "route_id": "Red", "dwell_time_sec": "95"}, {"arr_dt": "1471353398", "direction": "0", "dep_dt": "1471353477", "route_id": "Red", "dwell_time_sec": "79"}, {"arr_dt": "1471353981", "direction": "0", "dep_dt": "1471354100", "route_id": "Red", "dwell_time_sec": "119"}, {"arr_dt": "1471354195", "direction": "0", "dep_dt": "1471354293", "route_id": "Red", "dwell_time_sec": "98"}, {"arr_dt": "1471354431", "direction": "0", "dep_dt": "1471354521", "route_id": "Red", "dwell_time_sec": "90"}, {"arr_dt": "1471354608", "direction": "0", "dep_dt": "1471354687", "route_id": "Red", "dwell_time_sec": "79"}, {"arr_dt": "1471354828", "direction": "0", "dep_dt": "1471354920", "route_id": "Red", "dwell_time_sec": "92"}, {"arr_dt": "1471355026", "direction": "0", "dep_dt": "1471355103", "route_id": "Red", "dwell_time_sec": "77"}, {"arr_dt": "1471355212", "direction": "0", "dep_dt": "1471355308", "route_id": "Red", "dwell_time_sec": "96"}, {"arr_dt": "1471355405", "direction": "0", "dep_dt": "1471355485", "route_id": "Red", "dwell_time_sec": "80"}, {"arr_dt": "1471355589", "direction": "0", "dep_dt": "1471355653", "route_id": "Red", "dwell_time_sec": "64"}, {"arr_dt": "1471355758", "direction": "0", "dep_dt": "1471355816", "route_id": "Red", "dwell_time_sec": "58"}, {"arr_dt": "1471355912", "direction": "0", "dep_dt": "1471355994", "route_id": "Red", "dwell_time_sec": "82"}, {"arr_dt": "1471356183", "direction": "0", "dep_dt": "1471356287", "route_id": "Red", "dwell_time_sec": "104"}, {"arr_dt": "1471356408", "direction": "0", "dep_dt": "1471356469", "route_id": "Red", "dwell_time_sec": "61"}, {"arr_dt": "1471356635", "direction": "0", "dep_dt": "1471356713", "route_id": "Red", "dwell_time_sec": "78"}, {"arr_dt": "1471356870", "direction": "0", "dep_dt": "1471356946", "route_id": "Red", "dwell_time_sec": "76"}, {"arr_dt": "1471357054", "direction": "0", "dep_dt": "1471357132", "route_id": "Red", "dwell_time_sec": "78"}, {"arr_dt": "1471357239", "direction": "0", "dep_dt": "1471357348", "route_id": "Red", "dwell_time_sec": "109"}, {"arr_dt": "1471357474", "direction": "0", "dep_dt": "1471357551", "route_id": "Red", "dwell_time_sec": "77"}, {"arr_dt": "1471357754", "direction": "0", "dep_dt": "1471357842", "route_id": "Red", "dwell_time_sec": "88"}, {"arr_dt": "1471357939", "direction": "0", "dep_dt": "1471358029", "route_id": "Red", "dwell_time_sec": "90"}, {"arr_dt": "1471358135", "direction": "0", "dep_dt": "1471358214", "route_id": "Red", "dwell_time_sec": "79"}, {"arr_dt": "1471358566", "direction": "0", "dep_dt": "1471358647", "route_id": "Red", "dwell_time_sec": "81"}, {"arr_dt": "1471358983", "direction": "0", "dep_dt": "1471359048", "route_id": "Red", "dwell_time_sec": "65"}, {"arr_dt": "1471359592", "direction": "0", "dep_dt": "1471359670", "route_id": "Red", "dwell_time_sec": "78"}, {"arr_dt": "1471360167", "direction": "0", "dep_dt": "1471360248", "route_id": "Red", "dwell_time_sec": "81"}, {"arr_dt": "1471360378", "direction": "0", "dep_dt": "1471360438", "route_id": "Red", "dwell_time_sec": "60"}, {"arr_dt": "1471360553", "direction": "0", "dep_dt": "1471360616", "route_id": "Red", "dwell_time_sec": "63"}, {"arr_dt": "1471360997", "direction": "0", "dep_dt": "1471361068", "route_id": "Red", "dwell_time_sec": "71"}, {"arr_dt": "1471361196", "direction": "0", "dep_dt": "1471361270", "route_id": "Red", "dwell_time_sec": "74"}, {"arr_dt": "1471361527", "direction": "0", "dep_dt": "1471361592", "route_id": "Red", "dwell_time_sec": "65"}, {"arr_dt": "1471361809", "direction": "0", "dep_dt": "1471361907", "route_id": "Red", "dwell_time_sec": "98"}, {"arr_dt": "1471361998", "direction": "0", "dep_dt": "1471362056", "route_id": "Red", "dwell_time_sec": "58"}, {"arr_dt": "1471362346", "direction": "0", "dep_dt": "1471362419", "route_id": "Red", "dwell_time_sec": "73"}, {"arr_dt": "1471362674", "direction": "0", "dep_dt": "1471362757", "route_id": "Red", "dwell_time_sec": "83"}, {"arr_dt": "1471363020", "direction": "0", "dep_dt": "1471363088", "route_id": "Red", "dwell_time_sec": "68"}, {"arr_dt": "1471363433", "direction": "0", "dep_dt": "1471363493", "route_id": "Red", "dwell_time_sec": "60"}, {"arr_dt": "1471363729", "direction": "0", "dep_dt": "1471363812", "route_id": "Red", "dwell_time_sec": "83"}, {"arr_dt": "1471364179", "direction": "0", "dep_dt": "1471364258", "route_id": "Red", "dwell_time_sec": "79"}, {"arr_dt": "1471364464", "direction": "0", "dep_dt": "1471364525", "route_id": "Red", "dwell_time_sec": "61"}, {"arr_dt": "1471365274", "direction": "0", "dep_dt": "1471365381", "route_id": "Red", "dwell_time_sec": "107"}, {"arr_dt": "1471365928", "direction": "0", "dep_dt": "1471366013", "route_id": "Red", "dwell_time_sec": "85"}, {"arr_dt": "1471366378", "direction": "0", "dep_dt": "1471366454", "route_id": "Red", "dwell_time_sec": "76"}, {"arr_dt": "1471366977", "direction": "0", "dep_dt": "1471367069", "route_id": "Red", "dwell_time_sec": "92"}, {"arr_dt": "1471367186", "direction": "0", "dep_dt": "1471367266", "route_id": "Red", "dwell_time_sec": "80"}, {"arr_dt": "1471367471", "direction": "0", "dep_dt": "1471367534", "route_id": "Red", "dwell_time_sec": "63"}, {"arr_dt": "1471367775", "direction": "0", "dep_dt": "1471367879", "route_id": "Red", "dwell_time_sec": "104"}, {"arr_dt": "1471368333", "direction": "0", "dep_dt": "1471368446", "route_id": "Red", "dwell_time_sec": "113"}, {"arr_dt": "1471368575", "direction": "0", "dep_dt": "1471368653", "route_id": "Red", "dwell_time_sec": "78"}, {"arr_dt": "1471368754", "direction": "0", "dep_dt": "1471368817", "route_id": "Red", "dwell_time_sec": "63"}, {"arr_dt": "1471369279", "direction": "0", "dep_dt": "1471369351", "route_id": "Red", "dwell_time_sec": "72"}, {"arr_dt": "1471369568", "direction": "0", "dep_dt": "1471369654", "route_id": "Red", "dwell_time_sec": "86"}, {"arr_dt": "1471370040", "direction": "0", "dep_dt": "1471370115", "route_id": "Red", "dwell_time_sec": "75"}, {"arr_dt": "1471370447", "direction": "0", "dep_dt": "1471370512", "route_id": "Red", "dwell_time_sec": "65"}, {"arr_dt": "1471370987", "direction": "0", "dep_dt": "1471371059", "route_id": "Red", "dwell_time_sec": "72"}, {"arr_dt": "1471371534", "direction": "0", "dep_dt": "1471371652", "route_id": "Red", "dwell_time_sec": "118"}, {"arr_dt": "1471372404", "direction": "0", "dep_dt": "1471372501", "route_id": "Red", "dwell_time_sec": "97"}, {"arr_dt": "1471372953", "direction": "0", "dep_dt": "1471373064", "route_id": "Red", "dwell_time_sec": "111"}, {"arr_dt": "1471373201", "direction": "0", "dep_dt": "1471373265", "route_id": "Red", "dwell_time_sec": "64"}, {"arr_dt": "1471373380", "direction": "0", "dep_dt": "1471373446", "route_id": "Red", "dwell_time_sec": "66"}, {"arr_dt": "1471373716", "direction": "0", "dep_dt": "1471373815", "route_id": "Red", "dwell_time_sec": "99"}, {"arr_dt": "1471373977", "direction": "0", "dep_dt": "1471374046", "route_id": "Red", "dwell_time_sec": "69"}, {"arr_dt": "1471374228", "direction": "0", "dep_dt": "1471374293", "route_id": "Red", "dwell_time_sec": "65"}, {"arr_dt": "1471374524", "direction": "0", "dep_dt": "1471374612", "route_id": "Red", "dwell_time_sec": "88"}, {"arr_dt": "1471374805", "direction": "0", "dep_dt": "1471374915", "route_id": "Red", "dwell_time_sec": "110"}, {"arr_dt": "1471375449", "direction": "0", "dep_dt": "1471375559", "route_id": "Red", "dwell_time_sec": "110"}, {"arr_dt": "1471375702", "direction": "0", "dep_dt": "1471375769", "route_id": "Red", "dwell_time_sec": "67"}, {"arr_dt": "1471376004", "direction": "0", "dep_dt": "1471376087", "route_id": "Red", "dwell_time_sec": "83"}, {"arr_dt": "1471376191", "direction": "0", "dep_dt": "1471376282", "route_id": "Red", "dwell_time_sec": "91"}, {"arr_dt": "1471376543", "direction": "0", "dep_dt": "1471376627", "route_id": "Red", "dwell_time_sec": "84"}, {"arr_dt": "1471376814", "direction": "0", "dep_dt": "1471376883", "route_id": "Red", "dwell_time_sec": "69"}, {"arr_dt": "1471377399", "direction": "0", "dep_dt": "1471377491", "route_id": "Red", "dwell_time_sec": "92"}, {"arr_dt": "1471377625", "direction": "0", "dep_dt": "1471377704", "route_id": "Red", "dwell_time_sec": "79"}, {"arr_dt": "1471378091", "direction": "0", "dep_dt": "1471378202", "route_id": "Red", "dwell_time_sec": "111"}, {"arr_dt": "1471378354", "direction": "0", "dep_dt": "1471378439", "route_id": "Red", "dwell_time_sec": "85"}, {"arr_dt": "1471378582", "direction": "0", "dep_dt": "1471378676", "route_id": "Red", "dwell_time_sec": "94"}, {"arr_dt": "1471378896", "direction": "0", "dep_dt": "1471379006", "route_id": "Red", "dwell_time_sec": "110"}, {"arr_dt": "1471379102", "direction": "0", "dep_dt": "1471379187", "route_id": "Red", "dwell_time_sec": "85"}, {"arr_dt": "1471379449", "direction": "0", "dep_dt": "1471379540", "route_id": "Red", "dwell_time_sec": "91"}, {"arr_dt": "1471379637", "direction": "0", "dep_dt": "1471379726", "route_id": "Red", "dwell_time_sec": "89"}, {"arr_dt": "1471379942", "direction": "0", "dep_dt": "1471380041", "route_id": "Red", "dwell_time_sec": "99"}, {"arr_dt": "1471380137", "direction": "0", "dep_dt": "1471380360", "route_id": "Red", "dwell_time_sec": "223"}, {"arr_dt": "1471380763", "direction": "0", "dep_dt": "1471380902", "route_id": "Red", "dwell_time_sec": "139"}, {"arr_dt": "1471380987", "direction": "0", "dep_dt": "1471381081", "route_id": "Red", "dwell_time_sec": "94"}, {"arr_dt": "1471381282", "direction": "0", "dep_dt": "1471381376", "route_id": "Red", "dwell_time_sec": "94"}, {"arr_dt": "1471381481", "direction": "0", "dep_dt": "1471381577", "route_id": "Red", "dwell_time_sec": "96"}, {"arr_dt": "1471381690", "direction": "0", "dep_dt": "1471381792", "route_id": "Red", "dwell_time_sec": "102"}, {"arr_dt": "1471382062", "direction": "0", "dep_dt": "1471382188", "route_id": "Red", "dwell_time_sec": "126"}, {"arr_dt": "1471382292", "direction": "0", "dep_dt": "1471382386", "route_id": "Red", "dwell_time_sec": "94"}, {"arr_dt": "1471382513", "direction": "0", "dep_dt": "1471382621", "route_id": "Red", "dwell_time_sec": "108"}, {"arr_dt": "1471382717", "direction": "0", "dep_dt": "1471382809", "route_id": "Red", "dwell_time_sec": "92"}, {"arr_dt": "1471382970", "direction": "0", "dep_dt": "1471383095", "route_id": "Red", "dwell_time_sec": "125"}, {"arr_dt": "1471383178", "direction": "0", "dep_dt": "1471383348", "route_id": "Red", "dwell_time_sec": "170"}, {"arr_dt": "1471383674", "direction": "0", "dep_dt": "1471383754", "route_id": "Red", "dwell_time_sec": "80"}, {"arr_dt": "1471383865", "direction": "0", "dep_dt": "1471383976", "route_id": "Red", "dwell_time_sec": "111"}, {"arr_dt": "1471384070", "direction": "0", "dep_dt": "1471384167", "route_id": "Red", "dwell_time_sec": "97"}, {"arr_dt": "1471384259", "direction": "0", "dep_dt": "1471384367", "route_id": "Red", "dwell_time_sec": "108"}, {"arr_dt": "1471384459", "direction": "0", "dep_dt": "1471384552", "route_id": "Red", "dwell_time_sec": "93"}, {"arr_dt": "1471384675", "direction": "0", "dep_dt": "1471384769", "route_id": "Red", "dwell_time_sec": "94"}, {"arr_dt": "1471384862", "direction": "0", "dep_dt": "1471384951", "route_id": "Red", "dwell_time_sec": "89"}, {"arr_dt": "1471385047", "direction": "0", "dep_dt": "1471385144", "route_id": "Red", "dwell_time_sec": "97"}, {"arr_dt": "1471385270", "direction": "0", "dep_dt": "1471385348", "route_id": "Red", "dwell_time_sec": "78"}, {"arr_dt": "1471385616", "direction": "0", "dep_dt": "1471385719", "route_id": "Red", "dwell_time_sec": "103"}, {"arr_dt": "1471386027", "direction": "0", "dep_dt": "1471386155", "route_id": "Red", "dwell_time_sec": "128"}, {"arr_dt": "1471386274", "direction": "0", "dep_dt": "1471386371", "route_id": "Red", "dwell_time_sec": "97"}, {"arr_dt": "1471386456", "direction": "0", "dep_dt": "1471386570", "route_id": "Red", "dwell_time_sec": "114"}, {"arr_dt": "1471386698", "direction": "0", "dep_dt": "1471386792", "route_id": "Red", "dwell_time_sec": "94"}, {"arr_dt": "1471386919", "direction": "0", "dep_dt": "1471387023", "route_id": "Red", "dwell_time_sec": "104"}, {"arr_dt": "1471387121", "direction": "0", "dep_dt": "1471387292", "route_id": "Red", "dwell_time_sec": "171"}, {"arr_dt": "1471387303", "direction": "0", "dep_dt": "1471387368", "route_id": "Red", "dwell_time_sec": "65"}, {"arr_dt": "1471387727", "direction": "0", "dep_dt": "1471387801", "route_id": "Red", "dwell_time_sec": "74"}, {"arr_dt": "1471388248", "direction": "0", "dep_dt": "1471388340", "route_id": "Red", "dwell_time_sec": "92"}, {"arr_dt": "1471388464", "direction": "0", "dep_dt": "1471388537", "route_id": "Red", "dwell_time_sec": "73"}, {"arr_dt": "1471388642", "direction": "0", "dep_dt": "1471388704", "route_id": "Red", "dwell_time_sec": "62"}, {"arr_dt": "1471388919", "direction": "0", "dep_dt": "1471388995", "route_id": "Red", "dwell_time_sec": "76"}, {"arr_dt": "1471389116", "direction": "0", "dep_dt": "1471389215", "route_id": "Red", "dwell_time_sec": "99"}, {"arr_dt": "1471389316", "direction": "0", "dep_dt": "1471389373", "route_id": "Red", "dwell_time_sec": "57"}, {"arr_dt": "1471389507", "direction": "0", "dep_dt": "1471389592", "route_id": "Red", "dwell_time_sec": "85"}, {"arr_dt": "1471389768", "direction": "0", "dep_dt": "1471389865", "route_id": "Red", "dwell_time_sec": "97"}, {"arr_dt": "1471389960", "direction": "0", "dep_dt": "1471390044", "route_id": "Red", "dwell_time_sec": "84"}, {"arr_dt": "1471390182", "direction": "0", "dep_dt": "1471390246", "route_id": "Red", "dwell_time_sec": "64"}, {"arr_dt": "1471390377", "direction": "0", "dep_dt": "1471390447", "route_id": "Red", "dwell_time_sec": "70"}, {"arr_dt": "1471390715", "direction": "0", "dep_dt": "1471390781", "route_id": "Red", "dwell_time_sec": "66"}, {"arr_dt": "1471390980", "direction": "0", "dep_dt": "1471391045", "route_id": "Red", "dwell_time_sec": "65"}, {"arr_dt": "1471391264", "direction": "0", "dep_dt": "1471391340", "route_id": "Red", "dwell_time_sec": "76"}, {"arr_dt": "1471391444", "direction": "0", "dep_dt": "1471391523", "route_id": "Red", "dwell_time_sec": "79"}, {"arr_dt": "1471391618", "direction": "0", "dep_dt": "1471391691", "route_id": "Red", "dwell_time_sec": "73"}, {"arr_dt": "1471391811", "direction": "0", "dep_dt": "1471391881", "route_id": "Red", "dwell_time_sec": "70"}, {"arr_dt": "1471392276", "direction": "0", "dep_dt": "1471392357", "route_id": "Red", "dwell_time_sec": "81"}, {"arr_dt": "1471392718", "direction": "0", "dep_dt": "1471392812", "route_id": "Red", "dwell_time_sec": "94"}, {"arr_dt": "1471393042", "direction": "0", "dep_dt": "1471393119", "route_id": "Red", "dwell_time_sec": "77"}, {"arr_dt": "1471393500", "direction": "0", "dep_dt": "1471393690", "route_id": "Red", "dwell_time_sec": "190"}, {"arr_dt": "1471393691", "direction": "0", "dep_dt": "1471393776", "route_id": "Red", "dwell_time_sec": "85"}, {"arr_dt": "1471394004", "direction": "0", "dep_dt": "1471394075", "route_id": "Red", "dwell_time_sec": "71"}, {"arr_dt": "1471394325", "direction": "0", "dep_dt": "1471394395", "route_id": "Red", "dwell_time_sec": "70"}, {"arr_dt": "1471394629", "direction": "0", "dep_dt": "1471394707", "route_id": "Red", "dwell_time_sec": "78"}, {"arr_dt": "1471394950", "direction": "0", "dep_dt": "1471395014", "route_id": "Red", "dwell_time_sec": "64"}, {"arr_dt": "1471395243", "direction": "0", "dep_dt": "1471395312", "route_id": "Red", "dwell_time_sec": "69"}, {"arr_dt": "1471395561", "direction": "0", "dep_dt": "1471395624", "route_id": "Red", "dwell_time_sec": "63"}, {"arr_dt": "1471396024", "direction": "0", "dep_dt": "1471396094", "route_id": "Red", "dwell_time_sec": "70"}, {"arr_dt": "1471396347", "direction": "0", "dep_dt": "1471396428", "route_id": "Red", "dwell_time_sec": "81"}, {"arr_dt": "1471396613", "direction": "0", "dep_dt": "1471396684", "route_id": "Red", "dwell_time_sec": "71"}, {"arr_dt": "1471397053", "direction": "0", "dep_dt": "1471397134", "route_id": "Red", "dwell_time_sec": "81"}, {"arr_dt": "1471397554", "direction": "0", "dep_dt": "1471397630", "route_id": "Red", "dwell_time_sec": "76"}, {"arr_dt": "1471397851", "direction": "0", "dep_dt": "1471397919", "route_id": "Red", "dwell_time_sec": "68"}, {"arr_dt": "1471398282", "direction": "0", "dep_dt": "1471398406", "route_id": "Red", "dwell_time_sec": "124"}, {"arr_dt": "1471398677", "direction": "0", "dep_dt": "1471398762", "route_id": "Red", "dwell_time_sec": "85"}, {"arr_dt": "1471398857", "direction": "0", "dep_dt": "1471398936", "route_id": "Red", "dwell_time_sec": "79"}, {"arr_dt": "1471399317", "direction": "0", "dep_dt": "1471399406", "route_id": "Red", "dwell_time_sec": "89"}, {"arr_dt": "1471399832", "direction": "0", "dep_dt": "1471399922", "route_id": "Red", "dwell_time_sec": "90"}, {"arr_dt": "1471400139", "direction": "0", "dep_dt": "1471400214", "route_id": "Red", "dwell_time_sec": "75"}, {"arr_dt": "1471400368", "direction": "0", "dep_dt": "1471400444", "route_id": "Red", "dwell_time_sec": "76"}, {"arr_dt": "1471400643", "direction": "0", "dep_dt": "1471400709", "route_id": "Red", "dwell_time_sec": "66"}, {"arr_dt": "1471401008", "direction": "0", "dep_dt": "1471401078", "route_id": "Red", "dwell_time_sec": "70"}, {"arr_dt": "1471401460", "direction": "0", "dep_dt": "1471401542", "route_id": "Red", "dwell_time_sec": "82"}, {"arr_dt": "1471401659", "direction": "0", "dep_dt": "1471401720", "route_id": "Red", "dwell_time_sec": "61"}, {"arr_dt": "1471402051", "direction": "0", "dep_dt": "1471402115", "route_id": "Red", "dwell_time_sec": "64"}, {"arr_dt": "1471402380", "direction": "0", "dep_dt": "1471402454", "route_id": "Red", "dwell_time_sec": "74"}, {"arr_dt": "1471402755", "direction": "0", "dep_dt": "1471402825", "route_id": "Red", "dwell_time_sec": "70"}, {"arr_dt": "1471403182", "direction": "0", "dep_dt": "1471403251", "route_id": "Red", "dwell_time_sec": "69"}, {"arr_dt": "1471403477", "direction": "0", "dep_dt": "1471403533", "route_id": "Red", "dwell_time_sec": "56"}, {"arr_dt": "1471404229", "direction": "0", "dep_dt": "1471404298", "route_id": "Red", "dwell_time_sec": "69"}, {"arr_dt": "1471404614", "direction": "0", "dep_dt": "1471404694", "route_id": "Red", "dwell_time_sec": "80"}, {"arr_dt": "1471404885", "direction": "0", "dep_dt": "1471404949", "route_id": "Red", "dwell_time_sec": "64"}, {"arr_dt": "1471405330", "direction": "0", "dep_dt": "1471405400", "route_id": "Red", "dwell_time_sec": "70"}, {"arr_dt": "1471405681", "direction": "0", "dep_dt": "1471405747", "route_id": "Red", "dwell_time_sec": "66"}, {"arr_dt": "1471405903", "direction": "0", "dep_dt": "1471405953", "route_id": "Red", "dwell_time_sec": "50"}]}