{"dwell_times": [{"arr_dt": "1457326941", "direction": "0", "dep_dt": "1457327004", "route_id": "Red", "dwell_time_sec": "63"}, {"arr_dt": "1457327551", "direction": "0", "dep_dt": "1457327613", "route_id": "Red", "dwell_time_sec": "62"}, {"arr_dt": "1457327715", "direction": "0", "dep_dt": "1457327770", "route_id": "Red", "dwell_time_sec": "55"}, {"arr_dt": "1457328439", "direction": "0", "dep_dt": "1457328502", "route_id": "Red", "dwell_time_sec": "63"}, {"arr_dt": "1457328748", "direction": "0", "dep_dt": "1457328797", "route_id": "Red", "dwell_time_sec": "49"}, {"arr_dt": "1457329691", "direction": "0", "dep_dt": "1457330743", "route_id": "Red", "dwell_time_sec": "1052"}, {"arr_dt": "1457347267", "direction": "0", "dep_dt": "1457347325", "route_id": "Red", "dwell_time_sec": "58"}, {"arr_dt": "1457347697", "direction": "0", "dep_dt": "1457347762", "route_id": "Red", "dwell_time_sec": "65"}, {"arr_dt": "1457348089", "direction": "0", "dep_dt": "1457348160", "route_id": "Red", "dwell_time_sec": "71"}, {"arr_dt": "1457348432", "direction": "0", "dep_dt": "1457348493", "route_id": "Red", "dwell_time_sec": "61"}, {"arr_dt": "1457349224", "direction": "0", "dep_dt": "1457349299", "route_id": "Red", "dwell_time_sec": "75"}, {"arr_dt": "1457349522", "direction": "0", "dep_dt": "1457349589", "route_id": "Red", "dwell_time_sec": "67"}, {"arr_dt": "1457349807", "direction": "0", "dep_dt": "1457349866", "route_id": "Red", "dwell_time_sec": "59"}, {"arr_dt": "1457350286", "direction": "0", "dep_dt": "1457350355", "route_id": "Red", "dwell_time_sec": "69"}, {"arr_dt": "1457350651", "direction": "0", "dep_dt": "1457350716", "route_id": "Red", "dwell_time_sec": "65"}, {"arr_dt": "1457351003", "direction": "0", "dep_dt": "1457351076", "route_id": "Red", "dwell_time_sec": "73"}, {"arr_dt": "1457351489", "direction": "0", "dep_dt": "1457351557", "route_id": "Red", "dwell_time_sec": "68"}, {"arr_dt": "1457351698", "direction": "0", "dep_dt": "1457351764", "route_id": "Red", "dwell_time_sec": "66"}, {"arr_dt": "1457352029", "direction": "0", "dep_dt": "1457352127", "route_id": "Red", "dwell_time_sec": "98"}, {"arr_dt": "1457352223", "direction": "0", "dep_dt": "1457352321", "route_id": "Red", "dwell_time_sec": "98"}, {"arr_dt": "1457352674", "direction": "0", "dep_dt": "1457352744", "route_id": "Red", "dwell_time_sec": "70"}, {"arr_dt": "1457352927", "direction": "0", "dep_dt": "1457352986", "route_id": "Red", "dwell_time_sec": "59"}, {"arr_dt": "1457353509", "direction": "0", "dep_dt": "1457353628", "route_id": "Red", "dwell_time_sec": "119"}, {"arr_dt": "1457353923", "direction": "0", "dep_dt": "1457354024", "route_id": "Red", "dwell_time_sec": "101"}, {"arr_dt": "1457354409", "direction": "0", "dep_dt": "1457354496", "route_id": "Red", "dwell_time_sec": "87"}, {"arr_dt": "1457354609", "direction": "0", "dep_dt": "1457354698", "route_id": "Red", "dwell_time_sec": "89"}, {"arr_dt": "1457354836", "direction": "0", "dep_dt": "1457354915", "route_id": "Red", "dwell_time_sec": "79"}, {"arr_dt": "1457355032", "direction": "0", "dep_dt": "1457355135", "route_id": "Red", "dwell_time_sec": "103"}, {"arr_dt": "1457355236", "direction": "0", "dep_dt": "1457355328", "route_id": "Red", "dwell_time_sec": "92"}, {"arr_dt": "1457355418", "direction": "0", "dep_dt": "1457355492", "route_id": "Red", "dwell_time_sec": "74"}, {"arr_dt": "1457355600", "direction": "0", "dep_dt": "1457355677", "route_id": "Red", "dwell_time_sec": "77"}, {"arr_dt": "1457355785", "direction": "0", "dep_dt": "1457355855", "route_id": "Red", "dwell_time_sec": "70"}, {"arr_dt": "1457355957", "direction": "0", "dep_dt": "1457356044", "route_id": "Red", "dwell_time_sec": "87"}, {"arr_dt": "1457356240", "direction": "0", "dep_dt": "1457356335", "route_id": "Red", "dwell_time_sec": "95"}, {"arr_dt": "1457356474", "direction": "0", "dep_dt": "1457356567", "route_id": "Red", "dwell_time_sec": "93"}, {"arr_dt": "1457356678", "direction": "0", "dep_dt": "1457356767", "route_id": "Red", "dwell_time_sec": "89"}, {"arr_dt": "1457356878", "direction": "0", "dep_dt": "1457356997", "route_id": "Red", "dwell_time_sec": "119"}, {"arr_dt": "1457357106", "direction": "0", "dep_dt": "1457357194", "route_id": "Red", "dwell_time_sec": "88"}, {"arr_dt": "1457357313", "direction": "0", "dep_dt": "1457357392", "route_id": "Red", "dwell_time_sec": "79"}, {"arr_dt": "1457357618", "direction": "0", "dep_dt": "1457357748", "route_id": "Red", "dwell_time_sec": "130"}, {"arr_dt": "1457357820", "direction": "0", "dep_dt": "1457357914", "route_id": "Red", "dwell_time_sec": "94"}, {"arr_dt": "1457358055", "direction": "0", "dep_dt": "1457358144", "route_id": "Red", "dwell_time_sec": "89"}, {"arr_dt": "1457358248", "direction": "0", "dep_dt": "1457358377", "route_id": "Red", "dwell_time_sec": "129"}, {"arr_dt": "1457358457", "direction": "0", "dep_dt": "1457358557", "route_id": "Red", "dwell_time_sec": "100"}, {"arr_dt": "1457358649", "direction": "0", "dep_dt": "1457358738", "route_id": "Red", "dwell_time_sec": "89"}, {"arr_dt": "1457358995", "direction": "0", "dep_dt": "1457359127", "route_id": "Red", "dwell_time_sec": "132"}, {"arr_dt": "1457359262", "direction": "0", "dep_dt": "1457359342", "route_id": "Red", "dwell_time_sec": "80"}, {"arr_dt": "1457359971", "direction": "0", "dep_dt": "1457360113", "route_id": "Red", "dwell_time_sec": "142"}, {"arr_dt": "1457360188", "direction": "0", "dep_dt": "1457360295", "route_id": "Red", "dwell_time_sec": "107"}, {"arr_dt": "1457360405", "direction": "0", "dep_dt": "1457360490", "route_id": "Red", "dwell_time_sec": "85"}, {"arr_dt": "1457360605", "direction": "0", "dep_dt": "1457360701", "route_id": "Red", "dwell_time_sec": "96"}, {"arr_dt": "1457360781", "direction": "0", "dep_dt": "1457360861", "route_id": "Red", "dwell_time_sec": "80"}, {"arr_dt": "1457360980", "direction": "0", "dep_dt": "1457361056", "route_id": "Red", "dwell_time_sec": "76"}, {"arr_dt": "1457361185", "direction": "0", "dep_dt": "1457361278", "route_id": "Red", "dwell_time_sec": "93"}, {"arr_dt": "1457361362", "direction": "0", "dep_dt": "1457361432", "route_id": "Red", "dwell_time_sec": "70"}, {"arr_dt": "1457361559", "direction": "0", "dep_dt": "1457361665", "route_id": "Red", "dwell_time_sec": "106"}, {"arr_dt": "1457361748", "direction": "0", "dep_dt": "1457361824", "route_id": "Red", "dwell_time_sec": "76"}, {"arr_dt": "1457361980", "direction": "0", "dep_dt": "1457362102", "route_id": "Red", "dwell_time_sec": "122"}, {"arr_dt": "1457362186", "direction": "0", "dep_dt": "1457362273", "route_id": "Red", "dwell_time_sec": "87"}, {"arr_dt": "1457362356", "direction": "0", "dep_dt": "1457362421", "route_id": "Red", "dwell_time_sec": "65"}, {"arr_dt": "1457362623", "direction": "0", "dep_dt": "1457362800", "route_id": "Red", "dwell_time_sec": "177"}, {"arr_dt": "1457362911", "direction": "0", "dep_dt": "1457363006", "route_id": "Red", "dwell_time_sec": "95"}, {"arr_dt": "1457363178", "direction": "0", "dep_dt": "1457363255", "route_id": "Red", "dwell_time_sec": "77"}, {"arr_dt": "1457363356", "direction": "0", "dep_dt": "1457363432", "route_id": "Red", "dwell_time_sec": "76"}, {"arr_dt": "1457363642", "direction": "0", "dep_dt": "1457363705", "route_id": "Red", "dwell_time_sec": "63"}, {"arr_dt": "1457363900", "direction": "0", "dep_dt": "1457363977", "route_id": "Red", "dwell_time_sec": "77"}, {"arr_dt": "1457364078", "direction": "0", "dep_dt": "1457364188", "route_id": "Red", "dwell_time_sec": "110"}, {"arr_dt": "1457364385", "direction": "0", "dep_dt": "1457364455", "route_id": "Red", "dwell_time_sec": "70"}, {"arr_dt": "1457364576", "direction": "0", "dep_dt": "1457364668", "route_id": "Red", "dwell_time_sec": "92"}, {"arr_dt": "1457364802", "direction": "0", "dep_dt": "1457364882", "route_id": "Red", "dwell_time_sec": "80"}, {"arr_dt": "1457365114", "direction": "0", "dep_dt": "1457365183", "route_id": "Red", "dwell_time_sec": "69"}, {"arr_dt": "1457365286", "direction": "0", "dep_dt": "1457365347", "route_id": "Red", "dwell_time_sec": "61"}, {"arr_dt": "1457365832", "direction": "0", "dep_dt": "1457365933", "route_id": "Red", "dwell_time_sec": "101"}, {"arr_dt": "1457366030", "direction": "0", "dep_dt": "1457366109", "route_id": "Red", "dwell_time_sec": "79"}, {"arr_dt": "1457366321", "direction": "0", "dep_dt": "1457366390", "route_id": "Red", "dwell_time_sec": "69"}, {"arr_dt": "1457366488", "direction": "0", "dep_dt": "1457366563", "route_id": "Red", "dwell_time_sec": "75"}, {"arr_dt": "1457366972", "direction": "0", "dep_dt": "1457367053", "route_id": "Red", "dwell_time_sec": "81"}, {"arr_dt": "1457367581", "direction": "0", "dep_dt": "1457367663", "route_id": "Red", "dwell_time_sec": "82"}, {"arr_dt": "1457367767", "direction": "0", "dep_dt": "1457367841", "route_id": "Red", "dwell_time_sec": "74"}, {"arr_dt": "1457367958", "direction": "0", "dep_dt": "1457368038", "route_id": "Red", "dwell_time_sec": "80"}, {"arr_dt": "1457368187", "direction": "0", "dep_dt": "1457368252", "route_id": "Red", "dwell_time_sec": "65"}, {"arr_dt": "1457368564", "direction": "0", "dep_dt": "1457368651", "route_id": "Red", "dwell_time_sec": "87"}, {"arr_dt": "1457368917", "direction": "0", "dep_dt": "1457368992", "route_id": "Red", "dwell_time_sec": "75"}, {"arr_dt": "1457369346", "direction": "0", "dep_dt": "1457369417", "route_id": "Red", "dwell_time_sec": "71"}, {"arr_dt": "1457369625", "direction": "0", "dep_dt": "1457369683", "route_id": "Red", "dwell_time_sec": "58"}, {"arr_dt": "1457370099", "direction": "0", "dep_dt": "1457370164", "route_id": "Red", "dwell_time_sec": "65"}, {"arr_dt": "1457370536", "direction": "0", "dep_dt": "1457370597", "route_id": "Red", "dwell_time_sec": "61"}, {"arr_dt": "1457370917", "direction": "0", "dep_dt": "1457370981", "route_id": "Red", "dwell_time_sec": "64"}, {"arr_dt": "1457371413", "direction": "0", "dep_dt": "1457371507", "route_id": "Red", "dwell_time_sec": "94"}, {"arr_dt": "1457371767", "direction": "0", "dep_dt": "1457371831", "route_id": "Red", "dwell_time_sec": "64"}, {"arr_dt": "1457372209", "direction": "0", "dep_dt": "1457372300", "route_id": "Red", "dwell_time_sec": "91"}, {"arr_dt": "1457373071", "direction": "0", "dep_dt": "1457373164", "route_id": "Red", "dwell_time_sec": "93"}, {"arr_dt": "1457373257", "direction": "0", "dep_dt": "1457373334", "route_id": "Red", "dwell_time_sec": "77"}, {"arr_dt": "1457373525", "direction": "0", "dep_dt": "1457373589", "route_id": "Red", "dwell_time_sec": "64"}, {"arr_dt": "1457373848", "direction": "0", "dep_dt": "1457373910", "route_id": "Red", "dwell_time_sec": "62"}, {"arr_dt": "1457374354", "direction": "0", "dep_dt": "1457374433", "route_id": "Red", "dwell_time_sec": "79"}, {"arr_dt": "1457374686", "direction": "0", "dep_dt": "1457374881", "route_id": "Red", "dwell_time_sec": "195"}, {"arr_dt": "1457375082", "direction": "0", "dep_dt": "1457375188", "route_id": "Red", "dwell_time_sec": "106"}, {"arr_dt": "1457375505", "direction": "0", "dep_dt": "1457375576", "route_id": "Red", "dwell_time_sec": "71"}, {"arr_dt": "1457376010", "direction": "0", "dep_dt": "1457376087", "route_id": "Red", "dwell_time_sec": "77"}, {"arr_dt": "1457376372", "direction": "0", "dep_dt": "1457376452", "route_id": "Red", "dwell_time_sec": "80"}, {"arr_dt": "1457376772", "direction": "0", "dep_dt": "1457376841", "route_id": "Red", "dwell_time_sec": "69"}, {"arr_dt": "1457377453", "direction": "0", "dep_dt": "1457377516", "route_id": "Red", "dwell_time_sec": "63"}, {"arr_dt": "1457377861", "direction": "0", "dep_dt": "1457377957", "route_id": "Red", "dwell_time_sec": "96"}, {"arr_dt": "1457378364", "direction": "0", "dep_dt": "1457378458", "route_id": "Red", "dwell_time_sec": "94"}, {"arr_dt": "1457378718", "direction": "0", "dep_dt": "1457378796", "route_id": "Red", "dwell_time_sec": "78"}, {"arr_dt": "1457379252", "direction": "0", "dep_dt": "1457379331", "route_id": "Red", "dwell_time_sec": "79"}, {"arr_dt": "1457379648", "direction": "0", "dep_dt": "1457379738", "route_id": "Red", "dwell_time_sec": "90"}, {"arr_dt": "1457380233", "direction": "0", "dep_dt": "1457380332", "route_id": "Red", "dwell_time_sec": "99"}, {"arr_dt": "1457380444", "direction": "0", "dep_dt": "1457380548", "route_id": "Red", "dwell_time_sec": "104"}, {"arr_dt": "1457380859", "direction": "0", "dep_dt": "1457380922", "route_id": "Red", "dwell_time_sec": "63"}, {"arr_dt": "1457381338", "direction": "0", "dep_dt": "1457381427", "route_id": "Red", "dwell_time_sec": "89"}, {"arr_dt": "1457381953", "direction": "0", "dep_dt": "1457382053", "route_id": "Red", "dwell_time_sec": "100"}, {"arr_dt": "1457382159", "direction": "0", "dep_dt": "1457382286", "route_id": "Red", "dwell_time_sec": "127"}, {"arr_dt": "1457382372", "direction": "0", "dep_dt": "1457382461", "route_id": "Red", "dwell_time_sec": "89"}, {"arr_dt": "1457382875", "direction": "0", "dep_dt": "1457382939", "route_id": "Red", "dwell_time_sec": "64"}, {"arr_dt": "1457383370", "direction": "0", "dep_dt": "1457383484", "route_id": "Red", "dwell_time_sec": "114"}, {"arr_dt": "1457383781", "direction": "0", "dep_dt": "1457383875", "route_id": "Red", "dwell_time_sec": "94"}, {"arr_dt": "1457384183", "direction": "0", "dep_dt": "1457384286", "route_id": "Red", "dwell_time_sec": "103"}, {"arr_dt": "1457384421", "direction": "0", "dep_dt": "1457384495", "route_id": "Red", "dwell_time_sec": "74"}, {"arr_dt": "1457384856", "direction": "0", "dep_dt": "1457384956", "route_id": "Red", "dwell_time_sec": "100"}, {"arr_dt": "1457385112", "direction": "0", "dep_dt": "1457385205", "route_id": "Red", "dwell_time_sec": "93"}, {"arr_dt": "1457385430", "direction": "0", "dep_dt": "1457385517", "route_id": "Red", "dwell_time_sec": "87"}, {"arr_dt": "1457385802", "direction": "0", "dep_dt": "1457385891", "route_id": "Red", "dwell_time_sec": "89"}, {"arr_dt": "1457386016", "direction": "0", "dep_dt": "1457386120", "route_id": "Red", "dwell_time_sec": "104"}, {"arr_dt": "1457386337", "direction": "0", "dep_dt": "1457386426", "route_id": "Red", "dwell_time_sec": "89"}, {"arr_dt": "1457386649", "direction": "0", "dep_dt": "1457386726", "route_id": "Red", "dwell_time_sec": "77"}, {"arr_dt": "1457387126", "direction": "0", "dep_dt": "1457387245", "route_id": "Red", "dwell_time_sec": "119"}, {"arr_dt": "1457387348", "direction": "0", "dep_dt": "1457387450", "route_id": "Red", "dwell_time_sec": "102"}, {"arr_dt": "1457387621", "direction": "0", "dep_dt": "1457387728", "route_id": "Red", "dwell_time_sec": "107"}, {"arr_dt": "1457387849", "direction": "0", "dep_dt": "1457387931", "route_id": "Red", "dwell_time_sec": "82"}, {"arr_dt": "1457388053", "direction": "0", "dep_dt": "1457388164", "route_id": "Red", "dwell_time_sec": "111"}, {"arr_dt": "1457388268", "direction": "0", "dep_dt": "1457388358", "route_id": "Red", "dwell_time_sec": "90"}, {"arr_dt": "1457388465", "direction": "0", "dep_dt": "1457388563", "route_id": "Red", "dwell_time_sec": "98"}, {"arr_dt": "1457388935", "direction": "0", "dep_dt": "1457389117", "route_id": "Red", "dwell_time_sec": "182"}, {"arr_dt": "1457389187", "direction": "0", "dep_dt": "1457389281", "route_id": "Red", "dwell_time_sec": "94"}, {"arr_dt": "1457389384", "direction": "0", "dep_dt": "1457389503", "route_id": "Red", "dwell_time_sec": "119"}, {"arr_dt": "1457389609", "direction": "0", "dep_dt": "1457389714", "route_id": "Red", "dwell_time_sec": "105"}, {"arr_dt": "1457389816", "direction": "0", "dep_dt": "1457389928", "route_id": "Red", "dwell_time_sec": "112"}, {"arr_dt": "1457390092", "direction": "0", "dep_dt": "1457390177", "route_id": "Red", "dwell_time_sec": "85"}, {"arr_dt": "1457390271", "direction": "0", "dep_dt": "1457390375", "route_id": "Red", "dwell_time_sec": "104"}, {"arr_dt": "1457390466", "direction": "0", "dep_dt": "1457390566", "route_id": "Red", "dwell_time_sec": "100"}, {"arr_dt": "1457390665", "direction": "0", "dep_dt": "1457390789", "route_id": "Red", "dwell_time_sec": "124"}, {"arr_dt": "1457390871", "direction": "0", "dep_dt": "1457390963", "route_id": "Red", "dwell_time_sec": "92"}, {"arr_dt": "1457391084", "direction": "0", "dep_dt": "1457391172", "route_id": "Red", "dwell_time_sec": "88"}, {"arr_dt": "1457391294", "direction": "0", "dep_dt": "1457391386", "route_id": "Red", "dwell_time_sec": "92"}, {"arr_dt": "1457391569", "direction": "0", "dep_dt": "1457391641", "route_id": "Red", "dwell_time_sec": "72"}, {"arr_dt": "1457391998", "direction": "0", "dep_dt": "1457392127", "route_id": "Red", "dwell_time_sec": "129"}, {"arr_dt": "1457392576", "direction": "0", "dep_dt": "1457392715", "route_id": "Red", "dwell_time_sec": "139"}, {"arr_dt": "1457392800", "direction": "0", "dep_dt": "1457392908", "route_id": "Red", "dwell_time_sec": "108"}, {"arr_dt": "1457393131", "direction": "0", "dep_dt": "1457393214", "route_id": "Red", "dwell_time_sec": "83"}, {"arr_dt": "1457393342", "direction": "0", "dep_dt": "1457393422", "route_id": "Red", "dwell_time_sec": "80"}, {"arr_dt": "1457393531", "direction": "0", "dep_dt": "1457393617", "route_id": "Red", "dwell_time_sec": "86"}, {"arr_dt": "1457393846", "direction": "0", "dep_dt": "1457393941", "route_id": "Red", "dwell_time_sec": "95"}, {"arr_dt": "1457394041", "direction": "0", "dep_dt": "1457394128", "route_id": "Red", "dwell_time_sec": "87"}, {"arr_dt": "1457394449", "direction": "0", "dep_dt": "1457394516", "route_id": "Red", "dwell_time_sec": "67"}, {"arr_dt": "1457394685", "direction": "0", "dep_dt": "1457394764", "route_id": "Red", "dwell_time_sec": "79"}, {"arr_dt": "1457394895", "direction": "0", "dep_dt": "1457395029", "route_id": "Red", "dwell_time_sec": "134"}, {"arr_dt": "1457395142", "direction": "0", "dep_dt": "1457395242", "route_id": "Red", "dwell_time_sec": "100"}, {"arr_dt": "1457395345", "direction": "0", "dep_dt": "1457395428", "route_id": "Red", "dwell_time_sec": "83"}, {"arr_dt": "1457395524", "direction": "0", "dep_dt": "1457395612", "route_id": "Red", "dwell_time_sec": "88"}, {"arr_dt": "1457395723", "direction": "0", "dep_dt": "1457395796", "route_id": "Red", "dwell_time_sec": "73"}, {"arr_dt": "1457395936", "direction": "0", "dep_dt": "1457396027", "route_id": "Red", "dwell_time_sec": "91"}, {"arr_dt": "1457396191", "direction": "0", "dep_dt": "1457396252", "route_id": "Red", "dwell_time_sec": "61"}, {"arr_dt": "1457396421", "direction": "0", "dep_dt": "1457396483", "route_id": "Red", "dwell_time_sec": "62"}, {"arr_dt": "1457396752", "direction": "0", "dep_dt": "1457396830", "route_id": "Red", "dwell_time_sec": "78"}, {"arr_dt": "1457396946", "direction": "0", "dep_dt": "1457397019", "route_id": "Red", "dwell_time_sec": "73"}, {"arr_dt": "1457397225", "direction": "0", "dep_dt": "1457397301", "route_id": "Red", "dwell_time_sec": "76"}, {"arr_dt": "1457397403", "direction": "0", "dep_dt": "1457397500", "route_id": "Red", "dwell_time_sec": "97"}, {"arr_dt": "1457397632", "direction": "0", "dep_dt": "1457397702", "route_id": "Red", "dwell_time_sec": "70"}, {"arr_dt": "1457397805", "direction": "0", "dep_dt": "1457397878", "route_id": "Red", "dwell_time_sec": "73"}, {"arr_dt": "1457398338", "direction": "0", "dep_dt": "1457398401", "route_id": "Red", "dwell_time_sec": "63"}, {"arr_dt": "1457398819", "direction": "0", "dep_dt": "1457398930", "route_id": "Red", "dwell_time_sec": "111"}, {"arr_dt": "1457399035", "direction": "0", "dep_dt": "1457399110", "route_id": "Red", "dwell_time_sec": "75"}, {"arr_dt": "1457399593", "direction": "0", "dep_dt": "1457399728", "route_id": "Red", "dwell_time_sec": "135"}, {"arr_dt": "1457399821", "direction": "0", "dep_dt": "1457399899", "route_id": "Red", "dwell_time_sec": "78"}, {"arr_dt": "1457400284", "direction": "0", "dep_dt": "1457400352", "route_id": "Red", "dwell_time_sec": "68"}, {"arr_dt": "1457400570", "direction": "0", "dep_dt": "1457400640", "route_id": "Red", "dwell_time_sec": "70"}, {"arr_dt": "1457400902", "direction": "0", "dep_dt": "1457400970", "route_id": "Red", "dwell_time_sec": "68"}, {"arr_dt": "1457401254", "direction": "0", "dep_dt": "1457401320", "route_id": "Red", "dwell_time_sec": "66"}, {"arr_dt": "1457401537", "direction": "0", "dep_dt": "1457401601", "route_id": "Red", "dwell_time_sec": "64"}, {"arr_dt": "1457401825", "direction": "0", "dep_dt": "1457401899", "route_id": "Red", "dwell_time_sec": "74"}, {"arr_dt": "1457401994", "direction": "0", "dep_dt": "1457402114", "route_id": "Red", "dwell_time_sec": "120"}, {"arr_dt": "1457402482", "direction": "0", "dep_dt": "1457402557", "route_id": "Red", "dwell_time_sec": "75"}, {"arr_dt": "1457402869", "direction": "0", "dep_dt": "1457402943", "route_id": "Red", "dwell_time_sec": "74"}, {"arr_dt": "1457403145", "direction": "0", "dep_dt": "1457403211", "route_id": "Red", "dwell_time_sec": "66"}, {"arr_dt": "1457403418", "direction": "0", "dep_dt": "1457403495", "route_id": "Red", "dwell_time_sec": "77"}, {"arr_dt": "1457403618", "direction": "0", "dep_dt": "1457403707", "route_id": "Red", "dwell_time_sec": "89"}, {"arr_dt": "1457404072", "direction": "0", "dep_dt": "1457404156", "route_id": "Red", "dwell_time_sec": "84"}, {"arr_dt": "1457404293", "direction": "0", "dep_dt": "1457404373", "route_id": "Red", "dwell_time_sec": "80"}, {"arr_dt": "1457404683", "direction": "0", "dep_dt": "1457404754", "route_id": "Red", "dwell_time_sec": "71"}, {"arr_dt": "1457405344", "direction": "0", "dep_dt": "1457405430", "route_id": "Red", "dwell_time_sec": "86"}, {"arr_dt": "1457405625", "direction": "0", "dep_dt": "1457405688", "route_id": "Red", "dwell_time_sec": "63"}, {"arr_dt": "1457405831", "direction": "0", "dep_dt": "1457405905", "route_id": "Red", "dwell_time_sec": "74"}, {"arr_dt": "1457406292", "direction": "0", "dep_dt": "1457406353", "route_id": "Red", "dwell_time_sec": "61"}, {"arr_dt": "1457406601", "direction": "0", "dep_dt": "1457406667", "route_id": "Red", "dwell_time_sec": "66"}, {"arr_dt": "1457407023", "direction": "0", "dep_dt": "1457407095", "route_id": "Red", "dwell_time_sec": "72"}, {"arr_dt": "1457407216", "direction": "0", "dep_dt": "1457407270", "route_id": "Red", "dwell_time_sec": "54"}, {"arr_dt": "1457407554", "direction": "0", "dep_dt": "1457407632", "route_id": "Red", "dwell_time_sec": "78"}, {"arr_dt": "1457408019", "direction": "0", "dep_dt": "1457408084", "route_id": "Red", "dwell_time_sec": "65"}, {"arr_dt": "1457408390", "direction": "0", "dep_dt": "1457408690", "route_id": "Red", "dwell_time_sec": "300"}, {"arr_dt": "1457408867", "direction": "0", "dep_dt": "1457408976", "route_id": "Red", "dwell_time_sec": "109"}, {"arr_dt": "1457409234", "direction": "0", "dep_dt": "1457409288", "route_id": "Red", "dwell_time_sec": "54"}, {"arr_dt": "1457409608", "direction": "0", "dep_dt": "1457409679", "route_id": "Red", "dwell_time_sec": "71"}, {"arr_dt": "1457410069", "direction": "0", "dep_dt": "1457410138", "route_id": "Red", "dwell_time_sec": "69"}, {"arr_dt": "1457410500", "direction": "0", "dep_dt": "1457410577", "route_id": "Red", "dwell_time_sec": "77"}, {"arr_dt": "1457410898", "direction": "0", "dep_dt": "1457410977", "route_id": "Red", "dwell_time_sec": "79"}, {"arr_dt": "1457411336", "direction": "0", "dep_dt": "1457411416", "route_id": "Red", "dwell_time_sec": "80"}, {"arr_dt": "1457411879", "direction": "0", "dep_dt": "1457411989", "route_id": "Red", "dwell_time_sec": "110"}, {"arr_dt": "1457412078", "direction": "0", "dep_dt": "1457412153", "route_id": "Red", "dwell_time_sec": "75"}, {"arr_dt": "1457412251", "direction": "0", "dep_dt": "1457412324", "route_id": "Red", "dwell_time_sec": "73"}, {"arr_dt": "1457412676", "direction": "0", "dep_dt": "1457412744", "route_id": "Red", "dwell_time_sec": "68"}, {"arr_dt": "1457412841", "direction": "0", "dep_dt": "1457412903", "route_id": "Red", "dwell_time_sec": "62"}]}