{"dwell_times": [{"arr_dt": "1465704064", "direction": "0", "dep_dt": "1465704134", "route_id": "Red", "dwell_time_sec": "70"}, {"arr_dt": "1465704391", "direction": "0", "dep_dt": "1465704451", "route_id": "Red", "dwell_time_sec": "60"}, {"arr_dt": "1465704873", "direction": "0", "dep_dt": "1465705008", "route_id": "Red", "dwell_time_sec": "135"}, {"arr_dt": "1465705241", "direction": "0", "dep_dt": "1465705309", "route_id": "Red", "dwell_time_sec": "68"}, {"arr_dt": "1465705761", "direction": "0", "dep_dt": "1465705838", "route_id": "Red", "dwell_time_sec": "77"}, {"arr_dt": "1465705935", "direction": "0", "dep_dt": "1465705978", "route_id": "Red", "dwell_time_sec": "43"}, {"arr_dt": "1465707028", "direction": "0", "dep_dt": "1465708825", "route_id": "Red", "dwell_time_sec": "1797"}, {"arr_dt": "1465726663", "direction": "0", "dep_dt": "1465726730", "route_id": "Red", "dwell_time_sec": "67"}, {"arr_dt": "1465727204", "direction": "0", "dep_dt": "1465727287", "route_id": "Red", "dwell_time_sec": "83"}, {"arr_dt": "1465727598", "direction": "0", "dep_dt": "1465727661", "route_id": "Red", "dwell_time_sec": "63"}, {"arr_dt": "1465728122", "direction": "0", "dep_dt": "1465728182", "route_id": "Red", "dwell_time_sec": "60"}, {"arr_dt": "1465728676", "direction": "0", "dep_dt": "1465728764", "route_id": "Red", "dwell_time_sec": "88"}, {"arr_dt": "1465729083", "direction": "0", "dep_dt": "1465729140", "route_id": "Red", "dwell_time_sec": "57"}, {"arr_dt": "1465729457", "direction": "0", "dep_dt": "1465729512", "route_id": "Red", "dwell_time_sec": "55"}, {"arr_dt": "1465730049", "direction": "0", "dep_dt": "1465730132", "route_id": "Red", "dwell_time_sec": "83"}, {"arr_dt": "1465730395", "direction": "0", "dep_dt": "1465730449", "route_id": "Red", "dwell_time_sec": "54"}, {"arr_dt": "1465731027", "direction": "0", "dep_dt": "1465731093", "route_id": "Red", "dwell_time_sec": "66"}, {"arr_dt": "1465731425", "direction": "0", "dep_dt": "1465731492", "route_id": "Red", "dwell_time_sec": "67"}, {"arr_dt": "1465731855", "direction": "0", "dep_dt": "1465731909", "route_id": "Red", "dwell_time_sec": "54"}, {"arr_dt": "1465732253", "direction": "0", "dep_dt": "1465732311", "route_id": "Red", "dwell_time_sec": "58"}, {"arr_dt": "1465732764", "direction": "0", "dep_dt": "1465732831", "route_id": "Red", "dwell_time_sec": "67"}, {"arr_dt": "1465733551", "direction": "0", "dep_dt": "1465733608", "route_id": "Red", "dwell_time_sec": "57"}, {"arr_dt": "1465733719", "direction": "0", "dep_dt": "1465733786", "route_id": "Red", "dwell_time_sec": "67"}, {"arr_dt": "1465734212", "direction": "0", "dep_dt": "1465734303", "route_id": "Red", "dwell_time_sec": "91"}, {"arr_dt": "1465734711", "direction": "0", "dep_dt": "1465734772", "route_id": "Red", "dwell_time_sec": "61"}, {"arr_dt": "1465735070", "direction": "0", "dep_dt": "1465735126", "route_id": "Red", "dwell_time_sec": "56"}, {"arr_dt": "1465735666", "direction": "0", "dep_dt": "1465735733", "route_id": "Red", "dwell_time_sec": "67"}, {"arr_dt": "1465735985", "direction": "0", "dep_dt": "1465736084", "route_id": "Red", "dwell_time_sec": "99"}, {"arr_dt": "1465736541", "direction": "0", "dep_dt": "1465736606", "route_id": "Red", "dwell_time_sec": "65"}, {"arr_dt": "1465737073", "direction": "0", "dep_dt": "1465737147", "route_id": "Red", "dwell_time_sec": "74"}, {"arr_dt": "1465737469", "direction": "0", "dep_dt": "1465737534", "route_id": "Red", "dwell_time_sec": "65"}, {"arr_dt": "1465737832", "direction": "0", "dep_dt": "1465737889", "route_id": "Red", "dwell_time_sec": "57"}, {"arr_dt": "1465738971", "direction": "0", "dep_dt": "1465739036", "route_id": "Red", "dwell_time_sec": "65"}, {"arr_dt": "1465739348", "direction": "0", "dep_dt": "1465739419", "route_id": "Red", "dwell_time_sec": "71"}, {"arr_dt": "1465739721", "direction": "0", "dep_dt": "1465739785", "route_id": "Red", "dwell_time_sec": "64"}, {"arr_dt": "1465740253", "direction": "0", "dep_dt": "1465740326", "route_id": "Red", "dwell_time_sec": "73"}, {"arr_dt": "1465740703", "direction": "0", "dep_dt": "1465740780", "route_id": "Red", "dwell_time_sec": "77"}, {"arr_dt": "1465741282", "direction": "0", "dep_dt": "1465741357", "route_id": "Red", "dwell_time_sec": "75"}, {"arr_dt": "1465741587", "direction": "0", "dep_dt": "1465741650", "route_id": "Red", "dwell_time_sec": "63"}, {"arr_dt": "1465742166", "direction": "0", "dep_dt": "1465742247", "route_id": "Red", "dwell_time_sec": "81"}, {"arr_dt": "1465742644", "direction": "0", "dep_dt": "1465742742", "route_id": "Red", "dwell_time_sec": "98"}, {"arr_dt": "1465743105", "direction": "0", "dep_dt": "1465743193", "route_id": "Red", "dwell_time_sec": "88"}, {"arr_dt": "1465743570", "direction": "0", "dep_dt": "1465743648", "route_id": "Red", "dwell_time_sec": "78"}, {"arr_dt": "1465743906", "direction": "0", "dep_dt": "1465743963", "route_id": "Red", "dwell_time_sec": "57"}, {"arr_dt": "1465744463", "direction": "0", "dep_dt": "1465744522", "route_id": "Red", "dwell_time_sec": "59"}, {"arr_dt": "1465744866", "direction": "0", "dep_dt": "1465744963", "route_id": "Red", "dwell_time_sec": "97"}, {"arr_dt": "1465745415", "direction": "0", "dep_dt": "1465745482", "route_id": "Red", "dwell_time_sec": "67"}, {"arr_dt": "1465745856", "direction": "0", "dep_dt": "1465745962", "route_id": "Red", "dwell_time_sec": "106"}, {"arr_dt": "1465746295", "direction": "0", "dep_dt": "1465746363", "route_id": "Red", "dwell_time_sec": "68"}, {"arr_dt": "1465746733", "direction": "0", "dep_dt": "1465746798", "route_id": "Red", "dwell_time_sec": "65"}, {"arr_dt": "1465747205", "direction": "0", "dep_dt": "1465747278", "route_id": "Red", "dwell_time_sec": "73"}, {"arr_dt": "1465747649", "direction": "0", "dep_dt": "1465747738", "route_id": "Red", "dwell_time_sec": "89"}, {"arr_dt": "1465748251", "direction": "0", "dep_dt": "1465748355", "route_id": "Red", "dwell_time_sec": "104"}, {"arr_dt": "1465748599", "direction": "0", "dep_dt": "1465748698", "route_id": "Red", "dwell_time_sec": "99"}, {"arr_dt": "1465749113", "direction": "0", "dep_dt": "1465749180", "route_id": "Red", "dwell_time_sec": "67"}, {"arr_dt": "1465749573", "direction": "0", "dep_dt": "1465749674", "route_id": "Red", "dwell_time_sec": "101"}, {"arr_dt": "1465750077", "direction": "0", "dep_dt": "1465750143", "route_id": "Red", "dwell_time_sec": "66"}, {"arr_dt": "1465750432", "direction": "0", "dep_dt": "1465750493", "route_id": "Red", "dwell_time_sec": "61"}, {"arr_dt": "1465750981", "direction": "0", "dep_dt": "1465751064", "route_id": "Red", "dwell_time_sec": "83"}, {"arr_dt": "1465751406", "direction": "0", "dep_dt": "1465751505", "route_id": "Red", "dwell_time_sec": "99"}, {"arr_dt": "1465751874", "direction": "0", "dep_dt": "1465751945", "route_id": "Red", "dwell_time_sec": "71"}, {"arr_dt": "1465752580", "direction": "0", "dep_dt": "1465752658", "route_id": "Red", "dwell_time_sec": "78"}, {"arr_dt": "1465752845", "direction": "0", "dep_dt": "1465752918", "route_id": "Red", "dwell_time_sec": "73"}, {"arr_dt": "1465753226", "direction": "0", "dep_dt": "1465753295", "route_id": "Red", "dwell_time_sec": "69"}, {"arr_dt": "1465753833", "direction": "0", "dep_dt": "1465753942", "route_id": "Red", "dwell_time_sec": "109"}, {"arr_dt": "1465754162", "direction": "0", "dep_dt": "1465754238", "route_id": "Red", "dwell_time_sec": "76"}, {"arr_dt": "1465754719", "direction": "0", "dep_dt": "1465754801", "route_id": "Red", "dwell_time_sec": "82"}, {"arr_dt": "1465755136", "direction": "0", "dep_dt": "1465755207", "route_id": "Red", "dwell_time_sec": "71"}, {"arr_dt": "1465755680", "direction": "0", "dep_dt": "1465755746", "route_id": "Red", "dwell_time_sec": "66"}, {"arr_dt": "1465756105", "direction": "0", "dep_dt": "1465756217", "route_id": "Red", "dwell_time_sec": "112"}, {"arr_dt": "1465756545", "direction": "0", "dep_dt": "1465756651", "route_id": "Red", "dwell_time_sec": "106"}, {"arr_dt": "1465756926", "direction": "0", "dep_dt": "1465757091", "route_id": "Red", "dwell_time_sec": "165"}, {"arr_dt": "1465757507", "direction": "0", "dep_dt": "1465757570", "route_id": "Red", "dwell_time_sec": "63"}, {"arr_dt": "1465757919", "direction": "0", "dep_dt": "1465757991", "route_id": "Red", "dwell_time_sec": "72"}, {"arr_dt": "1465758341", "direction": "0", "dep_dt": "1465758441", "route_id": "Red", "dwell_time_sec": "100"}, {"arr_dt": "1465759147", "direction": "0", "dep_dt": "1465759237", "route_id": "Red", "dwell_time_sec": "90"}, {"arr_dt": "1465759390", "direction": "0", "dep_dt": "1465759459", "route_id": "Red", "dwell_time_sec": "69"}, {"arr_dt": "1465759738", "direction": "0", "dep_dt": "1465759906", "route_id": "Red", "dwell_time_sec": "168"}, {"arr_dt": "1465760310", "direction": "0", "dep_dt": "1465760494", "route_id": "Red", "dwell_time_sec": "184"}, {"arr_dt": "1465760669", "direction": "0", "dep_dt": "1465760738", "route_id": "Red", "dwell_time_sec": "69"}, {"arr_dt": "1465761345", "direction": "0", "dep_dt": "1465761615", "route_id": "Red", "dwell_time_sec": "270"}, {"arr_dt": "1465761738", "direction": "0", "dep_dt": "1465761834", "route_id": "Red", "dwell_time_sec": "96"}, {"arr_dt": "1465762133", "direction": "0", "dep_dt": "1465762203", "route_id": "Red", "dwell_time_sec": "70"}, {"arr_dt": "1465762709", "direction": "0", "dep_dt": "1465762782", "route_id": "Red", "dwell_time_sec": "73"}, {"arr_dt": "1465763064", "direction": "0", "dep_dt": "1465763131", "route_id": "Red", "dwell_time_sec": "67"}, {"arr_dt": "1465763447", "direction": "0", "dep_dt": "1465763521", "route_id": "Red", "dwell_time_sec": "74"}, {"arr_dt": "1465763948", "direction": "0", "dep_dt": "1465764032", "route_id": "Red", "dwell_time_sec": "84"}, {"arr_dt": "1465764403", "direction": "0", "dep_dt": "1465764478", "route_id": "Red", "dwell_time_sec": "75"}, {"arr_dt": "1465764994", "direction": "0", "dep_dt": "1465765076", "route_id": "Red", "dwell_time_sec": "82"}, {"arr_dt": "1465765615", "direction": "0", "dep_dt": "1465765728", "route_id": "Red", "dwell_time_sec": "113"}, {"arr_dt": "1465765884", "direction": "0", "dep_dt": "1465766167", "route_id": "Red", "dwell_time_sec": "283"}, {"arr_dt": "1465766880", "direction": "0", "dep_dt": "1465766952", "route_id": "Red", "dwell_time_sec": "72"}, {"arr_dt": "1465767330", "direction": "0", "dep_dt": "1465767405", "route_id": "Red", "dwell_time_sec": "75"}, {"arr_dt": "1465767691", "direction": "0", "dep_dt": "1465767780", "route_id": "Red", "dwell_time_sec": "89"}, {"arr_dt": "1465768162", "direction": "0", "dep_dt": "1465768245", "route_id": "Red", "dwell_time_sec": "83"}, {"arr_dt": "1465768662", "direction": "0", "dep_dt": "1465768740", "route_id": "Red", "dwell_time_sec": "78"}, {"arr_dt": "1465769432", "direction": "0", "dep_dt": "1465769523", "route_id": "Red", "dwell_time_sec": "91"}, {"arr_dt": "1465769608", "direction": "0", "dep_dt": "1465769690", "route_id": "Red", "dwell_time_sec": "82"}, {"arr_dt": "1465769988", "direction": "0", "dep_dt": "1465770069", "route_id": "Red", "dwell_time_sec": "81"}, {"arr_dt": "1465770672", "direction": "0", "dep_dt": "1465770749", "route_id": "Red", "dwell_time_sec": "77"}, {"arr_dt": "1465771070", "direction": "0", "dep_dt": "1465771142", "route_id": "Red", "dwell_time_sec": "72"}, {"arr_dt": "1465771578", "direction": "0", "dep_dt": "1465771657", "route_id": "Red", "dwell_time_sec": "79"}, {"arr_dt": "1465772192", "direction": "0", "dep_dt": "1465772303", "route_id": "Red", "dwell_time_sec": "111"}, {"arr_dt": "1465772575", "direction": "0", "dep_dt": "1465772636", "route_id": "Red", "dwell_time_sec": "61"}, {"arr_dt": "1465773088", "direction": "0", "dep_dt": "1465773163", "route_id": "Red", "dwell_time_sec": "75"}, {"arr_dt": "1465773443", "direction": "0", "dep_dt": "1465773533", "route_id": "Red", "dwell_time_sec": "90"}, {"arr_dt": "1465773901", "direction": "0", "dep_dt": "1465773965", "route_id": "Red", "dwell_time_sec": "64"}, {"arr_dt": "1465774390", "direction": "0", "dep_dt": "1465774449", "route_id": "Red", "dwell_time_sec": "59"}, {"arr_dt": "1465774904", "direction": "0", "dep_dt": "1465774973", "route_id": "Red", "dwell_time_sec": "69"}, {"arr_dt": "1465775284", "direction": "0", "dep_dt": "1465775354", "route_id": "Red", "dwell_time_sec": "70"}, {"arr_dt": "1465775840", "direction": "0", "dep_dt": "1465775903", "route_id": "Red", "dwell_time_sec": "63"}, {"arr_dt": "1465776272", "direction": "0", "dep_dt": "1465776331", "route_id": "Red", "dwell_time_sec": "59"}, {"arr_dt": "1465776690", "direction": "0", "dep_dt": "1465776772", "route_id": "Red", "dwell_time_sec": "82"}, {"arr_dt": "1465777238", "direction": "0", "dep_dt": "1465777315", "route_id": "Red", "dwell_time_sec": "77"}, {"arr_dt": "1465777590", "direction": "0", "dep_dt": "1465777658", "route_id": "Red", "dwell_time_sec": "68"}, {"arr_dt": "1465778255", "direction": "0", "dep_dt": "1465778348", "route_id": "Red", "dwell_time_sec": "93"}, {"arr_dt": "1465779176", "direction": "0", "dep_dt": "1465779254", "route_id": "Red", "dwell_time_sec": "78"}, {"arr_dt": "1465779635", "direction": "0", "dep_dt": "1465779696", "route_id": "Red", "dwell_time_sec": "61"}, {"arr_dt": "1465779915", "direction": "0", "dep_dt": "1465780004", "route_id": "Red", "dwell_time_sec": "89"}, {"arr_dt": "1465780512", "direction": "0", "dep_dt": "1465780604", "route_id": "Red", "dwell_time_sec": "92"}, {"arr_dt": "1465781035", "direction": "0", "dep_dt": "1465781092", "route_id": "Red", "dwell_time_sec": "57"}, {"arr_dt": "1465781710", "direction": "0", "dep_dt": "1465781790", "route_id": "Red", "dwell_time_sec": "80"}, {"arr_dt": "1465782048", "direction": "0", "dep_dt": "1465782117", "route_id": "Red", "dwell_time_sec": "69"}, {"arr_dt": "1465782414", "direction": "0", "dep_dt": "1465782470", "route_id": "Red", "dwell_time_sec": "56"}, {"arr_dt": "1465782916", "direction": "0", "dep_dt": "1465782981", "route_id": "Red", "dwell_time_sec": "65"}, {"arr_dt": "1465783385", "direction": "0", "dep_dt": "1465783451", "route_id": "Red", "dwell_time_sec": "66"}, {"arr_dt": "1465783946", "direction": "0", "dep_dt": "1465784011", "route_id": "Red", "dwell_time_sec": "65"}, {"arr_dt": "1465784207", "direction": "0", "dep_dt": "1465784288", "route_id": "Red", "dwell_time_sec": "81"}, {"arr_dt": "1465784542", "direction": "0", "dep_dt": "1465784604", "route_id": "Red", "dwell_time_sec": "62"}, {"arr_dt": "1465785002", "direction": "0", "dep_dt": "1465785063", "route_id": "Red", "dwell_time_sec": "61"}, {"arr_dt": "1465785600", "direction": "0", "dep_dt": "1465785671", "route_id": "Red", "dwell_time_sec": "71"}, {"arr_dt": "1465786157", "direction": "0", "dep_dt": "1465786252", "route_id": "Red", "dwell_time_sec": "95"}, {"arr_dt": "1465786746", "direction": "0", "dep_dt": "1465786823", "route_id": "Red", "dwell_time_sec": "77"}, {"arr_dt": "1465787007", "direction": "0", "dep_dt": "1465787068", "route_id": "Red", "dwell_time_sec": "61"}, {"arr_dt": "1465787519", "direction": "0", "dep_dt": "1465787596", "route_id": "Red", "dwell_time_sec": "77"}, {"arr_dt": "1465787952", "direction": "0", "dep_dt": "1465788021", "route_id": "Red", "dwell_time_sec": "69"}, {"arr_dt": "1465788166", "direction": "0", "dep_dt": "1465788220", "route_id": "Red", "dwell_time_sec": "54"}, {"arr_dt": "1465788699", "direction": "0", "dep_dt": "1465788769", "route_id": "Red", "dwell_time_sec": "70"}, {"arr_dt": "1465789132", "direction": "0", "dep_dt": "1465789198", "route_id": "Red", "dwell_time_sec": "66"}, {"arr_dt": "1465789888", "direction": "0", "dep_dt": "1465789962", "route_id": "Red", "dwell_time_sec": "74"}, {"arr_dt": "1465790120", "direction": "0", "dep_dt": "1465790181", "route_id": "Red", "dwell_time_sec": "61"}]}