{"dwell_times": [{"arr_dt": "1470974391", "direction": "0", "dep_dt": "1470974450", "route_id": "Red", "dwell_time_sec": "59"}, {"arr_dt": "1470974820", "direction": "0", "dep_dt": "1470974880", "route_id": "Red", "dwell_time_sec": "60"}, {"arr_dt": "1470975197", "direction": "0", "dep_dt": "1470975272", "route_id": "Red", "dwell_time_sec": "75"}, {"arr_dt": "1470975778", "direction": "0", "dep_dt": "1470975843", "route_id": "Red", "dwell_time_sec": "65"}, {"arr_dt": "1470976348", "direction": "0", "dep_dt": "1470976419", "route_id": "Red", "dwell_time_sec": "71"}, {"arr_dt": "1470977148", "direction": "0", "dep_dt": "1470977219", "route_id": "Red", "dwell_time_sec": "71"}, {"arr_dt": "1470977390", "direction": "0", "dep_dt": "1470977449", "route_id": "Red", "dwell_time_sec": "59"}, {"arr_dt": "1470978474", "direction": "0", "dep_dt": "1470979103", "route_id": "Red", "dwell_time_sec": "629"}, {"arr_dt": "1470994428", "direction": "0", "dep_dt": "1470994497", "route_id": "Red", "dwell_time_sec": "69"}, {"arr_dt": "1470994971", "direction": "0", "dep_dt": "1470995040", "route_id": "Red", "dwell_time_sec": "69"}, {"arr_dt": "1470995240", "direction": "0", "dep_dt": "1470995327", "route_id": "Red", "dwell_time_sec": "87"}, {"arr_dt": "1470995653", "direction": "0", "dep_dt": "1470995721", "route_id": "Red", "dwell_time_sec": "68"}, {"arr_dt": "1470996143", "direction": "0", "dep_dt": "1470996220", "route_id": "Red", "dwell_time_sec": "77"}, {"arr_dt": "1470996699", "direction": "0", "dep_dt": "1470996761", "route_id": "Red", "dwell_time_sec": "62"}, {"arr_dt": "1470997285", "direction": "0", "dep_dt": "1470997340", "route_id": "Red", "dwell_time_sec": "55"}, {"arr_dt": "1470997649", "direction": "0", "dep_dt": "1470997704", "route_id": "Red", "dwell_time_sec": "55"}, {"arr_dt": "1470997835", "direction": "0", "dep_dt": "1470997892", "route_id": "Red", "dwell_time_sec": "57"}, {"arr_dt": "1470998212", "direction": "0", "dep_dt": "1470998271", "route_id": "Red", "dwell_time_sec": "59"}, {"arr_dt": "1470998397", "direction": "0", "dep_dt": "1470998451", "route_id": "Red", "dwell_time_sec": "54"}, {"arr_dt": "1470998842", "direction": "0", "dep_dt": "1470998927", "route_id": "Red", "dwell_time_sec": "85"}, {"arr_dt": "1470999021", "direction": "0", "dep_dt": "1470999076", "route_id": "Red", "dwell_time_sec": "55"}, {"arr_dt": "1470999499", "direction": "0", "dep_dt": "1470999574", "route_id": "Red", "dwell_time_sec": "75"}, {"arr_dt": "1470999689", "direction": "0", "dep_dt": "1470999762", "route_id": "Red", "dwell_time_sec": "73"}, {"arr_dt": "1471000178", "direction": "0", "dep_dt": "1471000292", "route_id": "Red", "dwell_time_sec": "114"}, {"arr_dt": "1471000420", "direction": "0", "dep_dt": "1471000483", "route_id": "Red", "dwell_time_sec": "63"}, {"arr_dt": "1471000606", "direction": "0", "dep_dt": "1471000671", "route_id": "Red", "dwell_time_sec": "65"}, {"arr_dt": "1471001126", "direction": "0", "dep_dt": "1471001213", "route_id": "Red", "dwell_time_sec": "87"}, {"arr_dt": "1471001382", "direction": "0", "dep_dt": "1471001449", "route_id": "Red", "dwell_time_sec": "67"}, {"arr_dt": "1471001805", "direction": "0", "dep_dt": "1471001901", "route_id": "Red", "dwell_time_sec": "96"}, {"arr_dt": "1471002106", "direction": "0", "dep_dt": "1471002200", "route_id": "Red", "dwell_time_sec": "94"}, {"arr_dt": "1471002291", "direction": "0", "dep_dt": "1471002369", "route_id": "Red", "dwell_time_sec": "78"}, {"arr_dt": "1471002517", "direction": "0", "dep_dt": "1471002593", "route_id": "Red", "dwell_time_sec": "76"}, {"arr_dt": "1471002719", "direction": "0", "dep_dt": "1471002821", "route_id": "Red", "dwell_time_sec": "102"}, {"arr_dt": "1471003000", "direction": "0", "dep_dt": "1471003116", "route_id": "Red", "dwell_time_sec": "116"}, {"arr_dt": "1471003201", "direction": "0", "dep_dt": "1471003279", "route_id": "Red", "dwell_time_sec": "78"}, {"arr_dt": "1471003383", "direction": "0", "dep_dt": "1471003456", "route_id": "Red", "dwell_time_sec": "73"}, {"arr_dt": "1471003556", "direction": "0", "dep_dt": "1471003639", "route_id": "Red", "dwell_time_sec": "83"}, {"arr_dt": "1471003739", "direction": "0", "dep_dt": "1471003837", "route_id": "Red", "dwell_time_sec": "98"}, {"arr_dt": "1471003946", "direction": "0", "dep_dt": "1471004031", "route_id": "Red", "dwell_time_sec": "85"}, {"arr_dt": "1471004157", "direction": "0", "dep_dt": "1471004238", "route_id": "Red", "dwell_time_sec": "81"}, {"arr_dt": "1471004484", "direction": "0", "dep_dt": "1471004597", "route_id": "Red", "dwell_time_sec": "113"}, {"arr_dt": "1471004703", "direction": "0", "dep_dt": "1471004796", "route_id": "Red", "dwell_time_sec": "93"}, {"arr_dt": "1471004897", "direction": "0", "dep_dt": "1471004977", "route_id": "Red", "dwell_time_sec": "80"}, {"arr_dt": "1471005080", "direction": "0", "dep_dt": "1471005173", "route_id": "Red", "dwell_time_sec": "93"}, {"arr_dt": "1471005434", "direction": "0", "dep_dt": "1471005544", "route_id": "Red", "dwell_time_sec": "110"}, {"arr_dt": "1471005801", "direction": "0", "dep_dt": "1471005898", "route_id": "Red", "dwell_time_sec": "97"}, {"arr_dt": "1471006016", "direction": "0", "dep_dt": "1471006112", "route_id": "Red", "dwell_time_sec": "96"}, {"arr_dt": "1471006505", "direction": "0", "dep_dt": "1471006593", "route_id": "Red", "dwell_time_sec": "88"}, {"arr_dt": "1471006948", "direction": "0", "dep_dt": "1471007037", "route_id": "Red", "dwell_time_sec": "89"}, {"arr_dt": "1471007302", "direction": "0", "dep_dt": "1471007390", "route_id": "Red", "dwell_time_sec": "88"}, {"arr_dt": "1471007519", "direction": "0", "dep_dt": "1471007602", "route_id": "Red", "dwell_time_sec": "83"}, {"arr_dt": "1471007789", "direction": "0", "dep_dt": "1471007872", "route_id": "Red", "dwell_time_sec": "83"}, {"arr_dt": "1471008074", "direction": "0", "dep_dt": "1471008199", "route_id": "Red", "dwell_time_sec": "125"}, {"arr_dt": "1471008398", "direction": "0", "dep_dt": "1471008499", "route_id": "Red", "dwell_time_sec": "101"}, {"arr_dt": "1471008590", "direction": "0", "dep_dt": "1471008677", "route_id": "Red", "dwell_time_sec": "87"}, {"arr_dt": "1471008771", "direction": "0", "dep_dt": "1471008850", "route_id": "Red", "dwell_time_sec": "79"}, {"arr_dt": "1471008980", "direction": "0", "dep_dt": "1471009045", "route_id": "Red", "dwell_time_sec": "65"}, {"arr_dt": "1471009139", "direction": "0", "dep_dt": "1471009226", "route_id": "Red", "dwell_time_sec": "87"}, {"arr_dt": "1471009335", "direction": "0", "dep_dt": "1471009423", "route_id": "Red", "dwell_time_sec": "88"}, {"arr_dt": "1471009526", "direction": "0", "dep_dt": "1471009602", "route_id": "Red", "dwell_time_sec": "76"}, {"arr_dt": "1471009712", "direction": "0", "dep_dt": "1471009770", "route_id": "Red", "dwell_time_sec": "58"}, {"arr_dt": "1471009929", "direction": "0", "dep_dt": "1471010023", "route_id": "Red", "dwell_time_sec": "94"}, {"arr_dt": "1471010146", "direction": "0", "dep_dt": "1471010215", "route_id": "Red", "dwell_time_sec": "69"}, {"arr_dt": "1471010376", "direction": "0", "dep_dt": "1471010457", "route_id": "Red", "dwell_time_sec": "81"}, {"arr_dt": "1471010609", "direction": "0", "dep_dt": "1471010674", "route_id": "Red", "dwell_time_sec": "65"}, {"arr_dt": "1471011066", "direction": "0", "dep_dt": "1471011146", "route_id": "Red", "dwell_time_sec": "80"}, {"arr_dt": "1471011405", "direction": "0", "dep_dt": "1471011485", "route_id": "Red", "dwell_time_sec": "80"}, {"arr_dt": "1471011597", "direction": "0", "dep_dt": "1471011679", "route_id": "Red", "dwell_time_sec": "82"}, {"arr_dt": "1471011767", "direction": "0", "dep_dt": "1471011846", "route_id": "Red", "dwell_time_sec": "79"}, {"arr_dt": "1471011940", "direction": "0", "dep_dt": "1471012024", "route_id": "Red", "dwell_time_sec": "84"}, {"arr_dt": "1471012300", "direction": "0", "dep_dt": "1471012373", "route_id": "Red", "dwell_time_sec": "73"}, {"arr_dt": "1471012568", "direction": "0", "dep_dt": "1471012634", "route_id": "Red", "dwell_time_sec": "66"}, {"arr_dt": "1471013217", "direction": "0", "dep_dt": "1471013412", "route_id": "Red", "dwell_time_sec": "195"}, {"arr_dt": "1471013402", "direction": "0", "dep_dt": "1471013478", "route_id": "Red", "dwell_time_sec": "76"}, {"arr_dt": "1471013789", "direction": "0", "dep_dt": "1471013871", "route_id": "Red", "dwell_time_sec": "82"}, {"arr_dt": "1471014127", "direction": "0", "dep_dt": "1471014203", "route_id": "Red", "dwell_time_sec": "76"}, {"arr_dt": "1471014314", "direction": "0", "dep_dt": "1471014377", "route_id": "Red", "dwell_time_sec": "63"}, {"arr_dt": "1471014476", "direction": "0", "dep_dt": "1471014538", "route_id": "Red", "dwell_time_sec": "62"}, {"arr_dt": "1471014869", "direction": "0", "dep_dt": "1471014951", "route_id": "Red", "dwell_time_sec": "82"}, {"arr_dt": "1471015175", "direction": "0", "dep_dt": "1471015264", "route_id": "Red", "dwell_time_sec": "89"}, {"arr_dt": "1471015771", "direction": "0", "dep_dt": "1471015879", "route_id": "Red", "dwell_time_sec": "108"}, {"arr_dt": "1471016006", "direction": "0", "dep_dt": "1471016180", "route_id": "Red", "dwell_time_sec": "174"}, {"arr_dt": "1471016186", "direction": "0", "dep_dt": "1471016280", "route_id": "Red", "dwell_time_sec": "94"}, {"arr_dt": "1471016559", "direction": "0", "dep_dt": "1471016640", "route_id": "Red", "dwell_time_sec": "81"}, {"arr_dt": "1471016986", "direction": "0", "dep_dt": "1471017120", "route_id": "Red", "dwell_time_sec": "134"}, {"arr_dt": "1471017379", "direction": "0", "dep_dt": "1471017447", "route_id": "Red", "dwell_time_sec": "68"}, {"arr_dt": "1471017571", "direction": "0", "dep_dt": "1471017629", "route_id": "Red", "dwell_time_sec": "58"}, {"arr_dt": "1471018246", "direction": "0", "dep_dt": "1471018323", "route_id": "Red", "dwell_time_sec": "77"}, {"arr_dt": "1471018599", "direction": "0", "dep_dt": "1471018664", "route_id": "Red", "dwell_time_sec": "65"}, {"arr_dt": "1471018864", "direction": "0", "dep_dt": "1471019011", "route_id": "Red", "dwell_time_sec": "147"}, {"arr_dt": "1471019316", "direction": "0", "dep_dt": "1471019406", "route_id": "Red", "dwell_time_sec": "90"}, {"arr_dt": "1471019974", "direction": "0", "dep_dt": "1471020061", "route_id": "Red", "dwell_time_sec": "87"}, {"arr_dt": "1471020214", "direction": "0", "dep_dt": "1471020279", "route_id": "Red", "dwell_time_sec": "65"}, {"arr_dt": "1471020721", "direction": "0", "dep_dt": "1471020805", "route_id": "Red", "dwell_time_sec": "84"}, {"arr_dt": "1471020998", "direction": "0", "dep_dt": "1471021066", "route_id": "Red", "dwell_time_sec": "68"}, {"arr_dt": "1471021401", "direction": "0", "dep_dt": "1471021482", "route_id": "Red", "dwell_time_sec": "81"}, {"arr_dt": "1471021718", "direction": "0", "dep_dt": "1471021791", "route_id": "Red", "dwell_time_sec": "73"}, {"arr_dt": "1471022206", "direction": "0", "dep_dt": "1471022399", "route_id": "Red", "dwell_time_sec": "193"}, {"arr_dt": "1471022566", "direction": "0", "dep_dt": "1471022639", "route_id": "Red", "dwell_time_sec": "73"}, {"arr_dt": "1471022985", "direction": "0", "dep_dt": "1471023058", "route_id": "Red", "dwell_time_sec": "73"}, {"arr_dt": "1471023521", "direction": "0", "dep_dt": "1471023620", "route_id": "Red", "dwell_time_sec": "99"}, {"arr_dt": "1471023811", "direction": "0", "dep_dt": "1471023891", "route_id": "Red", "dwell_time_sec": "80"}, {"arr_dt": "1471024541", "direction": "0", "dep_dt": "1471024642", "route_id": "Red", "dwell_time_sec": "101"}, {"arr_dt": "1471024742", "direction": "0", "dep_dt": "1471024825", "route_id": "Red", "dwell_time_sec": "83"}, {"arr_dt": "1471025097", "direction": "0", "dep_dt": "1471025170", "route_id": "Red", "dwell_time_sec": "73"}, {"arr_dt": "1471025976", "direction": "0", "dep_dt": "1471026095", "route_id": "Red", "dwell_time_sec": "119"}, {"arr_dt": "1471026181", "direction": "0", "dep_dt": "1471026268", "route_id": "Red", "dwell_time_sec": "87"}, {"arr_dt": "1471026428", "direction": "0", "dep_dt": "1471026533", "route_id": "Red", "dwell_time_sec": "105"}, {"arr_dt": "1471026935", "direction": "0", "dep_dt": "1471027037", "route_id": "Red", "dwell_time_sec": "102"}, {"arr_dt": "1471027557", "direction": "0", "dep_dt": "1471027639", "route_id": "Red", "dwell_time_sec": "82"}, {"arr_dt": "1471027762", "direction": "0", "dep_dt": "1471027847", "route_id": "Red", "dwell_time_sec": "85"}, {"arr_dt": "1471028028", "direction": "0", "dep_dt": "1471028121", "route_id": "Red", "dwell_time_sec": "93"}, {"arr_dt": "1471028528", "direction": "0", "dep_dt": "1471028630", "route_id": "Red", "dwell_time_sec": "102"}, {"arr_dt": "1471028982", "direction": "0", "dep_dt": "1471029071", "route_id": "Red", "dwell_time_sec": "89"}, {"arr_dt": "1471029284", "direction": "0", "dep_dt": "1471029368", "route_id": "Red", "dwell_time_sec": "84"}, {"arr_dt": "1471029771", "direction": "0", "dep_dt": "1471029856", "route_id": "Red", "dwell_time_sec": "85"}, {"arr_dt": "1471030096", "direction": "0", "dep_dt": "1471030189", "route_id": "Red", "dwell_time_sec": "93"}, {"arr_dt": "1471030571", "direction": "0", "dep_dt": "1471030687", "route_id": "Red", "dwell_time_sec": "116"}, {"arr_dt": "1471030795", "direction": "0", "dep_dt": "1471030883", "route_id": "Red", "dwell_time_sec": "88"}, {"arr_dt": "1471031172", "direction": "0", "dep_dt": "1471031299", "route_id": "Red", "dwell_time_sec": "127"}, {"arr_dt": "1471031369", "direction": "0", "dep_dt": "1471031457", "route_id": "Red", "dwell_time_sec": "88"}, {"arr_dt": "1471031758", "direction": "0", "dep_dt": "1471031843", "route_id": "Red", "dwell_time_sec": "85"}, {"arr_dt": "1471032111", "direction": "0", "dep_dt": "1471032214", "route_id": "Red", "dwell_time_sec": "103"}, {"arr_dt": "1471032322", "direction": "0", "dep_dt": "1471032427", "route_id": "Red", "dwell_time_sec": "105"}, {"arr_dt": "1471032641", "direction": "0", "dep_dt": "1471032744", "route_id": "Red", "dwell_time_sec": "103"}, {"arr_dt": "1471032909", "direction": "0", "dep_dt": "1471032988", "route_id": "Red", "dwell_time_sec": "79"}, {"arr_dt": "1471033337", "direction": "0", "dep_dt": "1471033457", "route_id": "Red", "dwell_time_sec": "120"}, {"arr_dt": "1471033609", "direction": "0", "dep_dt": "1471033758", "route_id": "Red", "dwell_time_sec": "149"}, {"arr_dt": "1471034008", "direction": "0", "dep_dt": "1471034124", "route_id": "Red", "dwell_time_sec": "116"}, {"arr_dt": "1471034394", "direction": "0", "dep_dt": "1471034521", "route_id": "Red", "dwell_time_sec": "127"}, {"arr_dt": "1471034709", "direction": "0", "dep_dt": "1471034806", "route_id": "Red", "dwell_time_sec": "97"}, {"arr_dt": "1471035005", "direction": "0", "dep_dt": "1471035112", "route_id": "Red", "dwell_time_sec": "107"}, {"arr_dt": "1471035223", "direction": "0", "dep_dt": "1471035330", "route_id": "Red", "dwell_time_sec": "107"}, {"arr_dt": "1471035427", "direction": "0", "dep_dt": "1471035627", "route_id": "Red", "dwell_time_sec": "200"}, {"arr_dt": "1471035714", "direction": "0", "dep_dt": "1471035820", "route_id": "Red", "dwell_time_sec": "106"}, {"arr_dt": "1471035909", "direction": "0", "dep_dt": "1471036033", "route_id": "Red", "dwell_time_sec": "124"}, {"arr_dt": "1471036153", "direction": "0", "dep_dt": "1471036290", "route_id": "Red", "dwell_time_sec": "137"}, {"arr_dt": "1471036378", "direction": "0", "dep_dt": "1471036477", "route_id": "Red", "dwell_time_sec": "99"}, {"arr_dt": "1471036600", "direction": "0", "dep_dt": "1471036692", "route_id": "Red", "dwell_time_sec": "92"}, {"arr_dt": "1471036978", "direction": "0", "dep_dt": "1471037107", "route_id": "Red", "dwell_time_sec": "129"}, {"arr_dt": "1471037194", "direction": "0", "dep_dt": "1471037322", "route_id": "Red", "dwell_time_sec": "128"}, {"arr_dt": "1471037901", "direction": "0", "dep_dt": "1471038007", "route_id": "Red", "dwell_time_sec": "106"}, {"arr_dt": "1471038100", "direction": "0", "dep_dt": "1471038189", "route_id": "Red", "dwell_time_sec": "89"}, {"arr_dt": "1471038411", "direction": "0", "dep_dt": "1471038498", "route_id": "Red", "dwell_time_sec": "87"}, {"arr_dt": "1471038588", "direction": "0", "dep_dt": "1471038668", "route_id": "Red", "dwell_time_sec": "80"}, {"arr_dt": "1471038803", "direction": "0", "dep_dt": "1471038917", "route_id": "Red", "dwell_time_sec": "114"}, {"arr_dt": "1471038986", "direction": "0", "dep_dt": "1471039092", "route_id": "Red", "dwell_time_sec": "106"}, {"arr_dt": "1471039188", "direction": "0", "dep_dt": "1471039268", "route_id": "Red", "dwell_time_sec": "80"}, {"arr_dt": "1471039356", "direction": "0", "dep_dt": "1471039469", "route_id": "Red", "dwell_time_sec": "113"}, {"arr_dt": "1471039715", "direction": "0", "dep_dt": "1471039820", "route_id": "Red", "dwell_time_sec": "105"}, {"arr_dt": "1471039924", "direction": "0", "dep_dt": "1471040028", "route_id": "Red", "dwell_time_sec": "104"}, {"arr_dt": "1471040140", "direction": "0", "dep_dt": "1471040234", "route_id": "Red", "dwell_time_sec": "94"}, {"arr_dt": "1471040344", "direction": "0", "dep_dt": "1471040449", "route_id": "Red", "dwell_time_sec": "105"}, {"arr_dt": "1471040567", "direction": "0", "dep_dt": "1471040659", "route_id": "Red", "dwell_time_sec": "92"}, {"arr_dt": "1471040741", "direction": "0", "dep_dt": "1471040831", "route_id": "Red", "dwell_time_sec": "90"}, {"arr_dt": "1471040974", "direction": "0", "dep_dt": "1471041046", "route_id": "Red", "dwell_time_sec": "72"}, {"arr_dt": "1471041244", "direction": "0", "dep_dt": "1471041325", "route_id": "Red", "dwell_time_sec": "81"}, {"arr_dt": "1471041747", "direction": "0", "dep_dt": "1471041863", "route_id": "Red", "dwell_time_sec": "116"}, {"arr_dt": "1471041957", "direction": "0", "dep_dt": "1471042044", "route_id": "Red", "dwell_time_sec": "87"}, {"arr_dt": "1471042171", "direction": "0", "dep_dt": "1471042234", "route_id": "Red", "dwell_time_sec": "63"}, {"arr_dt": "1471042546", "direction": "0", "dep_dt": "1471042655", "route_id": "Red", "dwell_time_sec": "109"}, {"arr_dt": "1471042782", "direction": "0", "dep_dt": "1471042858", "route_id": "Red", "dwell_time_sec": "76"}, {"arr_dt": "1471042978", "direction": "0", "dep_dt": "1471043062", "route_id": "Red", "dwell_time_sec": "84"}, {"arr_dt": "1471043175", "direction": "0", "dep_dt": "1471043245", "route_id": "Red", "dwell_time_sec": "70"}, {"arr_dt": "1471043352", "direction": "0", "dep_dt": "1471043417", "route_id": "Red", "dwell_time_sec": "65"}, {"arr_dt": "1471043744", "direction": "0", "dep_dt": "1471043819", "route_id": "Red", "dwell_time_sec": "75"}, {"arr_dt": "1471043921", "direction": "0", "dep_dt": "1471044005", "route_id": "Red", "dwell_time_sec": "84"}, {"arr_dt": "1471044090", "direction": "0", "dep_dt": "1471044169", "route_id": "Red", "dwell_time_sec": "79"}, {"arr_dt": "1471044263", "direction": "0", "dep_dt": "1471044334", "route_id": "Red", "dwell_time_sec": "71"}, {"arr_dt": "1471044449", "direction": "0", "dep_dt": "1471044535", "route_id": "Red", "dwell_time_sec": "86"}, {"arr_dt": "1471044657", "direction": "0", "dep_dt": "1471044729", "route_id": "Red", "dwell_time_sec": "72"}, {"arr_dt": "1471045057", "direction": "0", "dep_dt": "1471045127", "route_id": "Red", "dwell_time_sec": "70"}, {"arr_dt": "1471045236", "direction": "0", "dep_dt": "1471045351", "route_id": "Red", "dwell_time_sec": "115"}, {"arr_dt": "1471045674", "direction": "0", "dep_dt": "1471045749", "route_id": "Red", "dwell_time_sec": "75"}, {"arr_dt": "1471045849", "direction": "0", "dep_dt": "1471045964", "route_id": "Red", "dwell_time_sec": "115"}, {"arr_dt": "1471046071", "direction": "0", "dep_dt": "1471046146", "route_id": "Red", "dwell_time_sec": "75"}, {"arr_dt": "1471046298", "direction": "0", "dep_dt": "1471046384", "route_id": "Red", "dwell_time_sec": "86"}, {"arr_dt": "1471046655", "direction": "0", "dep_dt": "1471046737", "route_id": "Red", "dwell_time_sec": "82"}, {"arr_dt": "1471046863", "direction": "0", "dep_dt": "1471046992", "route_id": "Red", "dwell_time_sec": "129"}, {"arr_dt": "1471047233", "direction": "0", "dep_dt": "1471047334", "route_id": "Red", "dwell_time_sec": "101"}, {"arr_dt": "1471047509", "direction": "0", "dep_dt": "1471047608", "route_id": "Red", "dwell_time_sec": "99"}, {"arr_dt": "1471047937", "direction": "0", "dep_dt": "1471048018", "route_id": "Red", "dwell_time_sec": "81"}, {"arr_dt": "1471048945", "direction": "0", "dep_dt": "1471049015", "route_id": "Red", "dwell_time_sec": "70"}, {"arr_dt": "1471049597", "direction": "0", "dep_dt": "1471049791", "route_id": "Red", "dwell_time_sec": "194"}, {"arr_dt": "1471050171", "direction": "0", "dep_dt": "1471050249", "route_id": "Red", "dwell_time_sec": "78"}, {"arr_dt": "1471050727", "direction": "0", "dep_dt": "1471050797", "route_id": "Red", "dwell_time_sec": "70"}, {"arr_dt": "1471050925", "direction": "0", "dep_dt": "1471050988", "route_id": "Red", "dwell_time_sec": "63"}, {"arr_dt": "1471051582", "direction": "0", "dep_dt": "1471051666", "route_id": "Red", "dwell_time_sec": "84"}, {"arr_dt": "1471052178", "direction": "0", "dep_dt": "1471052267", "route_id": "Red", "dwell_time_sec": "89"}, {"arr_dt": "1471052378", "direction": "0", "dep_dt": "1471052466", "route_id": "Red", "dwell_time_sec": "88"}, {"arr_dt": "1471052574", "direction": "0", "dep_dt": "1471052647", "route_id": "Red", "dwell_time_sec": "73"}, {"arr_dt": "1471052801", "direction": "0", "dep_dt": "1471052885", "route_id": "Red", "dwell_time_sec": "84"}, {"arr_dt": "1471053094", "direction": "0", "dep_dt": "1471053155", "route_id": "Red", "dwell_time_sec": "61"}, {"arr_dt": "1471053371", "direction": "0", "dep_dt": "1471053460", "route_id": "Red", "dwell_time_sec": "89"}, {"arr_dt": "1471053677", "direction": "0", "dep_dt": "1471053740", "route_id": "Red", "dwell_time_sec": "63"}, {"arr_dt": "1471054360", "direction": "0", "dep_dt": "1471054470", "route_id": "Red", "dwell_time_sec": "110"}, {"arr_dt": "1471054579", "direction": "0", "dep_dt": "1471054664", "route_id": "Red", "dwell_time_sec": "85"}, {"arr_dt": "1471054782", "direction": "0", "dep_dt": "1471054855", "route_id": "Red", "dwell_time_sec": "73"}, {"arr_dt": "1471055501", "direction": "0", "dep_dt": "1471055629", "route_id": "Red", "dwell_time_sec": "128"}, {"arr_dt": "1471055783", "direction": "0", "dep_dt": "1471055900", "route_id": "Red", "dwell_time_sec": "117"}, {"arr_dt": "1471056197", "direction": "0", "dep_dt": "1471056257", "route_id": "Red", "dwell_time_sec": "60"}, {"arr_dt": "1471056620", "direction": "0", "dep_dt": "1471056728", "route_id": "Red", "dwell_time_sec": "108"}, {"arr_dt": "1471057060", "direction": "0", "dep_dt": "1471057161", "route_id": "Red", "dwell_time_sec": "101"}, {"arr_dt": "1471057854", "direction": "0", "dep_dt": "1471058025", "route_id": "Red", "dwell_time_sec": "171"}, {"arr_dt": "1471058155", "direction": "0", "dep_dt": "1471058232", "route_id": "Red", "dwell_time_sec": "77"}, {"arr_dt": "1471058344", "direction": "0", "dep_dt": "1471058418", "route_id": "Red", "dwell_time_sec": "74"}, {"arr_dt": "1471058523", "direction": "0", "dep_dt": "1471058596", "route_id": "Red", "dwell_time_sec": "73"}, {"arr_dt": "1471058703", "direction": "0", "dep_dt": "1471058782", "route_id": "Red", "dwell_time_sec": "79"}, {"arr_dt": "1471058948", "direction": "0", "dep_dt": "1471059128", "route_id": "Red", "dwell_time_sec": "180"}, {"arr_dt": "1471059138", "direction": "0", "dep_dt": "1471059297", "route_id": "Red", "dwell_time_sec": "159"}, {"arr_dt": "1471059341", "direction": "0", "dep_dt": "1471059407", "route_id": "Red", "dwell_time_sec": "66"}, {"arr_dt": "1471059740", "direction": "0", "dep_dt": "1471059820", "route_id": "Red", "dwell_time_sec": "80"}, {"arr_dt": "1471060069", "direction": "0", "dep_dt": "1471060135", "route_id": "Red", "dwell_time_sec": "66"}, {"arr_dt": "1471060325", "direction": "0", "dep_dt": "1471060385", "route_id": "Red", "dwell_time_sec": "60"}]}