{"dwell_times": [{"arr_dt": "1470283222", "direction": "0", "dep_dt": "1470283289", "route_id": "Red", "dwell_time_sec": "67"}, {"arr_dt": "1470283534", "direction": "0", "dep_dt": "1470283618", "route_id": "Red", "dwell_time_sec": "84"}, {"arr_dt": "1470284052", "direction": "0", "dep_dt": "1470284137", "route_id": "Red", "dwell_time_sec": "85"}, {"arr_dt": "1470284502", "direction": "0", "dep_dt": "1470284614", "route_id": "Red", "dwell_time_sec": "112"}, {"arr_dt": "1470285064", "direction": "0", "dep_dt": "1470285137", "route_id": "Red", "dwell_time_sec": "73"}, {"arr_dt": "1470285244", "direction": "0", "dep_dt": "1470285335", "route_id": "Red", "dwell_time_sec": "91"}, {"arr_dt": "1470286203", "direction": "0", "dep_dt": "1470288106", "route_id": "Red", "dwell_time_sec": "1903"}, {"arr_dt": "1470303279", "direction": "0", "dep_dt": "1470303350", "route_id": "Red", "dwell_time_sec": "71"}, {"arr_dt": "1470303780", "direction": "0", "dep_dt": "1470303889", "route_id": "Red", "dwell_time_sec": "109"}, {"arr_dt": "1470304116", "direction": "0", "dep_dt": "1470304193", "route_id": "Red", "dwell_time_sec": "77"}, {"arr_dt": "1470304619", "direction": "0", "dep_dt": "1470304688", "route_id": "Red", "dwell_time_sec": "69"}, {"arr_dt": "1470305067", "direction": "0", "dep_dt": "1470305132", "route_id": "Red", "dwell_time_sec": "65"}, {"arr_dt": "1470305582", "direction": "0", "dep_dt": "1470305646", "route_id": "Red", "dwell_time_sec": "64"}, {"arr_dt": "1470306222", "direction": "0", "dep_dt": "1470306289", "route_id": "Red", "dwell_time_sec": "67"}, {"arr_dt": "1470306555", "direction": "0", "dep_dt": "1470306614", "route_id": "Red", "dwell_time_sec": "59"}, {"arr_dt": "1470306857", "direction": "0", "dep_dt": "1470306915", "route_id": "Red", "dwell_time_sec": "58"}, {"arr_dt": "1470307039", "direction": "0", "dep_dt": "1470307098", "route_id": "Red", "dwell_time_sec": "59"}, {"arr_dt": "1470307367", "direction": "0", "dep_dt": "1470307436", "route_id": "Red", "dwell_time_sec": "69"}, {"arr_dt": "1470307790", "direction": "0", "dep_dt": "1470307857", "route_id": "Red", "dwell_time_sec": "67"}, {"arr_dt": "1470308074", "direction": "0", "dep_dt": "1470308139", "route_id": "Red", "dwell_time_sec": "65"}, {"arr_dt": "1470308286", "direction": "0", "dep_dt": "1470308362", "route_id": "Red", "dwell_time_sec": "76"}, {"arr_dt": "1470308719", "direction": "0", "dep_dt": "1470308786", "route_id": "Red", "dwell_time_sec": "67"}, {"arr_dt": "1470309155", "direction": "0", "dep_dt": "1470309216", "route_id": "Red", "dwell_time_sec": "61"}, {"arr_dt": "1470309559", "direction": "0", "dep_dt": "1470309643", "route_id": "Red", "dwell_time_sec": "84"}, {"arr_dt": "1470309906", "direction": "0", "dep_dt": "1470309992", "route_id": "Red", "dwell_time_sec": "86"}, {"arr_dt": "1470310099", "direction": "0", "dep_dt": "1470310177", "route_id": "Red", "dwell_time_sec": "78"}, {"arr_dt": "1470310418", "direction": "0", "dep_dt": "1470310547", "route_id": "Red", "dwell_time_sec": "129"}, {"arr_dt": "1470310637", "direction": "0", "dep_dt": "1470310716", "route_id": "Red", "dwell_time_sec": "79"}, {"arr_dt": "1470310833", "direction": "0", "dep_dt": "1470310908", "route_id": "Red", "dwell_time_sec": "75"}, {"arr_dt": "1470311002", "direction": "0", "dep_dt": "1470311088", "route_id": "Red", "dwell_time_sec": "86"}, {"arr_dt": "1470311284", "direction": "0", "dep_dt": "1470311363", "route_id": "Red", "dwell_time_sec": "79"}, {"arr_dt": "1470311462", "direction": "0", "dep_dt": "1470311538", "route_id": "Red", "dwell_time_sec": "76"}, {"arr_dt": "1470311724", "direction": "0", "dep_dt": "1470311799", "route_id": "Red", "dwell_time_sec": "75"}, {"arr_dt": "1470311918", "direction": "0", "dep_dt": "1470312009", "route_id": "Red", "dwell_time_sec": "91"}, {"arr_dt": "1470312135", "direction": "0", "dep_dt": "1470312210", "route_id": "Red", "dwell_time_sec": "75"}, {"arr_dt": "1470312306", "direction": "0", "dep_dt": "1470312390", "route_id": "Red", "dwell_time_sec": "84"}, {"arr_dt": "1470312573", "direction": "0", "dep_dt": "1470312655", "route_id": "Red", "dwell_time_sec": "82"}, {"arr_dt": "1470312770", "direction": "0", "dep_dt": "1470312899", "route_id": "Red", "dwell_time_sec": "129"}, {"arr_dt": "1470313009", "direction": "0", "dep_dt": "1470313131", "route_id": "Red", "dwell_time_sec": "122"}, {"arr_dt": "1470313251", "direction": "0", "dep_dt": "1470313344", "route_id": "Red", "dwell_time_sec": "93"}, {"arr_dt": "1470313472", "direction": "0", "dep_dt": "1470313546", "route_id": "Red", "dwell_time_sec": "74"}, {"arr_dt": "1470313656", "direction": "0", "dep_dt": "1470313726", "route_id": "Red", "dwell_time_sec": "70"}, {"arr_dt": "1470313993", "direction": "0", "dep_dt": "1470314083", "route_id": "Red", "dwell_time_sec": "90"}, {"arr_dt": "1470314212", "direction": "0", "dep_dt": "1470314314", "route_id": "Red", "dwell_time_sec": "102"}, {"arr_dt": "1470314742", "direction": "0", "dep_dt": "1470314854", "route_id": "Red", "dwell_time_sec": "112"}, {"arr_dt": "1470314958", "direction": "0", "dep_dt": "1470315051", "route_id": "Red", "dwell_time_sec": "93"}, {"arr_dt": "1470315198", "direction": "0", "dep_dt": "1470315292", "route_id": "Red", "dwell_time_sec": "94"}, {"arr_dt": "1470315380", "direction": "0", "dep_dt": "1470315466", "route_id": "Red", "dwell_time_sec": "86"}, {"arr_dt": "1470315627", "direction": "0", "dep_dt": "1470315698", "route_id": "Red", "dwell_time_sec": "71"}, {"arr_dt": "1470315835", "direction": "0", "dep_dt": "1470315925", "route_id": "Red", "dwell_time_sec": "90"}, {"arr_dt": "1470316177", "direction": "0", "dep_dt": "1470316266", "route_id": "Red", "dwell_time_sec": "89"}, {"arr_dt": "1470316774", "direction": "0", "dep_dt": "1470316910", "route_id": "Red", "dwell_time_sec": "136"}, {"arr_dt": "1470317022", "direction": "0", "dep_dt": "1470317125", "route_id": "Red", "dwell_time_sec": "103"}, {"arr_dt": "1470317219", "direction": "0", "dep_dt": "1470317310", "route_id": "Red", "dwell_time_sec": "91"}, {"arr_dt": "1470317404", "direction": "0", "dep_dt": "1470317505", "route_id": "Red", "dwell_time_sec": "101"}, {"arr_dt": "1470317580", "direction": "0", "dep_dt": "1470317660", "route_id": "Red", "dwell_time_sec": "80"}, {"arr_dt": "1470317748", "direction": "0", "dep_dt": "1470317841", "route_id": "Red", "dwell_time_sec": "93"}, {"arr_dt": "1470317933", "direction": "0", "dep_dt": "1470318021", "route_id": "Red", "dwell_time_sec": "88"}, {"arr_dt": "1470318347", "direction": "0", "dep_dt": "1470318436", "route_id": "Red", "dwell_time_sec": "89"}, {"arr_dt": "1470318538", "direction": "0", "dep_dt": "1470318627", "route_id": "Red", "dwell_time_sec": "89"}, {"arr_dt": "1470318744", "direction": "0", "dep_dt": "1470318806", "route_id": "Red", "dwell_time_sec": "62"}, {"arr_dt": "1470318910", "direction": "0", "dep_dt": "1470318979", "route_id": "Red", "dwell_time_sec": "69"}, {"arr_dt": "1470319087", "direction": "0", "dep_dt": "1470319176", "route_id": "Red", "dwell_time_sec": "89"}, {"arr_dt": "1470319270", "direction": "0", "dep_dt": "1470319359", "route_id": "Red", "dwell_time_sec": "89"}, {"arr_dt": "1470319823", "direction": "0", "dep_dt": "1470319890", "route_id": "Red", "dwell_time_sec": "67"}, {"arr_dt": "1470319988", "direction": "0", "dep_dt": "1470320085", "route_id": "Red", "dwell_time_sec": "97"}, {"arr_dt": "1470320184", "direction": "0", "dep_dt": "1470320265", "route_id": "Red", "dwell_time_sec": "81"}, {"arr_dt": "1470320439", "direction": "0", "dep_dt": "1470320534", "route_id": "Red", "dwell_time_sec": "95"}, {"arr_dt": "1470320675", "direction": "0", "dep_dt": "1470320769", "route_id": "Red", "dwell_time_sec": "94"}, {"arr_dt": "1470320859", "direction": "0", "dep_dt": "1470320962", "route_id": "Red", "dwell_time_sec": "103"}, {"arr_dt": "1470321070", "direction": "0", "dep_dt": "1470321149", "route_id": "Red", "dwell_time_sec": "79"}, {"arr_dt": "1470321485", "direction": "0", "dep_dt": "1470321555", "route_id": "Red", "dwell_time_sec": "70"}, {"arr_dt": "1470321944", "direction": "0", "dep_dt": "1470322017", "route_id": "Red", "dwell_time_sec": "73"}, {"arr_dt": "1470322214", "direction": "0", "dep_dt": "1470322290", "route_id": "Red", "dwell_time_sec": "76"}, {"arr_dt": "1470322624", "direction": "0", "dep_dt": "1470322697", "route_id": "Red", "dwell_time_sec": "73"}, {"arr_dt": "1470322809", "direction": "0", "dep_dt": "1470322888", "route_id": "Red", "dwell_time_sec": "79"}, {"arr_dt": "1470323332", "direction": "0", "dep_dt": "1470323407", "route_id": "Red", "dwell_time_sec": "75"}, {"arr_dt": "1470323537", "direction": "0", "dep_dt": "1470323605", "route_id": "Red", "dwell_time_sec": "68"}, {"arr_dt": "1470324153", "direction": "0", "dep_dt": "1470324288", "route_id": "Red", "dwell_time_sec": "135"}, {"arr_dt": "1470324540", "direction": "0", "dep_dt": "1470324621", "route_id": "Red", "dwell_time_sec": "81"}, {"arr_dt": "1470324731", "direction": "0", "dep_dt": "1470324844", "route_id": "Red", "dwell_time_sec": "113"}, {"arr_dt": "1470324946", "direction": "0", "dep_dt": "1470325054", "route_id": "Red", "dwell_time_sec": "108"}, {"arr_dt": "1470325440", "direction": "0", "dep_dt": "1470325531", "route_id": "Red", "dwell_time_sec": "91"}, {"arr_dt": "1470325757", "direction": "0", "dep_dt": "1470325841", "route_id": "Red", "dwell_time_sec": "84"}, {"arr_dt": "1470325962", "direction": "0", "dep_dt": "1470326071", "route_id": "Red", "dwell_time_sec": "109"}, {"arr_dt": "1470326351", "direction": "0", "dep_dt": "1470326435", "route_id": "Red", "dwell_time_sec": "84"}, {"arr_dt": "1470326778", "direction": "0", "dep_dt": "1470326864", "route_id": "Red", "dwell_time_sec": "86"}, {"arr_dt": "1470327272", "direction": "0", "dep_dt": "1470327341", "route_id": "Red", "dwell_time_sec": "69"}, {"arr_dt": "1470327542", "direction": "0", "dep_dt": "1470327621", "route_id": "Red", "dwell_time_sec": "79"}, {"arr_dt": "1470328136", "direction": "0", "dep_dt": "1470328234", "route_id": "Red", "dwell_time_sec": "98"}, {"arr_dt": "1470328390", "direction": "0", "dep_dt": "1470328458", "route_id": "Red", "dwell_time_sec": "68"}, {"arr_dt": "1470329027", "direction": "0", "dep_dt": "1470329111", "route_id": "Red", "dwell_time_sec": "84"}, {"arr_dt": "1470329683", "direction": "0", "dep_dt": "1470329765", "route_id": "Red", "dwell_time_sec": "82"}, {"arr_dt": "1470330171", "direction": "0", "dep_dt": "1470330244", "route_id": "Red", "dwell_time_sec": "73"}, {"arr_dt": "1470330624", "direction": "0", "dep_dt": "1470330714", "route_id": "Red", "dwell_time_sec": "90"}, {"arr_dt": "1470330978", "direction": "0", "dep_dt": "1470331518", "route_id": "Red", "dwell_time_sec": "540"}, {"arr_dt": "1470331621", "direction": "0", "dep_dt": "1470331703", "route_id": "Red", "dwell_time_sec": "82"}, {"arr_dt": "1470331929", "direction": "0", "dep_dt": "1470332003", "route_id": "Red", "dwell_time_sec": "74"}, {"arr_dt": "1470332125", "direction": "0", "dep_dt": "1470332314", "route_id": "Red", "dwell_time_sec": "189"}, {"arr_dt": "1470332741", "direction": "0", "dep_dt": "1470332818", "route_id": "Red", "dwell_time_sec": "77"}, {"arr_dt": "1470333226", "direction": "0", "dep_dt": "1470333316", "route_id": "Red", "dwell_time_sec": "90"}, {"arr_dt": "1470333666", "direction": "0", "dep_dt": "1470333745", "route_id": "Red", "dwell_time_sec": "79"}, {"arr_dt": "1470334027", "direction": "0", "dep_dt": "1470334099", "route_id": "Red", "dwell_time_sec": "72"}, {"arr_dt": "1470334355", "direction": "0", "dep_dt": "1470334443", "route_id": "Red", "dwell_time_sec": "88"}, {"arr_dt": "1470335158", "direction": "0", "dep_dt": "1470335265", "route_id": "Red", "dwell_time_sec": "107"}, {"arr_dt": "1470335493", "direction": "0", "dep_dt": "1470335570", "route_id": "Red", "dwell_time_sec": "77"}, {"arr_dt": "1470335945", "direction": "0", "dep_dt": "1470336033", "route_id": "Red", "dwell_time_sec": "88"}, {"arr_dt": "1470336544", "direction": "0", "dep_dt": "1470336641", "route_id": "Red", "dwell_time_sec": "97"}, {"arr_dt": "1470336855", "direction": "0", "dep_dt": "1470336941", "route_id": "Red", "dwell_time_sec": "86"}, {"arr_dt": "1470337203", "direction": "0", "dep_dt": "1470337301", "route_id": "Red", "dwell_time_sec": "98"}, {"arr_dt": "1470337815", "direction": "0", "dep_dt": "1470337925", "route_id": "Red", "dwell_time_sec": "110"}, {"arr_dt": "1470338348", "direction": "0", "dep_dt": "1470338456", "route_id": "Red", "dwell_time_sec": "108"}, {"arr_dt": "1470338591", "direction": "0", "dep_dt": "1470338679", "route_id": "Red", "dwell_time_sec": "88"}, {"arr_dt": "1470338888", "direction": "0", "dep_dt": "1470338963", "route_id": "Red", "dwell_time_sec": "75"}, {"arr_dt": "1470339348", "direction": "0", "dep_dt": "1470339459", "route_id": "Red", "dwell_time_sec": "111"}, {"arr_dt": "1470339806", "direction": "0", "dep_dt": "1470339921", "route_id": "Red", "dwell_time_sec": "115"}, {"arr_dt": "1470340032", "direction": "0", "dep_dt": "1470340128", "route_id": "Red", "dwell_time_sec": "96"}, {"arr_dt": "1470340649", "direction": "0", "dep_dt": "1470340722", "route_id": "Red", "dwell_time_sec": "73"}, {"arr_dt": "1470340993", "direction": "0", "dep_dt": "1470341151", "route_id": "Red", "dwell_time_sec": "158"}, {"arr_dt": "1470341303", "direction": "0", "dep_dt": "1470341396", "route_id": "Red", "dwell_time_sec": "93"}, {"arr_dt": "1470341514", "direction": "0", "dep_dt": "1470341638", "route_id": "Red", "dwell_time_sec": "124"}, {"arr_dt": "1470341787", "direction": "0", "dep_dt": "1470341885", "route_id": "Red", "dwell_time_sec": "98"}, {"arr_dt": "1470342042", "direction": "0", "dep_dt": "1470342128", "route_id": "Red", "dwell_time_sec": "86"}, {"arr_dt": "1470342305", "direction": "0", "dep_dt": "1470342395", "route_id": "Red", "dwell_time_sec": "90"}, {"arr_dt": "1470342704", "direction": "0", "dep_dt": "1470342818", "route_id": "Red", "dwell_time_sec": "114"}, {"arr_dt": "1470343007", "direction": "0", "dep_dt": "1470343138", "route_id": "Red", "dwell_time_sec": "131"}, {"arr_dt": "1470343251", "direction": "0", "dep_dt": "1470343391", "route_id": "Red", "dwell_time_sec": "140"}, {"arr_dt": "1470343500", "direction": "0", "dep_dt": "1470343591", "route_id": "Red", "dwell_time_sec": "91"}, {"arr_dt": "1470343711", "direction": "0", "dep_dt": "1470343810", "route_id": "Red", "dwell_time_sec": "99"}, {"arr_dt": "1470343923", "direction": "0", "dep_dt": "1470344016", "route_id": "Red", "dwell_time_sec": "93"}, {"arr_dt": "1470344129", "direction": "0", "dep_dt": "1470344213", "route_id": "Red", "dwell_time_sec": "84"}, {"arr_dt": "1470344361", "direction": "0", "dep_dt": "1470344458", "route_id": "Red", "dwell_time_sec": "97"}, {"arr_dt": "1470344559", "direction": "0", "dep_dt": "1470344670", "route_id": "Red", "dwell_time_sec": "111"}, {"arr_dt": "1470344765", "direction": "0", "dep_dt": "1470344860", "route_id": "Red", "dwell_time_sec": "95"}, {"arr_dt": "1470345049", "direction": "0", "dep_dt": "1470345168", "route_id": "Red", "dwell_time_sec": "119"}, {"arr_dt": "1470345285", "direction": "0", "dep_dt": "1470345403", "route_id": "Red", "dwell_time_sec": "118"}, {"arr_dt": "1470345498", "direction": "0", "dep_dt": "1470345604", "route_id": "Red", "dwell_time_sec": "106"}, {"arr_dt": "1470345779", "direction": "0", "dep_dt": "1470345896", "route_id": "Red", "dwell_time_sec": "117"}, {"arr_dt": "1470345999", "direction": "0", "dep_dt": "1470346101", "route_id": "Red", "dwell_time_sec": "102"}, {"arr_dt": "1470346367", "direction": "0", "dep_dt": "1470346492", "route_id": "Red", "dwell_time_sec": "125"}, {"arr_dt": "1470346766", "direction": "0", "dep_dt": "1470346906", "route_id": "Red", "dwell_time_sec": "140"}, {"arr_dt": "1470346994", "direction": "0", "dep_dt": "1470347084", "route_id": "Red", "dwell_time_sec": "90"}, {"arr_dt": "1470347264", "direction": "0", "dep_dt": "1470347364", "route_id": "Red", "dwell_time_sec": "100"}, {"arr_dt": "1470347492", "direction": "0", "dep_dt": "1470347600", "route_id": "Red", "dwell_time_sec": "108"}, {"arr_dt": "1470347697", "direction": "0", "dep_dt": "1470347795", "route_id": "Red", "dwell_time_sec": "98"}, {"arr_dt": "1470347896", "direction": "0", "dep_dt": "1470347997", "route_id": "Red", "dwell_time_sec": "101"}, {"arr_dt": "1470348400", "direction": "0", "dep_dt": "1470348514", "route_id": "Red", "dwell_time_sec": "114"}, {"arr_dt": "1470348613", "direction": "0", "dep_dt": "1470348714", "route_id": "Red", "dwell_time_sec": "101"}, {"arr_dt": "1470348885", "direction": "0", "dep_dt": "1470349001", "route_id": "Red", "dwell_time_sec": "116"}, {"arr_dt": "1470349142", "direction": "0", "dep_dt": "1470349339", "route_id": "Red", "dwell_time_sec": "197"}, {"arr_dt": "1470349416", "direction": "0", "dep_dt": "1470349512", "route_id": "Red", "dwell_time_sec": "96"}, {"arr_dt": "1470349619", "direction": "0", "dep_dt": "1470349711", "route_id": "Red", "dwell_time_sec": "92"}, {"arr_dt": "1470349834", "direction": "0", "dep_dt": "1470349954", "route_id": "Red", "dwell_time_sec": "120"}, {"arr_dt": "1470350234", "direction": "0", "dep_dt": "1470350357", "route_id": "Red", "dwell_time_sec": "123"}, {"arr_dt": "1470350463", "direction": "0", "dep_dt": "1470350553", "route_id": "Red", "dwell_time_sec": "90"}, {"arr_dt": "1470350716", "direction": "0", "dep_dt": "1470350797", "route_id": "Red", "dwell_time_sec": "81"}, {"arr_dt": "1470350910", "direction": "0", "dep_dt": "1470351009", "route_id": "Red", "dwell_time_sec": "99"}, {"arr_dt": "1470351126", "direction": "0", "dep_dt": "1470351190", "route_id": "Red", "dwell_time_sec": "64"}, {"arr_dt": "1470351322", "direction": "0", "dep_dt": "1470351389", "route_id": "Red", "dwell_time_sec": "67"}, {"arr_dt": "1470351511", "direction": "0", "dep_dt": "1470351582", "route_id": "Red", "dwell_time_sec": "71"}, {"arr_dt": "1470351859", "direction": "0", "dep_dt": "1470351933", "route_id": "Red", "dwell_time_sec": "74"}, {"arr_dt": "1470352157", "direction": "0", "dep_dt": "1470352228", "route_id": "Red", "dwell_time_sec": "71"}, {"arr_dt": "1470352340", "direction": "0", "dep_dt": "1470352409", "route_id": "Red", "dwell_time_sec": "69"}, {"arr_dt": "1470352706", "direction": "0", "dep_dt": "1470352797", "route_id": "Red", "dwell_time_sec": "91"}, {"arr_dt": "1470352900", "direction": "0", "dep_dt": "1470352986", "route_id": "Red", "dwell_time_sec": "86"}, {"arr_dt": "1470353097", "direction": "0", "dep_dt": "1470353166", "route_id": "Red", "dwell_time_sec": "69"}, {"arr_dt": "1470353382", "direction": "0", "dep_dt": "1470353464", "route_id": "Red", "dwell_time_sec": "82"}, {"arr_dt": "1470353664", "direction": "0", "dep_dt": "1470353772", "route_id": "Red", "dwell_time_sec": "108"}, {"arr_dt": "1470353980", "direction": "0", "dep_dt": "1470354054", "route_id": "Red", "dwell_time_sec": "74"}, {"arr_dt": "1470354171", "direction": "0", "dep_dt": "1470354246", "route_id": "Red", "dwell_time_sec": "75"}, {"arr_dt": "1470354540", "direction": "0", "dep_dt": "1470354631", "route_id": "Red", "dwell_time_sec": "91"}, {"arr_dt": "1470354734", "direction": "0", "dep_dt": "1470354808", "route_id": "Red", "dwell_time_sec": "74"}, {"arr_dt": "1470355007", "direction": "0", "dep_dt": "1470355086", "route_id": "Red", "dwell_time_sec": "79"}, {"arr_dt": "1470355218", "direction": "0", "dep_dt": "1470355319", "route_id": "Red", "dwell_time_sec": "101"}, {"arr_dt": "1470355533", "direction": "0", "dep_dt": "1470355605", "route_id": "Red", "dwell_time_sec": "72"}, {"arr_dt": "1470355809", "direction": "0", "dep_dt": "1470355872", "route_id": "Red", "dwell_time_sec": "63"}, {"arr_dt": "1470356552", "direction": "0", "dep_dt": "1470356622", "route_id": "Red", "dwell_time_sec": "70"}, {"arr_dt": "1470356766", "direction": "0", "dep_dt": "1470356845", "route_id": "Red", "dwell_time_sec": "79"}, {"arr_dt": "1470357172", "direction": "0", "dep_dt": "1470357250", "route_id": "Red", "dwell_time_sec": "78"}, {"arr_dt": "1470357413", "direction": "0", "dep_dt": "1470357500", "route_id": "Red", "dwell_time_sec": "87"}, {"arr_dt": "1470357643", "direction": "0", "dep_dt": "1470357710", "route_id": "Red", "dwell_time_sec": "67"}, {"arr_dt": "1470358227", "direction": "0", "dep_dt": "1470358321", "route_id": "Red", "dwell_time_sec": "94"}, {"arr_dt": "1470358530", "direction": "0", "dep_dt": "1470358606", "route_id": "Red", "dwell_time_sec": "76"}, {"arr_dt": "1470358836", "direction": "0", "dep_dt": "1470358900", "route_id": "Red", "dwell_time_sec": "64"}, {"arr_dt": "1470359094", "direction": "0", "dep_dt": "1470359156", "route_id": "Red", "dwell_time_sec": "62"}, {"arr_dt": "1470359567", "direction": "0", "dep_dt": "1470359647", "route_id": "Red", "dwell_time_sec": "80"}, {"arr_dt": "1470360106", "direction": "0", "dep_dt": "1470360187", "route_id": "Red", "dwell_time_sec": "81"}, {"arr_dt": "1470360285", "direction": "0", "dep_dt": "1470360381", "route_id": "Red", "dwell_time_sec": "96"}, {"arr_dt": "1470361092", "direction": "0", "dep_dt": "1470361192", "route_id": "Red", "dwell_time_sec": "100"}, {"arr_dt": "1470361300", "direction": "0", "dep_dt": "1470361372", "route_id": "Red", "dwell_time_sec": "72"}, {"arr_dt": "1470361685", "direction": "0", "dep_dt": "1470361773", "route_id": "Red", "dwell_time_sec": "88"}, {"arr_dt": "1470361956", "direction": "0", "dep_dt": "1470362030", "route_id": "Red", "dwell_time_sec": "74"}, {"arr_dt": "1470362512", "direction": "0", "dep_dt": "1470362576", "route_id": "Red", "dwell_time_sec": "64"}, {"arr_dt": "1470362972", "direction": "0", "dep_dt": "1470363048", "route_id": "Red", "dwell_time_sec": "76"}, {"arr_dt": "1470363426", "direction": "0", "dep_dt": "1470363506", "route_id": "Red", "dwell_time_sec": "80"}, {"arr_dt": "1470363669", "direction": "0", "dep_dt": "1470363738", "route_id": "Red", "dwell_time_sec": "69"}, {"arr_dt": "1470363860", "direction": "0", "dep_dt": "1470363931", "route_id": "Red", "dwell_time_sec": "71"}, {"arr_dt": "1470364066", "direction": "0", "dep_dt": "1470364130", "route_id": "Red", "dwell_time_sec": "64"}, {"arr_dt": "1470364342", "direction": "0", "dep_dt": "1470364409", "route_id": "Red", "dwell_time_sec": "67"}, {"arr_dt": "1470364731", "direction": "0", "dep_dt": "1470364795", "route_id": "Red", "dwell_time_sec": "64"}, {"arr_dt": "1470365034", "direction": "0", "dep_dt": "1470365090", "route_id": "Red", "dwell_time_sec": "56"}, {"arr_dt": "1470365567", "direction": "0", "dep_dt": "1470365632", "route_id": "Red", "dwell_time_sec": "65"}, {"arr_dt": "1470365772", "direction": "0", "dep_dt": "1470365847", "route_id": "Red", "dwell_time_sec": "75"}, {"arr_dt": "1470366274", "direction": "0", "dep_dt": "1470366353", "route_id": "Red", "dwell_time_sec": "79"}, {"arr_dt": "1470366471", "direction": "0", "dep_dt": "1470366717", "route_id": "Red", "dwell_time_sec": "246"}, {"arr_dt": "1470367075", "direction": "0", "dep_dt": "1470367158", "route_id": "Red", "dwell_time_sec": "83"}, {"arr_dt": "1470367390", "direction": "0", "dep_dt": "1470367464", "route_id": "Red", "dwell_time_sec": "74"}, {"arr_dt": "1470367714", "direction": "0", "dep_dt": "1470367770", "route_id": "Red", "dwell_time_sec": "56"}, {"arr_dt": "1470368273", "direction": "0", "dep_dt": "1470368345", "route_id": "Red", "dwell_time_sec": "72"}, {"arr_dt": "1470368468", "direction": "0", "dep_dt": "1470368535", "route_id": "Red", "dwell_time_sec": "67"}, {"arr_dt": "1470368926", "direction": "0", "dep_dt": "1470369003", "route_id": "Red", "dwell_time_sec": "77"}, {"arr_dt": "1470369217", "direction": "0", "dep_dt": "1470369280", "route_id": "Red", "dwell_time_sec": "63"}]}