{"dwell_times": [{"arr_dt": "1452508455", "direction": "0", "dep_dt": "1452508514", "route_id": "Red", "dwell_time_sec": "59"}, {"arr_dt": "1452509017", "direction": "0", "dep_dt": "1452509082", "route_id": "Red", "dwell_time_sec": "65"}, {"arr_dt": "1452509184", "direction": "0", "dep_dt": "1452509258", "route_id": "Red", "dwell_time_sec": "74"}, {"arr_dt": "1452510399", "direction": "0", "dep_dt": "1452510462", "route_id": "Red", "dwell_time_sec": "63"}, {"arr_dt": "1452510678", "direction": "0", "dep_dt": "1452510758", "route_id": "Red", "dwell_time_sec": "80"}, {"arr_dt": "1452511087", "direction": "0", "dep_dt": "1452511194", "route_id": "Red", "dwell_time_sec": "107"}, {"arr_dt": "1452511581", "direction": "0", "dep_dt": "1452511649", "route_id": "Red", "dwell_time_sec": "68"}, {"arr_dt": "1452511968", "direction": "0", "dep_dt": "1452512032", "route_id": "Red", "dwell_time_sec": "64"}, {"arr_dt": "1452512267", "direction": "0", "dep_dt": "1452512331", "route_id": "Red", "dwell_time_sec": "64"}, {"arr_dt": "1452512517", "direction": "0", "dep_dt": "1452512584", "route_id": "Red", "dwell_time_sec": "67"}, {"arr_dt": "1452512935", "direction": "0", "dep_dt": "1452513015", "route_id": "Red", "dwell_time_sec": "80"}, {"arr_dt": "1452513388", "direction": "0", "dep_dt": "1452513457", "route_id": "Red", "dwell_time_sec": "69"}, {"arr_dt": "1452513618", "direction": "0", "dep_dt": "1452513685", "route_id": "Red", "dwell_time_sec": "67"}, {"arr_dt": "1452513993", "direction": "0", "dep_dt": "1452514100", "route_id": "Red", "dwell_time_sec": "107"}, {"arr_dt": "1452514205", "direction": "0", "dep_dt": "1452514265", "route_id": "Red", "dwell_time_sec": "60"}, {"arr_dt": "1452514537", "direction": "0", "dep_dt": "1452514643", "route_id": "Red", "dwell_time_sec": "106"}, {"arr_dt": "1452514770", "direction": "0", "dep_dt": "1452514842", "route_id": "Red", "dwell_time_sec": "72"}, {"arr_dt": "1452515014", "direction": "0", "dep_dt": "1452515101", "route_id": "Red", "dwell_time_sec": "87"}, {"arr_dt": "1452515517", "direction": "0", "dep_dt": "1452515619", "route_id": "Red", "dwell_time_sec": "102"}, {"arr_dt": "1452515756", "direction": "0", "dep_dt": "1452515837", "route_id": "Red", "dwell_time_sec": "81"}, {"arr_dt": "1452516068", "direction": "0", "dep_dt": "1452516151", "route_id": "Red", "dwell_time_sec": "83"}, {"arr_dt": "1452516266", "direction": "0", "dep_dt": "1452516370", "route_id": "Red", "dwell_time_sec": "104"}, {"arr_dt": "1452516509", "direction": "0", "dep_dt": "1452516598", "route_id": "Red", "dwell_time_sec": "89"}, {"arr_dt": "1452516716", "direction": "0", "dep_dt": "1452516804", "route_id": "Red", "dwell_time_sec": "88"}, {"arr_dt": "1452517055", "direction": "0", "dep_dt": "1452517133", "route_id": "Red", "dwell_time_sec": "78"}, {"arr_dt": "1452517256", "direction": "0", "dep_dt": "1452517351", "route_id": "Red", "dwell_time_sec": "95"}, {"arr_dt": "1452517493", "direction": "0", "dep_dt": "1452517612", "route_id": "Red", "dwell_time_sec": "119"}, {"arr_dt": "1452517713", "direction": "0", "dep_dt": "1452517821", "route_id": "Red", "dwell_time_sec": "108"}, {"arr_dt": "1452517980", "direction": "0", "dep_dt": "1452518072", "route_id": "Red", "dwell_time_sec": "92"}, {"arr_dt": "1452518167", "direction": "0", "dep_dt": "1452518248", "route_id": "Red", "dwell_time_sec": "81"}, {"arr_dt": "1452518423", "direction": "0", "dep_dt": "1452518520", "route_id": "Red", "dwell_time_sec": "97"}, {"arr_dt": "1452518645", "direction": "0", "dep_dt": "1452518807", "route_id": "Red", "dwell_time_sec": "162"}, {"arr_dt": "1452518923", "direction": "0", "dep_dt": "1452519013", "route_id": "Red", "dwell_time_sec": "90"}, {"arr_dt": "1452519161", "direction": "0", "dep_dt": "1452519288", "route_id": "Red", "dwell_time_sec": "127"}, {"arr_dt": "1452519380", "direction": "0", "dep_dt": "1452519493", "route_id": "Red", "dwell_time_sec": "113"}, {"arr_dt": "1452519569", "direction": "0", "dep_dt": "1452519663", "route_id": "Red", "dwell_time_sec": "94"}, {"arr_dt": "1452519832", "direction": "0", "dep_dt": "1452519968", "route_id": "Red", "dwell_time_sec": "136"}, {"arr_dt": "1452520040", "direction": "0", "dep_dt": "1452520152", "route_id": "Red", "dwell_time_sec": "112"}, {"arr_dt": "1452520272", "direction": "0", "dep_dt": "1452520364", "route_id": "Red", "dwell_time_sec": "92"}, {"arr_dt": "1452520490", "direction": "0", "dep_dt": "1452520581", "route_id": "Red", "dwell_time_sec": "91"}, {"arr_dt": "1452520909", "direction": "0", "dep_dt": "1452521022", "route_id": "Red", "dwell_time_sec": "113"}, {"arr_dt": "1452521191", "direction": "0", "dep_dt": "1452521297", "route_id": "Red", "dwell_time_sec": "106"}, {"arr_dt": "1452521670", "direction": "0", "dep_dt": "1452521788", "route_id": "Red", "dwell_time_sec": "118"}, {"arr_dt": "1452522057", "direction": "0", "dep_dt": "1452522155", "route_id": "Red", "dwell_time_sec": "98"}, {"arr_dt": "1452522308", "direction": "0", "dep_dt": "1452522407", "route_id": "Red", "dwell_time_sec": "99"}, {"arr_dt": "1452522504", "direction": "0", "dep_dt": "1452522606", "route_id": "Red", "dwell_time_sec": "102"}, {"arr_dt": "1452522705", "direction": "0", "dep_dt": "1452522788", "route_id": "Red", "dwell_time_sec": "83"}, {"arr_dt": "1452522894", "direction": "0", "dep_dt": "1452523024", "route_id": "Red", "dwell_time_sec": "130"}, {"arr_dt": "1452523128", "direction": "0", "dep_dt": "1452523217", "route_id": "Red", "dwell_time_sec": "89"}, {"arr_dt": "1452523326", "direction": "0", "dep_dt": "1452523393", "route_id": "Red", "dwell_time_sec": "67"}, {"arr_dt": "1452523596", "direction": "0", "dep_dt": "1452523849", "route_id": "Red", "dwell_time_sec": "253"}, {"arr_dt": "1452523940", "direction": "0", "dep_dt": "1452524005", "route_id": "Red", "dwell_time_sec": "65"}, {"arr_dt": "1452524158", "direction": "0", "dep_dt": "1452524253", "route_id": "Red", "dwell_time_sec": "95"}, {"arr_dt": "1452524347", "direction": "0", "dep_dt": "1452524444", "route_id": "Red", "dwell_time_sec": "97"}, {"arr_dt": "1452524698", "direction": "0", "dep_dt": "1452524765", "route_id": "Red", "dwell_time_sec": "67"}, {"arr_dt": "1452525138", "direction": "0", "dep_dt": "1452525238", "route_id": "Red", "dwell_time_sec": "100"}, {"arr_dt": "1452525333", "direction": "0", "dep_dt": "1452525448", "route_id": "Red", "dwell_time_sec": "115"}, {"arr_dt": "1452525537", "direction": "0", "dep_dt": "1452525627", "route_id": "Red", "dwell_time_sec": "90"}, {"arr_dt": "1452525722", "direction": "0", "dep_dt": "1452525795", "route_id": "Red", "dwell_time_sec": "73"}, {"arr_dt": "1452525925", "direction": "0", "dep_dt": "1452526001", "route_id": "Red", "dwell_time_sec": "76"}, {"arr_dt": "1452526190", "direction": "0", "dep_dt": "1452526259", "route_id": "Red", "dwell_time_sec": "69"}, {"arr_dt": "1452526373", "direction": "0", "dep_dt": "1452526466", "route_id": "Red", "dwell_time_sec": "93"}, {"arr_dt": "1452526562", "direction": "0", "dep_dt": "1452526616", "route_id": "Red", "dwell_time_sec": "54"}, {"arr_dt": "1452526861", "direction": "0", "dep_dt": "1452526949", "route_id": "Red", "dwell_time_sec": "88"}, {"arr_dt": "1452527034", "direction": "0", "dep_dt": "1452527104", "route_id": "Red", "dwell_time_sec": "70"}, {"arr_dt": "1452527499", "direction": "0", "dep_dt": "1452527566", "route_id": "Red", "dwell_time_sec": "67"}, {"arr_dt": "1452527802", "direction": "0", "dep_dt": "1452527882", "route_id": "Red", "dwell_time_sec": "80"}, {"arr_dt": "1452528054", "direction": "0", "dep_dt": "1452528116", "route_id": "Red", "dwell_time_sec": "62"}, {"arr_dt": "1452528392", "direction": "0", "dep_dt": "1452528461", "route_id": "Red", "dwell_time_sec": "69"}, {"arr_dt": "1452528753", "direction": "0", "dep_dt": "1452528824", "route_id": "Red", "dwell_time_sec": "71"}, {"arr_dt": "1452529234", "direction": "0", "dep_dt": "1452529302", "route_id": "Red", "dwell_time_sec": "68"}, {"arr_dt": "1452529416", "direction": "0", "dep_dt": "1452529479", "route_id": "Red", "dwell_time_sec": "63"}, {"arr_dt": "1452529758", "direction": "0", "dep_dt": "1452529831", "route_id": "Red", "dwell_time_sec": "73"}, {"arr_dt": "1452530123", "direction": "0", "dep_dt": "1452530206", "route_id": "Red", "dwell_time_sec": "83"}, {"arr_dt": "1452530749", "direction": "0", "dep_dt": "1452530837", "route_id": "Red", "dwell_time_sec": "88"}, {"arr_dt": "1452531036", "direction": "0", "dep_dt": "1452531106", "route_id": "Red", "dwell_time_sec": "70"}, {"arr_dt": "1452531320", "direction": "0", "dep_dt": "1452531380", "route_id": "Red", "dwell_time_sec": "60"}, {"arr_dt": "1452531793", "direction": "0", "dep_dt": "1452531885", "route_id": "Red", "dwell_time_sec": "92"}, {"arr_dt": "1452531996", "direction": "0", "dep_dt": "1452532056", "route_id": "Red", "dwell_time_sec": "60"}, {"arr_dt": "1452532538", "direction": "0", "dep_dt": "1452532640", "route_id": "Red", "dwell_time_sec": "102"}, {"arr_dt": "1452533004", "direction": "0", "dep_dt": "1452533086", "route_id": "Red", "dwell_time_sec": "82"}, {"arr_dt": "1452533310", "direction": "0", "dep_dt": "1452533372", "route_id": "Red", "dwell_time_sec": "62"}, {"arr_dt": "1452533765", "direction": "0", "dep_dt": "1452533832", "route_id": "Red", "dwell_time_sec": "67"}, {"arr_dt": "1452534362", "direction": "0", "dep_dt": "1452534445", "route_id": "Red", "dwell_time_sec": "83"}, {"arr_dt": "1452534671", "direction": "0", "dep_dt": "1452534743", "route_id": "Red", "dwell_time_sec": "72"}, {"arr_dt": "1452535042", "direction": "0", "dep_dt": "1452535124", "route_id": "Red", "dwell_time_sec": "82"}, {"arr_dt": "1452535607", "direction": "0", "dep_dt": "1452535723", "route_id": "Red", "dwell_time_sec": "116"}, {"arr_dt": "1452535840", "direction": "0", "dep_dt": "1452535909", "route_id": "Red", "dwell_time_sec": "69"}, {"arr_dt": "1452536257", "direction": "0", "dep_dt": "1452536324", "route_id": "Red", "dwell_time_sec": "67"}, {"arr_dt": "1452536736", "direction": "0", "dep_dt": "1452536807", "route_id": "Red", "dwell_time_sec": "71"}, {"arr_dt": "1452538051", "direction": "0", "dep_dt": "1452538150", "route_id": "Red", "dwell_time_sec": "99"}, {"arr_dt": "1452538664", "direction": "0", "dep_dt": "1452538739", "route_id": "Red", "dwell_time_sec": "75"}, {"arr_dt": "1452539179", "direction": "0", "dep_dt": "1452539248", "route_id": "Red", "dwell_time_sec": "69"}, {"arr_dt": "1452540224", "direction": "0", "dep_dt": "1452540328", "route_id": "Red", "dwell_time_sec": "104"}, {"arr_dt": "1452540523", "direction": "0", "dep_dt": "1452540600", "route_id": "Red", "dwell_time_sec": "77"}, {"arr_dt": "1452540807", "direction": "0", "dep_dt": "1452540880", "route_id": "Red", "dwell_time_sec": "73"}, {"arr_dt": "1452541160", "direction": "0", "dep_dt": "1452541231", "route_id": "Red", "dwell_time_sec": "71"}, {"arr_dt": "1452541393", "direction": "0", "dep_dt": "1452541465", "route_id": "Red", "dwell_time_sec": "72"}, {"arr_dt": "1452541848", "direction": "0", "dep_dt": "1452541953", "route_id": "Red", "dwell_time_sec": "105"}, {"arr_dt": "1452542067", "direction": "0", "dep_dt": "1452542161", "route_id": "Red", "dwell_time_sec": "94"}, {"arr_dt": "1452542334", "direction": "0", "dep_dt": "1452542393", "route_id": "Red", "dwell_time_sec": "59"}, {"arr_dt": "1452542686", "direction": "0", "dep_dt": "1452542785", "route_id": "Red", "dwell_time_sec": "99"}, {"arr_dt": "1452542915", "direction": "0", "dep_dt": "1452542983", "route_id": "Red", "dwell_time_sec": "68"}, {"arr_dt": "1452543108", "direction": "0", "dep_dt": "1452543180", "route_id": "Red", "dwell_time_sec": "72"}, {"arr_dt": "1452543528", "direction": "0", "dep_dt": "1452543597", "route_id": "Red", "dwell_time_sec": "69"}, {"arr_dt": "1452544386", "direction": "0", "dep_dt": "1452544470", "route_id": "Red", "dwell_time_sec": "84"}, {"arr_dt": "1452544590", "direction": "0", "dep_dt": "1452544671", "route_id": "Red", "dwell_time_sec": "81"}, {"arr_dt": "1452544834", "direction": "0", "dep_dt": "1452544913", "route_id": "Red", "dwell_time_sec": "79"}, {"arr_dt": "1452545079", "direction": "0", "dep_dt": "1452545155", "route_id": "Red", "dwell_time_sec": "76"}, {"arr_dt": "1452545504", "direction": "0", "dep_dt": "1452545593", "route_id": "Red", "dwell_time_sec": "89"}, {"arr_dt": "1452545958", "direction": "0", "dep_dt": "1452546043", "route_id": "Red", "dwell_time_sec": "85"}, {"arr_dt": "1452546514", "direction": "0", "dep_dt": "1452546623", "route_id": "Red", "dwell_time_sec": "109"}, {"arr_dt": "1452546721", "direction": "0", "dep_dt": "1452546807", "route_id": "Red", "dwell_time_sec": "86"}, {"arr_dt": "1452547158", "direction": "0", "dep_dt": "1452547257", "route_id": "Red", "dwell_time_sec": "99"}, {"arr_dt": "1452547497", "direction": "0", "dep_dt": "1452547580", "route_id": "Red", "dwell_time_sec": "83"}, {"arr_dt": "1452547862", "direction": "0", "dep_dt": "1452547964", "route_id": "Red", "dwell_time_sec": "102"}, {"arr_dt": "1452548096", "direction": "0", "dep_dt": "1452548207", "route_id": "Red", "dwell_time_sec": "111"}, {"arr_dt": "1452548433", "direction": "0", "dep_dt": "1452548516", "route_id": "Red", "dwell_time_sec": "83"}, {"arr_dt": "1452548611", "direction": "0", "dep_dt": "1452548702", "route_id": "Red", "dwell_time_sec": "91"}, {"arr_dt": "1452548872", "direction": "0", "dep_dt": "1452548959", "route_id": "Red", "dwell_time_sec": "87"}, {"arr_dt": "1452549466", "direction": "0", "dep_dt": "1452549601", "route_id": "Red", "dwell_time_sec": "135"}, {"arr_dt": "1452549711", "direction": "0", "dep_dt": "1452549831", "route_id": "Red", "dwell_time_sec": "120"}, {"arr_dt": "1452550019", "direction": "0", "dep_dt": "1452550160", "route_id": "Red", "dwell_time_sec": "141"}, {"arr_dt": "1452550254", "direction": "0", "dep_dt": "1452550350", "route_id": "Red", "dwell_time_sec": "96"}, {"arr_dt": "1452550473", "direction": "0", "dep_dt": "1452550561", "route_id": "Red", "dwell_time_sec": "88"}, {"arr_dt": "1452550725", "direction": "0", "dep_dt": "1452550845", "route_id": "Red", "dwell_time_sec": "120"}, {"arr_dt": "1452550956", "direction": "0", "dep_dt": "1452551062", "route_id": "Red", "dwell_time_sec": "106"}, {"arr_dt": "1452551220", "direction": "0", "dep_dt": "1452551355", "route_id": "Red", "dwell_time_sec": "135"}, {"arr_dt": "1452551450", "direction": "0", "dep_dt": "1452551594", "route_id": "Red", "dwell_time_sec": "144"}, {"arr_dt": "1452551716", "direction": "0", "dep_dt": "1452551819", "route_id": "Red", "dwell_time_sec": "103"}, {"arr_dt": "1452551900", "direction": "0", "dep_dt": "1452551995", "route_id": "Red", "dwell_time_sec": "95"}, {"arr_dt": "1452552110", "direction": "0", "dep_dt": "1452552206", "route_id": "Red", "dwell_time_sec": "96"}, {"arr_dt": "1452552392", "direction": "0", "dep_dt": "1452552529", "route_id": "Red", "dwell_time_sec": "137"}, {"arr_dt": "1452552619", "direction": "0", "dep_dt": "1452552712", "route_id": "Red", "dwell_time_sec": "93"}, {"arr_dt": "1452552897", "direction": "0", "dep_dt": "1452553001", "route_id": "Red", "dwell_time_sec": "104"}, {"arr_dt": "1452553100", "direction": "0", "dep_dt": "1452553195", "route_id": "Red", "dwell_time_sec": "95"}, {"arr_dt": "1452553287", "direction": "0", "dep_dt": "1452553408", "route_id": "Red", "dwell_time_sec": "121"}, {"arr_dt": "1452553514", "direction": "0", "dep_dt": "1452553635", "route_id": "Red", "dwell_time_sec": "121"}, {"arr_dt": "1452553754", "direction": "0", "dep_dt": "1452553856", "route_id": "Red", "dwell_time_sec": "102"}, {"arr_dt": "1452553966", "direction": "0", "dep_dt": "1452554048", "route_id": "Red", "dwell_time_sec": "82"}, {"arr_dt": "1452554181", "direction": "0", "dep_dt": "1452554277", "route_id": "Red", "dwell_time_sec": "96"}, {"arr_dt": "1452554550", "direction": "0", "dep_dt": "1452554649", "route_id": "Red", "dwell_time_sec": "99"}, {"arr_dt": "1452554765", "direction": "0", "dep_dt": "1452554853", "route_id": "Red", "dwell_time_sec": "88"}, {"arr_dt": "1452555073", "direction": "0", "dep_dt": "1452555189", "route_id": "Red", "dwell_time_sec": "116"}, {"arr_dt": "1452555274", "direction": "0", "dep_dt": "1452555381", "route_id": "Red", "dwell_time_sec": "107"}, {"arr_dt": "1452555471", "direction": "0", "dep_dt": "1452555554", "route_id": "Red", "dwell_time_sec": "83"}, {"arr_dt": "1452555665", "direction": "0", "dep_dt": "1452555752", "route_id": "Red", "dwell_time_sec": "87"}, {"arr_dt": "1452555973", "direction": "0", "dep_dt": "1452556057", "route_id": "Red", "dwell_time_sec": "84"}, {"arr_dt": "1452556263", "direction": "0", "dep_dt": "1452556362", "route_id": "Red", "dwell_time_sec": "99"}, {"arr_dt": "1452556631", "direction": "0", "dep_dt": "1452556706", "route_id": "Red", "dwell_time_sec": "75"}, {"arr_dt": "1452557104", "direction": "0", "dep_dt": "1452557194", "route_id": "Red", "dwell_time_sec": "90"}, {"arr_dt": "1452557324", "direction": "0", "dep_dt": "1452557406", "route_id": "Red", "dwell_time_sec": "82"}, {"arr_dt": "1452557521", "direction": "0", "dep_dt": "1452557607", "route_id": "Red", "dwell_time_sec": "86"}, {"arr_dt": "1452557696", "direction": "0", "dep_dt": "1452557765", "route_id": "Red", "dwell_time_sec": "69"}, {"arr_dt": "1452557885", "direction": "0", "dep_dt": "1452557954", "route_id": "Red", "dwell_time_sec": "69"}, {"arr_dt": "1452558114", "direction": "0", "dep_dt": "1452558185", "route_id": "Red", "dwell_time_sec": "71"}, {"arr_dt": "1452558336", "direction": "0", "dep_dt": "1452558442", "route_id": "Red", "dwell_time_sec": "106"}, {"arr_dt": "1452558527", "direction": "0", "dep_dt": "1452558614", "route_id": "Red", "dwell_time_sec": "87"}, {"arr_dt": "1452558713", "direction": "0", "dep_dt": "1452558816", "route_id": "Red", "dwell_time_sec": "103"}, {"arr_dt": "1452558965", "direction": "0", "dep_dt": "1452559058", "route_id": "Red", "dwell_time_sec": "93"}, {"arr_dt": "1452559187", "direction": "0", "dep_dt": "1452559292", "route_id": "Red", "dwell_time_sec": "105"}, {"arr_dt": "1452559481", "direction": "0", "dep_dt": "1452559554", "route_id": "Red", "dwell_time_sec": "73"}, {"arr_dt": "1452559664", "direction": "0", "dep_dt": "1452559817", "route_id": "Red", "dwell_time_sec": "153"}, {"arr_dt": "1452559885", "direction": "0", "dep_dt": "1452559964", "route_id": "Red", "dwell_time_sec": "79"}, {"arr_dt": "1452560293", "direction": "0", "dep_dt": "1452560375", "route_id": "Red", "dwell_time_sec": "82"}, {"arr_dt": "1452560495", "direction": "0", "dep_dt": "1452560566", "route_id": "Red", "dwell_time_sec": "71"}, {"arr_dt": "1452560784", "direction": "0", "dep_dt": "1452560857", "route_id": "Red", "dwell_time_sec": "73"}, {"arr_dt": "1452560987", "direction": "0", "dep_dt": "1452561066", "route_id": "Red", "dwell_time_sec": "79"}, {"arr_dt": "1452561266", "direction": "0", "dep_dt": "1452561333", "route_id": "Red", "dwell_time_sec": "67"}, {"arr_dt": "1452561508", "direction": "0", "dep_dt": "1452561594", "route_id": "Red", "dwell_time_sec": "86"}, {"arr_dt": "1452561895", "direction": "0", "dep_dt": "1452561985", "route_id": "Red", "dwell_time_sec": "90"}, {"arr_dt": "1452562397", "direction": "0", "dep_dt": "1452562465", "route_id": "Red", "dwell_time_sec": "68"}, {"arr_dt": "1452562692", "direction": "0", "dep_dt": "1452562750", "route_id": "Red", "dwell_time_sec": "58"}, {"arr_dt": "1452563044", "direction": "0", "dep_dt": "1452563139", "route_id": "Red", "dwell_time_sec": "95"}, {"arr_dt": "1452563461", "direction": "0", "dep_dt": "1452563548", "route_id": "Red", "dwell_time_sec": "87"}, {"arr_dt": "1452563626", "direction": "0", "dep_dt": "1452563700", "route_id": "Red", "dwell_time_sec": "74"}, {"arr_dt": "1452563976", "direction": "0", "dep_dt": "1452564045", "route_id": "Red", "dwell_time_sec": "69"}, {"arr_dt": "1452564151", "direction": "0", "dep_dt": "1452564211", "route_id": "Red", "dwell_time_sec": "60"}, {"arr_dt": "1452564667", "direction": "0", "dep_dt": "1452564749", "route_id": "Red", "dwell_time_sec": "82"}, {"arr_dt": "1452564932", "direction": "0", "dep_dt": "1452565017", "route_id": "Red", "dwell_time_sec": "85"}, {"arr_dt": "1452565126", "direction": "0", "dep_dt": "1452565206", "route_id": "Red", "dwell_time_sec": "80"}, {"arr_dt": "1452565313", "direction": "0", "dep_dt": "1452565376", "route_id": "Red", "dwell_time_sec": "63"}, {"arr_dt": "1452565483", "direction": "0", "dep_dt": "1452565575", "route_id": "Red", "dwell_time_sec": "92"}, {"arr_dt": "1452565972", "direction": "0", "dep_dt": "1452566044", "route_id": "Red", "dwell_time_sec": "72"}, {"arr_dt": "1452566263", "direction": "0", "dep_dt": "1452566337", "route_id": "Red", "dwell_time_sec": "74"}, {"arr_dt": "1452566597", "direction": "0", "dep_dt": "1452566663", "route_id": "Red", "dwell_time_sec": "66"}, {"arr_dt": "1452566952", "direction": "0", "dep_dt": "1452567037", "route_id": "Red", "dwell_time_sec": "85"}, {"arr_dt": "1452567278", "direction": "0", "dep_dt": "1452567341", "route_id": "Red", "dwell_time_sec": "63"}, {"arr_dt": "1452567585", "direction": "0", "dep_dt": "1452567650", "route_id": "Red", "dwell_time_sec": "65"}, {"arr_dt": "1452567952", "direction": "0", "dep_dt": "1452568028", "route_id": "Red", "dwell_time_sec": "76"}, {"arr_dt": "1452568362", "direction": "0", "dep_dt": "1452568439", "route_id": "Red", "dwell_time_sec": "77"}, {"arr_dt": "1452568666", "direction": "0", "dep_dt": "1452568738", "route_id": "Red", "dwell_time_sec": "72"}, {"arr_dt": "1452569405", "direction": "0", "dep_dt": "1452569467", "route_id": "Red", "dwell_time_sec": "62"}, {"arr_dt": "1452569591", "direction": "0", "dep_dt": "1452569669", "route_id": "Red", "dwell_time_sec": "78"}, {"arr_dt": "1452570222", "direction": "0", "dep_dt": "1452570324", "route_id": "Red", "dwell_time_sec": "102"}, {"arr_dt": "1452570415", "direction": "0", "dep_dt": "1452570502", "route_id": "Red", "dwell_time_sec": "87"}, {"arr_dt": "1452570748", "direction": "0", "dep_dt": "1452570810", "route_id": "Red", "dwell_time_sec": "62"}, {"arr_dt": "1452571086", "direction": "0", "dep_dt": "1452571147", "route_id": "Red", "dwell_time_sec": "61"}, {"arr_dt": "1452571409", "direction": "0", "dep_dt": "1452571471", "route_id": "Red", "dwell_time_sec": "62"}, {"arr_dt": "1452571968", "direction": "0", "dep_dt": "1452572033", "route_id": "Red", "dwell_time_sec": "65"}, {"arr_dt": "1452572160", "direction": "0", "dep_dt": "1452572228", "route_id": "Red", "dwell_time_sec": "68"}, {"arr_dt": "1452572538", "direction": "0", "dep_dt": "1452572616", "route_id": "Red", "dwell_time_sec": "78"}, {"arr_dt": "1452572985", "direction": "0", "dep_dt": "1452573063", "route_id": "Red", "dwell_time_sec": "78"}, {"arr_dt": "1452573523", "direction": "0", "dep_dt": "1452573590", "route_id": "Red", "dwell_time_sec": "67"}, {"arr_dt": "1452573758", "direction": "0", "dep_dt": "1452573825", "route_id": "Red", "dwell_time_sec": "67"}, {"arr_dt": "1452573928", "direction": "0", "dep_dt": "1452573992", "route_id": "Red", "dwell_time_sec": "64"}, {"arr_dt": "1452574356", "direction": "0", "dep_dt": "1452574416", "route_id": "Red", "dwell_time_sec": "60"}]}