{"dwell_times": [{"arr_dt": "1465013014", "direction": "0", "dep_dt": "1465013098", "route_id": "Red", "dwell_time_sec": "84"}, {"arr_dt": "1465013198", "direction": "0", "dep_dt": "1465013273", "route_id": "Red", "dwell_time_sec": "75"}, {"arr_dt": "1465013448", "direction": "0", "dep_dt": "1465013590", "route_id": "Red", "dwell_time_sec": "142"}, {"arr_dt": "1465013816", "direction": "0", "dep_dt": "1465013881", "route_id": "Red", "dwell_time_sec": "65"}, {"arr_dt": "1465014406", "direction": "0", "dep_dt": "1465014486", "route_id": "Red", "dwell_time_sec": "80"}, {"arr_dt": "1465014680", "direction": "0", "dep_dt": "1465014743", "route_id": "Red", "dwell_time_sec": "63"}, {"arr_dt": "1465014945", "direction": "0", "dep_dt": "1465014998", "route_id": "Red", "dwell_time_sec": "53"}, {"arr_dt": "1465015685", "direction": "0", "dep_dt": "1465017703", "route_id": "Red", "dwell_time_sec": "2018"}, {"arr_dt": "1465032769", "direction": "0", "dep_dt": "1465032822", "route_id": "Red", "dwell_time_sec": "53"}, {"arr_dt": "1465033363", "direction": "0", "dep_dt": "1465033423", "route_id": "Red", "dwell_time_sec": "60"}, {"arr_dt": "1465033568", "direction": "0", "dep_dt": "1465033634", "route_id": "Red", "dwell_time_sec": "66"}, {"arr_dt": "1465034128", "direction": "0", "dep_dt": "1465034185", "route_id": "Red", "dwell_time_sec": "57"}, {"arr_dt": "1465034653", "direction": "0", "dep_dt": "1465034715", "route_id": "Red", "dwell_time_sec": "62"}, {"arr_dt": "1465035365", "direction": "0", "dep_dt": "1465035435", "route_id": "Red", "dwell_time_sec": "70"}, {"arr_dt": "1465035867", "direction": "0", "dep_dt": "1465035932", "route_id": "Red", "dwell_time_sec": "65"}, {"arr_dt": "1465036333", "direction": "0", "dep_dt": "1465036409", "route_id": "Red", "dwell_time_sec": "76"}, {"arr_dt": "1465036545", "direction": "0", "dep_dt": "1465036603", "route_id": "Red", "dwell_time_sec": "58"}, {"arr_dt": "1465036703", "direction": "0", "dep_dt": "1465036760", "route_id": "Red", "dwell_time_sec": "57"}, {"arr_dt": "1465037161", "direction": "0", "dep_dt": "1465037229", "route_id": "Red", "dwell_time_sec": "68"}, {"arr_dt": "1465037558", "direction": "0", "dep_dt": "1465037614", "route_id": "Red", "dwell_time_sec": "56"}, {"arr_dt": "1465037888", "direction": "0", "dep_dt": "1465037959", "route_id": "Red", "dwell_time_sec": "71"}, {"arr_dt": "1465038302", "direction": "0", "dep_dt": "1465038369", "route_id": "Red", "dwell_time_sec": "67"}, {"arr_dt": "1465038713", "direction": "0", "dep_dt": "1465038767", "route_id": "Red", "dwell_time_sec": "54"}, {"arr_dt": "1465039086", "direction": "0", "dep_dt": "1465039148", "route_id": "Red", "dwell_time_sec": "62"}, {"arr_dt": "1465039677", "direction": "0", "dep_dt": "1465039735", "route_id": "Red", "dwell_time_sec": "58"}, {"arr_dt": "1465039932", "direction": "0", "dep_dt": "1465039999", "route_id": "Red", "dwell_time_sec": "67"}, {"arr_dt": "1465040381", "direction": "0", "dep_dt": "1465040445", "route_id": "Red", "dwell_time_sec": "64"}, {"arr_dt": "1465040899", "direction": "0", "dep_dt": "1465040959", "route_id": "Red", "dwell_time_sec": "60"}, {"arr_dt": "1465041169", "direction": "0", "dep_dt": "1465041221", "route_id": "Red", "dwell_time_sec": "52"}, {"arr_dt": "1465041850", "direction": "0", "dep_dt": "1465041915", "route_id": "Red", "dwell_time_sec": "65"}, {"arr_dt": "1465042076", "direction": "0", "dep_dt": "1465042154", "route_id": "Red", "dwell_time_sec": "78"}, {"arr_dt": "1465042651", "direction": "0", "dep_dt": "1465042718", "route_id": "Red", "dwell_time_sec": "67"}, {"arr_dt": "1465043000", "direction": "0", "dep_dt": "1465043060", "route_id": "Red", "dwell_time_sec": "60"}, {"arr_dt": "1465043300", "direction": "0", "dep_dt": "1465043380", "route_id": "Red", "dwell_time_sec": "80"}, {"arr_dt": "1465043815", "direction": "0", "dep_dt": "1465043902", "route_id": "Red", "dwell_time_sec": "87"}, {"arr_dt": "1465044180", "direction": "0", "dep_dt": "1465044348", "route_id": "Red", "dwell_time_sec": "168"}, {"arr_dt": "1465044651", "direction": "0", "dep_dt": "1465044712", "route_id": "Red", "dwell_time_sec": "61"}, {"arr_dt": "1465045050", "direction": "0", "dep_dt": "1465045119", "route_id": "Red", "dwell_time_sec": "69"}, {"arr_dt": "1465045464", "direction": "0", "dep_dt": "1465045517", "route_id": "Red", "dwell_time_sec": "53"}, {"arr_dt": "1465045834", "direction": "0", "dep_dt": "1465045908", "route_id": "Red", "dwell_time_sec": "74"}, {"arr_dt": "1465046245", "direction": "0", "dep_dt": "1465046306", "route_id": "Red", "dwell_time_sec": "61"}, {"arr_dt": "1465046721", "direction": "0", "dep_dt": "1465046797", "route_id": "Red", "dwell_time_sec": "76"}, {"arr_dt": "1465047113", "direction": "0", "dep_dt": "1465047204", "route_id": "Red", "dwell_time_sec": "91"}, {"arr_dt": "1465047513", "direction": "0", "dep_dt": "1465047624", "route_id": "Red", "dwell_time_sec": "111"}, {"arr_dt": "1465047970", "direction": "0", "dep_dt": "1465048038", "route_id": "Red", "dwell_time_sec": "68"}, {"arr_dt": "1465048485", "direction": "0", "dep_dt": "1465048561", "route_id": "Red", "dwell_time_sec": "76"}, {"arr_dt": "1465049090", "direction": "0", "dep_dt": "1465049169", "route_id": "Red", "dwell_time_sec": "79"}, {"arr_dt": "1465049301", "direction": "0", "dep_dt": "1465049376", "route_id": "Red", "dwell_time_sec": "75"}, {"arr_dt": "1465049767", "direction": "0", "dep_dt": "1465049863", "route_id": "Red", "dwell_time_sec": "96"}, {"arr_dt": "1465049994", "direction": "0", "dep_dt": "1465050079", "route_id": "Red", "dwell_time_sec": "85"}, {"arr_dt": "1465050473", "direction": "0", "dep_dt": "1465050562", "route_id": "Red", "dwell_time_sec": "89"}, {"arr_dt": "1465050925", "direction": "0", "dep_dt": "1465051007", "route_id": "Red", "dwell_time_sec": "82"}, {"arr_dt": "1465051356", "direction": "0", "dep_dt": "1465051463", "route_id": "Red", "dwell_time_sec": "107"}, {"arr_dt": "1465051860", "direction": "0", "dep_dt": "1465051932", "route_id": "Red", "dwell_time_sec": "72"}, {"arr_dt": "1465052364", "direction": "0", "dep_dt": "1465052490", "route_id": "Red", "dwell_time_sec": "126"}, {"arr_dt": "1465052589", "direction": "0", "dep_dt": "1465052694", "route_id": "Red", "dwell_time_sec": "105"}, {"arr_dt": "1465053017", "direction": "0", "dep_dt": "1465053086", "route_id": "Red", "dwell_time_sec": "69"}, {"arr_dt": "1465053481", "direction": "0", "dep_dt": "1465053546", "route_id": "Red", "dwell_time_sec": "65"}, {"arr_dt": "1465053880", "direction": "0", "dep_dt": "1465053947", "route_id": "Red", "dwell_time_sec": "67"}, {"arr_dt": "1465054281", "direction": "0", "dep_dt": "1465054353", "route_id": "Red", "dwell_time_sec": "72"}, {"arr_dt": "1465054785", "direction": "0", "dep_dt": "1465054867", "route_id": "Red", "dwell_time_sec": "82"}, {"arr_dt": "1465055111", "direction": "0", "dep_dt": "1465055182", "route_id": "Red", "dwell_time_sec": "71"}, {"arr_dt": "1465055609", "direction": "0", "dep_dt": "1465055689", "route_id": "Red", "dwell_time_sec": "80"}, {"arr_dt": "1465055939", "direction": "0", "dep_dt": "1465056007", "route_id": "Red", "dwell_time_sec": "68"}, {"arr_dt": "1465056431", "direction": "0", "dep_dt": "1465056504", "route_id": "Red", "dwell_time_sec": "73"}, {"arr_dt": "1465056883", "direction": "0", "dep_dt": "1465056969", "route_id": "Red", "dwell_time_sec": "86"}, {"arr_dt": "1465057452", "direction": "0", "dep_dt": "1465057523", "route_id": "Red", "dwell_time_sec": "71"}, {"arr_dt": "1465057676", "direction": "0", "dep_dt": "1465057824", "route_id": "Red", "dwell_time_sec": "148"}, {"arr_dt": "1465058057", "direction": "0", "dep_dt": "1465058131", "route_id": "Red", "dwell_time_sec": "74"}, {"arr_dt": "1465058791", "direction": "0", "dep_dt": "1465058912", "route_id": "Red", "dwell_time_sec": "121"}, {"arr_dt": "1465058977", "direction": "0", "dep_dt": "1465059057", "route_id": "Red", "dwell_time_sec": "80"}, {"arr_dt": "1465059331", "direction": "0", "dep_dt": "1465059412", "route_id": "Red", "dwell_time_sec": "81"}, {"arr_dt": "1465059771", "direction": "0", "dep_dt": "1465059899", "route_id": "Red", "dwell_time_sec": "128"}, {"arr_dt": "1465060334", "direction": "0", "dep_dt": "1465060423", "route_id": "Red", "dwell_time_sec": "89"}, {"arr_dt": "1465060682", "direction": "0", "dep_dt": "1465060748", "route_id": "Red", "dwell_time_sec": "66"}, {"arr_dt": "1465061031", "direction": "0", "dep_dt": "1465061112", "route_id": "Red", "dwell_time_sec": "81"}, {"arr_dt": "1465061436", "direction": "0", "dep_dt": "1465061516", "route_id": "Red", "dwell_time_sec": "80"}, {"arr_dt": "1465061858", "direction": "0", "dep_dt": "1465061957", "route_id": "Red", "dwell_time_sec": "99"}, {"arr_dt": "1465062246", "direction": "0", "dep_dt": "1465062331", "route_id": "Red", "dwell_time_sec": "85"}, {"arr_dt": "1465062675", "direction": "0", "dep_dt": "1465062748", "route_id": "Red", "dwell_time_sec": "73"}, {"arr_dt": "1465063289", "direction": "0", "dep_dt": "1465063367", "route_id": "Red", "dwell_time_sec": "78"}, {"arr_dt": "1465063689", "direction": "0", "dep_dt": "1465063762", "route_id": "Red", "dwell_time_sec": "73"}, {"arr_dt": "1465064045", "direction": "0", "dep_dt": "1465064129", "route_id": "Red", "dwell_time_sec": "84"}, {"arr_dt": "1465064477", "direction": "0", "dep_dt": "1465064656", "route_id": "Red", "dwell_time_sec": "179"}, {"arr_dt": "1465064919", "direction": "0", "dep_dt": "1465065001", "route_id": "Red", "dwell_time_sec": "82"}, {"arr_dt": "1465065402", "direction": "0", "dep_dt": "1465065562", "route_id": "Red", "dwell_time_sec": "160"}, {"arr_dt": "1465065691", "direction": "0", "dep_dt": "1465065765", "route_id": "Red", "dwell_time_sec": "74"}, {"arr_dt": "1465066152", "direction": "0", "dep_dt": "1465066241", "route_id": "Red", "dwell_time_sec": "89"}, {"arr_dt": "1465066527", "direction": "0", "dep_dt": "1465066604", "route_id": "Red", "dwell_time_sec": "77"}, {"arr_dt": "1465066937", "direction": "0", "dep_dt": "1465067020", "route_id": "Red", "dwell_time_sec": "83"}, {"arr_dt": "1465067465", "direction": "0", "dep_dt": "1465067556", "route_id": "Red", "dwell_time_sec": "91"}, {"arr_dt": "1465067742", "direction": "0", "dep_dt": "1465067830", "route_id": "Red", "dwell_time_sec": "88"}, {"arr_dt": "1465068252", "direction": "0", "dep_dt": "1465068331", "route_id": "Red", "dwell_time_sec": "79"}, {"arr_dt": "1465068581", "direction": "0", "dep_dt": "1465068651", "route_id": "Red", "dwell_time_sec": "70"}, {"arr_dt": "1465068957", "direction": "0", "dep_dt": "1465069038", "route_id": "Red", "dwell_time_sec": "81"}, {"arr_dt": "1465069395", "direction": "0", "dep_dt": "1465069473", "route_id": "Red", "dwell_time_sec": "78"}, {"arr_dt": "1465069933", "direction": "0", "dep_dt": "1465070010", "route_id": "Red", "dwell_time_sec": "77"}, {"arr_dt": "1465070238", "direction": "0", "dep_dt": "1465070307", "route_id": "Red", "dwell_time_sec": "69"}, {"arr_dt": "1465070656", "direction": "0", "dep_dt": "1465070738", "route_id": "Red", "dwell_time_sec": "82"}, {"arr_dt": "1465071102", "direction": "0", "dep_dt": "1465071202", "route_id": "Red", "dwell_time_sec": "100"}, {"arr_dt": "1465071528", "direction": "0", "dep_dt": "1465071603", "route_id": "Red", "dwell_time_sec": "75"}, {"arr_dt": "1465072127", "direction": "0", "dep_dt": "1465072263", "route_id": "Red", "dwell_time_sec": "136"}, {"arr_dt": "1465072559", "direction": "0", "dep_dt": "1465072737", "route_id": "Red", "dwell_time_sec": "178"}, {"arr_dt": "1465072999", "direction": "0", "dep_dt": "1465073089", "route_id": "Red", "dwell_time_sec": "90"}, {"arr_dt": "1465073200", "direction": "0", "dep_dt": "1465073268", "route_id": "Red", "dwell_time_sec": "68"}, {"arr_dt": "1465073654", "direction": "0", "dep_dt": "1465073746", "route_id": "Red", "dwell_time_sec": "92"}, {"arr_dt": "1465074029", "direction": "0", "dep_dt": "1465074108", "route_id": "Red", "dwell_time_sec": "79"}, {"arr_dt": "1465074435", "direction": "0", "dep_dt": "1465074533", "route_id": "Red", "dwell_time_sec": "98"}, {"arr_dt": "1465074918", "direction": "0", "dep_dt": "1465075013", "route_id": "Red", "dwell_time_sec": "95"}, {"arr_dt": "1465075263", "direction": "0", "dep_dt": "1465075329", "route_id": "Red", "dwell_time_sec": "66"}, {"arr_dt": "1465075839", "direction": "0", "dep_dt": "1465075933", "route_id": "Red", "dwell_time_sec": "94"}, {"arr_dt": "1465076186", "direction": "0", "dep_dt": "1465076255", "route_id": "Red", "dwell_time_sec": "69"}, {"arr_dt": "1465076727", "direction": "0", "dep_dt": "1465076865", "route_id": "Red", "dwell_time_sec": "138"}, {"arr_dt": "1465077048", "direction": "0", "dep_dt": "1465077128", "route_id": "Red", "dwell_time_sec": "80"}, {"arr_dt": "1465077398", "direction": "0", "dep_dt": "1465077496", "route_id": "Red", "dwell_time_sec": "98"}, {"arr_dt": "1465077865", "direction": "0", "dep_dt": "1465077952", "route_id": "Red", "dwell_time_sec": "87"}, {"arr_dt": "1465078348", "direction": "0", "dep_dt": "1465078439", "route_id": "Red", "dwell_time_sec": "91"}, {"arr_dt": "1465079046", "direction": "0", "dep_dt": "1465079144", "route_id": "Red", "dwell_time_sec": "98"}, {"arr_dt": "1465079366", "direction": "0", "dep_dt": "1465079458", "route_id": "Red", "dwell_time_sec": "92"}, {"arr_dt": "1465079792", "direction": "0", "dep_dt": "1465079866", "route_id": "Red", "dwell_time_sec": "74"}, {"arr_dt": "1465080364", "direction": "0", "dep_dt": "1465080456", "route_id": "Red", "dwell_time_sec": "92"}, {"arr_dt": "1465080921", "direction": "0", "dep_dt": "1465081008", "route_id": "Red", "dwell_time_sec": "87"}, {"arr_dt": "1465081168", "direction": "0", "dep_dt": "1465081239", "route_id": "Red", "dwell_time_sec": "71"}, {"arr_dt": "1465081369", "direction": "0", "dep_dt": "1465081458", "route_id": "Red", "dwell_time_sec": "89"}, {"arr_dt": "1465081876", "direction": "0", "dep_dt": "1465081960", "route_id": "Red", "dwell_time_sec": "84"}, {"arr_dt": "1465082069", "direction": "0", "dep_dt": "1465082134", "route_id": "Red", "dwell_time_sec": "65"}, {"arr_dt": "1465082440", "direction": "0", "dep_dt": "1465082512", "route_id": "Red", "dwell_time_sec": "72"}, {"arr_dt": "1465082777", "direction": "0", "dep_dt": "1465082853", "route_id": "Red", "dwell_time_sec": "76"}, {"arr_dt": "1465083384", "direction": "0", "dep_dt": "1465083453", "route_id": "Red", "dwell_time_sec": "69"}, {"arr_dt": "1465083606", "direction": "0", "dep_dt": "1465083676", "route_id": "Red", "dwell_time_sec": "70"}, {"arr_dt": "1465084215", "direction": "0", "dep_dt": "1465084318", "route_id": "Red", "dwell_time_sec": "103"}, {"arr_dt": "1465084699", "direction": "0", "dep_dt": "1465084812", "route_id": "Red", "dwell_time_sec": "113"}, {"arr_dt": "1465085154", "direction": "0", "dep_dt": "1465085229", "route_id": "Red", "dwell_time_sec": "75"}, {"arr_dt": "1465085928", "direction": "0", "dep_dt": "1465086078", "route_id": "Red", "dwell_time_sec": "150"}, {"arr_dt": "1465086165", "direction": "0", "dep_dt": "1465086275", "route_id": "Red", "dwell_time_sec": "110"}, {"arr_dt": "1465086395", "direction": "0", "dep_dt": "1465086493", "route_id": "Red", "dwell_time_sec": "98"}, {"arr_dt": "1465086905", "direction": "0", "dep_dt": "1465086976", "route_id": "Red", "dwell_time_sec": "71"}, {"arr_dt": "1465087100", "direction": "0", "dep_dt": "1465087169", "route_id": "Red", "dwell_time_sec": "69"}, {"arr_dt": "1465087599", "direction": "0", "dep_dt": "1465087683", "route_id": "Red", "dwell_time_sec": "84"}, {"arr_dt": "1465088014", "direction": "0", "dep_dt": "1465088098", "route_id": "Red", "dwell_time_sec": "84"}, {"arr_dt": "1465088441", "direction": "0", "dep_dt": "1465088526", "route_id": "Red", "dwell_time_sec": "85"}, {"arr_dt": "1465088752", "direction": "0", "dep_dt": "1465088810", "route_id": "Red", "dwell_time_sec": "58"}, {"arr_dt": "1465089305", "direction": "0", "dep_dt": "1465089397", "route_id": "Red", "dwell_time_sec": "92"}, {"arr_dt": "1465089643", "direction": "0", "dep_dt": "1465089710", "route_id": "Red", "dwell_time_sec": "67"}, {"arr_dt": "1465090162", "direction": "0", "dep_dt": "1465090229", "route_id": "Red", "dwell_time_sec": "67"}, {"arr_dt": "1465090350", "direction": "0", "dep_dt": "1465090416", "route_id": "Red", "dwell_time_sec": "66"}, {"arr_dt": "1465090832", "direction": "0", "dep_dt": "1465090917", "route_id": "Red", "dwell_time_sec": "85"}, {"arr_dt": "1465091297", "direction": "0", "dep_dt": "1465091362", "route_id": "Red", "dwell_time_sec": "65"}, {"arr_dt": "1465091585", "direction": "0", "dep_dt": "1465091668", "route_id": "Red", "dwell_time_sec": "83"}, {"arr_dt": "1465092230", "direction": "0", "dep_dt": "1465092305", "route_id": "Red", "dwell_time_sec": "75"}, {"arr_dt": "1465092881", "direction": "0", "dep_dt": "1465092983", "route_id": "Red", "dwell_time_sec": "102"}, {"arr_dt": "1465093102", "direction": "0", "dep_dt": "1465093190", "route_id": "Red", "dwell_time_sec": "88"}, {"arr_dt": "1465093380", "direction": "0", "dep_dt": "1465093469", "route_id": "Red", "dwell_time_sec": "89"}, {"arr_dt": "1465093931", "direction": "0", "dep_dt": "1465094004", "route_id": "Red", "dwell_time_sec": "73"}, {"arr_dt": "1465094405", "direction": "0", "dep_dt": "1465094508", "route_id": "Red", "dwell_time_sec": "103"}, {"arr_dt": "1465095040", "direction": "0", "dep_dt": "1465095108", "route_id": "Red", "dwell_time_sec": "68"}, {"arr_dt": "1465095488", "direction": "0", "dep_dt": "1465095586", "route_id": "Red", "dwell_time_sec": "98"}, {"arr_dt": "1465095692", "direction": "0", "dep_dt": "1465095763", "route_id": "Red", "dwell_time_sec": "71"}, {"arr_dt": "1465096365", "direction": "0", "dep_dt": "1465096440", "route_id": "Red", "dwell_time_sec": "75"}, {"arr_dt": "1465096547", "direction": "0", "dep_dt": "1465096621", "route_id": "Red", "dwell_time_sec": "74"}, {"arr_dt": "1465096760", "direction": "0", "dep_dt": "1465096825", "route_id": "Red", "dwell_time_sec": "65"}, {"arr_dt": "1465097101", "direction": "0", "dep_dt": "1465097183", "route_id": "Red", "dwell_time_sec": "82"}, {"arr_dt": "1465097584", "direction": "0", "dep_dt": "1465097654", "route_id": "Red", "dwell_time_sec": "70"}, {"arr_dt": "1465097997", "direction": "0", "dep_dt": "1465098057", "route_id": "Red", "dwell_time_sec": "60"}, {"arr_dt": "1465098709", "direction": "0", "dep_dt": "1465098793", "route_id": "Red", "dwell_time_sec": "84"}, {"arr_dt": "1465098940", "direction": "0", "dep_dt": "1465099011", "route_id": "Red", "dwell_time_sec": "71"}]}