{"dwell_times": [{"arr_dt": "1473307290", "direction": "0", "dep_dt": "1473307351", "route_id": "Red", "dwell_time_sec": "61"}, {"arr_dt": "1473307643", "direction": "0", "dep_dt": "1473307710", "route_id": "Red", "dwell_time_sec": "67"}, {"arr_dt": "1473308029", "direction": "0", "dep_dt": "1473308089", "route_id": "Red", "dwell_time_sec": "60"}, {"arr_dt": "1473308443", "direction": "0", "dep_dt": "1473308503", "route_id": "Red", "dwell_time_sec": "60"}, {"arr_dt": "1473309086", "direction": "0", "dep_dt": "1473309150", "route_id": "Red", "dwell_time_sec": "64"}, {"arr_dt": "1473309390", "direction": "0", "dep_dt": "1473309447", "route_id": "Red", "dwell_time_sec": "57"}, {"arr_dt": "1473310296", "direction": "0", "dep_dt": "1473312061", "route_id": "Red", "dwell_time_sec": "1765"}, {"arr_dt": "1473327213", "direction": "0", "dep_dt": "1473327282", "route_id": "Red", "dwell_time_sec": "69"}, {"arr_dt": "1473327896", "direction": "0", "dep_dt": "1473327970", "route_id": "Red", "dwell_time_sec": "74"}, {"arr_dt": "1473328079", "direction": "0", "dep_dt": "1473328157", "route_id": "Red", "dwell_time_sec": "78"}, {"arr_dt": "1473328450", "direction": "0", "dep_dt": "1473328520", "route_id": "Red", "dwell_time_sec": "70"}, {"arr_dt": "1473328866", "direction": "0", "dep_dt": "1473329018", "route_id": "Red", "dwell_time_sec": "152"}, {"arr_dt": "1473329864", "direction": "0", "dep_dt": "1473329932", "route_id": "Red", "dwell_time_sec": "68"}, {"arr_dt": "1473330134", "direction": "0", "dep_dt": "1473330208", "route_id": "Red", "dwell_time_sec": "74"}, {"arr_dt": "1473330475", "direction": "0", "dep_dt": "1473330549", "route_id": "Red", "dwell_time_sec": "74"}, {"arr_dt": "1473330859", "direction": "0", "dep_dt": "1473330918", "route_id": "Red", "dwell_time_sec": "59"}, {"arr_dt": "1473331020", "direction": "0", "dep_dt": "1473331116", "route_id": "Red", "dwell_time_sec": "96"}, {"arr_dt": "1473331422", "direction": "0", "dep_dt": "1473331486", "route_id": "Red", "dwell_time_sec": "64"}, {"arr_dt": "1473331758", "direction": "0", "dep_dt": "1473331825", "route_id": "Red", "dwell_time_sec": "67"}, {"arr_dt": "1473331984", "direction": "0", "dep_dt": "1473332073", "route_id": "Red", "dwell_time_sec": "89"}, {"arr_dt": "1473332379", "direction": "0", "dep_dt": "1473332448", "route_id": "Red", "dwell_time_sec": "69"}, {"arr_dt": "1473332733", "direction": "0", "dep_dt": "1473332805", "route_id": "Red", "dwell_time_sec": "72"}, {"arr_dt": "1473333164", "direction": "0", "dep_dt": "1473333237", "route_id": "Red", "dwell_time_sec": "73"}, {"arr_dt": "1473333350", "direction": "0", "dep_dt": "1473333434", "route_id": "Red", "dwell_time_sec": "84"}, {"arr_dt": "1473333654", "direction": "0", "dep_dt": "1473333743", "route_id": "Red", "dwell_time_sec": "89"}, {"arr_dt": "1473333903", "direction": "0", "dep_dt": "1473333982", "route_id": "Red", "dwell_time_sec": "79"}, {"arr_dt": "1473334419", "direction": "0", "dep_dt": "1473334538", "route_id": "Red", "dwell_time_sec": "119"}, {"arr_dt": "1473334621", "direction": "0", "dep_dt": "1473334715", "route_id": "Red", "dwell_time_sec": "94"}, {"arr_dt": "1473334880", "direction": "0", "dep_dt": "1473334962", "route_id": "Red", "dwell_time_sec": "82"}, {"arr_dt": "1473335064", "direction": "0", "dep_dt": "1473335140", "route_id": "Red", "dwell_time_sec": "76"}, {"arr_dt": "1473335236", "direction": "0", "dep_dt": "1473335337", "route_id": "Red", "dwell_time_sec": "101"}, {"arr_dt": "1473335461", "direction": "0", "dep_dt": "1473335553", "route_id": "Red", "dwell_time_sec": "92"}, {"arr_dt": "1473335724", "direction": "0", "dep_dt": "1473335809", "route_id": "Red", "dwell_time_sec": "85"}, {"arr_dt": "1473335942", "direction": "0", "dep_dt": "1473336023", "route_id": "Red", "dwell_time_sec": "81"}, {"arr_dt": "1473336126", "direction": "0", "dep_dt": "1473336233", "route_id": "Red", "dwell_time_sec": "107"}, {"arr_dt": "1473336322", "direction": "0", "dep_dt": "1473336392", "route_id": "Red", "dwell_time_sec": "70"}, {"arr_dt": "1473336496", "direction": "0", "dep_dt": "1473336571", "route_id": "Red", "dwell_time_sec": "75"}, {"arr_dt": "1473336827", "direction": "0", "dep_dt": "1473336925", "route_id": "Red", "dwell_time_sec": "98"}, {"arr_dt": "1473337055", "direction": "0", "dep_dt": "1473337160", "route_id": "Red", "dwell_time_sec": "105"}, {"arr_dt": "1473337262", "direction": "0", "dep_dt": "1473337366", "route_id": "Red", "dwell_time_sec": "104"}, {"arr_dt": "1473337507", "direction": "0", "dep_dt": "1473337598", "route_id": "Red", "dwell_time_sec": "91"}, {"arr_dt": "1473337715", "direction": "0", "dep_dt": "1473337805", "route_id": "Red", "dwell_time_sec": "90"}, {"arr_dt": "1473337910", "direction": "0", "dep_dt": "1473337988", "route_id": "Red", "dwell_time_sec": "78"}, {"arr_dt": "1473338093", "direction": "0", "dep_dt": "1473338198", "route_id": "Red", "dwell_time_sec": "105"}, {"arr_dt": "1473338311", "direction": "0", "dep_dt": "1473338480", "route_id": "Red", "dwell_time_sec": "169"}, {"arr_dt": "1473338544", "direction": "0", "dep_dt": "1473338632", "route_id": "Red", "dwell_time_sec": "88"}, {"arr_dt": "1473338753", "direction": "0", "dep_dt": "1473338861", "route_id": "Red", "dwell_time_sec": "108"}, {"arr_dt": "1473338956", "direction": "0", "dep_dt": "1473339049", "route_id": "Red", "dwell_time_sec": "93"}, {"arr_dt": "1473339180", "direction": "0", "dep_dt": "1473339268", "route_id": "Red", "dwell_time_sec": "88"}, {"arr_dt": "1473339372", "direction": "0", "dep_dt": "1473339452", "route_id": "Red", "dwell_time_sec": "80"}, {"arr_dt": "1473339620", "direction": "0", "dep_dt": "1473339686", "route_id": "Red", "dwell_time_sec": "66"}, {"arr_dt": "1473339846", "direction": "0", "dep_dt": "1473339944", "route_id": "Red", "dwell_time_sec": "98"}, {"arr_dt": "1473340450", "direction": "0", "dep_dt": "1473340570", "route_id": "Red", "dwell_time_sec": "120"}, {"arr_dt": "1473340658", "direction": "0", "dep_dt": "1473340744", "route_id": "Red", "dwell_time_sec": "86"}, {"arr_dt": "1473340940", "direction": "0", "dep_dt": "1473341003", "route_id": "Red", "dwell_time_sec": "63"}, {"arr_dt": "1473341253", "direction": "0", "dep_dt": "1473341326", "route_id": "Red", "dwell_time_sec": "73"}, {"arr_dt": "1473341440", "direction": "0", "dep_dt": "1473341544", "route_id": "Red", "dwell_time_sec": "104"}, {"arr_dt": "1473341624", "direction": "0", "dep_dt": "1473341790", "route_id": "Red", "dwell_time_sec": "166"}, {"arr_dt": "1473341865", "direction": "0", "dep_dt": "1473341950", "route_id": "Red", "dwell_time_sec": "85"}, {"arr_dt": "1473342096", "direction": "0", "dep_dt": "1473342165", "route_id": "Red", "dwell_time_sec": "69"}, {"arr_dt": "1473342290", "direction": "0", "dep_dt": "1473342366", "route_id": "Red", "dwell_time_sec": "76"}, {"arr_dt": "1473342573", "direction": "0", "dep_dt": "1473342634", "route_id": "Red", "dwell_time_sec": "61"}, {"arr_dt": "1473342739", "direction": "0", "dep_dt": "1473342824", "route_id": "Red", "dwell_time_sec": "85"}, {"arr_dt": "1473343009", "direction": "0", "dep_dt": "1473343090", "route_id": "Red", "dwell_time_sec": "81"}, {"arr_dt": "1473343207", "direction": "0", "dep_dt": "1473343275", "route_id": "Red", "dwell_time_sec": "68"}, {"arr_dt": "1473343448", "direction": "0", "dep_dt": "1473343516", "route_id": "Red", "dwell_time_sec": "68"}, {"arr_dt": "1473343645", "direction": "0", "dep_dt": "1473343711", "route_id": "Red", "dwell_time_sec": "66"}, {"arr_dt": "1473343895", "direction": "0", "dep_dt": "1473344081", "route_id": "Red", "dwell_time_sec": "186"}, {"arr_dt": "1473344093", "direction": "0", "dep_dt": "1473344167", "route_id": "Red", "dwell_time_sec": "74"}, {"arr_dt": "1473344400", "direction": "0", "dep_dt": "1473344476", "route_id": "Red", "dwell_time_sec": "76"}, {"arr_dt": "1473344575", "direction": "0", "dep_dt": "1473344660", "route_id": "Red", "dwell_time_sec": "85"}, {"arr_dt": "1473344855", "direction": "0", "dep_dt": "1473344953", "route_id": "Red", "dwell_time_sec": "98"}, {"arr_dt": "1473345047", "direction": "0", "dep_dt": "1473345138", "route_id": "Red", "dwell_time_sec": "91"}, {"arr_dt": "1473345338", "direction": "0", "dep_dt": "1473345415", "route_id": "Red", "dwell_time_sec": "77"}, {"arr_dt": "1473345563", "direction": "0", "dep_dt": "1473345644", "route_id": "Red", "dwell_time_sec": "81"}, {"arr_dt": "1473345959", "direction": "0", "dep_dt": "1473346065", "route_id": "Red", "dwell_time_sec": "106"}, {"arr_dt": "1473346169", "direction": "0", "dep_dt": "1473346258", "route_id": "Red", "dwell_time_sec": "89"}, {"arr_dt": "1473346445", "direction": "0", "dep_dt": "1473346668", "route_id": "Red", "dwell_time_sec": "223"}, {"arr_dt": "1473346751", "direction": "0", "dep_dt": "1473346823", "route_id": "Red", "dwell_time_sec": "72"}, {"arr_dt": "1473347004", "direction": "0", "dep_dt": "1473347087", "route_id": "Red", "dwell_time_sec": "83"}, {"arr_dt": "1473347442", "direction": "0", "dep_dt": "1473347508", "route_id": "Red", "dwell_time_sec": "66"}, {"arr_dt": "1473347882", "direction": "0", "dep_dt": "1473347942", "route_id": "Red", "dwell_time_sec": "60"}, {"arr_dt": "1473348339", "direction": "0", "dep_dt": "1473348411", "route_id": "Red", "dwell_time_sec": "72"}, {"arr_dt": "1473348609", "direction": "0", "dep_dt": "1473348668", "route_id": "Red", "dwell_time_sec": "59"}, {"arr_dt": "1473349986", "direction": "0", "dep_dt": "1473350054", "route_id": "Red", "dwell_time_sec": "68"}, {"arr_dt": "1473350245", "direction": "0", "dep_dt": "1473350321", "route_id": "Red", "dwell_time_sec": "76"}, {"arr_dt": "1473350788", "direction": "0", "dep_dt": "1473350863", "route_id": "Red", "dwell_time_sec": "75"}, {"arr_dt": "1473351088", "direction": "0", "dep_dt": "1473351148", "route_id": "Red", "dwell_time_sec": "60"}, {"arr_dt": "1473351668", "direction": "0", "dep_dt": "1473351746", "route_id": "Red", "dwell_time_sec": "78"}, {"arr_dt": "1473352154", "direction": "0", "dep_dt": "1473352300", "route_id": "Red", "dwell_time_sec": "146"}, {"arr_dt": "1473352873", "direction": "0", "dep_dt": "1473352949", "route_id": "Red", "dwell_time_sec": "76"}, {"arr_dt": "1473353361", "direction": "0", "dep_dt": "1473353444", "route_id": "Red", "dwell_time_sec": "83"}, {"arr_dt": "1473353653", "direction": "0", "dep_dt": "1473353726", "route_id": "Red", "dwell_time_sec": "73"}, {"arr_dt": "1473354068", "direction": "0", "dep_dt": "1473354135", "route_id": "Red", "dwell_time_sec": "67"}, {"arr_dt": "1473354491", "direction": "0", "dep_dt": "1473354577", "route_id": "Red", "dwell_time_sec": "86"}, {"arr_dt": "1473354909", "direction": "0", "dep_dt": "1473354977", "route_id": "Red", "dwell_time_sec": "68"}, {"arr_dt": "1473355270", "direction": "0", "dep_dt": "1473355366", "route_id": "Red", "dwell_time_sec": "96"}, {"arr_dt": "1473356156", "direction": "0", "dep_dt": "1473356230", "route_id": "Red", "dwell_time_sec": "74"}, {"arr_dt": "1473356698", "direction": "0", "dep_dt": "1473356786", "route_id": "Red", "dwell_time_sec": "88"}, {"arr_dt": "1473357023", "direction": "0", "dep_dt": "1473357090", "route_id": "Red", "dwell_time_sec": "67"}, {"arr_dt": "1473357596", "direction": "0", "dep_dt": "1473357673", "route_id": "Red", "dwell_time_sec": "77"}, {"arr_dt": "1473357850", "direction": "0", "dep_dt": "1473357919", "route_id": "Red", "dwell_time_sec": "69"}, {"arr_dt": "1473358325", "direction": "0", "dep_dt": "1473358403", "route_id": "Red", "dwell_time_sec": "78"}, {"arr_dt": "1473358660", "direction": "0", "dep_dt": "1473358735", "route_id": "Red", "dwell_time_sec": "75"}, {"arr_dt": "1473359221", "direction": "0", "dep_dt": "1473359409", "route_id": "Red", "dwell_time_sec": "188"}, {"arr_dt": "1473359512", "direction": "0", "dep_dt": "1473359592", "route_id": "Red", "dwell_time_sec": "80"}, {"arr_dt": "1473360070", "direction": "0", "dep_dt": "1473360164", "route_id": "Red", "dwell_time_sec": "94"}, {"arr_dt": "1473360371", "direction": "0", "dep_dt": "1473360455", "route_id": "Red", "dwell_time_sec": "84"}, {"arr_dt": "1473360870", "direction": "0", "dep_dt": "1473360981", "route_id": "Red", "dwell_time_sec": "111"}, {"arr_dt": "1473361279", "direction": "0", "dep_dt": "1473361388", "route_id": "Red", "dwell_time_sec": "109"}, {"arr_dt": "1473361640", "direction": "0", "dep_dt": "1473361715", "route_id": "Red", "dwell_time_sec": "75"}, {"arr_dt": "1473362443", "direction": "0", "dep_dt": "1473362533", "route_id": "Red", "dwell_time_sec": "90"}, {"arr_dt": "1473362923", "direction": "0", "dep_dt": "1473363030", "route_id": "Red", "dwell_time_sec": "107"}, {"arr_dt": "1473363128", "direction": "0", "dep_dt": "1473363237", "route_id": "Red", "dwell_time_sec": "109"}, {"arr_dt": "1473363381", "direction": "0", "dep_dt": "1473363456", "route_id": "Red", "dwell_time_sec": "75"}, {"arr_dt": "1473363761", "direction": "0", "dep_dt": "1473363852", "route_id": "Red", "dwell_time_sec": "91"}, {"arr_dt": "1473364111", "direction": "0", "dep_dt": "1473364180", "route_id": "Red", "dwell_time_sec": "69"}, {"arr_dt": "1473364452", "direction": "0", "dep_dt": "1473364543", "route_id": "Red", "dwell_time_sec": "91"}, {"arr_dt": "1473364818", "direction": "0", "dep_dt": "1473364889", "route_id": "Red", "dwell_time_sec": "71"}, {"arr_dt": "1473365129", "direction": "0", "dep_dt": "1473365213", "route_id": "Red", "dwell_time_sec": "84"}, {"arr_dt": "1473365425", "direction": "0", "dep_dt": "1473365504", "route_id": "Red", "dwell_time_sec": "79"}, {"arr_dt": "1473365649", "direction": "0", "dep_dt": "1473365762", "route_id": "Red", "dwell_time_sec": "113"}, {"arr_dt": "1473366346", "direction": "0", "dep_dt": "1473366439", "route_id": "Red", "dwell_time_sec": "93"}, {"arr_dt": "1473366611", "direction": "0", "dep_dt": "1473366761", "route_id": "Red", "dwell_time_sec": "150"}, {"arr_dt": "1473366858", "direction": "0", "dep_dt": "1473366956", "route_id": "Red", "dwell_time_sec": "98"}, {"arr_dt": "1473367128", "direction": "0", "dep_dt": "1473367233", "route_id": "Red", "dwell_time_sec": "105"}, {"arr_dt": "1473367331", "direction": "0", "dep_dt": "1473367426", "route_id": "Red", "dwell_time_sec": "95"}, {"arr_dt": "1473367661", "direction": "0", "dep_dt": "1473367769", "route_id": "Red", "dwell_time_sec": "108"}, {"arr_dt": "1473367867", "direction": "0", "dep_dt": "1473367965", "route_id": "Red", "dwell_time_sec": "98"}, {"arr_dt": "1473368116", "direction": "0", "dep_dt": "1473368228", "route_id": "Red", "dwell_time_sec": "112"}, {"arr_dt": "1473368315", "direction": "0", "dep_dt": "1473368391", "route_id": "Red", "dwell_time_sec": "76"}, {"arr_dt": "1473369240", "direction": "0", "dep_dt": "1473369341", "route_id": "Red", "dwell_time_sec": "101"}, {"arr_dt": "1473369435", "direction": "0", "dep_dt": "1473369555", "route_id": "Red", "dwell_time_sec": "120"}, {"arr_dt": "1473369673", "direction": "0", "dep_dt": "1473369767", "route_id": "Red", "dwell_time_sec": "94"}, {"arr_dt": "1473369883", "direction": "0", "dep_dt": "1473369988", "route_id": "Red", "dwell_time_sec": "105"}, {"arr_dt": "1473370106", "direction": "0", "dep_dt": "1473370207", "route_id": "Red", "dwell_time_sec": "101"}, {"arr_dt": "1473370418", "direction": "0", "dep_dt": "1473370521", "route_id": "Red", "dwell_time_sec": "103"}, {"arr_dt": "1473370660", "direction": "0", "dep_dt": "1473370773", "route_id": "Red", "dwell_time_sec": "113"}, {"arr_dt": "1473370867", "direction": "0", "dep_dt": "1473370966", "route_id": "Red", "dwell_time_sec": "99"}, {"arr_dt": "1473371082", "direction": "0", "dep_dt": "1473371196", "route_id": "Red", "dwell_time_sec": "114"}, {"arr_dt": "1473371300", "direction": "0", "dep_dt": "1473371396", "route_id": "Red", "dwell_time_sec": "96"}, {"arr_dt": "1473371535", "direction": "0", "dep_dt": "1473371628", "route_id": "Red", "dwell_time_sec": "93"}, {"arr_dt": "1473371732", "direction": "0", "dep_dt": "1473371817", "route_id": "Red", "dwell_time_sec": "85"}, {"arr_dt": "1473371936", "direction": "0", "dep_dt": "1473372022", "route_id": "Red", "dwell_time_sec": "86"}, {"arr_dt": "1473372135", "direction": "0", "dep_dt": "1473372237", "route_id": "Red", "dwell_time_sec": "102"}, {"arr_dt": "1473372495", "direction": "0", "dep_dt": "1473372565", "route_id": "Red", "dwell_time_sec": "70"}, {"arr_dt": "1473372989", "direction": "0", "dep_dt": "1473373105", "route_id": "Red", "dwell_time_sec": "116"}, {"arr_dt": "1473373360", "direction": "0", "dep_dt": "1473373468", "route_id": "Red", "dwell_time_sec": "108"}, {"arr_dt": "1473373574", "direction": "0", "dep_dt": "1473373661", "route_id": "Red", "dwell_time_sec": "87"}, {"arr_dt": "1473373803", "direction": "0", "dep_dt": "1473373886", "route_id": "Red", "dwell_time_sec": "83"}, {"arr_dt": "1473374015", "direction": "0", "dep_dt": "1473374099", "route_id": "Red", "dwell_time_sec": "84"}, {"arr_dt": "1473374216", "direction": "0", "dep_dt": "1473374301", "route_id": "Red", "dwell_time_sec": "85"}, {"arr_dt": "1473374398", "direction": "0", "dep_dt": "1473374489", "route_id": "Red", "dwell_time_sec": "91"}, {"arr_dt": "1473374582", "direction": "0", "dep_dt": "1473374661", "route_id": "Red", "dwell_time_sec": "79"}, {"arr_dt": "1473374764", "direction": "0", "dep_dt": "1473374837", "route_id": "Red", "dwell_time_sec": "73"}, {"arr_dt": "1473374945", "direction": "0", "dep_dt": "1473375018", "route_id": "Red", "dwell_time_sec": "73"}, {"arr_dt": "1473375148", "direction": "0", "dep_dt": "1473375250", "route_id": "Red", "dwell_time_sec": "102"}, {"arr_dt": "1473375443", "direction": "0", "dep_dt": "1473375529", "route_id": "Red", "dwell_time_sec": "86"}, {"arr_dt": "1473375850", "direction": "0", "dep_dt": "1473375928", "route_id": "Red", "dwell_time_sec": "78"}, {"arr_dt": "1473376050", "direction": "0", "dep_dt": "1473376124", "route_id": "Red", "dwell_time_sec": "74"}, {"arr_dt": "1473376243", "direction": "0", "dep_dt": "1473376321", "route_id": "Red", "dwell_time_sec": "78"}, {"arr_dt": "1473376445", "direction": "0", "dep_dt": "1473376508", "route_id": "Red", "dwell_time_sec": "63"}, {"arr_dt": "1473376743", "direction": "0", "dep_dt": "1473376825", "route_id": "Red", "dwell_time_sec": "82"}, {"arr_dt": "1473377001", "direction": "0", "dep_dt": "1473377076", "route_id": "Red", "dwell_time_sec": "75"}, {"arr_dt": "1473377229", "direction": "0", "dep_dt": "1473377327", "route_id": "Red", "dwell_time_sec": "98"}, {"arr_dt": "1473377527", "direction": "0", "dep_dt": "1473377607", "route_id": "Red", "dwell_time_sec": "80"}, {"arr_dt": "1473378347", "direction": "0", "dep_dt": "1473378426", "route_id": "Red", "dwell_time_sec": "79"}, {"arr_dt": "1473378579", "direction": "0", "dep_dt": "1473378684", "route_id": "Red", "dwell_time_sec": "105"}, {"arr_dt": "1473378788", "direction": "0", "dep_dt": "1473378861", "route_id": "Red", "dwell_time_sec": "73"}, {"arr_dt": "1473379065", "direction": "0", "dep_dt": "1473379131", "route_id": "Red", "dwell_time_sec": "66"}, {"arr_dt": "1473379649", "direction": "0", "dep_dt": "1473379730", "route_id": "Red", "dwell_time_sec": "81"}, {"arr_dt": "1473380068", "direction": "0", "dep_dt": "1473380147", "route_id": "Red", "dwell_time_sec": "79"}, {"arr_dt": "1473380409", "direction": "0", "dep_dt": "1473380479", "route_id": "Red", "dwell_time_sec": "70"}, {"arr_dt": "1473380999", "direction": "0", "dep_dt": "1473381082", "route_id": "Red", "dwell_time_sec": "83"}, {"arr_dt": "1473381350", "direction": "0", "dep_dt": "1473381429", "route_id": "Red", "dwell_time_sec": "79"}, {"arr_dt": "1473381671", "direction": "0", "dep_dt": "1473381743", "route_id": "Red", "dwell_time_sec": "72"}, {"arr_dt": "1473381923", "direction": "0", "dep_dt": "1473381990", "route_id": "Red", "dwell_time_sec": "67"}, {"arr_dt": "1473382090", "direction": "0", "dep_dt": "1473382147", "route_id": "Red", "dwell_time_sec": "57"}, {"arr_dt": "1473382460", "direction": "0", "dep_dt": "1473382543", "route_id": "Red", "dwell_time_sec": "83"}, {"arr_dt": "1473382673", "direction": "0", "dep_dt": "1473382747", "route_id": "Red", "dwell_time_sec": "74"}, {"arr_dt": "1473383324", "direction": "0", "dep_dt": "1473383411", "route_id": "Red", "dwell_time_sec": "87"}, {"arr_dt": "1473383521", "direction": "0", "dep_dt": "1473383610", "route_id": "Red", "dwell_time_sec": "89"}, {"arr_dt": "1473383710", "direction": "0", "dep_dt": "1473383779", "route_id": "Red", "dwell_time_sec": "69"}, {"arr_dt": "1473383950", "direction": "0", "dep_dt": "1473384155", "route_id": "Red", "dwell_time_sec": "205"}, {"arr_dt": "1473384363", "direction": "0", "dep_dt": "1473384442", "route_id": "Red", "dwell_time_sec": "79"}, {"arr_dt": "1473384785", "direction": "0", "dep_dt": "1473384866", "route_id": "Red", "dwell_time_sec": "81"}, {"arr_dt": "1473384995", "direction": "0", "dep_dt": "1473385062", "route_id": "Red", "dwell_time_sec": "67"}, {"arr_dt": "1473385593", "direction": "0", "dep_dt": "1473385666", "route_id": "Red", "dwell_time_sec": "73"}, {"arr_dt": "1473385829", "direction": "0", "dep_dt": "1473385896", "route_id": "Red", "dwell_time_sec": "67"}, {"arr_dt": "1473386166", "direction": "0", "dep_dt": "1473386235", "route_id": "Red", "dwell_time_sec": "69"}, {"arr_dt": "1473386541", "direction": "0", "dep_dt": "1473386620", "route_id": "Red", "dwell_time_sec": "79"}, {"arr_dt": "1473386958", "direction": "0", "dep_dt": "1473387034", "route_id": "Red", "dwell_time_sec": "76"}, {"arr_dt": "1473387234", "direction": "0", "dep_dt": "1473387325", "route_id": "Red", "dwell_time_sec": "91"}, {"arr_dt": "1473387600", "direction": "0", "dep_dt": "1473387690", "route_id": "Red", "dwell_time_sec": "90"}, {"arr_dt": "1473387847", "direction": "0", "dep_dt": "1473387924", "route_id": "Red", "dwell_time_sec": "77"}, {"arr_dt": "1473388328", "direction": "0", "dep_dt": "1473388391", "route_id": "Red", "dwell_time_sec": "63"}, {"arr_dt": "1473388767", "direction": "0", "dep_dt": "1473388837", "route_id": "Red", "dwell_time_sec": "70"}, {"arr_dt": "1473388986", "direction": "0", "dep_dt": "1473389040", "route_id": "Red", "dwell_time_sec": "54"}, {"arr_dt": "1473389180", "direction": "0", "dep_dt": "1473389238", "route_id": "Red", "dwell_time_sec": "58"}, {"arr_dt": "1473389606", "direction": "0", "dep_dt": "1473389670", "route_id": "Red", "dwell_time_sec": "64"}, {"arr_dt": "1473390157", "direction": "0", "dep_dt": "1473390226", "route_id": "Red", "dwell_time_sec": "69"}, {"arr_dt": "1473390518", "direction": "0", "dep_dt": "1473390592", "route_id": "Red", "dwell_time_sec": "74"}, {"arr_dt": "1473391098", "direction": "0", "dep_dt": "1473391188", "route_id": "Red", "dwell_time_sec": "90"}, {"arr_dt": "1473391498", "direction": "0", "dep_dt": "1473391588", "route_id": "Red", "dwell_time_sec": "90"}, {"arr_dt": "1473391696", "direction": "0", "dep_dt": "1473391770", "route_id": "Red", "dwell_time_sec": "74"}, {"arr_dt": "1473391953", "direction": "0", "dep_dt": "1473392013", "route_id": "Red", "dwell_time_sec": "60"}, {"arr_dt": "1473392160", "direction": "0", "dep_dt": "1473392229", "route_id": "Red", "dwell_time_sec": "69"}, {"arr_dt": "1473392596", "direction": "0", "dep_dt": "1473392659", "route_id": "Red", "dwell_time_sec": "63"}, {"arr_dt": "1473392822", "direction": "0", "dep_dt": "1473392904", "route_id": "Red", "dwell_time_sec": "82"}, {"arr_dt": "1473393303", "direction": "0", "dep_dt": "1473393363", "route_id": "Red", "dwell_time_sec": "60"}]}