{"dwell_times": [{"arr_dt": "1459051506", "direction": "0", "dep_dt": "1459051574", "route_id": "Red", "dwell_time_sec": "68"}, {"arr_dt": "1459052209", "direction": "0", "dep_dt": "1459052293", "route_id": "Red", "dwell_time_sec": "84"}, {"arr_dt": "1459052835", "direction": "0", "dep_dt": "1459052925", "route_id": "Red", "dwell_time_sec": "90"}, {"arr_dt": "1459053419", "direction": "0", "dep_dt": "1459053484", "route_id": "Red", "dwell_time_sec": "65"}, {"arr_dt": "1459054162", "direction": "0", "dep_dt": "1459054222", "route_id": "Red", "dwell_time_sec": "60"}, {"arr_dt": "1459054866", "direction": "0", "dep_dt": "1459054931", "route_id": "Red", "dwell_time_sec": "65"}, {"arr_dt": "1459055460", "direction": "0", "dep_dt": "1459055565", "route_id": "Red", "dwell_time_sec": "105"}, {"arr_dt": "1459073997", "direction": "0", "dep_dt": "1459074068", "route_id": "Red", "dwell_time_sec": "71"}, {"arr_dt": "1459074794", "direction": "0", "dep_dt": "1459074847", "route_id": "Red", "dwell_time_sec": "53"}, {"arr_dt": "1459075288", "direction": "0", "dep_dt": "1459075343", "route_id": "Red", "dwell_time_sec": "55"}, {"arr_dt": "1459075745", "direction": "0", "dep_dt": "1459075836", "route_id": "Red", "dwell_time_sec": "91"}, {"arr_dt": "1459076319", "direction": "0", "dep_dt": "1459076383", "route_id": "Red", "dwell_time_sec": "64"}, {"arr_dt": "1459076724", "direction": "0", "dep_dt": "1459076785", "route_id": "Red", "dwell_time_sec": "61"}, {"arr_dt": "1459077195", "direction": "0", "dep_dt": "1459077261", "route_id": "Red", "dwell_time_sec": "66"}, {"arr_dt": "1459077776", "direction": "0", "dep_dt": "1459077844", "route_id": "Red", "dwell_time_sec": "68"}, {"arr_dt": "1459078116", "direction": "0", "dep_dt": "1459078180", "route_id": "Red", "dwell_time_sec": "64"}, {"arr_dt": "1459078584", "direction": "0", "dep_dt": "1459078639", "route_id": "Red", "dwell_time_sec": "55"}, {"arr_dt": "1459079050", "direction": "0", "dep_dt": "1459079119", "route_id": "Red", "dwell_time_sec": "69"}, {"arr_dt": "1459079565", "direction": "0", "dep_dt": "1459079627", "route_id": "Red", "dwell_time_sec": "62"}, {"arr_dt": "1459080096", "direction": "0", "dep_dt": "1459080154", "route_id": "Red", "dwell_time_sec": "58"}, {"arr_dt": "1459080446", "direction": "0", "dep_dt": "1459080518", "route_id": "Red", "dwell_time_sec": "72"}, {"arr_dt": "1459080989", "direction": "0", "dep_dt": "1459081054", "route_id": "Red", "dwell_time_sec": "65"}, {"arr_dt": "1459081414", "direction": "0", "dep_dt": "1459081489", "route_id": "Red", "dwell_time_sec": "75"}, {"arr_dt": "1459081934", "direction": "0", "dep_dt": "1459081998", "route_id": "Red", "dwell_time_sec": "64"}, {"arr_dt": "1459082465", "direction": "0", "dep_dt": "1459082524", "route_id": "Red", "dwell_time_sec": "59"}, {"arr_dt": "1459082768", "direction": "0", "dep_dt": "1459082828", "route_id": "Red", "dwell_time_sec": "60"}, {"arr_dt": "1459083297", "direction": "0", "dep_dt": "1459083384", "route_id": "Red", "dwell_time_sec": "87"}, {"arr_dt": "1459083683", "direction": "0", "dep_dt": "1459083769", "route_id": "Red", "dwell_time_sec": "86"}, {"arr_dt": "1459084235", "direction": "0", "dep_dt": "1459084306", "route_id": "Red", "dwell_time_sec": "71"}, {"arr_dt": "1459084703", "direction": "0", "dep_dt": "1459084771", "route_id": "Red", "dwell_time_sec": "68"}, {"arr_dt": "1459085175", "direction": "0", "dep_dt": "1459085234", "route_id": "Red", "dwell_time_sec": "59"}, {"arr_dt": "1459085563", "direction": "0", "dep_dt": "1459085638", "route_id": "Red", "dwell_time_sec": "75"}, {"arr_dt": "1459086060", "direction": "0", "dep_dt": "1459086138", "route_id": "Red", "dwell_time_sec": "78"}, {"arr_dt": "1459086528", "direction": "0", "dep_dt": "1459086607", "route_id": "Red", "dwell_time_sec": "79"}, {"arr_dt": "1459087005", "direction": "0", "dep_dt": "1459087063", "route_id": "Red", "dwell_time_sec": "58"}, {"arr_dt": "1459087448", "direction": "0", "dep_dt": "1459087591", "route_id": "Red", "dwell_time_sec": "143"}, {"arr_dt": "1459087960", "direction": "0", "dep_dt": "1459088057", "route_id": "Red", "dwell_time_sec": "97"}, {"arr_dt": "1459088259", "direction": "0", "dep_dt": "1459088322", "route_id": "Red", "dwell_time_sec": "63"}, {"arr_dt": "1459088964", "direction": "0", "dep_dt": "1459089031", "route_id": "Red", "dwell_time_sec": "67"}, {"arr_dt": "1459089283", "direction": "0", "dep_dt": "1459089438", "route_id": "Red", "dwell_time_sec": "155"}, {"arr_dt": "1459089904", "direction": "0", "dep_dt": "1459089967", "route_id": "Red", "dwell_time_sec": "63"}, {"arr_dt": "1459090264", "direction": "0", "dep_dt": "1459090333", "route_id": "Red", "dwell_time_sec": "69"}, {"arr_dt": "1459090890", "direction": "0", "dep_dt": "1459090971", "route_id": "Red", "dwell_time_sec": "81"}, {"arr_dt": "1459091221", "direction": "0", "dep_dt": "1459091361", "route_id": "Red", "dwell_time_sec": "140"}, {"arr_dt": "1459091683", "direction": "0", "dep_dt": "1459091750", "route_id": "Red", "dwell_time_sec": "67"}, {"arr_dt": "1459092097", "direction": "0", "dep_dt": "1459092193", "route_id": "Red", "dwell_time_sec": "96"}, {"arr_dt": "1459092543", "direction": "0", "dep_dt": "1459092648", "route_id": "Red", "dwell_time_sec": "105"}, {"arr_dt": "1459093088", "direction": "0", "dep_dt": "1459093196", "route_id": "Red", "dwell_time_sec": "108"}, {"arr_dt": "1459093484", "direction": "0", "dep_dt": "1459093554", "route_id": "Red", "dwell_time_sec": "70"}, {"arr_dt": "1459093975", "direction": "0", "dep_dt": "1459094066", "route_id": "Red", "dwell_time_sec": "91"}, {"arr_dt": "1459094384", "direction": "0", "dep_dt": "1459094453", "route_id": "Red", "dwell_time_sec": "69"}, {"arr_dt": "1459094790", "direction": "0", "dep_dt": "1459094856", "route_id": "Red", "dwell_time_sec": "66"}, {"arr_dt": "1459095403", "direction": "0", "dep_dt": "1459095468", "route_id": "Red", "dwell_time_sec": "65"}, {"arr_dt": "1459095809", "direction": "0", "dep_dt": "1459095879", "route_id": "Red", "dwell_time_sec": "70"}, {"arr_dt": "1459096433", "direction": "0", "dep_dt": "1459096527", "route_id": "Red", "dwell_time_sec": "94"}, {"arr_dt": "1459096778", "direction": "0", "dep_dt": "1459096863", "route_id": "Red", "dwell_time_sec": "85"}, {"arr_dt": "1459097370", "direction": "0", "dep_dt": "1459097443", "route_id": "Red", "dwell_time_sec": "73"}, {"arr_dt": "1459098102", "direction": "0", "dep_dt": "1459098199", "route_id": "Red", "dwell_time_sec": "97"}, {"arr_dt": "1459098288", "direction": "0", "dep_dt": "1459098376", "route_id": "Red", "dwell_time_sec": "88"}, {"arr_dt": "1459098647", "direction": "0", "dep_dt": "1459098727", "route_id": "Red", "dwell_time_sec": "80"}, {"arr_dt": "1459099046", "direction": "0", "dep_dt": "1459099113", "route_id": "Red", "dwell_time_sec": "67"}, {"arr_dt": "1459099728", "direction": "0", "dep_dt": "1459099816", "route_id": "Red", "dwell_time_sec": "88"}, {"arr_dt": "1459100250", "direction": "0", "dep_dt": "1459100358", "route_id": "Red", "dwell_time_sec": "108"}, {"arr_dt": "1459100460", "direction": "0", "dep_dt": "1459100531", "route_id": "Red", "dwell_time_sec": "71"}, {"arr_dt": "1459101001", "direction": "0", "dep_dt": "1459101077", "route_id": "Red", "dwell_time_sec": "76"}, {"arr_dt": "1459101529", "direction": "0", "dep_dt": "1459101597", "route_id": "Red", "dwell_time_sec": "68"}, {"arr_dt": "1459102005", "direction": "0", "dep_dt": "1459102105", "route_id": "Red", "dwell_time_sec": "100"}, {"arr_dt": "1459102384", "direction": "0", "dep_dt": "1459102463", "route_id": "Red", "dwell_time_sec": "79"}, {"arr_dt": "1459102848", "direction": "0", "dep_dt": "1459102938", "route_id": "Red", "dwell_time_sec": "90"}, {"arr_dt": "1459103405", "direction": "0", "dep_dt": "1459103494", "route_id": "Red", "dwell_time_sec": "89"}, {"arr_dt": "1459104129", "direction": "0", "dep_dt": "1459104212", "route_id": "Red", "dwell_time_sec": "83"}, {"arr_dt": "1459104864", "direction": "0", "dep_dt": "1459104987", "route_id": "Red", "dwell_time_sec": "123"}, {"arr_dt": "1459105102", "direction": "0", "dep_dt": "1459105158", "route_id": "Red", "dwell_time_sec": "56"}, {"arr_dt": "1459105337", "direction": "0", "dep_dt": "1459105417", "route_id": "Red", "dwell_time_sec": "80"}, {"arr_dt": "1459105821", "direction": "0", "dep_dt": "1459105898", "route_id": "Red", "dwell_time_sec": "77"}, {"arr_dt": "1459106198", "direction": "0", "dep_dt": "1459106270", "route_id": "Red", "dwell_time_sec": "72"}, {"arr_dt": "1459106551", "direction": "0", "dep_dt": "1459106608", "route_id": "Red", "dwell_time_sec": "57"}, {"arr_dt": "1459106942", "direction": "0", "dep_dt": "1459107030", "route_id": "Red", "dwell_time_sec": "88"}, {"arr_dt": "1459107523", "direction": "0", "dep_dt": "1459107618", "route_id": "Red", "dwell_time_sec": "95"}, {"arr_dt": "1459107900", "direction": "0", "dep_dt": "1459107973", "route_id": "Red", "dwell_time_sec": "73"}, {"arr_dt": "1459108428", "direction": "0", "dep_dt": "1459108509", "route_id": "Red", "dwell_time_sec": "81"}, {"arr_dt": "1459108840", "direction": "0", "dep_dt": "1459108924", "route_id": "Red", "dwell_time_sec": "84"}, {"arr_dt": "1459109259", "direction": "0", "dep_dt": "1459109336", "route_id": "Red", "dwell_time_sec": "77"}, {"arr_dt": "1459110007", "direction": "0", "dep_dt": "1459110084", "route_id": "Red", "dwell_time_sec": "77"}, {"arr_dt": "1459110282", "direction": "0", "dep_dt": "1459110369", "route_id": "Red", "dwell_time_sec": "87"}, {"arr_dt": "1459110765", "direction": "0", "dep_dt": "1459110852", "route_id": "Red", "dwell_time_sec": "87"}, {"arr_dt": "1459111348", "direction": "0", "dep_dt": "1459111434", "route_id": "Red", "dwell_time_sec": "86"}, {"arr_dt": "1459111579", "direction": "0", "dep_dt": "1459111647", "route_id": "Red", "dwell_time_sec": "68"}, {"arr_dt": "1459112089", "direction": "0", "dep_dt": "1459112171", "route_id": "Red", "dwell_time_sec": "82"}, {"arr_dt": "1459112508", "direction": "0", "dep_dt": "1459112581", "route_id": "Red", "dwell_time_sec": "73"}, {"arr_dt": "1459113147", "direction": "0", "dep_dt": "1459113252", "route_id": "Red", "dwell_time_sec": "105"}, {"arr_dt": "1459113514", "direction": "0", "dep_dt": "1459113602", "route_id": "Red", "dwell_time_sec": "88"}, {"arr_dt": "1459113987", "direction": "0", "dep_dt": "1459114066", "route_id": "Red", "dwell_time_sec": "79"}, {"arr_dt": "1459114466", "direction": "0", "dep_dt": "1459114546", "route_id": "Red", "dwell_time_sec": "80"}, {"arr_dt": "1459114830", "direction": "0", "dep_dt": "1459114895", "route_id": "Red", "dwell_time_sec": "65"}, {"arr_dt": "1459115366", "direction": "0", "dep_dt": "1459115456", "route_id": "Red", "dwell_time_sec": "90"}, {"arr_dt": "1459115788", "direction": "0", "dep_dt": "1459115864", "route_id": "Red", "dwell_time_sec": "76"}, {"arr_dt": "1459116369", "direction": "0", "dep_dt": "1459116464", "route_id": "Red", "dwell_time_sec": "95"}, {"arr_dt": "1459116835", "direction": "0", "dep_dt": "1459116924", "route_id": "Red", "dwell_time_sec": "89"}, {"arr_dt": "1459117256", "direction": "0", "dep_dt": "1459117316", "route_id": "Red", "dwell_time_sec": "60"}, {"arr_dt": "1459117787", "direction": "0", "dep_dt": "1459117855", "route_id": "Red", "dwell_time_sec": "68"}, {"arr_dt": "1459118074", "direction": "0", "dep_dt": "1459118138", "route_id": "Red", "dwell_time_sec": "64"}, {"arr_dt": "1459118664", "direction": "0", "dep_dt": "1459118732", "route_id": "Red", "dwell_time_sec": "68"}, {"arr_dt": "1459119152", "direction": "0", "dep_dt": "1459119214", "route_id": "Red", "dwell_time_sec": "62"}, {"arr_dt": "1459119483", "direction": "0", "dep_dt": "1459119562", "route_id": "Red", "dwell_time_sec": "79"}, {"arr_dt": "1459119975", "direction": "0", "dep_dt": "1459120047", "route_id": "Red", "dwell_time_sec": "72"}, {"arr_dt": "1459120508", "direction": "0", "dep_dt": "1459120574", "route_id": "Red", "dwell_time_sec": "66"}, {"arr_dt": "1459121023", "direction": "0", "dep_dt": "1459121107", "route_id": "Red", "dwell_time_sec": "84"}, {"arr_dt": "1459121375", "direction": "0", "dep_dt": "1459121462", "route_id": "Red", "dwell_time_sec": "87"}, {"arr_dt": "1459121822", "direction": "0", "dep_dt": "1459121886", "route_id": "Red", "dwell_time_sec": "64"}, {"arr_dt": "1459122373", "direction": "0", "dep_dt": "1459122468", "route_id": "Red", "dwell_time_sec": "95"}, {"arr_dt": "1459122996", "direction": "0", "dep_dt": "1459123070", "route_id": "Red", "dwell_time_sec": "74"}, {"arr_dt": "1459123425", "direction": "0", "dep_dt": "1459123483", "route_id": "Red", "dwell_time_sec": "58"}, {"arr_dt": "1459123933", "direction": "0", "dep_dt": "1459124007", "route_id": "Red", "dwell_time_sec": "74"}, {"arr_dt": "1459124291", "direction": "0", "dep_dt": "1459124364", "route_id": "Red", "dwell_time_sec": "73"}, {"arr_dt": "1459124603", "direction": "0", "dep_dt": "1459124676", "route_id": "Red", "dwell_time_sec": "73"}, {"arr_dt": "1459125167", "direction": "0", "dep_dt": "1459125264", "route_id": "Red", "dwell_time_sec": "97"}, {"arr_dt": "1459125714", "direction": "0", "dep_dt": "1459125786", "route_id": "Red", "dwell_time_sec": "72"}, {"arr_dt": "1459125995", "direction": "0", "dep_dt": "1459126051", "route_id": "Red", "dwell_time_sec": "56"}, {"arr_dt": "1459126575", "direction": "0", "dep_dt": "1459126646", "route_id": "Red", "dwell_time_sec": "71"}, {"arr_dt": "1459127001", "direction": "0", "dep_dt": "1459127063", "route_id": "Red", "dwell_time_sec": "62"}, {"arr_dt": "1459127592", "direction": "0", "dep_dt": "1459127666", "route_id": "Red", "dwell_time_sec": "74"}, {"arr_dt": "1459127995", "direction": "0", "dep_dt": "1459128063", "route_id": "Red", "dwell_time_sec": "68"}, {"arr_dt": "1459128370", "direction": "0", "dep_dt": "1459128436", "route_id": "Red", "dwell_time_sec": "66"}, {"arr_dt": "1459128959", "direction": "0", "dep_dt": "1459129037", "route_id": "Red", "dwell_time_sec": "78"}, {"arr_dt": "1459129339", "direction": "0", "dep_dt": "1459129405", "route_id": "Red", "dwell_time_sec": "66"}, {"arr_dt": "1459130131", "direction": "0", "dep_dt": "1459130208", "route_id": "Red", "dwell_time_sec": "77"}, {"arr_dt": "1459130570", "direction": "0", "dep_dt": "1459130863", "route_id": "Red", "dwell_time_sec": "293"}, {"arr_dt": "1459130990", "direction": "0", "dep_dt": "1459131055", "route_id": "Red", "dwell_time_sec": "65"}, {"arr_dt": "1459131204", "direction": "0", "dep_dt": "1459131264", "route_id": "Red", "dwell_time_sec": "60"}, {"arr_dt": "1459131809", "direction": "0", "dep_dt": "1459131869", "route_id": "Red", "dwell_time_sec": "60"}, {"arr_dt": "1459132586", "direction": "0", "dep_dt": "1459132669", "route_id": "Red", "dwell_time_sec": "83"}, {"arr_dt": "1459133034", "direction": "0", "dep_dt": "1459133100", "route_id": "Red", "dwell_time_sec": "66"}, {"arr_dt": "1459133759", "direction": "0", "dep_dt": "1459133834", "route_id": "Red", "dwell_time_sec": "75"}, {"arr_dt": "1459134036", "direction": "0", "dep_dt": "1459134147", "route_id": "Red", "dwell_time_sec": "111"}, {"arr_dt": "1459134321", "direction": "0", "dep_dt": "1459134408", "route_id": "Red", "dwell_time_sec": "87"}, {"arr_dt": "1459134585", "direction": "0", "dep_dt": "1459134658", "route_id": "Red", "dwell_time_sec": "73"}, {"arr_dt": "1459135150", "direction": "0", "dep_dt": "1459135227", "route_id": "Red", "dwell_time_sec": "77"}, {"arr_dt": "1459136012", "direction": "0", "dep_dt": "1459136084", "route_id": "Red", "dwell_time_sec": "72"}, {"arr_dt": "1459136382", "direction": "0", "dep_dt": "1459136445", "route_id": "Red", "dwell_time_sec": "63"}, {"arr_dt": "1459136823", "direction": "0", "dep_dt": "1459136895", "route_id": "Red", "dwell_time_sec": "72"}, {"arr_dt": "1459137308", "direction": "0", "dep_dt": "1459137357", "route_id": "Red", "dwell_time_sec": "49"}]}