{"dwell_times": [{"arr_dt": "1478231958", "direction": "0", "dep_dt": "1478232019", "route_id": "Red", "dwell_time_sec": "61"}, {"arr_dt": "1478232355", "direction": "0", "dep_dt": "1478232422", "route_id": "Red", "dwell_time_sec": "67"}, {"arr_dt": "1478232945", "direction": "0", "dep_dt": "1478233012", "route_id": "Red", "dwell_time_sec": "67"}, {"arr_dt": "1478233233", "direction": "0", "dep_dt": "1478233300", "route_id": "Red", "dwell_time_sec": "67"}, {"arr_dt": "1478233678", "direction": "0", "dep_dt": "1478233739", "route_id": "Red", "dwell_time_sec": "61"}, {"arr_dt": "1478234046", "direction": "0", "dep_dt": "1478234101", "route_id": "Red", "dwell_time_sec": "55"}, {"arr_dt": "1478235438", "direction": "0", "dep_dt": "1478236129", "route_id": "Red", "dwell_time_sec": "691"}, {"arr_dt": "1478252108", "direction": "0", "dep_dt": "1478252172", "route_id": "Red", "dwell_time_sec": "64"}, {"arr_dt": "1478252509", "direction": "0", "dep_dt": "1478252576", "route_id": "Red", "dwell_time_sec": "67"}, {"arr_dt": "1478252886", "direction": "0", "dep_dt": "1478252943", "route_id": "Red", "dwell_time_sec": "57"}, {"arr_dt": "1478253265", "direction": "0", "dep_dt": "1478253337", "route_id": "Red", "dwell_time_sec": "72"}, {"arr_dt": "1478253704", "direction": "0", "dep_dt": "1478253781", "route_id": "Red", "dwell_time_sec": "77"}, {"arr_dt": "1478254342", "direction": "0", "dep_dt": "1478254415", "route_id": "Red", "dwell_time_sec": "73"}, {"arr_dt": "1478254882", "direction": "0", "dep_dt": "1478254942", "route_id": "Red", "dwell_time_sec": "60"}, {"arr_dt": "1478255388", "direction": "0", "dep_dt": "1478255459", "route_id": "Red", "dwell_time_sec": "71"}, {"arr_dt": "1478255687", "direction": "0", "dep_dt": "1478255744", "route_id": "Red", "dwell_time_sec": "57"}, {"arr_dt": "1478255926", "direction": "0", "dep_dt": "1478255981", "route_id": "Red", "dwell_time_sec": "55"}, {"arr_dt": "1478256414", "direction": "0", "dep_dt": "1478256495", "route_id": "Red", "dwell_time_sec": "81"}, {"arr_dt": "1478256594", "direction": "0", "dep_dt": "1478256659", "route_id": "Red", "dwell_time_sec": "65"}, {"arr_dt": "1478256904", "direction": "0", "dep_dt": "1478256975", "route_id": "Red", "dwell_time_sec": "71"}, {"arr_dt": "1478258236", "direction": "0", "dep_dt": "1478258313", "route_id": "Red", "dwell_time_sec": "77"}, {"arr_dt": "1478258411", "direction": "0", "dep_dt": "1478258491", "route_id": "Red", "dwell_time_sec": "80"}, {"arr_dt": "1478258585", "direction": "0", "dep_dt": "1478258695", "route_id": "Red", "dwell_time_sec": "110"}, {"arr_dt": "1478258781", "direction": "0", "dep_dt": "1478258866", "route_id": "Red", "dwell_time_sec": "85"}, {"arr_dt": "1478258992", "direction": "0", "dep_dt": "1478259062", "route_id": "Red", "dwell_time_sec": "70"}, {"arr_dt": "1478259158", "direction": "0", "dep_dt": "1478259240", "route_id": "Red", "dwell_time_sec": "82"}, {"arr_dt": "1478259411", "direction": "0", "dep_dt": "1478259495", "route_id": "Red", "dwell_time_sec": "84"}, {"arr_dt": "1478259602", "direction": "0", "dep_dt": "1478259689", "route_id": "Red", "dwell_time_sec": "87"}, {"arr_dt": "1478259820", "direction": "0", "dep_dt": "1478259889", "route_id": "Red", "dwell_time_sec": "69"}, {"arr_dt": "1478260112", "direction": "0", "dep_dt": "1478260188", "route_id": "Red", "dwell_time_sec": "76"}, {"arr_dt": "1478260340", "direction": "0", "dep_dt": "1478260443", "route_id": "Red", "dwell_time_sec": "103"}, {"arr_dt": "1478260621", "direction": "0", "dep_dt": "1478260708", "route_id": "Red", "dwell_time_sec": "87"}, {"arr_dt": "1478260814", "direction": "0", "dep_dt": "1478260896", "route_id": "Red", "dwell_time_sec": "82"}, {"arr_dt": "1478261002", "direction": "0", "dep_dt": "1478261075", "route_id": "Red", "dwell_time_sec": "73"}, {"arr_dt": "1478261184", "direction": "0", "dep_dt": "1478261249", "route_id": "Red", "dwell_time_sec": "65"}, {"arr_dt": "1478261455", "direction": "0", "dep_dt": "1478261542", "route_id": "Red", "dwell_time_sec": "87"}, {"arr_dt": "1478261648", "direction": "0", "dep_dt": "1478261745", "route_id": "Red", "dwell_time_sec": "97"}, {"arr_dt": "1478261865", "direction": "0", "dep_dt": "1478261965", "route_id": "Red", "dwell_time_sec": "100"}, {"arr_dt": "1478262054", "direction": "0", "dep_dt": "1478262155", "route_id": "Red", "dwell_time_sec": "101"}, {"arr_dt": "1478262300", "direction": "0", "dep_dt": "1478262392", "route_id": "Red", "dwell_time_sec": "92"}, {"arr_dt": "1478262506", "direction": "0", "dep_dt": "1478262586", "route_id": "Red", "dwell_time_sec": "80"}, {"arr_dt": "1478262884", "direction": "0", "dep_dt": "1478262989", "route_id": "Red", "dwell_time_sec": "105"}, {"arr_dt": "1478263237", "direction": "0", "dep_dt": "1478263331", "route_id": "Red", "dwell_time_sec": "94"}, {"arr_dt": "1478263573", "direction": "0", "dep_dt": "1478263767", "route_id": "Red", "dwell_time_sec": "194"}, {"arr_dt": "1478263748", "direction": "0", "dep_dt": "1478263859", "route_id": "Red", "dwell_time_sec": "111"}, {"arr_dt": "1478263944", "direction": "0", "dep_dt": "1478264034", "route_id": "Red", "dwell_time_sec": "90"}, {"arr_dt": "1478264144", "direction": "0", "dep_dt": "1478264214", "route_id": "Red", "dwell_time_sec": "70"}, {"arr_dt": "1478264547", "direction": "0", "dep_dt": "1478264669", "route_id": "Red", "dwell_time_sec": "122"}, {"arr_dt": "1478264753", "direction": "0", "dep_dt": "1478264849", "route_id": "Red", "dwell_time_sec": "96"}, {"arr_dt": "1478264983", "direction": "0", "dep_dt": "1478265081", "route_id": "Red", "dwell_time_sec": "98"}, {"arr_dt": "1478265157", "direction": "0", "dep_dt": "1478265236", "route_id": "Red", "dwell_time_sec": "79"}, {"arr_dt": "1478265332", "direction": "0", "dep_dt": "1478265420", "route_id": "Red", "dwell_time_sec": "88"}, {"arr_dt": "1478265501", "direction": "0", "dep_dt": "1478265602", "route_id": "Red", "dwell_time_sec": "101"}, {"arr_dt": "1478265820", "direction": "0", "dep_dt": "1478265904", "route_id": "Red", "dwell_time_sec": "84"}, {"arr_dt": "1478266375", "direction": "0", "dep_dt": "1478266492", "route_id": "Red", "dwell_time_sec": "117"}, {"arr_dt": "1478266707", "direction": "0", "dep_dt": "1478266808", "route_id": "Red", "dwell_time_sec": "101"}, {"arr_dt": "1478266901", "direction": "0", "dep_dt": "1478266983", "route_id": "Red", "dwell_time_sec": "82"}, {"arr_dt": "1478267089", "direction": "0", "dep_dt": "1478267166", "route_id": "Red", "dwell_time_sec": "77"}, {"arr_dt": "1478267266", "direction": "0", "dep_dt": "1478267332", "route_id": "Red", "dwell_time_sec": "66"}, {"arr_dt": "1478267461", "direction": "0", "dep_dt": "1478267550", "route_id": "Red", "dwell_time_sec": "89"}, {"arr_dt": "1478267644", "direction": "0", "dep_dt": "1478267728", "route_id": "Red", "dwell_time_sec": "84"}, {"arr_dt": "1478267840", "direction": "0", "dep_dt": "1478267915", "route_id": "Red", "dwell_time_sec": "75"}, {"arr_dt": "1478268028", "direction": "0", "dep_dt": "1478268098", "route_id": "Red", "dwell_time_sec": "70"}, {"arr_dt": "1478268210", "direction": "0", "dep_dt": "1478268270", "route_id": "Red", "dwell_time_sec": "60"}, {"arr_dt": "1478268457", "direction": "0", "dep_dt": "1478268518", "route_id": "Red", "dwell_time_sec": "61"}, {"arr_dt": "1478268796", "direction": "0", "dep_dt": "1478268868", "route_id": "Red", "dwell_time_sec": "72"}, {"arr_dt": "1478268980", "direction": "0", "dep_dt": "1478269050", "route_id": "Red", "dwell_time_sec": "70"}, {"arr_dt": "1478269141", "direction": "0", "dep_dt": "1478269218", "route_id": "Red", "dwell_time_sec": "77"}, {"arr_dt": "1478269332", "direction": "0", "dep_dt": "1478269403", "route_id": "Red", "dwell_time_sec": "71"}, {"arr_dt": "1478269640", "direction": "0", "dep_dt": "1478269697", "route_id": "Red", "dwell_time_sec": "57"}, {"arr_dt": "1478269936", "direction": "0", "dep_dt": "1478270000", "route_id": "Red", "dwell_time_sec": "64"}, {"arr_dt": "1478270254", "direction": "0", "dep_dt": "1478270325", "route_id": "Red", "dwell_time_sec": "71"}, {"arr_dt": "1478270597", "direction": "0", "dep_dt": "1478270664", "route_id": "Red", "dwell_time_sec": "67"}, {"arr_dt": "1478270784", "direction": "0", "dep_dt": "1478270847", "route_id": "Red", "dwell_time_sec": "63"}, {"arr_dt": "1478271211", "direction": "0", "dep_dt": "1478271264", "route_id": "Red", "dwell_time_sec": "53"}, {"arr_dt": "1478271413", "direction": "0", "dep_dt": "1478271482", "route_id": "Red", "dwell_time_sec": "69"}, {"arr_dt": "1478271930", "direction": "0", "dep_dt": "1478272011", "route_id": "Red", "dwell_time_sec": "81"}, {"arr_dt": "1478272498", "direction": "0", "dep_dt": "1478272571", "route_id": "Red", "dwell_time_sec": "73"}, {"arr_dt": "1478273246", "direction": "0", "dep_dt": "1478273318", "route_id": "Red", "dwell_time_sec": "72"}, {"arr_dt": "1478273623", "direction": "0", "dep_dt": "1478273700", "route_id": "Red", "dwell_time_sec": "77"}, {"arr_dt": "1478274295", "direction": "0", "dep_dt": "1478274368", "route_id": "Red", "dwell_time_sec": "73"}, {"arr_dt": "1478274534", "direction": "0", "dep_dt": "1478274597", "route_id": "Red", "dwell_time_sec": "63"}, {"arr_dt": "1478274854", "direction": "0", "dep_dt": "1478274930", "route_id": "Red", "dwell_time_sec": "76"}, {"arr_dt": "1478275275", "direction": "0", "dep_dt": "1478275343", "route_id": "Red", "dwell_time_sec": "68"}, {"arr_dt": "1478275697", "direction": "0", "dep_dt": "1478275889", "route_id": "Red", "dwell_time_sec": "192"}, {"arr_dt": "1478276065", "direction": "0", "dep_dt": "1478276126", "route_id": "Red", "dwell_time_sec": "61"}, {"arr_dt": "1478276783", "direction": "0", "dep_dt": "1478276872", "route_id": "Red", "dwell_time_sec": "89"}, {"arr_dt": "1478277256", "direction": "0", "dep_dt": "1478277335", "route_id": "Red", "dwell_time_sec": "79"}, {"arr_dt": "1478277657", "direction": "0", "dep_dt": "1478277727", "route_id": "Red", "dwell_time_sec": "70"}, {"arr_dt": "1478277880", "direction": "0", "dep_dt": "1478277972", "route_id": "Red", "dwell_time_sec": "92"}, {"arr_dt": "1478278460", "direction": "0", "dep_dt": "1478278539", "route_id": "Red", "dwell_time_sec": "79"}, {"arr_dt": "1478278893", "direction": "0", "dep_dt": "1478279082", "route_id": "Red", "dwell_time_sec": "189"}, {"arr_dt": "1478279327", "direction": "0", "dep_dt": "1478279404", "route_id": "Red", "dwell_time_sec": "77"}, {"arr_dt": "1478279517", "direction": "0", "dep_dt": "1478279652", "route_id": "Red", "dwell_time_sec": "135"}, {"arr_dt": "1478279967", "direction": "0", "dep_dt": "1478280046", "route_id": "Red", "dwell_time_sec": "79"}, {"arr_dt": "1478280187", "direction": "0", "dep_dt": "1478280251", "route_id": "Red", "dwell_time_sec": "64"}, {"arr_dt": "1478280731", "direction": "0", "dep_dt": "1478280812", "route_id": "Red", "dwell_time_sec": "81"}, {"arr_dt": "1478280960", "direction": "0", "dep_dt": "1478281055", "route_id": "Red", "dwell_time_sec": "95"}, {"arr_dt": "1478281541", "direction": "0", "dep_dt": "1478281620", "route_id": "Red", "dwell_time_sec": "79"}, {"arr_dt": "1478281782", "direction": "0", "dep_dt": "1478281843", "route_id": "Red", "dwell_time_sec": "61"}, {"arr_dt": "1478282620", "direction": "0", "dep_dt": "1478282698", "route_id": "Red", "dwell_time_sec": "78"}, {"arr_dt": "1478283150", "direction": "0", "dep_dt": "1478283236", "route_id": "Red", "dwell_time_sec": "86"}, {"arr_dt": "1478283411", "direction": "0", "dep_dt": "1478283484", "route_id": "Red", "dwell_time_sec": "73"}, {"arr_dt": "1478283905", "direction": "0", "dep_dt": "1478283986", "route_id": "Red", "dwell_time_sec": "81"}, {"arr_dt": "1478284477", "direction": "0", "dep_dt": "1478284569", "route_id": "Red", "dwell_time_sec": "92"}, {"arr_dt": "1478285392", "direction": "0", "dep_dt": "1478285471", "route_id": "Red", "dwell_time_sec": "79"}, {"arr_dt": "1478285575", "direction": "0", "dep_dt": "1478285722", "route_id": "Red", "dwell_time_sec": "147"}, {"arr_dt": "1478285876", "direction": "0", "dep_dt": "1478286455", "route_id": "Red", "dwell_time_sec": "579"}, {"arr_dt": "1478287269", "direction": "0", "dep_dt": "1478287359", "route_id": "Red", "dwell_time_sec": "90"}, {"arr_dt": "1478287579", "direction": "0", "dep_dt": "1478287705", "route_id": "Red", "dwell_time_sec": "126"}, {"arr_dt": "1478287830", "direction": "0", "dep_dt": "1478287962", "route_id": "Red", "dwell_time_sec": "132"}, {"arr_dt": "1478288126", "direction": "0", "dep_dt": "1478288335", "route_id": "Red", "dwell_time_sec": "209"}, {"arr_dt": "1478288324", "direction": "0", "dep_dt": "1478288419", "route_id": "Red", "dwell_time_sec": "95"}, {"arr_dt": "1478288508", "direction": "0", "dep_dt": "1478288587", "route_id": "Red", "dwell_time_sec": "79"}, {"arr_dt": "1478288694", "direction": "0", "dep_dt": "1478288814", "route_id": "Red", "dwell_time_sec": "120"}, {"arr_dt": "1478288951", "direction": "0", "dep_dt": "1478289040", "route_id": "Red", "dwell_time_sec": "89"}, {"arr_dt": "1478289225", "direction": "0", "dep_dt": "1478289293", "route_id": "Red", "dwell_time_sec": "68"}, {"arr_dt": "1478289657", "direction": "0", "dep_dt": "1478289758", "route_id": "Red", "dwell_time_sec": "101"}, {"arr_dt": "1478290215", "direction": "0", "dep_dt": "1478290361", "route_id": "Red", "dwell_time_sec": "146"}, {"arr_dt": "1478290452", "direction": "0", "dep_dt": "1478290554", "route_id": "Red", "dwell_time_sec": "102"}, {"arr_dt": "1478290930", "direction": "0", "dep_dt": "1478291059", "route_id": "Red", "dwell_time_sec": "129"}, {"arr_dt": "1478291136", "direction": "0", "dep_dt": "1478291301", "route_id": "Red", "dwell_time_sec": "165"}, {"arr_dt": "1478291447", "direction": "0", "dep_dt": "1478291541", "route_id": "Red", "dwell_time_sec": "94"}, {"arr_dt": "1478291761", "direction": "0", "dep_dt": "1478291862", "route_id": "Red", "dwell_time_sec": "101"}, {"arr_dt": "1478291965", "direction": "0", "dep_dt": "1478292050", "route_id": "Red", "dwell_time_sec": "85"}, {"arr_dt": "1478292183", "direction": "0", "dep_dt": "1478292328", "route_id": "Red", "dwell_time_sec": "145"}, {"arr_dt": "1478292449", "direction": "0", "dep_dt": "1478292530", "route_id": "Red", "dwell_time_sec": "81"}, {"arr_dt": "1478292771", "direction": "0", "dep_dt": "1478292863", "route_id": "Red", "dwell_time_sec": "92"}, {"arr_dt": "1478292968", "direction": "0", "dep_dt": "1478293056", "route_id": "Red", "dwell_time_sec": "88"}, {"arr_dt": "1478293212", "direction": "0", "dep_dt": "1478293295", "route_id": "Red", "dwell_time_sec": "83"}, {"arr_dt": "1478293417", "direction": "0", "dep_dt": "1478293509", "route_id": "Red", "dwell_time_sec": "92"}, {"arr_dt": "1478293595", "direction": "0", "dep_dt": "1478293715", "route_id": "Red", "dwell_time_sec": "120"}, {"arr_dt": "1478293807", "direction": "0", "dep_dt": "1478293909", "route_id": "Red", "dwell_time_sec": "102"}, {"arr_dt": "1478294045", "direction": "0", "dep_dt": "1478294273", "route_id": "Red", "dwell_time_sec": "228"}, {"arr_dt": "1478294336", "direction": "0", "dep_dt": "1478294434", "route_id": "Red", "dwell_time_sec": "98"}, {"arr_dt": "1478294551", "direction": "0", "dep_dt": "1478294635", "route_id": "Red", "dwell_time_sec": "84"}, {"arr_dt": "1478294741", "direction": "0", "dep_dt": "1478294834", "route_id": "Red", "dwell_time_sec": "93"}, {"arr_dt": "1478294951", "direction": "0", "dep_dt": "1478295059", "route_id": "Red", "dwell_time_sec": "108"}, {"arr_dt": "1478295271", "direction": "0", "dep_dt": "1478295395", "route_id": "Red", "dwell_time_sec": "124"}, {"arr_dt": "1478295485", "direction": "0", "dep_dt": "1478295616", "route_id": "Red", "dwell_time_sec": "131"}, {"arr_dt": "1478295770", "direction": "0", "dep_dt": "1478295875", "route_id": "Red", "dwell_time_sec": "105"}, {"arr_dt": "1478296068", "direction": "0", "dep_dt": "1478296161", "route_id": "Red", "dwell_time_sec": "93"}, {"arr_dt": "1478296651", "direction": "0", "dep_dt": "1478296792", "route_id": "Red", "dwell_time_sec": "141"}, {"arr_dt": "1478296910", "direction": "0", "dep_dt": "1478297026", "route_id": "Red", "dwell_time_sec": "116"}, {"arr_dt": "1478297156", "direction": "0", "dep_dt": "1478297244", "route_id": "Red", "dwell_time_sec": "88"}, {"arr_dt": "1478297397", "direction": "0", "dep_dt": "1478297486", "route_id": "Red", "dwell_time_sec": "89"}, {"arr_dt": "1478297585", "direction": "0", "dep_dt": "1478297766", "route_id": "Red", "dwell_time_sec": "181"}, {"arr_dt": "1478297970", "direction": "0", "dep_dt": "1478298067", "route_id": "Red", "dwell_time_sec": "97"}, {"arr_dt": "1478298396", "direction": "0", "dep_dt": "1478298488", "route_id": "Red", "dwell_time_sec": "92"}, {"arr_dt": "1478298720", "direction": "0", "dep_dt": "1478298801", "route_id": "Red", "dwell_time_sec": "81"}, {"arr_dt": "1478299086", "direction": "0", "dep_dt": "1478299167", "route_id": "Red", "dwell_time_sec": "81"}, {"arr_dt": "1478299289", "direction": "0", "dep_dt": "1478299396", "route_id": "Red", "dwell_time_sec": "107"}, {"arr_dt": "1478299621", "direction": "0", "dep_dt": "1478299694", "route_id": "Red", "dwell_time_sec": "73"}, {"arr_dt": "1478299806", "direction": "0", "dep_dt": "1478299876", "route_id": "Red", "dwell_time_sec": "70"}, {"arr_dt": "1478300075", "direction": "0", "dep_dt": "1478300145", "route_id": "Red", "dwell_time_sec": "70"}, {"arr_dt": "1478300325", "direction": "0", "dep_dt": "1478300396", "route_id": "Red", "dwell_time_sec": "71"}, {"arr_dt": "1478300640", "direction": "0", "dep_dt": "1478300731", "route_id": "Red", "dwell_time_sec": "91"}, {"arr_dt": "1478300879", "direction": "0", "dep_dt": "1478300955", "route_id": "Red", "dwell_time_sec": "76"}, {"arr_dt": "1478301067", "direction": "0", "dep_dt": "1478301141", "route_id": "Red", "dwell_time_sec": "74"}, {"arr_dt": "1478301244", "direction": "0", "dep_dt": "1478301322", "route_id": "Red", "dwell_time_sec": "78"}, {"arr_dt": "1478301423", "direction": "0", "dep_dt": "1478301495", "route_id": "Red", "dwell_time_sec": "72"}, {"arr_dt": "1478301700", "direction": "0", "dep_dt": "1478301774", "route_id": "Red", "dwell_time_sec": "74"}, {"arr_dt": "1478301964", "direction": "0", "dep_dt": "1478302058", "route_id": "Red", "dwell_time_sec": "94"}, {"arr_dt": "1478302720", "direction": "0", "dep_dt": "1478302806", "route_id": "Red", "dwell_time_sec": "86"}, {"arr_dt": "1478302938", "direction": "0", "dep_dt": "1478303015", "route_id": "Red", "dwell_time_sec": "77"}, {"arr_dt": "1478303175", "direction": "0", "dep_dt": "1478303242", "route_id": "Red", "dwell_time_sec": "67"}, {"arr_dt": "1478303440", "direction": "0", "dep_dt": "1478303512", "route_id": "Red", "dwell_time_sec": "72"}, {"arr_dt": "1478303617", "direction": "0", "dep_dt": "1478303681", "route_id": "Red", "dwell_time_sec": "64"}, {"arr_dt": "1478303787", "direction": "0", "dep_dt": "1478303848", "route_id": "Red", "dwell_time_sec": "61"}, {"arr_dt": "1478304221", "direction": "0", "dep_dt": "1478304294", "route_id": "Red", "dwell_time_sec": "73"}, {"arr_dt": "1478304434", "direction": "0", "dep_dt": "1478304514", "route_id": "Red", "dwell_time_sec": "80"}, {"arr_dt": "1478304633", "direction": "0", "dep_dt": "1478304711", "route_id": "Red", "dwell_time_sec": "78"}, {"arr_dt": "1478305012", "direction": "0", "dep_dt": "1478305072", "route_id": "Red", "dwell_time_sec": "60"}, {"arr_dt": "1478305298", "direction": "0", "dep_dt": "1478305372", "route_id": "Red", "dwell_time_sec": "74"}, {"arr_dt": "1478305612", "direction": "0", "dep_dt": "1478305695", "route_id": "Red", "dwell_time_sec": "83"}, {"arr_dt": "1478305958", "direction": "0", "dep_dt": "1478306037", "route_id": "Red", "dwell_time_sec": "79"}, {"arr_dt": "1478306261", "direction": "0", "dep_dt": "1478306334", "route_id": "Red", "dwell_time_sec": "73"}, {"arr_dt": "1478306649", "direction": "0", "dep_dt": "1478306714", "route_id": "Red", "dwell_time_sec": "65"}, {"arr_dt": "1478307132", "direction": "0", "dep_dt": "1478307219", "route_id": "Red", "dwell_time_sec": "87"}, {"arr_dt": "1478307381", "direction": "0", "dep_dt": "1478307444", "route_id": "Red", "dwell_time_sec": "63"}, {"arr_dt": "1478307880", "direction": "0", "dep_dt": "1478307954", "route_id": "Red", "dwell_time_sec": "74"}, {"arr_dt": "1478308118", "direction": "0", "dep_dt": "1478308192", "route_id": "Red", "dwell_time_sec": "74"}, {"arr_dt": "1478308422", "direction": "0", "dep_dt": "1478308490", "route_id": "Red", "dwell_time_sec": "68"}, {"arr_dt": "1478308936", "direction": "0", "dep_dt": "1478309024", "route_id": "Red", "dwell_time_sec": "88"}, {"arr_dt": "1478309156", "direction": "0", "dep_dt": "1478309243", "route_id": "Red", "dwell_time_sec": "87"}, {"arr_dt": "1478309479", "direction": "0", "dep_dt": "1478309548", "route_id": "Red", "dwell_time_sec": "69"}, {"arr_dt": "1478309871", "direction": "0", "dep_dt": "1478309942", "route_id": "Red", "dwell_time_sec": "71"}, {"arr_dt": "1478310287", "direction": "0", "dep_dt": "1478310359", "route_id": "Red", "dwell_time_sec": "72"}, {"arr_dt": "1478310478", "direction": "0", "dep_dt": "1478310530", "route_id": "Red", "dwell_time_sec": "52"}, {"arr_dt": "1478310968", "direction": "0", "dep_dt": "1478311034", "route_id": "Red", "dwell_time_sec": "66"}, {"arr_dt": "1478311332", "direction": "0", "dep_dt": "1478311411", "route_id": "Red", "dwell_time_sec": "79"}, {"arr_dt": "1478311703", "direction": "0", "dep_dt": "1478311769", "route_id": "Red", "dwell_time_sec": "66"}, {"arr_dt": "1478312058", "direction": "0", "dep_dt": "1478312125", "route_id": "Red", "dwell_time_sec": "67"}, {"arr_dt": "1478312583", "direction": "0", "dep_dt": "1478312661", "route_id": "Red", "dwell_time_sec": "78"}, {"arr_dt": "1478312806", "direction": "0", "dep_dt": "1478312856", "route_id": "Red", "dwell_time_sec": "50"}, {"arr_dt": "1478313159", "direction": "0", "dep_dt": "1478313238", "route_id": "Red", "dwell_time_sec": "79"}, {"arr_dt": "1478313415", "direction": "0", "dep_dt": "1478313482", "route_id": "Red", "dwell_time_sec": "67"}, {"arr_dt": "1478313917", "direction": "0", "dep_dt": "1478313991", "route_id": "Red", "dwell_time_sec": "74"}, {"arr_dt": "1478314096", "direction": "0", "dep_dt": "1478314159", "route_id": "Red", "dwell_time_sec": "63"}, {"arr_dt": "1478314387", "direction": "0", "dep_dt": "1478314441", "route_id": "Red", "dwell_time_sec": "54"}, {"arr_dt": "1478314956", "direction": "0", "dep_dt": "1478315032", "route_id": "Red", "dwell_time_sec": "76"}, {"arr_dt": "1478315183", "direction": "0", "dep_dt": "1478315249", "route_id": "Red", "dwell_time_sec": "66"}, {"arr_dt": "1478315563", "direction": "0", "dep_dt": "1478315649", "route_id": "Red", "dwell_time_sec": "86"}, {"arr_dt": "1478315897", "direction": "0", "dep_dt": "1478315972", "route_id": "Red", "dwell_time_sec": "75"}, {"arr_dt": "1478316105", "direction": "0", "dep_dt": "1478316160", "route_id": "Red", "dwell_time_sec": "55"}, {"arr_dt": "1478316655", "direction": "0", "dep_dt": "1478316726", "route_id": "Red", "dwell_time_sec": "71"}, {"arr_dt": "1478316921", "direction": "0", "dep_dt": "1478317000", "route_id": "Red", "dwell_time_sec": "79"}, {"arr_dt": "1478317280", "direction": "0", "dep_dt": "1478317355", "route_id": "Red", "dwell_time_sec": "75"}, {"arr_dt": "1478317611", "direction": "0", "dep_dt": "1478317675", "route_id": "Red", "dwell_time_sec": "64"}, {"arr_dt": "1478318072", "direction": "0", "dep_dt": "1478318140", "route_id": "Red", "dwell_time_sec": "68"}, {"arr_dt": "1478318252", "direction": "0", "dep_dt": "1478318312", "route_id": "Red", "dwell_time_sec": "60"}]}