{"dwell_times": [{"arr_dt": "1468123024", "direction": "0", "dep_dt": "1468123226", "route_id": "Red", "dwell_time_sec": "202"}, {"arr_dt": "1468123589", "direction": "0", "dep_dt": "1468123758", "route_id": "Red", "dwell_time_sec": "169"}, {"arr_dt": "1468124120", "direction": "0", "dep_dt": "1468124215", "route_id": "Red", "dwell_time_sec": "95"}, {"arr_dt": "1468125206", "direction": "0", "dep_dt": "1468125337", "route_id": "Red", "dwell_time_sec": "131"}, {"arr_dt": "1468125558", "direction": "0", "dep_dt": "1468125679", "route_id": "Red", "dwell_time_sec": "121"}, {"arr_dt": "1468126015", "direction": "0", "dep_dt": "1468126138", "route_id": "Red", "dwell_time_sec": "123"}, {"arr_dt": "1468127089", "direction": "0", "dep_dt": "1468127226", "route_id": "Red", "dwell_time_sec": "137"}, {"arr_dt": "1468127517", "direction": "0", "dep_dt": "1468128993", "route_id": "Red", "dwell_time_sec": "1476"}, {"arr_dt": "1468146275", "direction": "0", "dep_dt": "1468146443", "route_id": "Red", "dwell_time_sec": "168"}, {"arr_dt": "1468147133", "direction": "0", "dep_dt": "1468147247", "route_id": "Red", "dwell_time_sec": "114"}, {"arr_dt": "1468147438", "direction": "0", "dep_dt": "1468147613", "route_id": "Red", "dwell_time_sec": "175"}, {"arr_dt": "1468147929", "direction": "0", "dep_dt": "1468148061", "route_id": "Red", "dwell_time_sec": "132"}, {"arr_dt": "1468148233", "direction": "0", "dep_dt": "1468148377", "route_id": "Red", "dwell_time_sec": "144"}, {"arr_dt": "1468148746", "direction": "0", "dep_dt": "1468148910", "route_id": "Red", "dwell_time_sec": "164"}, {"arr_dt": "1468149052", "direction": "0", "dep_dt": "1468149209", "route_id": "Red", "dwell_time_sec": "157"}, {"arr_dt": "1468149864", "direction": "0", "dep_dt": "1468150098", "route_id": "Red", "dwell_time_sec": "234"}, {"arr_dt": "1468150240", "direction": "0", "dep_dt": "1468150447", "route_id": "Red", "dwell_time_sec": "207"}, {"arr_dt": "1468150677", "direction": "0", "dep_dt": "1468150849", "route_id": "Red", "dwell_time_sec": "172"}, {"arr_dt": "1468150995", "direction": "0", "dep_dt": "1468151140", "route_id": "Red", "dwell_time_sec": "145"}, {"arr_dt": "1468151539", "direction": "0", "dep_dt": "1468151629", "route_id": "Red", "dwell_time_sec": "90"}, {"arr_dt": "1468151835", "direction": "0", "dep_dt": "1468151938", "route_id": "Red", "dwell_time_sec": "103"}, {"arr_dt": "1468152885", "direction": "0", "dep_dt": "1468152972", "route_id": "Red", "dwell_time_sec": "87"}, {"arr_dt": "1468153449", "direction": "0", "dep_dt": "1468153611", "route_id": "Red", "dwell_time_sec": "162"}, {"arr_dt": "1468153819", "direction": "0", "dep_dt": "1468153964", "route_id": "Red", "dwell_time_sec": "145"}, {"arr_dt": "1468154208", "direction": "0", "dep_dt": "1468154386", "route_id": "Red", "dwell_time_sec": "178"}, {"arr_dt": "1468154555", "direction": "0", "dep_dt": "1468154733", "route_id": "Red", "dwell_time_sec": "178"}, {"arr_dt": "1468154868", "direction": "0", "dep_dt": "1468155008", "route_id": "Red", "dwell_time_sec": "140"}, {"arr_dt": "1468155284", "direction": "0", "dep_dt": "1468155442", "route_id": "Red", "dwell_time_sec": "158"}, {"arr_dt": "1468155596", "direction": "0", "dep_dt": "1468155708", "route_id": "Red", "dwell_time_sec": "112"}, {"arr_dt": "1468156125", "direction": "0", "dep_dt": "1468156217", "route_id": "Red", "dwell_time_sec": "92"}, {"arr_dt": "1468156445", "direction": "0", "dep_dt": "1468156593", "route_id": "Red", "dwell_time_sec": "148"}, {"arr_dt": "1468157286", "direction": "0", "dep_dt": "1468157441", "route_id": "Red", "dwell_time_sec": "155"}, {"arr_dt": "1468157605", "direction": "0", "dep_dt": "1468157769", "route_id": "Red", "dwell_time_sec": "164"}, {"arr_dt": "1468157936", "direction": "0", "dep_dt": "1468158021", "route_id": "Red", "dwell_time_sec": "85"}, {"arr_dt": "1468159318", "direction": "0", "dep_dt": "1468159425", "route_id": "Red", "dwell_time_sec": "107"}, {"arr_dt": "1468160763", "direction": "0", "dep_dt": "1468160925", "route_id": "Red", "dwell_time_sec": "162"}, {"arr_dt": "1468161728", "direction": "0", "dep_dt": "1468161874", "route_id": "Red", "dwell_time_sec": "146"}, {"arr_dt": "1468161990", "direction": "0", "dep_dt": "1468162098", "route_id": "Red", "dwell_time_sec": "108"}, {"arr_dt": "1468162369", "direction": "0", "dep_dt": "1468162538", "route_id": "Red", "dwell_time_sec": "169"}, {"arr_dt": "1468162794", "direction": "0", "dep_dt": "1468163183", "route_id": "Red", "dwell_time_sec": "389"}, {"arr_dt": "1468163260", "direction": "0", "dep_dt": "1468163377", "route_id": "Red", "dwell_time_sec": "117"}, {"arr_dt": "1468163602", "direction": "0", "dep_dt": "1468163747", "route_id": "Red", "dwell_time_sec": "145"}, {"arr_dt": "1468163979", "direction": "0", "dep_dt": "1468164143", "route_id": "Red", "dwell_time_sec": "164"}, {"arr_dt": "1468164347", "direction": "0", "dep_dt": "1468164498", "route_id": "Red", "dwell_time_sec": "151"}, {"arr_dt": "1468164793", "direction": "0", "dep_dt": "1468164974", "route_id": "Red", "dwell_time_sec": "181"}, {"arr_dt": "1468165175", "direction": "0", "dep_dt": "1468165277", "route_id": "Red", "dwell_time_sec": "102"}, {"arr_dt": "1468165615", "direction": "0", "dep_dt": "1468165797", "route_id": "Red", "dwell_time_sec": "182"}, {"arr_dt": "1468166320", "direction": "0", "dep_dt": "1468166444", "route_id": "Red", "dwell_time_sec": "124"}, {"arr_dt": "1468166846", "direction": "0", "dep_dt": "1468166999", "route_id": "Red", "dwell_time_sec": "153"}, {"arr_dt": "1468167231", "direction": "0", "dep_dt": "1468167352", "route_id": "Red", "dwell_time_sec": "121"}, {"arr_dt": "1468167615", "direction": "0", "dep_dt": "1468167704", "route_id": "Red", "dwell_time_sec": "89"}, {"arr_dt": "1468168075", "direction": "0", "dep_dt": "1468168198", "route_id": "Red", "dwell_time_sec": "123"}, {"arr_dt": "1468168612", "direction": "0", "dep_dt": "1468168744", "route_id": "Red", "dwell_time_sec": "132"}, {"arr_dt": "1468199260", "direction": "0", "dep_dt": "1468199409", "route_id": "Red", "dwell_time_sec": "149"}, {"arr_dt": "1468200214", "direction": "0", "dep_dt": "1468200390", "route_id": "Red", "dwell_time_sec": "176"}, {"arr_dt": "1468201105", "direction": "0", "dep_dt": "1468201261", "route_id": "Red", "dwell_time_sec": "156"}, {"arr_dt": "1468201869", "direction": "0", "dep_dt": "1468201988", "route_id": "Red", "dwell_time_sec": "119"}, {"arr_dt": "1468202337", "direction": "0", "dep_dt": "1468202602", "route_id": "Red", "dwell_time_sec": "265"}, {"arr_dt": "1468203088", "direction": "0", "dep_dt": "1468203173", "route_id": "Red", "dwell_time_sec": "85"}, {"arr_dt": "1468203788", "direction": "0", "dep_dt": "1468203922", "route_id": "Red", "dwell_time_sec": "134"}, {"arr_dt": "1468204562", "direction": "0", "dep_dt": "1468204707", "route_id": "Red", "dwell_time_sec": "145"}, {"arr_dt": "1468206079", "direction": "0", "dep_dt": "1468206170", "route_id": "Red", "dwell_time_sec": "91"}, {"arr_dt": "1468206732", "direction": "0", "dep_dt": "1468206888", "route_id": "Red", "dwell_time_sec": "156"}, {"arr_dt": "1468207349", "direction": "0", "dep_dt": "1468207432", "route_id": "Red", "dwell_time_sec": "83"}, {"arr_dt": "1468208294", "direction": "0", "dep_dt": "1468208444", "route_id": "Red", "dwell_time_sec": "150"}, {"arr_dt": "1468208724", "direction": "0", "dep_dt": "1468209052", "route_id": "Red", "dwell_time_sec": "328"}, {"arr_dt": "1468209250", "direction": "0", "dep_dt": "1468209384", "route_id": "Red", "dwell_time_sec": "134"}]}