{"dwell_times": [{"arr_dt": "1466136156", "direction": "0", "dep_dt": "1466136259", "route_id": "Red", "dwell_time_sec": "103"}, {"arr_dt": "1466136693", "direction": "0", "dep_dt": "1466136767", "route_id": "Red", "dwell_time_sec": "74"}, {"arr_dt": "1466137438", "direction": "0", "dep_dt": "1466137528", "route_id": "Red", "dwell_time_sec": "90"}, {"arr_dt": "1466137620", "direction": "0", "dep_dt": "1466137709", "route_id": "Red", "dwell_time_sec": "89"}, {"arr_dt": "1466137918", "direction": "0", "dep_dt": "1466137989", "route_id": "Red", "dwell_time_sec": "71"}, {"arr_dt": "1466138094", "direction": "0", "dep_dt": "1466138151", "route_id": "Red", "dwell_time_sec": "57"}, {"arr_dt": "1466138470", "direction": "0", "dep_dt": "1466138526", "route_id": "Red", "dwell_time_sec": "56"}, {"arr_dt": "1466139365", "direction": "0", "dep_dt": "1466140716", "route_id": "Red", "dwell_time_sec": "1351"}, {"arr_dt": "1466155994", "direction": "0", "dep_dt": "1466156060", "route_id": "Red", "dwell_time_sec": "66"}, {"arr_dt": "1466156548", "direction": "0", "dep_dt": "1466156614", "route_id": "Red", "dwell_time_sec": "66"}, {"arr_dt": "1466156743", "direction": "0", "dep_dt": "1466156789", "route_id": "Red", "dwell_time_sec": "46"}, {"arr_dt": "1466157436", "direction": "0", "dep_dt": "1466157505", "route_id": "Red", "dwell_time_sec": "69"}, {"arr_dt": "1466157637", "direction": "0", "dep_dt": "1466157702", "route_id": "Red", "dwell_time_sec": "65"}, {"arr_dt": "1466158260", "direction": "0", "dep_dt": "1466158331", "route_id": "Red", "dwell_time_sec": "71"}, {"arr_dt": "1466158689", "direction": "0", "dep_dt": "1466158760", "route_id": "Red", "dwell_time_sec": "71"}, {"arr_dt": "1466158982", "direction": "0", "dep_dt": "1466159042", "route_id": "Red", "dwell_time_sec": "60"}, {"arr_dt": "1466159657", "direction": "0", "dep_dt": "1466159723", "route_id": "Red", "dwell_time_sec": "66"}, {"arr_dt": "1466159828", "direction": "0", "dep_dt": "1466159897", "route_id": "Red", "dwell_time_sec": "69"}, {"arr_dt": "1466160113", "direction": "0", "dep_dt": "1466160175", "route_id": "Red", "dwell_time_sec": "62"}, {"arr_dt": "1466160306", "direction": "0", "dep_dt": "1466160383", "route_id": "Red", "dwell_time_sec": "77"}, {"arr_dt": "1466160793", "direction": "0", "dep_dt": "1466160867", "route_id": "Red", "dwell_time_sec": "74"}, {"arr_dt": "1466160977", "direction": "0", "dep_dt": "1466161042", "route_id": "Red", "dwell_time_sec": "65"}, {"arr_dt": "1466161271", "direction": "0", "dep_dt": "1466161331", "route_id": "Red", "dwell_time_sec": "60"}, {"arr_dt": "1466161712", "direction": "0", "dep_dt": "1466161784", "route_id": "Red", "dwell_time_sec": "72"}, {"arr_dt": "1466161888", "direction": "0", "dep_dt": "1466161955", "route_id": "Red", "dwell_time_sec": "67"}, {"arr_dt": "1466162130", "direction": "0", "dep_dt": "1466162205", "route_id": "Red", "dwell_time_sec": "75"}, {"arr_dt": "1466162460", "direction": "0", "dep_dt": "1466162540", "route_id": "Red", "dwell_time_sec": "80"}, {"arr_dt": "1466162889", "direction": "0", "dep_dt": "1466162964", "route_id": "Red", "dwell_time_sec": "75"}, {"arr_dt": "1466163133", "direction": "0", "dep_dt": "1466163250", "route_id": "Red", "dwell_time_sec": "117"}, {"arr_dt": "1466163355", "direction": "0", "dep_dt": "1466163456", "route_id": "Red", "dwell_time_sec": "101"}, {"arr_dt": "1466163555", "direction": "0", "dep_dt": "1466163635", "route_id": "Red", "dwell_time_sec": "80"}, {"arr_dt": "1466163757", "direction": "0", "dep_dt": "1466163864", "route_id": "Red", "dwell_time_sec": "107"}, {"arr_dt": "1466163939", "direction": "0", "dep_dt": "1466164024", "route_id": "Red", "dwell_time_sec": "85"}, {"arr_dt": "1466164138", "direction": "0", "dep_dt": "1466164215", "route_id": "Red", "dwell_time_sec": "77"}, {"arr_dt": "1466164329", "direction": "0", "dep_dt": "1466164401", "route_id": "Red", "dwell_time_sec": "72"}, {"arr_dt": "1466164554", "direction": "0", "dep_dt": "1466164633", "route_id": "Red", "dwell_time_sec": "79"}, {"arr_dt": "1466164792", "direction": "0", "dep_dt": "1466164888", "route_id": "Red", "dwell_time_sec": "96"}, {"arr_dt": "1466165054", "direction": "0", "dep_dt": "1466165143", "route_id": "Red", "dwell_time_sec": "89"}, {"arr_dt": "1466165315", "direction": "0", "dep_dt": "1466165388", "route_id": "Red", "dwell_time_sec": "73"}, {"arr_dt": "1466165694", "direction": "0", "dep_dt": "1466165810", "route_id": "Red", "dwell_time_sec": "116"}, {"arr_dt": "1466165925", "direction": "0", "dep_dt": "1466166026", "route_id": "Red", "dwell_time_sec": "101"}, {"arr_dt": "1466166137", "direction": "0", "dep_dt": "1466166227", "route_id": "Red", "dwell_time_sec": "90"}, {"arr_dt": "1466166449", "direction": "0", "dep_dt": "1466166536", "route_id": "Red", "dwell_time_sec": "87"}, {"arr_dt": "1466166689", "direction": "0", "dep_dt": "1466166775", "route_id": "Red", "dwell_time_sec": "86"}, {"arr_dt": "1466166880", "direction": "0", "dep_dt": "1466166965", "route_id": "Red", "dwell_time_sec": "85"}, {"arr_dt": "1466167204", "direction": "0", "dep_dt": "1466167286", "route_id": "Red", "dwell_time_sec": "82"}, {"arr_dt": "1466167382", "direction": "0", "dep_dt": "1466167458", "route_id": "Red", "dwell_time_sec": "76"}, {"arr_dt": "1466167584", "direction": "0", "dep_dt": "1466167688", "route_id": "Red", "dwell_time_sec": "104"}, {"arr_dt": "1466167769", "direction": "0", "dep_dt": "1466167849", "route_id": "Red", "dwell_time_sec": "80"}, {"arr_dt": "1466168035", "direction": "0", "dep_dt": "1466168107", "route_id": "Red", "dwell_time_sec": "72"}, {"arr_dt": "1466168220", "direction": "0", "dep_dt": "1466168298", "route_id": "Red", "dwell_time_sec": "78"}, {"arr_dt": "1466168446", "direction": "0", "dep_dt": "1466168527", "route_id": "Red", "dwell_time_sec": "81"}, {"arr_dt": "1466168632", "direction": "0", "dep_dt": "1466168715", "route_id": "Red", "dwell_time_sec": "83"}, {"arr_dt": "1466168893", "direction": "0", "dep_dt": "1466169024", "route_id": "Red", "dwell_time_sec": "131"}, {"arr_dt": "1466169259", "direction": "0", "dep_dt": "1466169359", "route_id": "Red", "dwell_time_sec": "100"}, {"arr_dt": "1466169457", "direction": "0", "dep_dt": "1466169542", "route_id": "Red", "dwell_time_sec": "85"}, {"arr_dt": "1466169655", "direction": "0", "dep_dt": "1466169743", "route_id": "Red", "dwell_time_sec": "88"}, {"arr_dt": "1466169863", "direction": "0", "dep_dt": "1466169943", "route_id": "Red", "dwell_time_sec": "80"}, {"arr_dt": "1466170039", "direction": "0", "dep_dt": "1466170107", "route_id": "Red", "dwell_time_sec": "68"}, {"arr_dt": "1466170307", "direction": "0", "dep_dt": "1466170370", "route_id": "Red", "dwell_time_sec": "63"}, {"arr_dt": "1466170689", "direction": "0", "dep_dt": "1466170777", "route_id": "Red", "dwell_time_sec": "88"}, {"arr_dt": "1466170869", "direction": "0", "dep_dt": "1466170962", "route_id": "Red", "dwell_time_sec": "93"}, {"arr_dt": "1466171138", "direction": "0", "dep_dt": "1466171230", "route_id": "Red", "dwell_time_sec": "92"}, {"arr_dt": "1466171348", "direction": "0", "dep_dt": "1466171425", "route_id": "Red", "dwell_time_sec": "77"}, {"arr_dt": "1466171553", "direction": "0", "dep_dt": "1466171627", "route_id": "Red", "dwell_time_sec": "74"}, {"arr_dt": "1466171840", "direction": "0", "dep_dt": "1466171913", "route_id": "Red", "dwell_time_sec": "73"}, {"arr_dt": "1466172010", "direction": "0", "dep_dt": "1466172100", "route_id": "Red", "dwell_time_sec": "90"}, {"arr_dt": "1466172291", "direction": "0", "dep_dt": "1466172358", "route_id": "Red", "dwell_time_sec": "67"}, {"arr_dt": "1466172483", "direction": "0", "dep_dt": "1466172551", "route_id": "Red", "dwell_time_sec": "68"}, {"arr_dt": "1466172790", "direction": "0", "dep_dt": "1466172867", "route_id": "Red", "dwell_time_sec": "77"}, {"arr_dt": "1466172993", "direction": "0", "dep_dt": "1466173077", "route_id": "Red", "dwell_time_sec": "84"}, {"arr_dt": "1466173273", "direction": "0", "dep_dt": "1466173345", "route_id": "Red", "dwell_time_sec": "72"}, {"arr_dt": "1466173466", "direction": "0", "dep_dt": "1466173521", "route_id": "Red", "dwell_time_sec": "55"}, {"arr_dt": "1466173818", "direction": "0", "dep_dt": "1466173883", "route_id": "Red", "dwell_time_sec": "65"}, {"arr_dt": "1466174104", "direction": "0", "dep_dt": "1466174167", "route_id": "Red", "dwell_time_sec": "63"}, {"arr_dt": "1466174415", "direction": "0", "dep_dt": "1466174478", "route_id": "Red", "dwell_time_sec": "63"}, {"arr_dt": "1466174746", "direction": "0", "dep_dt": "1466174812", "route_id": "Red", "dwell_time_sec": "66"}, {"arr_dt": "1466175191", "direction": "0", "dep_dt": "1466175275", "route_id": "Red", "dwell_time_sec": "84"}, {"arr_dt": "1466175419", "direction": "0", "dep_dt": "1466175480", "route_id": "Red", "dwell_time_sec": "61"}, {"arr_dt": "1466175589", "direction": "0", "dep_dt": "1466175643", "route_id": "Red", "dwell_time_sec": "54"}, {"arr_dt": "1466175929", "direction": "0", "dep_dt": "1466175999", "route_id": "Red", "dwell_time_sec": "70"}, {"arr_dt": "1466176276", "direction": "0", "dep_dt": "1466176331", "route_id": "Red", "dwell_time_sec": "55"}, {"arr_dt": "1466176670", "direction": "0", "dep_dt": "1466176728", "route_id": "Red", "dwell_time_sec": "58"}, {"arr_dt": "1466177158", "direction": "0", "dep_dt": "1466177228", "route_id": "Red", "dwell_time_sec": "70"}, {"arr_dt": "1466177578", "direction": "0", "dep_dt": "1466177656", "route_id": "Red", "dwell_time_sec": "78"}, {"arr_dt": "1466178013", "direction": "0", "dep_dt": "1466178082", "route_id": "Red", "dwell_time_sec": "69"}, {"arr_dt": "1466178565", "direction": "0", "dep_dt": "1466178695", "route_id": "Red", "dwell_time_sec": "130"}, {"arr_dt": "1466178998", "direction": "0", "dep_dt": "1466179076", "route_id": "Red", "dwell_time_sec": "78"}, {"arr_dt": "1466179397", "direction": "0", "dep_dt": "1466179472", "route_id": "Red", "dwell_time_sec": "75"}, {"arr_dt": "1466180067", "direction": "0", "dep_dt": "1466180196", "route_id": "Red", "dwell_time_sec": "129"}, {"arr_dt": "1466180316", "direction": "0", "dep_dt": "1466180409", "route_id": "Red", "dwell_time_sec": "93"}, {"arr_dt": "1466180565", "direction": "0", "dep_dt": "1466180627", "route_id": "Red", "dwell_time_sec": "62"}, {"arr_dt": "1466180804", "direction": "0", "dep_dt": "1466180869", "route_id": "Red", "dwell_time_sec": "65"}, {"arr_dt": "1466181609", "direction": "0", "dep_dt": "1466181700", "route_id": "Red", "dwell_time_sec": "91"}, {"arr_dt": "1466181812", "direction": "0", "dep_dt": "1466181892", "route_id": "Red", "dwell_time_sec": "80"}, {"arr_dt": "1466182342", "direction": "0", "dep_dt": "1466182407", "route_id": "Red", "dwell_time_sec": "65"}, {"arr_dt": "1466182681", "direction": "0", "dep_dt": "1466182784", "route_id": "Red", "dwell_time_sec": "103"}, {"arr_dt": "1466183037", "direction": "0", "dep_dt": "1466183107", "route_id": "Red", "dwell_time_sec": "70"}, {"arr_dt": "1466183230", "direction": "0", "dep_dt": "1466183290", "route_id": "Red", "dwell_time_sec": "60"}, {"arr_dt": "1466183874", "direction": "0", "dep_dt": "1466183966", "route_id": "Red", "dwell_time_sec": "92"}, {"arr_dt": "1466184106", "direction": "0", "dep_dt": "1466184169", "route_id": "Red", "dwell_time_sec": "63"}, {"arr_dt": "1466184651", "direction": "0", "dep_dt": "1466184743", "route_id": "Red", "dwell_time_sec": "92"}, {"arr_dt": "1466185064", "direction": "0", "dep_dt": "1466185152", "route_id": "Red", "dwell_time_sec": "88"}, {"arr_dt": "1466185520", "direction": "0", "dep_dt": "1466185592", "route_id": "Red", "dwell_time_sec": "72"}, {"arr_dt": "1466186209", "direction": "0", "dep_dt": "1466186295", "route_id": "Red", "dwell_time_sec": "86"}, {"arr_dt": "1466186444", "direction": "0", "dep_dt": "1466186505", "route_id": "Red", "dwell_time_sec": "61"}, {"arr_dt": "1466186725", "direction": "0", "dep_dt": "1466186798", "route_id": "Red", "dwell_time_sec": "73"}, {"arr_dt": "1466187083", "direction": "0", "dep_dt": "1466187158", "route_id": "Red", "dwell_time_sec": "75"}, {"arr_dt": "1466187556", "direction": "0", "dep_dt": "1466187668", "route_id": "Red", "dwell_time_sec": "112"}, {"arr_dt": "1466188089", "direction": "0", "dep_dt": "1466188166", "route_id": "Red", "dwell_time_sec": "77"}, {"arr_dt": "1466188421", "direction": "0", "dep_dt": "1466188526", "route_id": "Red", "dwell_time_sec": "105"}, {"arr_dt": "1466188843", "direction": "0", "dep_dt": "1466188940", "route_id": "Red", "dwell_time_sec": "97"}, {"arr_dt": "1466189212", "direction": "0", "dep_dt": "1466189287", "route_id": "Red", "dwell_time_sec": "75"}, {"arr_dt": "1466189745", "direction": "0", "dep_dt": "1466189865", "route_id": "Red", "dwell_time_sec": "120"}, {"arr_dt": "1466190280", "direction": "0", "dep_dt": "1466190359", "route_id": "Red", "dwell_time_sec": "79"}, {"arr_dt": "1466190471", "direction": "0", "dep_dt": "1466190563", "route_id": "Red", "dwell_time_sec": "92"}, {"arr_dt": "1466190924", "direction": "0", "dep_dt": "1466191004", "route_id": "Red", "dwell_time_sec": "80"}, {"arr_dt": "1466191320", "direction": "0", "dep_dt": "1466191403", "route_id": "Red", "dwell_time_sec": "83"}, {"arr_dt": "1466191556", "direction": "0", "dep_dt": "1466191631", "route_id": "Red", "dwell_time_sec": "75"}, {"arr_dt": "1466191875", "direction": "0", "dep_dt": "1466191943", "route_id": "Red", "dwell_time_sec": "68"}, {"arr_dt": "1466192409", "direction": "0", "dep_dt": "1466192515", "route_id": "Red", "dwell_time_sec": "106"}, {"arr_dt": "1466192909", "direction": "0", "dep_dt": "1466193086", "route_id": "Red", "dwell_time_sec": "177"}, {"arr_dt": "1466193443", "direction": "0", "dep_dt": "1466193540", "route_id": "Red", "dwell_time_sec": "97"}, {"arr_dt": "1466193743", "direction": "0", "dep_dt": "1466193822", "route_id": "Red", "dwell_time_sec": "79"}, {"arr_dt": "1466193988", "direction": "0", "dep_dt": "1466194066", "route_id": "Red", "dwell_time_sec": "78"}, {"arr_dt": "1466194635", "direction": "0", "dep_dt": "1466194795", "route_id": "Red", "dwell_time_sec": "160"}, {"arr_dt": "1466194880", "direction": "0", "dep_dt": "1466194978", "route_id": "Red", "dwell_time_sec": "98"}, {"arr_dt": "1466195186", "direction": "0", "dep_dt": "1466195411", "route_id": "Red", "dwell_time_sec": "225"}, {"arr_dt": "1466195705", "direction": "0", "dep_dt": "1466195861", "route_id": "Red", "dwell_time_sec": "156"}, {"arr_dt": "1466195966", "direction": "0", "dep_dt": "1466196080", "route_id": "Red", "dwell_time_sec": "114"}, {"arr_dt": "1466196759", "direction": "0", "dep_dt": "1466196946", "route_id": "Red", "dwell_time_sec": "187"}, {"arr_dt": "1466197056", "direction": "0", "dep_dt": "1466197180", "route_id": "Red", "dwell_time_sec": "124"}, {"arr_dt": "1466197573", "direction": "0", "dep_dt": "1466197693", "route_id": "Red", "dwell_time_sec": "120"}, {"arr_dt": "1466198267", "direction": "0", "dep_dt": "1466198401", "route_id": "Red", "dwell_time_sec": "134"}, {"arr_dt": "1466198490", "direction": "0", "dep_dt": "1466198648", "route_id": "Red", "dwell_time_sec": "158"}, {"arr_dt": "1466198852", "direction": "0", "dep_dt": "1466198964", "route_id": "Red", "dwell_time_sec": "112"}, {"arr_dt": "1466199232", "direction": "0", "dep_dt": "1466199337", "route_id": "Red", "dwell_time_sec": "105"}, {"arr_dt": "1466199460", "direction": "0", "dep_dt": "1466199589", "route_id": "Red", "dwell_time_sec": "129"}, {"arr_dt": "1466199687", "direction": "0", "dep_dt": "1466199773", "route_id": "Red", "dwell_time_sec": "86"}, {"arr_dt": "1466199926", "direction": "0", "dep_dt": "1466200038", "route_id": "Red", "dwell_time_sec": "112"}, {"arr_dt": "1466200132", "direction": "0", "dep_dt": "1466200245", "route_id": "Red", "dwell_time_sec": "113"}, {"arr_dt": "1466200335", "direction": "0", "dep_dt": "1466200420", "route_id": "Red", "dwell_time_sec": "85"}, {"arr_dt": "1466200512", "direction": "0", "dep_dt": "1466200597", "route_id": "Red", "dwell_time_sec": "85"}, {"arr_dt": "1466200689", "direction": "0", "dep_dt": "1466200777", "route_id": "Red", "dwell_time_sec": "88"}, {"arr_dt": "1466200874", "direction": "0", "dep_dt": "1466200973", "route_id": "Red", "dwell_time_sec": "99"}, {"arr_dt": "1466201060", "direction": "0", "dep_dt": "1466201137", "route_id": "Red", "dwell_time_sec": "77"}, {"arr_dt": "1466201277", "direction": "0", "dep_dt": "1466201367", "route_id": "Red", "dwell_time_sec": "90"}, {"arr_dt": "1466201480", "direction": "0", "dep_dt": "1466201585", "route_id": "Red", "dwell_time_sec": "105"}, {"arr_dt": "1466201663", "direction": "0", "dep_dt": "1466201747", "route_id": "Red", "dwell_time_sec": "84"}, {"arr_dt": "1466201867", "direction": "0", "dep_dt": "1466201973", "route_id": "Red", "dwell_time_sec": "106"}, {"arr_dt": "1466202064", "direction": "0", "dep_dt": "1466202158", "route_id": "Red", "dwell_time_sec": "94"}, {"arr_dt": "1466202287", "direction": "0", "dep_dt": "1466202370", "route_id": "Red", "dwell_time_sec": "83"}, {"arr_dt": "1466202465", "direction": "0", "dep_dt": "1466202545", "route_id": "Red", "dwell_time_sec": "80"}, {"arr_dt": "1466202634", "direction": "0", "dep_dt": "1466202737", "route_id": "Red", "dwell_time_sec": "103"}, {"arr_dt": "1466202825", "direction": "0", "dep_dt": "1466202924", "route_id": "Red", "dwell_time_sec": "99"}, {"arr_dt": "1466203051", "direction": "0", "dep_dt": "1466203136", "route_id": "Red", "dwell_time_sec": "85"}, {"arr_dt": "1466203483", "direction": "0", "dep_dt": "1466203565", "route_id": "Red", "dwell_time_sec": "82"}, {"arr_dt": "1466203829", "direction": "0", "dep_dt": "1466203910", "route_id": "Red", "dwell_time_sec": "81"}, {"arr_dt": "1466204011", "direction": "0", "dep_dt": "1466204094", "route_id": "Red", "dwell_time_sec": "83"}, {"arr_dt": "1466204435", "direction": "0", "dep_dt": "1466204519", "route_id": "Red", "dwell_time_sec": "84"}, {"arr_dt": "1466204662", "direction": "0", "dep_dt": "1466204731", "route_id": "Red", "dwell_time_sec": "69"}, {"arr_dt": "1466204932", "direction": "0", "dep_dt": "1466204999", "route_id": "Red", "dwell_time_sec": "67"}, {"arr_dt": "1466205344", "direction": "0", "dep_dt": "1466205424", "route_id": "Red", "dwell_time_sec": "80"}, {"arr_dt": "1466205829", "direction": "0", "dep_dt": "1466205901", "route_id": "Red", "dwell_time_sec": "72"}, {"arr_dt": "1466206001", "direction": "0", "dep_dt": "1466206092", "route_id": "Red", "dwell_time_sec": "91"}, {"arr_dt": "1466206209", "direction": "0", "dep_dt": "1466206280", "route_id": "Red", "dwell_time_sec": "71"}, {"arr_dt": "1466206518", "direction": "0", "dep_dt": "1466206588", "route_id": "Red", "dwell_time_sec": "70"}, {"arr_dt": "1466206720", "direction": "0", "dep_dt": "1466206791", "route_id": "Red", "dwell_time_sec": "71"}, {"arr_dt": "1466207260", "direction": "0", "dep_dt": "1466207333", "route_id": "Red", "dwell_time_sec": "73"}, {"arr_dt": "1466207478", "direction": "0", "dep_dt": "1466207564", "route_id": "Red", "dwell_time_sec": "86"}, {"arr_dt": "1466207867", "direction": "0", "dep_dt": "1466207942", "route_id": "Red", "dwell_time_sec": "75"}, {"arr_dt": "1466208139", "direction": "0", "dep_dt": "1466208208", "route_id": "Red", "dwell_time_sec": "69"}, {"arr_dt": "1466208457", "direction": "0", "dep_dt": "1466208524", "route_id": "Red", "dwell_time_sec": "67"}, {"arr_dt": "1466208618", "direction": "0", "dep_dt": "1466208693", "route_id": "Red", "dwell_time_sec": "75"}, {"arr_dt": "1466208923", "direction": "0", "dep_dt": "1466209002", "route_id": "Red", "dwell_time_sec": "79"}, {"arr_dt": "1466209382", "direction": "0", "dep_dt": "1466209451", "route_id": "Red", "dwell_time_sec": "69"}, {"arr_dt": "1466209694", "direction": "0", "dep_dt": "1466209783", "route_id": "Red", "dwell_time_sec": "89"}, {"arr_dt": "1466210175", "direction": "0", "dep_dt": "1466210246", "route_id": "Red", "dwell_time_sec": "71"}, {"arr_dt": "1466210355", "direction": "0", "dep_dt": "1466210417", "route_id": "Red", "dwell_time_sec": "62"}, {"arr_dt": "1466210884", "direction": "0", "dep_dt": "1466210964", "route_id": "Red", "dwell_time_sec": "80"}, {"arr_dt": "1466211071", "direction": "0", "dep_dt": "1466211149", "route_id": "Red", "dwell_time_sec": "78"}, {"arr_dt": "1466211516", "direction": "0", "dep_dt": "1466211589", "route_id": "Red", "dwell_time_sec": "73"}, {"arr_dt": "1466211851", "direction": "0", "dep_dt": "1466211917", "route_id": "Red", "dwell_time_sec": "66"}, {"arr_dt": "1466212172", "direction": "0", "dep_dt": "1466212244", "route_id": "Red", "dwell_time_sec": "72"}, {"arr_dt": "1466212649", "direction": "0", "dep_dt": "1466212729", "route_id": "Red", "dwell_time_sec": "80"}, {"arr_dt": "1466213152", "direction": "0", "dep_dt": "1466213242", "route_id": "Red", "dwell_time_sec": "90"}, {"arr_dt": "1466213350", "direction": "0", "dep_dt": "1466213426", "route_id": "Red", "dwell_time_sec": "76"}, {"arr_dt": "1466213551", "direction": "0", "dep_dt": "1466213628", "route_id": "Red", "dwell_time_sec": "77"}, {"arr_dt": "1466214252", "direction": "0", "dep_dt": "1466214345", "route_id": "Red", "dwell_time_sec": "93"}, {"arr_dt": "1466214445", "direction": "0", "dep_dt": "1466214548", "route_id": "Red", "dwell_time_sec": "103"}, {"arr_dt": "1466214647", "direction": "0", "dep_dt": "1466214715", "route_id": "Red", "dwell_time_sec": "68"}, {"arr_dt": "1466215162", "direction": "0", "dep_dt": "1466215243", "route_id": "Red", "dwell_time_sec": "81"}, {"arr_dt": "1466215519", "direction": "0", "dep_dt": "1466215599", "route_id": "Red", "dwell_time_sec": "80"}, {"arr_dt": "1466216016", "direction": "0", "dep_dt": "1466216112", "route_id": "Red", "dwell_time_sec": "96"}, {"arr_dt": "1466216220", "direction": "0", "dep_dt": "1466216281", "route_id": "Red", "dwell_time_sec": "61"}, {"arr_dt": "1466216528", "direction": "0", "dep_dt": "1466216616", "route_id": "Red", "dwell_time_sec": "88"}, {"arr_dt": "1466216732", "direction": "0", "dep_dt": "1466216794", "route_id": "Red", "dwell_time_sec": "62"}, {"arr_dt": "1466217134", "direction": "0", "dep_dt": "1466217219", "route_id": "Red", "dwell_time_sec": "85"}, {"arr_dt": "1466217507", "direction": "0", "dep_dt": "1466217580", "route_id": "Red", "dwell_time_sec": "73"}, {"arr_dt": "1466217849", "direction": "0", "dep_dt": "1466217912", "route_id": "Red", "dwell_time_sec": "63"}, {"arr_dt": "1466218367", "direction": "0", "dep_dt": "1466218445", "route_id": "Red", "dwell_time_sec": "78"}, {"arr_dt": "1466218941", "direction": "0", "dep_dt": "1466219020", "route_id": "Red", "dwell_time_sec": "79"}, {"arr_dt": "1466219277", "direction": "0", "dep_dt": "1466219347", "route_id": "Red", "dwell_time_sec": "70"}, {"arr_dt": "1466220121", "direction": "0", "dep_dt": "1466220319", "route_id": "Red", "dwell_time_sec": "198"}, {"arr_dt": "1466220426", "direction": "0", "dep_dt": "1466220520", "route_id": "Red", "dwell_time_sec": "94"}, {"arr_dt": "1466220663", "direction": "0", "dep_dt": "1466220725", "route_id": "Red", "dwell_time_sec": "62"}, {"arr_dt": "1466220820", "direction": "0", "dep_dt": "1466220883", "route_id": "Red", "dwell_time_sec": "63"}, {"arr_dt": "1466221075", "direction": "0", "dep_dt": "1466221142", "route_id": "Red", "dwell_time_sec": "67"}, {"arr_dt": "1466221254", "direction": "0", "dep_dt": "1466221328", "route_id": "Red", "dwell_time_sec": "74"}, {"arr_dt": "1466221774", "direction": "0", "dep_dt": "1466221849", "route_id": "Red", "dwell_time_sec": "75"}, {"arr_dt": "1466222267", "direction": "0", "dep_dt": "1466222331", "route_id": "Red", "dwell_time_sec": "64"}]}