{"dwell_times": [{"arr_dt": "1481086947", "direction": "0", "dep_dt": "1481087006", "route_id": "Red", "dwell_time_sec": "59"}, {"arr_dt": "1481087415", "direction": "0", "dep_dt": "1481087476", "route_id": "Red", "dwell_time_sec": "61"}, {"arr_dt": "1481087949", "direction": "0", "dep_dt": "1481088035", "route_id": "Red", "dwell_time_sec": "86"}, {"arr_dt": "1481089082", "direction": "0", "dep_dt": "1481089143", "route_id": "Red", "dwell_time_sec": "61"}, {"arr_dt": "1481089884", "direction": "0", "dep_dt": "1481091032", "route_id": "Red", "dwell_time_sec": "1148"}, {"arr_dt": "1481106823", "direction": "0", "dep_dt": "1481106899", "route_id": "Red", "dwell_time_sec": "76"}, {"arr_dt": "1481107399", "direction": "0", "dep_dt": "1481107458", "route_id": "Red", "dwell_time_sec": "59"}, {"arr_dt": "1481107780", "direction": "0", "dep_dt": "1481107849", "route_id": "Red", "dwell_time_sec": "69"}, {"arr_dt": "1481108148", "direction": "0", "dep_dt": "1481108210", "route_id": "Red", "dwell_time_sec": "62"}, {"arr_dt": "1481108514", "direction": "0", "dep_dt": "1481108576", "route_id": "Red", "dwell_time_sec": "62"}, {"arr_dt": "1481109014", "direction": "0", "dep_dt": "1481109079", "route_id": "Red", "dwell_time_sec": "65"}, {"arr_dt": "1481109616", "direction": "0", "dep_dt": "1481109679", "route_id": "Red", "dwell_time_sec": "63"}, {"arr_dt": "1481110062", "direction": "0", "dep_dt": "1481110166", "route_id": "Red", "dwell_time_sec": "104"}, {"arr_dt": "1481110378", "direction": "0", "dep_dt": "1481110436", "route_id": "Red", "dwell_time_sec": "58"}, {"arr_dt": "1481110535", "direction": "0", "dep_dt": "1481110591", "route_id": "Red", "dwell_time_sec": "56"}, {"arr_dt": "1481111435", "direction": "0", "dep_dt": "1481111505", "route_id": "Red", "dwell_time_sec": "70"}, {"arr_dt": "1481111667", "direction": "0", "dep_dt": "1481111736", "route_id": "Red", "dwell_time_sec": "69"}, {"arr_dt": "1481112092", "direction": "0", "dep_dt": "1481112173", "route_id": "Red", "dwell_time_sec": "81"}, {"arr_dt": "1481112268", "direction": "0", "dep_dt": "1481112327", "route_id": "Red", "dwell_time_sec": "59"}, {"arr_dt": "1481112634", "direction": "0", "dep_dt": "1481112739", "route_id": "Red", "dwell_time_sec": "105"}, {"arr_dt": "1481112834", "direction": "0", "dep_dt": "1481112914", "route_id": "Red", "dwell_time_sec": "80"}, {"arr_dt": "1481113130", "direction": "0", "dep_dt": "1481113207", "route_id": "Red", "dwell_time_sec": "77"}, {"arr_dt": "1481113585", "direction": "0", "dep_dt": "1481113681", "route_id": "Red", "dwell_time_sec": "96"}, {"arr_dt": "1481113890", "direction": "0", "dep_dt": "1481113966", "route_id": "Red", "dwell_time_sec": "76"}, {"arr_dt": "1481114343", "direction": "0", "dep_dt": "1481114445", "route_id": "Red", "dwell_time_sec": "102"}, {"arr_dt": "1481114664", "direction": "0", "dep_dt": "1481114744", "route_id": "Red", "dwell_time_sec": "80"}, {"arr_dt": "1481114963", "direction": "0", "dep_dt": "1481115038", "route_id": "Red", "dwell_time_sec": "75"}, {"arr_dt": "1481115308", "direction": "0", "dep_dt": "1481115397", "route_id": "Red", "dwell_time_sec": "89"}, {"arr_dt": "1481115584", "direction": "0", "dep_dt": "1481115667", "route_id": "Red", "dwell_time_sec": "83"}, {"arr_dt": "1481115851", "direction": "0", "dep_dt": "1481115948", "route_id": "Red", "dwell_time_sec": "97"}, {"arr_dt": "1481116170", "direction": "0", "dep_dt": "1481116260", "route_id": "Red", "dwell_time_sec": "90"}, {"arr_dt": "1481117482", "direction": "0", "dep_dt": "1481117586", "route_id": "Red", "dwell_time_sec": "104"}, {"arr_dt": "1481117731", "direction": "0", "dep_dt": "1481117826", "route_id": "Red", "dwell_time_sec": "95"}, {"arr_dt": "1481118030", "direction": "0", "dep_dt": "1481118162", "route_id": "Red", "dwell_time_sec": "132"}, {"arr_dt": "1481118327", "direction": "0", "dep_dt": "1481118442", "route_id": "Red", "dwell_time_sec": "115"}, {"arr_dt": "1481118972", "direction": "0", "dep_dt": "1481119132", "route_id": "Red", "dwell_time_sec": "160"}, {"arr_dt": "1481119294", "direction": "0", "dep_dt": "1481119394", "route_id": "Red", "dwell_time_sec": "100"}, {"arr_dt": "1481119724", "direction": "0", "dep_dt": "1481119847", "route_id": "Red", "dwell_time_sec": "123"}, {"arr_dt": "1481120068", "direction": "0", "dep_dt": "1481120167", "route_id": "Red", "dwell_time_sec": "99"}, {"arr_dt": "1481120308", "direction": "0", "dep_dt": "1481120405", "route_id": "Red", "dwell_time_sec": "97"}, {"arr_dt": "1481120534", "direction": "0", "dep_dt": "1481120643", "route_id": "Red", "dwell_time_sec": "109"}, {"arr_dt": "1481120785", "direction": "0", "dep_dt": "1481120877", "route_id": "Red", "dwell_time_sec": "92"}, {"arr_dt": "1481120991", "direction": "0", "dep_dt": "1481121088", "route_id": "Red", "dwell_time_sec": "97"}, {"arr_dt": "1481121195", "direction": "0", "dep_dt": "1481121277", "route_id": "Red", "dwell_time_sec": "82"}, {"arr_dt": "1481121377", "direction": "0", "dep_dt": "1481121471", "route_id": "Red", "dwell_time_sec": "94"}, {"arr_dt": "1481121609", "direction": "0", "dep_dt": "1481121725", "route_id": "Red", "dwell_time_sec": "116"}, {"arr_dt": "1481121828", "direction": "0", "dep_dt": "1481121917", "route_id": "Red", "dwell_time_sec": "89"}, {"arr_dt": "1481122039", "direction": "0", "dep_dt": "1481122206", "route_id": "Red", "dwell_time_sec": "167"}, {"arr_dt": "1481122322", "direction": "0", "dep_dt": "1481122409", "route_id": "Red", "dwell_time_sec": "87"}, {"arr_dt": "1481122528", "direction": "0", "dep_dt": "1481122622", "route_id": "Red", "dwell_time_sec": "94"}, {"arr_dt": "1481122772", "direction": "0", "dep_dt": "1481122862", "route_id": "Red", "dwell_time_sec": "90"}, {"arr_dt": "1481123244", "direction": "0", "dep_dt": "1481123317", "route_id": "Red", "dwell_time_sec": "73"}, {"arr_dt": "1481123444", "direction": "0", "dep_dt": "1481123517", "route_id": "Red", "dwell_time_sec": "73"}, {"arr_dt": "1481123719", "direction": "0", "dep_dt": "1481123793", "route_id": "Red", "dwell_time_sec": "74"}, {"arr_dt": "1481123931", "direction": "0", "dep_dt": "1481124025", "route_id": "Red", "dwell_time_sec": "94"}, {"arr_dt": "1481124192", "direction": "0", "dep_dt": "1481124267", "route_id": "Red", "dwell_time_sec": "75"}, {"arr_dt": "1481124378", "direction": "0", "dep_dt": "1481124465", "route_id": "Red", "dwell_time_sec": "87"}, {"arr_dt": "1481124574", "direction": "0", "dep_dt": "1481124657", "route_id": "Red", "dwell_time_sec": "83"}, {"arr_dt": "1481124762", "direction": "0", "dep_dt": "1481124837", "route_id": "Red", "dwell_time_sec": "75"}, {"arr_dt": "1481124946", "direction": "0", "dep_dt": "1481125017", "route_id": "Red", "dwell_time_sec": "71"}, {"arr_dt": "1481125808", "direction": "0", "dep_dt": "1481125897", "route_id": "Red", "dwell_time_sec": "89"}, {"arr_dt": "1481126039", "direction": "0", "dep_dt": "1481126121", "route_id": "Red", "dwell_time_sec": "82"}, {"arr_dt": "1481126238", "direction": "0", "dep_dt": "1481126309", "route_id": "Red", "dwell_time_sec": "71"}, {"arr_dt": "1481126439", "direction": "0", "dep_dt": "1481126507", "route_id": "Red", "dwell_time_sec": "68"}, {"arr_dt": "1481126864", "direction": "0", "dep_dt": "1481126938", "route_id": "Red", "dwell_time_sec": "74"}, {"arr_dt": "1481127228", "direction": "0", "dep_dt": "1481127298", "route_id": "Red", "dwell_time_sec": "70"}, {"arr_dt": "1481127596", "direction": "0", "dep_dt": "1481127664", "route_id": "Red", "dwell_time_sec": "68"}, {"arr_dt": "1481128079", "direction": "0", "dep_dt": "1481128151", "route_id": "Red", "dwell_time_sec": "72"}, {"arr_dt": "1481128738", "direction": "0", "dep_dt": "1481128813", "route_id": "Red", "dwell_time_sec": "75"}, {"arr_dt": "1481128916", "direction": "0", "dep_dt": "1481128989", "route_id": "Red", "dwell_time_sec": "73"}, {"arr_dt": "1481129271", "direction": "0", "dep_dt": "1481129437", "route_id": "Red", "dwell_time_sec": "166"}, {"arr_dt": "1481129657", "direction": "0", "dep_dt": "1481129719", "route_id": "Red", "dwell_time_sec": "62"}, {"arr_dt": "1481130253", "direction": "0", "dep_dt": "1481130323", "route_id": "Red", "dwell_time_sec": "70"}, {"arr_dt": "1481130435", "direction": "0", "dep_dt": "1481130507", "route_id": "Red", "dwell_time_sec": "72"}, {"arr_dt": "1481131131", "direction": "0", "dep_dt": "1481131209", "route_id": "Red", "dwell_time_sec": "78"}, {"arr_dt": "1481131334", "direction": "0", "dep_dt": "1481131395", "route_id": "Red", "dwell_time_sec": "61"}, {"arr_dt": "1481131522", "direction": "0", "dep_dt": "1481131582", "route_id": "Red", "dwell_time_sec": "60"}, {"arr_dt": "1481131988", "direction": "0", "dep_dt": "1481132058", "route_id": "Red", "dwell_time_sec": "70"}, {"arr_dt": "1481132845", "direction": "0", "dep_dt": "1481132951", "route_id": "Red", "dwell_time_sec": "106"}, {"arr_dt": "1481133065", "direction": "0", "dep_dt": "1481133147", "route_id": "Red", "dwell_time_sec": "82"}, {"arr_dt": "1481133381", "direction": "0", "dep_dt": "1481133444", "route_id": "Red", "dwell_time_sec": "63"}, {"arr_dt": "1481133631", "direction": "0", "dep_dt": "1481133701", "route_id": "Red", "dwell_time_sec": "70"}, {"arr_dt": "1481134048", "direction": "0", "dep_dt": "1481134110", "route_id": "Red", "dwell_time_sec": "62"}, {"arr_dt": "1481134500", "direction": "0", "dep_dt": "1481134566", "route_id": "Red", "dwell_time_sec": "66"}, {"arr_dt": "1481135004", "direction": "0", "dep_dt": "1481135071", "route_id": "Red", "dwell_time_sec": "67"}, {"arr_dt": "1481135336", "direction": "0", "dep_dt": "1481135401", "route_id": "Red", "dwell_time_sec": "65"}, {"arr_dt": "1481136145", "direction": "0", "dep_dt": "1481136217", "route_id": "Red", "dwell_time_sec": "72"}, {"arr_dt": "1481136596", "direction": "0", "dep_dt": "1481136669", "route_id": "Red", "dwell_time_sec": "73"}, {"arr_dt": "1481137218", "direction": "0", "dep_dt": "1481137321", "route_id": "Red", "dwell_time_sec": "103"}, {"arr_dt": "1481137456", "direction": "0", "dep_dt": "1481137520", "route_id": "Red", "dwell_time_sec": "64"}, {"arr_dt": "1481137876", "direction": "0", "dep_dt": "1481137969", "route_id": "Red", "dwell_time_sec": "93"}, {"arr_dt": "1481138717", "direction": "0", "dep_dt": "1481138842", "route_id": "Red", "dwell_time_sec": "125"}, {"arr_dt": "1481139179", "direction": "0", "dep_dt": "1481139263", "route_id": "Red", "dwell_time_sec": "84"}, {"arr_dt": "1481139737", "direction": "0", "dep_dt": "1481139870", "route_id": "Red", "dwell_time_sec": "133"}, {"arr_dt": "1481139977", "direction": "0", "dep_dt": "1481140054", "route_id": "Red", "dwell_time_sec": "77"}, {"arr_dt": "1481140503", "direction": "0", "dep_dt": "1481140587", "route_id": "Red", "dwell_time_sec": "84"}, {"arr_dt": "1481140971", "direction": "0", "dep_dt": "1481141058", "route_id": "Red", "dwell_time_sec": "87"}, {"arr_dt": "1481141682", "direction": "0", "dep_dt": "1481141803", "route_id": "Red", "dwell_time_sec": "121"}, {"arr_dt": "1481141879", "direction": "0", "dep_dt": "1481141995", "route_id": "Red", "dwell_time_sec": "116"}, {"arr_dt": "1481142308", "direction": "0", "dep_dt": "1481142401", "route_id": "Red", "dwell_time_sec": "93"}, {"arr_dt": "1481142687", "direction": "0", "dep_dt": "1481142786", "route_id": "Red", "dwell_time_sec": "99"}, {"arr_dt": "1481143249", "direction": "0", "dep_dt": "1481143356", "route_id": "Red", "dwell_time_sec": "107"}, {"arr_dt": "1481143464", "direction": "0", "dep_dt": "1481143550", "route_id": "Red", "dwell_time_sec": "86"}, {"arr_dt": "1481143699", "direction": "0", "dep_dt": "1481143808", "route_id": "Red", "dwell_time_sec": "109"}, {"arr_dt": "1481144014", "direction": "0", "dep_dt": "1481144454", "route_id": "Red", "dwell_time_sec": "440"}, {"arr_dt": "1481144549", "direction": "0", "dep_dt": "1481144671", "route_id": "Red", "dwell_time_sec": "122"}, {"arr_dt": "1481144979", "direction": "0", "dep_dt": "1481145067", "route_id": "Red", "dwell_time_sec": "88"}, {"arr_dt": "1481145171", "direction": "0", "dep_dt": "1481145299", "route_id": "Red", "dwell_time_sec": "128"}, {"arr_dt": "1481145388", "direction": "0", "dep_dt": "1481145484", "route_id": "Red", "dwell_time_sec": "96"}, {"arr_dt": "1481145681", "direction": "0", "dep_dt": "1481145813", "route_id": "Red", "dwell_time_sec": "132"}, {"arr_dt": "1481146106", "direction": "0", "dep_dt": "1481146228", "route_id": "Red", "dwell_time_sec": "122"}, {"arr_dt": "1481146339", "direction": "0", "dep_dt": "1481146429", "route_id": "Red", "dwell_time_sec": "90"}, {"arr_dt": "1481146577", "direction": "0", "dep_dt": "1481146672", "route_id": "Red", "dwell_time_sec": "95"}, {"arr_dt": "1481146759", "direction": "0", "dep_dt": "1481146852", "route_id": "Red", "dwell_time_sec": "93"}, {"arr_dt": "1481147040", "direction": "0", "dep_dt": "1481147153", "route_id": "Red", "dwell_time_sec": "113"}, {"arr_dt": "1481147256", "direction": "0", "dep_dt": "1481147345", "route_id": "Red", "dwell_time_sec": "89"}, {"arr_dt": "1481147460", "direction": "0", "dep_dt": "1481147557", "route_id": "Red", "dwell_time_sec": "97"}, {"arr_dt": "1481147655", "direction": "0", "dep_dt": "1481147872", "route_id": "Red", "dwell_time_sec": "217"}, {"arr_dt": "1481147852", "direction": "0", "dep_dt": "1481147968", "route_id": "Red", "dwell_time_sec": "116"}, {"arr_dt": "1481148076", "direction": "0", "dep_dt": "1481148180", "route_id": "Red", "dwell_time_sec": "104"}, {"arr_dt": "1481148274", "direction": "0", "dep_dt": "1481148378", "route_id": "Red", "dwell_time_sec": "104"}, {"arr_dt": "1481148606", "direction": "0", "dep_dt": "1481148716", "route_id": "Red", "dwell_time_sec": "110"}, {"arr_dt": "1481148852", "direction": "0", "dep_dt": "1481148948", "route_id": "Red", "dwell_time_sec": "96"}, {"arr_dt": "1481149088", "direction": "0", "dep_dt": "1481149232", "route_id": "Red", "dwell_time_sec": "144"}, {"arr_dt": "1481149325", "direction": "0", "dep_dt": "1481149421", "route_id": "Red", "dwell_time_sec": "96"}, {"arr_dt": "1481149579", "direction": "0", "dep_dt": "1481149676", "route_id": "Red", "dwell_time_sec": "97"}, {"arr_dt": "1481149778", "direction": "0", "dep_dt": "1481149884", "route_id": "Red", "dwell_time_sec": "106"}, {"arr_dt": "1481149975", "direction": "0", "dep_dt": "1481150068", "route_id": "Red", "dwell_time_sec": "93"}, {"arr_dt": "1481150161", "direction": "0", "dep_dt": "1481150256", "route_id": "Red", "dwell_time_sec": "95"}, {"arr_dt": "1481150343", "direction": "0", "dep_dt": "1481150446", "route_id": "Red", "dwell_time_sec": "103"}, {"arr_dt": "1481150539", "direction": "0", "dep_dt": "1481150694", "route_id": "Red", "dwell_time_sec": "155"}, {"arr_dt": "1481150808", "direction": "0", "dep_dt": "1481150929", "route_id": "Red", "dwell_time_sec": "121"}, {"arr_dt": "1481151149", "direction": "0", "dep_dt": "1481151264", "route_id": "Red", "dwell_time_sec": "115"}, {"arr_dt": "1481151342", "direction": "0", "dep_dt": "1481151472", "route_id": "Red", "dwell_time_sec": "130"}, {"arr_dt": "1481151804", "direction": "0", "dep_dt": "1481151937", "route_id": "Red", "dwell_time_sec": "133"}, {"arr_dt": "1481152029", "direction": "0", "dep_dt": "1481152133", "route_id": "Red", "dwell_time_sec": "104"}, {"arr_dt": "1481152289", "direction": "0", "dep_dt": "1481152398", "route_id": "Red", "dwell_time_sec": "109"}, {"arr_dt": "1481152492", "direction": "0", "dep_dt": "1481152669", "route_id": "Red", "dwell_time_sec": "177"}, {"arr_dt": "1481152831", "direction": "0", "dep_dt": "1481152925", "route_id": "Red", "dwell_time_sec": "94"}, {"arr_dt": "1481153017", "direction": "0", "dep_dt": "1481153095", "route_id": "Red", "dwell_time_sec": "78"}, {"arr_dt": "1481153354", "direction": "0", "dep_dt": "1481153433", "route_id": "Red", "dwell_time_sec": "79"}, {"arr_dt": "1481153554", "direction": "0", "dep_dt": "1481153636", "route_id": "Red", "dwell_time_sec": "82"}, {"arr_dt": "1481153784", "direction": "0", "dep_dt": "1481153850", "route_id": "Red", "dwell_time_sec": "66"}, {"arr_dt": "1481154020", "direction": "0", "dep_dt": "1481154095", "route_id": "Red", "dwell_time_sec": "75"}, {"arr_dt": "1481154252", "direction": "0", "dep_dt": "1481154322", "route_id": "Red", "dwell_time_sec": "70"}, {"arr_dt": "1481154417", "direction": "0", "dep_dt": "1481154498", "route_id": "Red", "dwell_time_sec": "81"}, {"arr_dt": "1481154633", "direction": "0", "dep_dt": "1481154701", "route_id": "Red", "dwell_time_sec": "68"}, {"arr_dt": "1481154905", "direction": "0", "dep_dt": "1481155029", "route_id": "Red", "dwell_time_sec": "124"}, {"arr_dt": "1481155471", "direction": "0", "dep_dt": "1481155551", "route_id": "Red", "dwell_time_sec": "80"}, {"arr_dt": "1481155925", "direction": "0", "dep_dt": "1481156012", "route_id": "Red", "dwell_time_sec": "87"}, {"arr_dt": "1481156271", "direction": "0", "dep_dt": "1481156343", "route_id": "Red", "dwell_time_sec": "72"}, {"arr_dt": "1481156452", "direction": "0", "dep_dt": "1481156531", "route_id": "Red", "dwell_time_sec": "79"}, {"arr_dt": "1481156772", "direction": "0", "dep_dt": "1481156859", "route_id": "Red", "dwell_time_sec": "87"}, {"arr_dt": "1481156961", "direction": "0", "dep_dt": "1481157048", "route_id": "Red", "dwell_time_sec": "87"}, {"arr_dt": "1481157154", "direction": "0", "dep_dt": "1481157234", "route_id": "Red", "dwell_time_sec": "80"}, {"arr_dt": "1481157419", "direction": "0", "dep_dt": "1481157501", "route_id": "Red", "dwell_time_sec": "82"}, {"arr_dt": "1481157735", "direction": "0", "dep_dt": "1481157806", "route_id": "Red", "dwell_time_sec": "71"}, {"arr_dt": "1481158014", "direction": "0", "dep_dt": "1481158082", "route_id": "Red", "dwell_time_sec": "68"}, {"arr_dt": "1481158225", "direction": "0", "dep_dt": "1481158311", "route_id": "Red", "dwell_time_sec": "86"}, {"arr_dt": "1481158504", "direction": "0", "dep_dt": "1481158573", "route_id": "Red", "dwell_time_sec": "69"}, {"arr_dt": "1481158818", "direction": "0", "dep_dt": "1481158888", "route_id": "Red", "dwell_time_sec": "70"}, {"arr_dt": "1481159249", "direction": "0", "dep_dt": "1481159311", "route_id": "Red", "dwell_time_sec": "62"}, {"arr_dt": "1481159434", "direction": "0", "dep_dt": "1481159496", "route_id": "Red", "dwell_time_sec": "62"}, {"arr_dt": "1481159724", "direction": "0", "dep_dt": "1481159789", "route_id": "Red", "dwell_time_sec": "65"}, {"arr_dt": "1481160096", "direction": "0", "dep_dt": "1481160165", "route_id": "Red", "dwell_time_sec": "69"}, {"arr_dt": "1481160470", "direction": "0", "dep_dt": "1481160543", "route_id": "Red", "dwell_time_sec": "73"}, {"arr_dt": "1481160834", "direction": "0", "dep_dt": "1481160905", "route_id": "Red", "dwell_time_sec": "71"}, {"arr_dt": "1481161023", "direction": "0", "dep_dt": "1481161107", "route_id": "Red", "dwell_time_sec": "84"}, {"arr_dt": "1481161538", "direction": "0", "dep_dt": "1481161614", "route_id": "Red", "dwell_time_sec": "76"}, {"arr_dt": "1481161722", "direction": "0", "dep_dt": "1481161807", "route_id": "Red", "dwell_time_sec": "85"}, {"arr_dt": "1481162007", "direction": "0", "dep_dt": "1481162077", "route_id": "Red", "dwell_time_sec": "70"}, {"arr_dt": "1481162501", "direction": "0", "dep_dt": "1481162587", "route_id": "Red", "dwell_time_sec": "86"}, {"arr_dt": "1481162798", "direction": "0", "dep_dt": "1481162886", "route_id": "Red", "dwell_time_sec": "88"}, {"arr_dt": "1481163223", "direction": "0", "dep_dt": "1481163300", "route_id": "Red", "dwell_time_sec": "77"}, {"arr_dt": "1481163510", "direction": "0", "dep_dt": "1481163691", "route_id": "Red", "dwell_time_sec": "181"}, {"arr_dt": "1481163854", "direction": "0", "dep_dt": "1481164052", "route_id": "Red", "dwell_time_sec": "198"}, {"arr_dt": "1481164207", "direction": "0", "dep_dt": "1481164276", "route_id": "Red", "dwell_time_sec": "69"}, {"arr_dt": "1481164551", "direction": "0", "dep_dt": "1481164643", "route_id": "Red", "dwell_time_sec": "92"}, {"arr_dt": "1481164930", "direction": "0", "dep_dt": "1481165024", "route_id": "Red", "dwell_time_sec": "94"}, {"arr_dt": "1481165244", "direction": "0", "dep_dt": "1481165307", "route_id": "Red", "dwell_time_sec": "63"}, {"arr_dt": "1481165635", "direction": "0", "dep_dt": "1481165708", "route_id": "Red", "dwell_time_sec": "73"}, {"arr_dt": "1481165930", "direction": "0", "dep_dt": "1481166006", "route_id": "Red", "dwell_time_sec": "76"}, {"arr_dt": "1481166326", "direction": "0", "dep_dt": "1481166393", "route_id": "Red", "dwell_time_sec": "67"}, {"arr_dt": "1481166760", "direction": "0", "dep_dt": "1481166826", "route_id": "Red", "dwell_time_sec": "66"}, {"arr_dt": "1481167152", "direction": "0", "dep_dt": "1481167234", "route_id": "Red", "dwell_time_sec": "82"}, {"arr_dt": "1481167349", "direction": "0", "dep_dt": "1481167413", "route_id": "Red", "dwell_time_sec": "64"}, {"arr_dt": "1481167814", "direction": "0", "dep_dt": "1481167898", "route_id": "Red", "dwell_time_sec": "84"}, {"arr_dt": "1481168409", "direction": "0", "dep_dt": "1481168484", "route_id": "Red", "dwell_time_sec": "75"}, {"arr_dt": "1481168581", "direction": "0", "dep_dt": "1481168658", "route_id": "Red", "dwell_time_sec": "77"}, {"arr_dt": "1481168969", "direction": "0", "dep_dt": "1481169060", "route_id": "Red", "dwell_time_sec": "91"}, {"arr_dt": "1481169237", "direction": "0", "dep_dt": "1481169308", "route_id": "Red", "dwell_time_sec": "71"}, {"arr_dt": "1481169499", "direction": "0", "dep_dt": "1481169563", "route_id": "Red", "dwell_time_sec": "64"}, {"arr_dt": "1481169935", "direction": "0", "dep_dt": "1481170023", "route_id": "Red", "dwell_time_sec": "88"}, {"arr_dt": "1481170240", "direction": "0", "dep_dt": "1481170303", "route_id": "Red", "dwell_time_sec": "63"}, {"arr_dt": "1481170777", "direction": "0", "dep_dt": "1481170850", "route_id": "Red", "dwell_time_sec": "73"}, {"arr_dt": "1481170971", "direction": "0", "dep_dt": "1481171033", "route_id": "Red", "dwell_time_sec": "62"}, {"arr_dt": "1481171437", "direction": "0", "dep_dt": "1481171504", "route_id": "Red", "dwell_time_sec": "67"}, {"arr_dt": "1481171716", "direction": "0", "dep_dt": "1481171784", "route_id": "Red", "dwell_time_sec": "68"}, {"arr_dt": "1481172090", "direction": "0", "dep_dt": "1481172156", "route_id": "Red", "dwell_time_sec": "66"}, {"arr_dt": "1481172338", "direction": "0", "dep_dt": "1481172394", "route_id": "Red", "dwell_time_sec": "56"}, {"arr_dt": "1481172710", "direction": "0", "dep_dt": "1481172773", "route_id": "Red", "dwell_time_sec": "63"}]}