{"dwell_times": [{"arr_dt": "1479186231", "direction": "0", "dep_dt": "1479186288", "route_id": "Red", "dwell_time_sec": "57"}, {"arr_dt": "1479186472", "direction": "0", "dep_dt": "1479186526", "route_id": "Red", "dwell_time_sec": "54"}, {"arr_dt": "1479187154", "direction": "0", "dep_dt": "1479187240", "route_id": "Red", "dwell_time_sec": "86"}, {"arr_dt": "1479187392", "direction": "0", "dep_dt": "1479187480", "route_id": "Red", "dwell_time_sec": "88"}, {"arr_dt": "1479187940", "direction": "0", "dep_dt": "1479188003", "route_id": "Red", "dwell_time_sec": "63"}, {"arr_dt": "1479188124", "direction": "0", "dep_dt": "1479188191", "route_id": "Red", "dwell_time_sec": "67"}, {"arr_dt": "1479188819", "direction": "0", "dep_dt": "1479190308", "route_id": "Red", "dwell_time_sec": "1489"}, {"arr_dt": "1479206211", "direction": "0", "dep_dt": "1479206281", "route_id": "Red", "dwell_time_sec": "70"}, {"arr_dt": "1479206590", "direction": "0", "dep_dt": "1479206658", "route_id": "Red", "dwell_time_sec": "68"}, {"arr_dt": "1479206886", "direction": "0", "dep_dt": "1479206964", "route_id": "Red", "dwell_time_sec": "78"}, {"arr_dt": "1479207308", "direction": "0", "dep_dt": "1479207385", "route_id": "Red", "dwell_time_sec": "77"}, {"arr_dt": "1479207780", "direction": "0", "dep_dt": "1479207846", "route_id": "Red", "dwell_time_sec": "66"}, {"arr_dt": "1479208308", "direction": "0", "dep_dt": "1479208368", "route_id": "Red", "dwell_time_sec": "60"}, {"arr_dt": "1479208785", "direction": "0", "dep_dt": "1479208847", "route_id": "Red", "dwell_time_sec": "62"}, {"arr_dt": "1479209168", "direction": "0", "dep_dt": "1479209226", "route_id": "Red", "dwell_time_sec": "58"}, {"arr_dt": "1479209576", "direction": "0", "dep_dt": "1479209646", "route_id": "Red", "dwell_time_sec": "70"}, {"arr_dt": "1479209784", "direction": "0", "dep_dt": "1479209859", "route_id": "Red", "dwell_time_sec": "75"}, {"arr_dt": "1479210354", "direction": "0", "dep_dt": "1479210427", "route_id": "Red", "dwell_time_sec": "73"}, {"arr_dt": "1479210544", "direction": "0", "dep_dt": "1479210623", "route_id": "Red", "dwell_time_sec": "79"}, {"arr_dt": "1479210761", "direction": "0", "dep_dt": "1479210830", "route_id": "Red", "dwell_time_sec": "69"}, {"arr_dt": "1479210939", "direction": "0", "dep_dt": "1479210993", "route_id": "Red", "dwell_time_sec": "54"}, {"arr_dt": "1479211261", "direction": "0", "dep_dt": "1479211347", "route_id": "Red", "dwell_time_sec": "86"}, {"arr_dt": "1479211739", "direction": "0", "dep_dt": "1479211820", "route_id": "Red", "dwell_time_sec": "81"}, {"arr_dt": "1479211929", "direction": "0", "dep_dt": "1479212035", "route_id": "Red", "dwell_time_sec": "106"}, {"arr_dt": "1479212302", "direction": "0", "dep_dt": "1479212381", "route_id": "Red", "dwell_time_sec": "79"}, {"arr_dt": "1479212512", "direction": "0", "dep_dt": "1479212615", "route_id": "Red", "dwell_time_sec": "103"}, {"arr_dt": "1479212783", "direction": "0", "dep_dt": "1479212861", "route_id": "Red", "dwell_time_sec": "78"}, {"arr_dt": "1479213044", "direction": "0", "dep_dt": "1479213145", "route_id": "Red", "dwell_time_sec": "101"}, {"arr_dt": "1479213290", "direction": "0", "dep_dt": "1479213351", "route_id": "Red", "dwell_time_sec": "61"}, {"arr_dt": "1479213528", "direction": "0", "dep_dt": "1479213618", "route_id": "Red", "dwell_time_sec": "90"}, {"arr_dt": "1479213774", "direction": "0", "dep_dt": "1479213845", "route_id": "Red", "dwell_time_sec": "71"}, {"arr_dt": "1479213937", "direction": "0", "dep_dt": "1479214013", "route_id": "Red", "dwell_time_sec": "76"}, {"arr_dt": "1479214280", "direction": "0", "dep_dt": "1479214390", "route_id": "Red", "dwell_time_sec": "110"}, {"arr_dt": "1479214508", "direction": "0", "dep_dt": "1479214607", "route_id": "Red", "dwell_time_sec": "99"}, {"arr_dt": "1479214712", "direction": "0", "dep_dt": "1479214802", "route_id": "Red", "dwell_time_sec": "90"}, {"arr_dt": "1479214902", "direction": "0", "dep_dt": "1479215035", "route_id": "Red", "dwell_time_sec": "133"}, {"arr_dt": "1479215137", "direction": "0", "dep_dt": "1479215257", "route_id": "Red", "dwell_time_sec": "120"}, {"arr_dt": "1479215326", "direction": "0", "dep_dt": "1479215401", "route_id": "Red", "dwell_time_sec": "75"}, {"arr_dt": "1479215678", "direction": "0", "dep_dt": "1479215788", "route_id": "Red", "dwell_time_sec": "110"}, {"arr_dt": "1479215879", "direction": "0", "dep_dt": "1479215975", "route_id": "Red", "dwell_time_sec": "96"}, {"arr_dt": "1479216095", "direction": "0", "dep_dt": "1479216182", "route_id": "Red", "dwell_time_sec": "87"}, {"arr_dt": "1479216471", "direction": "0", "dep_dt": "1479216579", "route_id": "Red", "dwell_time_sec": "108"}, {"arr_dt": "1479216830", "direction": "0", "dep_dt": "1479216922", "route_id": "Red", "dwell_time_sec": "92"}, {"arr_dt": "1479217032", "direction": "0", "dep_dt": "1479217132", "route_id": "Red", "dwell_time_sec": "100"}, {"arr_dt": "1479217286", "direction": "0", "dep_dt": "1479217365", "route_id": "Red", "dwell_time_sec": "79"}, {"arr_dt": "1479217465", "direction": "0", "dep_dt": "1479217556", "route_id": "Red", "dwell_time_sec": "91"}, {"arr_dt": "1479217786", "direction": "0", "dep_dt": "1479217889", "route_id": "Red", "dwell_time_sec": "103"}, {"arr_dt": "1479217992", "direction": "0", "dep_dt": "1479218082", "route_id": "Red", "dwell_time_sec": "90"}, {"arr_dt": "1479218205", "direction": "0", "dep_dt": "1479218279", "route_id": "Red", "dwell_time_sec": "74"}, {"arr_dt": "1479218467", "direction": "0", "dep_dt": "1479218539", "route_id": "Red", "dwell_time_sec": "72"}, {"arr_dt": "1479218921", "direction": "0", "dep_dt": "1479219016", "route_id": "Red", "dwell_time_sec": "95"}, {"arr_dt": "1479219269", "direction": "0", "dep_dt": "1479219387", "route_id": "Red", "dwell_time_sec": "118"}, {"arr_dt": "1479219596", "direction": "0", "dep_dt": "1479219689", "route_id": "Red", "dwell_time_sec": "93"}, {"arr_dt": "1479220081", "direction": "0", "dep_dt": "1479220158", "route_id": "Red", "dwell_time_sec": "77"}, {"arr_dt": "1479220249", "direction": "0", "dep_dt": "1479220325", "route_id": "Red", "dwell_time_sec": "76"}, {"arr_dt": "1479220546", "direction": "0", "dep_dt": "1479220641", "route_id": "Red", "dwell_time_sec": "95"}, {"arr_dt": "1479220745", "direction": "0", "dep_dt": "1479220828", "route_id": "Red", "dwell_time_sec": "83"}, {"arr_dt": "1479221156", "direction": "0", "dep_dt": "1479221250", "route_id": "Red", "dwell_time_sec": "94"}, {"arr_dt": "1479221389", "direction": "0", "dep_dt": "1479221556", "route_id": "Red", "dwell_time_sec": "167"}, {"arr_dt": "1479221581", "direction": "0", "dep_dt": "1479221681", "route_id": "Red", "dwell_time_sec": "100"}, {"arr_dt": "1479221893", "direction": "0", "dep_dt": "1479221965", "route_id": "Red", "dwell_time_sec": "72"}, {"arr_dt": "1479222076", "direction": "0", "dep_dt": "1479222155", "route_id": "Red", "dwell_time_sec": "79"}, {"arr_dt": "1479222309", "direction": "0", "dep_dt": "1479222386", "route_id": "Red", "dwell_time_sec": "77"}, {"arr_dt": "1479222503", "direction": "0", "dep_dt": "1479222567", "route_id": "Red", "dwell_time_sec": "64"}, {"arr_dt": "1479222746", "direction": "0", "dep_dt": "1479222808", "route_id": "Red", "dwell_time_sec": "62"}, {"arr_dt": "1479222948", "direction": "0", "dep_dt": "1479223022", "route_id": "Red", "dwell_time_sec": "74"}, {"arr_dt": "1479223296", "direction": "0", "dep_dt": "1479223384", "route_id": "Red", "dwell_time_sec": "88"}, {"arr_dt": "1479223497", "direction": "0", "dep_dt": "1479223563", "route_id": "Red", "dwell_time_sec": "66"}, {"arr_dt": "1479223751", "direction": "0", "dep_dt": "1479223857", "route_id": "Red", "dwell_time_sec": "106"}, {"arr_dt": "1479223932", "direction": "0", "dep_dt": "1479224016", "route_id": "Red", "dwell_time_sec": "84"}, {"arr_dt": "1479224191", "direction": "0", "dep_dt": "1479224258", "route_id": "Red", "dwell_time_sec": "67"}, {"arr_dt": "1479224370", "direction": "0", "dep_dt": "1479224451", "route_id": "Red", "dwell_time_sec": "81"}, {"arr_dt": "1479224768", "direction": "0", "dep_dt": "1479224871", "route_id": "Red", "dwell_time_sec": "103"}, {"arr_dt": "1479225094", "direction": "0", "dep_dt": "1479225161", "route_id": "Red", "dwell_time_sec": "67"}, {"arr_dt": "1479225453", "direction": "0", "dep_dt": "1479225513", "route_id": "Red", "dwell_time_sec": "60"}, {"arr_dt": "1479225654", "direction": "0", "dep_dt": "1479225720", "route_id": "Red", "dwell_time_sec": "66"}, {"arr_dt": "1479226265", "direction": "0", "dep_dt": "1479226346", "route_id": "Red", "dwell_time_sec": "81"}, {"arr_dt": "1479226482", "direction": "0", "dep_dt": "1479226576", "route_id": "Red", "dwell_time_sec": "94"}, {"arr_dt": "1479226923", "direction": "0", "dep_dt": "1479226997", "route_id": "Red", "dwell_time_sec": "74"}, {"arr_dt": "1479227209", "direction": "0", "dep_dt": "1479227277", "route_id": "Red", "dwell_time_sec": "68"}, {"arr_dt": "1479227433", "direction": "0", "dep_dt": "1479227505", "route_id": "Red", "dwell_time_sec": "72"}, {"arr_dt": "1479227623", "direction": "0", "dep_dt": "1479227683", "route_id": "Red", "dwell_time_sec": "60"}, {"arr_dt": "1479228090", "direction": "0", "dep_dt": "1479228186", "route_id": "Red", "dwell_time_sec": "96"}, {"arr_dt": "1479228871", "direction": "0", "dep_dt": "1479228939", "route_id": "Red", "dwell_time_sec": "68"}, {"arr_dt": "1479229188", "direction": "0", "dep_dt": "1479229287", "route_id": "Red", "dwell_time_sec": "99"}, {"arr_dt": "1479229480", "direction": "0", "dep_dt": "1479229765", "route_id": "Red", "dwell_time_sec": "285"}, {"arr_dt": "1479230107", "direction": "0", "dep_dt": "1479230181", "route_id": "Red", "dwell_time_sec": "74"}, {"arr_dt": "1479230946", "direction": "0", "dep_dt": "1479231031", "route_id": "Red", "dwell_time_sec": "85"}, {"arr_dt": "1479231184", "direction": "0", "dep_dt": "1479231244", "route_id": "Red", "dwell_time_sec": "60"}, {"arr_dt": "1479231464", "direction": "0", "dep_dt": "1479231548", "route_id": "Red", "dwell_time_sec": "84"}, {"arr_dt": "1479231655", "direction": "0", "dep_dt": "1479231731", "route_id": "Red", "dwell_time_sec": "76"}, {"arr_dt": "1479232059", "direction": "0", "dep_dt": "1479232132", "route_id": "Red", "dwell_time_sec": "73"}, {"arr_dt": "1479232401", "direction": "0", "dep_dt": "1479232570", "route_id": "Red", "dwell_time_sec": "169"}, {"arr_dt": "1479232861", "direction": "0", "dep_dt": "1479232930", "route_id": "Red", "dwell_time_sec": "69"}, {"arr_dt": "1479233134", "direction": "0", "dep_dt": "1479233199", "route_id": "Red", "dwell_time_sec": "65"}, {"arr_dt": "1479233417", "direction": "0", "dep_dt": "1479233486", "route_id": "Red", "dwell_time_sec": "69"}, {"arr_dt": "1479234066", "direction": "0", "dep_dt": "1479234147", "route_id": "Red", "dwell_time_sec": "81"}, {"arr_dt": "1479234559", "direction": "0", "dep_dt": "1479234726", "route_id": "Red", "dwell_time_sec": "167"}, {"arr_dt": "1479234846", "direction": "0", "dep_dt": "1479234921", "route_id": "Red", "dwell_time_sec": "75"}, {"arr_dt": "1479236379", "direction": "0", "dep_dt": "1479236501", "route_id": "Red", "dwell_time_sec": "122"}, {"arr_dt": "1479236699", "direction": "0", "dep_dt": "1479236792", "route_id": "Red", "dwell_time_sec": "93"}, {"arr_dt": "1479237051", "direction": "0", "dep_dt": "1479237129", "route_id": "Red", "dwell_time_sec": "78"}, {"arr_dt": "1479237607", "direction": "0", "dep_dt": "1479237690", "route_id": "Red", "dwell_time_sec": "83"}, {"arr_dt": "1479238504", "direction": "0", "dep_dt": "1479238633", "route_id": "Red", "dwell_time_sec": "129"}, {"arr_dt": "1479238737", "direction": "0", "dep_dt": "1479238821", "route_id": "Red", "dwell_time_sec": "84"}, {"arr_dt": "1479239088", "direction": "0", "dep_dt": "1479239167", "route_id": "Red", "dwell_time_sec": "79"}, {"arr_dt": "1479239284", "direction": "0", "dep_dt": "1479239361", "route_id": "Red", "dwell_time_sec": "77"}, {"arr_dt": "1479239608", "direction": "0", "dep_dt": "1479239690", "route_id": "Red", "dwell_time_sec": "82"}, {"arr_dt": "1479240032", "direction": "0", "dep_dt": "1479240130", "route_id": "Red", "dwell_time_sec": "98"}, {"arr_dt": "1479240494", "direction": "0", "dep_dt": "1479240581", "route_id": "Red", "dwell_time_sec": "87"}, {"arr_dt": "1479240980", "direction": "0", "dep_dt": "1479241072", "route_id": "Red", "dwell_time_sec": "92"}, {"arr_dt": "1479241253", "direction": "0", "dep_dt": "1479241329", "route_id": "Red", "dwell_time_sec": "76"}, {"arr_dt": "1479241875", "direction": "0", "dep_dt": "1479242000", "route_id": "Red", "dwell_time_sec": "125"}, {"arr_dt": "1479242390", "direction": "0", "dep_dt": "1479242512", "route_id": "Red", "dwell_time_sec": "122"}, {"arr_dt": "1479242622", "direction": "0", "dep_dt": "1479242745", "route_id": "Red", "dwell_time_sec": "123"}, {"arr_dt": "1479242968", "direction": "0", "dep_dt": "1479243058", "route_id": "Red", "dwell_time_sec": "90"}, {"arr_dt": "1479243297", "direction": "0", "dep_dt": "1479243376", "route_id": "Red", "dwell_time_sec": "79"}, {"arr_dt": "1479243566", "direction": "0", "dep_dt": "1479243667", "route_id": "Red", "dwell_time_sec": "101"}, {"arr_dt": "1479244052", "direction": "0", "dep_dt": "1479244153", "route_id": "Red", "dwell_time_sec": "101"}, {"arr_dt": "1479244306", "direction": "0", "dep_dt": "1479244490", "route_id": "Red", "dwell_time_sec": "184"}, {"arr_dt": "1479244728", "direction": "0", "dep_dt": "1479244823", "route_id": "Red", "dwell_time_sec": "95"}, {"arr_dt": "1479245040", "direction": "0", "dep_dt": "1479245135", "route_id": "Red", "dwell_time_sec": "95"}, {"arr_dt": "1479245541", "direction": "0", "dep_dt": "1479245637", "route_id": "Red", "dwell_time_sec": "96"}, {"arr_dt": "1479246209", "direction": "0", "dep_dt": "1479246399", "route_id": "Red", "dwell_time_sec": "190"}, {"arr_dt": "1479246654", "direction": "0", "dep_dt": "1479246830", "route_id": "Red", "dwell_time_sec": "176"}, {"arr_dt": "1479246999", "direction": "0", "dep_dt": "1479248565", "route_id": "Red", "dwell_time_sec": "1566"}, {"arr_dt": "1479248809", "direction": "0", "dep_dt": "1479248997", "route_id": "Red", "dwell_time_sec": "188"}, {"arr_dt": "1479249381", "direction": "0", "dep_dt": "1479249558", "route_id": "Red", "dwell_time_sec": "177"}, {"arr_dt": "1479249754", "direction": "0", "dep_dt": "1479249979", "route_id": "Red", "dwell_time_sec": "225"}, {"arr_dt": "1479250128", "direction": "0", "dep_dt": "1479250333", "route_id": "Red", "dwell_time_sec": "205"}, {"arr_dt": "1479250688", "direction": "0", "dep_dt": "1479250881", "route_id": "Red", "dwell_time_sec": "193"}, {"arr_dt": "1479251060", "direction": "0", "dep_dt": "1479251184", "route_id": "Red", "dwell_time_sec": "124"}, {"arr_dt": "1479251541", "direction": "0", "dep_dt": "1479251657", "route_id": "Red", "dwell_time_sec": "116"}, {"arr_dt": "1479251795", "direction": "0", "dep_dt": "1479251929", "route_id": "Red", "dwell_time_sec": "134"}, {"arr_dt": "1479252075", "direction": "0", "dep_dt": "1479252177", "route_id": "Red", "dwell_time_sec": "102"}, {"arr_dt": "1479252425", "direction": "0", "dep_dt": "1479252527", "route_id": "Red", "dwell_time_sec": "102"}, {"arr_dt": "1479252641", "direction": "0", "dep_dt": "1479252747", "route_id": "Red", "dwell_time_sec": "106"}, {"arr_dt": "1479252860", "direction": "0", "dep_dt": "1479252982", "route_id": "Red", "dwell_time_sec": "122"}, {"arr_dt": "1479253089", "direction": "0", "dep_dt": "1479253183", "route_id": "Red", "dwell_time_sec": "94"}, {"arr_dt": "1479253306", "direction": "0", "dep_dt": "1479253402", "route_id": "Red", "dwell_time_sec": "96"}, {"arr_dt": "1479253522", "direction": "0", "dep_dt": "1479253602", "route_id": "Red", "dwell_time_sec": "80"}, {"arr_dt": "1479253712", "direction": "0", "dep_dt": "1479253784", "route_id": "Red", "dwell_time_sec": "72"}, {"arr_dt": "1479253925", "direction": "0", "dep_dt": "1479254001", "route_id": "Red", "dwell_time_sec": "76"}, {"arr_dt": "1479254126", "direction": "0", "dep_dt": "1479254214", "route_id": "Red", "dwell_time_sec": "88"}, {"arr_dt": "1479254340", "direction": "0", "dep_dt": "1479254415", "route_id": "Red", "dwell_time_sec": "75"}, {"arr_dt": "1479254566", "direction": "0", "dep_dt": "1479254662", "route_id": "Red", "dwell_time_sec": "96"}, {"arr_dt": "1479254812", "direction": "0", "dep_dt": "1479254903", "route_id": "Red", "dwell_time_sec": "91"}, {"arr_dt": "1479255285", "direction": "0", "dep_dt": "1479255429", "route_id": "Red", "dwell_time_sec": "144"}, {"arr_dt": "1479255585", "direction": "0", "dep_dt": "1479255695", "route_id": "Red", "dwell_time_sec": "110"}, {"arr_dt": "1479255928", "direction": "0", "dep_dt": "1479256017", "route_id": "Red", "dwell_time_sec": "89"}, {"arr_dt": "1479256452", "direction": "0", "dep_dt": "1479256544", "route_id": "Red", "dwell_time_sec": "92"}, {"arr_dt": "1479256710", "direction": "0", "dep_dt": "1479256784", "route_id": "Red", "dwell_time_sec": "74"}, {"arr_dt": "1479257302", "direction": "0", "dep_dt": "1479257409", "route_id": "Red", "dwell_time_sec": "107"}, {"arr_dt": "1479257954", "direction": "0", "dep_dt": "1479258029", "route_id": "Red", "dwell_time_sec": "75"}, {"arr_dt": "1479258385", "direction": "0", "dep_dt": "1479258491", "route_id": "Red", "dwell_time_sec": "106"}, {"arr_dt": "1479258598", "direction": "0", "dep_dt": "1479258677", "route_id": "Red", "dwell_time_sec": "79"}, {"arr_dt": "1479258861", "direction": "0", "dep_dt": "1479258927", "route_id": "Red", "dwell_time_sec": "66"}, {"arr_dt": "1479259432", "direction": "0", "dep_dt": "1479259502", "route_id": "Red", "dwell_time_sec": "70"}, {"arr_dt": "1479259667", "direction": "0", "dep_dt": "1479259724", "route_id": "Red", "dwell_time_sec": "57"}, {"arr_dt": "1479259876", "direction": "0", "dep_dt": "1479259957", "route_id": "Red", "dwell_time_sec": "81"}, {"arr_dt": "1479260094", "direction": "0", "dep_dt": "1479260167", "route_id": "Red", "dwell_time_sec": "73"}, {"arr_dt": "1479260290", "direction": "0", "dep_dt": "1479260349", "route_id": "Red", "dwell_time_sec": "59"}, {"arr_dt": "1479260494", "direction": "0", "dep_dt": "1479260552", "route_id": "Red", "dwell_time_sec": "58"}, {"arr_dt": "1479261064", "direction": "0", "dep_dt": "1479261135", "route_id": "Red", "dwell_time_sec": "71"}, {"arr_dt": "1479261588", "direction": "0", "dep_dt": "1479261659", "route_id": "Red", "dwell_time_sec": "71"}, {"arr_dt": "1479261924", "direction": "0", "dep_dt": "1479262001", "route_id": "Red", "dwell_time_sec": "77"}, {"arr_dt": "1479262284", "direction": "0", "dep_dt": "1479262353", "route_id": "Red", "dwell_time_sec": "69"}, {"arr_dt": "1479262619", "direction": "0", "dep_dt": "1479262688", "route_id": "Red", "dwell_time_sec": "69"}, {"arr_dt": "1479263144", "direction": "0", "dep_dt": "1479263402", "route_id": "Red", "dwell_time_sec": "258"}, {"arr_dt": "1479263408", "direction": "0", "dep_dt": "1479263591", "route_id": "Red", "dwell_time_sec": "183"}, {"arr_dt": "1479264248", "direction": "0", "dep_dt": "1479264324", "route_id": "Red", "dwell_time_sec": "76"}, {"arr_dt": "1479264479", "direction": "0", "dep_dt": "1479264556", "route_id": "Red", "dwell_time_sec": "77"}, {"arr_dt": "1479264874", "direction": "0", "dep_dt": "1479264944", "route_id": "Red", "dwell_time_sec": "70"}, {"arr_dt": "1479265156", "direction": "0", "dep_dt": "1479265219", "route_id": "Red", "dwell_time_sec": "63"}, {"arr_dt": "1479265377", "direction": "0", "dep_dt": "1479265435", "route_id": "Red", "dwell_time_sec": "58"}, {"arr_dt": "1479265769", "direction": "0", "dep_dt": "1479265846", "route_id": "Red", "dwell_time_sec": "77"}, {"arr_dt": "1479265963", "direction": "0", "dep_dt": "1479266023", "route_id": "Red", "dwell_time_sec": "60"}, {"arr_dt": "1479266456", "direction": "0", "dep_dt": "1479266532", "route_id": "Red", "dwell_time_sec": "76"}, {"arr_dt": "1479266854", "direction": "0", "dep_dt": "1479266941", "route_id": "Red", "dwell_time_sec": "87"}, {"arr_dt": "1479267399", "direction": "0", "dep_dt": "1479267503", "route_id": "Red", "dwell_time_sec": "104"}, {"arr_dt": "1479267808", "direction": "0", "dep_dt": "1479267891", "route_id": "Red", "dwell_time_sec": "83"}, {"arr_dt": "1479268212", "direction": "0", "dep_dt": "1479268304", "route_id": "Red", "dwell_time_sec": "92"}, {"arr_dt": "1479268752", "direction": "0", "dep_dt": "1479268831", "route_id": "Red", "dwell_time_sec": "79"}, {"arr_dt": "1479268985", "direction": "0", "dep_dt": "1479269058", "route_id": "Red", "dwell_time_sec": "73"}, {"arr_dt": "1479269192", "direction": "0", "dep_dt": "1479269264", "route_id": "Red", "dwell_time_sec": "72"}, {"arr_dt": "1479269532", "direction": "0", "dep_dt": "1479269602", "route_id": "Red", "dwell_time_sec": "70"}, {"arr_dt": "1479269853", "direction": "0", "dep_dt": "1479269925", "route_id": "Red", "dwell_time_sec": "72"}, {"arr_dt": "1479270231", "direction": "0", "dep_dt": "1479270327", "route_id": "Red", "dwell_time_sec": "96"}, {"arr_dt": "1479270425", "direction": "0", "dep_dt": "1479270502", "route_id": "Red", "dwell_time_sec": "77"}, {"arr_dt": "1479270751", "direction": "0", "dep_dt": "1479270825", "route_id": "Red", "dwell_time_sec": "74"}, {"arr_dt": "1479270946", "direction": "0", "dep_dt": "1479271027", "route_id": "Red", "dwell_time_sec": "81"}, {"arr_dt": "1479271341", "direction": "0", "dep_dt": "1479271423", "route_id": "Red", "dwell_time_sec": "82"}, {"arr_dt": "1479271577", "direction": "0", "dep_dt": "1479271636", "route_id": "Red", "dwell_time_sec": "59"}, {"arr_dt": "1479271979", "direction": "0", "dep_dt": "1479272046", "route_id": "Red", "dwell_time_sec": "67"}]}