{"dwell_times": [{"arr_dt": "1456721942", "direction": "0", "dep_dt": "1456722008", "route_id": "Red", "dwell_time_sec": "66"}, {"arr_dt": "1456722552", "direction": "0", "dep_dt": "1456722625", "route_id": "Red", "dwell_time_sec": "73"}, {"arr_dt": "1456722934", "direction": "0", "dep_dt": "1456723007", "route_id": "Red", "dwell_time_sec": "73"}, {"arr_dt": "1456723724", "direction": "0", "dep_dt": "1456723785", "route_id": "Red", "dwell_time_sec": "61"}, {"arr_dt": "1456723894", "direction": "0", "dep_dt": "1456723951", "route_id": "Red", "dwell_time_sec": "57"}, {"arr_dt": "1456724724", "direction": "0", "dep_dt": "1456726574", "route_id": "Red", "dwell_time_sec": "1850"}, {"arr_dt": "1456742060", "direction": "0", "dep_dt": "1456742140", "route_id": "Red", "dwell_time_sec": "80"}, {"arr_dt": "1456742629", "direction": "0", "dep_dt": "1456742688", "route_id": "Red", "dwell_time_sec": "59"}, {"arr_dt": "1456742994", "direction": "0", "dep_dt": "1456743065", "route_id": "Red", "dwell_time_sec": "71"}, {"arr_dt": "1456743346", "direction": "0", "dep_dt": "1456743406", "route_id": "Red", "dwell_time_sec": "60"}, {"arr_dt": "1456743815", "direction": "0", "dep_dt": "1456743879", "route_id": "Red", "dwell_time_sec": "64"}, {"arr_dt": "1456744341", "direction": "0", "dep_dt": "1456744641", "route_id": "Red", "dwell_time_sec": "300"}, {"arr_dt": "1456745078", "direction": "0", "dep_dt": "1456745140", "route_id": "Red", "dwell_time_sec": "62"}, {"arr_dt": "1456745418", "direction": "0", "dep_dt": "1456745482", "route_id": "Red", "dwell_time_sec": "64"}, {"arr_dt": "1456745729", "direction": "0", "dep_dt": "1456745818", "route_id": "Red", "dwell_time_sec": "89"}, {"arr_dt": "1456746076", "direction": "0", "dep_dt": "1456746166", "route_id": "Red", "dwell_time_sec": "90"}, {"arr_dt": "1456746300", "direction": "0", "dep_dt": "1456746360", "route_id": "Red", "dwell_time_sec": "60"}, {"arr_dt": "1456746712", "direction": "0", "dep_dt": "1456746782", "route_id": "Red", "dwell_time_sec": "70"}, {"arr_dt": "1456747033", "direction": "0", "dep_dt": "1456747103", "route_id": "Red", "dwell_time_sec": "70"}, {"arr_dt": "1456747424", "direction": "0", "dep_dt": "1456747493", "route_id": "Red", "dwell_time_sec": "69"}, {"arr_dt": "1456747822", "direction": "0", "dep_dt": "1456747898", "route_id": "Red", "dwell_time_sec": "76"}, {"arr_dt": "1456748164", "direction": "0", "dep_dt": "1456748245", "route_id": "Red", "dwell_time_sec": "81"}, {"arr_dt": "1456748345", "direction": "0", "dep_dt": "1456748418", "route_id": "Red", "dwell_time_sec": "73"}, {"arr_dt": "1456748621", "direction": "0", "dep_dt": "1456748695", "route_id": "Red", "dwell_time_sec": "74"}, {"arr_dt": "1456748827", "direction": "0", "dep_dt": "1456748904", "route_id": "Red", "dwell_time_sec": "77"}, {"arr_dt": "1456749202", "direction": "0", "dep_dt": "1456749283", "route_id": "Red", "dwell_time_sec": "81"}, {"arr_dt": "1456749459", "direction": "0", "dep_dt": "1456749533", "route_id": "Red", "dwell_time_sec": "74"}, {"arr_dt": "1456749747", "direction": "0", "dep_dt": "1456749822", "route_id": "Red", "dwell_time_sec": "75"}, {"arr_dt": "1456749934", "direction": "0", "dep_dt": "1456750007", "route_id": "Red", "dwell_time_sec": "73"}, {"arr_dt": "1456750109", "direction": "0", "dep_dt": "1456750182", "route_id": "Red", "dwell_time_sec": "73"}, {"arr_dt": "1456750280", "direction": "0", "dep_dt": "1456750363", "route_id": "Red", "dwell_time_sec": "83"}, {"arr_dt": "1456750517", "direction": "0", "dep_dt": "1456750617", "route_id": "Red", "dwell_time_sec": "100"}, {"arr_dt": "1456750780", "direction": "0", "dep_dt": "1456750847", "route_id": "Red", "dwell_time_sec": "67"}, {"arr_dt": "1456750967", "direction": "0", "dep_dt": "1456751049", "route_id": "Red", "dwell_time_sec": "82"}, {"arr_dt": "1456751179", "direction": "0", "dep_dt": "1456751288", "route_id": "Red", "dwell_time_sec": "109"}, {"arr_dt": "1456751357", "direction": "0", "dep_dt": "1456751455", "route_id": "Red", "dwell_time_sec": "98"}, {"arr_dt": "1456751538", "direction": "0", "dep_dt": "1456751618", "route_id": "Red", "dwell_time_sec": "80"}, {"arr_dt": "1456751725", "direction": "0", "dep_dt": "1456751846", "route_id": "Red", "dwell_time_sec": "121"}, {"arr_dt": "1456751984", "direction": "0", "dep_dt": "1456752106", "route_id": "Red", "dwell_time_sec": "122"}, {"arr_dt": "1456752435", "direction": "0", "dep_dt": "1456752557", "route_id": "Red", "dwell_time_sec": "122"}, {"arr_dt": "1456752671", "direction": "0", "dep_dt": "1456752767", "route_id": "Red", "dwell_time_sec": "96"}, {"arr_dt": "1456753026", "direction": "0", "dep_dt": "1456753123", "route_id": "Red", "dwell_time_sec": "97"}, {"arr_dt": "1456753238", "direction": "0", "dep_dt": "1456753344", "route_id": "Red", "dwell_time_sec": "106"}, {"arr_dt": "1456753479", "direction": "0", "dep_dt": "1456753606", "route_id": "Red", "dwell_time_sec": "127"}, {"arr_dt": "1456753698", "direction": "0", "dep_dt": "1456753796", "route_id": "Red", "dwell_time_sec": "98"}, {"arr_dt": "1456753938", "direction": "0", "dep_dt": "1456754027", "route_id": "Red", "dwell_time_sec": "89"}, {"arr_dt": "1456754105", "direction": "0", "dep_dt": "1456754183", "route_id": "Red", "dwell_time_sec": "78"}, {"arr_dt": "1456754452", "direction": "0", "dep_dt": "1456754567", "route_id": "Red", "dwell_time_sec": "115"}, {"arr_dt": "1456754645", "direction": "0", "dep_dt": "1456754740", "route_id": "Red", "dwell_time_sec": "95"}, {"arr_dt": "1456754854", "direction": "0", "dep_dt": "1456754944", "route_id": "Red", "dwell_time_sec": "90"}, {"arr_dt": "1456755033", "direction": "0", "dep_dt": "1456755123", "route_id": "Red", "dwell_time_sec": "90"}, {"arr_dt": "1456755240", "direction": "0", "dep_dt": "1456755319", "route_id": "Red", "dwell_time_sec": "79"}, {"arr_dt": "1456755421", "direction": "0", "dep_dt": "1456755507", "route_id": "Red", "dwell_time_sec": "86"}, {"arr_dt": "1456755853", "direction": "0", "dep_dt": "1456755940", "route_id": "Red", "dwell_time_sec": "87"}, {"arr_dt": "1456756044", "direction": "0", "dep_dt": "1456756124", "route_id": "Red", "dwell_time_sec": "80"}, {"arr_dt": "1456756405", "direction": "0", "dep_dt": "1456756508", "route_id": "Red", "dwell_time_sec": "103"}, {"arr_dt": "1456756586", "direction": "0", "dep_dt": "1456756672", "route_id": "Red", "dwell_time_sec": "86"}, {"arr_dt": "1456756776", "direction": "0", "dep_dt": "1456756847", "route_id": "Red", "dwell_time_sec": "71"}, {"arr_dt": "1456757000", "direction": "0", "dep_dt": "1456757061", "route_id": "Red", "dwell_time_sec": "61"}, {"arr_dt": "1456757172", "direction": "0", "dep_dt": "1456757264", "route_id": "Red", "dwell_time_sec": "92"}, {"arr_dt": "1456757513", "direction": "0", "dep_dt": "1456757580", "route_id": "Red", "dwell_time_sec": "67"}, {"arr_dt": "1456757774", "direction": "0", "dep_dt": "1456757835", "route_id": "Red", "dwell_time_sec": "61"}, {"arr_dt": "1456758009", "direction": "0", "dep_dt": "1456758079", "route_id": "Red", "dwell_time_sec": "70"}, {"arr_dt": "1456758179", "direction": "0", "dep_dt": "1456758247", "route_id": "Red", "dwell_time_sec": "68"}, {"arr_dt": "1456758372", "direction": "0", "dep_dt": "1456758455", "route_id": "Red", "dwell_time_sec": "83"}, {"arr_dt": "1456758562", "direction": "0", "dep_dt": "1456758632", "route_id": "Red", "dwell_time_sec": "70"}, {"arr_dt": "1456758857", "direction": "0", "dep_dt": "1456758934", "route_id": "Red", "dwell_time_sec": "77"}, {"arr_dt": "1456759044", "direction": "0", "dep_dt": "1456759121", "route_id": "Red", "dwell_time_sec": "77"}, {"arr_dt": "1456759265", "direction": "0", "dep_dt": "1456759345", "route_id": "Red", "dwell_time_sec": "80"}, {"arr_dt": "1456759497", "direction": "0", "dep_dt": "1456759563", "route_id": "Red", "dwell_time_sec": "66"}, {"arr_dt": "1456759824", "direction": "0", "dep_dt": "1456759941", "route_id": "Red", "dwell_time_sec": "117"}, {"arr_dt": "1456760029", "direction": "0", "dep_dt": "1456760101", "route_id": "Red", "dwell_time_sec": "72"}, {"arr_dt": "1456760270", "direction": "0", "dep_dt": "1456760332", "route_id": "Red", "dwell_time_sec": "62"}, {"arr_dt": "1456760461", "direction": "0", "dep_dt": "1456760567", "route_id": "Red", "dwell_time_sec": "106"}, {"arr_dt": "1456760944", "direction": "0", "dep_dt": "1456761049", "route_id": "Red", "dwell_time_sec": "105"}, {"arr_dt": "1456761310", "direction": "0", "dep_dt": "1456761465", "route_id": "Red", "dwell_time_sec": "155"}, {"arr_dt": "1456761872", "direction": "0", "dep_dt": "1456761986", "route_id": "Red", "dwell_time_sec": "114"}, {"arr_dt": "1456762066", "direction": "0", "dep_dt": "1456762144", "route_id": "Red", "dwell_time_sec": "78"}, {"arr_dt": "1456762510", "direction": "0", "dep_dt": "1456762573", "route_id": "Red", "dwell_time_sec": "63"}, {"arr_dt": "1456763276", "direction": "0", "dep_dt": "1456763353", "route_id": "Red", "dwell_time_sec": "77"}, {"arr_dt": "1456763516", "direction": "0", "dep_dt": "1456763596", "route_id": "Red", "dwell_time_sec": "80"}, {"arr_dt": "1456763684", "direction": "0", "dep_dt": "1456763784", "route_id": "Red", "dwell_time_sec": "100"}, {"arr_dt": "1456763974", "direction": "0", "dep_dt": "1456764057", "route_id": "Red", "dwell_time_sec": "83"}, {"arr_dt": "1456764291", "direction": "0", "dep_dt": "1456764357", "route_id": "Red", "dwell_time_sec": "66"}, {"arr_dt": "1456764621", "direction": "0", "dep_dt": "1456764692", "route_id": "Red", "dwell_time_sec": "71"}, {"arr_dt": "1456764803", "direction": "0", "dep_dt": "1456764885", "route_id": "Red", "dwell_time_sec": "82"}, {"arr_dt": "1456765332", "direction": "0", "dep_dt": "1456765637", "route_id": "Red", "dwell_time_sec": "305"}, {"arr_dt": "1456765719", "direction": "0", "dep_dt": "1456765812", "route_id": "Red", "dwell_time_sec": "93"}, {"arr_dt": "1456766154", "direction": "0", "dep_dt": "1456766228", "route_id": "Red", "dwell_time_sec": "74"}, {"arr_dt": "1456766508", "direction": "0", "dep_dt": "1456766571", "route_id": "Red", "dwell_time_sec": "63"}, {"arr_dt": "1456767060", "direction": "0", "dep_dt": "1456767155", "route_id": "Red", "dwell_time_sec": "95"}, {"arr_dt": "1456767425", "direction": "0", "dep_dt": "1456767496", "route_id": "Red", "dwell_time_sec": "71"}, {"arr_dt": "1456767782", "direction": "0", "dep_dt": "1456767845", "route_id": "Red", "dwell_time_sec": "63"}, {"arr_dt": "1456768554", "direction": "0", "dep_dt": "1456768635", "route_id": "Red", "dwell_time_sec": "81"}, {"arr_dt": "1456768814", "direction": "0", "dep_dt": "1456768878", "route_id": "Red", "dwell_time_sec": "64"}, {"arr_dt": "1456769813", "direction": "0", "dep_dt": "1456769901", "route_id": "Red", "dwell_time_sec": "88"}, {"arr_dt": "1456770080", "direction": "0", "dep_dt": "1456770169", "route_id": "Red", "dwell_time_sec": "89"}, {"arr_dt": "1456770563", "direction": "0", "dep_dt": "1456770648", "route_id": "Red", "dwell_time_sec": "85"}, {"arr_dt": "1456770951", "direction": "0", "dep_dt": "1456771132", "route_id": "Red", "dwell_time_sec": "181"}, {"arr_dt": "1456771218", "direction": "0", "dep_dt": "1456771304", "route_id": "Red", "dwell_time_sec": "86"}, {"arr_dt": "1456771438", "direction": "0", "dep_dt": "1456771512", "route_id": "Red", "dwell_time_sec": "74"}, {"arr_dt": "1456771634", "direction": "0", "dep_dt": "1456771696", "route_id": "Red", "dwell_time_sec": "62"}, {"arr_dt": "1456772028", "direction": "0", "dep_dt": "1456772096", "route_id": "Red", "dwell_time_sec": "68"}, {"arr_dt": "1456772597", "direction": "0", "dep_dt": "1456772665", "route_id": "Red", "dwell_time_sec": "68"}, {"arr_dt": "1456773058", "direction": "0", "dep_dt": "1456773128", "route_id": "Red", "dwell_time_sec": "70"}, {"arr_dt": "1456773262", "direction": "0", "dep_dt": "1456773446", "route_id": "Red", "dwell_time_sec": "184"}, {"arr_dt": "1456773732", "direction": "0", "dep_dt": "1456773809", "route_id": "Red", "dwell_time_sec": "77"}, {"arr_dt": "1456774295", "direction": "0", "dep_dt": "1456774397", "route_id": "Red", "dwell_time_sec": "102"}, {"arr_dt": "1456774682", "direction": "0", "dep_dt": "1456774770", "route_id": "Red", "dwell_time_sec": "88"}, {"arr_dt": "1456775342", "direction": "0", "dep_dt": "1456775433", "route_id": "Red", "dwell_time_sec": "91"}, {"arr_dt": "1456775711", "direction": "0", "dep_dt": "1456775785", "route_id": "Red", "dwell_time_sec": "74"}, {"arr_dt": "1456776046", "direction": "0", "dep_dt": "1456776252", "route_id": "Red", "dwell_time_sec": "206"}, {"arr_dt": "1456776579", "direction": "0", "dep_dt": "1456776669", "route_id": "Red", "dwell_time_sec": "90"}, {"arr_dt": "1456776858", "direction": "0", "dep_dt": "1456776927", "route_id": "Red", "dwell_time_sec": "69"}, {"arr_dt": "1456777024", "direction": "0", "dep_dt": "1456777115", "route_id": "Red", "dwell_time_sec": "91"}, {"arr_dt": "1456777317", "direction": "0", "dep_dt": "1456777388", "route_id": "Red", "dwell_time_sec": "71"}, {"arr_dt": "1456777926", "direction": "0", "dep_dt": "1456778041", "route_id": "Red", "dwell_time_sec": "115"}, {"arr_dt": "1456778158", "direction": "0", "dep_dt": "1456778255", "route_id": "Red", "dwell_time_sec": "97"}, {"arr_dt": "1456778339", "direction": "0", "dep_dt": "1456778414", "route_id": "Red", "dwell_time_sec": "75"}, {"arr_dt": "1456778772", "direction": "0", "dep_dt": "1456778854", "route_id": "Red", "dwell_time_sec": "82"}, {"arr_dt": "1456779569", "direction": "0", "dep_dt": "1456779692", "route_id": "Red", "dwell_time_sec": "123"}, {"arr_dt": "1456779839", "direction": "0", "dep_dt": "1456779914", "route_id": "Red", "dwell_time_sec": "75"}, {"arr_dt": "1456780125", "direction": "0", "dep_dt": "1456780225", "route_id": "Red", "dwell_time_sec": "100"}, {"arr_dt": "1456780432", "direction": "0", "dep_dt": "1456780512", "route_id": "Red", "dwell_time_sec": "80"}, {"arr_dt": "1456780813", "direction": "0", "dep_dt": "1456780897", "route_id": "Red", "dwell_time_sec": "84"}, {"arr_dt": "1456781123", "direction": "0", "dep_dt": "1456781202", "route_id": "Red", "dwell_time_sec": "79"}, {"arr_dt": "1456781339", "direction": "0", "dep_dt": "1456781449", "route_id": "Red", "dwell_time_sec": "110"}, {"arr_dt": "1456781627", "direction": "0", "dep_dt": "1456781700", "route_id": "Red", "dwell_time_sec": "73"}, {"arr_dt": "1456782082", "direction": "0", "dep_dt": "1456782308", "route_id": "Red", "dwell_time_sec": "226"}, {"arr_dt": "1456782340", "direction": "0", "dep_dt": "1456782444", "route_id": "Red", "dwell_time_sec": "104"}, {"arr_dt": "1456782583", "direction": "0", "dep_dt": "1456782656", "route_id": "Red", "dwell_time_sec": "73"}, {"arr_dt": "1456782914", "direction": "0", "dep_dt": "1456783028", "route_id": "Red", "dwell_time_sec": "114"}, {"arr_dt": "1456783103", "direction": "0", "dep_dt": "1456783189", "route_id": "Red", "dwell_time_sec": "86"}, {"arr_dt": "1456783388", "direction": "0", "dep_dt": "1456783465", "route_id": "Red", "dwell_time_sec": "77"}, {"arr_dt": "1456783590", "direction": "0", "dep_dt": "1456783680", "route_id": "Red", "dwell_time_sec": "90"}, {"arr_dt": "1456783795", "direction": "0", "dep_dt": "1456783888", "route_id": "Red", "dwell_time_sec": "93"}, {"arr_dt": "1456784009", "direction": "0", "dep_dt": "1456784129", "route_id": "Red", "dwell_time_sec": "120"}, {"arr_dt": "1456784221", "direction": "0", "dep_dt": "1456784332", "route_id": "Red", "dwell_time_sec": "111"}, {"arr_dt": "1456784450", "direction": "0", "dep_dt": "1456784543", "route_id": "Red", "dwell_time_sec": "93"}, {"arr_dt": "1456784762", "direction": "0", "dep_dt": "1456784865", "route_id": "Red", "dwell_time_sec": "103"}, {"arr_dt": "1456784954", "direction": "0", "dep_dt": "1456785035", "route_id": "Red", "dwell_time_sec": "81"}, {"arr_dt": "1456785183", "direction": "0", "dep_dt": "1456785274", "route_id": "Red", "dwell_time_sec": "91"}, {"arr_dt": "1456785365", "direction": "0", "dep_dt": "1456785484", "route_id": "Red", "dwell_time_sec": "119"}, {"arr_dt": "1456785565", "direction": "0", "dep_dt": "1456785674", "route_id": "Red", "dwell_time_sec": "109"}, {"arr_dt": "1456785751", "direction": "0", "dep_dt": "1456785853", "route_id": "Red", "dwell_time_sec": "102"}, {"arr_dt": "1456785992", "direction": "0", "dep_dt": "1456786107", "route_id": "Red", "dwell_time_sec": "115"}, {"arr_dt": "1456786296", "direction": "0", "dep_dt": "1456786388", "route_id": "Red", "dwell_time_sec": "92"}, {"arr_dt": "1456786677", "direction": "0", "dep_dt": "1456786755", "route_id": "Red", "dwell_time_sec": "78"}, {"arr_dt": "1456786945", "direction": "0", "dep_dt": "1456787018", "route_id": "Red", "dwell_time_sec": "73"}, {"arr_dt": "1456787126", "direction": "0", "dep_dt": "1456787205", "route_id": "Red", "dwell_time_sec": "79"}, {"arr_dt": "1456787426", "direction": "0", "dep_dt": "1456787507", "route_id": "Red", "dwell_time_sec": "81"}, {"arr_dt": "1456787626", "direction": "0", "dep_dt": "1456787708", "route_id": "Red", "dwell_time_sec": "82"}, {"arr_dt": "1456787838", "direction": "0", "dep_dt": "1456787928", "route_id": "Red", "dwell_time_sec": "90"}, {"arr_dt": "1456788267", "direction": "0", "dep_dt": "1456788363", "route_id": "Red", "dwell_time_sec": "96"}, {"arr_dt": "1456788549", "direction": "0", "dep_dt": "1456788629", "route_id": "Red", "dwell_time_sec": "80"}, {"arr_dt": "1456788747", "direction": "0", "dep_dt": "1456788848", "route_id": "Red", "dwell_time_sec": "101"}, {"arr_dt": "1456789162", "direction": "0", "dep_dt": "1456789246", "route_id": "Red", "dwell_time_sec": "84"}, {"arr_dt": "1456789342", "direction": "0", "dep_dt": "1456789427", "route_id": "Red", "dwell_time_sec": "85"}, {"arr_dt": "1456789987", "direction": "0", "dep_dt": "1456790054", "route_id": "Red", "dwell_time_sec": "67"}, {"arr_dt": "1456790245", "direction": "0", "dep_dt": "1456790319", "route_id": "Red", "dwell_time_sec": "74"}, {"arr_dt": "1456790493", "direction": "0", "dep_dt": "1456790572", "route_id": "Red", "dwell_time_sec": "79"}, {"arr_dt": "1456790744", "direction": "0", "dep_dt": "1456790853", "route_id": "Red", "dwell_time_sec": "109"}, {"arr_dt": "1456790961", "direction": "0", "dep_dt": "1456791048", "route_id": "Red", "dwell_time_sec": "87"}, {"arr_dt": "1456791196", "direction": "0", "dep_dt": "1456791263", "route_id": "Red", "dwell_time_sec": "67"}, {"arr_dt": "1456791926", "direction": "0", "dep_dt": "1456792030", "route_id": "Red", "dwell_time_sec": "104"}, {"arr_dt": "1456792141", "direction": "0", "dep_dt": "1456792225", "route_id": "Red", "dwell_time_sec": "84"}, {"arr_dt": "1456792568", "direction": "0", "dep_dt": "1456792645", "route_id": "Red", "dwell_time_sec": "77"}, {"arr_dt": "1456792821", "direction": "0", "dep_dt": "1456792882", "route_id": "Red", "dwell_time_sec": "61"}, {"arr_dt": "1456792982", "direction": "0", "dep_dt": "1456793052", "route_id": "Red", "dwell_time_sec": "70"}, {"arr_dt": "1456793373", "direction": "0", "dep_dt": "1456793451", "route_id": "Red", "dwell_time_sec": "78"}, {"arr_dt": "1456793552", "direction": "0", "dep_dt": "1456793632", "route_id": "Red", "dwell_time_sec": "80"}, {"arr_dt": "1456793797", "direction": "0", "dep_dt": "1456793858", "route_id": "Red", "dwell_time_sec": "61"}, {"arr_dt": "1456793999", "direction": "0", "dep_dt": "1456794070", "route_id": "Red", "dwell_time_sec": "71"}, {"arr_dt": "1456794269", "direction": "0", "dep_dt": "1456794336", "route_id": "Red", "dwell_time_sec": "67"}, {"arr_dt": "1456794443", "direction": "0", "dep_dt": "1456794520", "route_id": "Red", "dwell_time_sec": "77"}, {"arr_dt": "1456794752", "direction": "0", "dep_dt": "1456794856", "route_id": "Red", "dwell_time_sec": "104"}, {"arr_dt": "1456794941", "direction": "0", "dep_dt": "1456795028", "route_id": "Red", "dwell_time_sec": "87"}, {"arr_dt": "1456795113", "direction": "0", "dep_dt": "1456795176", "route_id": "Red", "dwell_time_sec": "63"}, {"arr_dt": "1456795297", "direction": "0", "dep_dt": "1456795367", "route_id": "Red", "dwell_time_sec": "70"}, {"arr_dt": "1456795538", "direction": "0", "dep_dt": "1456795614", "route_id": "Red", "dwell_time_sec": "76"}, {"arr_dt": "1456795734", "direction": "0", "dep_dt": "1456795793", "route_id": "Red", "dwell_time_sec": "59"}, {"arr_dt": "1456796263", "direction": "0", "dep_dt": "1456796333", "route_id": "Red", "dwell_time_sec": "70"}, {"arr_dt": "1456796624", "direction": "0", "dep_dt": "1456796687", "route_id": "Red", "dwell_time_sec": "63"}, {"arr_dt": "1456796943", "direction": "0", "dep_dt": "1456797002", "route_id": "Red", "dwell_time_sec": "59"}, {"arr_dt": "1456797193", "direction": "0", "dep_dt": "1456797265", "route_id": "Red", "dwell_time_sec": "72"}, {"arr_dt": "1456797849", "direction": "0", "dep_dt": "1456797936", "route_id": "Red", "dwell_time_sec": "87"}, {"arr_dt": "1456798329", "direction": "0", "dep_dt": "1456798393", "route_id": "Red", "dwell_time_sec": "64"}, {"arr_dt": "1456798591", "direction": "0", "dep_dt": "1456798659", "route_id": "Red", "dwell_time_sec": "68"}, {"arr_dt": "1456798861", "direction": "0", "dep_dt": "1456798938", "route_id": "Red", "dwell_time_sec": "77"}, {"arr_dt": "1456799131", "direction": "0", "dep_dt": "1456799192", "route_id": "Red", "dwell_time_sec": "61"}, {"arr_dt": "1456799473", "direction": "0", "dep_dt": "1456799548", "route_id": "Red", "dwell_time_sec": "75"}, {"arr_dt": "1456800128", "direction": "0", "dep_dt": "1456800208", "route_id": "Red", "dwell_time_sec": "80"}, {"arr_dt": "1456800308", "direction": "0", "dep_dt": "1456800387", "route_id": "Red", "dwell_time_sec": "79"}, {"arr_dt": "1456800695", "direction": "0", "dep_dt": "1456800763", "route_id": "Red", "dwell_time_sec": "68"}, {"arr_dt": "1456800973", "direction": "0", "dep_dt": "1456801034", "route_id": "Red", "dwell_time_sec": "61"}, {"arr_dt": "1456801439", "direction": "0", "dep_dt": "1456801502", "route_id": "Red", "dwell_time_sec": "63"}, {"arr_dt": "1456801691", "direction": "0", "dep_dt": "1456801762", "route_id": "Red", "dwell_time_sec": "71"}, {"arr_dt": "1456802132", "direction": "0", "dep_dt": "1456802197", "route_id": "Red", "dwell_time_sec": "65"}, {"arr_dt": "1456802388", "direction": "0", "dep_dt": "1456802460", "route_id": "Red", "dwell_time_sec": "72"}, {"arr_dt": "1456803052", "direction": "0", "dep_dt": "1456803152", "route_id": "Red", "dwell_time_sec": "100"}, {"arr_dt": "1456803502", "direction": "0", "dep_dt": "1456803578", "route_id": "Red", "dwell_time_sec": "76"}, {"arr_dt": "1456803818", "direction": "0", "dep_dt": "1456803891", "route_id": "Red", "dwell_time_sec": "73"}, {"arr_dt": "1456804007", "direction": "0", "dep_dt": "1456804075", "route_id": "Red", "dwell_time_sec": "68"}, {"arr_dt": "1456804261", "direction": "0", "dep_dt": "1456804324", "route_id": "Red", "dwell_time_sec": "63"}, {"arr_dt": "1456804597", "direction": "0", "dep_dt": "1456804653", "route_id": "Red", "dwell_time_sec": "56"}, {"arr_dt": "1456805107", "direction": "0", "dep_dt": "1456805187", "route_id": "Red", "dwell_time_sec": "80"}, {"arr_dt": "1456805432", "direction": "0", "dep_dt": "1456805505", "route_id": "Red", "dwell_time_sec": "73"}, {"arr_dt": "1456805820", "direction": "0", "dep_dt": "1456805898", "route_id": "Red", "dwell_time_sec": "78"}, {"arr_dt": "1456806013", "direction": "0", "dep_dt": "1456806076", "route_id": "Red", "dwell_time_sec": "63"}, {"arr_dt": "1456806344", "direction": "0", "dep_dt": "1456806403", "route_id": "Red", "dwell_time_sec": "59"}, {"arr_dt": "1456806945", "direction": "0", "dep_dt": "1456807002", "route_id": "Red", "dwell_time_sec": "57"}, {"arr_dt": "1456807208", "direction": "0", "dep_dt": "1456807288", "route_id": "Red", "dwell_time_sec": "80"}, {"arr_dt": "1456807438", "direction": "0", "dep_dt": "1456807492", "route_id": "Red", "dwell_time_sec": "54"}, {"arr_dt": "1456807999", "direction": "0", "dep_dt": "1456808062", "route_id": "Red", "dwell_time_sec": "63"}]}