{"dwell_times": [{"arr_dt": "1461470445", "direction": "0", "dep_dt": "1461470517", "route_id": "Red", "dwell_time_sec": "72"}, {"arr_dt": "1461470921", "direction": "0", "dep_dt": "1461470996", "route_id": "Red", "dwell_time_sec": "75"}, {"arr_dt": "1461471518", "direction": "0", "dep_dt": "1461471588", "route_id": "Red", "dwell_time_sec": "70"}, {"arr_dt": "1461472068", "direction": "0", "dep_dt": "1461472147", "route_id": "Red", "dwell_time_sec": "79"}, {"arr_dt": "1461472652", "direction": "0", "dep_dt": "1461472720", "route_id": "Red", "dwell_time_sec": "68"}, {"arr_dt": "1461473961", "direction": "0", "dep_dt": "1461474021", "route_id": "Red", "dwell_time_sec": "60"}, {"arr_dt": "1461493108", "direction": "0", "dep_dt": "1461493182", "route_id": "Red", "dwell_time_sec": "74"}, {"arr_dt": "1461493804", "direction": "0", "dep_dt": "1461493873", "route_id": "Red", "dwell_time_sec": "69"}, {"arr_dt": "1461494564", "direction": "0", "dep_dt": "1461494633", "route_id": "Red", "dwell_time_sec": "69"}, {"arr_dt": "1461495466", "direction": "0", "dep_dt": "1461495523", "route_id": "Red", "dwell_time_sec": "57"}, {"arr_dt": "1461495993", "direction": "0", "dep_dt": "1461496054", "route_id": "Red", "dwell_time_sec": "61"}, {"arr_dt": "1461496623", "direction": "0", "dep_dt": "1461496696", "route_id": "Red", "dwell_time_sec": "73"}, {"arr_dt": "1461497119", "direction": "0", "dep_dt": "1461497196", "route_id": "Red", "dwell_time_sec": "77"}, {"arr_dt": "1461497630", "direction": "0", "dep_dt": "1461497709", "route_id": "Red", "dwell_time_sec": "79"}, {"arr_dt": "1461498314", "direction": "0", "dep_dt": "1461498398", "route_id": "Red", "dwell_time_sec": "84"}, {"arr_dt": "1461499089", "direction": "0", "dep_dt": "1461499166", "route_id": "Red", "dwell_time_sec": "77"}, {"arr_dt": "1461499642", "direction": "0", "dep_dt": "1461499708", "route_id": "Red", "dwell_time_sec": "66"}, {"arr_dt": "1461500164", "direction": "0", "dep_dt": "1461500248", "route_id": "Red", "dwell_time_sec": "84"}, {"arr_dt": "1461500681", "direction": "0", "dep_dt": "1461500741", "route_id": "Red", "dwell_time_sec": "60"}, {"arr_dt": "1461501326", "direction": "0", "dep_dt": "1461501387", "route_id": "Red", "dwell_time_sec": "61"}, {"arr_dt": "1461501872", "direction": "0", "dep_dt": "1461501932", "route_id": "Red", "dwell_time_sec": "60"}, {"arr_dt": "1461502590", "direction": "0", "dep_dt": "1461502698", "route_id": "Red", "dwell_time_sec": "108"}, {"arr_dt": "1461503144", "direction": "0", "dep_dt": "1461503216", "route_id": "Red", "dwell_time_sec": "72"}, {"arr_dt": "1461503792", "direction": "0", "dep_dt": "1461503903", "route_id": "Red", "dwell_time_sec": "111"}, {"arr_dt": "1461504280", "direction": "0", "dep_dt": "1461504345", "route_id": "Red", "dwell_time_sec": "65"}, {"arr_dt": "1461505279", "direction": "0", "dep_dt": "1461505544", "route_id": "Red", "dwell_time_sec": "265"}, {"arr_dt": "1461505771", "direction": "0", "dep_dt": "1461505830", "route_id": "Red", "dwell_time_sec": "59"}, {"arr_dt": "1461506332", "direction": "0", "dep_dt": "1461506426", "route_id": "Red", "dwell_time_sec": "94"}, {"arr_dt": "1461506938", "direction": "0", "dep_dt": "1461507039", "route_id": "Red", "dwell_time_sec": "101"}, {"arr_dt": "1461507428", "direction": "0", "dep_dt": "1461507517", "route_id": "Red", "dwell_time_sec": "89"}, {"arr_dt": "1461508017", "direction": "0", "dep_dt": "1461508093", "route_id": "Red", "dwell_time_sec": "76"}, {"arr_dt": "1461508601", "direction": "0", "dep_dt": "1461508738", "route_id": "Red", "dwell_time_sec": "137"}, {"arr_dt": "1461509160", "direction": "0", "dep_dt": "1461509238", "route_id": "Red", "dwell_time_sec": "78"}, {"arr_dt": "1461509846", "direction": "0", "dep_dt": "1461509952", "route_id": "Red", "dwell_time_sec": "106"}, {"arr_dt": "1461510339", "direction": "0", "dep_dt": "1461510413", "route_id": "Red", "dwell_time_sec": "74"}, {"arr_dt": "1461511718", "direction": "0", "dep_dt": "1461511855", "route_id": "Red", "dwell_time_sec": "137"}, {"arr_dt": "1461511993", "direction": "0", "dep_dt": "1461512086", "route_id": "Red", "dwell_time_sec": "93"}, {"arr_dt": "1461512554", "direction": "0", "dep_dt": "1461512668", "route_id": "Red", "dwell_time_sec": "114"}, {"arr_dt": "1461513139", "direction": "0", "dep_dt": "1461513243", "route_id": "Red", "dwell_time_sec": "104"}, {"arr_dt": "1461513746", "direction": "0", "dep_dt": "1461513829", "route_id": "Red", "dwell_time_sec": "83"}, {"arr_dt": "1461514283", "direction": "0", "dep_dt": "1461514363", "route_id": "Red", "dwell_time_sec": "80"}, {"arr_dt": "1461514847", "direction": "0", "dep_dt": "1461514934", "route_id": "Red", "dwell_time_sec": "87"}, {"arr_dt": "1461515462", "direction": "0", "dep_dt": "1461515536", "route_id": "Red", "dwell_time_sec": "74"}, {"arr_dt": "1461515880", "direction": "0", "dep_dt": "1461515962", "route_id": "Red", "dwell_time_sec": "82"}, {"arr_dt": "1461516781", "direction": "0", "dep_dt": "1461516891", "route_id": "Red", "dwell_time_sec": "110"}, {"arr_dt": "1461517344", "direction": "0", "dep_dt": "1461517429", "route_id": "Red", "dwell_time_sec": "85"}, {"arr_dt": "1461517860", "direction": "0", "dep_dt": "1461517936", "route_id": "Red", "dwell_time_sec": "76"}, {"arr_dt": "1461518529", "direction": "0", "dep_dt": "1461518635", "route_id": "Red", "dwell_time_sec": "106"}, {"arr_dt": "1461519055", "direction": "0", "dep_dt": "1461519134", "route_id": "Red", "dwell_time_sec": "79"}, {"arr_dt": "1461519539", "direction": "0", "dep_dt": "1461519610", "route_id": "Red", "dwell_time_sec": "71"}, {"arr_dt": "1461520207", "direction": "0", "dep_dt": "1461520295", "route_id": "Red", "dwell_time_sec": "88"}, {"arr_dt": "1461520835", "direction": "0", "dep_dt": "1461520940", "route_id": "Red", "dwell_time_sec": "105"}, {"arr_dt": "1461521275", "direction": "0", "dep_dt": "1461521342", "route_id": "Red", "dwell_time_sec": "67"}, {"arr_dt": "1461521913", "direction": "0", "dep_dt": "1461521994", "route_id": "Red", "dwell_time_sec": "81"}, {"arr_dt": "1461522656", "direction": "0", "dep_dt": "1461522750", "route_id": "Red", "dwell_time_sec": "94"}, {"arr_dt": "1461523435", "direction": "0", "dep_dt": "1461523529", "route_id": "Red", "dwell_time_sec": "94"}, {"arr_dt": "1461523909", "direction": "0", "dep_dt": "1461523983", "route_id": "Red", "dwell_time_sec": "74"}, {"arr_dt": "1461524577", "direction": "0", "dep_dt": "1461524664", "route_id": "Red", "dwell_time_sec": "87"}, {"arr_dt": "1461525166", "direction": "0", "dep_dt": "1461525278", "route_id": "Red", "dwell_time_sec": "112"}, {"arr_dt": "1461525637", "direction": "0", "dep_dt": "1461525718", "route_id": "Red", "dwell_time_sec": "81"}, {"arr_dt": "1461526146", "direction": "0", "dep_dt": "1461526315", "route_id": "Red", "dwell_time_sec": "169"}, {"arr_dt": "1461527401", "direction": "0", "dep_dt": "1461527492", "route_id": "Red", "dwell_time_sec": "91"}, {"arr_dt": "1461528236", "direction": "0", "dep_dt": "1461528320", "route_id": "Red", "dwell_time_sec": "84"}, {"arr_dt": "1461528662", "direction": "0", "dep_dt": "1461528733", "route_id": "Red", "dwell_time_sec": "71"}, {"arr_dt": "1461529224", "direction": "0", "dep_dt": "1461529308", "route_id": "Red", "dwell_time_sec": "84"}, {"arr_dt": "1461529831", "direction": "0", "dep_dt": "1461529906", "route_id": "Red", "dwell_time_sec": "75"}, {"arr_dt": "1461530625", "direction": "0", "dep_dt": "1461530731", "route_id": "Red", "dwell_time_sec": "106"}, {"arr_dt": "1461531093", "direction": "0", "dep_dt": "1461531166", "route_id": "Red", "dwell_time_sec": "73"}, {"arr_dt": "1461531823", "direction": "0", "dep_dt": "1461531934", "route_id": "Red", "dwell_time_sec": "111"}, {"arr_dt": "1461532380", "direction": "0", "dep_dt": "1461532463", "route_id": "Red", "dwell_time_sec": "83"}, {"arr_dt": "1461533185", "direction": "0", "dep_dt": "1461533272", "route_id": "Red", "dwell_time_sec": "87"}, {"arr_dt": "1461533551", "direction": "0", "dep_dt": "1461533646", "route_id": "Red", "dwell_time_sec": "95"}, {"arr_dt": "1461534188", "direction": "0", "dep_dt": "1461534272", "route_id": "Red", "dwell_time_sec": "84"}, {"arr_dt": "1461534836", "direction": "0", "dep_dt": "1461534954", "route_id": "Red", "dwell_time_sec": "118"}, {"arr_dt": "1461535338", "direction": "0", "dep_dt": "1461535419", "route_id": "Red", "dwell_time_sec": "81"}, {"arr_dt": "1461535947", "direction": "0", "dep_dt": "1461536027", "route_id": "Red", "dwell_time_sec": "80"}, {"arr_dt": "1461536489", "direction": "0", "dep_dt": "1461536566", "route_id": "Red", "dwell_time_sec": "77"}, {"arr_dt": "1461537096", "direction": "0", "dep_dt": "1461537198", "route_id": "Red", "dwell_time_sec": "102"}, {"arr_dt": "1461537617", "direction": "0", "dep_dt": "1461537686", "route_id": "Red", "dwell_time_sec": "69"}, {"arr_dt": "1461538179", "direction": "0", "dep_dt": "1461538248", "route_id": "Red", "dwell_time_sec": "69"}, {"arr_dt": "1461538890", "direction": "0", "dep_dt": "1461538975", "route_id": "Red", "dwell_time_sec": "85"}, {"arr_dt": "1461539477", "direction": "0", "dep_dt": "1461539548", "route_id": "Red", "dwell_time_sec": "71"}, {"arr_dt": "1461540029", "direction": "0", "dep_dt": "1461540104", "route_id": "Red", "dwell_time_sec": "75"}, {"arr_dt": "1461540801", "direction": "0", "dep_dt": "1461540899", "route_id": "Red", "dwell_time_sec": "98"}, {"arr_dt": "1461541230", "direction": "0", "dep_dt": "1461541297", "route_id": "Red", "dwell_time_sec": "67"}, {"arr_dt": "1461541812", "direction": "0", "dep_dt": "1461541895", "route_id": "Red", "dwell_time_sec": "83"}, {"arr_dt": "1461542345", "direction": "0", "dep_dt": "1461542419", "route_id": "Red", "dwell_time_sec": "74"}, {"arr_dt": "1461542893", "direction": "0", "dep_dt": "1461542950", "route_id": "Red", "dwell_time_sec": "57"}, {"arr_dt": "1461543491", "direction": "0", "dep_dt": "1461543577", "route_id": "Red", "dwell_time_sec": "86"}, {"arr_dt": "1461544083", "direction": "0", "dep_dt": "1461544162", "route_id": "Red", "dwell_time_sec": "79"}, {"arr_dt": "1461544873", "direction": "0", "dep_dt": "1461544957", "route_id": "Red", "dwell_time_sec": "84"}, {"arr_dt": "1461545512", "direction": "0", "dep_dt": "1461546348", "route_id": "Red", "dwell_time_sec": "836"}, {"arr_dt": "1461546457", "direction": "0", "dep_dt": "1461546646", "route_id": "Red", "dwell_time_sec": "189"}, {"arr_dt": "1461546969", "direction": "0", "dep_dt": "1461547036", "route_id": "Red", "dwell_time_sec": "67"}, {"arr_dt": "1461547586", "direction": "0", "dep_dt": "1461547667", "route_id": "Red", "dwell_time_sec": "81"}, {"arr_dt": "1461548131", "direction": "0", "dep_dt": "1461548198", "route_id": "Red", "dwell_time_sec": "67"}, {"arr_dt": "1461549027", "direction": "0", "dep_dt": "1461549117", "route_id": "Red", "dwell_time_sec": "90"}, {"arr_dt": "1461549688", "direction": "0", "dep_dt": "1461549766", "route_id": "Red", "dwell_time_sec": "78"}, {"arr_dt": "1461550173", "direction": "0", "dep_dt": "1461550232", "route_id": "Red", "dwell_time_sec": "59"}, {"arr_dt": "1461550774", "direction": "0", "dep_dt": "1461550834", "route_id": "Red", "dwell_time_sec": "60"}, {"arr_dt": "1461551500", "direction": "0", "dep_dt": "1461551599", "route_id": "Red", "dwell_time_sec": "99"}, {"arr_dt": "1461552142", "direction": "0", "dep_dt": "1461552205", "route_id": "Red", "dwell_time_sec": "63"}, {"arr_dt": "1461552697", "direction": "0", "dep_dt": "1461552764", "route_id": "Red", "dwell_time_sec": "67"}, {"arr_dt": "1461553193", "direction": "0", "dep_dt": "1461553263", "route_id": "Red", "dwell_time_sec": "70"}, {"arr_dt": "1461553761", "direction": "0", "dep_dt": "1461553826", "route_id": "Red", "dwell_time_sec": "65"}, {"arr_dt": "1461554383", "direction": "0", "dep_dt": "1461554459", "route_id": "Red", "dwell_time_sec": "76"}, {"arr_dt": "1461555118", "direction": "0", "dep_dt": "1461555194", "route_id": "Red", "dwell_time_sec": "76"}, {"arr_dt": "1461555673", "direction": "0", "dep_dt": "1461555745", "route_id": "Red", "dwell_time_sec": "72"}, {"arr_dt": "1461556169", "direction": "0", "dep_dt": "1461556230", "route_id": "Red", "dwell_time_sec": "61"}]}