{"dwell_times": [{"arr_dt": "1460433637", "direction": "0", "dep_dt": "1460433683", "route_id": "Red", "dwell_time_sec": "46"}, {"arr_dt": "1460434040", "direction": "0", "dep_dt": "1460434117", "route_id": "Red", "dwell_time_sec": "77"}, {"arr_dt": "1460434540", "direction": "0", "dep_dt": "1460434612", "route_id": "Red", "dwell_time_sec": "72"}, {"arr_dt": "1460434952", "direction": "0", "dep_dt": "1460435013", "route_id": "Red", "dwell_time_sec": "61"}, {"arr_dt": "1460435563", "direction": "0", "dep_dt": "1460435627", "route_id": "Red", "dwell_time_sec": "64"}, {"arr_dt": "1460436122", "direction": "0", "dep_dt": "1460436177", "route_id": "Red", "dwell_time_sec": "55"}, {"arr_dt": "1460436575", "direction": "0", "dep_dt": "1460438563", "route_id": "Red", "dwell_time_sec": "1988"}, {"arr_dt": "1460453559", "direction": "0", "dep_dt": "1460453614", "route_id": "Red", "dwell_time_sec": "55"}, {"arr_dt": "1460454180", "direction": "0", "dep_dt": "1460454263", "route_id": "Red", "dwell_time_sec": "83"}, {"arr_dt": "1460454490", "direction": "0", "dep_dt": "1460454554", "route_id": "Red", "dwell_time_sec": "64"}, {"arr_dt": "1460454917", "direction": "0", "dep_dt": "1460454971", "route_id": "Red", "dwell_time_sec": "54"}, {"arr_dt": "1460455326", "direction": "0", "dep_dt": "1460455394", "route_id": "Red", "dwell_time_sec": "68"}, {"arr_dt": "1460455807", "direction": "0", "dep_dt": "1460455880", "route_id": "Red", "dwell_time_sec": "73"}, {"arr_dt": "1460456391", "direction": "0", "dep_dt": "1460456452", "route_id": "Red", "dwell_time_sec": "61"}, {"arr_dt": "1460456818", "direction": "0", "dep_dt": "1460456876", "route_id": "Red", "dwell_time_sec": "58"}, {"arr_dt": "1460457196", "direction": "0", "dep_dt": "1460457264", "route_id": "Red", "dwell_time_sec": "68"}, {"arr_dt": "1460457413", "direction": "0", "dep_dt": "1460457487", "route_id": "Red", "dwell_time_sec": "74"}, {"arr_dt": "1460457788", "direction": "0", "dep_dt": "1460457860", "route_id": "Red", "dwell_time_sec": "72"}, {"arr_dt": "1460458056", "direction": "0", "dep_dt": "1460458128", "route_id": "Red", "dwell_time_sec": "72"}, {"arr_dt": "1460458385", "direction": "0", "dep_dt": "1460458468", "route_id": "Red", "dwell_time_sec": "83"}, {"arr_dt": "1460458729", "direction": "0", "dep_dt": "1460458786", "route_id": "Red", "dwell_time_sec": "57"}, {"arr_dt": "1460458941", "direction": "0", "dep_dt": "1460459010", "route_id": "Red", "dwell_time_sec": "69"}, {"arr_dt": "1460459334", "direction": "0", "dep_dt": "1460459427", "route_id": "Red", "dwell_time_sec": "93"}, {"arr_dt": "1460459517", "direction": "0", "dep_dt": "1460459588", "route_id": "Red", "dwell_time_sec": "71"}, {"arr_dt": "1460459777", "direction": "0", "dep_dt": "1460459840", "route_id": "Red", "dwell_time_sec": "63"}, {"arr_dt": "1460460087", "direction": "0", "dep_dt": "1460460153", "route_id": "Red", "dwell_time_sec": "66"}, {"arr_dt": "1460460267", "direction": "0", "dep_dt": "1460460338", "route_id": "Red", "dwell_time_sec": "71"}, {"arr_dt": "1460460498", "direction": "0", "dep_dt": "1460460571", "route_id": "Red", "dwell_time_sec": "73"}, {"arr_dt": "1460460711", "direction": "0", "dep_dt": "1460460783", "route_id": "Red", "dwell_time_sec": "72"}, {"arr_dt": "1460461275", "direction": "0", "dep_dt": "1460461386", "route_id": "Red", "dwell_time_sec": "111"}, {"arr_dt": "1460461723", "direction": "0", "dep_dt": "1460461825", "route_id": "Red", "dwell_time_sec": "102"}, {"arr_dt": "1460461927", "direction": "0", "dep_dt": "1460462015", "route_id": "Red", "dwell_time_sec": "88"}, {"arr_dt": "1460462152", "direction": "0", "dep_dt": "1460462245", "route_id": "Red", "dwell_time_sec": "93"}, {"arr_dt": "1460462360", "direction": "0", "dep_dt": "1460462439", "route_id": "Red", "dwell_time_sec": "79"}, {"arr_dt": "1460462638", "direction": "0", "dep_dt": "1460462723", "route_id": "Red", "dwell_time_sec": "85"}, {"arr_dt": "1460462836", "direction": "0", "dep_dt": "1460462922", "route_id": "Red", "dwell_time_sec": "86"}, {"arr_dt": "1460463033", "direction": "0", "dep_dt": "1460463121", "route_id": "Red", "dwell_time_sec": "88"}, {"arr_dt": "1460463237", "direction": "0", "dep_dt": "1460463339", "route_id": "Red", "dwell_time_sec": "102"}, {"arr_dt": "1460463460", "direction": "0", "dep_dt": "1460463544", "route_id": "Red", "dwell_time_sec": "84"}, {"arr_dt": "1460463649", "direction": "0", "dep_dt": "1460463815", "route_id": "Red", "dwell_time_sec": "166"}, {"arr_dt": "1460463943", "direction": "0", "dep_dt": "1460464048", "route_id": "Red", "dwell_time_sec": "105"}, {"arr_dt": "1460464139", "direction": "0", "dep_dt": "1460464223", "route_id": "Red", "dwell_time_sec": "84"}, {"arr_dt": "1460464454", "direction": "0", "dep_dt": "1460464544", "route_id": "Red", "dwell_time_sec": "90"}, {"arr_dt": "1460464661", "direction": "0", "dep_dt": "1460464762", "route_id": "Red", "dwell_time_sec": "101"}, {"arr_dt": "1460464919", "direction": "0", "dep_dt": "1460465024", "route_id": "Red", "dwell_time_sec": "105"}, {"arr_dt": "1460465140", "direction": "0", "dep_dt": "1460465221", "route_id": "Red", "dwell_time_sec": "81"}, {"arr_dt": "1460465331", "direction": "0", "dep_dt": "1460465420", "route_id": "Red", "dwell_time_sec": "89"}, {"arr_dt": "1460465557", "direction": "0", "dep_dt": "1460465683", "route_id": "Red", "dwell_time_sec": "126"}, {"arr_dt": "1460465796", "direction": "0", "dep_dt": "1460465861", "route_id": "Red", "dwell_time_sec": "65"}, {"arr_dt": "1460466014", "direction": "0", "dep_dt": "1460466095", "route_id": "Red", "dwell_time_sec": "81"}, {"arr_dt": "1460466294", "direction": "0", "dep_dt": "1460466408", "route_id": "Red", "dwell_time_sec": "114"}, {"arr_dt": "1460466504", "direction": "0", "dep_dt": "1460466595", "route_id": "Red", "dwell_time_sec": "91"}, {"arr_dt": "1460466811", "direction": "0", "dep_dt": "1460466907", "route_id": "Red", "dwell_time_sec": "96"}, {"arr_dt": "1460467209", "direction": "0", "dep_dt": "1460467305", "route_id": "Red", "dwell_time_sec": "96"}, {"arr_dt": "1460467423", "direction": "0", "dep_dt": "1460467582", "route_id": "Red", "dwell_time_sec": "159"}, {"arr_dt": "1460467619", "direction": "0", "dep_dt": "1460467692", "route_id": "Red", "dwell_time_sec": "73"}, {"arr_dt": "1460467799", "direction": "0", "dep_dt": "1460467877", "route_id": "Red", "dwell_time_sec": "78"}, {"arr_dt": "1460468023", "direction": "0", "dep_dt": "1460468086", "route_id": "Red", "dwell_time_sec": "63"}, {"arr_dt": "1460468222", "direction": "0", "dep_dt": "1460468301", "route_id": "Red", "dwell_time_sec": "79"}, {"arr_dt": "1460468413", "direction": "0", "dep_dt": "1460468496", "route_id": "Red", "dwell_time_sec": "83"}, {"arr_dt": "1460468617", "direction": "0", "dep_dt": "1460468682", "route_id": "Red", "dwell_time_sec": "65"}, {"arr_dt": "1460468858", "direction": "0", "dep_dt": "1460468937", "route_id": "Red", "dwell_time_sec": "79"}, {"arr_dt": "1460469210", "direction": "0", "dep_dt": "1460469294", "route_id": "Red", "dwell_time_sec": "84"}, {"arr_dt": "1460469407", "direction": "0", "dep_dt": "1460469493", "route_id": "Red", "dwell_time_sec": "86"}, {"arr_dt": "1460469613", "direction": "0", "dep_dt": "1460469684", "route_id": "Red", "dwell_time_sec": "71"}, {"arr_dt": "1460469952", "direction": "0", "dep_dt": "1460470015", "route_id": "Red", "dwell_time_sec": "63"}, {"arr_dt": "1460470133", "direction": "0", "dep_dt": "1460470199", "route_id": "Red", "dwell_time_sec": "66"}, {"arr_dt": "1460470371", "direction": "0", "dep_dt": "1460470446", "route_id": "Red", "dwell_time_sec": "75"}, {"arr_dt": "1460470666", "direction": "0", "dep_dt": "1460470736", "route_id": "Red", "dwell_time_sec": "70"}, {"arr_dt": "1460470940", "direction": "0", "dep_dt": "1460471021", "route_id": "Red", "dwell_time_sec": "81"}, {"arr_dt": "1460471134", "direction": "0", "dep_dt": "1460471192", "route_id": "Red", "dwell_time_sec": "58"}, {"arr_dt": "1460471294", "direction": "0", "dep_dt": "1460471348", "route_id": "Red", "dwell_time_sec": "54"}, {"arr_dt": "1460471653", "direction": "0", "dep_dt": "1460471727", "route_id": "Red", "dwell_time_sec": "74"}, {"arr_dt": "1460472072", "direction": "0", "dep_dt": "1460472145", "route_id": "Red", "dwell_time_sec": "73"}, {"arr_dt": "1460472696", "direction": "0", "dep_dt": "1460472772", "route_id": "Red", "dwell_time_sec": "76"}, {"arr_dt": "1460473170", "direction": "0", "dep_dt": "1460473247", "route_id": "Red", "dwell_time_sec": "77"}, {"arr_dt": "1460473354", "direction": "0", "dep_dt": "1460473425", "route_id": "Red", "dwell_time_sec": "71"}, {"arr_dt": "1460473710", "direction": "0", "dep_dt": "1460473780", "route_id": "Red", "dwell_time_sec": "70"}, {"arr_dt": "1460474191", "direction": "0", "dep_dt": "1460474279", "route_id": "Red", "dwell_time_sec": "88"}, {"arr_dt": "1460474411", "direction": "0", "dep_dt": "1460474467", "route_id": "Red", "dwell_time_sec": "56"}, {"arr_dt": "1460474903", "direction": "0", "dep_dt": "1460474985", "route_id": "Red", "dwell_time_sec": "82"}, {"arr_dt": "1460475400", "direction": "0", "dep_dt": "1460475469", "route_id": "Red", "dwell_time_sec": "69"}, {"arr_dt": "1460476138", "direction": "0", "dep_dt": "1460476212", "route_id": "Red", "dwell_time_sec": "74"}, {"arr_dt": "1460476330", "direction": "0", "dep_dt": "1460476407", "route_id": "Red", "dwell_time_sec": "77"}, {"arr_dt": "1460476525", "direction": "0", "dep_dt": "1460476598", "route_id": "Red", "dwell_time_sec": "73"}, {"arr_dt": "1460476957", "direction": "0", "dep_dt": "1460477127", "route_id": "Red", "dwell_time_sec": "170"}, {"arr_dt": "1460477345", "direction": "0", "dep_dt": "1460477428", "route_id": "Red", "dwell_time_sec": "83"}, {"arr_dt": "1460477805", "direction": "0", "dep_dt": "1460477906", "route_id": "Red", "dwell_time_sec": "101"}, {"arr_dt": "1460478623", "direction": "0", "dep_dt": "1460478730", "route_id": "Red", "dwell_time_sec": "107"}, {"arr_dt": "1460478966", "direction": "0", "dep_dt": "1460479042", "route_id": "Red", "dwell_time_sec": "76"}, {"arr_dt": "1460479423", "direction": "0", "dep_dt": "1460479493", "route_id": "Red", "dwell_time_sec": "70"}, {"arr_dt": "1460479864", "direction": "0", "dep_dt": "1460479939", "route_id": "Red", "dwell_time_sec": "75"}, {"arr_dt": "1460480461", "direction": "0", "dep_dt": "1460480557", "route_id": "Red", "dwell_time_sec": "96"}, {"arr_dt": "1460480698", "direction": "0", "dep_dt": "1460480787", "route_id": "Red", "dwell_time_sec": "89"}, {"arr_dt": "1460481132", "direction": "0", "dep_dt": "1460481224", "route_id": "Red", "dwell_time_sec": "92"}, {"arr_dt": "1460481623", "direction": "0", "dep_dt": "1460481706", "route_id": "Red", "dwell_time_sec": "83"}, {"arr_dt": "1460481967", "direction": "0", "dep_dt": "1460482034", "route_id": "Red", "dwell_time_sec": "67"}, {"arr_dt": "1460482355", "direction": "0", "dep_dt": "1460482441", "route_id": "Red", "dwell_time_sec": "86"}, {"arr_dt": "1460482675", "direction": "0", "dep_dt": "1460482738", "route_id": "Red", "dwell_time_sec": "63"}, {"arr_dt": "1460483067", "direction": "0", "dep_dt": "1460483136", "route_id": "Red", "dwell_time_sec": "69"}, {"arr_dt": "1460483613", "direction": "0", "dep_dt": "1460483705", "route_id": "Red", "dwell_time_sec": "92"}, {"arr_dt": "1460484003", "direction": "0", "dep_dt": "1460484073", "route_id": "Red", "dwell_time_sec": "70"}, {"arr_dt": "1460484784", "direction": "0", "dep_dt": "1460484861", "route_id": "Red", "dwell_time_sec": "77"}, {"arr_dt": "1460485298", "direction": "0", "dep_dt": "1460485388", "route_id": "Red", "dwell_time_sec": "90"}, {"arr_dt": "1460485863", "direction": "0", "dep_dt": "1460485962", "route_id": "Red", "dwell_time_sec": "99"}, {"arr_dt": "1460486090", "direction": "0", "dep_dt": "1460486163", "route_id": "Red", "dwell_time_sec": "73"}, {"arr_dt": "1460486369", "direction": "0", "dep_dt": "1460486438", "route_id": "Red", "dwell_time_sec": "69"}, {"arr_dt": "1460486825", "direction": "0", "dep_dt": "1460486908", "route_id": "Red", "dwell_time_sec": "83"}, {"arr_dt": "1460487401", "direction": "0", "dep_dt": "1460487489", "route_id": "Red", "dwell_time_sec": "88"}, {"arr_dt": "1460487651", "direction": "0", "dep_dt": "1460487714", "route_id": "Red", "dwell_time_sec": "63"}, {"arr_dt": "1460488148", "direction": "0", "dep_dt": "1460488265", "route_id": "Red", "dwell_time_sec": "117"}, {"arr_dt": "1460488495", "direction": "0", "dep_dt": "1460488573", "route_id": "Red", "dwell_time_sec": "78"}, {"arr_dt": "1460488854", "direction": "0", "dep_dt": "1460488944", "route_id": "Red", "dwell_time_sec": "90"}, {"arr_dt": "1460489344", "direction": "0", "dep_dt": "1460489428", "route_id": "Red", "dwell_time_sec": "84"}, {"arr_dt": "1460489799", "direction": "0", "dep_dt": "1460489968", "route_id": "Red", "dwell_time_sec": "169"}, {"arr_dt": "1460490329", "direction": "0", "dep_dt": "1460490416", "route_id": "Red", "dwell_time_sec": "87"}, {"arr_dt": "1460490815", "direction": "0", "dep_dt": "1460490900", "route_id": "Red", "dwell_time_sec": "85"}, {"arr_dt": "1460491296", "direction": "0", "dep_dt": "1460491407", "route_id": "Red", "dwell_time_sec": "111"}, {"arr_dt": "1460491539", "direction": "0", "dep_dt": "1460491621", "route_id": "Red", "dwell_time_sec": "82"}, {"arr_dt": "1460491765", "direction": "0", "dep_dt": "1460491840", "route_id": "Red", "dwell_time_sec": "75"}, {"arr_dt": "1460492275", "direction": "0", "dep_dt": "1460492396", "route_id": "Red", "dwell_time_sec": "121"}, {"arr_dt": "1460492502", "direction": "0", "dep_dt": "1460492599", "route_id": "Red", "dwell_time_sec": "97"}, {"arr_dt": "1460492727", "direction": "0", "dep_dt": "1460492819", "route_id": "Red", "dwell_time_sec": "92"}, {"arr_dt": "1460493224", "direction": "0", "dep_dt": "1460493306", "route_id": "Red", "dwell_time_sec": "82"}, {"arr_dt": "1460493460", "direction": "0", "dep_dt": "1460493541", "route_id": "Red", "dwell_time_sec": "81"}, {"arr_dt": "1460493756", "direction": "0", "dep_dt": "1460493837", "route_id": "Red", "dwell_time_sec": "81"}, {"arr_dt": "1460494075", "direction": "0", "dep_dt": "1460494174", "route_id": "Red", "dwell_time_sec": "99"}, {"arr_dt": "1460494334", "direction": "0", "dep_dt": "1460494425", "route_id": "Red", "dwell_time_sec": "91"}, {"arr_dt": "1460494545", "direction": "0", "dep_dt": "1460494642", "route_id": "Red", "dwell_time_sec": "97"}, {"arr_dt": "1460494820", "direction": "0", "dep_dt": "1460494904", "route_id": "Red", "dwell_time_sec": "84"}, {"arr_dt": "1460495035", "direction": "0", "dep_dt": "1460495120", "route_id": "Red", "dwell_time_sec": "85"}, {"arr_dt": "1460495238", "direction": "0", "dep_dt": "1460495327", "route_id": "Red", "dwell_time_sec": "89"}, {"arr_dt": "1460495493", "direction": "0", "dep_dt": "1460495622", "route_id": "Red", "dwell_time_sec": "129"}, {"arr_dt": "1460495730", "direction": "0", "dep_dt": "1460495829", "route_id": "Red", "dwell_time_sec": "99"}, {"arr_dt": "1460495978", "direction": "0", "dep_dt": "1460496104", "route_id": "Red", "dwell_time_sec": "126"}, {"arr_dt": "1460496205", "direction": "0", "dep_dt": "1460496301", "route_id": "Red", "dwell_time_sec": "96"}, {"arr_dt": "1460496415", "direction": "0", "dep_dt": "1460496531", "route_id": "Red", "dwell_time_sec": "116"}, {"arr_dt": "1460496656", "direction": "0", "dep_dt": "1460496748", "route_id": "Red", "dwell_time_sec": "92"}, {"arr_dt": "1460496911", "direction": "0", "dep_dt": "1460497032", "route_id": "Red", "dwell_time_sec": "121"}, {"arr_dt": "1460497144", "direction": "0", "dep_dt": "1460497236", "route_id": "Red", "dwell_time_sec": "92"}, {"arr_dt": "1460497368", "direction": "0", "dep_dt": "1460497484", "route_id": "Red", "dwell_time_sec": "116"}, {"arr_dt": "1460497634", "direction": "0", "dep_dt": "1460497710", "route_id": "Red", "dwell_time_sec": "76"}, {"arr_dt": "1460497825", "direction": "0", "dep_dt": "1460497912", "route_id": "Red", "dwell_time_sec": "87"}, {"arr_dt": "1460498029", "direction": "0", "dep_dt": "1460498115", "route_id": "Red", "dwell_time_sec": "86"}, {"arr_dt": "1460498252", "direction": "0", "dep_dt": "1460498333", "route_id": "Red", "dwell_time_sec": "81"}, {"arr_dt": "1460498451", "direction": "0", "dep_dt": "1460498560", "route_id": "Red", "dwell_time_sec": "109"}, {"arr_dt": "1460498659", "direction": "0", "dep_dt": "1460498769", "route_id": "Red", "dwell_time_sec": "110"}, {"arr_dt": "1460499049", "direction": "0", "dep_dt": "1460499135", "route_id": "Red", "dwell_time_sec": "86"}, {"arr_dt": "1460499464", "direction": "0", "dep_dt": "1460499575", "route_id": "Red", "dwell_time_sec": "111"}, {"arr_dt": "1460499923", "direction": "0", "dep_dt": "1460500016", "route_id": "Red", "dwell_time_sec": "93"}, {"arr_dt": "1460500128", "direction": "0", "dep_dt": "1460500226", "route_id": "Red", "dwell_time_sec": "98"}, {"arr_dt": "1460500378", "direction": "0", "dep_dt": "1460500468", "route_id": "Red", "dwell_time_sec": "90"}, {"arr_dt": "1460500603", "direction": "0", "dep_dt": "1460500688", "route_id": "Red", "dwell_time_sec": "85"}, {"arr_dt": "1460500776", "direction": "0", "dep_dt": "1460500846", "route_id": "Red", "dwell_time_sec": "70"}, {"arr_dt": "1460500998", "direction": "0", "dep_dt": "1460501055", "route_id": "Red", "dwell_time_sec": "57"}, {"arr_dt": "1460501171", "direction": "0", "dep_dt": "1460501251", "route_id": "Red", "dwell_time_sec": "80"}, {"arr_dt": "1460501523", "direction": "0", "dep_dt": "1460501607", "route_id": "Red", "dwell_time_sec": "84"}, {"arr_dt": "1460501705", "direction": "0", "dep_dt": "1460501785", "route_id": "Red", "dwell_time_sec": "80"}, {"arr_dt": "1460502012", "direction": "0", "dep_dt": "1460502083", "route_id": "Red", "dwell_time_sec": "71"}, {"arr_dt": "1460502249", "direction": "0", "dep_dt": "1460502321", "route_id": "Red", "dwell_time_sec": "72"}, {"arr_dt": "1460502503", "direction": "0", "dep_dt": "1460502613", "route_id": "Red", "dwell_time_sec": "110"}, {"arr_dt": "1460502826", "direction": "0", "dep_dt": "1460502928", "route_id": "Red", "dwell_time_sec": "102"}, {"arr_dt": "1460503132", "direction": "0", "dep_dt": "1460503215", "route_id": "Red", "dwell_time_sec": "83"}, {"arr_dt": "1460503365", "direction": "0", "dep_dt": "1460503447", "route_id": "Red", "dwell_time_sec": "82"}, {"arr_dt": "1460503650", "direction": "0", "dep_dt": "1460503765", "route_id": "Red", "dwell_time_sec": "115"}, {"arr_dt": "1460503840", "direction": "0", "dep_dt": "1460503928", "route_id": "Red", "dwell_time_sec": "88"}, {"arr_dt": "1460504052", "direction": "0", "dep_dt": "1460504119", "route_id": "Red", "dwell_time_sec": "67"}, {"arr_dt": "1460504306", "direction": "0", "dep_dt": "1460504378", "route_id": "Red", "dwell_time_sec": "72"}, {"arr_dt": "1460504671", "direction": "0", "dep_dt": "1460504770", "route_id": "Red", "dwell_time_sec": "99"}, {"arr_dt": "1460504848", "direction": "0", "dep_dt": "1460504931", "route_id": "Red", "dwell_time_sec": "83"}, {"arr_dt": "1460505057", "direction": "0", "dep_dt": "1460505151", "route_id": "Red", "dwell_time_sec": "94"}, {"arr_dt": "1460505275", "direction": "0", "dep_dt": "1460505375", "route_id": "Red", "dwell_time_sec": "100"}, {"arr_dt": "1460505496", "direction": "0", "dep_dt": "1460505564", "route_id": "Red", "dwell_time_sec": "68"}, {"arr_dt": "1460506062", "direction": "0", "dep_dt": "1460506120", "route_id": "Red", "dwell_time_sec": "58"}, {"arr_dt": "1460506348", "direction": "0", "dep_dt": "1460506417", "route_id": "Red", "dwell_time_sec": "69"}, {"arr_dt": "1460506874", "direction": "0", "dep_dt": "1460506952", "route_id": "Red", "dwell_time_sec": "78"}, {"arr_dt": "1460507071", "direction": "0", "dep_dt": "1460507137", "route_id": "Red", "dwell_time_sec": "66"}, {"arr_dt": "1460507455", "direction": "0", "dep_dt": "1460507545", "route_id": "Red", "dwell_time_sec": "90"}, {"arr_dt": "1460507961", "direction": "0", "dep_dt": "1460508034", "route_id": "Red", "dwell_time_sec": "73"}, {"arr_dt": "1460508134", "direction": "0", "dep_dt": "1460508204", "route_id": "Red", "dwell_time_sec": "70"}, {"arr_dt": "1460508668", "direction": "0", "dep_dt": "1460508747", "route_id": "Red", "dwell_time_sec": "79"}, {"arr_dt": "1460508996", "direction": "0", "dep_dt": "1460509062", "route_id": "Red", "dwell_time_sec": "66"}, {"arr_dt": "1460509239", "direction": "0", "dep_dt": "1460509299", "route_id": "Red", "dwell_time_sec": "60"}, {"arr_dt": "1460509890", "direction": "0", "dep_dt": "1460509970", "route_id": "Red", "dwell_time_sec": "80"}, {"arr_dt": "1460510077", "direction": "0", "dep_dt": "1460510154", "route_id": "Red", "dwell_time_sec": "77"}, {"arr_dt": "1460510491", "direction": "0", "dep_dt": "1460510597", "route_id": "Red", "dwell_time_sec": "106"}, {"arr_dt": "1460510752", "direction": "0", "dep_dt": "1460510840", "route_id": "Red", "dwell_time_sec": "88"}, {"arr_dt": "1460511306", "direction": "0", "dep_dt": "1460511383", "route_id": "Red", "dwell_time_sec": "77"}, {"arr_dt": "1460511613", "direction": "0", "dep_dt": "1460511693", "route_id": "Red", "dwell_time_sec": "80"}, {"arr_dt": "1460511896", "direction": "0", "dep_dt": "1460511957", "route_id": "Red", "dwell_time_sec": "61"}, {"arr_dt": "1460512118", "direction": "0", "dep_dt": "1460512189", "route_id": "Red", "dwell_time_sec": "71"}, {"arr_dt": "1460512682", "direction": "0", "dep_dt": "1460512773", "route_id": "Red", "dwell_time_sec": "91"}, {"arr_dt": "1460513226", "direction": "0", "dep_dt": "1460513303", "route_id": "Red", "dwell_time_sec": "77"}, {"arr_dt": "1460513684", "direction": "0", "dep_dt": "1460513789", "route_id": "Red", "dwell_time_sec": "105"}, {"arr_dt": "1460513942", "direction": "0", "dep_dt": "1460514019", "route_id": "Red", "dwell_time_sec": "77"}, {"arr_dt": "1460514116", "direction": "0", "dep_dt": "1460514194", "route_id": "Red", "dwell_time_sec": "78"}, {"arr_dt": "1460514756", "direction": "0", "dep_dt": "1460514827", "route_id": "Red", "dwell_time_sec": "71"}, {"arr_dt": "1460514947", "direction": "0", "dep_dt": "1460515007", "route_id": "Red", "dwell_time_sec": "60"}, {"arr_dt": "1460515414", "direction": "0", "dep_dt": "1460515486", "route_id": "Red", "dwell_time_sec": "72"}, {"arr_dt": "1460515929", "direction": "0", "dep_dt": "1460516001", "route_id": "Red", "dwell_time_sec": "72"}, {"arr_dt": "1460516310", "direction": "0", "dep_dt": "1460516380", "route_id": "Red", "dwell_time_sec": "70"}, {"arr_dt": "1460516890", "direction": "0", "dep_dt": "1460516976", "route_id": "Red", "dwell_time_sec": "86"}, {"arr_dt": "1460517201", "direction": "0", "dep_dt": "1460517277", "route_id": "Red", "dwell_time_sec": "76"}, {"arr_dt": "1460517534", "direction": "0", "dep_dt": "1460517623", "route_id": "Red", "dwell_time_sec": "89"}, {"arr_dt": "1460517706", "direction": "0", "dep_dt": "1460517772", "route_id": "Red", "dwell_time_sec": "66"}, {"arr_dt": "1460517955", "direction": "0", "dep_dt": "1460518039", "route_id": "Red", "dwell_time_sec": "84"}, {"arr_dt": "1460518271", "direction": "0", "dep_dt": "1460518337", "route_id": "Red", "dwell_time_sec": "66"}, {"arr_dt": "1460518752", "direction": "0", "dep_dt": "1460518821", "route_id": "Red", "dwell_time_sec": "69"}, {"arr_dt": "1460519234", "direction": "0", "dep_dt": "1460519309", "route_id": "Red", "dwell_time_sec": "75"}, {"arr_dt": "1460519666", "direction": "0", "dep_dt": "1460519727", "route_id": "Red", "dwell_time_sec": "61"}]}