{"dwell_times": [{"arr_dt": "1477540881", "direction": "0", "dep_dt": "1477540959", "route_id": "Red", "dwell_time_sec": "78"}, {"arr_dt": "1477541280", "direction": "0", "dep_dt": "1477541358", "route_id": "Red", "dwell_time_sec": "78"}, {"arr_dt": "1477541469", "direction": "0", "dep_dt": "1477541543", "route_id": "Red", "dwell_time_sec": "74"}, {"arr_dt": "1477541766", "direction": "0", "dep_dt": "1477541825", "route_id": "Red", "dwell_time_sec": "59"}, {"arr_dt": "1477542095", "direction": "0", "dep_dt": "1477542164", "route_id": "Red", "dwell_time_sec": "69"}, {"arr_dt": "1477543013", "direction": "0", "dep_dt": "1477543089", "route_id": "Red", "dwell_time_sec": "76"}, {"arr_dt": "1477544641", "direction": "0", "dep_dt": "1477545030", "route_id": "Red", "dwell_time_sec": "389"}, {"arr_dt": "1477560869", "direction": "0", "dep_dt": "1477560947", "route_id": "Red", "dwell_time_sec": "78"}, {"arr_dt": "1477561451", "direction": "0", "dep_dt": "1477561532", "route_id": "Red", "dwell_time_sec": "81"}, {"arr_dt": "1477561692", "direction": "0", "dep_dt": "1477561750", "route_id": "Red", "dwell_time_sec": "58"}, {"arr_dt": "1477562144", "direction": "0", "dep_dt": "1477562210", "route_id": "Red", "dwell_time_sec": "66"}, {"arr_dt": "1477562583", "direction": "0", "dep_dt": "1477562669", "route_id": "Red", "dwell_time_sec": "86"}, {"arr_dt": "1477563000", "direction": "0", "dep_dt": "1477563055", "route_id": "Red", "dwell_time_sec": "55"}, {"arr_dt": "1477563710", "direction": "0", "dep_dt": "1477563770", "route_id": "Red", "dwell_time_sec": "60"}, {"arr_dt": "1477564123", "direction": "0", "dep_dt": "1477564191", "route_id": "Red", "dwell_time_sec": "68"}, {"arr_dt": "1477564562", "direction": "0", "dep_dt": "1477564641", "route_id": "Red", "dwell_time_sec": "79"}, {"arr_dt": "1477564749", "direction": "0", "dep_dt": "1477564823", "route_id": "Red", "dwell_time_sec": "74"}, {"arr_dt": "1477565092", "direction": "0", "dep_dt": "1477565159", "route_id": "Red", "dwell_time_sec": "67"}, {"arr_dt": "1477565284", "direction": "0", "dep_dt": "1477565452", "route_id": "Red", "dwell_time_sec": "168"}, {"arr_dt": "1477565657", "direction": "0", "dep_dt": "1477565723", "route_id": "Red", "dwell_time_sec": "66"}, {"arr_dt": "1477565823", "direction": "0", "dep_dt": "1477565910", "route_id": "Red", "dwell_time_sec": "87"}, {"arr_dt": "1477566154", "direction": "0", "dep_dt": "1477566219", "route_id": "Red", "dwell_time_sec": "65"}, {"arr_dt": "1477566639", "direction": "0", "dep_dt": "1477566716", "route_id": "Red", "dwell_time_sec": "77"}, {"arr_dt": "1477566904", "direction": "0", "dep_dt": "1477567001", "route_id": "Red", "dwell_time_sec": "97"}, {"arr_dt": "1477567273", "direction": "0", "dep_dt": "1477567367", "route_id": "Red", "dwell_time_sec": "94"}, {"arr_dt": "1477567693", "direction": "0", "dep_dt": "1477567801", "route_id": "Red", "dwell_time_sec": "108"}, {"arr_dt": "1477568003", "direction": "0", "dep_dt": "1477568099", "route_id": "Red", "dwell_time_sec": "96"}, {"arr_dt": "1477568224", "direction": "0", "dep_dt": "1477568291", "route_id": "Red", "dwell_time_sec": "67"}, {"arr_dt": "1477568490", "direction": "0", "dep_dt": "1477568581", "route_id": "Red", "dwell_time_sec": "91"}, {"arr_dt": "1477568905", "direction": "0", "dep_dt": "1477569018", "route_id": "Red", "dwell_time_sec": "113"}, {"arr_dt": "1477569136", "direction": "0", "dep_dt": "1477569228", "route_id": "Red", "dwell_time_sec": "92"}, {"arr_dt": "1477569369", "direction": "0", "dep_dt": "1477569458", "route_id": "Red", "dwell_time_sec": "89"}, {"arr_dt": "1477569583", "direction": "0", "dep_dt": "1477569669", "route_id": "Red", "dwell_time_sec": "86"}, {"arr_dt": "1477569771", "direction": "0", "dep_dt": "1477569866", "route_id": "Red", "dwell_time_sec": "95"}, {"arr_dt": "1477569974", "direction": "0", "dep_dt": "1477570085", "route_id": "Red", "dwell_time_sec": "111"}, {"arr_dt": "1477570192", "direction": "0", "dep_dt": "1477570262", "route_id": "Red", "dwell_time_sec": "70"}, {"arr_dt": "1477570368", "direction": "0", "dep_dt": "1477570449", "route_id": "Red", "dwell_time_sec": "81"}, {"arr_dt": "1477570551", "direction": "0", "dep_dt": "1477570691", "route_id": "Red", "dwell_time_sec": "140"}, {"arr_dt": "1477570797", "direction": "0", "dep_dt": "1477570889", "route_id": "Red", "dwell_time_sec": "92"}, {"arr_dt": "1477571083", "direction": "0", "dep_dt": "1477571192", "route_id": "Red", "dwell_time_sec": "109"}, {"arr_dt": "1477571276", "direction": "0", "dep_dt": "1477571369", "route_id": "Red", "dwell_time_sec": "93"}, {"arr_dt": "1477571517", "direction": "0", "dep_dt": "1477571612", "route_id": "Red", "dwell_time_sec": "95"}, {"arr_dt": "1477571706", "direction": "0", "dep_dt": "1477571795", "route_id": "Red", "dwell_time_sec": "89"}, {"arr_dt": "1477571914", "direction": "0", "dep_dt": "1477572036", "route_id": "Red", "dwell_time_sec": "122"}, {"arr_dt": "1477572137", "direction": "0", "dep_dt": "1477572239", "route_id": "Red", "dwell_time_sec": "102"}, {"arr_dt": "1477572326", "direction": "0", "dep_dt": "1477572427", "route_id": "Red", "dwell_time_sec": "101"}, {"arr_dt": "1477572525", "direction": "0", "dep_dt": "1477572633", "route_id": "Red", "dwell_time_sec": "108"}, {"arr_dt": "1477572919", "direction": "0", "dep_dt": "1477573020", "route_id": "Red", "dwell_time_sec": "101"}, {"arr_dt": "1477573410", "direction": "0", "dep_dt": "1477573509", "route_id": "Red", "dwell_time_sec": "99"}, {"arr_dt": "1477573686", "direction": "0", "dep_dt": "1477573767", "route_id": "Red", "dwell_time_sec": "81"}, {"arr_dt": "1477573941", "direction": "0", "dep_dt": "1477574035", "route_id": "Red", "dwell_time_sec": "94"}, {"arr_dt": "1477574315", "direction": "0", "dep_dt": "1477574406", "route_id": "Red", "dwell_time_sec": "91"}, {"arr_dt": "1477574502", "direction": "0", "dep_dt": "1477574613", "route_id": "Red", "dwell_time_sec": "111"}, {"arr_dt": "1477574694", "direction": "0", "dep_dt": "1477574804", "route_id": "Red", "dwell_time_sec": "110"}, {"arr_dt": "1477574911", "direction": "0", "dep_dt": "1477574998", "route_id": "Red", "dwell_time_sec": "87"}, {"arr_dt": "1477575105", "direction": "0", "dep_dt": "1477575190", "route_id": "Red", "dwell_time_sec": "85"}, {"arr_dt": "1477575476", "direction": "0", "dep_dt": "1477575554", "route_id": "Red", "dwell_time_sec": "78"}, {"arr_dt": "1477576574", "direction": "0", "dep_dt": "1477576668", "route_id": "Red", "dwell_time_sec": "94"}, {"arr_dt": "1477577092", "direction": "0", "dep_dt": "1477577240", "route_id": "Red", "dwell_time_sec": "148"}, {"arr_dt": "1477577378", "direction": "0", "dep_dt": "1477577470", "route_id": "Red", "dwell_time_sec": "92"}, {"arr_dt": "1477577616", "direction": "0", "dep_dt": "1477577717", "route_id": "Red", "dwell_time_sec": "101"}, {"arr_dt": "1477577834", "direction": "0", "dep_dt": "1477577963", "route_id": "Red", "dwell_time_sec": "129"}, {"arr_dt": "1477578060", "direction": "0", "dep_dt": "1477578147", "route_id": "Red", "dwell_time_sec": "87"}, {"arr_dt": "1477578259", "direction": "0", "dep_dt": "1477578352", "route_id": "Red", "dwell_time_sec": "93"}, {"arr_dt": "1477578433", "direction": "0", "dep_dt": "1477578519", "route_id": "Red", "dwell_time_sec": "86"}, {"arr_dt": "1477578617", "direction": "0", "dep_dt": "1477578688", "route_id": "Red", "dwell_time_sec": "71"}, {"arr_dt": "1477578793", "direction": "0", "dep_dt": "1477578865", "route_id": "Red", "dwell_time_sec": "72"}, {"arr_dt": "1477578999", "direction": "0", "dep_dt": "1477579079", "route_id": "Red", "dwell_time_sec": "80"}, {"arr_dt": "1477579170", "direction": "0", "dep_dt": "1477579242", "route_id": "Red", "dwell_time_sec": "72"}, {"arr_dt": "1477579349", "direction": "0", "dep_dt": "1477579430", "route_id": "Red", "dwell_time_sec": "81"}, {"arr_dt": "1477579531", "direction": "0", "dep_dt": "1477579590", "route_id": "Red", "dwell_time_sec": "59"}, {"arr_dt": "1477579692", "direction": "0", "dep_dt": "1477579755", "route_id": "Red", "dwell_time_sec": "63"}, {"arr_dt": "1477580230", "direction": "0", "dep_dt": "1477580299", "route_id": "Red", "dwell_time_sec": "69"}, {"arr_dt": "1477580867", "direction": "0", "dep_dt": "1477580950", "route_id": "Red", "dwell_time_sec": "83"}, {"arr_dt": "1477581060", "direction": "0", "dep_dt": "1477581130", "route_id": "Red", "dwell_time_sec": "70"}, {"arr_dt": "1477581337", "direction": "0", "dep_dt": "1477581391", "route_id": "Red", "dwell_time_sec": "54"}, {"arr_dt": "1477581759", "direction": "0", "dep_dt": "1477581838", "route_id": "Red", "dwell_time_sec": "79"}, {"arr_dt": "1477582087", "direction": "0", "dep_dt": "1477582165", "route_id": "Red", "dwell_time_sec": "78"}, {"arr_dt": "1477582450", "direction": "0", "dep_dt": "1477582541", "route_id": "Red", "dwell_time_sec": "91"}, {"arr_dt": "1477582855", "direction": "0", "dep_dt": "1477582928", "route_id": "Red", "dwell_time_sec": "73"}, {"arr_dt": "1477583633", "direction": "0", "dep_dt": "1477583740", "route_id": "Red", "dwell_time_sec": "107"}, {"arr_dt": "1477583881", "direction": "0", "dep_dt": "1477583951", "route_id": "Red", "dwell_time_sec": "70"}, {"arr_dt": "1477584374", "direction": "0", "dep_dt": "1477584445", "route_id": "Red", "dwell_time_sec": "71"}, {"arr_dt": "1477584771", "direction": "0", "dep_dt": "1477584846", "route_id": "Red", "dwell_time_sec": "75"}, {"arr_dt": "1477585053", "direction": "0", "dep_dt": "1477585124", "route_id": "Red", "dwell_time_sec": "71"}, {"arr_dt": "1477585409", "direction": "0", "dep_dt": "1477585478", "route_id": "Red", "dwell_time_sec": "69"}, {"arr_dt": "1477585579", "direction": "0", "dep_dt": "1477585645", "route_id": "Red", "dwell_time_sec": "66"}, {"arr_dt": "1477586006", "direction": "0", "dep_dt": "1477586079", "route_id": "Red", "dwell_time_sec": "73"}, {"arr_dt": "1477586503", "direction": "0", "dep_dt": "1477586579", "route_id": "Red", "dwell_time_sec": "76"}, {"arr_dt": "1477586892", "direction": "0", "dep_dt": "1477586957", "route_id": "Red", "dwell_time_sec": "65"}, {"arr_dt": "1477587135", "direction": "0", "dep_dt": "1477587206", "route_id": "Red", "dwell_time_sec": "71"}, {"arr_dt": "1477587622", "direction": "0", "dep_dt": "1477587692", "route_id": "Red", "dwell_time_sec": "70"}, {"arr_dt": "1477588187", "direction": "0", "dep_dt": "1477588272", "route_id": "Red", "dwell_time_sec": "85"}, {"arr_dt": "1477588554", "direction": "0", "dep_dt": "1477588637", "route_id": "Red", "dwell_time_sec": "83"}, {"arr_dt": "1477588895", "direction": "0", "dep_dt": "1477588974", "route_id": "Red", "dwell_time_sec": "79"}, {"arr_dt": "1477589085", "direction": "0", "dep_dt": "1477589153", "route_id": "Red", "dwell_time_sec": "68"}, {"arr_dt": "1477589547", "direction": "0", "dep_dt": "1477589616", "route_id": "Red", "dwell_time_sec": "69"}, {"arr_dt": "1477589938", "direction": "0", "dep_dt": "1477590010", "route_id": "Red", "dwell_time_sec": "72"}, {"arr_dt": "1477590527", "direction": "0", "dep_dt": "1477590607", "route_id": "Red", "dwell_time_sec": "80"}, {"arr_dt": "1477590935", "direction": "0", "dep_dt": "1477591016", "route_id": "Red", "dwell_time_sec": "81"}, {"arr_dt": "1477591347", "direction": "0", "dep_dt": "1477591420", "route_id": "Red", "dwell_time_sec": "73"}, {"arr_dt": "1477591543", "direction": "0", "dep_dt": "1477591609", "route_id": "Red", "dwell_time_sec": "66"}, {"arr_dt": "1477592148", "direction": "0", "dep_dt": "1477592243", "route_id": "Red", "dwell_time_sec": "95"}, {"arr_dt": "1477592975", "direction": "0", "dep_dt": "1477593053", "route_id": "Red", "dwell_time_sec": "78"}, {"arr_dt": "1477593762", "direction": "0", "dep_dt": "1477593858", "route_id": "Red", "dwell_time_sec": "96"}, {"arr_dt": "1477594020", "direction": "0", "dep_dt": "1477594094", "route_id": "Red", "dwell_time_sec": "74"}, {"arr_dt": "1477594342", "direction": "0", "dep_dt": "1477594430", "route_id": "Red", "dwell_time_sec": "88"}, {"arr_dt": "1477594848", "direction": "0", "dep_dt": "1477594939", "route_id": "Red", "dwell_time_sec": "91"}, {"arr_dt": "1477595259", "direction": "0", "dep_dt": "1477595356", "route_id": "Red", "dwell_time_sec": "97"}, {"arr_dt": "1477595494", "direction": "0", "dep_dt": "1477595587", "route_id": "Red", "dwell_time_sec": "93"}, {"arr_dt": "1477595849", "direction": "0", "dep_dt": "1477595925", "route_id": "Red", "dwell_time_sec": "76"}, {"arr_dt": "1477596213", "direction": "0", "dep_dt": "1477596286", "route_id": "Red", "dwell_time_sec": "73"}, {"arr_dt": "1477596946", "direction": "0", "dep_dt": "1477597062", "route_id": "Red", "dwell_time_sec": "116"}, {"arr_dt": "1477597709", "direction": "0", "dep_dt": "1477597853", "route_id": "Red", "dwell_time_sec": "144"}, {"arr_dt": "1477598022", "direction": "0", "dep_dt": "1477598164", "route_id": "Red", "dwell_time_sec": "142"}, {"arr_dt": "1477598292", "direction": "0", "dep_dt": "1477598387", "route_id": "Red", "dwell_time_sec": "95"}, {"arr_dt": "1477598522", "direction": "0", "dep_dt": "1477598596", "route_id": "Red", "dwell_time_sec": "74"}, {"arr_dt": "1477598987", "direction": "0", "dep_dt": "1477599073", "route_id": "Red", "dwell_time_sec": "86"}, {"arr_dt": "1477599278", "direction": "0", "dep_dt": "1477599363", "route_id": "Red", "dwell_time_sec": "85"}, {"arr_dt": "1477599772", "direction": "0", "dep_dt": "1477599925", "route_id": "Red", "dwell_time_sec": "153"}, {"arr_dt": "1477600154", "direction": "0", "dep_dt": "1477600248", "route_id": "Red", "dwell_time_sec": "94"}, {"arr_dt": "1477600747", "direction": "0", "dep_dt": "1477600915", "route_id": "Red", "dwell_time_sec": "168"}, {"arr_dt": "1477601004", "direction": "0", "dep_dt": "1477601125", "route_id": "Red", "dwell_time_sec": "121"}, {"arr_dt": "1477601345", "direction": "0", "dep_dt": "1477601448", "route_id": "Red", "dwell_time_sec": "103"}, {"arr_dt": "1477601675", "direction": "0", "dep_dt": "1477601797", "route_id": "Red", "dwell_time_sec": "122"}, {"arr_dt": "1477601920", "direction": "0", "dep_dt": "1477602016", "route_id": "Red", "dwell_time_sec": "96"}, {"arr_dt": "1477602125", "direction": "0", "dep_dt": "1477602244", "route_id": "Red", "dwell_time_sec": "119"}, {"arr_dt": "1477602338", "direction": "0", "dep_dt": "1477602451", "route_id": "Red", "dwell_time_sec": "113"}, {"arr_dt": "1477602569", "direction": "0", "dep_dt": "1477602683", "route_id": "Red", "dwell_time_sec": "114"}, {"arr_dt": "1477602991", "direction": "0", "dep_dt": "1477603075", "route_id": "Red", "dwell_time_sec": "84"}, {"arr_dt": "1477603196", "direction": "0", "dep_dt": "1477603330", "route_id": "Red", "dwell_time_sec": "134"}, {"arr_dt": "1477603433", "direction": "0", "dep_dt": "1477603540", "route_id": "Red", "dwell_time_sec": "107"}, {"arr_dt": "1477603683", "direction": "0", "dep_dt": "1477603829", "route_id": "Red", "dwell_time_sec": "146"}, {"arr_dt": "1477603901", "direction": "0", "dep_dt": "1477604038", "route_id": "Red", "dwell_time_sec": "137"}, {"arr_dt": "1477604104", "direction": "0", "dep_dt": "1477604193", "route_id": "Red", "dwell_time_sec": "89"}, {"arr_dt": "1477604294", "direction": "0", "dep_dt": "1477604396", "route_id": "Red", "dwell_time_sec": "102"}, {"arr_dt": "1477604505", "direction": "0", "dep_dt": "1477604621", "route_id": "Red", "dwell_time_sec": "116"}, {"arr_dt": "1477604768", "direction": "0", "dep_dt": "1477604874", "route_id": "Red", "dwell_time_sec": "106"}, {"arr_dt": "1477605094", "direction": "0", "dep_dt": "1477605261", "route_id": "Red", "dwell_time_sec": "167"}, {"arr_dt": "1477605395", "direction": "0", "dep_dt": "1477605503", "route_id": "Red", "dwell_time_sec": "108"}, {"arr_dt": "1477605636", "direction": "0", "dep_dt": "1477605746", "route_id": "Red", "dwell_time_sec": "110"}, {"arr_dt": "1477605863", "direction": "0", "dep_dt": "1477605947", "route_id": "Red", "dwell_time_sec": "84"}, {"arr_dt": "1477606061", "direction": "0", "dep_dt": "1477606149", "route_id": "Red", "dwell_time_sec": "88"}, {"arr_dt": "1477606265", "direction": "0", "dep_dt": "1477606366", "route_id": "Red", "dwell_time_sec": "101"}, {"arr_dt": "1477606664", "direction": "0", "dep_dt": "1477606758", "route_id": "Red", "dwell_time_sec": "94"}, {"arr_dt": "1477607053", "direction": "0", "dep_dt": "1477607145", "route_id": "Red", "dwell_time_sec": "92"}, {"arr_dt": "1477607671", "direction": "0", "dep_dt": "1477607827", "route_id": "Red", "dwell_time_sec": "156"}, {"arr_dt": "1477607926", "direction": "0", "dep_dt": "1477608029", "route_id": "Red", "dwell_time_sec": "103"}, {"arr_dt": "1477608211", "direction": "0", "dep_dt": "1477608328", "route_id": "Red", "dwell_time_sec": "117"}, {"arr_dt": "1477608725", "direction": "0", "dep_dt": "1477608825", "route_id": "Red", "dwell_time_sec": "100"}, {"arr_dt": "1477608959", "direction": "0", "dep_dt": "1477609053", "route_id": "Red", "dwell_time_sec": "94"}, {"arr_dt": "1477609169", "direction": "0", "dep_dt": "1477609256", "route_id": "Red", "dwell_time_sec": "87"}, {"arr_dt": "1477609384", "direction": "0", "dep_dt": "1477609572", "route_id": "Red", "dwell_time_sec": "188"}, {"arr_dt": "1477609693", "direction": "0", "dep_dt": "1477609770", "route_id": "Red", "dwell_time_sec": "77"}, {"arr_dt": "1477609877", "direction": "0", "dep_dt": "1477609962", "route_id": "Red", "dwell_time_sec": "85"}, {"arr_dt": "1477610082", "direction": "0", "dep_dt": "1477610172", "route_id": "Red", "dwell_time_sec": "90"}, {"arr_dt": "1477610448", "direction": "0", "dep_dt": "1477610536", "route_id": "Red", "dwell_time_sec": "88"}, {"arr_dt": "1477610648", "direction": "0", "dep_dt": "1477610730", "route_id": "Red", "dwell_time_sec": "82"}, {"arr_dt": "1477610846", "direction": "0", "dep_dt": "1477610935", "route_id": "Red", "dwell_time_sec": "89"}, {"arr_dt": "1477611036", "direction": "0", "dep_dt": "1477611103", "route_id": "Red", "dwell_time_sec": "67"}, {"arr_dt": "1477611367", "direction": "0", "dep_dt": "1477611446", "route_id": "Red", "dwell_time_sec": "79"}, {"arr_dt": "1477611551", "direction": "0", "dep_dt": "1477611624", "route_id": "Red", "dwell_time_sec": "73"}, {"arr_dt": "1477611924", "direction": "0", "dep_dt": "1477611995", "route_id": "Red", "dwell_time_sec": "71"}, {"arr_dt": "1477612108", "direction": "0", "dep_dt": "1477612167", "route_id": "Red", "dwell_time_sec": "59"}, {"arr_dt": "1477612316", "direction": "0", "dep_dt": "1477612391", "route_id": "Red", "dwell_time_sec": "75"}, {"arr_dt": "1477612582", "direction": "0", "dep_dt": "1477612652", "route_id": "Red", "dwell_time_sec": "70"}, {"arr_dt": "1477612759", "direction": "0", "dep_dt": "1477612821", "route_id": "Red", "dwell_time_sec": "62"}, {"arr_dt": "1477613461", "direction": "0", "dep_dt": "1477613605", "route_id": "Red", "dwell_time_sec": "144"}, {"arr_dt": "1477614011", "direction": "0", "dep_dt": "1477614091", "route_id": "Red", "dwell_time_sec": "80"}, {"arr_dt": "1477614552", "direction": "0", "dep_dt": "1477614627", "route_id": "Red", "dwell_time_sec": "75"}, {"arr_dt": "1477614809", "direction": "0", "dep_dt": "1477614877", "route_id": "Red", "dwell_time_sec": "68"}, {"arr_dt": "1477614982", "direction": "0", "dep_dt": "1477615043", "route_id": "Red", "dwell_time_sec": "61"}, {"arr_dt": "1477615426", "direction": "0", "dep_dt": "1477615494", "route_id": "Red", "dwell_time_sec": "68"}, {"arr_dt": "1477615905", "direction": "0", "dep_dt": "1477615991", "route_id": "Red", "dwell_time_sec": "86"}, {"arr_dt": "1477616174", "direction": "0", "dep_dt": "1477616243", "route_id": "Red", "dwell_time_sec": "69"}, {"arr_dt": "1477616520", "direction": "0", "dep_dt": "1477616602", "route_id": "Red", "dwell_time_sec": "82"}, {"arr_dt": "1477617210", "direction": "0", "dep_dt": "1477617285", "route_id": "Red", "dwell_time_sec": "75"}, {"arr_dt": "1477617528", "direction": "0", "dep_dt": "1477617589", "route_id": "Red", "dwell_time_sec": "61"}, {"arr_dt": "1477617926", "direction": "0", "dep_dt": "1477618007", "route_id": "Red", "dwell_time_sec": "81"}, {"arr_dt": "1477618234", "direction": "0", "dep_dt": "1477618298", "route_id": "Red", "dwell_time_sec": "64"}, {"arr_dt": "1477618602", "direction": "0", "dep_dt": "1477618683", "route_id": "Red", "dwell_time_sec": "81"}, {"arr_dt": "1477618816", "direction": "0", "dep_dt": "1477618888", "route_id": "Red", "dwell_time_sec": "72"}, {"arr_dt": "1477619156", "direction": "0", "dep_dt": "1477619226", "route_id": "Red", "dwell_time_sec": "70"}, {"arr_dt": "1477619385", "direction": "0", "dep_dt": "1477619444", "route_id": "Red", "dwell_time_sec": "59"}, {"arr_dt": "1477619732", "direction": "0", "dep_dt": "1477619789", "route_id": "Red", "dwell_time_sec": "57"}, {"arr_dt": "1477620022", "direction": "0", "dep_dt": "1477620087", "route_id": "Red", "dwell_time_sec": "65"}, {"arr_dt": "1477620523", "direction": "0", "dep_dt": "1477620606", "route_id": "Red", "dwell_time_sec": "83"}, {"arr_dt": "1477620711", "direction": "0", "dep_dt": "1477620775", "route_id": "Red", "dwell_time_sec": "64"}, {"arr_dt": "1477621066", "direction": "0", "dep_dt": "1477621137", "route_id": "Red", "dwell_time_sec": "71"}, {"arr_dt": "1477621590", "direction": "0", "dep_dt": "1477621671", "route_id": "Red", "dwell_time_sec": "81"}, {"arr_dt": "1477621923", "direction": "0", "dep_dt": "1477621989", "route_id": "Red", "dwell_time_sec": "66"}, {"arr_dt": "1477622100", "direction": "0", "dep_dt": "1477622158", "route_id": "Red", "dwell_time_sec": "58"}, {"arr_dt": "1477622514", "direction": "0", "dep_dt": "1477622568", "route_id": "Red", "dwell_time_sec": "54"}, {"arr_dt": "1477622976", "direction": "0", "dep_dt": "1477623093", "route_id": "Red", "dwell_time_sec": "117"}, {"arr_dt": "1477623205", "direction": "0", "dep_dt": "1477623362", "route_id": "Red", "dwell_time_sec": "157"}, {"arr_dt": "1477623623", "direction": "0", "dep_dt": "1477623686", "route_id": "Red", "dwell_time_sec": "63"}, {"arr_dt": "1477623937", "direction": "0", "dep_dt": "1477624010", "route_id": "Red", "dwell_time_sec": "73"}, {"arr_dt": "1477624535", "direction": "0", "dep_dt": "1477624624", "route_id": "Red", "dwell_time_sec": "89"}, {"arr_dt": "1477624738", "direction": "0", "dep_dt": "1477624828", "route_id": "Red", "dwell_time_sec": "90"}, {"arr_dt": "1477624943", "direction": "0", "dep_dt": "1477625005", "route_id": "Red", "dwell_time_sec": "62"}, {"arr_dt": "1477625435", "direction": "0", "dep_dt": "1477625506", "route_id": "Red", "dwell_time_sec": "71"}, {"arr_dt": "1477625667", "direction": "0", "dep_dt": "1477626125", "route_id": "Red", "dwell_time_sec": "458"}, {"arr_dt": "1477626228", "direction": "0", "dep_dt": "1477626292", "route_id": "Red", "dwell_time_sec": "64"}, {"arr_dt": "1477626452", "direction": "0", "dep_dt": "1477626519", "route_id": "Red", "dwell_time_sec": "67"}, {"arr_dt": "1477626730", "direction": "0", "dep_dt": "1477626780", "route_id": "Red", "dwell_time_sec": "50"}]}