{"dwell_times": [{"arr_dt": "1461902821", "direction": "0", "dep_dt": "1461902893", "route_id": "Red", "dwell_time_sec": "72"}, {"arr_dt": "1461903377", "direction": "0", "dep_dt": "1461903463", "route_id": "Red", "dwell_time_sec": "86"}, {"arr_dt": "1461904028", "direction": "0", "dep_dt": "1461904101", "route_id": "Red", "dwell_time_sec": "73"}, {"arr_dt": "1461904703", "direction": "0", "dep_dt": "1461904767", "route_id": "Red", "dwell_time_sec": "64"}, {"arr_dt": "1461905525", "direction": "0", "dep_dt": "1461907114", "route_id": "Red", "dwell_time_sec": "1589"}, {"arr_dt": "1461922360", "direction": "0", "dep_dt": "1461922417", "route_id": "Red", "dwell_time_sec": "57"}, {"arr_dt": "1461922951", "direction": "0", "dep_dt": "1461923018", "route_id": "Red", "dwell_time_sec": "67"}, {"arr_dt": "1461923215", "direction": "0", "dep_dt": "1461923274", "route_id": "Red", "dwell_time_sec": "59"}, {"arr_dt": "1461923638", "direction": "0", "dep_dt": "1461923726", "route_id": "Red", "dwell_time_sec": "88"}, {"arr_dt": "1461924013", "direction": "0", "dep_dt": "1461924085", "route_id": "Red", "dwell_time_sec": "72"}, {"arr_dt": "1461924651", "direction": "0", "dep_dt": "1461924719", "route_id": "Red", "dwell_time_sec": "68"}, {"arr_dt": "1461925151", "direction": "0", "dep_dt": "1461925209", "route_id": "Red", "dwell_time_sec": "58"}, {"arr_dt": "1461925566", "direction": "0", "dep_dt": "1461925645", "route_id": "Red", "dwell_time_sec": "79"}, {"arr_dt": "1461925898", "direction": "0", "dep_dt": "1461925958", "route_id": "Red", "dwell_time_sec": "60"}, {"arr_dt": "1461926082", "direction": "0", "dep_dt": "1461926134", "route_id": "Red", "dwell_time_sec": "52"}, {"arr_dt": "1461926493", "direction": "0", "dep_dt": "1461926561", "route_id": "Red", "dwell_time_sec": "68"}, {"arr_dt": "1461926757", "direction": "0", "dep_dt": "1461926811", "route_id": "Red", "dwell_time_sec": "54"}, {"arr_dt": "1461927192", "direction": "0", "dep_dt": "1461927260", "route_id": "Red", "dwell_time_sec": "68"}, {"arr_dt": "1461927572", "direction": "0", "dep_dt": "1461927646", "route_id": "Red", "dwell_time_sec": "74"}, {"arr_dt": "1461927787", "direction": "0", "dep_dt": "1461927852", "route_id": "Red", "dwell_time_sec": "65"}, {"arr_dt": "1461928074", "direction": "0", "dep_dt": "1461928169", "route_id": "Red", "dwell_time_sec": "95"}, {"arr_dt": "1461928259", "direction": "0", "dep_dt": "1461928345", "route_id": "Red", "dwell_time_sec": "86"}, {"arr_dt": "1461928647", "direction": "0", "dep_dt": "1461928723", "route_id": "Red", "dwell_time_sec": "76"}, {"arr_dt": "1461928980", "direction": "0", "dep_dt": "1461929051", "route_id": "Red", "dwell_time_sec": "71"}, {"arr_dt": "1461929160", "direction": "0", "dep_dt": "1461929265", "route_id": "Red", "dwell_time_sec": "105"}, {"arr_dt": "1461929355", "direction": "0", "dep_dt": "1461929422", "route_id": "Red", "dwell_time_sec": "67"}, {"arr_dt": "1461929526", "direction": "0", "dep_dt": "1461929589", "route_id": "Red", "dwell_time_sec": "63"}, {"arr_dt": "1461929779", "direction": "0", "dep_dt": "1461929842", "route_id": "Red", "dwell_time_sec": "63"}, {"arr_dt": "1461929955", "direction": "0", "dep_dt": "1461930060", "route_id": "Red", "dwell_time_sec": "105"}, {"arr_dt": "1461930216", "direction": "0", "dep_dt": "1461930293", "route_id": "Red", "dwell_time_sec": "77"}, {"arr_dt": "1461930402", "direction": "0", "dep_dt": "1461930480", "route_id": "Red", "dwell_time_sec": "78"}, {"arr_dt": "1461930689", "direction": "0", "dep_dt": "1461930776", "route_id": "Red", "dwell_time_sec": "87"}, {"arr_dt": "1461930890", "direction": "0", "dep_dt": "1461930962", "route_id": "Red", "dwell_time_sec": "72"}, {"arr_dt": "1461931072", "direction": "0", "dep_dt": "1461931143", "route_id": "Red", "dwell_time_sec": "71"}, {"arr_dt": "1461931297", "direction": "0", "dep_dt": "1461931387", "route_id": "Red", "dwell_time_sec": "90"}, {"arr_dt": "1461931537", "direction": "0", "dep_dt": "1461931607", "route_id": "Red", "dwell_time_sec": "70"}, {"arr_dt": "1461931760", "direction": "0", "dep_dt": "1461931848", "route_id": "Red", "dwell_time_sec": "88"}, {"arr_dt": "1461932072", "direction": "0", "dep_dt": "1461932167", "route_id": "Red", "dwell_time_sec": "95"}, {"arr_dt": "1461932270", "direction": "0", "dep_dt": "1461932360", "route_id": "Red", "dwell_time_sec": "90"}, {"arr_dt": "1461932713", "direction": "0", "dep_dt": "1461932828", "route_id": "Red", "dwell_time_sec": "115"}, {"arr_dt": "1461933132", "direction": "0", "dep_dt": "1461933239", "route_id": "Red", "dwell_time_sec": "107"}, {"arr_dt": "1461933336", "direction": "0", "dep_dt": "1461933437", "route_id": "Red", "dwell_time_sec": "101"}, {"arr_dt": "1461933561", "direction": "0", "dep_dt": "1461933643", "route_id": "Red", "dwell_time_sec": "82"}, {"arr_dt": "1461933774", "direction": "0", "dep_dt": "1461933888", "route_id": "Red", "dwell_time_sec": "114"}, {"arr_dt": "1461933961", "direction": "0", "dep_dt": "1461934054", "route_id": "Red", "dwell_time_sec": "93"}, {"arr_dt": "1461934176", "direction": "0", "dep_dt": "1461934307", "route_id": "Red", "dwell_time_sec": "131"}, {"arr_dt": "1461934392", "direction": "0", "dep_dt": "1461934476", "route_id": "Red", "dwell_time_sec": "84"}, {"arr_dt": "1461934734", "direction": "0", "dep_dt": "1461934858", "route_id": "Red", "dwell_time_sec": "124"}, {"arr_dt": "1461934962", "direction": "0", "dep_dt": "1461935057", "route_id": "Red", "dwell_time_sec": "95"}, {"arr_dt": "1461935138", "direction": "0", "dep_dt": "1461935219", "route_id": "Red", "dwell_time_sec": "81"}, {"arr_dt": "1461935338", "direction": "0", "dep_dt": "1461935414", "route_id": "Red", "dwell_time_sec": "76"}, {"arr_dt": "1461935498", "direction": "0", "dep_dt": "1461935594", "route_id": "Red", "dwell_time_sec": "96"}, {"arr_dt": "1461935702", "direction": "0", "dep_dt": "1461935782", "route_id": "Red", "dwell_time_sec": "80"}, {"arr_dt": "1461935933", "direction": "0", "dep_dt": "1461936077", "route_id": "Red", "dwell_time_sec": "144"}, {"arr_dt": "1461936526", "direction": "0", "dep_dt": "1461936613", "route_id": "Red", "dwell_time_sec": "87"}, {"arr_dt": "1461937040", "direction": "0", "dep_dt": "1461937147", "route_id": "Red", "dwell_time_sec": "107"}, {"arr_dt": "1461937471", "direction": "0", "dep_dt": "1461937568", "route_id": "Red", "dwell_time_sec": "97"}, {"arr_dt": "1461937660", "direction": "0", "dep_dt": "1461937737", "route_id": "Red", "dwell_time_sec": "77"}, {"arr_dt": "1461937875", "direction": "0", "dep_dt": "1461938157", "route_id": "Red", "dwell_time_sec": "282"}, {"arr_dt": "1461938249", "direction": "0", "dep_dt": "1461938328", "route_id": "Red", "dwell_time_sec": "79"}, {"arr_dt": "1461938444", "direction": "0", "dep_dt": "1461938539", "route_id": "Red", "dwell_time_sec": "95"}, {"arr_dt": "1461938631", "direction": "0", "dep_dt": "1461938708", "route_id": "Red", "dwell_time_sec": "77"}, {"arr_dt": "1461938852", "direction": "0", "dep_dt": "1461938922", "route_id": "Red", "dwell_time_sec": "70"}, {"arr_dt": "1461939212", "direction": "0", "dep_dt": "1461939295", "route_id": "Red", "dwell_time_sec": "83"}, {"arr_dt": "1461939404", "direction": "0", "dep_dt": "1461939496", "route_id": "Red", "dwell_time_sec": "92"}, {"arr_dt": "1461939592", "direction": "0", "dep_dt": "1461939659", "route_id": "Red", "dwell_time_sec": "67"}, {"arr_dt": "1461939802", "direction": "0", "dep_dt": "1461939867", "route_id": "Red", "dwell_time_sec": "65"}, {"arr_dt": "1461939980", "direction": "0", "dep_dt": "1461940051", "route_id": "Red", "dwell_time_sec": "71"}, {"arr_dt": "1461940166", "direction": "0", "dep_dt": "1461940218", "route_id": "Red", "dwell_time_sec": "52"}, {"arr_dt": "1461940437", "direction": "0", "dep_dt": "1461940506", "route_id": "Red", "dwell_time_sec": "69"}, {"arr_dt": "1461940608", "direction": "0", "dep_dt": "1461940669", "route_id": "Red", "dwell_time_sec": "61"}, {"arr_dt": "1461940892", "direction": "0", "dep_dt": "1461940960", "route_id": "Red", "dwell_time_sec": "68"}, {"arr_dt": "1461941641", "direction": "0", "dep_dt": "1461941741", "route_id": "Red", "dwell_time_sec": "100"}, {"arr_dt": "1461941835", "direction": "0", "dep_dt": "1461941905", "route_id": "Red", "dwell_time_sec": "70"}, {"arr_dt": "1461942013", "direction": "0", "dep_dt": "1461942094", "route_id": "Red", "dwell_time_sec": "81"}, {"arr_dt": "1461942168", "direction": "0", "dep_dt": "1461942226", "route_id": "Red", "dwell_time_sec": "58"}, {"arr_dt": "1461943130", "direction": "0", "dep_dt": "1461943228", "route_id": "Red", "dwell_time_sec": "98"}, {"arr_dt": "1461943353", "direction": "0", "dep_dt": "1461943414", "route_id": "Red", "dwell_time_sec": "61"}, {"arr_dt": "1461943550", "direction": "0", "dep_dt": "1461943618", "route_id": "Red", "dwell_time_sec": "68"}, {"arr_dt": "1461943764", "direction": "0", "dep_dt": "1461943822", "route_id": "Red", "dwell_time_sec": "58"}, {"arr_dt": "1461944261", "direction": "0", "dep_dt": "1461944373", "route_id": "Red", "dwell_time_sec": "112"}, {"arr_dt": "1461944816", "direction": "0", "dep_dt": "1461944906", "route_id": "Red", "dwell_time_sec": "90"}, {"arr_dt": "1461945202", "direction": "0", "dep_dt": "1461945267", "route_id": "Red", "dwell_time_sec": "65"}, {"arr_dt": "1461945662", "direction": "0", "dep_dt": "1461945741", "route_id": "Red", "dwell_time_sec": "79"}, {"arr_dt": "1461945899", "direction": "0", "dep_dt": "1461945982", "route_id": "Red", "dwell_time_sec": "83"}, {"arr_dt": "1461946418", "direction": "0", "dep_dt": "1461946508", "route_id": "Red", "dwell_time_sec": "90"}, {"arr_dt": "1461946835", "direction": "0", "dep_dt": "1461946905", "route_id": "Red", "dwell_time_sec": "70"}, {"arr_dt": "1461947226", "direction": "0", "dep_dt": "1461947298", "route_id": "Red", "dwell_time_sec": "72"}, {"arr_dt": "1461947691", "direction": "0", "dep_dt": "1461947884", "route_id": "Red", "dwell_time_sec": "193"}, {"arr_dt": "1461948259", "direction": "0", "dep_dt": "1461948332", "route_id": "Red", "dwell_time_sec": "73"}, {"arr_dt": "1461948880", "direction": "0", "dep_dt": "1461948956", "route_id": "Red", "dwell_time_sec": "76"}, {"arr_dt": "1461949161", "direction": "0", "dep_dt": "1461949238", "route_id": "Red", "dwell_time_sec": "77"}, {"arr_dt": "1461949601", "direction": "0", "dep_dt": "1461949676", "route_id": "Red", "dwell_time_sec": "75"}, {"arr_dt": "1461949950", "direction": "0", "dep_dt": "1461950037", "route_id": "Red", "dwell_time_sec": "87"}, {"arr_dt": "1461950251", "direction": "0", "dep_dt": "1461950322", "route_id": "Red", "dwell_time_sec": "71"}, {"arr_dt": "1461950647", "direction": "0", "dep_dt": "1461950728", "route_id": "Red", "dwell_time_sec": "81"}, {"arr_dt": "1461951290", "direction": "0", "dep_dt": "1461951366", "route_id": "Red", "dwell_time_sec": "76"}, {"arr_dt": "1461951483", "direction": "0", "dep_dt": "1461951558", "route_id": "Red", "dwell_time_sec": "75"}, {"arr_dt": "1461952102", "direction": "0", "dep_dt": "1461952176", "route_id": "Red", "dwell_time_sec": "74"}, {"arr_dt": "1461952295", "direction": "0", "dep_dt": "1461952380", "route_id": "Red", "dwell_time_sec": "85"}, {"arr_dt": "1461952969", "direction": "0", "dep_dt": "1461953057", "route_id": "Red", "dwell_time_sec": "88"}, {"arr_dt": "1461953236", "direction": "0", "dep_dt": "1461953317", "route_id": "Red", "dwell_time_sec": "81"}, {"arr_dt": "1461953739", "direction": "0", "dep_dt": "1461953827", "route_id": "Red", "dwell_time_sec": "88"}, {"arr_dt": "1461954299", "direction": "0", "dep_dt": "1461954423", "route_id": "Red", "dwell_time_sec": "124"}, {"arr_dt": "1461954635", "direction": "0", "dep_dt": "1461954723", "route_id": "Red", "dwell_time_sec": "88"}, {"arr_dt": "1461954909", "direction": "0", "dep_dt": "1461954995", "route_id": "Red", "dwell_time_sec": "86"}, {"arr_dt": "1461955570", "direction": "0", "dep_dt": "1461955675", "route_id": "Red", "dwell_time_sec": "105"}, {"arr_dt": "1461955848", "direction": "0", "dep_dt": "1461955926", "route_id": "Red", "dwell_time_sec": "78"}, {"arr_dt": "1461956280", "direction": "0", "dep_dt": "1461956369", "route_id": "Red", "dwell_time_sec": "89"}, {"arr_dt": "1461956909", "direction": "0", "dep_dt": "1461957052", "route_id": "Red", "dwell_time_sec": "143"}, {"arr_dt": "1461957500", "direction": "0", "dep_dt": "1461957625", "route_id": "Red", "dwell_time_sec": "125"}, {"arr_dt": "1461957806", "direction": "0", "dep_dt": "1461957905", "route_id": "Red", "dwell_time_sec": "99"}, {"arr_dt": "1461958613", "direction": "0", "dep_dt": "1461958730", "route_id": "Red", "dwell_time_sec": "117"}, {"arr_dt": "1461958827", "direction": "0", "dep_dt": "1461958927", "route_id": "Red", "dwell_time_sec": "100"}, {"arr_dt": "1461959059", "direction": "0", "dep_dt": "1461959188", "route_id": "Red", "dwell_time_sec": "129"}, {"arr_dt": "1461959275", "direction": "0", "dep_dt": "1461959367", "route_id": "Red", "dwell_time_sec": "92"}, {"arr_dt": "1461959457", "direction": "0", "dep_dt": "1461959573", "route_id": "Red", "dwell_time_sec": "116"}, {"arr_dt": "1461959662", "direction": "0", "dep_dt": "1461959752", "route_id": "Red", "dwell_time_sec": "90"}, {"arr_dt": "1461959913", "direction": "0", "dep_dt": "1461960020", "route_id": "Red", "dwell_time_sec": "107"}, {"arr_dt": "1461960420", "direction": "0", "dep_dt": "1461960521", "route_id": "Red", "dwell_time_sec": "101"}, {"arr_dt": "1461960781", "direction": "0", "dep_dt": "1461960885", "route_id": "Red", "dwell_time_sec": "104"}, {"arr_dt": "1461961241", "direction": "0", "dep_dt": "1461961348", "route_id": "Red", "dwell_time_sec": "107"}, {"arr_dt": "1461961444", "direction": "0", "dep_dt": "1461961548", "route_id": "Red", "dwell_time_sec": "104"}, {"arr_dt": "1461961690", "direction": "0", "dep_dt": "1461961796", "route_id": "Red", "dwell_time_sec": "106"}, {"arr_dt": "1461961952", "direction": "0", "dep_dt": "1461962056", "route_id": "Red", "dwell_time_sec": "104"}, {"arr_dt": "1461962141", "direction": "0", "dep_dt": "1461962263", "route_id": "Red", "dwell_time_sec": "122"}, {"arr_dt": "1461962357", "direction": "0", "dep_dt": "1461962445", "route_id": "Red", "dwell_time_sec": "88"}, {"arr_dt": "1461962548", "direction": "0", "dep_dt": "1461962670", "route_id": "Red", "dwell_time_sec": "122"}, {"arr_dt": "1461962866", "direction": "0", "dep_dt": "1461962977", "route_id": "Red", "dwell_time_sec": "111"}, {"arr_dt": "1461963190", "direction": "0", "dep_dt": "1461963288", "route_id": "Red", "dwell_time_sec": "98"}, {"arr_dt": "1461963393", "direction": "0", "dep_dt": "1461963508", "route_id": "Red", "dwell_time_sec": "115"}, {"arr_dt": "1461963879", "direction": "0", "dep_dt": "1461964033", "route_id": "Red", "dwell_time_sec": "154"}, {"arr_dt": "1461964118", "direction": "0", "dep_dt": "1461964217", "route_id": "Red", "dwell_time_sec": "99"}, {"arr_dt": "1461964426", "direction": "0", "dep_dt": "1461964564", "route_id": "Red", "dwell_time_sec": "138"}, {"arr_dt": "1461964659", "direction": "0", "dep_dt": "1461964786", "route_id": "Red", "dwell_time_sec": "127"}, {"arr_dt": "1461964923", "direction": "0", "dep_dt": "1461965047", "route_id": "Red", "dwell_time_sec": "124"}, {"arr_dt": "1461965122", "direction": "0", "dep_dt": "1461965247", "route_id": "Red", "dwell_time_sec": "125"}, {"arr_dt": "1461965351", "direction": "0", "dep_dt": "1461965447", "route_id": "Red", "dwell_time_sec": "96"}, {"arr_dt": "1461965576", "direction": "0", "dep_dt": "1461965668", "route_id": "Red", "dwell_time_sec": "92"}, {"arr_dt": "1461965770", "direction": "0", "dep_dt": "1461965861", "route_id": "Red", "dwell_time_sec": "91"}, {"arr_dt": "1461966150", "direction": "0", "dep_dt": "1461966238", "route_id": "Red", "dwell_time_sec": "88"}, {"arr_dt": "1461966336", "direction": "0", "dep_dt": "1461966428", "route_id": "Red", "dwell_time_sec": "92"}, {"arr_dt": "1461966573", "direction": "0", "dep_dt": "1461966761", "route_id": "Red", "dwell_time_sec": "188"}, {"arr_dt": "1461966867", "direction": "0", "dep_dt": "1461966977", "route_id": "Red", "dwell_time_sec": "110"}, {"arr_dt": "1461967085", "direction": "0", "dep_dt": "1461967193", "route_id": "Red", "dwell_time_sec": "108"}, {"arr_dt": "1461967278", "direction": "0", "dep_dt": "1461967367", "route_id": "Red", "dwell_time_sec": "89"}, {"arr_dt": "1461967470", "direction": "0", "dep_dt": "1461967581", "route_id": "Red", "dwell_time_sec": "111"}, {"arr_dt": "1461967721", "direction": "0", "dep_dt": "1461967843", "route_id": "Red", "dwell_time_sec": "122"}, {"arr_dt": "1461967962", "direction": "0", "dep_dt": "1461968048", "route_id": "Red", "dwell_time_sec": "86"}, {"arr_dt": "1461968146", "direction": "0", "dep_dt": "1461968259", "route_id": "Red", "dwell_time_sec": "113"}, {"arr_dt": "1461968354", "direction": "0", "dep_dt": "1461968449", "route_id": "Red", "dwell_time_sec": "95"}, {"arr_dt": "1461968559", "direction": "0", "dep_dt": "1461968648", "route_id": "Red", "dwell_time_sec": "89"}, {"arr_dt": "1461968766", "direction": "0", "dep_dt": "1461968841", "route_id": "Red", "dwell_time_sec": "75"}, {"arr_dt": "1461968987", "direction": "0", "dep_dt": "1461969065", "route_id": "Red", "dwell_time_sec": "78"}, {"arr_dt": "1461969176", "direction": "0", "dep_dt": "1461969262", "route_id": "Red", "dwell_time_sec": "86"}, {"arr_dt": "1461969350", "direction": "0", "dep_dt": "1461969417", "route_id": "Red", "dwell_time_sec": "67"}, {"arr_dt": "1461969842", "direction": "0", "dep_dt": "1461969932", "route_id": "Red", "dwell_time_sec": "90"}, {"arr_dt": "1461970148", "direction": "0", "dep_dt": "1461970247", "route_id": "Red", "dwell_time_sec": "99"}, {"arr_dt": "1461970606", "direction": "0", "dep_dt": "1461970694", "route_id": "Red", "dwell_time_sec": "88"}, {"arr_dt": "1461971067", "direction": "0", "dep_dt": "1461971132", "route_id": "Red", "dwell_time_sec": "65"}, {"arr_dt": "1461971537", "direction": "0", "dep_dt": "1461971629", "route_id": "Red", "dwell_time_sec": "92"}, {"arr_dt": "1461971724", "direction": "0", "dep_dt": "1461971808", "route_id": "Red", "dwell_time_sec": "84"}, {"arr_dt": "1461971955", "direction": "0", "dep_dt": "1461972079", "route_id": "Red", "dwell_time_sec": "124"}, {"arr_dt": "1461972146", "direction": "0", "dep_dt": "1461972242", "route_id": "Red", "dwell_time_sec": "96"}, {"arr_dt": "1461972336", "direction": "0", "dep_dt": "1461972420", "route_id": "Red", "dwell_time_sec": "84"}, {"arr_dt": "1461972513", "direction": "0", "dep_dt": "1461972618", "route_id": "Red", "dwell_time_sec": "105"}, {"arr_dt": "1461972707", "direction": "0", "dep_dt": "1461972785", "route_id": "Red", "dwell_time_sec": "78"}, {"arr_dt": "1461972916", "direction": "0", "dep_dt": "1461972998", "route_id": "Red", "dwell_time_sec": "82"}, {"arr_dt": "1461973105", "direction": "0", "dep_dt": "1461973178", "route_id": "Red", "dwell_time_sec": "73"}, {"arr_dt": "1461973292", "direction": "0", "dep_dt": "1461973361", "route_id": "Red", "dwell_time_sec": "69"}, {"arr_dt": "1461973502", "direction": "0", "dep_dt": "1461973563", "route_id": "Red", "dwell_time_sec": "61"}, {"arr_dt": "1461973832", "direction": "0", "dep_dt": "1461973931", "route_id": "Red", "dwell_time_sec": "99"}, {"arr_dt": "1461974059", "direction": "0", "dep_dt": "1461974140", "route_id": "Red", "dwell_time_sec": "81"}, {"arr_dt": "1461974261", "direction": "0", "dep_dt": "1461974362", "route_id": "Red", "dwell_time_sec": "101"}, {"arr_dt": "1461974542", "direction": "0", "dep_dt": "1461974613", "route_id": "Red", "dwell_time_sec": "71"}, {"arr_dt": "1461974956", "direction": "0", "dep_dt": "1461975025", "route_id": "Red", "dwell_time_sec": "69"}, {"arr_dt": "1461975304", "direction": "0", "dep_dt": "1461975389", "route_id": "Red", "dwell_time_sec": "85"}, {"arr_dt": "1461975489", "direction": "0", "dep_dt": "1461975567", "route_id": "Red", "dwell_time_sec": "78"}, {"arr_dt": "1461975760", "direction": "0", "dep_dt": "1461975830", "route_id": "Red", "dwell_time_sec": "70"}, {"arr_dt": "1461976044", "direction": "0", "dep_dt": "1461976125", "route_id": "Red", "dwell_time_sec": "81"}, {"arr_dt": "1461976399", "direction": "0", "dep_dt": "1461976468", "route_id": "Red", "dwell_time_sec": "69"}, {"arr_dt": "1461976669", "direction": "0", "dep_dt": "1461976727", "route_id": "Red", "dwell_time_sec": "58"}, {"arr_dt": "1461977251", "direction": "0", "dep_dt": "1461977327", "route_id": "Red", "dwell_time_sec": "76"}, {"arr_dt": "1461977458", "direction": "0", "dep_dt": "1461977523", "route_id": "Red", "dwell_time_sec": "65"}, {"arr_dt": "1461977875", "direction": "0", "dep_dt": "1461977987", "route_id": "Red", "dwell_time_sec": "112"}, {"arr_dt": "1461978421", "direction": "0", "dep_dt": "1461978494", "route_id": "Red", "dwell_time_sec": "73"}, {"arr_dt": "1461978964", "direction": "0", "dep_dt": "1461979057", "route_id": "Red", "dwell_time_sec": "93"}, {"arr_dt": "1461979160", "direction": "0", "dep_dt": "1461979233", "route_id": "Red", "dwell_time_sec": "73"}, {"arr_dt": "1461979518", "direction": "0", "dep_dt": "1461979598", "route_id": "Red", "dwell_time_sec": "80"}, {"arr_dt": "1461979781", "direction": "0", "dep_dt": "1461979882", "route_id": "Red", "dwell_time_sec": "101"}, {"arr_dt": "1461980081", "direction": "0", "dep_dt": "1461980161", "route_id": "Red", "dwell_time_sec": "80"}, {"arr_dt": "1461980514", "direction": "0", "dep_dt": "1461980595", "route_id": "Red", "dwell_time_sec": "81"}, {"arr_dt": "1461980791", "direction": "0", "dep_dt": "1461980871", "route_id": "Red", "dwell_time_sec": "80"}, {"arr_dt": "1461981184", "direction": "0", "dep_dt": "1461981252", "route_id": "Red", "dwell_time_sec": "68"}, {"arr_dt": "1461981460", "direction": "0", "dep_dt": "1461981528", "route_id": "Red", "dwell_time_sec": "68"}, {"arr_dt": "1461981678", "direction": "0", "dep_dt": "1461981750", "route_id": "Red", "dwell_time_sec": "72"}, {"arr_dt": "1461982171", "direction": "0", "dep_dt": "1461982253", "route_id": "Red", "dwell_time_sec": "82"}, {"arr_dt": "1461982451", "direction": "0", "dep_dt": "1461982537", "route_id": "Red", "dwell_time_sec": "86"}, {"arr_dt": "1461982855", "direction": "0", "dep_dt": "1461982930", "route_id": "Red", "dwell_time_sec": "75"}, {"arr_dt": "1461983299", "direction": "0", "dep_dt": "1461983423", "route_id": "Red", "dwell_time_sec": "124"}, {"arr_dt": "1461983869", "direction": "0", "dep_dt": "1461983961", "route_id": "Red", "dwell_time_sec": "92"}, {"arr_dt": "1461984071", "direction": "0", "dep_dt": "1461984159", "route_id": "Red", "dwell_time_sec": "88"}, {"arr_dt": "1461984396", "direction": "0", "dep_dt": "1461984467", "route_id": "Red", "dwell_time_sec": "71"}, {"arr_dt": "1461984787", "direction": "0", "dep_dt": "1461984859", "route_id": "Red", "dwell_time_sec": "72"}, {"arr_dt": "1461985340", "direction": "0", "dep_dt": "1461985432", "route_id": "Red", "dwell_time_sec": "92"}, {"arr_dt": "1461985694", "direction": "0", "dep_dt": "1461985771", "route_id": "Red", "dwell_time_sec": "77"}, {"arr_dt": "1461986044", "direction": "0", "dep_dt": "1461986108", "route_id": "Red", "dwell_time_sec": "64"}, {"arr_dt": "1461986578", "direction": "0", "dep_dt": "1461986655", "route_id": "Red", "dwell_time_sec": "77"}, {"arr_dt": "1461986780", "direction": "0", "dep_dt": "1461986859", "route_id": "Red", "dwell_time_sec": "79"}, {"arr_dt": "1461987170", "direction": "0", "dep_dt": "1461987239", "route_id": "Red", "dwell_time_sec": "69"}, {"arr_dt": "1461987365", "direction": "0", "dep_dt": "1461987446", "route_id": "Red", "dwell_time_sec": "81"}, {"arr_dt": "1461987807", "direction": "0", "dep_dt": "1461987888", "route_id": "Red", "dwell_time_sec": "81"}, {"arr_dt": "1461987989", "direction": "0", "dep_dt": "1461988096", "route_id": "Red", "dwell_time_sec": "107"}, {"arr_dt": "1461988377", "direction": "0", "dep_dt": "1461988445", "route_id": "Red", "dwell_time_sec": "68"}]}