{"dwell_times": [{"arr_dt": "1459483273", "direction": "0", "dep_dt": "1459483338", "route_id": "Red", "dwell_time_sec": "65"}, {"arr_dt": "1459483525", "direction": "0", "dep_dt": "1459483584", "route_id": "Red", "dwell_time_sec": "59"}, {"arr_dt": "1459483772", "direction": "0", "dep_dt": "1459483829", "route_id": "Red", "dwell_time_sec": "57"}, {"arr_dt": "1459484435", "direction": "0", "dep_dt": "1459484505", "route_id": "Red", "dwell_time_sec": "70"}, {"arr_dt": "1459484714", "direction": "0", "dep_dt": "1459484812", "route_id": "Red", "dwell_time_sec": "98"}, {"arr_dt": "1459485204", "direction": "0", "dep_dt": "1459485261", "route_id": "Red", "dwell_time_sec": "57"}, {"arr_dt": "1459485505", "direction": "0", "dep_dt": "1459485561", "route_id": "Red", "dwell_time_sec": "56"}, {"arr_dt": "1459486811", "direction": "0", "dep_dt": "1459487935", "route_id": "Red", "dwell_time_sec": "1124"}, {"arr_dt": "1459503204", "direction": "0", "dep_dt": "1459503258", "route_id": "Red", "dwell_time_sec": "54"}, {"arr_dt": "1459503777", "direction": "0", "dep_dt": "1459503848", "route_id": "Red", "dwell_time_sec": "71"}, {"arr_dt": "1459504184", "direction": "0", "dep_dt": "1459504246", "route_id": "Red", "dwell_time_sec": "62"}, {"arr_dt": "1459504803", "direction": "0", "dep_dt": "1459504874", "route_id": "Red", "dwell_time_sec": "71"}, {"arr_dt": "1459504987", "direction": "0", "dep_dt": "1459505041", "route_id": "Red", "dwell_time_sec": "54"}, {"arr_dt": "1459505529", "direction": "0", "dep_dt": "1459505587", "route_id": "Red", "dwell_time_sec": "58"}, {"arr_dt": "1459506153", "direction": "0", "dep_dt": "1459506227", "route_id": "Red", "dwell_time_sec": "74"}, {"arr_dt": "1459506513", "direction": "0", "dep_dt": "1459506599", "route_id": "Red", "dwell_time_sec": "86"}, {"arr_dt": "1459506902", "direction": "0", "dep_dt": "1459506962", "route_id": "Red", "dwell_time_sec": "60"}, {"arr_dt": "1459507104", "direction": "0", "dep_dt": "1459507163", "route_id": "Red", "dwell_time_sec": "59"}, {"arr_dt": "1459507499", "direction": "0", "dep_dt": "1459507587", "route_id": "Red", "dwell_time_sec": "88"}, {"arr_dt": "1459507736", "direction": "0", "dep_dt": "1459507793", "route_id": "Red", "dwell_time_sec": "57"}, {"arr_dt": "1459508192", "direction": "0", "dep_dt": "1459508256", "route_id": "Red", "dwell_time_sec": "64"}, {"arr_dt": "1459508369", "direction": "0", "dep_dt": "1459508433", "route_id": "Red", "dwell_time_sec": "64"}, {"arr_dt": "1459508705", "direction": "0", "dep_dt": "1459508791", "route_id": "Red", "dwell_time_sec": "86"}, {"arr_dt": "1459508882", "direction": "0", "dep_dt": "1459508957", "route_id": "Red", "dwell_time_sec": "75"}, {"arr_dt": "1459509088", "direction": "0", "dep_dt": "1459509149", "route_id": "Red", "dwell_time_sec": "61"}, {"arr_dt": "1459509364", "direction": "0", "dep_dt": "1459509448", "route_id": "Red", "dwell_time_sec": "84"}, {"arr_dt": "1459509859", "direction": "0", "dep_dt": "1459509949", "route_id": "Red", "dwell_time_sec": "90"}, {"arr_dt": "1459510085", "direction": "0", "dep_dt": "1459510158", "route_id": "Red", "dwell_time_sec": "73"}, {"arr_dt": "1459510288", "direction": "0", "dep_dt": "1459510354", "route_id": "Red", "dwell_time_sec": "66"}, {"arr_dt": "1459510470", "direction": "0", "dep_dt": "1459510541", "route_id": "Red", "dwell_time_sec": "71"}, {"arr_dt": "1459510904", "direction": "0", "dep_dt": "1459510999", "route_id": "Red", "dwell_time_sec": "95"}, {"arr_dt": "1459511112", "direction": "0", "dep_dt": "1459511183", "route_id": "Red", "dwell_time_sec": "71"}, {"arr_dt": "1459511320", "direction": "0", "dep_dt": "1459511395", "route_id": "Red", "dwell_time_sec": "75"}, {"arr_dt": "1459511508", "direction": "0", "dep_dt": "1459511587", "route_id": "Red", "dwell_time_sec": "79"}, {"arr_dt": "1459511693", "direction": "0", "dep_dt": "1459511780", "route_id": "Red", "dwell_time_sec": "87"}, {"arr_dt": "1459511864", "direction": "0", "dep_dt": "1459511953", "route_id": "Red", "dwell_time_sec": "89"}, {"arr_dt": "1459512078", "direction": "0", "dep_dt": "1459512170", "route_id": "Red", "dwell_time_sec": "92"}, {"arr_dt": "1459512266", "direction": "0", "dep_dt": "1459512363", "route_id": "Red", "dwell_time_sec": "97"}, {"arr_dt": "1459512652", "direction": "0", "dep_dt": "1459512747", "route_id": "Red", "dwell_time_sec": "95"}, {"arr_dt": "1459512859", "direction": "0", "dep_dt": "1459512940", "route_id": "Red", "dwell_time_sec": "81"}, {"arr_dt": "1459513065", "direction": "0", "dep_dt": "1459513132", "route_id": "Red", "dwell_time_sec": "67"}, {"arr_dt": "1459513248", "direction": "0", "dep_dt": "1459513327", "route_id": "Red", "dwell_time_sec": "79"}, {"arr_dt": "1459513701", "direction": "0", "dep_dt": "1459513842", "route_id": "Red", "dwell_time_sec": "141"}, {"arr_dt": "1459513908", "direction": "0", "dep_dt": "1459514007", "route_id": "Red", "dwell_time_sec": "99"}, {"arr_dt": "1459514146", "direction": "0", "dep_dt": "1459514234", "route_id": "Red", "dwell_time_sec": "88"}, {"arr_dt": "1459514352", "direction": "0", "dep_dt": "1459514445", "route_id": "Red", "dwell_time_sec": "93"}, {"arr_dt": "1459514549", "direction": "0", "dep_dt": "1459514666", "route_id": "Red", "dwell_time_sec": "117"}, {"arr_dt": "1459514738", "direction": "0", "dep_dt": "1459514839", "route_id": "Red", "dwell_time_sec": "101"}, {"arr_dt": "1459514957", "direction": "0", "dep_dt": "1459515042", "route_id": "Red", "dwell_time_sec": "85"}, {"arr_dt": "1459515140", "direction": "0", "dep_dt": "1459515222", "route_id": "Red", "dwell_time_sec": "82"}, {"arr_dt": "1459515379", "direction": "0", "dep_dt": "1459515453", "route_id": "Red", "dwell_time_sec": "74"}, {"arr_dt": "1459516079", "direction": "0", "dep_dt": "1459516233", "route_id": "Red", "dwell_time_sec": "154"}, {"arr_dt": "1459516306", "direction": "0", "dep_dt": "1459516401", "route_id": "Red", "dwell_time_sec": "95"}, {"arr_dt": "1459516546", "direction": "0", "dep_dt": "1459516634", "route_id": "Red", "dwell_time_sec": "88"}, {"arr_dt": "1459516724", "direction": "0", "dep_dt": "1459516816", "route_id": "Red", "dwell_time_sec": "92"}, {"arr_dt": "1459516900", "direction": "0", "dep_dt": "1459516989", "route_id": "Red", "dwell_time_sec": "89"}, {"arr_dt": "1459517080", "direction": "0", "dep_dt": "1459517156", "route_id": "Red", "dwell_time_sec": "76"}, {"arr_dt": "1459517277", "direction": "0", "dep_dt": "1459517338", "route_id": "Red", "dwell_time_sec": "61"}, {"arr_dt": "1459517449", "direction": "0", "dep_dt": "1459517516", "route_id": "Red", "dwell_time_sec": "67"}, {"arr_dt": "1459517677", "direction": "0", "dep_dt": "1459517747", "route_id": "Red", "dwell_time_sec": "70"}, {"arr_dt": "1459517946", "direction": "0", "dep_dt": "1459518020", "route_id": "Red", "dwell_time_sec": "74"}, {"arr_dt": "1459518123", "direction": "0", "dep_dt": "1459518191", "route_id": "Red", "dwell_time_sec": "68"}, {"arr_dt": "1459518426", "direction": "0", "dep_dt": "1459518515", "route_id": "Red", "dwell_time_sec": "89"}, {"arr_dt": "1459518598", "direction": "0", "dep_dt": "1459518669", "route_id": "Red", "dwell_time_sec": "71"}, {"arr_dt": "1459518810", "direction": "0", "dep_dt": "1459518882", "route_id": "Red", "dwell_time_sec": "72"}, {"arr_dt": "1459518984", "direction": "0", "dep_dt": "1459519078", "route_id": "Red", "dwell_time_sec": "94"}, {"arr_dt": "1459519262", "direction": "0", "dep_dt": "1459519341", "route_id": "Red", "dwell_time_sec": "79"}, {"arr_dt": "1459519463", "direction": "0", "dep_dt": "1459519536", "route_id": "Red", "dwell_time_sec": "73"}, {"arr_dt": "1459519774", "direction": "0", "dep_dt": "1459519877", "route_id": "Red", "dwell_time_sec": "103"}, {"arr_dt": "1459519980", "direction": "0", "dep_dt": "1459520057", "route_id": "Red", "dwell_time_sec": "77"}, {"arr_dt": "1459520183", "direction": "0", "dep_dt": "1459520249", "route_id": "Red", "dwell_time_sec": "66"}, {"arr_dt": "1459520384", "direction": "0", "dep_dt": "1459520452", "route_id": "Red", "dwell_time_sec": "68"}, {"arr_dt": "1459520703", "direction": "0", "dep_dt": "1459520776", "route_id": "Red", "dwell_time_sec": "73"}, {"arr_dt": "1459520876", "direction": "0", "dep_dt": "1459520932", "route_id": "Red", "dwell_time_sec": "56"}, {"arr_dt": "1459521338", "direction": "0", "dep_dt": "1459521416", "route_id": "Red", "dwell_time_sec": "78"}, {"arr_dt": "1459521718", "direction": "0", "dep_dt": "1459521807", "route_id": "Red", "dwell_time_sec": "89"}, {"arr_dt": "1459522023", "direction": "0", "dep_dt": "1459522084", "route_id": "Red", "dwell_time_sec": "61"}, {"arr_dt": "1459522269", "direction": "0", "dep_dt": "1459522344", "route_id": "Red", "dwell_time_sec": "75"}, {"arr_dt": "1459522766", "direction": "0", "dep_dt": "1459522846", "route_id": "Red", "dwell_time_sec": "80"}, {"arr_dt": "1459522945", "direction": "0", "dep_dt": "1459523052", "route_id": "Red", "dwell_time_sec": "107"}, {"arr_dt": "1459523209", "direction": "0", "dep_dt": "1459523270", "route_id": "Red", "dwell_time_sec": "61"}, {"arr_dt": "1459523768", "direction": "0", "dep_dt": "1459523841", "route_id": "Red", "dwell_time_sec": "73"}, {"arr_dt": "1459524036", "direction": "0", "dep_dt": "1459524118", "route_id": "Red", "dwell_time_sec": "82"}, {"arr_dt": "1459524390", "direction": "0", "dep_dt": "1459524456", "route_id": "Red", "dwell_time_sec": "66"}, {"arr_dt": "1459524686", "direction": "0", "dep_dt": "1459524749", "route_id": "Red", "dwell_time_sec": "63"}, {"arr_dt": "1459525225", "direction": "0", "dep_dt": "1459525306", "route_id": "Red", "dwell_time_sec": "81"}, {"arr_dt": "1459525636", "direction": "0", "dep_dt": "1459525721", "route_id": "Red", "dwell_time_sec": "85"}, {"arr_dt": "1459526063", "direction": "0", "dep_dt": "1459526137", "route_id": "Red", "dwell_time_sec": "74"}, {"arr_dt": "1459526391", "direction": "0", "dep_dt": "1459526576", "route_id": "Red", "dwell_time_sec": "185"}, {"arr_dt": "1459526886", "direction": "0", "dep_dt": "1459526963", "route_id": "Red", "dwell_time_sec": "77"}, {"arr_dt": "1459527347", "direction": "0", "dep_dt": "1459527452", "route_id": "Red", "dwell_time_sec": "105"}, {"arr_dt": "1459527698", "direction": "0", "dep_dt": "1459527788", "route_id": "Red", "dwell_time_sec": "90"}, {"arr_dt": "1459527929", "direction": "0", "dep_dt": "1459527989", "route_id": "Red", "dwell_time_sec": "60"}, {"arr_dt": "1459528544", "direction": "0", "dep_dt": "1459528631", "route_id": "Red", "dwell_time_sec": "87"}, {"arr_dt": "1459529080", "direction": "0", "dep_dt": "1459529156", "route_id": "Red", "dwell_time_sec": "76"}, {"arr_dt": "1459529464", "direction": "0", "dep_dt": "1459529541", "route_id": "Red", "dwell_time_sec": "77"}, {"arr_dt": "1459529915", "direction": "0", "dep_dt": "1459530006", "route_id": "Red", "dwell_time_sec": "91"}, {"arr_dt": "1459530270", "direction": "0", "dep_dt": "1459530337", "route_id": "Red", "dwell_time_sec": "67"}, {"arr_dt": "1459530822", "direction": "0", "dep_dt": "1459530906", "route_id": "Red", "dwell_time_sec": "84"}, {"arr_dt": "1459531028", "direction": "0", "dep_dt": "1459531097", "route_id": "Red", "dwell_time_sec": "69"}, {"arr_dt": "1459531629", "direction": "0", "dep_dt": "1459531756", "route_id": "Red", "dwell_time_sec": "127"}, {"arr_dt": "1459531896", "direction": "0", "dep_dt": "1459531980", "route_id": "Red", "dwell_time_sec": "84"}, {"arr_dt": "1459532342", "direction": "0", "dep_dt": "1459532437", "route_id": "Red", "dwell_time_sec": "95"}, {"arr_dt": "1459532673", "direction": "0", "dep_dt": "1459532743", "route_id": "Red", "dwell_time_sec": "70"}, {"arr_dt": "1459533234", "direction": "0", "dep_dt": "1459533317", "route_id": "Red", "dwell_time_sec": "83"}, {"arr_dt": "1459533524", "direction": "0", "dep_dt": "1459533602", "route_id": "Red", "dwell_time_sec": "78"}, {"arr_dt": "1459534092", "direction": "0", "dep_dt": "1459534167", "route_id": "Red", "dwell_time_sec": "75"}, {"arr_dt": "1459534383", "direction": "0", "dep_dt": "1459534448", "route_id": "Red", "dwell_time_sec": "65"}, {"arr_dt": "1459534947", "direction": "0", "dep_dt": "1459535040", "route_id": "Red", "dwell_time_sec": "93"}, {"arr_dt": "1459535316", "direction": "0", "dep_dt": "1459535406", "route_id": "Red", "dwell_time_sec": "90"}, {"arr_dt": "1459535734", "direction": "0", "dep_dt": "1459535824", "route_id": "Red", "dwell_time_sec": "90"}, {"arr_dt": "1459536437", "direction": "0", "dep_dt": "1459536523", "route_id": "Red", "dwell_time_sec": "86"}, {"arr_dt": "1459536846", "direction": "0", "dep_dt": "1459536913", "route_id": "Red", "dwell_time_sec": "67"}, {"arr_dt": "1459537421", "direction": "0", "dep_dt": "1459537538", "route_id": "Red", "dwell_time_sec": "117"}, {"arr_dt": "1459537706", "direction": "0", "dep_dt": "1459537806", "route_id": "Red", "dwell_time_sec": "100"}, {"arr_dt": "1459538207", "direction": "0", "dep_dt": "1459538309", "route_id": "Red", "dwell_time_sec": "102"}, {"arr_dt": "1459538736", "direction": "0", "dep_dt": "1459538823", "route_id": "Red", "dwell_time_sec": "87"}, {"arr_dt": "1459538925", "direction": "0", "dep_dt": "1459539012", "route_id": "Red", "dwell_time_sec": "87"}, {"arr_dt": "1459539330", "direction": "0", "dep_dt": "1459539405", "route_id": "Red", "dwell_time_sec": "75"}, {"arr_dt": "1459539778", "direction": "0", "dep_dt": "1459539891", "route_id": "Red", "dwell_time_sec": "113"}, {"arr_dt": "1459540219", "direction": "0", "dep_dt": "1459540314", "route_id": "Red", "dwell_time_sec": "95"}, {"arr_dt": "1459540556", "direction": "0", "dep_dt": "1459540647", "route_id": "Red", "dwell_time_sec": "91"}, {"arr_dt": "1459540975", "direction": "0", "dep_dt": "1459541063", "route_id": "Red", "dwell_time_sec": "88"}, {"arr_dt": "1459541578", "direction": "0", "dep_dt": "1459541703", "route_id": "Red", "dwell_time_sec": "125"}, {"arr_dt": "1459541796", "direction": "0", "dep_dt": "1459541891", "route_id": "Red", "dwell_time_sec": "95"}, {"arr_dt": "1459542083", "direction": "0", "dep_dt": "1459542192", "route_id": "Red", "dwell_time_sec": "109"}, {"arr_dt": "1459542473", "direction": "0", "dep_dt": "1459542570", "route_id": "Red", "dwell_time_sec": "97"}, {"arr_dt": "1459542738", "direction": "0", "dep_dt": "1459542857", "route_id": "Red", "dwell_time_sec": "119"}, {"arr_dt": "1459542942", "direction": "0", "dep_dt": "1459543044", "route_id": "Red", "dwell_time_sec": "102"}, {"arr_dt": "1459543194", "direction": "0", "dep_dt": "1459543275", "route_id": "Red", "dwell_time_sec": "81"}, {"arr_dt": "1459543374", "direction": "0", "dep_dt": "1459543497", "route_id": "Red", "dwell_time_sec": "123"}, {"arr_dt": "1459543602", "direction": "0", "dep_dt": "1459543693", "route_id": "Red", "dwell_time_sec": "91"}, {"arr_dt": "1459543884", "direction": "0", "dep_dt": "1459543981", "route_id": "Red", "dwell_time_sec": "97"}, {"arr_dt": "1459544128", "direction": "0", "dep_dt": "1459544219", "route_id": "Red", "dwell_time_sec": "91"}, {"arr_dt": "1459544341", "direction": "0", "dep_dt": "1459544480", "route_id": "Red", "dwell_time_sec": "139"}, {"arr_dt": "1459544549", "direction": "0", "dep_dt": "1459544641", "route_id": "Red", "dwell_time_sec": "92"}, {"arr_dt": "1459544751", "direction": "0", "dep_dt": "1459544839", "route_id": "Red", "dwell_time_sec": "88"}, {"arr_dt": "1459544971", "direction": "0", "dep_dt": "1459545061", "route_id": "Red", "dwell_time_sec": "90"}, {"arr_dt": "1459545202", "direction": "0", "dep_dt": "1459545305", "route_id": "Red", "dwell_time_sec": "103"}, {"arr_dt": "1459545410", "direction": "0", "dep_dt": "1459545497", "route_id": "Red", "dwell_time_sec": "87"}, {"arr_dt": "1459545614", "direction": "0", "dep_dt": "1459545733", "route_id": "Red", "dwell_time_sec": "119"}, {"arr_dt": "1459546281", "direction": "0", "dep_dt": "1459546389", "route_id": "Red", "dwell_time_sec": "108"}, {"arr_dt": "1459546545", "direction": "0", "dep_dt": "1459546639", "route_id": "Red", "dwell_time_sec": "94"}, {"arr_dt": "1459546756", "direction": "0", "dep_dt": "1459546847", "route_id": "Red", "dwell_time_sec": "91"}, {"arr_dt": "1459546965", "direction": "0", "dep_dt": "1459547101", "route_id": "Red", "dwell_time_sec": "136"}, {"arr_dt": "1459545923", "direction": "0", "dep_dt": "1459547108", "route_id": "Red", "dwell_time_sec": "1185"}, {"arr_dt": "1459547178", "direction": "0", "dep_dt": "1459547301", "route_id": "Red", "dwell_time_sec": "123"}, {"arr_dt": "1459547641", "direction": "0", "dep_dt": "1459547767", "route_id": "Red", "dwell_time_sec": "126"}, {"arr_dt": "1459547851", "direction": "0", "dep_dt": "1459547937", "route_id": "Red", "dwell_time_sec": "86"}, {"arr_dt": "1459548079", "direction": "0", "dep_dt": "1459548199", "route_id": "Red", "dwell_time_sec": "120"}, {"arr_dt": "1459548290", "direction": "0", "dep_dt": "1459548403", "route_id": "Red", "dwell_time_sec": "113"}, {"arr_dt": "1459548520", "direction": "0", "dep_dt": "1459548628", "route_id": "Red", "dwell_time_sec": "108"}, {"arr_dt": "1459548714", "direction": "0", "dep_dt": "1459548855", "route_id": "Red", "dwell_time_sec": "141"}, {"arr_dt": "1459548930", "direction": "0", "dep_dt": "1459549048", "route_id": "Red", "dwell_time_sec": "118"}, {"arr_dt": "1459549120", "direction": "0", "dep_dt": "1459549225", "route_id": "Red", "dwell_time_sec": "105"}, {"arr_dt": "1459549331", "direction": "0", "dep_dt": "1459549407", "route_id": "Red", "dwell_time_sec": "76"}, {"arr_dt": "1459549554", "direction": "0", "dep_dt": "1459549774", "route_id": "Red", "dwell_time_sec": "220"}, {"arr_dt": "1459549749", "direction": "0", "dep_dt": "1459549831", "route_id": "Red", "dwell_time_sec": "82"}, {"arr_dt": "1459549935", "direction": "0", "dep_dt": "1459550023", "route_id": "Red", "dwell_time_sec": "88"}, {"arr_dt": "1459550147", "direction": "0", "dep_dt": "1459550220", "route_id": "Red", "dwell_time_sec": "73"}, {"arr_dt": "1459550531", "direction": "0", "dep_dt": "1459550593", "route_id": "Red", "dwell_time_sec": "62"}, {"arr_dt": "1459550768", "direction": "0", "dep_dt": "1459550838", "route_id": "Red", "dwell_time_sec": "70"}, {"arr_dt": "1459551253", "direction": "0", "dep_dt": "1459551380", "route_id": "Red", "dwell_time_sec": "127"}, {"arr_dt": "1459551457", "direction": "0", "dep_dt": "1459551537", "route_id": "Red", "dwell_time_sec": "80"}, {"arr_dt": "1459551632", "direction": "0", "dep_dt": "1459551739", "route_id": "Red", "dwell_time_sec": "107"}, {"arr_dt": "1459551810", "direction": "0", "dep_dt": "1459551895", "route_id": "Red", "dwell_time_sec": "85"}, {"arr_dt": "1459552010", "direction": "0", "dep_dt": "1459552107", "route_id": "Red", "dwell_time_sec": "97"}, {"arr_dt": "1459552293", "direction": "0", "dep_dt": "1459552366", "route_id": "Red", "dwell_time_sec": "73"}, {"arr_dt": "1459552725", "direction": "0", "dep_dt": "1459552809", "route_id": "Red", "dwell_time_sec": "84"}, {"arr_dt": "1459552942", "direction": "0", "dep_dt": "1459553028", "route_id": "Red", "dwell_time_sec": "86"}, {"arr_dt": "1459553126", "direction": "0", "dep_dt": "1459553205", "route_id": "Red", "dwell_time_sec": "79"}, {"arr_dt": "1459553477", "direction": "0", "dep_dt": "1459553561", "route_id": "Red", "dwell_time_sec": "84"}, {"arr_dt": "1459553652", "direction": "0", "dep_dt": "1459553743", "route_id": "Red", "dwell_time_sec": "91"}, {"arr_dt": "1459554009", "direction": "0", "dep_dt": "1459554094", "route_id": "Red", "dwell_time_sec": "85"}, {"arr_dt": "1459554201", "direction": "0", "dep_dt": "1459554275", "route_id": "Red", "dwell_time_sec": "74"}, {"arr_dt": "1459554542", "direction": "0", "dep_dt": "1459554614", "route_id": "Red", "dwell_time_sec": "72"}, {"arr_dt": "1459554715", "direction": "0", "dep_dt": "1459554807", "route_id": "Red", "dwell_time_sec": "92"}, {"arr_dt": "1459554910", "direction": "0", "dep_dt": "1459555039", "route_id": "Red", "dwell_time_sec": "129"}, {"arr_dt": "1459555163", "direction": "0", "dep_dt": "1459555229", "route_id": "Red", "dwell_time_sec": "66"}, {"arr_dt": "1459555346", "direction": "0", "dep_dt": "1459555402", "route_id": "Red", "dwell_time_sec": "56"}, {"arr_dt": "1459555599", "direction": "0", "dep_dt": "1459555664", "route_id": "Red", "dwell_time_sec": "65"}, {"arr_dt": "1459555973", "direction": "0", "dep_dt": "1459556058", "route_id": "Red", "dwell_time_sec": "85"}, {"arr_dt": "1459556846", "direction": "0", "dep_dt": "1459556949", "route_id": "Red", "dwell_time_sec": "103"}, {"arr_dt": "1459557304", "direction": "0", "dep_dt": "1459557390", "route_id": "Red", "dwell_time_sec": "86"}, {"arr_dt": "1459557502", "direction": "0", "dep_dt": "1459557617", "route_id": "Red", "dwell_time_sec": "115"}, {"arr_dt": "1459557858", "direction": "0", "dep_dt": "1459557937", "route_id": "Red", "dwell_time_sec": "79"}, {"arr_dt": "1459558169", "direction": "0", "dep_dt": "1459558258", "route_id": "Red", "dwell_time_sec": "89"}, {"arr_dt": "1459558908", "direction": "0", "dep_dt": "1459559002", "route_id": "Red", "dwell_time_sec": "94"}, {"arr_dt": "1459559123", "direction": "0", "dep_dt": "1459559183", "route_id": "Red", "dwell_time_sec": "60"}, {"arr_dt": "1459559509", "direction": "0", "dep_dt": "1459559589", "route_id": "Red", "dwell_time_sec": "80"}, {"arr_dt": "1459559858", "direction": "0", "dep_dt": "1459559934", "route_id": "Red", "dwell_time_sec": "76"}, {"arr_dt": "1459560073", "direction": "0", "dep_dt": "1459560140", "route_id": "Red", "dwell_time_sec": "67"}, {"arr_dt": "1459560551", "direction": "0", "dep_dt": "1459560633", "route_id": "Red", "dwell_time_sec": "82"}, {"arr_dt": "1459560745", "direction": "0", "dep_dt": "1459560813", "route_id": "Red", "dwell_time_sec": "68"}, {"arr_dt": "1459561031", "direction": "0", "dep_dt": "1459561116", "route_id": "Red", "dwell_time_sec": "85"}, {"arr_dt": "1459561557", "direction": "0", "dep_dt": "1459561666", "route_id": "Red", "dwell_time_sec": "109"}, {"arr_dt": "1459561941", "direction": "0", "dep_dt": "1459562012", "route_id": "Red", "dwell_time_sec": "71"}, {"arr_dt": "1459562192", "direction": "0", "dep_dt": "1459562286", "route_id": "Red", "dwell_time_sec": "94"}, {"arr_dt": "1459562793", "direction": "0", "dep_dt": "1459562876", "route_id": "Red", "dwell_time_sec": "83"}, {"arr_dt": "1459563081", "direction": "0", "dep_dt": "1459563158", "route_id": "Red", "dwell_time_sec": "77"}, {"arr_dt": "1459563276", "direction": "0", "dep_dt": "1459563337", "route_id": "Red", "dwell_time_sec": "61"}, {"arr_dt": "1459563655", "direction": "0", "dep_dt": "1459563731", "route_id": "Red", "dwell_time_sec": "76"}, {"arr_dt": "1459563862", "direction": "0", "dep_dt": "1459563917", "route_id": "Red", "dwell_time_sec": "55"}, {"arr_dt": "1459564395", "direction": "0", "dep_dt": "1459564479", "route_id": "Red", "dwell_time_sec": "84"}, {"arr_dt": "1459564591", "direction": "0", "dep_dt": "1459564657", "route_id": "Red", "dwell_time_sec": "66"}, {"arr_dt": "1459565204", "direction": "0", "dep_dt": "1459565303", "route_id": "Red", "dwell_time_sec": "99"}, {"arr_dt": "1459565397", "direction": "0", "dep_dt": "1459565472", "route_id": "Red", "dwell_time_sec": "75"}, {"arr_dt": "1459566020", "direction": "0", "dep_dt": "1459566100", "route_id": "Red", "dwell_time_sec": "80"}, {"arr_dt": "1459566201", "direction": "0", "dep_dt": "1459566274", "route_id": "Red", "dwell_time_sec": "73"}, {"arr_dt": "1459566534", "direction": "0", "dep_dt": "1459566617", "route_id": "Red", "dwell_time_sec": "83"}, {"arr_dt": "1459567036", "direction": "0", "dep_dt": "1459567115", "route_id": "Red", "dwell_time_sec": "79"}, {"arr_dt": "1459567399", "direction": "0", "dep_dt": "1459567478", "route_id": "Red", "dwell_time_sec": "79"}, {"arr_dt": "1459568751", "direction": "0", "dep_dt": "1459568832", "route_id": "Red", "dwell_time_sec": "81"}, {"arr_dt": "1459568935", "direction": "0", "dep_dt": "1459569024", "route_id": "Red", "dwell_time_sec": "89"}, {"arr_dt": "1459569195", "direction": "0", "dep_dt": "1459569262", "route_id": "Red", "dwell_time_sec": "67"}, {"arr_dt": "1459569386", "direction": "0", "dep_dt": "1459569452", "route_id": "Red", "dwell_time_sec": "66"}]}