{"dwell_times": [{"arr_dt": "1472270545", "direction": "0", "dep_dt": "1472270620", "route_id": "Red", "dwell_time_sec": "75"}, {"arr_dt": "1472271078", "direction": "0", "dep_dt": "1472271150", "route_id": "Red", "dwell_time_sec": "72"}, {"arr_dt": "1472271472", "direction": "0", "dep_dt": "1472271556", "route_id": "Red", "dwell_time_sec": "84"}, {"arr_dt": "1472272146", "direction": "0", "dep_dt": "1472272221", "route_id": "Red", "dwell_time_sec": "75"}, {"arr_dt": "1472272324", "direction": "0", "dep_dt": "1472272383", "route_id": "Red", "dwell_time_sec": "59"}, {"arr_dt": "1472272716", "direction": "0", "dep_dt": "1472272791", "route_id": "Red", "dwell_time_sec": "75"}, {"arr_dt": "1472273253", "direction": "0", "dep_dt": "1472273328", "route_id": "Red", "dwell_time_sec": "75"}, {"arr_dt": "1472274688", "direction": "0", "dep_dt": "1472275354", "route_id": "Red", "dwell_time_sec": "666"}, {"arr_dt": "1472290447", "direction": "0", "dep_dt": "1472290507", "route_id": "Red", "dwell_time_sec": "60"}, {"arr_dt": "1472290920", "direction": "0", "dep_dt": "1472290976", "route_id": "Red", "dwell_time_sec": "56"}, {"arr_dt": "1472291259", "direction": "0", "dep_dt": "1472291316", "route_id": "Red", "dwell_time_sec": "57"}, {"arr_dt": "1472291722", "direction": "0", "dep_dt": "1472291789", "route_id": "Red", "dwell_time_sec": "67"}, {"arr_dt": "1472292048", "direction": "0", "dep_dt": "1472292104", "route_id": "Red", "dwell_time_sec": "56"}, {"arr_dt": "1472292544", "direction": "0", "dep_dt": "1472292602", "route_id": "Red", "dwell_time_sec": "58"}, {"arr_dt": "1472293270", "direction": "0", "dep_dt": "1472293341", "route_id": "Red", "dwell_time_sec": "71"}, {"arr_dt": "1472293666", "direction": "0", "dep_dt": "1472293731", "route_id": "Red", "dwell_time_sec": "65"}, {"arr_dt": "1472293978", "direction": "0", "dep_dt": "1472294035", "route_id": "Red", "dwell_time_sec": "57"}, {"arr_dt": "1472294189", "direction": "0", "dep_dt": "1472294246", "route_id": "Red", "dwell_time_sec": "57"}, {"arr_dt": "1472294601", "direction": "0", "dep_dt": "1472294664", "route_id": "Red", "dwell_time_sec": "63"}, {"arr_dt": "1472295278", "direction": "0", "dep_dt": "1472295349", "route_id": "Red", "dwell_time_sec": "71"}, {"arr_dt": "1472295785", "direction": "0", "dep_dt": "1472295835", "route_id": "Red", "dwell_time_sec": "50"}, {"arr_dt": "1472295938", "direction": "0", "dep_dt": "1472295988", "route_id": "Red", "dwell_time_sec": "50"}, {"arr_dt": "1472296373", "direction": "0", "dep_dt": "1472296434", "route_id": "Red", "dwell_time_sec": "61"}, {"arr_dt": "1472296792", "direction": "0", "dep_dt": "1472296854", "route_id": "Red", "dwell_time_sec": "62"}, {"arr_dt": "1472296954", "direction": "0", "dep_dt": "1472297010", "route_id": "Red", "dwell_time_sec": "56"}, {"arr_dt": "1472297350", "direction": "0", "dep_dt": "1472297410", "route_id": "Red", "dwell_time_sec": "60"}, {"arr_dt": "1472297696", "direction": "0", "dep_dt": "1472297744", "route_id": "Red", "dwell_time_sec": "48"}, {"arr_dt": "1472298145", "direction": "0", "dep_dt": "1472298212", "route_id": "Red", "dwell_time_sec": "67"}, {"arr_dt": "1472298812", "direction": "0", "dep_dt": "1472298884", "route_id": "Red", "dwell_time_sec": "72"}, {"arr_dt": "1472298985", "direction": "0", "dep_dt": "1472299066", "route_id": "Red", "dwell_time_sec": "81"}, {"arr_dt": "1472299262", "direction": "0", "dep_dt": "1472299321", "route_id": "Red", "dwell_time_sec": "59"}, {"arr_dt": "1472299663", "direction": "0", "dep_dt": "1472299730", "route_id": "Red", "dwell_time_sec": "67"}, {"arr_dt": "1472300138", "direction": "0", "dep_dt": "1472300202", "route_id": "Red", "dwell_time_sec": "64"}, {"arr_dt": "1472300491", "direction": "0", "dep_dt": "1472300549", "route_id": "Red", "dwell_time_sec": "58"}, {"arr_dt": "1472300854", "direction": "0", "dep_dt": "1472300909", "route_id": "Red", "dwell_time_sec": "55"}, {"arr_dt": "1472301255", "direction": "0", "dep_dt": "1472301316", "route_id": "Red", "dwell_time_sec": "61"}, {"arr_dt": "1472301804", "direction": "0", "dep_dt": "1472301909", "route_id": "Red", "dwell_time_sec": "105"}, {"arr_dt": "1472302238", "direction": "0", "dep_dt": "1472302308", "route_id": "Red", "dwell_time_sec": "70"}, {"arr_dt": "1472302449", "direction": "0", "dep_dt": "1472302508", "route_id": "Red", "dwell_time_sec": "59"}, {"arr_dt": "1472302972", "direction": "0", "dep_dt": "1472303034", "route_id": "Red", "dwell_time_sec": "62"}, {"arr_dt": "1472303303", "direction": "0", "dep_dt": "1472303378", "route_id": "Red", "dwell_time_sec": "75"}, {"arr_dt": "1472303823", "direction": "0", "dep_dt": "1472303882", "route_id": "Red", "dwell_time_sec": "59"}, {"arr_dt": "1472304340", "direction": "0", "dep_dt": "1472304414", "route_id": "Red", "dwell_time_sec": "74"}, {"arr_dt": "1472304717", "direction": "0", "dep_dt": "1472304799", "route_id": "Red", "dwell_time_sec": "82"}, {"arr_dt": "1472305165", "direction": "0", "dep_dt": "1472305240", "route_id": "Red", "dwell_time_sec": "75"}, {"arr_dt": "1472305696", "direction": "0", "dep_dt": "1472305783", "route_id": "Red", "dwell_time_sec": "87"}, {"arr_dt": "1472306070", "direction": "0", "dep_dt": "1472306215", "route_id": "Red", "dwell_time_sec": "145"}, {"arr_dt": "1472306328", "direction": "0", "dep_dt": "1472306398", "route_id": "Red", "dwell_time_sec": "70"}, {"arr_dt": "1472306633", "direction": "0", "dep_dt": "1472306711", "route_id": "Red", "dwell_time_sec": "78"}, {"arr_dt": "1472307151", "direction": "0", "dep_dt": "1472307223", "route_id": "Red", "dwell_time_sec": "72"}, {"arr_dt": "1472307632", "direction": "0", "dep_dt": "1472307713", "route_id": "Red", "dwell_time_sec": "81"}, {"arr_dt": "1472308003", "direction": "0", "dep_dt": "1472308078", "route_id": "Red", "dwell_time_sec": "75"}, {"arr_dt": "1472308360", "direction": "0", "dep_dt": "1472308425", "route_id": "Red", "dwell_time_sec": "65"}, {"arr_dt": "1472308905", "direction": "0", "dep_dt": "1472308989", "route_id": "Red", "dwell_time_sec": "84"}, {"arr_dt": "1472309212", "direction": "0", "dep_dt": "1472309277", "route_id": "Red", "dwell_time_sec": "65"}, {"arr_dt": "1472309714", "direction": "0", "dep_dt": "1472309793", "route_id": "Red", "dwell_time_sec": "79"}, {"arr_dt": "1472310208", "direction": "0", "dep_dt": "1472310286", "route_id": "Red", "dwell_time_sec": "78"}, {"arr_dt": "1472310508", "direction": "0", "dep_dt": "1472310605", "route_id": "Red", "dwell_time_sec": "97"}, {"arr_dt": "1472310783", "direction": "0", "dep_dt": "1472310846", "route_id": "Red", "dwell_time_sec": "63"}, {"arr_dt": "1472311245", "direction": "0", "dep_dt": "1472311354", "route_id": "Red", "dwell_time_sec": "109"}, {"arr_dt": "1472311832", "direction": "0", "dep_dt": "1472311914", "route_id": "Red", "dwell_time_sec": "82"}, {"arr_dt": "1472312124", "direction": "0", "dep_dt": "1472312231", "route_id": "Red", "dwell_time_sec": "107"}, {"arr_dt": "1472312381", "direction": "0", "dep_dt": "1472312440", "route_id": "Red", "dwell_time_sec": "59"}, {"arr_dt": "1472312993", "direction": "0", "dep_dt": "1472313067", "route_id": "Red", "dwell_time_sec": "74"}, {"arr_dt": "1472313360", "direction": "0", "dep_dt": "1472313439", "route_id": "Red", "dwell_time_sec": "79"}, {"arr_dt": "1472313578", "direction": "0", "dep_dt": "1472313640", "route_id": "Red", "dwell_time_sec": "62"}, {"arr_dt": "1472314056", "direction": "0", "dep_dt": "1472314125", "route_id": "Red", "dwell_time_sec": "69"}, {"arr_dt": "1472314534", "direction": "0", "dep_dt": "1472314617", "route_id": "Red", "dwell_time_sec": "83"}, {"arr_dt": "1472315005", "direction": "0", "dep_dt": "1472315090", "route_id": "Red", "dwell_time_sec": "85"}, {"arr_dt": "1472315364", "direction": "0", "dep_dt": "1472315449", "route_id": "Red", "dwell_time_sec": "85"}, {"arr_dt": "1472315606", "direction": "0", "dep_dt": "1472315672", "route_id": "Red", "dwell_time_sec": "66"}, {"arr_dt": "1472316271", "direction": "0", "dep_dt": "1472316395", "route_id": "Red", "dwell_time_sec": "124"}, {"arr_dt": "1472316515", "direction": "0", "dep_dt": "1472316581", "route_id": "Red", "dwell_time_sec": "66"}, {"arr_dt": "1472316963", "direction": "0", "dep_dt": "1472317049", "route_id": "Red", "dwell_time_sec": "86"}, {"arr_dt": "1472317393", "direction": "0", "dep_dt": "1472317464", "route_id": "Red", "dwell_time_sec": "71"}, {"arr_dt": "1472317725", "direction": "0", "dep_dt": "1472317806", "route_id": "Red", "dwell_time_sec": "81"}, {"arr_dt": "1472318155", "direction": "0", "dep_dt": "1472318228", "route_id": "Red", "dwell_time_sec": "73"}, {"arr_dt": "1472318681", "direction": "0", "dep_dt": "1472318761", "route_id": "Red", "dwell_time_sec": "80"}, {"arr_dt": "1472319238", "direction": "0", "dep_dt": "1472319357", "route_id": "Red", "dwell_time_sec": "119"}, {"arr_dt": "1472319525", "direction": "0", "dep_dt": "1472319593", "route_id": "Red", "dwell_time_sec": "68"}, {"arr_dt": "1472319708", "direction": "0", "dep_dt": "1472319772", "route_id": "Red", "dwell_time_sec": "64"}, {"arr_dt": "1472320417", "direction": "0", "dep_dt": "1472320494", "route_id": "Red", "dwell_time_sec": "77"}, {"arr_dt": "1472320951", "direction": "0", "dep_dt": "1472321099", "route_id": "Red", "dwell_time_sec": "148"}, {"arr_dt": "1472321506", "direction": "0", "dep_dt": "1472321584", "route_id": "Red", "dwell_time_sec": "78"}, {"arr_dt": "1472321759", "direction": "0", "dep_dt": "1472321831", "route_id": "Red", "dwell_time_sec": "72"}, {"arr_dt": "1472322228", "direction": "0", "dep_dt": "1472322330", "route_id": "Red", "dwell_time_sec": "102"}, {"arr_dt": "1472322438", "direction": "0", "dep_dt": "1472322509", "route_id": "Red", "dwell_time_sec": "71"}, {"arr_dt": "1472322766", "direction": "0", "dep_dt": "1472322845", "route_id": "Red", "dwell_time_sec": "79"}, {"arr_dt": "1472323254", "direction": "0", "dep_dt": "1472323339", "route_id": "Red", "dwell_time_sec": "85"}, {"arr_dt": "1472323523", "direction": "0", "dep_dt": "1472323598", "route_id": "Red", "dwell_time_sec": "75"}, {"arr_dt": "1472323828", "direction": "0", "dep_dt": "1472323899", "route_id": "Red", "dwell_time_sec": "71"}, {"arr_dt": "1472324260", "direction": "0", "dep_dt": "1472324341", "route_id": "Red", "dwell_time_sec": "81"}, {"arr_dt": "1472324935", "direction": "0", "dep_dt": "1472325019", "route_id": "Red", "dwell_time_sec": "84"}, {"arr_dt": "1472325353", "direction": "0", "dep_dt": "1472325439", "route_id": "Red", "dwell_time_sec": "86"}, {"arr_dt": "1472325625", "direction": "0", "dep_dt": "1472325794", "route_id": "Red", "dwell_time_sec": "169"}, {"arr_dt": "1472326051", "direction": "0", "dep_dt": "1472326150", "route_id": "Red", "dwell_time_sec": "99"}, {"arr_dt": "1472326567", "direction": "0", "dep_dt": "1472326645", "route_id": "Red", "dwell_time_sec": "78"}, {"arr_dt": "1472327083", "direction": "0", "dep_dt": "1472327152", "route_id": "Red", "dwell_time_sec": "69"}, {"arr_dt": "1472327350", "direction": "0", "dep_dt": "1472327407", "route_id": "Red", "dwell_time_sec": "57"}, {"arr_dt": "1472327835", "direction": "0", "dep_dt": "1472327921", "route_id": "Red", "dwell_time_sec": "86"}, {"arr_dt": "1472328165", "direction": "0", "dep_dt": "1472328244", "route_id": "Red", "dwell_time_sec": "79"}, {"arr_dt": "1472328483", "direction": "0", "dep_dt": "1472328572", "route_id": "Red", "dwell_time_sec": "89"}, {"arr_dt": "1472328928", "direction": "0", "dep_dt": "1472329042", "route_id": "Red", "dwell_time_sec": "114"}, {"arr_dt": "1472329274", "direction": "0", "dep_dt": "1472329348", "route_id": "Red", "dwell_time_sec": "74"}, {"arr_dt": "1472329475", "direction": "0", "dep_dt": "1472329565", "route_id": "Red", "dwell_time_sec": "90"}, {"arr_dt": "1472329940", "direction": "0", "dep_dt": "1472330032", "route_id": "Red", "dwell_time_sec": "92"}, {"arr_dt": "1472330362", "direction": "0", "dep_dt": "1472330450", "route_id": "Red", "dwell_time_sec": "88"}, {"arr_dt": "1472330683", "direction": "0", "dep_dt": "1472330763", "route_id": "Red", "dwell_time_sec": "80"}, {"arr_dt": "1472331162", "direction": "0", "dep_dt": "1472331250", "route_id": "Red", "dwell_time_sec": "88"}, {"arr_dt": "1472331565", "direction": "0", "dep_dt": "1472331658", "route_id": "Red", "dwell_time_sec": "93"}, {"arr_dt": "1472331977", "direction": "0", "dep_dt": "1472332073", "route_id": "Red", "dwell_time_sec": "96"}, {"arr_dt": "1472332447", "direction": "0", "dep_dt": "1472332532", "route_id": "Red", "dwell_time_sec": "85"}, {"arr_dt": "1472332676", "direction": "0", "dep_dt": "1472332749", "route_id": "Red", "dwell_time_sec": "73"}, {"arr_dt": "1472333076", "direction": "0", "dep_dt": "1472333153", "route_id": "Red", "dwell_time_sec": "77"}, {"arr_dt": "1472333649", "direction": "0", "dep_dt": "1472333758", "route_id": "Red", "dwell_time_sec": "109"}, {"arr_dt": "1472333924", "direction": "0", "dep_dt": "1472333995", "route_id": "Red", "dwell_time_sec": "71"}, {"arr_dt": "1472334418", "direction": "0", "dep_dt": "1472334509", "route_id": "Red", "dwell_time_sec": "91"}, {"arr_dt": "1472334754", "direction": "0", "dep_dt": "1472334824", "route_id": "Red", "dwell_time_sec": "70"}, {"arr_dt": "1472335070", "direction": "0", "dep_dt": "1472335139", "route_id": "Red", "dwell_time_sec": "69"}, {"arr_dt": "1472335561", "direction": "0", "dep_dt": "1472335645", "route_id": "Red", "dwell_time_sec": "84"}, {"arr_dt": "1472336041", "direction": "0", "dep_dt": "1472336121", "route_id": "Red", "dwell_time_sec": "80"}, {"arr_dt": "1472336424", "direction": "0", "dep_dt": "1472336502", "route_id": "Red", "dwell_time_sec": "78"}, {"arr_dt": "1472336858", "direction": "0", "dep_dt": "1472336934", "route_id": "Red", "dwell_time_sec": "76"}, {"arr_dt": "1472337320", "direction": "0", "dep_dt": "1472337392", "route_id": "Red", "dwell_time_sec": "72"}, {"arr_dt": "1472337511", "direction": "0", "dep_dt": "1472337613", "route_id": "Red", "dwell_time_sec": "102"}, {"arr_dt": "1472338023", "direction": "0", "dep_dt": "1472338113", "route_id": "Red", "dwell_time_sec": "90"}, {"arr_dt": "1472338356", "direction": "0", "dep_dt": "1472338453", "route_id": "Red", "dwell_time_sec": "97"}, {"arr_dt": "1472338891", "direction": "0", "dep_dt": "1472338962", "route_id": "Red", "dwell_time_sec": "71"}, {"arr_dt": "1472339128", "direction": "0", "dep_dt": "1472339217", "route_id": "Red", "dwell_time_sec": "89"}, {"arr_dt": "1472339563", "direction": "0", "dep_dt": "1472339635", "route_id": "Red", "dwell_time_sec": "72"}, {"arr_dt": "1472340076", "direction": "0", "dep_dt": "1472340143", "route_id": "Red", "dwell_time_sec": "67"}, {"arr_dt": "1472340413", "direction": "0", "dep_dt": "1472340492", "route_id": "Red", "dwell_time_sec": "79"}, {"arr_dt": "1472340702", "direction": "0", "dep_dt": "1472340767", "route_id": "Red", "dwell_time_sec": "65"}, {"arr_dt": "1472341002", "direction": "0", "dep_dt": "1472341060", "route_id": "Red", "dwell_time_sec": "58"}, {"arr_dt": "1472341479", "direction": "0", "dep_dt": "1472341570", "route_id": "Red", "dwell_time_sec": "91"}, {"arr_dt": "1472341788", "direction": "0", "dep_dt": "1472341867", "route_id": "Red", "dwell_time_sec": "79"}, {"arr_dt": "1472342104", "direction": "0", "dep_dt": "1472342165", "route_id": "Red", "dwell_time_sec": "61"}, {"arr_dt": "1472342503", "direction": "0", "dep_dt": "1472342554", "route_id": "Red", "dwell_time_sec": "51"}, {"arr_dt": "1472343068", "direction": "0", "dep_dt": "1472343147", "route_id": "Red", "dwell_time_sec": "79"}, {"arr_dt": "1472343374", "direction": "0", "dep_dt": "1472343440", "route_id": "Red", "dwell_time_sec": "66"}, {"arr_dt": "1472343921", "direction": "0", "dep_dt": "1472344034", "route_id": "Red", "dwell_time_sec": "113"}, {"arr_dt": "1472344283", "direction": "0", "dep_dt": "1472344353", "route_id": "Red", "dwell_time_sec": "70"}, {"arr_dt": "1472344662", "direction": "0", "dep_dt": "1472344723", "route_id": "Red", "dwell_time_sec": "61"}, {"arr_dt": "1472345199", "direction": "0", "dep_dt": "1472345272", "route_id": "Red", "dwell_time_sec": "73"}, {"arr_dt": "1472345476", "direction": "0", "dep_dt": "1472345543", "route_id": "Red", "dwell_time_sec": "67"}, {"arr_dt": "1472346130", "direction": "0", "dep_dt": "1472346203", "route_id": "Red", "dwell_time_sec": "73"}, {"arr_dt": "1472346463", "direction": "0", "dep_dt": "1472346536", "route_id": "Red", "dwell_time_sec": "73"}, {"arr_dt": "1472346938", "direction": "0", "dep_dt": "1472347011", "route_id": "Red", "dwell_time_sec": "73"}, {"arr_dt": "1472347220", "direction": "0", "dep_dt": "1472347299", "route_id": "Red", "dwell_time_sec": "79"}, {"arr_dt": "1472347645", "direction": "0", "dep_dt": "1472347726", "route_id": "Red", "dwell_time_sec": "81"}, {"arr_dt": "1472347912", "direction": "0", "dep_dt": "1472347964", "route_id": "Red", "dwell_time_sec": "52"}, {"arr_dt": "1472348328", "direction": "0", "dep_dt": "1472348400", "route_id": "Red", "dwell_time_sec": "72"}, {"arr_dt": "1472348722", "direction": "0", "dep_dt": "1472348799", "route_id": "Red", "dwell_time_sec": "77"}, {"arr_dt": "1472349162", "direction": "0", "dep_dt": "1472349222", "route_id": "Red", "dwell_time_sec": "60"}, {"arr_dt": "1472349578", "direction": "0", "dep_dt": "1472349666", "route_id": "Red", "dwell_time_sec": "88"}, {"arr_dt": "1472350176", "direction": "0", "dep_dt": "1472350261", "route_id": "Red", "dwell_time_sec": "85"}, {"arr_dt": "1472350636", "direction": "0", "dep_dt": "1472350729", "route_id": "Red", "dwell_time_sec": "93"}, {"arr_dt": "1472350941", "direction": "0", "dep_dt": "1472351007", "route_id": "Red", "dwell_time_sec": "66"}, {"arr_dt": "1472351309", "direction": "0", "dep_dt": "1472351409", "route_id": "Red", "dwell_time_sec": "100"}, {"arr_dt": "1472351735", "direction": "0", "dep_dt": "1472351806", "route_id": "Red", "dwell_time_sec": "71"}, {"arr_dt": "1472352016", "direction": "0", "dep_dt": "1472352080", "route_id": "Red", "dwell_time_sec": "64"}, {"arr_dt": "1472352486", "direction": "0", "dep_dt": "1472352552", "route_id": "Red", "dwell_time_sec": "66"}, {"arr_dt": "1472353169", "direction": "0", "dep_dt": "1472353256", "route_id": "Red", "dwell_time_sec": "87"}, {"arr_dt": "1472353369", "direction": "0", "dep_dt": "1472353461", "route_id": "Red", "dwell_time_sec": "92"}, {"arr_dt": "1472353991", "direction": "0", "dep_dt": "1472354073", "route_id": "Red", "dwell_time_sec": "82"}, {"arr_dt": "1472354186", "direction": "0", "dep_dt": "1472354264", "route_id": "Red", "dwell_time_sec": "78"}, {"arr_dt": "1472354649", "direction": "0", "dep_dt": "1472354729", "route_id": "Red", "dwell_time_sec": "80"}, {"arr_dt": "1472354877", "direction": "0", "dep_dt": "1472354938", "route_id": "Red", "dwell_time_sec": "61"}, {"arr_dt": "1472355738", "direction": "0", "dep_dt": "1472355820", "route_id": "Red", "dwell_time_sec": "82"}, {"arr_dt": "1472355951", "direction": "0", "dep_dt": "1472356028", "route_id": "Red", "dwell_time_sec": "77"}, {"arr_dt": "1472356295", "direction": "0", "dep_dt": "1472356364", "route_id": "Red", "dwell_time_sec": "69"}, {"arr_dt": "1472356505", "direction": "0", "dep_dt": "1472356570", "route_id": "Red", "dwell_time_sec": "65"}]}