{"dwell_times": [{"arr_dt": "1451970011", "direction": "0", "dep_dt": "1451970086", "route_id": "Red", "dwell_time_sec": "75"}, {"arr_dt": "1451970456", "direction": "0", "dep_dt": "1451970537", "route_id": "Red", "dwell_time_sec": "81"}, {"arr_dt": "1451970733", "direction": "0", "dep_dt": "1451970798", "route_id": "Red", "dwell_time_sec": "65"}, {"arr_dt": "1451971229", "direction": "0", "dep_dt": "1451971306", "route_id": "Red", "dwell_time_sec": "77"}, {"arr_dt": "1451972022", "direction": "0", "dep_dt": "1451972092", "route_id": "Red", "dwell_time_sec": "70"}, {"arr_dt": "1451972315", "direction": "0", "dep_dt": "1451972445", "route_id": "Red", "dwell_time_sec": "130"}, {"arr_dt": "1451972829", "direction": "0", "dep_dt": "1451972887", "route_id": "Red", "dwell_time_sec": "58"}, {"arr_dt": "1451973060", "direction": "0", "dep_dt": "1451974488", "route_id": "Red", "dwell_time_sec": "1428"}, {"arr_dt": "1451989944", "direction": "0", "dep_dt": "1451989999", "route_id": "Red", "dwell_time_sec": "55"}, {"arr_dt": "1451990595", "direction": "0", "dep_dt": "1451990667", "route_id": "Red", "dwell_time_sec": "72"}, {"arr_dt": "1451990860", "direction": "0", "dep_dt": "1451990935", "route_id": "Red", "dwell_time_sec": "75"}, {"arr_dt": "1451991224", "direction": "0", "dep_dt": "1451991296", "route_id": "Red", "dwell_time_sec": "72"}, {"arr_dt": "1451991591", "direction": "0", "dep_dt": "1451991649", "route_id": "Red", "dwell_time_sec": "58"}, {"arr_dt": "1451992108", "direction": "0", "dep_dt": "1451992158", "route_id": "Red", "dwell_time_sec": "50"}, {"arr_dt": "1451992809", "direction": "0", "dep_dt": "1451992886", "route_id": "Red", "dwell_time_sec": "77"}, {"arr_dt": "1451993249", "direction": "0", "dep_dt": "1451993309", "route_id": "Red", "dwell_time_sec": "60"}, {"arr_dt": "1451993556", "direction": "0", "dep_dt": "1451993630", "route_id": "Red", "dwell_time_sec": "74"}, {"arr_dt": "1451994290", "direction": "0", "dep_dt": "1451994482", "route_id": "Red", "dwell_time_sec": "192"}, {"arr_dt": "1451994572", "direction": "0", "dep_dt": "1451994655", "route_id": "Red", "dwell_time_sec": "83"}, {"arr_dt": "1451995187", "direction": "0", "dep_dt": "1451995278", "route_id": "Red", "dwell_time_sec": "91"}, {"arr_dt": "1451995387", "direction": "0", "dep_dt": "1451995463", "route_id": "Red", "dwell_time_sec": "76"}, {"arr_dt": "1451996264", "direction": "0", "dep_dt": "1451996343", "route_id": "Red", "dwell_time_sec": "79"}, {"arr_dt": "1451996906", "direction": "0", "dep_dt": "1451997001", "route_id": "Red", "dwell_time_sec": "95"}, {"arr_dt": "1451997249", "direction": "0", "dep_dt": "1451997339", "route_id": "Red", "dwell_time_sec": "90"}, {"arr_dt": "1451997476", "direction": "0", "dep_dt": "1451997561", "route_id": "Red", "dwell_time_sec": "85"}, {"arr_dt": "1451998188", "direction": "0", "dep_dt": "1451998280", "route_id": "Red", "dwell_time_sec": "92"}, {"arr_dt": "1451998613", "direction": "0", "dep_dt": "1451998702", "route_id": "Red", "dwell_time_sec": "89"}, {"arr_dt": "1451998798", "direction": "0", "dep_dt": "1451998884", "route_id": "Red", "dwell_time_sec": "86"}, {"arr_dt": "1451998996", "direction": "0", "dep_dt": "1451999111", "route_id": "Red", "dwell_time_sec": "115"}, {"arr_dt": "1451999220", "direction": "0", "dep_dt": "1451999299", "route_id": "Red", "dwell_time_sec": "79"}, {"arr_dt": "1451999408", "direction": "0", "dep_dt": "1451999508", "route_id": "Red", "dwell_time_sec": "100"}, {"arr_dt": "1451999594", "direction": "0", "dep_dt": "1451999672", "route_id": "Red", "dwell_time_sec": "78"}, {"arr_dt": "1451999800", "direction": "0", "dep_dt": "1451999887", "route_id": "Red", "dwell_time_sec": "87"}, {"arr_dt": "1452000047", "direction": "0", "dep_dt": "1452000152", "route_id": "Red", "dwell_time_sec": "105"}, {"arr_dt": "1452000237", "direction": "0", "dep_dt": "1452000319", "route_id": "Red", "dwell_time_sec": "82"}, {"arr_dt": "1452000901", "direction": "0", "dep_dt": "1452001046", "route_id": "Red", "dwell_time_sec": "145"}, {"arr_dt": "1452001169", "direction": "0", "dep_dt": "1452001277", "route_id": "Red", "dwell_time_sec": "108"}, {"arr_dt": "1452001528", "direction": "0", "dep_dt": "1452001647", "route_id": "Red", "dwell_time_sec": "119"}, {"arr_dt": "1452001745", "direction": "0", "dep_dt": "1452001848", "route_id": "Red", "dwell_time_sec": "103"}, {"arr_dt": "1452002320", "direction": "0", "dep_dt": "1452002441", "route_id": "Red", "dwell_time_sec": "121"}, {"arr_dt": "1452003121", "direction": "0", "dep_dt": "1452003333", "route_id": "Red", "dwell_time_sec": "212"}, {"arr_dt": "1452003429", "direction": "0", "dep_dt": "1452003548", "route_id": "Red", "dwell_time_sec": "119"}, {"arr_dt": "1452003698", "direction": "0", "dep_dt": "1452003817", "route_id": "Red", "dwell_time_sec": "119"}, {"arr_dt": "1452003928", "direction": "0", "dep_dt": "1452004025", "route_id": "Red", "dwell_time_sec": "97"}, {"arr_dt": "1452004140", "direction": "0", "dep_dt": "1452004232", "route_id": "Red", "dwell_time_sec": "92"}, {"arr_dt": "1452004340", "direction": "0", "dep_dt": "1452004429", "route_id": "Red", "dwell_time_sec": "89"}, {"arr_dt": "1452004725", "direction": "0", "dep_dt": "1452004811", "route_id": "Red", "dwell_time_sec": "86"}, {"arr_dt": "1452004952", "direction": "0", "dep_dt": "1452005014", "route_id": "Red", "dwell_time_sec": "62"}, {"arr_dt": "1452005164", "direction": "0", "dep_dt": "1452005247", "route_id": "Red", "dwell_time_sec": "83"}, {"arr_dt": "1452005344", "direction": "0", "dep_dt": "1452005417", "route_id": "Red", "dwell_time_sec": "73"}, {"arr_dt": "1452005891", "direction": "0", "dep_dt": "1452005982", "route_id": "Red", "dwell_time_sec": "91"}, {"arr_dt": "1452006108", "direction": "0", "dep_dt": "1452006204", "route_id": "Red", "dwell_time_sec": "96"}, {"arr_dt": "1452006394", "direction": "0", "dep_dt": "1452006468", "route_id": "Red", "dwell_time_sec": "74"}, {"arr_dt": "1452006658", "direction": "0", "dep_dt": "1452006722", "route_id": "Red", "dwell_time_sec": "64"}, {"arr_dt": "1452006886", "direction": "0", "dep_dt": "1452007075", "route_id": "Red", "dwell_time_sec": "189"}, {"arr_dt": "1452007221", "direction": "0", "dep_dt": "1452007301", "route_id": "Red", "dwell_time_sec": "80"}, {"arr_dt": "1452007407", "direction": "0", "dep_dt": "1452007482", "route_id": "Red", "dwell_time_sec": "75"}, {"arr_dt": "1452007920", "direction": "0", "dep_dt": "1452008008", "route_id": "Red", "dwell_time_sec": "88"}, {"arr_dt": "1452008263", "direction": "0", "dep_dt": "1452008329", "route_id": "Red", "dwell_time_sec": "66"}, {"arr_dt": "1452008737", "direction": "0", "dep_dt": "1452008827", "route_id": "Red", "dwell_time_sec": "90"}, {"arr_dt": "1452009501", "direction": "0", "dep_dt": "1452009577", "route_id": "Red", "dwell_time_sec": "76"}, {"arr_dt": "1452009711", "direction": "0", "dep_dt": "1452009769", "route_id": "Red", "dwell_time_sec": "58"}, {"arr_dt": "1452009876", "direction": "0", "dep_dt": "1452009945", "route_id": "Red", "dwell_time_sec": "69"}, {"arr_dt": "1452010203", "direction": "0", "dep_dt": "1452010276", "route_id": "Red", "dwell_time_sec": "73"}, {"arr_dt": "1452010376", "direction": "0", "dep_dt": "1452010462", "route_id": "Red", "dwell_time_sec": "86"}, {"arr_dt": "1452010659", "direction": "0", "dep_dt": "1452010729", "route_id": "Red", "dwell_time_sec": "70"}, {"arr_dt": "1452011330", "direction": "0", "dep_dt": "1452011416", "route_id": "Red", "dwell_time_sec": "86"}, {"arr_dt": "1452011551", "direction": "0", "dep_dt": "1452011612", "route_id": "Red", "dwell_time_sec": "61"}, {"arr_dt": "1452011720", "direction": "0", "dep_dt": "1452011808", "route_id": "Red", "dwell_time_sec": "88"}, {"arr_dt": "1452012025", "direction": "0", "dep_dt": "1452012077", "route_id": "Red", "dwell_time_sec": "52"}, {"arr_dt": "1452012591", "direction": "0", "dep_dt": "1452012659", "route_id": "Red", "dwell_time_sec": "68"}, {"arr_dt": "1452012946", "direction": "0", "dep_dt": "1452013008", "route_id": "Red", "dwell_time_sec": "62"}, {"arr_dt": "1452013468", "direction": "0", "dep_dt": "1452013565", "route_id": "Red", "dwell_time_sec": "97"}, {"arr_dt": "1452013704", "direction": "0", "dep_dt": "1452013778", "route_id": "Red", "dwell_time_sec": "74"}, {"arr_dt": "1452014533", "direction": "0", "dep_dt": "1452014614", "route_id": "Red", "dwell_time_sec": "81"}, {"arr_dt": "1452014717", "direction": "0", "dep_dt": "1452014799", "route_id": "Red", "dwell_time_sec": "82"}, {"arr_dt": "1452015099", "direction": "0", "dep_dt": "1452015269", "route_id": "Red", "dwell_time_sec": "170"}, {"arr_dt": "1452015540", "direction": "0", "dep_dt": "1452015889", "route_id": "Red", "dwell_time_sec": "349"}, {"arr_dt": "1452016660", "direction": "0", "dep_dt": "1452016790", "route_id": "Red", "dwell_time_sec": "130"}, {"arr_dt": "1452017630", "direction": "0", "dep_dt": "1452017712", "route_id": "Red", "dwell_time_sec": "82"}, {"arr_dt": "1452019422", "direction": "0", "dep_dt": "1452019512", "route_id": "Red", "dwell_time_sec": "90"}, {"arr_dt": "1452019655", "direction": "0", "dep_dt": "1452019734", "route_id": "Red", "dwell_time_sec": "79"}, {"arr_dt": "1452020495", "direction": "0", "dep_dt": "1452020573", "route_id": "Red", "dwell_time_sec": "78"}, {"arr_dt": "1452020802", "direction": "0", "dep_dt": "1452020885", "route_id": "Red", "dwell_time_sec": "83"}, {"arr_dt": "1452021111", "direction": "0", "dep_dt": "1452021197", "route_id": "Red", "dwell_time_sec": "86"}, {"arr_dt": "1452021423", "direction": "0", "dep_dt": "1452021482", "route_id": "Red", "dwell_time_sec": "59"}, {"arr_dt": "1452021825", "direction": "0", "dep_dt": "1452021893", "route_id": "Red", "dwell_time_sec": "68"}, {"arr_dt": "1452022264", "direction": "0", "dep_dt": "1452022340", "route_id": "Red", "dwell_time_sec": "76"}, {"arr_dt": "1452022544", "direction": "0", "dep_dt": "1452022623", "route_id": "Red", "dwell_time_sec": "79"}, {"arr_dt": "1452022770", "direction": "0", "dep_dt": "1452022853", "route_id": "Red", "dwell_time_sec": "83"}, {"arr_dt": "1452023181", "direction": "0", "dep_dt": "1452023267", "route_id": "Red", "dwell_time_sec": "86"}, {"arr_dt": "1452023584", "direction": "0", "dep_dt": "1452023673", "route_id": "Red", "dwell_time_sec": "89"}, {"arr_dt": "1452023795", "direction": "0", "dep_dt": "1452023902", "route_id": "Red", "dwell_time_sec": "107"}, {"arr_dt": "1452024160", "direction": "0", "dep_dt": "1452024233", "route_id": "Red", "dwell_time_sec": "73"}, {"arr_dt": "1452024760", "direction": "0", "dep_dt": "1452025036", "route_id": "Red", "dwell_time_sec": "276"}, {"arr_dt": "1452024970", "direction": "0", "dep_dt": "1452025064", "route_id": "Red", "dwell_time_sec": "94"}, {"arr_dt": "1452025198", "direction": "0", "dep_dt": "1452025265", "route_id": "Red", "dwell_time_sec": "67"}, {"arr_dt": "1452025612", "direction": "0", "dep_dt": "1452025766", "route_id": "Red", "dwell_time_sec": "154"}, {"arr_dt": "1452026077", "direction": "0", "dep_dt": "1452026168", "route_id": "Red", "dwell_time_sec": "91"}, {"arr_dt": "1452026491", "direction": "0", "dep_dt": "1452026592", "route_id": "Red", "dwell_time_sec": "101"}, {"arr_dt": "1452026704", "direction": "0", "dep_dt": "1452026797", "route_id": "Red", "dwell_time_sec": "93"}, {"arr_dt": "1452027041", "direction": "0", "dep_dt": "1452027118", "route_id": "Red", "dwell_time_sec": "77"}, {"arr_dt": "1452027299", "direction": "0", "dep_dt": "1452027386", "route_id": "Red", "dwell_time_sec": "87"}, {"arr_dt": "1452027586", "direction": "0", "dep_dt": "1452027668", "route_id": "Red", "dwell_time_sec": "82"}, {"arr_dt": "1452027993", "direction": "0", "dep_dt": "1452028104", "route_id": "Red", "dwell_time_sec": "111"}, {"arr_dt": "1452028180", "direction": "0", "dep_dt": "1452028261", "route_id": "Red", "dwell_time_sec": "81"}, {"arr_dt": "1452028435", "direction": "0", "dep_dt": "1452028521", "route_id": "Red", "dwell_time_sec": "86"}, {"arr_dt": "1452028684", "direction": "0", "dep_dt": "1452028761", "route_id": "Red", "dwell_time_sec": "77"}, {"arr_dt": "1452029163", "direction": "0", "dep_dt": "1452029239", "route_id": "Red", "dwell_time_sec": "76"}, {"arr_dt": "1452029384", "direction": "0", "dep_dt": "1452029468", "route_id": "Red", "dwell_time_sec": "84"}, {"arr_dt": "1452029606", "direction": "0", "dep_dt": "1452029707", "route_id": "Red", "dwell_time_sec": "101"}, {"arr_dt": "1452029837", "direction": "0", "dep_dt": "1452029949", "route_id": "Red", "dwell_time_sec": "112"}, {"arr_dt": "1452030221", "direction": "0", "dep_dt": "1452030303", "route_id": "Red", "dwell_time_sec": "82"}, {"arr_dt": "1452030443", "direction": "0", "dep_dt": "1452030521", "route_id": "Red", "dwell_time_sec": "78"}, {"arr_dt": "1452030803", "direction": "0", "dep_dt": "1452031054", "route_id": "Red", "dwell_time_sec": "251"}, {"arr_dt": "1452031045", "direction": "0", "dep_dt": "1452031141", "route_id": "Red", "dwell_time_sec": "96"}, {"arr_dt": "1452031268", "direction": "0", "dep_dt": "1452031352", "route_id": "Red", "dwell_time_sec": "84"}, {"arr_dt": "1452031472", "direction": "0", "dep_dt": "1452031554", "route_id": "Red", "dwell_time_sec": "82"}, {"arr_dt": "1452031672", "direction": "0", "dep_dt": "1452031781", "route_id": "Red", "dwell_time_sec": "109"}, {"arr_dt": "1452032068", "direction": "0", "dep_dt": "1452032197", "route_id": "Red", "dwell_time_sec": "129"}, {"arr_dt": "1452032334", "direction": "0", "dep_dt": "1452032477", "route_id": "Red", "dwell_time_sec": "143"}, {"arr_dt": "1452032634", "direction": "0", "dep_dt": "1452032747", "route_id": "Red", "dwell_time_sec": "113"}, {"arr_dt": "1452032921", "direction": "0", "dep_dt": "1452033015", "route_id": "Red", "dwell_time_sec": "94"}, {"arr_dt": "1452033165", "direction": "0", "dep_dt": "1452033284", "route_id": "Red", "dwell_time_sec": "119"}, {"arr_dt": "1452033399", "direction": "0", "dep_dt": "1452033521", "route_id": "Red", "dwell_time_sec": "122"}, {"arr_dt": "1452033652", "direction": "0", "dep_dt": "1452033780", "route_id": "Red", "dwell_time_sec": "128"}, {"arr_dt": "1452033870", "direction": "0", "dep_dt": "1452033982", "route_id": "Red", "dwell_time_sec": "112"}, {"arr_dt": "1452034078", "direction": "0", "dep_dt": "1452034171", "route_id": "Red", "dwell_time_sec": "93"}, {"arr_dt": "1452034300", "direction": "0", "dep_dt": "1452034397", "route_id": "Red", "dwell_time_sec": "97"}, {"arr_dt": "1452034559", "direction": "0", "dep_dt": "1452034680", "route_id": "Red", "dwell_time_sec": "121"}, {"arr_dt": "1452035013", "direction": "0", "dep_dt": "1452035105", "route_id": "Red", "dwell_time_sec": "92"}, {"arr_dt": "1452035198", "direction": "0", "dep_dt": "1452035279", "route_id": "Red", "dwell_time_sec": "81"}, {"arr_dt": "1452035393", "direction": "0", "dep_dt": "1452035474", "route_id": "Red", "dwell_time_sec": "81"}, {"arr_dt": "1452035581", "direction": "0", "dep_dt": "1452035677", "route_id": "Red", "dwell_time_sec": "96"}, {"arr_dt": "1452035774", "direction": "0", "dep_dt": "1452035858", "route_id": "Red", "dwell_time_sec": "84"}, {"arr_dt": "1452035964", "direction": "0", "dep_dt": "1452036094", "route_id": "Red", "dwell_time_sec": "130"}, {"arr_dt": "1452036174", "direction": "0", "dep_dt": "1452036297", "route_id": "Red", "dwell_time_sec": "123"}, {"arr_dt": "1452036396", "direction": "0", "dep_dt": "1452036480", "route_id": "Red", "dwell_time_sec": "84"}, {"arr_dt": "1452036592", "direction": "0", "dep_dt": "1452036663", "route_id": "Red", "dwell_time_sec": "71"}, {"arr_dt": "1452036934", "direction": "0", "dep_dt": "1452037015", "route_id": "Red", "dwell_time_sec": "81"}, {"arr_dt": "1452037474", "direction": "0", "dep_dt": "1452037587", "route_id": "Red", "dwell_time_sec": "113"}, {"arr_dt": "1452037679", "direction": "0", "dep_dt": "1452037755", "route_id": "Red", "dwell_time_sec": "76"}, {"arr_dt": "1452037938", "direction": "0", "dep_dt": "1452038037", "route_id": "Red", "dwell_time_sec": "99"}, {"arr_dt": "1452038126", "direction": "0", "dep_dt": "1452038208", "route_id": "Red", "dwell_time_sec": "82"}, {"arr_dt": "1452038411", "direction": "0", "dep_dt": "1452038478", "route_id": "Red", "dwell_time_sec": "67"}, {"arr_dt": "1452038673", "direction": "0", "dep_dt": "1452038742", "route_id": "Red", "dwell_time_sec": "69"}, {"arr_dt": "1452039000", "direction": "0", "dep_dt": "1452039083", "route_id": "Red", "dwell_time_sec": "83"}, {"arr_dt": "1452039427", "direction": "0", "dep_dt": "1452039528", "route_id": "Red", "dwell_time_sec": "101"}, {"arr_dt": "1452039603", "direction": "0", "dep_dt": "1452039676", "route_id": "Red", "dwell_time_sec": "73"}, {"arr_dt": "1452039801", "direction": "0", "dep_dt": "1452039878", "route_id": "Red", "dwell_time_sec": "77"}, {"arr_dt": "1452040278", "direction": "0", "dep_dt": "1452040358", "route_id": "Red", "dwell_time_sec": "80"}, {"arr_dt": "1452040504", "direction": "0", "dep_dt": "1452040582", "route_id": "Red", "dwell_time_sec": "78"}, {"arr_dt": "1452040673", "direction": "0", "dep_dt": "1452040776", "route_id": "Red", "dwell_time_sec": "103"}, {"arr_dt": "1452040883", "direction": "0", "dep_dt": "1452040951", "route_id": "Red", "dwell_time_sec": "68"}, {"arr_dt": "1452041049", "direction": "0", "dep_dt": "1452041140", "route_id": "Red", "dwell_time_sec": "91"}, {"arr_dt": "1452041474", "direction": "0", "dep_dt": "1452041605", "route_id": "Red", "dwell_time_sec": "131"}, {"arr_dt": "1452041702", "direction": "0", "dep_dt": "1452041799", "route_id": "Red", "dwell_time_sec": "97"}, {"arr_dt": "1452041879", "direction": "0", "dep_dt": "1452041962", "route_id": "Red", "dwell_time_sec": "83"}, {"arr_dt": "1452042052", "direction": "0", "dep_dt": "1452042137", "route_id": "Red", "dwell_time_sec": "85"}, {"arr_dt": "1452042235", "direction": "0", "dep_dt": "1452042313", "route_id": "Red", "dwell_time_sec": "78"}, {"arr_dt": "1452042416", "direction": "0", "dep_dt": "1452042583", "route_id": "Red", "dwell_time_sec": "167"}, {"arr_dt": "1452042746", "direction": "0", "dep_dt": "1452042809", "route_id": "Red", "dwell_time_sec": "63"}, {"arr_dt": "1452042912", "direction": "0", "dep_dt": "1452042982", "route_id": "Red", "dwell_time_sec": "70"}, {"arr_dt": "1452043716", "direction": "0", "dep_dt": "1452043790", "route_id": "Red", "dwell_time_sec": "74"}, {"arr_dt": "1452044179", "direction": "0", "dep_dt": "1452044248", "route_id": "Red", "dwell_time_sec": "69"}, {"arr_dt": "1452044767", "direction": "0", "dep_dt": "1452044857", "route_id": "Red", "dwell_time_sec": "90"}, {"arr_dt": "1452044967", "direction": "0", "dep_dt": "1452045053", "route_id": "Red", "dwell_time_sec": "86"}, {"arr_dt": "1452045187", "direction": "0", "dep_dt": "1452045257", "route_id": "Red", "dwell_time_sec": "70"}, {"arr_dt": "1452045516", "direction": "0", "dep_dt": "1452045593", "route_id": "Red", "dwell_time_sec": "77"}, {"arr_dt": "1452045705", "direction": "0", "dep_dt": "1452045766", "route_id": "Red", "dwell_time_sec": "61"}, {"arr_dt": "1452045988", "direction": "0", "dep_dt": "1452046077", "route_id": "Red", "dwell_time_sec": "89"}, {"arr_dt": "1452046177", "direction": "0", "dep_dt": "1452046253", "route_id": "Red", "dwell_time_sec": "76"}, {"arr_dt": "1452046535", "direction": "0", "dep_dt": "1452046595", "route_id": "Red", "dwell_time_sec": "60"}, {"arr_dt": "1452046830", "direction": "0", "dep_dt": "1452046918", "route_id": "Red", "dwell_time_sec": "88"}, {"arr_dt": "1452047301", "direction": "0", "dep_dt": "1452047357", "route_id": "Red", "dwell_time_sec": "56"}, {"arr_dt": "1452047886", "direction": "0", "dep_dt": "1452047951", "route_id": "Red", "dwell_time_sec": "65"}, {"arr_dt": "1452048485", "direction": "0", "dep_dt": "1452048551", "route_id": "Red", "dwell_time_sec": "66"}, {"arr_dt": "1452048805", "direction": "0", "dep_dt": "1452048880", "route_id": "Red", "dwell_time_sec": "75"}, {"arr_dt": "1452049074", "direction": "0", "dep_dt": "1452049154", "route_id": "Red", "dwell_time_sec": "80"}, {"arr_dt": "1452049273", "direction": "0", "dep_dt": "1452049346", "route_id": "Red", "dwell_time_sec": "73"}, {"arr_dt": "1452049618", "direction": "0", "dep_dt": "1452049727", "route_id": "Red", "dwell_time_sec": "109"}, {"arr_dt": "1452049882", "direction": "0", "dep_dt": "1452049991", "route_id": "Red", "dwell_time_sec": "109"}, {"arr_dt": "1452050727", "direction": "0", "dep_dt": "1452050789", "route_id": "Red", "dwell_time_sec": "62"}, {"arr_dt": "1452051180", "direction": "0", "dep_dt": "1452051274", "route_id": "Red", "dwell_time_sec": "94"}, {"arr_dt": "1452051409", "direction": "0", "dep_dt": "1452051477", "route_id": "Red", "dwell_time_sec": "68"}, {"arr_dt": "1452051768", "direction": "0", "dep_dt": "1452051860", "route_id": "Red", "dwell_time_sec": "92"}, {"arr_dt": "1452052263", "direction": "0", "dep_dt": "1452052337", "route_id": "Red", "dwell_time_sec": "74"}, {"arr_dt": "1452052444", "direction": "0", "dep_dt": "1452052522", "route_id": "Red", "dwell_time_sec": "78"}, {"arr_dt": "1452053020", "direction": "0", "dep_dt": "1452053092", "route_id": "Red", "dwell_time_sec": "72"}, {"arr_dt": "1452053209", "direction": "0", "dep_dt": "1452053301", "route_id": "Red", "dwell_time_sec": "92"}, {"arr_dt": "1452053849", "direction": "0", "dep_dt": "1452053987", "route_id": "Red", "dwell_time_sec": "138"}, {"arr_dt": "1452054149", "direction": "0", "dep_dt": "1452054205", "route_id": "Red", "dwell_time_sec": "56"}, {"arr_dt": "1452054344", "direction": "0", "dep_dt": "1452054411", "route_id": "Red", "dwell_time_sec": "67"}, {"arr_dt": "1452054712", "direction": "0", "dep_dt": "1452054771", "route_id": "Red", "dwell_time_sec": "59"}, {"arr_dt": "1452054951", "direction": "0", "dep_dt": "1452055004", "route_id": "Red", "dwell_time_sec": "53"}, {"arr_dt": "1452055146", "direction": "0", "dep_dt": "1452055266", "route_id": "Red", "dwell_time_sec": "120"}, {"arr_dt": "1452055568", "direction": "0", "dep_dt": "1452055634", "route_id": "Red", "dwell_time_sec": "66"}, {"arr_dt": "1452055996", "direction": "0", "dep_dt": "1452056082", "route_id": "Red", "dwell_time_sec": "86"}]}