{"dwell_times": [{"arr_dt": "1453784548", "direction": "0", "dep_dt": "1453784608", "route_id": "Red", "dwell_time_sec": "60"}, {"arr_dt": "1453784800", "direction": "0", "dep_dt": "1453784878", "route_id": "Red", "dwell_time_sec": "78"}, {"arr_dt": "1453785011", "direction": "0", "dep_dt": "1453785074", "route_id": "Red", "dwell_time_sec": "63"}, {"arr_dt": "1453785404", "direction": "0", "dep_dt": "1453785473", "route_id": "Red", "dwell_time_sec": "69"}, {"arr_dt": "1453785661", "direction": "0", "dep_dt": "1453785729", "route_id": "Red", "dwell_time_sec": "68"}, {"arr_dt": "1453786254", "direction": "0", "dep_dt": "1453786312", "route_id": "Red", "dwell_time_sec": "58"}, {"arr_dt": "1453786923", "direction": "0", "dep_dt": "1453786981", "route_id": "Red", "dwell_time_sec": "58"}, {"arr_dt": "1453787689", "direction": "0", "dep_dt": "1453788695", "route_id": "Red", "dwell_time_sec": "1006"}, {"arr_dt": "1453804982", "direction": "0", "dep_dt": "1453805074", "route_id": "Red", "dwell_time_sec": "92"}, {"arr_dt": "1453805316", "direction": "0", "dep_dt": "1453805402", "route_id": "Red", "dwell_time_sec": "86"}, {"arr_dt": "1453805758", "direction": "0", "dep_dt": "1453805817", "route_id": "Red", "dwell_time_sec": "59"}, {"arr_dt": "1453806199", "direction": "0", "dep_dt": "1453806257", "route_id": "Red", "dwell_time_sec": "58"}, {"arr_dt": "1453806737", "direction": "0", "dep_dt": "1453806817", "route_id": "Red", "dwell_time_sec": "80"}, {"arr_dt": "1453807290", "direction": "0", "dep_dt": "1453807354", "route_id": "Red", "dwell_time_sec": "64"}, {"arr_dt": "1453807786", "direction": "0", "dep_dt": "1453807848", "route_id": "Red", "dwell_time_sec": "62"}, {"arr_dt": "1453808037", "direction": "0", "dep_dt": "1453808104", "route_id": "Red", "dwell_time_sec": "67"}, {"arr_dt": "1453808749", "direction": "0", "dep_dt": "1453808808", "route_id": "Red", "dwell_time_sec": "59"}, {"arr_dt": "1453809056", "direction": "0", "dep_dt": "1453809143", "route_id": "Red", "dwell_time_sec": "87"}, {"arr_dt": "1453809369", "direction": "0", "dep_dt": "1453809444", "route_id": "Red", "dwell_time_sec": "75"}, {"arr_dt": "1453809806", "direction": "0", "dep_dt": "1453809888", "route_id": "Red", "dwell_time_sec": "82"}, {"arr_dt": "1453810003", "direction": "0", "dep_dt": "1453810096", "route_id": "Red", "dwell_time_sec": "93"}, {"arr_dt": "1453810739", "direction": "0", "dep_dt": "1453810814", "route_id": "Red", "dwell_time_sec": "75"}, {"arr_dt": "1453811006", "direction": "0", "dep_dt": "1453811092", "route_id": "Red", "dwell_time_sec": "86"}, {"arr_dt": "1453811233", "direction": "0", "dep_dt": "1453811313", "route_id": "Red", "dwell_time_sec": "80"}, {"arr_dt": "1453811436", "direction": "0", "dep_dt": "1453811544", "route_id": "Red", "dwell_time_sec": "108"}, {"arr_dt": "1453811780", "direction": "0", "dep_dt": "1453811863", "route_id": "Red", "dwell_time_sec": "83"}, {"arr_dt": "1453812035", "direction": "0", "dep_dt": "1453812200", "route_id": "Red", "dwell_time_sec": "165"}, {"arr_dt": "1453812290", "direction": "0", "dep_dt": "1453812414", "route_id": "Red", "dwell_time_sec": "124"}, {"arr_dt": "1453812533", "direction": "0", "dep_dt": "1453812625", "route_id": "Red", "dwell_time_sec": "92"}, {"arr_dt": "1453813598", "direction": "0", "dep_dt": "1453813735", "route_id": "Red", "dwell_time_sec": "137"}, {"arr_dt": "1453813868", "direction": "0", "dep_dt": "1453813957", "route_id": "Red", "dwell_time_sec": "89"}, {"arr_dt": "1453814076", "direction": "0", "dep_dt": "1453814188", "route_id": "Red", "dwell_time_sec": "112"}, {"arr_dt": "1453814284", "direction": "0", "dep_dt": "1453814368", "route_id": "Red", "dwell_time_sec": "84"}, {"arr_dt": "1453814488", "direction": "0", "dep_dt": "1453814580", "route_id": "Red", "dwell_time_sec": "92"}, {"arr_dt": "1453814685", "direction": "0", "dep_dt": "1453814763", "route_id": "Red", "dwell_time_sec": "78"}, {"arr_dt": "1453814878", "direction": "0", "dep_dt": "1453814965", "route_id": "Red", "dwell_time_sec": "87"}, {"arr_dt": "1453815095", "direction": "0", "dep_dt": "1453815206", "route_id": "Red", "dwell_time_sec": "111"}, {"arr_dt": "1453815319", "direction": "0", "dep_dt": "1453815423", "route_id": "Red", "dwell_time_sec": "104"}, {"arr_dt": "1453815545", "direction": "0", "dep_dt": "1453815677", "route_id": "Red", "dwell_time_sec": "132"}, {"arr_dt": "1453815780", "direction": "0", "dep_dt": "1453815900", "route_id": "Red", "dwell_time_sec": "120"}, {"arr_dt": "1453816004", "direction": "0", "dep_dt": "1453816100", "route_id": "Red", "dwell_time_sec": "96"}, {"arr_dt": "1453816287", "direction": "0", "dep_dt": "1453816384", "route_id": "Red", "dwell_time_sec": "97"}, {"arr_dt": "1453816514", "direction": "0", "dep_dt": "1453816608", "route_id": "Red", "dwell_time_sec": "94"}, {"arr_dt": "1453816719", "direction": "0", "dep_dt": "1453816836", "route_id": "Red", "dwell_time_sec": "117"}, {"arr_dt": "1453816941", "direction": "0", "dep_dt": "1453817023", "route_id": "Red", "dwell_time_sec": "82"}, {"arr_dt": "1453817145", "direction": "0", "dep_dt": "1453817249", "route_id": "Red", "dwell_time_sec": "104"}, {"arr_dt": "1453817338", "direction": "0", "dep_dt": "1453817396", "route_id": "Red", "dwell_time_sec": "58"}, {"arr_dt": "1453817706", "direction": "0", "dep_dt": "1453817826", "route_id": "Red", "dwell_time_sec": "120"}, {"arr_dt": "1453817926", "direction": "0", "dep_dt": "1453818017", "route_id": "Red", "dwell_time_sec": "91"}, {"arr_dt": "1453818125", "direction": "0", "dep_dt": "1453818214", "route_id": "Red", "dwell_time_sec": "89"}, {"arr_dt": "1453818370", "direction": "0", "dep_dt": "1453818447", "route_id": "Red", "dwell_time_sec": "77"}, {"arr_dt": "1453818569", "direction": "0", "dep_dt": "1453818629", "route_id": "Red", "dwell_time_sec": "60"}, {"arr_dt": "1453818830", "direction": "0", "dep_dt": "1453818900", "route_id": "Red", "dwell_time_sec": "70"}, {"arr_dt": "1453819128", "direction": "0", "dep_dt": "1453819220", "route_id": "Red", "dwell_time_sec": "92"}, {"arr_dt": "1453819461", "direction": "0", "dep_dt": "1453819562", "route_id": "Red", "dwell_time_sec": "101"}, {"arr_dt": "1453819681", "direction": "0", "dep_dt": "1453819763", "route_id": "Red", "dwell_time_sec": "82"}, {"arr_dt": "1453820183", "direction": "0", "dep_dt": "1453820275", "route_id": "Red", "dwell_time_sec": "92"}, {"arr_dt": "1453820385", "direction": "0", "dep_dt": "1453820461", "route_id": "Red", "dwell_time_sec": "76"}, {"arr_dt": "1453820812", "direction": "0", "dep_dt": "1453820887", "route_id": "Red", "dwell_time_sec": "75"}, {"arr_dt": "1453820999", "direction": "0", "dep_dt": "1453821088", "route_id": "Red", "dwell_time_sec": "89"}, {"arr_dt": "1453821297", "direction": "0", "dep_dt": "1453821363", "route_id": "Red", "dwell_time_sec": "66"}, {"arr_dt": "1453821594", "direction": "0", "dep_dt": "1453821656", "route_id": "Red", "dwell_time_sec": "62"}, {"arr_dt": "1453822176", "direction": "0", "dep_dt": "1453822272", "route_id": "Red", "dwell_time_sec": "96"}, {"arr_dt": "1453822396", "direction": "0", "dep_dt": "1453822573", "route_id": "Red", "dwell_time_sec": "177"}, {"arr_dt": "1453822848", "direction": "0", "dep_dt": "1453822920", "route_id": "Red", "dwell_time_sec": "72"}, {"arr_dt": "1453823152", "direction": "0", "dep_dt": "1453823234", "route_id": "Red", "dwell_time_sec": "82"}, {"arr_dt": "1453823347", "direction": "0", "dep_dt": "1453823401", "route_id": "Red", "dwell_time_sec": "54"}, {"arr_dt": "1453823679", "direction": "0", "dep_dt": "1453823769", "route_id": "Red", "dwell_time_sec": "90"}, {"arr_dt": "1453823917", "direction": "0", "dep_dt": "1453823972", "route_id": "Red", "dwell_time_sec": "55"}, {"arr_dt": "1453824419", "direction": "0", "dep_dt": "1453824497", "route_id": "Red", "dwell_time_sec": "78"}, {"arr_dt": "1453824611", "direction": "0", "dep_dt": "1453824674", "route_id": "Red", "dwell_time_sec": "63"}, {"arr_dt": "1453824927", "direction": "0", "dep_dt": "1453825003", "route_id": "Red", "dwell_time_sec": "76"}, {"arr_dt": "1453825248", "direction": "0", "dep_dt": "1453825386", "route_id": "Red", "dwell_time_sec": "138"}, {"arr_dt": "1453825535", "direction": "0", "dep_dt": "1453825593", "route_id": "Red", "dwell_time_sec": "58"}, {"arr_dt": "1453826197", "direction": "0", "dep_dt": "1453826267", "route_id": "Red", "dwell_time_sec": "70"}, {"arr_dt": "1453826893", "direction": "0", "dep_dt": "1453826966", "route_id": "Red", "dwell_time_sec": "73"}, {"arr_dt": "1453827108", "direction": "0", "dep_dt": "1453827192", "route_id": "Red", "dwell_time_sec": "84"}, {"arr_dt": "1453827426", "direction": "0", "dep_dt": "1453827506", "route_id": "Red", "dwell_time_sec": "80"}, {"arr_dt": "1453827876", "direction": "0", "dep_dt": "1453827949", "route_id": "Red", "dwell_time_sec": "73"}, {"arr_dt": "1453828082", "direction": "0", "dep_dt": "1453828141", "route_id": "Red", "dwell_time_sec": "59"}, {"arr_dt": "1453828782", "direction": "0", "dep_dt": "1453828877", "route_id": "Red", "dwell_time_sec": "95"}, {"arr_dt": "1453828988", "direction": "0", "dep_dt": "1453829064", "route_id": "Red", "dwell_time_sec": "76"}, {"arr_dt": "1453829520", "direction": "0", "dep_dt": "1453829601", "route_id": "Red", "dwell_time_sec": "81"}, {"arr_dt": "1453829945", "direction": "0", "dep_dt": "1453830014", "route_id": "Red", "dwell_time_sec": "69"}, {"arr_dt": "1453830522", "direction": "0", "dep_dt": "1453830602", "route_id": "Red", "dwell_time_sec": "80"}, {"arr_dt": "1453830876", "direction": "0", "dep_dt": "1453830941", "route_id": "Red", "dwell_time_sec": "65"}, {"arr_dt": "1453831524", "direction": "0", "dep_dt": "1453831605", "route_id": "Red", "dwell_time_sec": "81"}, {"arr_dt": "1453831775", "direction": "0", "dep_dt": "1453831834", "route_id": "Red", "dwell_time_sec": "59"}, {"arr_dt": "1453832185", "direction": "0", "dep_dt": "1453832264", "route_id": "Red", "dwell_time_sec": "79"}, {"arr_dt": "1453832489", "direction": "0", "dep_dt": "1453832560", "route_id": "Red", "dwell_time_sec": "71"}, {"arr_dt": "1453833016", "direction": "0", "dep_dt": "1453833090", "route_id": "Red", "dwell_time_sec": "74"}, {"arr_dt": "1453833306", "direction": "0", "dep_dt": "1453833388", "route_id": "Red", "dwell_time_sec": "82"}, {"arr_dt": "1453833797", "direction": "0", "dep_dt": "1453833866", "route_id": "Red", "dwell_time_sec": "69"}, {"arr_dt": "1453834115", "direction": "0", "dep_dt": "1453834174", "route_id": "Red", "dwell_time_sec": "59"}, {"arr_dt": "1453834561", "direction": "0", "dep_dt": "1453834643", "route_id": "Red", "dwell_time_sec": "82"}, {"arr_dt": "1453835154", "direction": "0", "dep_dt": "1453835230", "route_id": "Red", "dwell_time_sec": "76"}, {"arr_dt": "1453835980", "direction": "0", "dep_dt": "1453836064", "route_id": "Red", "dwell_time_sec": "84"}, {"arr_dt": "1453836222", "direction": "0", "dep_dt": "1453836295", "route_id": "Red", "dwell_time_sec": "73"}, {"arr_dt": "1453836692", "direction": "0", "dep_dt": "1453836794", "route_id": "Red", "dwell_time_sec": "102"}, {"arr_dt": "1453836996", "direction": "0", "dep_dt": "1453837066", "route_id": "Red", "dwell_time_sec": "70"}, {"arr_dt": "1453837202", "direction": "0", "dep_dt": "1453837289", "route_id": "Red", "dwell_time_sec": "87"}, {"arr_dt": "1453838324", "direction": "0", "dep_dt": "1453838401", "route_id": "Red", "dwell_time_sec": "77"}, {"arr_dt": "1453838889", "direction": "0", "dep_dt": "1453838999", "route_id": "Red", "dwell_time_sec": "110"}, {"arr_dt": "1453839295", "direction": "0", "dep_dt": "1453839372", "route_id": "Red", "dwell_time_sec": "77"}, {"arr_dt": "1453839668", "direction": "0", "dep_dt": "1453839744", "route_id": "Red", "dwell_time_sec": "76"}, {"arr_dt": "1453840148", "direction": "0", "dep_dt": "1453840247", "route_id": "Red", "dwell_time_sec": "99"}, {"arr_dt": "1453840357", "direction": "0", "dep_dt": "1453840444", "route_id": "Red", "dwell_time_sec": "87"}, {"arr_dt": "1453840872", "direction": "0", "dep_dt": "1453840959", "route_id": "Red", "dwell_time_sec": "87"}, {"arr_dt": "1453841237", "direction": "0", "dep_dt": "1453841314", "route_id": "Red", "dwell_time_sec": "77"}, {"arr_dt": "1453841633", "direction": "0", "dep_dt": "1453841756", "route_id": "Red", "dwell_time_sec": "123"}, {"arr_dt": "1453841958", "direction": "0", "dep_dt": "1453842043", "route_id": "Red", "dwell_time_sec": "85"}, {"arr_dt": "1453842192", "direction": "0", "dep_dt": "1453842252", "route_id": "Red", "dwell_time_sec": "60"}, {"arr_dt": "1453842826", "direction": "0", "dep_dt": "1453842958", "route_id": "Red", "dwell_time_sec": "132"}, {"arr_dt": "1453843062", "direction": "0", "dep_dt": "1453843153", "route_id": "Red", "dwell_time_sec": "91"}, {"arr_dt": "1453843350", "direction": "0", "dep_dt": "1453843436", "route_id": "Red", "dwell_time_sec": "86"}, {"arr_dt": "1453843738", "direction": "0", "dep_dt": "1453843844", "route_id": "Red", "dwell_time_sec": "106"}, {"arr_dt": "1453843969", "direction": "0", "dep_dt": "1453844051", "route_id": "Red", "dwell_time_sec": "82"}, {"arr_dt": "1453844369", "direction": "0", "dep_dt": "1453844452", "route_id": "Red", "dwell_time_sec": "83"}, {"arr_dt": "1453844606", "direction": "0", "dep_dt": "1453844706", "route_id": "Red", "dwell_time_sec": "100"}, {"arr_dt": "1453844851", "direction": "0", "dep_dt": "1453844950", "route_id": "Red", "dwell_time_sec": "99"}, {"arr_dt": "1453845083", "direction": "0", "dep_dt": "1453845197", "route_id": "Red", "dwell_time_sec": "114"}, {"arr_dt": "1453845342", "direction": "0", "dep_dt": "1453845414", "route_id": "Red", "dwell_time_sec": "72"}, {"arr_dt": "1453845564", "direction": "0", "dep_dt": "1453845634", "route_id": "Red", "dwell_time_sec": "70"}, {"arr_dt": "1453845857", "direction": "0", "dep_dt": "1453845988", "route_id": "Red", "dwell_time_sec": "131"}, {"arr_dt": "1453846086", "direction": "0", "dep_dt": "1453846183", "route_id": "Red", "dwell_time_sec": "97"}, {"arr_dt": "1453846295", "direction": "0", "dep_dt": "1453846395", "route_id": "Red", "dwell_time_sec": "100"}, {"arr_dt": "1453846543", "direction": "0", "dep_dt": "1453846661", "route_id": "Red", "dwell_time_sec": "118"}, {"arr_dt": "1453846758", "direction": "0", "dep_dt": "1453846855", "route_id": "Red", "dwell_time_sec": "97"}, {"arr_dt": "1453846953", "direction": "0", "dep_dt": "1453847059", "route_id": "Red", "dwell_time_sec": "106"}, {"arr_dt": "1453847246", "direction": "0", "dep_dt": "1453847362", "route_id": "Red", "dwell_time_sec": "116"}, {"arr_dt": "1453847535", "direction": "0", "dep_dt": "1453847667", "route_id": "Red", "dwell_time_sec": "132"}, {"arr_dt": "1453847763", "direction": "0", "dep_dt": "1453847856", "route_id": "Red", "dwell_time_sec": "93"}, {"arr_dt": "1453847963", "direction": "0", "dep_dt": "1453848065", "route_id": "Red", "dwell_time_sec": "102"}, {"arr_dt": "1453848169", "direction": "0", "dep_dt": "1453848261", "route_id": "Red", "dwell_time_sec": "92"}, {"arr_dt": "1453848372", "direction": "0", "dep_dt": "1453848491", "route_id": "Red", "dwell_time_sec": "119"}, {"arr_dt": "1453848587", "direction": "0", "dep_dt": "1453848683", "route_id": "Red", "dwell_time_sec": "96"}, {"arr_dt": "1453848983", "direction": "0", "dep_dt": "1453849088", "route_id": "Red", "dwell_time_sec": "105"}, {"arr_dt": "1453849190", "direction": "0", "dep_dt": "1453849279", "route_id": "Red", "dwell_time_sec": "89"}, {"arr_dt": "1453849478", "direction": "0", "dep_dt": "1453849572", "route_id": "Red", "dwell_time_sec": "94"}, {"arr_dt": "1453849783", "direction": "0", "dep_dt": "1453849865", "route_id": "Red", "dwell_time_sec": "82"}, {"arr_dt": "1453850012", "direction": "0", "dep_dt": "1453850117", "route_id": "Red", "dwell_time_sec": "105"}, {"arr_dt": "1453850329", "direction": "0", "dep_dt": "1453850561", "route_id": "Red", "dwell_time_sec": "232"}, {"arr_dt": "1453850533", "direction": "0", "dep_dt": "1453850666", "route_id": "Red", "dwell_time_sec": "133"}, {"arr_dt": "1453850782", "direction": "0", "dep_dt": "1453850850", "route_id": "Red", "dwell_time_sec": "68"}, {"arr_dt": "1453850970", "direction": "0", "dep_dt": "1453851048", "route_id": "Red", "dwell_time_sec": "78"}, {"arr_dt": "1453851191", "direction": "0", "dep_dt": "1453851284", "route_id": "Red", "dwell_time_sec": "93"}, {"arr_dt": "1453851396", "direction": "0", "dep_dt": "1453851465", "route_id": "Red", "dwell_time_sec": "69"}, {"arr_dt": "1453851653", "direction": "0", "dep_dt": "1453851736", "route_id": "Red", "dwell_time_sec": "83"}, {"arr_dt": "1453851846", "direction": "0", "dep_dt": "1453851922", "route_id": "Red", "dwell_time_sec": "76"}, {"arr_dt": "1453852036", "direction": "0", "dep_dt": "1453852112", "route_id": "Red", "dwell_time_sec": "76"}, {"arr_dt": "1453852271", "direction": "0", "dep_dt": "1453852374", "route_id": "Red", "dwell_time_sec": "103"}, {"arr_dt": "1453852548", "direction": "0", "dep_dt": "1453852623", "route_id": "Red", "dwell_time_sec": "75"}, {"arr_dt": "1453852753", "direction": "0", "dep_dt": "1453852824", "route_id": "Red", "dwell_time_sec": "71"}, {"arr_dt": "1453853059", "direction": "0", "dep_dt": "1453853141", "route_id": "Red", "dwell_time_sec": "82"}, {"arr_dt": "1453853352", "direction": "0", "dep_dt": "1453853434", "route_id": "Red", "dwell_time_sec": "82"}, {"arr_dt": "1453853605", "direction": "0", "dep_dt": "1453853682", "route_id": "Red", "dwell_time_sec": "77"}, {"arr_dt": "1453853803", "direction": "0", "dep_dt": "1453853885", "route_id": "Red", "dwell_time_sec": "82"}, {"arr_dt": "1453854061", "direction": "0", "dep_dt": "1453854126", "route_id": "Red", "dwell_time_sec": "65"}, {"arr_dt": "1453854245", "direction": "0", "dep_dt": "1453854326", "route_id": "Red", "dwell_time_sec": "81"}, {"arr_dt": "1453854564", "direction": "0", "dep_dt": "1453854631", "route_id": "Red", "dwell_time_sec": "67"}, {"arr_dt": "1453854757", "direction": "0", "dep_dt": "1453854823", "route_id": "Red", "dwell_time_sec": "66"}, {"arr_dt": "1453855174", "direction": "0", "dep_dt": "1453855246", "route_id": "Red", "dwell_time_sec": "72"}, {"arr_dt": "1453855422", "direction": "0", "dep_dt": "1453855498", "route_id": "Red", "dwell_time_sec": "76"}, {"arr_dt": "1453855694", "direction": "0", "dep_dt": "1453855766", "route_id": "Red", "dwell_time_sec": "72"}, {"arr_dt": "1453856013", "direction": "0", "dep_dt": "1453856087", "route_id": "Red", "dwell_time_sec": "74"}, {"arr_dt": "1453856202", "direction": "0", "dep_dt": "1453856295", "route_id": "Red", "dwell_time_sec": "93"}, {"arr_dt": "1453856445", "direction": "0", "dep_dt": "1453856514", "route_id": "Red", "dwell_time_sec": "69"}, {"arr_dt": "1453857093", "direction": "0", "dep_dt": "1453857157", "route_id": "Red", "dwell_time_sec": "64"}, {"arr_dt": "1453857505", "direction": "0", "dep_dt": "1453857584", "route_id": "Red", "dwell_time_sec": "79"}, {"arr_dt": "1453857846", "direction": "0", "dep_dt": "1453857919", "route_id": "Red", "dwell_time_sec": "73"}, {"arr_dt": "1453858021", "direction": "0", "dep_dt": "1453858089", "route_id": "Red", "dwell_time_sec": "68"}, {"arr_dt": "1453858430", "direction": "0", "dep_dt": "1453858496", "route_id": "Red", "dwell_time_sec": "66"}, {"arr_dt": "1453858677", "direction": "0", "dep_dt": "1453858761", "route_id": "Red", "dwell_time_sec": "84"}, {"arr_dt": "1453859091", "direction": "0", "dep_dt": "1453859153", "route_id": "Red", "dwell_time_sec": "62"}, {"arr_dt": "1453859743", "direction": "0", "dep_dt": "1453859851", "route_id": "Red", "dwell_time_sec": "108"}, {"arr_dt": "1453860136", "direction": "0", "dep_dt": "1453860209", "route_id": "Red", "dwell_time_sec": "73"}, {"arr_dt": "1453860387", "direction": "0", "dep_dt": "1453860453", "route_id": "Red", "dwell_time_sec": "66"}, {"arr_dt": "1453860648", "direction": "0", "dep_dt": "1453860742", "route_id": "Red", "dwell_time_sec": "94"}, {"arr_dt": "1453860845", "direction": "0", "dep_dt": "1453860928", "route_id": "Red", "dwell_time_sec": "83"}, {"arr_dt": "1453861184", "direction": "0", "dep_dt": "1453861252", "route_id": "Red", "dwell_time_sec": "68"}, {"arr_dt": "1453861493", "direction": "0", "dep_dt": "1453861569", "route_id": "Red", "dwell_time_sec": "76"}, {"arr_dt": "1453861904", "direction": "0", "dep_dt": "1453861978", "route_id": "Red", "dwell_time_sec": "74"}, {"arr_dt": "1453862223", "direction": "0", "dep_dt": "1453862302", "route_id": "Red", "dwell_time_sec": "79"}, {"arr_dt": "1453862809", "direction": "0", "dep_dt": "1453862890", "route_id": "Red", "dwell_time_sec": "81"}, {"arr_dt": "1453863081", "direction": "0", "dep_dt": "1453863170", "route_id": "Red", "dwell_time_sec": "89"}, {"arr_dt": "1453863600", "direction": "0", "dep_dt": "1453863672", "route_id": "Red", "dwell_time_sec": "72"}, {"arr_dt": "1453863806", "direction": "0", "dep_dt": "1453863867", "route_id": "Red", "dwell_time_sec": "61"}, {"arr_dt": "1453864256", "direction": "0", "dep_dt": "1453864488", "route_id": "Red", "dwell_time_sec": "232"}, {"arr_dt": "1453864632", "direction": "0", "dep_dt": "1453864694", "route_id": "Red", "dwell_time_sec": "62"}, {"arr_dt": "1453864816", "direction": "0", "dep_dt": "1453864876", "route_id": "Red", "dwell_time_sec": "60"}, {"arr_dt": "1453865350", "direction": "0", "dep_dt": "1453865481", "route_id": "Red", "dwell_time_sec": "131"}, {"arr_dt": "1453865753", "direction": "0", "dep_dt": "1453865823", "route_id": "Red", "dwell_time_sec": "70"}, {"arr_dt": "1453866247", "direction": "0", "dep_dt": "1453866328", "route_id": "Red", "dwell_time_sec": "81"}, {"arr_dt": "1453866642", "direction": "0", "dep_dt": "1453866705", "route_id": "Red", "dwell_time_sec": "63"}, {"arr_dt": "1453866926", "direction": "0", "dep_dt": "1453866998", "route_id": "Red", "dwell_time_sec": "72"}, {"arr_dt": "1453867625", "direction": "0", "dep_dt": "1453867697", "route_id": "Red", "dwell_time_sec": "72"}, {"arr_dt": "1453867802", "direction": "0", "dep_dt": "1453867864", "route_id": "Red", "dwell_time_sec": "62"}, {"arr_dt": "1453868259", "direction": "0", "dep_dt": "1453868327", "route_id": "Red", "dwell_time_sec": "68"}, {"arr_dt": "1453868475", "direction": "0", "dep_dt": "1453868542", "route_id": "Red", "dwell_time_sec": "67"}, {"arr_dt": "1453868799", "direction": "0", "dep_dt": "1453868869", "route_id": "Red", "dwell_time_sec": "70"}, {"arr_dt": "1453869150", "direction": "0", "dep_dt": "1453869206", "route_id": "Red", "dwell_time_sec": "56"}, {"arr_dt": "1453869650", "direction": "0", "dep_dt": "1453869726", "route_id": "Red", "dwell_time_sec": "76"}, {"arr_dt": "1453870015", "direction": "0", "dep_dt": "1453870085", "route_id": "Red", "dwell_time_sec": "70"}, {"arr_dt": "1453870574", "direction": "0", "dep_dt": "1453870649", "route_id": "Red", "dwell_time_sec": "75"}]}