{"dwell_times": [{"arr_dt": "1480223168", "direction": "0", "dep_dt": "1480223231", "route_id": "Red", "dwell_time_sec": "63"}, {"arr_dt": "1480223777", "direction": "0", "dep_dt": "1480223844", "route_id": "Red", "dwell_time_sec": "67"}, {"arr_dt": "1480224349", "direction": "0", "dep_dt": "1480224414", "route_id": "Red", "dwell_time_sec": "65"}, {"arr_dt": "1480224906", "direction": "0", "dep_dt": "1480224976", "route_id": "Red", "dwell_time_sec": "70"}, {"arr_dt": "1480225663", "direction": "0", "dep_dt": "1480225722", "route_id": "Red", "dwell_time_sec": "59"}, {"arr_dt": "1480226209", "direction": "0", "dep_dt": "1480226263", "route_id": "Red", "dwell_time_sec": "54"}, {"arr_dt": "1480227072", "direction": "0", "dep_dt": "1480227603", "route_id": "Red", "dwell_time_sec": "531"}, {"arr_dt": "1480246597", "direction": "0", "dep_dt": "1480246664", "route_id": "Red", "dwell_time_sec": "67"}, {"arr_dt": "1480247164", "direction": "0", "dep_dt": "1480247222", "route_id": "Red", "dwell_time_sec": "58"}, {"arr_dt": "1480247749", "direction": "0", "dep_dt": "1480247814", "route_id": "Red", "dwell_time_sec": "65"}, {"arr_dt": "1480248334", "direction": "0", "dep_dt": "1480248387", "route_id": "Red", "dwell_time_sec": "53"}, {"arr_dt": "1480248934", "direction": "0", "dep_dt": "1480248996", "route_id": "Red", "dwell_time_sec": "62"}, {"arr_dt": "1480249506", "direction": "0", "dep_dt": "1480249568", "route_id": "Red", "dwell_time_sec": "62"}, {"arr_dt": "1480250161", "direction": "0", "dep_dt": "1480250217", "route_id": "Red", "dwell_time_sec": "56"}, {"arr_dt": "1480250792", "direction": "0", "dep_dt": "1480250862", "route_id": "Red", "dwell_time_sec": "70"}, {"arr_dt": "1480251295", "direction": "0", "dep_dt": "1480251360", "route_id": "Red", "dwell_time_sec": "65"}, {"arr_dt": "1480251918", "direction": "0", "dep_dt": "1480251980", "route_id": "Red", "dwell_time_sec": "62"}, {"arr_dt": "1480252593", "direction": "0", "dep_dt": "1480252662", "route_id": "Red", "dwell_time_sec": "69"}, {"arr_dt": "1480253078", "direction": "0", "dep_dt": "1480253147", "route_id": "Red", "dwell_time_sec": "69"}, {"arr_dt": "1480253675", "direction": "0", "dep_dt": "1480253766", "route_id": "Red", "dwell_time_sec": "91"}, {"arr_dt": "1480254345", "direction": "0", "dep_dt": "1480254413", "route_id": "Red", "dwell_time_sec": "68"}, {"arr_dt": "1480255020", "direction": "0", "dep_dt": "1480255090", "route_id": "Red", "dwell_time_sec": "70"}, {"arr_dt": "1480255642", "direction": "0", "dep_dt": "1480255709", "route_id": "Red", "dwell_time_sec": "67"}, {"arr_dt": "1480256190", "direction": "0", "dep_dt": "1480256260", "route_id": "Red", "dwell_time_sec": "70"}, {"arr_dt": "1480256861", "direction": "0", "dep_dt": "1480256926", "route_id": "Red", "dwell_time_sec": "65"}, {"arr_dt": "1480257433", "direction": "0", "dep_dt": "1480257506", "route_id": "Red", "dwell_time_sec": "73"}, {"arr_dt": "1480258048", "direction": "0", "dep_dt": "1480258116", "route_id": "Red", "dwell_time_sec": "68"}, {"arr_dt": "1480258792", "direction": "0", "dep_dt": "1480258858", "route_id": "Red", "dwell_time_sec": "66"}, {"arr_dt": "1480259348", "direction": "0", "dep_dt": "1480259420", "route_id": "Red", "dwell_time_sec": "72"}, {"arr_dt": "1480259961", "direction": "0", "dep_dt": "1480260041", "route_id": "Red", "dwell_time_sec": "80"}, {"arr_dt": "1480260490", "direction": "0", "dep_dt": "1480260553", "route_id": "Red", "dwell_time_sec": "63"}, {"arr_dt": "1480261077", "direction": "0", "dep_dt": "1480261152", "route_id": "Red", "dwell_time_sec": "75"}, {"arr_dt": "1480261577", "direction": "0", "dep_dt": "1480261640", "route_id": "Red", "dwell_time_sec": "63"}, {"arr_dt": "1480262203", "direction": "0", "dep_dt": "1480262278", "route_id": "Red", "dwell_time_sec": "75"}, {"arr_dt": "1480262748", "direction": "0", "dep_dt": "1480262814", "route_id": "Red", "dwell_time_sec": "66"}, {"arr_dt": "1480263477", "direction": "0", "dep_dt": "1480263553", "route_id": "Red", "dwell_time_sec": "76"}, {"arr_dt": "1480264069", "direction": "0", "dep_dt": "1480264144", "route_id": "Red", "dwell_time_sec": "75"}, {"arr_dt": "1480264605", "direction": "0", "dep_dt": "1480264691", "route_id": "Red", "dwell_time_sec": "86"}, {"arr_dt": "1480265195", "direction": "0", "dep_dt": "1480265267", "route_id": "Red", "dwell_time_sec": "72"}, {"arr_dt": "1480265715", "direction": "0", "dep_dt": "1480265782", "route_id": "Red", "dwell_time_sec": "67"}, {"arr_dt": "1480266307", "direction": "0", "dep_dt": "1480266375", "route_id": "Red", "dwell_time_sec": "68"}, {"arr_dt": "1480266909", "direction": "0", "dep_dt": "1480267064", "route_id": "Red", "dwell_time_sec": "155"}, {"arr_dt": "1480267896", "direction": "0", "dep_dt": "1480267984", "route_id": "Red", "dwell_time_sec": "88"}, {"arr_dt": "1480268382", "direction": "0", "dep_dt": "1480268450", "route_id": "Red", "dwell_time_sec": "68"}, {"arr_dt": "1480268873", "direction": "0", "dep_dt": "1480268955", "route_id": "Red", "dwell_time_sec": "82"}, {"arr_dt": "1480270120", "direction": "0", "dep_dt": "1480270183", "route_id": "Red", "dwell_time_sec": "63"}, {"arr_dt": "1480270676", "direction": "0", "dep_dt": "1480270740", "route_id": "Red", "dwell_time_sec": "64"}, {"arr_dt": "1480271441", "direction": "0", "dep_dt": "1480271523", "route_id": "Red", "dwell_time_sec": "82"}, {"arr_dt": "1480272101", "direction": "0", "dep_dt": "1480272183", "route_id": "Red", "dwell_time_sec": "82"}, {"arr_dt": "1480272674", "direction": "0", "dep_dt": "1480272747", "route_id": "Red", "dwell_time_sec": "73"}, {"arr_dt": "1480273288", "direction": "0", "dep_dt": "1480273366", "route_id": "Red", "dwell_time_sec": "78"}, {"arr_dt": "1480273678", "direction": "0", "dep_dt": "1480273745", "route_id": "Red", "dwell_time_sec": "67"}, {"arr_dt": "1480274285", "direction": "0", "dep_dt": "1480274364", "route_id": "Red", "dwell_time_sec": "79"}, {"arr_dt": "1480274917", "direction": "0", "dep_dt": "1480274998", "route_id": "Red", "dwell_time_sec": "81"}, {"arr_dt": "1480275490", "direction": "0", "dep_dt": "1480275558", "route_id": "Red", "dwell_time_sec": "68"}, {"arr_dt": "1480276015", "direction": "0", "dep_dt": "1480276096", "route_id": "Red", "dwell_time_sec": "81"}, {"arr_dt": "1480276601", "direction": "0", "dep_dt": "1480276687", "route_id": "Red", "dwell_time_sec": "86"}, {"arr_dt": "1480277319", "direction": "0", "dep_dt": "1480277485", "route_id": "Red", "dwell_time_sec": "166"}, {"arr_dt": "1480277921", "direction": "0", "dep_dt": "1480277995", "route_id": "Red", "dwell_time_sec": "74"}, {"arr_dt": "1480278493", "direction": "0", "dep_dt": "1480278569", "route_id": "Red", "dwell_time_sec": "76"}, {"arr_dt": "1480279024", "direction": "0", "dep_dt": "1480279091", "route_id": "Red", "dwell_time_sec": "67"}, {"arr_dt": "1480279506", "direction": "0", "dep_dt": "1480279590", "route_id": "Red", "dwell_time_sec": "84"}, {"arr_dt": "1480280101", "direction": "0", "dep_dt": "1480280180", "route_id": "Red", "dwell_time_sec": "79"}, {"arr_dt": "1480280683", "direction": "0", "dep_dt": "1480280773", "route_id": "Red", "dwell_time_sec": "90"}, {"arr_dt": "1480281271", "direction": "0", "dep_dt": "1480281372", "route_id": "Red", "dwell_time_sec": "101"}, {"arr_dt": "1480281857", "direction": "0", "dep_dt": "1480281930", "route_id": "Red", "dwell_time_sec": "73"}, {"arr_dt": "1480282609", "direction": "0", "dep_dt": "1480282692", "route_id": "Red", "dwell_time_sec": "83"}, {"arr_dt": "1480283021", "direction": "0", "dep_dt": "1480283086", "route_id": "Red", "dwell_time_sec": "65"}, {"arr_dt": "1480283656", "direction": "0", "dep_dt": "1480283721", "route_id": "Red", "dwell_time_sec": "65"}, {"arr_dt": "1480284492", "direction": "0", "dep_dt": "1480284578", "route_id": "Red", "dwell_time_sec": "86"}, {"arr_dt": "1480285078", "direction": "0", "dep_dt": "1480285147", "route_id": "Red", "dwell_time_sec": "69"}, {"arr_dt": "1480285745", "direction": "0", "dep_dt": "1480285840", "route_id": "Red", "dwell_time_sec": "95"}, {"arr_dt": "1480286225", "direction": "0", "dep_dt": "1480286283", "route_id": "Red", "dwell_time_sec": "58"}, {"arr_dt": "1480286803", "direction": "0", "dep_dt": "1480286878", "route_id": "Red", "dwell_time_sec": "75"}, {"arr_dt": "1480287408", "direction": "0", "dep_dt": "1480287484", "route_id": "Red", "dwell_time_sec": "76"}, {"arr_dt": "1480288037", "direction": "0", "dep_dt": "1480288115", "route_id": "Red", "dwell_time_sec": "78"}, {"arr_dt": "1480288622", "direction": "0", "dep_dt": "1480288688", "route_id": "Red", "dwell_time_sec": "66"}, {"arr_dt": "1480289223", "direction": "0", "dep_dt": "1480289296", "route_id": "Red", "dwell_time_sec": "73"}, {"arr_dt": "1480289760", "direction": "0", "dep_dt": "1480289826", "route_id": "Red", "dwell_time_sec": "66"}, {"arr_dt": "1480290278", "direction": "0", "dep_dt": "1480290344", "route_id": "Red", "dwell_time_sec": "66"}, {"arr_dt": "1480290691", "direction": "0", "dep_dt": "1480290744", "route_id": "Red", "dwell_time_sec": "53"}, {"arr_dt": "1480291426", "direction": "0", "dep_dt": "1480291500", "route_id": "Red", "dwell_time_sec": "74"}, {"arr_dt": "1480292034", "direction": "0", "dep_dt": "1480292126", "route_id": "Red", "dwell_time_sec": "92"}, {"arr_dt": "1480292480", "direction": "0", "dep_dt": "1480292551", "route_id": "Red", "dwell_time_sec": "71"}, {"arr_dt": "1480293057", "direction": "0", "dep_dt": "1480293138", "route_id": "Red", "dwell_time_sec": "81"}, {"arr_dt": "1480293693", "direction": "0", "dep_dt": "1480293768", "route_id": "Red", "dwell_time_sec": "75"}, {"arr_dt": "1480294313", "direction": "0", "dep_dt": "1480294411", "route_id": "Red", "dwell_time_sec": "98"}, {"arr_dt": "1480294906", "direction": "0", "dep_dt": "1480294970", "route_id": "Red", "dwell_time_sec": "64"}, {"arr_dt": "1480295357", "direction": "0", "dep_dt": "1480295404", "route_id": "Red", "dwell_time_sec": "47"}, {"arr_dt": "1480295932", "direction": "0", "dep_dt": "1480295998", "route_id": "Red", "dwell_time_sec": "66"}, {"arr_dt": "1480296983", "direction": "0", "dep_dt": "1480297092", "route_id": "Red", "dwell_time_sec": "109"}, {"arr_dt": "1480297504", "direction": "0", "dep_dt": "1480297581", "route_id": "Red", "dwell_time_sec": "77"}, {"arr_dt": "1480298610", "direction": "0", "dep_dt": "1480298669", "route_id": "Red", "dwell_time_sec": "59"}, {"arr_dt": "1480299199", "direction": "0", "dep_dt": "1480299277", "route_id": "Red", "dwell_time_sec": "78"}, {"arr_dt": "1480299774", "direction": "0", "dep_dt": "1480299844", "route_id": "Red", "dwell_time_sec": "70"}, {"arr_dt": "1480300209", "direction": "0", "dep_dt": "1480300325", "route_id": "Red", "dwell_time_sec": "116"}, {"arr_dt": "1480300807", "direction": "0", "dep_dt": "1480300866", "route_id": "Red", "dwell_time_sec": "59"}, {"arr_dt": "1480301695", "direction": "0", "dep_dt": "1480301771", "route_id": "Red", "dwell_time_sec": "76"}, {"arr_dt": "1480302383", "direction": "0", "dep_dt": "1480302465", "route_id": "Red", "dwell_time_sec": "82"}, {"arr_dt": "1480303300", "direction": "0", "dep_dt": "1480303362", "route_id": "Red", "dwell_time_sec": "62"}, {"arr_dt": "1480303708", "direction": "0", "dep_dt": "1480303793", "route_id": "Red", "dwell_time_sec": "85"}, {"arr_dt": "1480304115", "direction": "0", "dep_dt": "1480304163", "route_id": "Red", "dwell_time_sec": "48"}, {"arr_dt": "1480304787", "direction": "0", "dep_dt": "1480304850", "route_id": "Red", "dwell_time_sec": "63"}, {"arr_dt": "1480305356", "direction": "0", "dep_dt": "1480305411", "route_id": "Red", "dwell_time_sec": "55"}, {"arr_dt": "1480305955", "direction": "0", "dep_dt": "1480306018", "route_id": "Red", "dwell_time_sec": "63"}, {"arr_dt": "1480306574", "direction": "0", "dep_dt": "1480306682", "route_id": "Red", "dwell_time_sec": "108"}, {"arr_dt": "1480307116", "direction": "0", "dep_dt": "1480307168", "route_id": "Red", "dwell_time_sec": "52"}, {"arr_dt": "1480307731", "direction": "0", "dep_dt": "1480307798", "route_id": "Red", "dwell_time_sec": "67"}, {"arr_dt": "1480308578", "direction": "0", "dep_dt": "1480308651", "route_id": "Red", "dwell_time_sec": "73"}, {"arr_dt": "1480309016", "direction": "0", "dep_dt": "1480309066", "route_id": "Red", "dwell_time_sec": "50"}]}