{"travel_times": [{"dep_dt": "1462247683", "route_id": "Red", "arr_dt": "1462248242", "direction": "0", "travel_time_sec": "559", "benchmark_travel_time_sec": "540"}, {"dep_dt": "1462248498", "route_id": "Red", "arr_dt": "1462249042", "direction": "0", "travel_time_sec": "544", "benchmark_travel_time_sec": "540"}, {"dep_dt": "1462248898", "route_id": "Red", "arr_dt": "1462249465", "direction": "0", "travel_time_sec": "567", "benchmark_travel_time_sec": "540"}, {"dep_dt": "1462249045", "route_id": "Red", "arr_dt": "1462249635", "direction": "0", "travel_time_sec": "590", "benchmark_travel_time_sec": "540"}, {"dep_dt": "1462249392", "route_id": "Red", "arr_dt": "1462249946", "direction": "0", "travel_time_sec": "554", "benchmark_travel_time_sec": "540"}, {"dep_dt": "1462249757", "route_id": "Red", "arr_dt": "1462250288", "direction": "0", "travel_time_sec": "531", "benchmark_travel_time_sec": "540"}, {"dep_dt": "1462250437", "route_id": "Red", "arr_dt": "1462251070", "direction": "0", "travel_time_sec": "633", "benchmark_travel_time_sec": "540"}, {"dep_dt": "1462267434", "route_id": "Red", "arr_dt": "1462267963", "direction": "0", "travel_time_sec": "529", "benchmark_travel_time_sec": "540"}, {"dep_dt": "1462268026", "route_id": "Red", "arr_dt": "1462268596", "direction": "0", "travel_time_sec": "570", "benchmark_travel_time_sec": "540"}, {"dep_dt": "1462268309", "route_id": "Red", "arr_dt": "1462268889", "direction": "0", "travel_time_sec": "580", "benchmark_travel_time_sec": "540"}, {"dep_dt": "1462268767", "route_id": "Red", "arr_dt": "1462269303", "direction": "0", "travel_time_sec": "536", "benchmark_travel_time_sec": "540"}, {"dep_dt": "1462269172", "route_id": "Red", "arr_dt": "1462269742", "direction": "0", "travel_time_sec": "570", "benchmark_travel_time_sec": "540"}, {"dep_dt": "1462269908", "route_id": "Red", "arr_dt": "1462270474", "direction": "0", "travel_time_sec": "566", "benchmark_travel_time_sec": "540"}, {"dep_dt": "1462270146", "route_id": "Red", "arr_dt": "1462270691", "direction": "0", "travel_time_sec": "545", "benchmark_travel_time_sec": "540"}, {"dep_dt": "1462270706", "route_id": "Red", "arr_dt": "1462271263", "direction": "0", "travel_time_sec": "557", "benchmark_travel_time_sec": "540"}, {"dep_dt": "1462271055", "route_id": "Red", "arr_dt": "1462271635", "direction": "0", "travel_time_sec": "580", "benchmark_travel_time_sec": "540"}, {"dep_dt": "1462271226", "route_id": "Red", "arr_dt": "1462271799", "direction": "0", "travel_time_sec": "573", "benchmark_travel_time_sec": "540"}, {"dep_dt": "1462271682", "route_id": "Red", "arr_dt": "1462272252", "direction": "0", "travel_time_sec": "570", "benchmark_travel_time_sec": "540"}, {"dep_dt": "1462271960", "route_id": "Red", "arr_dt": "1462272517", "direction": "0", "travel_time_sec": "557", "benchmark_travel_time_sec": "540"}, {"dep_dt": "1462272353", "route_id": "Red", "arr_dt": "1462272919", "direction": "0", "travel_time_sec": "566", "benchmark_travel_time_sec": "540"}, {"dep_dt": "1462272738", "route_id": "Red", "arr_dt": "1462273340", "direction": "0", "travel_time_sec": "602", "benchmark_travel_time_sec": "651"}, {"dep_dt": "1462272962", "route_id": "Red", "arr_dt": "1462273562", "direction": "0", "travel_time_sec": "600", "benchmark_travel_time_sec": "651"}, {"dep_dt": "1462273265", "route_id": "Red", "arr_dt": "1462273860", "direction": "0", "travel_time_sec": "595", "benchmark_travel_time_sec": "651"}, {"dep_dt": "1462273745", "route_id": "Red", "arr_dt": "1462274328", "direction": "0", "travel_time_sec": "583", "benchmark_travel_time_sec": "651"}, {"dep_dt": "1462273956", "route_id": "Red", "arr_dt": "1462274550", "direction": "0", "travel_time_sec": "594", "benchmark_travel_time_sec": "651"}, {"dep_dt": "1462274308", "route_id": "Red", "arr_dt": "1462274887", "direction": "0", "travel_time_sec": "579", "benchmark_travel_time_sec": "651"}, {"dep_dt": "1462274504", "route_id": "Red", "arr_dt": "1462275078", "direction": "0", "travel_time_sec": "574", "benchmark_travel_time_sec": "660"}, {"dep_dt": "1462275046", "route_id": "Red", "arr_dt": "1462275626", "direction": "0", "travel_time_sec": "580", "benchmark_travel_time_sec": "660"}, {"dep_dt": "1462275300", "route_id": "Red", "arr_dt": "1462275887", "direction": "0", "travel_time_sec": "587", "benchmark_travel_time_sec": "660"}, {"dep_dt": "1462275666", "route_id": "Red", "arr_dt": "1462276322", "direction": "0", "travel_time_sec": "656", "benchmark_travel_time_sec": "660"}, {"dep_dt": "1462275896", "route_id": "Red", "arr_dt": "1462276554", "direction": "0", "travel_time_sec": "658", "benchmark_travel_time_sec": "660"}, {"dep_dt": "1462276123", "route_id": "Red", "arr_dt": "1462276774", "direction": "0", "travel_time_sec": "651", "benchmark_travel_time_sec": "660"}, {"dep_dt": "1462276504", "route_id": "Red", "arr_dt": "1462277128", "direction": "0", "travel_time_sec": "624", "benchmark_travel_time_sec": "660"}, {"dep_dt": "1462277537", "route_id": "Red", "arr_dt": "1462278172", "direction": "0", "travel_time_sec": "635", "benchmark_travel_time_sec": "660"}, {"dep_dt": "1462277881", "route_id": "Red", "arr_dt": "1462278585", "direction": "0", "travel_time_sec": "704", "benchmark_travel_time_sec": "660"}, {"dep_dt": "1462278078", "route_id": "Red", "arr_dt": "1462278809", "direction": "0", "travel_time_sec": "731", "benchmark_travel_time_sec": "660"}, {"dep_dt": "1462278422", "route_id": "Red", "arr_dt": "1462279094", "direction": "0", "travel_time_sec": "672", "benchmark_travel_time_sec": "660"}, {"dep_dt": "1462278612", "route_id": "Red", "arr_dt": "1462279318", "direction": "0", "travel_time_sec": "706", "benchmark_travel_time_sec": "660"}, {"dep_dt": "1462278833", "route_id": "Red", "arr_dt": "1462279577", "direction": "0", "travel_time_sec": "744", "benchmark_travel_time_sec": "660"}, {"dep_dt": "1462279008", "route_id": "Red", "arr_dt": "1462279830", "direction": "0", "travel_time_sec": "822", "benchmark_travel_time_sec": "660"}, {"dep_dt": "1462279435", "route_id": "Red", "arr_dt": "1462280121", "direction": "0", "travel_time_sec": "686", "benchmark_travel_time_sec": "660"}, {"dep_dt": "1462279614", "route_id": "Red", "arr_dt": "1462280385", "direction": "0", "travel_time_sec": "771", "benchmark_travel_time_sec": "660"}, {"dep_dt": "1462279758", "route_id": "Red", "arr_dt": "1462280586", "direction": "0", "travel_time_sec": "828", "benchmark_travel_time_sec": "660"}, {"dep_dt": "1462279975", "route_id": "Red", "arr_dt": "1462280811", "direction": "0", "travel_time_sec": "836", "benchmark_travel_time_sec": "660"}, {"dep_dt": "1462280329", "route_id": "Red", "arr_dt": "1462281001", "direction": "0", "travel_time_sec": "672", "benchmark_travel_time_sec": "660"}, {"dep_dt": "1462280526", "route_id": "Red", "arr_dt": "1462281221", "direction": "0", "travel_time_sec": "695", "benchmark_travel_time_sec": "660"}, {"dep_dt": "1462280727", "route_id": "Red", "arr_dt": "1462281457", "direction": "0", "travel_time_sec": "730", "benchmark_travel_time_sec": "660"}, {"dep_dt": "1462280888", "route_id": "Red", "arr_dt": "1462281661", "direction": "0", "travel_time_sec": "773", "benchmark_travel_time_sec": "660"}, {"dep_dt": "1462281104", "route_id": "Red", "arr_dt": "1462281856", "direction": "0", "travel_time_sec": "752", "benchmark_travel_time_sec": "660"}, {"dep_dt": "1462281260", "route_id": "Red", "arr_dt": "1462282043", "direction": "0", "travel_time_sec": "783", "benchmark_travel_time_sec": "660"}, {"dep_dt": "1462281594", "route_id": "Red", "arr_dt": "1462282275", "direction": "0", "travel_time_sec": "681", "benchmark_travel_time_sec": "615"}, {"dep_dt": "1462281776", "route_id": "Red", "arr_dt": "1462282466", "direction": "0", "travel_time_sec": "690", "benchmark_travel_time_sec": "615"}, {"dep_dt": "1462282039", "route_id": "Red", "arr_dt": "1462282671", "direction": "0", "travel_time_sec": "632", "benchmark_travel_time_sec": "615"}, {"dep_dt": "1462282184", "route_id": "Red", "arr_dt": "1462282864", "direction": "0", "travel_time_sec": "680", "benchmark_travel_time_sec": "615"}, {"dep_dt": "1462282455", "route_id": "Red", "arr_dt": "1462283088", "direction": "0", "travel_time_sec": "633", "benchmark_travel_time_sec": "615"}, {"dep_dt": "1462282715", "route_id": "Red", "arr_dt": "1462283324", "direction": "0", "travel_time_sec": "609", "benchmark_travel_time_sec": "615"}, {"dep_dt": "1462283013", "route_id": "Red", "arr_dt": "1462283595", "direction": "0", "travel_time_sec": "582", "benchmark_travel_time_sec": "615"}, {"dep_dt": "1462283215", "route_id": "Red", "arr_dt": "1462283789", "direction": "0", "travel_time_sec": "574", "benchmark_travel_time_sec": "615"}, {"dep_dt": "1462283546", "route_id": "Red", "arr_dt": "1462284160", "direction": "0", "travel_time_sec": "614", "benchmark_travel_time_sec": "600"}, {"dep_dt": "1462283737", "route_id": "Red", "arr_dt": "1462284328", "direction": "0", "travel_time_sec": "591", "benchmark_travel_time_sec": "600"}, {"dep_dt": "1462284156", "route_id": "Red", "arr_dt": "1462284739", "direction": "0", "travel_time_sec": "583", "benchmark_travel_time_sec": "600"}, {"dep_dt": "1462284577", "route_id": "Red", "arr_dt": "1462285188", "direction": "0", "travel_time_sec": "611", "benchmark_travel_time_sec": "600"}, {"dep_dt": "1462284783", "route_id": "Red", "arr_dt": "1462285383", "direction": "0", "travel_time_sec": "600", "benchmark_travel_time_sec": "600"}, {"dep_dt": "1462285140", "route_id": "Red", "arr_dt": "1462285768", "direction": "0", "travel_time_sec": "628", "benchmark_travel_time_sec": "600"}, {"dep_dt": "1462285355", "route_id": "Red", "arr_dt": "1462285957", "direction": "0", "travel_time_sec": "602", "benchmark_travel_time_sec": "600"}, {"dep_dt": "1462285806", "route_id": "Red", "arr_dt": "1462286367", "direction": "0", "travel_time_sec": "561", "benchmark_travel_time_sec": "600"}, {"dep_dt": "1462285930", "route_id": "Red", "arr_dt": "1462286542", "direction": "0", "travel_time_sec": "612", "benchmark_travel_time_sec": "600"}, {"dep_dt": "1462286176", "route_id": "Red", "arr_dt": "1462286732", "direction": "0", "travel_time_sec": "556", "benchmark_travel_time_sec": "600"}, {"dep_dt": "1462286513", "route_id": "Red", "arr_dt": "1462287084", "direction": "0", "travel_time_sec": "571", "benchmark_travel_time_sec": "600"}, {"dep_dt": "1462286693", "route_id": "Red", "arr_dt": "1462287249", "direction": "0", "travel_time_sec": "556", "benchmark_travel_time_sec": "600"}, {"dep_dt": "1462286926", "route_id": "Red", "arr_dt": "1462287489", "direction": "0", "travel_time_sec": "563", "benchmark_travel_time_sec": "600"}, {"dep_dt": "1462287178", "route_id": "Red", "arr_dt": "1462287752", "direction": "0", "travel_time_sec": "574", "benchmark_travel_time_sec": "600"}, {"dep_dt": "1462287615", "route_id": "Red", "arr_dt": "1462288218", "direction": "0", "travel_time_sec": "603", "benchmark_travel_time_sec": "600"}, {"dep_dt": "1462287761", "route_id": "Red", "arr_dt": "1462288418", "direction": "0", "travel_time_sec": "657", "benchmark_travel_time_sec": "600"}, {"dep_dt": "1462288131", "route_id": "Red", "arr_dt": "1462288724", "direction": "0", "travel_time_sec": "593", "benchmark_travel_time_sec": "600"}, {"dep_dt": "1462288519", "route_id": "Red", "arr_dt": "1462289058", "direction": "0", "travel_time_sec": "539", "benchmark_travel_time_sec": "600"}, {"dep_dt": "1462289283", "route_id": "Red", "arr_dt": "1462289895", "direction": "0", "travel_time_sec": "612", "benchmark_travel_time_sec": "600"}, {"dep_dt": "1462289695", "route_id": "Red", "arr_dt": "1462290279", "direction": "0", "travel_time_sec": "584", "benchmark_travel_time_sec": "600"}, {"dep_dt": "1462290171", "route_id": "Red", "arr_dt": "1462290767", "direction": "0", "travel_time_sec": "596", "benchmark_travel_time_sec": "600"}, {"dep_dt": "1462290467", "route_id": "Red", "arr_dt": "1462290996", "direction": "0", "travel_time_sec": "529", "benchmark_travel_time_sec": "600"}, {"dep_dt": "1462290769", "route_id": "Red", "arr_dt": "1462291340", "direction": "0", "travel_time_sec": "571", "benchmark_travel_time_sec": "600"}, {"dep_dt": "1462291128", "route_id": "Red", "arr_dt": "1462291685", "direction": "0", "travel_time_sec": "557", "benchmark_travel_time_sec": "600"}, {"dep_dt": "1462291688", "route_id": "Red", "arr_dt": "1462292265", "direction": "0", "travel_time_sec": "577", "benchmark_travel_time_sec": "600"}, {"dep_dt": "1462291984", "route_id": "Red", "arr_dt": "1462292559", "direction": "0", "travel_time_sec": "575", "benchmark_travel_time_sec": "600"}, {"dep_dt": "1462292368", "route_id": "Red", "arr_dt": "1462292932", "direction": "0", "travel_time_sec": "564", "benchmark_travel_time_sec": "600"}, {"dep_dt": "1462292874", "route_id": "Red", "arr_dt": "1462293474", "direction": "0", "travel_time_sec": "600", "benchmark_travel_time_sec": "600"}, {"dep_dt": "1462293266", "route_id": "Red", "arr_dt": "1462293832", "direction": "0", "travel_time_sec": "566", "benchmark_travel_time_sec": "600"}, {"dep_dt": "1462293707", "route_id": "Red", "arr_dt": "1462294367", "direction": "0", "travel_time_sec": "660", "benchmark_travel_time_sec": "600"}, {"dep_dt": "1462294287", "route_id": "Red", "arr_dt": "1462294887", "direction": "0", "travel_time_sec": "600", "benchmark_travel_time_sec": "600"}, {"dep_dt": "1462294487", "route_id": "Red", "arr_dt": "1462295075", "direction": "0", "travel_time_sec": "588", "benchmark_travel_time_sec": "600"}, {"dep_dt": "1462294931", "route_id": "Red", "arr_dt": "1462295474", "direction": "0", "travel_time_sec": "543", "benchmark_travel_time_sec": "600"}, {"dep_dt": "1462295306", "route_id": "Red", "arr_dt": "1462295860", "direction": "0", "travel_time_sec": "554", "benchmark_travel_time_sec": "600"}, {"dep_dt": "1462295600", "route_id": "Red", "arr_dt": "1462296135", "direction": "0", "travel_time_sec": "535", "benchmark_travel_time_sec": "600"}, {"dep_dt": "1462296057", "route_id": "Red", "arr_dt": "1462296607", "direction": "0", "travel_time_sec": "550", "benchmark_travel_time_sec": "600"}, {"dep_dt": "1462296413", "route_id": "Red", "arr_dt": "1462296976", "direction": "0", "travel_time_sec": "563", "benchmark_travel_time_sec": "600"}, {"dep_dt": "1462296779", "route_id": "Red", "arr_dt": "1462297341", "direction": "0", "travel_time_sec": "562", "benchmark_travel_time_sec": "600"}, {"dep_dt": "1462297288", "route_id": "Red", "arr_dt": "1462297894", "direction": "0", "travel_time_sec": "606", "benchmark_travel_time_sec": "600"}, {"dep_dt": "1462297853", "route_id": "Red", "arr_dt": "1462298336", "direction": "0", "travel_time_sec": "483", "benchmark_travel_time_sec": "600"}, {"dep_dt": "1462298088", "route_id": "Red", "arr_dt": "1462298647", "direction": "0", "travel_time_sec": "559", "benchmark_travel_time_sec": "600"}, {"dep_dt": "1462298567", "route_id": "Red", "arr_dt": "1462299110", "direction": "0", "travel_time_sec": "543", "benchmark_travel_time_sec": "600"}, {"dep_dt": "1462298983", "route_id": "Red", "arr_dt": "1462299570", "direction": "0", "travel_time_sec": "587", "benchmark_travel_time_sec": "600"}, {"dep_dt": "1462299519", "route_id": "Red", "arr_dt": "1462300113", "direction": "0", "travel_time_sec": "594", "benchmark_travel_time_sec": "600"}, {"dep_dt": "1462299926", "route_id": "Red", "arr_dt": "1462300518", "direction": "0", "travel_time_sec": "592", "benchmark_travel_time_sec": "600"}, {"dep_dt": "1462300182", "route_id": "Red", "arr_dt": "1462300755", "direction": "0", "travel_time_sec": "573", "benchmark_travel_time_sec": "600"}, {"dep_dt": "1462300684", "route_id": "Red", "arr_dt": "1462301262", "direction": "0", "travel_time_sec": "578", "benchmark_travel_time_sec": "600"}, {"dep_dt": "1462301005", "route_id": "Red", "arr_dt": "1462301555", "direction": "0", "travel_time_sec": "550", "benchmark_travel_time_sec": "600"}, {"dep_dt": "1462301542", "route_id": "Red", "arr_dt": "1462302126", "direction": "0", "travel_time_sec": "584", "benchmark_travel_time_sec": "600"}, {"dep_dt": "1462302063", "route_id": "Red", "arr_dt": "1462302647", "direction": "0", "travel_time_sec": "584", "benchmark_travel_time_sec": "600"}, {"dep_dt": "1462302302", "route_id": "Red", "arr_dt": "1462302871", "direction": "0", "travel_time_sec": "569", "benchmark_travel_time_sec": "600"}, {"dep_dt": "1462302688", "route_id": "Red", "arr_dt": "1462303252", "direction": "0", "travel_time_sec": "564", "benchmark_travel_time_sec": "600"}, {"dep_dt": "1462303079", "route_id": "Red", "arr_dt": "1462303769", "direction": "0", "travel_time_sec": "690", "benchmark_travel_time_sec": "600"}, {"dep_dt": "1462303468", "route_id": "Red", "arr_dt": "1462304131", "direction": "0", "travel_time_sec": "663", "benchmark_travel_time_sec": "600"}, {"dep_dt": "1462303940", "route_id": "Red", "arr_dt": "1462304527", "direction": "0", "travel_time_sec": "587", "benchmark_travel_time_sec": "600"}, {"dep_dt": "1462304719", "route_id": "Red", "arr_dt": "1462305498", "direction": "0", "travel_time_sec": "779", "benchmark_travel_time_sec": "600"}, {"dep_dt": "1462305138", "route_id": "Red", "arr_dt": "1462305749", "direction": "0", "travel_time_sec": "611", "benchmark_travel_time_sec": "700"}, {"dep_dt": "1462305572", "route_id": "Red", "arr_dt": "1462306194", "direction": "0", "travel_time_sec": "622", "benchmark_travel_time_sec": "700"}, {"dep_dt": "1462305805", "route_id": "Red", "arr_dt": "1462306390", "direction": "0", "travel_time_sec": "585", "benchmark_travel_time_sec": "700"}, {"dep_dt": "1462306011", "route_id": "Red", "arr_dt": "1462306703", "direction": "0", "travel_time_sec": "692", "benchmark_travel_time_sec": "700"}, {"dep_dt": "1462306483", "route_id": "Red", "arr_dt": "1462307076", "direction": "0", "travel_time_sec": "593", "benchmark_travel_time_sec": "700"}, {"dep_dt": "1462306738", "route_id": "Red", "arr_dt": "1462307337", "direction": "0", "travel_time_sec": "599", "benchmark_travel_time_sec": "700"}, {"dep_dt": "1462307265", "route_id": "Red", "arr_dt": "1462307869", "direction": "0", "travel_time_sec": "604", "benchmark_travel_time_sec": "720"}, {"dep_dt": "1462307805", "route_id": "Red", "arr_dt": "1462308487", "direction": "0", "travel_time_sec": "682", "benchmark_travel_time_sec": "720"}, {"dep_dt": "1462308083", "route_id": "Red", "arr_dt": "1462308773", "direction": "0", "travel_time_sec": "690", "benchmark_travel_time_sec": "720"}, {"dep_dt": "1462308252", "route_id": "Red", "arr_dt": "1462308982", "direction": "0", "travel_time_sec": "730", "benchmark_travel_time_sec": "720"}, {"dep_dt": "1462308391", "route_id": "Red", "arr_dt": "1462309204", "direction": "0", "travel_time_sec": "813", "benchmark_travel_time_sec": "720"}, {"dep_dt": "1462308729", "route_id": "Red", "arr_dt": "1462309414", "direction": "0", "travel_time_sec": "685", "benchmark_travel_time_sec": "720"}, {"dep_dt": "1462308879", "route_id": "Red", "arr_dt": "1462309617", "direction": "0", "travel_time_sec": "738", "benchmark_travel_time_sec": "720"}, {"dep_dt": "1462309140", "route_id": "Red", "arr_dt": "1462309809", "direction": "0", "travel_time_sec": "669", "benchmark_travel_time_sec": "720"}, {"dep_dt": "1462309292", "route_id": "Red", "arr_dt": "1462310055", "direction": "0", "travel_time_sec": "763", "benchmark_travel_time_sec": "720"}, {"dep_dt": "1462309460", "route_id": "Red", "arr_dt": "1462310280", "direction": "0", "travel_time_sec": "820", "benchmark_travel_time_sec": "720"}, {"dep_dt": "1462309662", "route_id": "Red", "arr_dt": "1462310511", "direction": "0", "travel_time_sec": "849", "benchmark_travel_time_sec": "720"}, {"dep_dt": "1462310013", "route_id": "Red", "arr_dt": "1462310732", "direction": "0", "travel_time_sec": "719", "benchmark_travel_time_sec": "720"}, {"dep_dt": "1462310197", "route_id": "Red", "arr_dt": "1462310945", "direction": "0", "travel_time_sec": "748", "benchmark_travel_time_sec": "720"}, {"dep_dt": "1462310366", "route_id": "Red", "arr_dt": "1462311195", "direction": "0", "travel_time_sec": "829", "benchmark_travel_time_sec": "720"}, {"dep_dt": "1462310778", "route_id": "Red", "arr_dt": "1462311488", "direction": "0", "travel_time_sec": "710", "benchmark_travel_time_sec": "720"}, {"dep_dt": "1462310984", "route_id": "Red", "arr_dt": "1462311698", "direction": "0", "travel_time_sec": "714", "benchmark_travel_time_sec": "720"}, {"dep_dt": "1462311218", "route_id": "Red", "arr_dt": "1462311936", "direction": "0", "travel_time_sec": "718", "benchmark_travel_time_sec": "720"}, {"dep_dt": "1462311449", "route_id": "Red", "arr_dt": "1462312121", "direction": "0", "travel_time_sec": "672", "benchmark_travel_time_sec": "720"}, {"dep_dt": "1462311646", "route_id": "Red", "arr_dt": "1462312329", "direction": "0", "travel_time_sec": "683", "benchmark_travel_time_sec": "720"}, {"dep_dt": "1462311833", "route_id": "Red", "arr_dt": "1462312525", "direction": "0", "travel_time_sec": "692", "benchmark_travel_time_sec": "720"}, {"dep_dt": "1462312116", "route_id": "Red", "arr_dt": "1462312756", "direction": "0", "travel_time_sec": "640", "benchmark_travel_time_sec": "720"}, {"dep_dt": "1462312466", "route_id": "Red", "arr_dt": "1462313068", "direction": "0", "travel_time_sec": "602", "benchmark_travel_time_sec": "668"}, {"dep_dt": "1462312699", "route_id": "Red", "arr_dt": "1462313284", "direction": "0", "travel_time_sec": "585", "benchmark_travel_time_sec": "668"}, {"dep_dt": "1462313100", "route_id": "Red", "arr_dt": "1462313713", "direction": "0", "travel_time_sec": "613", "benchmark_travel_time_sec": "668"}, {"dep_dt": "1462313452", "route_id": "Red", "arr_dt": "1462314079", "direction": "0", "travel_time_sec": "627", "benchmark_travel_time_sec": "668"}, {"dep_dt": "1462313598", "route_id": "Red", "arr_dt": "1462314296", "direction": "0", "travel_time_sec": "698", "benchmark_travel_time_sec": "668"}, {"dep_dt": "1462313812", "route_id": "Red", "arr_dt": "1462314618", "direction": "0", "travel_time_sec": "806", "benchmark_travel_time_sec": "660"}, {"dep_dt": "1462314035", "route_id": "Red", "arr_dt": "1462314805", "direction": "0", "travel_time_sec": "770", "benchmark_travel_time_sec": "660"}, {"dep_dt": "1462314399", "route_id": "Red", "arr_dt": "1462315022", "direction": "0", "travel_time_sec": "623", "benchmark_travel_time_sec": "660"}, {"dep_dt": "1462314613", "route_id": "Red", "arr_dt": "1462315227", "direction": "0", "travel_time_sec": "614", "benchmark_travel_time_sec": "660"}, {"dep_dt": "1462314913", "route_id": "Red", "arr_dt": "1462315469", "direction": "0", "travel_time_sec": "556", "benchmark_travel_time_sec": "660"}, {"dep_dt": "1462315090", "route_id": "Red", "arr_dt": "1462315659", "direction": "0", "travel_time_sec": "569", "benchmark_travel_time_sec": "660"}, {"dep_dt": "1462315943", "route_id": "Red", "arr_dt": "1462316547", "direction": "0", "travel_time_sec": "604", "benchmark_travel_time_sec": "660"}, {"dep_dt": "1462316249", "route_id": "Red", "arr_dt": "1462316743", "direction": "0", "travel_time_sec": "494", "benchmark_travel_time_sec": "660"}, {"dep_dt": "1462316485", "route_id": "Red", "arr_dt": "1462317076", "direction": "0", "travel_time_sec": "591", "benchmark_travel_time_sec": "660"}, {"dep_dt": "1462316683", "route_id": "Red", "arr_dt": "1462317284", "direction": "0", "travel_time_sec": "601", "benchmark_travel_time_sec": "660"}, {"dep_dt": "1462316872", "route_id": "Red", "arr_dt": "1462317491", "direction": "0", "travel_time_sec": "619", "benchmark_travel_time_sec": "660"}, {"dep_dt": "1462317043", "route_id": "Red", "arr_dt": "1462317671", "direction": "0", "travel_time_sec": "628", "benchmark_travel_time_sec": "660"}, {"dep_dt": "1462317306", "route_id": "Red", "arr_dt": "1462317879", "direction": "0", "travel_time_sec": "573", "benchmark_travel_time_sec": "660"}, {"dep_dt": "1462317591", "route_id": "Red", "arr_dt": "1462318162", "direction": "0", "travel_time_sec": "571", "benchmark_travel_time_sec": "660"}, {"dep_dt": "1462317852", "route_id": "Red", "arr_dt": "1462318391", "direction": "0", "travel_time_sec": "539", "benchmark_travel_time_sec": "660"}, {"dep_dt": "1462318218", "route_id": "Red", "arr_dt": "1462318827", "direction": "0", "travel_time_sec": "609", "benchmark_travel_time_sec": "660"}, {"dep_dt": "1462318486", "route_id": "Red", "arr_dt": "1462319058", "direction": "0", "travel_time_sec": "572", "benchmark_travel_time_sec": "660"}, {"dep_dt": "1462318653", "route_id": "Red", "arr_dt": "1462319260", "direction": "0", "travel_time_sec": "607", "benchmark_travel_time_sec": "660"}, {"dep_dt": "1462318862", "route_id": "Red", "arr_dt": "1462319442", "direction": "0", "travel_time_sec": "580", "benchmark_travel_time_sec": "660"}, {"dep_dt": "1462319092", "route_id": "Red", "arr_dt": "1462319675", "direction": "0", "travel_time_sec": "583", "benchmark_travel_time_sec": "660"}, {"dep_dt": "1462319363", "route_id": "Red", "arr_dt": "1462319942", "direction": "0", "travel_time_sec": "579", "benchmark_travel_time_sec": "660"}, {"dep_dt": "1462319626", "route_id": "Red", "arr_dt": "1462320195", "direction": "0", "travel_time_sec": "569", "benchmark_travel_time_sec": "550"}, {"dep_dt": "1462319936", "route_id": "Red", "arr_dt": "1462320484", "direction": "0", "travel_time_sec": "548", "benchmark_travel_time_sec": "550"}, {"dep_dt": "1462320380", "route_id": "Red", "arr_dt": "1462320973", "direction": "0", "travel_time_sec": "593", "benchmark_travel_time_sec": "550"}, {"dep_dt": "1462320674", "route_id": "Red", "arr_dt": "1462321249", "direction": "0", "travel_time_sec": "575", "benchmark_travel_time_sec": "550"}, {"dep_dt": "1462321030", "route_id": "Red", "arr_dt": "1462321587", "direction": "0", "travel_time_sec": "557", "benchmark_travel_time_sec": "550"}, {"dep_dt": "1462321569", "route_id": "Red", "arr_dt": "1462322176", "direction": "0", "travel_time_sec": "607", "benchmark_travel_time_sec": "540"}, {"dep_dt": "1462322117", "route_id": "Red", "arr_dt": "1462322737", "direction": "0", "travel_time_sec": "620", "benchmark_travel_time_sec": "540"}, {"dep_dt": "1462322249", "route_id": "Red", "arr_dt": "1462322924", "direction": "0", "travel_time_sec": "675", "benchmark_travel_time_sec": "540"}, {"dep_dt": "1462322938", "route_id": "Red", "arr_dt": "1462323500", "direction": "0", "travel_time_sec": "562", "benchmark_travel_time_sec": "540"}, {"dep_dt": "1462323254", "route_id": "Red", "arr_dt": "1462323894", "direction": "0", "travel_time_sec": "640", "benchmark_travel_time_sec": "540"}, {"dep_dt": "1462323473", "route_id": "Red", "arr_dt": "1462324064", "direction": "0", "travel_time_sec": "591", "benchmark_travel_time_sec": "540"}, {"dep_dt": "1462323945", "route_id": "Red", "arr_dt": "1462324509", "direction": "0", "travel_time_sec": "564", "benchmark_travel_time_sec": "540"}, {"dep_dt": "1462324327", "route_id": "Red", "arr_dt": "1462324889", "direction": "0", "travel_time_sec": "562", "benchmark_travel_time_sec": "540"}, {"dep_dt": "1462324715", "route_id": "Red", "arr_dt": "1462325272", "direction": "0", "travel_time_sec": "557", "benchmark_travel_time_sec": "540"}, {"dep_dt": "1462325221", "route_id": "Red", "arr_dt": "1462325793", "direction": "0", "travel_time_sec": "572", "benchmark_travel_time_sec": "540"}, {"dep_dt": "1462325565", "route_id": "Red", "arr_dt": "1462326118", "direction": "0", "travel_time_sec": "553", "benchmark_travel_time_sec": "540"}, {"dep_dt": "1462325736", "route_id": "Red", "arr_dt": "1462326449", "direction": "0", "travel_time_sec": "713", "benchmark_travel_time_sec": "540"}, {"dep_dt": "1462325950", "route_id": "Red", "arr_dt": "1462326646", "direction": "0", "travel_time_sec": "696", "benchmark_travel_time_sec": "540"}, {"dep_dt": "1462326392", "route_id": "Red", "arr_dt": "1462326944", "direction": "0", "travel_time_sec": "552", "benchmark_travel_time_sec": "540"}, {"dep_dt": "1462326881", "route_id": "Red", "arr_dt": "1462327419", "direction": "0", "travel_time_sec": "538", "benchmark_travel_time_sec": "540"}, {"dep_dt": "1462327307", "route_id": "Red", "arr_dt": "1462327884", "direction": "0", "travel_time_sec": "577", "benchmark_travel_time_sec": "540"}, {"dep_dt": "1462327870", "route_id": "Red", "arr_dt": "1462328472", "direction": "0", "travel_time_sec": "602", "benchmark_travel_time_sec": "540"}, {"dep_dt": "1462328252", "route_id": "Red", "arr_dt": "1462328814", "direction": "0", "travel_time_sec": "562", "benchmark_travel_time_sec": "540"}, {"dep_dt": "1462328530", "route_id": "Red", "arr_dt": "1462329147", "direction": "0", "travel_time_sec": "617", "benchmark_travel_time_sec": "540"}, {"dep_dt": "1462328766", "route_id": "Red", "arr_dt": "1462329331", "direction": "0", "travel_time_sec": "565", "benchmark_travel_time_sec": "540"}, {"dep_dt": "1462329064", "route_id": "Red", "arr_dt": "1462329623", "direction": "0", "travel_time_sec": "559", "benchmark_travel_time_sec": "540"}, {"dep_dt": "1462329422", "route_id": "Red", "arr_dt": "1462329974", "direction": "0", "travel_time_sec": "552", "benchmark_travel_time_sec": "540"}, {"dep_dt": "1462329861", "route_id": "Red", "arr_dt": "1462330422", "direction": "0", "travel_time_sec": "561", "benchmark_travel_time_sec": "540"}, {"dep_dt": "1462330048", "route_id": "Red", "arr_dt": "1462330623", "direction": "0", "travel_time_sec": "575", "benchmark_travel_time_sec": "540"}, {"dep_dt": "1462330422", "route_id": "Red", "arr_dt": "1462330986", "direction": "0", "travel_time_sec": "564", "benchmark_travel_time_sec": "540"}, {"dep_dt": "1462330843", "route_id": "Red", "arr_dt": "1462331382", "direction": "0", "travel_time_sec": "539", "benchmark_travel_time_sec": "540"}, {"dep_dt": "1462331872", "route_id": "Red", "arr_dt": "1462332418", "direction": "0", "travel_time_sec": "546", "benchmark_travel_time_sec": "540"}, {"dep_dt": "1462332199", "route_id": "Red", "arr_dt": "1462332709", "direction": "0", "travel_time_sec": "510", "benchmark_travel_time_sec": "540"}, {"dep_dt": "1462332356", "route_id": "Red", "arr_dt": "1462332905", "direction": "0", "travel_time_sec": "549", "benchmark_travel_time_sec": "540"}, {"dep_dt": "1462332812", "route_id": "Red", "arr_dt": "1462333377", "direction": "0", "travel_time_sec": "565", "benchmark_travel_time_sec": "540"}, {"dep_dt": "1462333353", "route_id": "Red", "arr_dt": "1462333958", "direction": "0", "travel_time_sec": "605", "benchmark_travel_time_sec": "540"}]}