{"travel_times": [{"dep_dt": "1457499466", "route_id": "Red", "arr_dt": "1457499991", "direction": "0", "travel_time_sec": "525", "benchmark_travel_time_sec": "540"}, {"dep_dt": "1457500055", "route_id": "Red", "arr_dt": "1457500583", "direction": "0", "travel_time_sec": "528", "benchmark_travel_time_sec": "540"}, {"dep_dt": "1457500246", "route_id": "Red", "arr_dt": "1457501043", "direction": "0", "travel_time_sec": "797", "threshold_flag_1": "threshold_id_04", "benchmark_travel_time_sec": "540"}, {"dep_dt": "1457501139", "route_id": "Red", "arr_dt": "1457501670", "direction": "0", "travel_time_sec": "531", "benchmark_travel_time_sec": "540"}, {"dep_dt": "1457501640", "route_id": "Red", "arr_dt": "1457502221", "direction": "0", "travel_time_sec": "581", "benchmark_travel_time_sec": "540"}, {"dep_dt": "1457501964", "route_id": "Red", "arr_dt": "1457502798", "direction": "0", "travel_time_sec": "834", "threshold_flag_1": "threshold_id_04", "benchmark_travel_time_sec": "540"}, {"dep_dt": "1457519025", "route_id": "Red", "arr_dt": "1457519541", "direction": "0", "travel_time_sec": "516", "benchmark_travel_time_sec": "540"}, {"dep_dt": "1457519632", "route_id": "Red", "arr_dt": "1457520192", "direction": "0", "travel_time_sec": "560", "benchmark_travel_time_sec": "540"}, {"dep_dt": "1457519934", "route_id": "Red", "arr_dt": "1457520476", "direction": "0", "travel_time_sec": "542", "benchmark_travel_time_sec": "540"}, {"dep_dt": "1457520327", "route_id": "Red", "arr_dt": "1457520869", "direction": "0", "travel_time_sec": "542", "benchmark_travel_time_sec": "540"}, {"dep_dt": "1457520749", "route_id": "Red", "arr_dt": "1457521282", "direction": "0", "travel_time_sec": "533", "benchmark_travel_time_sec": "540"}, {"dep_dt": "1457521393", "route_id": "Red", "arr_dt": "1457521960", "direction": "0", "travel_time_sec": "567", "benchmark_travel_time_sec": "540"}, {"dep_dt": "1457521967", "route_id": "Red", "arr_dt": "1457522581", "direction": "0", "travel_time_sec": "614", "benchmark_travel_time_sec": "540"}, {"dep_dt": "1457522271", "route_id": "Red", "arr_dt": "1457522808", "direction": "0", "travel_time_sec": "537", "benchmark_travel_time_sec": "540"}, {"dep_dt": "1457522518", "route_id": "Red", "arr_dt": "1457523079", "direction": "0", "travel_time_sec": "561", "benchmark_travel_time_sec": "540"}, {"dep_dt": "1457522787", "route_id": "Red", "arr_dt": "1457523323", "direction": "0", "travel_time_sec": "536", "benchmark_travel_time_sec": "540"}, {"dep_dt": "1457523024", "route_id": "Red", "arr_dt": "1457523575", "direction": "0", "travel_time_sec": "551", "benchmark_travel_time_sec": "540"}, {"dep_dt": "1457523470", "route_id": "Red", "arr_dt": "1457524046", "direction": "0", "travel_time_sec": "576", "benchmark_travel_time_sec": "540"}, {"dep_dt": "1457523778", "route_id": "Red", "arr_dt": "1457524325", "direction": "0", "travel_time_sec": "547", "benchmark_travel_time_sec": "540"}, {"dep_dt": "1457524107", "route_id": "Red", "arr_dt": "1457524685", "direction": "0", "travel_time_sec": "578", "benchmark_travel_time_sec": "540"}, {"dep_dt": "1457524341", "route_id": "Red", "arr_dt": "1457524897", "direction": "0", "travel_time_sec": "556", "benchmark_travel_time_sec": "651"}, {"dep_dt": "1457524832", "route_id": "Red", "arr_dt": "1457525425", "direction": "0", "travel_time_sec": "593", "benchmark_travel_time_sec": "651"}, {"dep_dt": "1457525103", "route_id": "Red", "arr_dt": "1457525629", "direction": "0", "travel_time_sec": "526", "benchmark_travel_time_sec": "651"}, {"dep_dt": "1457525501", "route_id": "Red", "arr_dt": "1457526103", "direction": "0", "travel_time_sec": "602", "benchmark_travel_time_sec": "651"}, {"dep_dt": "1457525866", "route_id": "Red", "arr_dt": "1457526676", "direction": "0", "travel_time_sec": "810", "benchmark_travel_time_sec": "660"}, {"dep_dt": "1457526039", "route_id": "Red", "arr_dt": "1457526880", "direction": "0", "travel_time_sec": "841", "threshold_flag_1": "threshold_id_04", "benchmark_travel_time_sec": "660"}, {"dep_dt": "1457526325", "route_id": "Red", "arr_dt": "1457527067", "direction": "0", "travel_time_sec": "742", "benchmark_travel_time_sec": "660"}, {"dep_dt": "1457526851", "route_id": "Red", "arr_dt": "1457527618", "direction": "0", "travel_time_sec": "767", "benchmark_travel_time_sec": "660"}, {"dep_dt": "1457527281", "route_id": "Red", "arr_dt": "1457528039", "direction": "0", "travel_time_sec": "758", "benchmark_travel_time_sec": "660"}, {"dep_dt": "1457527672", "route_id": "Red", "arr_dt": "1457528387", "direction": "0", "travel_time_sec": "715", "benchmark_travel_time_sec": "660"}, {"dep_dt": "1457527944", "route_id": "Red", "arr_dt": "1457528580", "direction": "0", "travel_time_sec": "636", "benchmark_travel_time_sec": "660"}, {"dep_dt": "1457528150", "route_id": "Red", "arr_dt": "1457528851", "direction": "0", "travel_time_sec": "701", "benchmark_travel_time_sec": "660"}, {"dep_dt": "1457528768", "route_id": "Red", "arr_dt": "1457529319", "direction": "0", "travel_time_sec": "551", "benchmark_travel_time_sec": "660"}, {"dep_dt": "1457529562", "route_id": "Red", "arr_dt": "1457530131", "direction": "0", "travel_time_sec": "569", "benchmark_travel_time_sec": "660"}, {"dep_dt": "1457530583", "route_id": "Red", "arr_dt": "1457531325", "direction": "0", "travel_time_sec": "742", "benchmark_travel_time_sec": "660"}, {"dep_dt": "1457530743", "route_id": "Red", "arr_dt": "1457531541", "direction": "0", "travel_time_sec": "798", "benchmark_travel_time_sec": "660"}, {"dep_dt": "1457531464", "route_id": "Red", "arr_dt": "1457532055", "direction": "0", "travel_time_sec": "591", "benchmark_travel_time_sec": "660"}, {"dep_dt": "1457531625", "route_id": "Red", "arr_dt": "1457532309", "direction": "0", "travel_time_sec": "684", "benchmark_travel_time_sec": "660"}, {"dep_dt": "1457531859", "route_id": "Red", "arr_dt": "1457532511", "direction": "0", "travel_time_sec": "652", "benchmark_travel_time_sec": "660"}, {"dep_dt": "1457532651", "route_id": "Red", "arr_dt": "1457533198", "direction": "0", "travel_time_sec": "547", "benchmark_travel_time_sec": "660"}, {"dep_dt": "1457533191", "route_id": "Red", "arr_dt": "1457533701", "direction": "0", "travel_time_sec": "510", "benchmark_travel_time_sec": "660"}, {"dep_dt": "1457533451", "route_id": "Red", "arr_dt": "1457533980", "direction": "0", "travel_time_sec": "529", "benchmark_travel_time_sec": "615"}, {"dep_dt": "1457534120", "route_id": "Red", "arr_dt": "1457534697", "direction": "0", "travel_time_sec": "577", "benchmark_travel_time_sec": "615"}, {"dep_dt": "1457534815", "route_id": "Red", "arr_dt": "1457535377", "direction": "0", "travel_time_sec": "562", "benchmark_travel_time_sec": "615"}, {"dep_dt": "1457534983", "route_id": "Red", "arr_dt": "1457535607", "direction": "0", "travel_time_sec": "624", "benchmark_travel_time_sec": "600"}, {"dep_dt": "1457535194", "route_id": "Red", "arr_dt": "1457535791", "direction": "0", "travel_time_sec": "597", "benchmark_travel_time_sec": "600"}, {"dep_dt": "1457535379", "route_id": "Red", "arr_dt": "1457535982", "direction": "0", "travel_time_sec": "603", "benchmark_travel_time_sec": "600"}, {"dep_dt": "1457535778", "route_id": "Red", "arr_dt": "1457536393", "direction": "0", "travel_time_sec": "615", "benchmark_travel_time_sec": "600"}, {"dep_dt": "1457536004", "route_id": "Red", "arr_dt": "1457536579", "direction": "0", "travel_time_sec": "575", "benchmark_travel_time_sec": "600"}, {"dep_dt": "1457536166", "route_id": "Red", "arr_dt": "1457536747", "direction": "0", "travel_time_sec": "581", "benchmark_travel_time_sec": "600"}, {"dep_dt": "1457536380", "route_id": "Red", "arr_dt": "1457536935", "direction": "0", "travel_time_sec": "555", "benchmark_travel_time_sec": "600"}, {"dep_dt": "1457536768", "route_id": "Red", "arr_dt": "1457537321", "direction": "0", "travel_time_sec": "553", "benchmark_travel_time_sec": "600"}, {"dep_dt": "1457537021", "route_id": "Red", "arr_dt": "1457537598", "direction": "0", "travel_time_sec": "577", "benchmark_travel_time_sec": "600"}, {"dep_dt": "1457537403", "route_id": "Red", "arr_dt": "1457537963", "direction": "0", "travel_time_sec": "560", "benchmark_travel_time_sec": "600"}, {"dep_dt": "1457537782", "route_id": "Red", "arr_dt": "1457538360", "direction": "0", "travel_time_sec": "578", "benchmark_travel_time_sec": "600"}, {"dep_dt": "1457538372", "route_id": "Red", "arr_dt": "1457538972", "direction": "0", "travel_time_sec": "600", "benchmark_travel_time_sec": "600"}, {"dep_dt": "1457538634", "route_id": "Red", "arr_dt": "1457539188", "direction": "0", "travel_time_sec": "554", "benchmark_travel_time_sec": "600"}, {"dep_dt": "1457539034", "route_id": "Red", "arr_dt": "1457539601", "direction": "0", "travel_time_sec": "567", "benchmark_travel_time_sec": "600"}, {"dep_dt": "1457539433", "route_id": "Red", "arr_dt": "1457540054", "direction": "0", "travel_time_sec": "621", "benchmark_travel_time_sec": "600"}, {"dep_dt": "1457539801", "route_id": "Red", "arr_dt": "1457540359", "direction": "0", "travel_time_sec": "558", "benchmark_travel_time_sec": "600"}, {"dep_dt": "1457540220", "route_id": "Red", "arr_dt": "1457540772", "direction": "0", "travel_time_sec": "552", "benchmark_travel_time_sec": "600"}, {"dep_dt": "1457540643", "route_id": "Red", "arr_dt": "1457541196", "direction": "0", "travel_time_sec": "553", "benchmark_travel_time_sec": "600"}, {"dep_dt": "1457541152", "route_id": "Red", "arr_dt": "1457541741", "direction": "0", "travel_time_sec": "589", "benchmark_travel_time_sec": "600"}, {"dep_dt": "1457541489", "route_id": "Red", "arr_dt": "1457542074", "direction": "0", "travel_time_sec": "585", "benchmark_travel_time_sec": "600"}, {"dep_dt": "1457541856", "route_id": "Red", "arr_dt": "1457542419", "direction": "0", "travel_time_sec": "563", "benchmark_travel_time_sec": "600"}, {"dep_dt": "1457542278", "route_id": "Red", "arr_dt": "1457542835", "direction": "0", "travel_time_sec": "557", "benchmark_travel_time_sec": "600"}, {"dep_dt": "1457542637", "route_id": "Red", "arr_dt": "1457543177", "direction": "0", "travel_time_sec": "540", "benchmark_travel_time_sec": "600"}, {"dep_dt": "1457543299", "route_id": "Red", "arr_dt": "1457543991", "direction": "0", "travel_time_sec": "692", "benchmark_travel_time_sec": "600"}, {"dep_dt": "1457543555", "route_id": "Red", "arr_dt": "1457544306", "direction": "0", "travel_time_sec": "751", "benchmark_travel_time_sec": "600"}, {"dep_dt": "1457544227", "route_id": "Red", "arr_dt": "1457544786", "direction": "0", "travel_time_sec": "559", "benchmark_travel_time_sec": "600"}, {"dep_dt": "1457544674", "route_id": "Red", "arr_dt": "1457545232", "direction": "0", "travel_time_sec": "558", "benchmark_travel_time_sec": "600"}, {"dep_dt": "1457545228", "route_id": "Red", "arr_dt": "1457545785", "direction": "0", "travel_time_sec": "557", "benchmark_travel_time_sec": "600"}, {"dep_dt": "1457545624", "route_id": "Red", "arr_dt": "1457546213", "direction": "0", "travel_time_sec": "589", "benchmark_travel_time_sec": "600"}, {"dep_dt": "1457546045", "route_id": "Red", "arr_dt": "1457546620", "direction": "0", "travel_time_sec": "575", "benchmark_travel_time_sec": "600"}, {"dep_dt": "1457546564", "route_id": "Red", "arr_dt": "1457547133", "direction": "0", "travel_time_sec": "569", "benchmark_travel_time_sec": "600"}, {"dep_dt": "1457546819", "route_id": "Red", "arr_dt": "1457547375", "direction": "0", "travel_time_sec": "556", "benchmark_travel_time_sec": "600"}, {"dep_dt": "1457547254", "route_id": "Red", "arr_dt": "1457547811", "direction": "0", "travel_time_sec": "557", "benchmark_travel_time_sec": "600"}, {"dep_dt": "1457547625", "route_id": "Red", "arr_dt": "1457548222", "direction": "0", "travel_time_sec": "597", "benchmark_travel_time_sec": "600"}, {"dep_dt": "1457548159", "route_id": "Red", "arr_dt": "1457548773", "direction": "0", "travel_time_sec": "614", "benchmark_travel_time_sec": "600"}, {"dep_dt": "1457548535", "route_id": "Red", "arr_dt": "1457549048", "direction": "0", "travel_time_sec": "513", "benchmark_travel_time_sec": "600"}, {"dep_dt": "1457548943", "route_id": "Red", "arr_dt": "1457549530", "direction": "0", "travel_time_sec": "587", "benchmark_travel_time_sec": "600"}, {"dep_dt": "1457549459", "route_id": "Red", "arr_dt": "1457550086", "direction": "0", "travel_time_sec": "627", "benchmark_travel_time_sec": "600"}, {"dep_dt": "1457549753", "route_id": "Red", "arr_dt": "1457550279", "direction": "0", "travel_time_sec": "526", "benchmark_travel_time_sec": "600"}, {"dep_dt": "1457550161", "route_id": "Red", "arr_dt": "1457550726", "direction": "0", "travel_time_sec": "565", "benchmark_travel_time_sec": "600"}, {"dep_dt": "1457550546", "route_id": "Red", "arr_dt": "1457551134", "direction": "0", "travel_time_sec": "588", "benchmark_travel_time_sec": "600"}, {"dep_dt": "1457551006", "route_id": "Red", "arr_dt": "1457551613", "direction": "0", "travel_time_sec": "607", "benchmark_travel_time_sec": "600"}, {"dep_dt": "1457551427", "route_id": "Red", "arr_dt": "1457552039", "direction": "0", "travel_time_sec": "612", "benchmark_travel_time_sec": "600"}, {"dep_dt": "1457551964", "route_id": "Red", "arr_dt": "1457552572", "direction": "0", "travel_time_sec": "608", "benchmark_travel_time_sec": "600"}, {"dep_dt": "1457552289", "route_id": "Red", "arr_dt": "1457552983", "direction": "0", "travel_time_sec": "694", "benchmark_travel_time_sec": "600"}, {"dep_dt": "1457552818", "route_id": "Red", "arr_dt": "1457553384", "direction": "0", "travel_time_sec": "566", "benchmark_travel_time_sec": "600"}, {"dep_dt": "1457553147", "route_id": "Red", "arr_dt": "1457553728", "direction": "0", "travel_time_sec": "581", "benchmark_travel_time_sec": "600"}, {"dep_dt": "1457553840", "route_id": "Red", "arr_dt": "1457554493", "direction": "0", "travel_time_sec": "653", "benchmark_travel_time_sec": "600"}, {"dep_dt": "1457554433", "route_id": "Red", "arr_dt": "1457555058", "direction": "0", "travel_time_sec": "625", "benchmark_travel_time_sec": "600"}, {"dep_dt": "1457554835", "route_id": "Red", "arr_dt": "1457555414", "direction": "0", "travel_time_sec": "579", "benchmark_travel_time_sec": "600"}, {"dep_dt": "1457555913", "route_id": "Red", "arr_dt": "1457556544", "direction": "0", "travel_time_sec": "631", "benchmark_travel_time_sec": "600"}, {"dep_dt": "1457556168", "route_id": "Red", "arr_dt": "1457556769", "direction": "0", "travel_time_sec": "601", "benchmark_travel_time_sec": "600"}, {"dep_dt": "1457556525", "route_id": "Red", "arr_dt": "1457557144", "direction": "0", "travel_time_sec": "619", "benchmark_travel_time_sec": "600"}, {"dep_dt": "1457556846", "route_id": "Red", "arr_dt": "1457557451", "direction": "0", "travel_time_sec": "605", "benchmark_travel_time_sec": "700"}, {"dep_dt": "1457556996", "route_id": "Red", "arr_dt": "1457557655", "direction": "0", "travel_time_sec": "659", "benchmark_travel_time_sec": "700"}, {"dep_dt": "1457557169", "route_id": "Red", "arr_dt": "1457557823", "direction": "0", "travel_time_sec": "654", "benchmark_travel_time_sec": "700"}, {"dep_dt": "1457557341", "route_id": "Red", "arr_dt": "1457558001", "direction": "0", "travel_time_sec": "660", "benchmark_travel_time_sec": "700"}, {"dep_dt": "1457557720", "route_id": "Red", "arr_dt": "1457558372", "direction": "0", "travel_time_sec": "652", "benchmark_travel_time_sec": "700"}, {"dep_dt": "1457557977", "route_id": "Red", "arr_dt": "1457558588", "direction": "0", "travel_time_sec": "611", "benchmark_travel_time_sec": "700"}, {"dep_dt": "1457558291", "route_id": "Red", "arr_dt": "1457558887", "direction": "0", "travel_time_sec": "596", "benchmark_travel_time_sec": "700"}, {"dep_dt": "1457558830", "route_id": "Red", "arr_dt": "1457559410", "direction": "0", "travel_time_sec": "580", "benchmark_travel_time_sec": "720"}, {"dep_dt": "1457559090", "route_id": "Red", "arr_dt": "1457559644", "direction": "0", "travel_time_sec": "554", "benchmark_travel_time_sec": "720"}, {"dep_dt": "1457559385", "route_id": "Red", "arr_dt": "1457559962", "direction": "0", "travel_time_sec": "577", "benchmark_travel_time_sec": "720"}, {"dep_dt": "1457559668", "route_id": "Red", "arr_dt": "1457560199", "direction": "0", "travel_time_sec": "531", "benchmark_travel_time_sec": "720"}, {"dep_dt": "1457559879", "route_id": "Red", "arr_dt": "1457560454", "direction": "0", "travel_time_sec": "575", "benchmark_travel_time_sec": "720"}, {"dep_dt": "1457560740", "route_id": "Red", "arr_dt": "1457561323", "direction": "0", "travel_time_sec": "583", "benchmark_travel_time_sec": "720"}, {"dep_dt": "1457561268", "route_id": "Red", "arr_dt": "1457561870", "direction": "0", "travel_time_sec": "602", "benchmark_travel_time_sec": "720"}, {"dep_dt": "1457561390", "route_id": "Red", "arr_dt": "1457562115", "direction": "0", "travel_time_sec": "725", "benchmark_travel_time_sec": "720"}, {"dep_dt": "1457561863", "route_id": "Red", "arr_dt": "1457562533", "direction": "0", "travel_time_sec": "670", "benchmark_travel_time_sec": "720"}, {"dep_dt": "1457562409", "route_id": "Red", "arr_dt": "1457563408", "direction": "0", "travel_time_sec": "999", "threshold_flag_1": "threshold_id_04", "benchmark_travel_time_sec": "720"}, {"dep_dt": "1457563101", "route_id": "Red", "arr_dt": "1457563851", "direction": "0", "travel_time_sec": "750", "benchmark_travel_time_sec": "720"}, {"dep_dt": "1457563541", "route_id": "Red", "arr_dt": "1457564273", "direction": "0", "travel_time_sec": "732", "benchmark_travel_time_sec": "720"}, {"dep_dt": "1457563953", "route_id": "Red", "arr_dt": "1457564665", "direction": "0", "travel_time_sec": "712", "benchmark_travel_time_sec": "668"}, {"dep_dt": "1457564403", "route_id": "Red", "arr_dt": "1457565069", "direction": "0", "travel_time_sec": "666", "benchmark_travel_time_sec": "668"}, {"dep_dt": "1457564608", "route_id": "Red", "arr_dt": "1457565256", "direction": "0", "travel_time_sec": "648", "benchmark_travel_time_sec": "668"}, {"dep_dt": "1457565307", "route_id": "Red", "arr_dt": "1457565923", "direction": "0", "travel_time_sec": "616", "benchmark_travel_time_sec": "668"}, {"dep_dt": "1457565529", "route_id": "Red", "arr_dt": "1457566132", "direction": "0", "travel_time_sec": "603", "benchmark_travel_time_sec": "668"}, {"dep_dt": "1457565890", "route_id": "Red", "arr_dt": "1457566518", "direction": "0", "travel_time_sec": "628", "benchmark_travel_time_sec": "660"}, {"dep_dt": "1457567020", "route_id": "Red", "arr_dt": "1457567523", "direction": "0", "travel_time_sec": "503", "benchmark_travel_time_sec": "660"}, {"dep_dt": "1457567302", "route_id": "Red", "arr_dt": "1457567918", "direction": "0", "travel_time_sec": "616", "benchmark_travel_time_sec": "660"}, {"dep_dt": "1457567456", "route_id": "Red", "arr_dt": "1457568131", "direction": "0", "travel_time_sec": "675", "benchmark_travel_time_sec": "660"}, {"dep_dt": "1457567747", "route_id": "Red", "arr_dt": "1457568334", "direction": "0", "travel_time_sec": "587", "benchmark_travel_time_sec": "660"}, {"dep_dt": "1457568671", "route_id": "Red", "arr_dt": "1457569259", "direction": "0", "travel_time_sec": "588", "benchmark_travel_time_sec": "660"}, {"dep_dt": "1457568953", "route_id": "Red", "arr_dt": "1457569520", "direction": "0", "travel_time_sec": "567", "benchmark_travel_time_sec": "660"}, {"dep_dt": "1457569311", "route_id": "Red", "arr_dt": "1457569948", "direction": "0", "travel_time_sec": "637", "benchmark_travel_time_sec": "660"}, {"dep_dt": "1457569523", "route_id": "Red", "arr_dt": "1457570137", "direction": "0", "travel_time_sec": "614", "benchmark_travel_time_sec": "660"}, {"dep_dt": "1457569668", "route_id": "Red", "arr_dt": "1457570307", "direction": "0", "travel_time_sec": "639", "benchmark_travel_time_sec": "660"}, {"dep_dt": "1457569965", "route_id": "Red", "arr_dt": "1457570536", "direction": "0", "travel_time_sec": "571", "benchmark_travel_time_sec": "660"}, {"dep_dt": "1457570788", "route_id": "Red", "arr_dt": "1457571375", "direction": "0", "travel_time_sec": "587", "benchmark_travel_time_sec": "660"}, {"dep_dt": "1457571064", "route_id": "Red", "arr_dt": "1457571645", "direction": "0", "travel_time_sec": "581", "benchmark_travel_time_sec": "550"}, {"dep_dt": "1457571286", "route_id": "Red", "arr_dt": "1457571825", "direction": "0", "travel_time_sec": "539", "benchmark_travel_time_sec": "550"}, {"dep_dt": "1457571564", "route_id": "Red", "arr_dt": "1457572149", "direction": "0", "travel_time_sec": "585", "benchmark_travel_time_sec": "550"}, {"dep_dt": "1457571904", "route_id": "Red", "arr_dt": "1457572523", "direction": "0", "travel_time_sec": "619", "benchmark_travel_time_sec": "550"}, {"dep_dt": "1457572129", "route_id": "Red", "arr_dt": "1457572796", "direction": "0", "travel_time_sec": "667", "benchmark_travel_time_sec": "550"}, {"dep_dt": "1457572465", "route_id": "Red", "arr_dt": "1457573010", "direction": "0", "travel_time_sec": "545", "benchmark_travel_time_sec": "550"}, {"dep_dt": "1457572775", "route_id": "Red", "arr_dt": "1457573341", "direction": "0", "travel_time_sec": "566", "benchmark_travel_time_sec": "550"}, {"dep_dt": "1457573154", "route_id": "Red", "arr_dt": "1457573725", "direction": "0", "travel_time_sec": "571", "benchmark_travel_time_sec": "540"}, {"dep_dt": "1457573494", "route_id": "Red", "arr_dt": "1457574072", "direction": "0", "travel_time_sec": "578", "benchmark_travel_time_sec": "540"}, {"dep_dt": "1457574041", "route_id": "Red", "arr_dt": "1457574588", "direction": "0", "travel_time_sec": "547", "benchmark_travel_time_sec": "540"}, {"dep_dt": "1457574296", "route_id": "Red", "arr_dt": "1457574905", "direction": "0", "travel_time_sec": "609", "benchmark_travel_time_sec": "540"}, {"dep_dt": "1457574695", "route_id": "Red", "arr_dt": "1457575229", "direction": "0", "travel_time_sec": "534", "benchmark_travel_time_sec": "540"}, {"dep_dt": "1457575148", "route_id": "Red", "arr_dt": "1457575735", "direction": "0", "travel_time_sec": "587", "benchmark_travel_time_sec": "540"}, {"dep_dt": "1457575732", "route_id": "Red", "arr_dt": "1457576272", "direction": "0", "travel_time_sec": "540", "benchmark_travel_time_sec": "540"}, {"dep_dt": "1457575885", "route_id": "Red", "arr_dt": "1457576449", "direction": "0", "travel_time_sec": "564", "benchmark_travel_time_sec": "540"}, {"dep_dt": "1457576743", "route_id": "Red", "arr_dt": "1457577436", "direction": "0", "travel_time_sec": "693", "benchmark_travel_time_sec": "540"}, {"dep_dt": "1457576937", "route_id": "Red", "arr_dt": "1457577718", "direction": "0", "travel_time_sec": "781", "threshold_flag_1": "threshold_id_04", "benchmark_travel_time_sec": "540"}, {"dep_dt": "1457577247", "route_id": "Red", "arr_dt": "1457577897", "direction": "0", "travel_time_sec": "650", "benchmark_travel_time_sec": "540"}, {"dep_dt": "1457577469", "route_id": "Red", "arr_dt": "1457578074", "direction": "0", "travel_time_sec": "605", "benchmark_travel_time_sec": "540"}, {"dep_dt": "1457577688", "route_id": "Red", "arr_dt": "1457578252", "direction": "0", "travel_time_sec": "564", "benchmark_travel_time_sec": "540"}, {"dep_dt": "1457578445", "route_id": "Red", "arr_dt": "1457578979", "direction": "0", "travel_time_sec": "534", "benchmark_travel_time_sec": "540"}, {"dep_dt": "1457578761", "route_id": "Red", "arr_dt": "1457579327", "direction": "0", "travel_time_sec": "566", "benchmark_travel_time_sec": "540"}, {"dep_dt": "1457579229", "route_id": "Red", "arr_dt": "1457579816", "direction": "0", "travel_time_sec": "587", "benchmark_travel_time_sec": "540"}, {"dep_dt": "1457579366", "route_id": "Red", "arr_dt": "1457580002", "direction": "0", "travel_time_sec": "636", "benchmark_travel_time_sec": "540"}, {"dep_dt": "1457579746", "route_id": "Red", "arr_dt": "1457580298", "direction": "0", "travel_time_sec": "552", "benchmark_travel_time_sec": "540"}, {"dep_dt": "1457579987", "route_id": "Red", "arr_dt": "1457580579", "direction": "0", "travel_time_sec": "592", "benchmark_travel_time_sec": "540"}, {"dep_dt": "1457581015", "route_id": "Red", "arr_dt": "1457581384", "direction": "0", "travel_time_sec": "369", "benchmark_travel_time_sec": "540"}, {"dep_dt": "1457581203", "route_id": "Red", "arr_dt": "1457581842", "direction": "0", "travel_time_sec": "639", "benchmark_travel_time_sec": "540"}, {"dep_dt": "1457581373", "route_id": "Red", "arr_dt": "1457582037", "direction": "0", "travel_time_sec": "664", "benchmark_travel_time_sec": "540"}, {"dep_dt": "1457581741", "route_id": "Red", "arr_dt": "1457582278", "direction": "0", "travel_time_sec": "537", "benchmark_travel_time_sec": "540"}, {"dep_dt": "1457582021", "route_id": "Red", "arr_dt": "1457582560", "direction": "0", "travel_time_sec": "539", "benchmark_travel_time_sec": "540"}, {"dep_dt": "1457582514", "route_id": "Red", "arr_dt": "1457583071", "direction": "0", "travel_time_sec": "557", "benchmark_travel_time_sec": "540"}, {"dep_dt": "1457582991", "route_id": "Red", "arr_dt": "1457583560", "direction": "0", "travel_time_sec": "569", "benchmark_travel_time_sec": "540"}, {"dep_dt": "1457583293", "route_id": "Red", "arr_dt": "1457583847", "direction": "0", "travel_time_sec": "554", "benchmark_travel_time_sec": "540"}, {"dep_dt": "1457583474", "route_id": "Red", "arr_dt": "1457584020", "direction": "0", "travel_time_sec": "546", "benchmark_travel_time_sec": "540"}, {"dep_dt": "1457583870", "route_id": "Red", "arr_dt": "1457584414", "direction": "0", "travel_time_sec": "544", "benchmark_travel_time_sec": "540"}, {"dep_dt": "1457584128", "route_id": "Red", "arr_dt": "1457584695", "direction": "0", "travel_time_sec": "567", "benchmark_travel_time_sec": "540"}, {"dep_dt": "1457584716", "route_id": "Red", "arr_dt": "1457585208", "direction": "0", "travel_time_sec": "492", "benchmark_travel_time_sec": "540"}, {"dep_dt": "1457585196", "route_id": "Red", "arr_dt": "1457585726", "direction": "0", "travel_time_sec": "530", "benchmark_travel_time_sec": "540"}]}