{"travel_times": [{"dep_dt": "1453199063", "route_id": "Red", "arr_dt": "1453199589", "direction": "0", "travel_time_sec": "526", "benchmark_travel_time_sec": "540"}, {"dep_dt": "1453199604", "route_id": "Red", "arr_dt": "1453200170", "direction": "0", "travel_time_sec": "566", "benchmark_travel_time_sec": "540"}, {"dep_dt": "1453199898", "route_id": "Red", "arr_dt": "1453200480", "direction": "0", "travel_time_sec": "582", "benchmark_travel_time_sec": "540"}, {"dep_dt": "1453200459", "route_id": "Red", "arr_dt": "1453201070", "direction": "0", "travel_time_sec": "611", "benchmark_travel_time_sec": "540"}, {"dep_dt": "1453200856", "route_id": "Red", "arr_dt": "1453201406", "direction": "0", "travel_time_sec": "550", "benchmark_travel_time_sec": "540"}, {"dep_dt": "1453201456", "route_id": "Red", "arr_dt": "1453202048", "direction": "0", "travel_time_sec": "592", "benchmark_travel_time_sec": "540"}, {"dep_dt": "1453201879", "route_id": "Red", "arr_dt": "1453202453", "direction": "0", "travel_time_sec": "574", "benchmark_travel_time_sec": "540"}, {"dep_dt": "1453202358", "route_id": "Red", "arr_dt": "1453202922", "direction": "0", "travel_time_sec": "564", "benchmark_travel_time_sec": "540"}, {"dep_dt": "1453202683", "route_id": "Red", "arr_dt": "1453203223", "direction": "0", "travel_time_sec": "540", "benchmark_travel_time_sec": "540"}, {"dep_dt": "1453202960", "route_id": "Red", "arr_dt": "1453203540", "direction": "0", "travel_time_sec": "580", "benchmark_travel_time_sec": "540"}, {"dep_dt": "1453203615", "route_id": "Red", "arr_dt": "1453204211", "direction": "0", "travel_time_sec": "596", "benchmark_travel_time_sec": "540"}, {"dep_dt": "1453203831", "route_id": "Red", "arr_dt": "1453204418", "direction": "0", "travel_time_sec": "587", "benchmark_travel_time_sec": "540"}, {"dep_dt": "1453204261", "route_id": "Red", "arr_dt": "1453204880", "direction": "0", "travel_time_sec": "619", "benchmark_travel_time_sec": "651"}, {"dep_dt": "1453204527", "route_id": "Red", "arr_dt": "1453205091", "direction": "0", "travel_time_sec": "564", "benchmark_travel_time_sec": "651"}, {"dep_dt": "1453204823", "route_id": "Red", "arr_dt": "1453205413", "direction": "0", "travel_time_sec": "590", "benchmark_travel_time_sec": "651"}, {"dep_dt": "1453205208", "route_id": "Red", "arr_dt": "1453205747", "direction": "0", "travel_time_sec": "539", "benchmark_travel_time_sec": "651"}, {"dep_dt": "1453205717", "route_id": "Red", "arr_dt": "1453206355", "direction": "0", "travel_time_sec": "638", "benchmark_travel_time_sec": "651"}, {"dep_dt": "1453205936", "route_id": "Red", "arr_dt": "1453206561", "direction": "0", "travel_time_sec": "625", "benchmark_travel_time_sec": "651"}, {"dep_dt": "1453206208", "route_id": "Red", "arr_dt": "1453206779", "direction": "0", "travel_time_sec": "571", "benchmark_travel_time_sec": "660"}, {"dep_dt": "1453206715", "route_id": "Red", "arr_dt": "1453207386", "direction": "0", "travel_time_sec": "671", "benchmark_travel_time_sec": "660"}, {"dep_dt": "1453207066", "route_id": "Red", "arr_dt": "1453207733", "direction": "0", "travel_time_sec": "667", "benchmark_travel_time_sec": "660"}, {"dep_dt": "1453207408", "route_id": "Red", "arr_dt": "1453208046", "direction": "0", "travel_time_sec": "638", "benchmark_travel_time_sec": "660"}, {"dep_dt": "1453207582", "route_id": "Red", "arr_dt": "1453208251", "direction": "0", "travel_time_sec": "669", "benchmark_travel_time_sec": "660"}, {"dep_dt": "1453207897", "route_id": "Red", "arr_dt": "1453208561", "direction": "0", "travel_time_sec": "664", "benchmark_travel_time_sec": "660"}, {"dep_dt": "1453208106", "route_id": "Red", "arr_dt": "1453208826", "direction": "0", "travel_time_sec": "720", "benchmark_travel_time_sec": "660"}, {"dep_dt": "1453208358", "route_id": "Red", "arr_dt": "1453209054", "direction": "0", "travel_time_sec": "696", "benchmark_travel_time_sec": "660"}, {"dep_dt": "1453208766", "route_id": "Red", "arr_dt": "1453209424", "direction": "0", "travel_time_sec": "658", "benchmark_travel_time_sec": "660"}, {"dep_dt": "1453209074", "route_id": "Red", "arr_dt": "1453209757", "direction": "0", "travel_time_sec": "683", "benchmark_travel_time_sec": "660"}, {"dep_dt": "1453209769", "route_id": "Red", "arr_dt": "1453210526", "direction": "0", "travel_time_sec": "757", "benchmark_travel_time_sec": "660"}, {"dep_dt": "1453210006", "route_id": "Red", "arr_dt": "1453210776", "direction": "0", "travel_time_sec": "770", "benchmark_travel_time_sec": "660"}, {"dep_dt": "1453210225", "route_id": "Red", "arr_dt": "1453211031", "direction": "0", "travel_time_sec": "806", "benchmark_travel_time_sec": "660"}, {"dep_dt": "1453210405", "route_id": "Red", "arr_dt": "1453211249", "direction": "0", "travel_time_sec": "844", "threshold_flag_1": "threshold_id_04", "benchmark_travel_time_sec": "660"}, {"dep_dt": "1453210587", "route_id": "Red", "arr_dt": "1453211464", "direction": "0", "travel_time_sec": "877", "threshold_flag_1": "threshold_id_04", "benchmark_travel_time_sec": "660"}, {"dep_dt": "1453210899", "route_id": "Red", "arr_dt": "1453211751", "direction": "0", "travel_time_sec": "852", "threshold_flag_1": "threshold_id_04", "benchmark_travel_time_sec": "660"}, {"dep_dt": "1453211003", "route_id": "Red", "arr_dt": "1453211935", "direction": "0", "travel_time_sec": "932", "threshold_flag_1": "threshold_id_04", "benchmark_travel_time_sec": "660"}, {"dep_dt": "1453211161", "route_id": "Red", "arr_dt": "1453212139", "direction": "0", "travel_time_sec": "978", "threshold_flag_1": "threshold_id_04", "benchmark_travel_time_sec": "660"}, {"dep_dt": "1453211387", "route_id": "Red", "arr_dt": "1453212375", "direction": "0", "travel_time_sec": "988", "threshold_flag_1": "threshold_id_04", "benchmark_travel_time_sec": "660"}, {"dep_dt": "1453211640", "route_id": "Red", "arr_dt": "1453212582", "direction": "0", "travel_time_sec": "942", "threshold_flag_1": "threshold_id_04", "benchmark_travel_time_sec": "660"}, {"dep_dt": "1453211827", "route_id": "Red", "arr_dt": "1453212788", "direction": "0", "travel_time_sec": "961", "threshold_flag_1": "threshold_id_04", "benchmark_travel_time_sec": "660"}, {"dep_dt": "1453212007", "route_id": "Red", "arr_dt": "1453212978", "direction": "0", "travel_time_sec": "971", "threshold_flag_1": "threshold_id_04", "benchmark_travel_time_sec": "660"}, {"dep_dt": "1453212388", "route_id": "Red", "arr_dt": "1453213162", "direction": "0", "travel_time_sec": "774", "benchmark_travel_time_sec": "660"}, {"dep_dt": "1453212645", "route_id": "Red", "arr_dt": "1453213378", "direction": "0", "travel_time_sec": "733", "benchmark_travel_time_sec": "660"}, {"dep_dt": "1453213276", "route_id": "Red", "arr_dt": "1453214034", "direction": "0", "travel_time_sec": "758", "benchmark_travel_time_sec": "615"}, {"dep_dt": "1453213618", "route_id": "Red", "arr_dt": "1453214240", "direction": "0", "travel_time_sec": "622", "benchmark_travel_time_sec": "615"}, {"dep_dt": "1453214205", "route_id": "Red", "arr_dt": "1453214898", "direction": "0", "travel_time_sec": "693", "benchmark_travel_time_sec": "615"}, {"dep_dt": "1453214694", "route_id": "Red", "arr_dt": "1453215372", "direction": "0", "travel_time_sec": "678", "benchmark_travel_time_sec": "615"}, {"dep_dt": "1453215145", "route_id": "Red", "arr_dt": "1453215788", "direction": "0", "travel_time_sec": "643", "benchmark_travel_time_sec": "600"}, {"dep_dt": "1453215337", "route_id": "Red", "arr_dt": "1453215986", "direction": "0", "travel_time_sec": "649", "benchmark_travel_time_sec": "600"}, {"dep_dt": "1453215681", "route_id": "Red", "arr_dt": "1453216265", "direction": "0", "travel_time_sec": "584", "benchmark_travel_time_sec": "600"}, {"dep_dt": "1453216050", "route_id": "Red", "arr_dt": "1453216779", "direction": "0", "travel_time_sec": "729", "benchmark_travel_time_sec": "600"}, {"dep_dt": "1453216218", "route_id": "Red", "arr_dt": "1453216991", "direction": "0", "travel_time_sec": "773", "benchmark_travel_time_sec": "600"}, {"dep_dt": "1453216424", "route_id": "Red", "arr_dt": "1453217264", "direction": "0", "travel_time_sec": "840", "threshold_flag_1": "threshold_id_04", "benchmark_travel_time_sec": "600"}, {"dep_dt": "1453216806", "route_id": "Red", "arr_dt": "1453217489", "direction": "0", "travel_time_sec": "683", "benchmark_travel_time_sec": "600"}, {"dep_dt": "1453216937", "route_id": "Red", "arr_dt": "1453217674", "direction": "0", "travel_time_sec": "737", "benchmark_travel_time_sec": "600"}, {"dep_dt": "1453217406", "route_id": "Red", "arr_dt": "1453218015", "direction": "0", "travel_time_sec": "609", "benchmark_travel_time_sec": "600"}, {"dep_dt": "1453217843", "route_id": "Red", "arr_dt": "1453218497", "direction": "0", "travel_time_sec": "654", "benchmark_travel_time_sec": "600"}, {"dep_dt": "1453218098", "route_id": "Red", "arr_dt": "1453218779", "direction": "0", "travel_time_sec": "681", "benchmark_travel_time_sec": "600"}, {"dep_dt": "1453218325", "route_id": "Red", "arr_dt": "1453218965", "direction": "0", "travel_time_sec": "640", "benchmark_travel_time_sec": "600"}, {"dep_dt": "1453218747", "route_id": "Red", "arr_dt": "1453219337", "direction": "0", "travel_time_sec": "590", "benchmark_travel_time_sec": "600"}, {"dep_dt": "1453219088", "route_id": "Red", "arr_dt": "1453219693", "direction": "0", "travel_time_sec": "605", "benchmark_travel_time_sec": "600"}, {"dep_dt": "1453219463", "route_id": "Red", "arr_dt": "1453220049", "direction": "0", "travel_time_sec": "586", "benchmark_travel_time_sec": "600"}, {"dep_dt": "1453219975", "route_id": "Red", "arr_dt": "1453220544", "direction": "0", "travel_time_sec": "569", "benchmark_travel_time_sec": "600"}, {"dep_dt": "1453220305", "route_id": "Red", "arr_dt": "1453220932", "direction": "0", "travel_time_sec": "627", "benchmark_travel_time_sec": "600"}, {"dep_dt": "1453221028", "route_id": "Red", "arr_dt": "1453221608", "direction": "0", "travel_time_sec": "580", "benchmark_travel_time_sec": "600"}, {"dep_dt": "1453221319", "route_id": "Red", "arr_dt": "1453221851", "direction": "0", "travel_time_sec": "532", "benchmark_travel_time_sec": "600"}, {"dep_dt": "1453221801", "route_id": "Red", "arr_dt": "1453222401", "direction": "0", "travel_time_sec": "600", "benchmark_travel_time_sec": "600"}, {"dep_dt": "1453222147", "route_id": "Red", "arr_dt": "1453222734", "direction": "0", "travel_time_sec": "587", "benchmark_travel_time_sec": "600"}, {"dep_dt": "1453222523", "route_id": "Red", "arr_dt": "1453223137", "direction": "0", "travel_time_sec": "614", "benchmark_travel_time_sec": "600"}, {"dep_dt": "1453222916", "route_id": "Red", "arr_dt": "1453223411", "direction": "0", "travel_time_sec": "495", "benchmark_travel_time_sec": "600"}, {"dep_dt": "1453223188", "route_id": "Red", "arr_dt": "1453223773", "direction": "0", "travel_time_sec": "585", "benchmark_travel_time_sec": "600"}, {"dep_dt": "1453223732", "route_id": "Red", "arr_dt": "1453224330", "direction": "0", "travel_time_sec": "598", "benchmark_travel_time_sec": "600"}, {"dep_dt": "1453224267", "route_id": "Red", "arr_dt": "1453224859", "direction": "0", "travel_time_sec": "592", "benchmark_travel_time_sec": "600"}, {"dep_dt": "1453224446", "route_id": "Red", "arr_dt": "1453225038", "direction": "0", "travel_time_sec": "592", "benchmark_travel_time_sec": "600"}, {"dep_dt": "1453224947", "route_id": "Red", "arr_dt": "1453225535", "direction": "0", "travel_time_sec": "588", "benchmark_travel_time_sec": "600"}, {"dep_dt": "1453225276", "route_id": "Red", "arr_dt": "1453225814", "direction": "0", "travel_time_sec": "538", "benchmark_travel_time_sec": "600"}, {"dep_dt": "1453225981", "route_id": "Red", "arr_dt": "1453226583", "direction": "0", "travel_time_sec": "602", "benchmark_travel_time_sec": "600"}, {"dep_dt": "1453226295", "route_id": "Red", "arr_dt": "1453226777", "direction": "0", "travel_time_sec": "482", "benchmark_travel_time_sec": "600"}, {"dep_dt": "1453226570", "route_id": "Red", "arr_dt": "1453227235", "direction": "0", "travel_time_sec": "665", "benchmark_travel_time_sec": "600"}, {"dep_dt": "1453226864", "route_id": "Red", "arr_dt": "1453227417", "direction": "0", "travel_time_sec": "553", "benchmark_travel_time_sec": "600"}, {"dep_dt": "1453227539", "route_id": "Red", "arr_dt": "1453228144", "direction": "0", "travel_time_sec": "605", "benchmark_travel_time_sec": "600"}, {"dep_dt": "1453227756", "route_id": "Red", "arr_dt": "1453228343", "direction": "0", "travel_time_sec": "587", "benchmark_travel_time_sec": "600"}, {"dep_dt": "1453228259", "route_id": "Red", "arr_dt": "1453229181", "direction": "0", "travel_time_sec": "922", "threshold_flag_1": "threshold_id_04", "benchmark_travel_time_sec": "600"}, {"dep_dt": "1453228982", "route_id": "Red", "arr_dt": "1453229598", "direction": "0", "travel_time_sec": "616", "benchmark_travel_time_sec": "600"}, {"dep_dt": "1453229569", "route_id": "Red", "arr_dt": "1453230078", "direction": "0", "travel_time_sec": "509", "benchmark_travel_time_sec": "600"}, {"dep_dt": "1453229662", "route_id": "Red", "arr_dt": "1453230258", "direction": "0", "travel_time_sec": "596", "benchmark_travel_time_sec": "600"}, {"dep_dt": "1453231104", "route_id": "Red", "arr_dt": "1453231728", "direction": "0", "travel_time_sec": "624", "benchmark_travel_time_sec": "600"}, {"dep_dt": "1453231320", "route_id": "Red", "arr_dt": "1453231919", "direction": "0", "travel_time_sec": "599", "benchmark_travel_time_sec": "600"}, {"dep_dt": "1453231597", "route_id": "Red", "arr_dt": "1453232200", "direction": "0", "travel_time_sec": "603", "benchmark_travel_time_sec": "600"}, {"dep_dt": "1453232247", "route_id": "Red", "arr_dt": "1453232838", "direction": "0", "travel_time_sec": "591", "benchmark_travel_time_sec": "600"}, {"dep_dt": "1453232648", "route_id": "Red", "arr_dt": "1453233232", "direction": "0", "travel_time_sec": "584", "benchmark_travel_time_sec": "600"}, {"dep_dt": "1453233157", "route_id": "Red", "arr_dt": "1453233760", "direction": "0", "travel_time_sec": "603", "benchmark_travel_time_sec": "600"}, {"dep_dt": "1453233577", "route_id": "Red", "arr_dt": "1453234154", "direction": "0", "travel_time_sec": "577", "benchmark_travel_time_sec": "600"}, {"dep_dt": "1453233764", "route_id": "Red", "arr_dt": "1453234331", "direction": "0", "travel_time_sec": "567", "benchmark_travel_time_sec": "600"}, {"dep_dt": "1453234059", "route_id": "Red", "arr_dt": "1453234644", "direction": "0", "travel_time_sec": "585", "benchmark_travel_time_sec": "600"}, {"dep_dt": "1453234404", "route_id": "Red", "arr_dt": "1453235013", "direction": "0", "travel_time_sec": "609", "benchmark_travel_time_sec": "600"}, {"dep_dt": "1453234725", "route_id": "Red", "arr_dt": "1453235298", "direction": "0", "travel_time_sec": "573", "benchmark_travel_time_sec": "600"}, {"dep_dt": "1453234945", "route_id": "Red", "arr_dt": "1453235526", "direction": "0", "travel_time_sec": "581", "benchmark_travel_time_sec": "600"}, {"dep_dt": "1453235445", "route_id": "Red", "arr_dt": "1453236133", "direction": "0", "travel_time_sec": "688", "benchmark_travel_time_sec": "600"}, {"dep_dt": "1453235639", "route_id": "Red", "arr_dt": "1453236337", "direction": "0", "travel_time_sec": "698", "benchmark_travel_time_sec": "600"}, {"dep_dt": "1453236014", "route_id": "Red", "arr_dt": "1453236633", "direction": "0", "travel_time_sec": "619", "benchmark_travel_time_sec": "600"}, {"dep_dt": "1453236808", "route_id": "Red", "arr_dt": "1453237426", "direction": "0", "travel_time_sec": "618", "benchmark_travel_time_sec": "700"}, {"dep_dt": "1453237148", "route_id": "Red", "arr_dt": "1453237747", "direction": "0", "travel_time_sec": "599", "benchmark_travel_time_sec": "700"}, {"dep_dt": "1453237424", "route_id": "Red", "arr_dt": "1453238044", "direction": "0", "travel_time_sec": "620", "benchmark_travel_time_sec": "700"}, {"dep_dt": "1453237746", "route_id": "Red", "arr_dt": "1453238339", "direction": "0", "travel_time_sec": "593", "benchmark_travel_time_sec": "700"}, {"dep_dt": "1453238047", "route_id": "Red", "arr_dt": "1453239216", "direction": "0", "threshold_flag_2": "threshold_id_05", "travel_time_sec": "1169", "threshold_flag_1": "threshold_id_04", "benchmark_travel_time_sec": "720"}, {"dep_dt": "1453238682", "route_id": "Red", "arr_dt": "1453239729", "direction": "0", "travel_time_sec": "1047", "threshold_flag_1": "threshold_id_04", "benchmark_travel_time_sec": "720"}, {"dep_dt": "1453239008", "route_id": "Red", "arr_dt": "1453239941", "direction": "0", "travel_time_sec": "933", "threshold_flag_1": "threshold_id_04", "benchmark_travel_time_sec": "720"}, {"dep_dt": "1453239437", "route_id": "Red", "arr_dt": "1453240153", "direction": "0", "travel_time_sec": "716", "benchmark_travel_time_sec": "720"}, {"dep_dt": "1453239608", "route_id": "Red", "arr_dt": "1453240364", "direction": "0", "travel_time_sec": "756", "benchmark_travel_time_sec": "720"}, {"dep_dt": "1453239787", "route_id": "Red", "arr_dt": "1453240564", "direction": "0", "travel_time_sec": "777", "benchmark_travel_time_sec": "720"}, {"dep_dt": "1453239939", "route_id": "Red", "arr_dt": "1453240758", "direction": "0", "travel_time_sec": "819", "benchmark_travel_time_sec": "720"}, {"dep_dt": "1453240168", "route_id": "Red", "arr_dt": "1453240950", "direction": "0", "travel_time_sec": "782", "benchmark_travel_time_sec": "720"}, {"dep_dt": "1453240428", "route_id": "Red", "arr_dt": "1453241179", "direction": "0", "travel_time_sec": "751", "benchmark_travel_time_sec": "720"}, {"dep_dt": "1453240600", "route_id": "Red", "arr_dt": "1453241386", "direction": "0", "travel_time_sec": "786", "benchmark_travel_time_sec": "720"}, {"dep_dt": "1453240856", "route_id": "Red", "arr_dt": "1453241613", "direction": "0", "travel_time_sec": "757", "benchmark_travel_time_sec": "720"}, {"dep_dt": "1453241086", "route_id": "Red", "arr_dt": "1453241825", "direction": "0", "travel_time_sec": "739", "benchmark_travel_time_sec": "720"}, {"dep_dt": "1453241265", "route_id": "Red", "arr_dt": "1453242083", "direction": "0", "travel_time_sec": "818", "benchmark_travel_time_sec": "720"}, {"dep_dt": "1453241505", "route_id": "Red", "arr_dt": "1453242350", "direction": "0", "travel_time_sec": "845", "benchmark_travel_time_sec": "720"}, {"dep_dt": "1453241646", "route_id": "Red", "arr_dt": "1453242590", "direction": "0", "travel_time_sec": "944", "threshold_flag_1": "threshold_id_04", "benchmark_travel_time_sec": "720"}, {"dep_dt": "1453241933", "route_id": "Red", "arr_dt": "1453242818", "direction": "0", "travel_time_sec": "885", "benchmark_travel_time_sec": "720"}, {"dep_dt": "1453242116", "route_id": "Red", "arr_dt": "1453243072", "direction": "0", "travel_time_sec": "956", "threshold_flag_1": "threshold_id_04", "benchmark_travel_time_sec": "720"}, {"dep_dt": "1453242340", "route_id": "Red", "arr_dt": "1453243347", "direction": "0", "travel_time_sec": "1007", "threshold_flag_1": "threshold_id_04", "benchmark_travel_time_sec": "720"}, {"dep_dt": "1453242508", "route_id": "Red", "arr_dt": "1453243559", "direction": "0", "travel_time_sec": "1051", "threshold_flag_1": "threshold_id_04", "benchmark_travel_time_sec": "720"}, {"dep_dt": "1453242689", "route_id": "Red", "arr_dt": "1453243745", "direction": "0", "travel_time_sec": "1056", "threshold_flag_1": "threshold_id_04", "benchmark_travel_time_sec": "720"}, {"dep_dt": "1453243006", "route_id": "Red", "arr_dt": "1453243927", "direction": "0", "travel_time_sec": "921", "threshold_flag_1": "threshold_id_04", "benchmark_travel_time_sec": "720"}, {"dep_dt": "1453243505", "route_id": "Red", "arr_dt": "1453244190", "direction": "0", "travel_time_sec": "685", "benchmark_travel_time_sec": "720"}, {"dep_dt": "1453243885", "route_id": "Red", "arr_dt": "1453244566", "direction": "0", "travel_time_sec": "681", "benchmark_travel_time_sec": "668"}, {"dep_dt": "1453244181", "route_id": "Red", "arr_dt": "1453244786", "direction": "0", "travel_time_sec": "605", "benchmark_travel_time_sec": "668"}, {"dep_dt": "1453244707", "route_id": "Red", "arr_dt": "1453245367", "direction": "0", "travel_time_sec": "660", "benchmark_travel_time_sec": "668"}, {"dep_dt": "1453245348", "route_id": "Red", "arr_dt": "1453246085", "direction": "0", "travel_time_sec": "737", "benchmark_travel_time_sec": "668"}, {"dep_dt": "1453245537", "route_id": "Red", "arr_dt": "1453246296", "direction": "0", "travel_time_sec": "759", "benchmark_travel_time_sec": "660"}, {"dep_dt": "1453245804", "route_id": "Red", "arr_dt": "1453246632", "direction": "0", "travel_time_sec": "828", "benchmark_travel_time_sec": "660"}, {"dep_dt": "1453246021", "route_id": "Red", "arr_dt": "1453246842", "direction": "0", "travel_time_sec": "821", "benchmark_travel_time_sec": "660"}, {"dep_dt": "1453246188", "route_id": "Red", "arr_dt": "1453247034", "direction": "0", "travel_time_sec": "846", "threshold_flag_1": "threshold_id_04", "benchmark_travel_time_sec": "660"}, {"dep_dt": "1453246425", "route_id": "Red", "arr_dt": "1453247208", "direction": "0", "travel_time_sec": "783", "benchmark_travel_time_sec": "660"}, {"dep_dt": "1453246907", "route_id": "Red", "arr_dt": "1453247496", "direction": "0", "travel_time_sec": "589", "benchmark_travel_time_sec": "660"}, {"dep_dt": "1453247107", "route_id": "Red", "arr_dt": "1453247686", "direction": "0", "travel_time_sec": "579", "benchmark_travel_time_sec": "660"}, {"dep_dt": "1453247246", "route_id": "Red", "arr_dt": "1453247865", "direction": "0", "travel_time_sec": "619", "benchmark_travel_time_sec": "660"}, {"dep_dt": "1453247502", "route_id": "Red", "arr_dt": "1453248076", "direction": "0", "travel_time_sec": "574", "benchmark_travel_time_sec": "660"}, {"dep_dt": "1453247662", "route_id": "Red", "arr_dt": "1453248268", "direction": "0", "travel_time_sec": "606", "benchmark_travel_time_sec": "660"}, {"dep_dt": "1453247888", "route_id": "Red", "arr_dt": "1453248481", "direction": "0", "travel_time_sec": "593", "benchmark_travel_time_sec": "660"}, {"dep_dt": "1453248065", "route_id": "Red", "arr_dt": "1453248685", "direction": "0", "travel_time_sec": "620", "benchmark_travel_time_sec": "660"}, {"dep_dt": "1453248298", "route_id": "Red", "arr_dt": "1453248905", "direction": "0", "travel_time_sec": "607", "benchmark_travel_time_sec": "660"}, {"dep_dt": "1453248516", "route_id": "Red", "arr_dt": "1453249142", "direction": "0", "travel_time_sec": "626", "benchmark_travel_time_sec": "660"}, {"dep_dt": "1453248716", "route_id": "Red", "arr_dt": "1453249328", "direction": "0", "travel_time_sec": "612", "benchmark_travel_time_sec": "660"}, {"dep_dt": "1453248977", "route_id": "Red", "arr_dt": "1453249586", "direction": "0", "travel_time_sec": "609", "benchmark_travel_time_sec": "660"}, {"dep_dt": "1453249119", "route_id": "Red", "arr_dt": "1453249765", "direction": "0", "travel_time_sec": "646", "benchmark_travel_time_sec": "660"}, {"dep_dt": "1453249289", "route_id": "Red", "arr_dt": "1453250000", "direction": "0", "travel_time_sec": "711", "benchmark_travel_time_sec": "660"}, {"dep_dt": "1453249522", "route_id": "Red", "arr_dt": "1453250190", "direction": "0", "travel_time_sec": "668", "benchmark_travel_time_sec": "660"}, {"dep_dt": "1453249677", "route_id": "Red", "arr_dt": "1453250364", "direction": "0", "travel_time_sec": "687", "benchmark_travel_time_sec": "660"}, {"dep_dt": "1453250479", "route_id": "Red", "arr_dt": "1453251093", "direction": "0", "travel_time_sec": "614", "benchmark_travel_time_sec": "660"}, {"dep_dt": "1453251035", "route_id": "Red", "arr_dt": "1453251676", "direction": "0", "travel_time_sec": "641", "benchmark_travel_time_sec": "550"}, {"dep_dt": "1453251208", "route_id": "Red", "arr_dt": "1453251862", "direction": "0", "travel_time_sec": "654", "benchmark_travel_time_sec": "550"}, {"dep_dt": "1453251606", "route_id": "Red", "arr_dt": "1453252232", "direction": "0", "travel_time_sec": "626", "benchmark_travel_time_sec": "550"}, {"dep_dt": "1453251795", "route_id": "Red", "arr_dt": "1453252421", "direction": "0", "travel_time_sec": "626", "benchmark_travel_time_sec": "550"}, {"dep_dt": "1453252086", "route_id": "Red", "arr_dt": "1453252613", "direction": "0", "travel_time_sec": "527", "benchmark_travel_time_sec": "550"}, {"dep_dt": "1453252248", "route_id": "Red", "arr_dt": "1453252852", "direction": "0", "travel_time_sec": "604", "benchmark_travel_time_sec": "550"}, {"dep_dt": "1453252490", "route_id": "Red", "arr_dt": "1453253029", "direction": "0", "travel_time_sec": "539", "benchmark_travel_time_sec": "550"}, {"dep_dt": "1453252839", "route_id": "Red", "arr_dt": "1453253485", "direction": "0", "travel_time_sec": "646", "benchmark_travel_time_sec": "540"}, {"dep_dt": "1453253177", "route_id": "Red", "arr_dt": "1453253730", "direction": "0", "travel_time_sec": "553", "benchmark_travel_time_sec": "540"}, {"dep_dt": "1453253366", "route_id": "Red", "arr_dt": "1453253904", "direction": "0", "travel_time_sec": "538", "benchmark_travel_time_sec": "540"}, {"dep_dt": "1453253696", "route_id": "Red", "arr_dt": "1453254245", "direction": "0", "travel_time_sec": "549", "benchmark_travel_time_sec": "540"}, {"dep_dt": "1453254018", "route_id": "Red", "arr_dt": "1453254623", "direction": "0", "travel_time_sec": "605", "benchmark_travel_time_sec": "540"}, {"dep_dt": "1453254400", "route_id": "Red", "arr_dt": "1453254987", "direction": "0", "travel_time_sec": "587", "benchmark_travel_time_sec": "540"}, {"dep_dt": "1453254584", "route_id": "Red", "arr_dt": "1453255180", "direction": "0", "travel_time_sec": "596", "benchmark_travel_time_sec": "540"}, {"dep_dt": "1453254979", "route_id": "Red", "arr_dt": "1453255540", "direction": "0", "travel_time_sec": "561", "benchmark_travel_time_sec": "540"}, {"dep_dt": "1453255375", "route_id": "Red", "arr_dt": "1453255947", "direction": "0", "travel_time_sec": "572", "benchmark_travel_time_sec": "540"}, {"dep_dt": "1453255576", "route_id": "Red", "arr_dt": "1453256120", "direction": "0", "travel_time_sec": "544", "benchmark_travel_time_sec": "540"}, {"dep_dt": "1453255936", "route_id": "Red", "arr_dt": "1453256502", "direction": "0", "travel_time_sec": "566", "benchmark_travel_time_sec": "540"}, {"dep_dt": "1453256206", "route_id": "Red", "arr_dt": "1453256747", "direction": "0", "travel_time_sec": "541", "benchmark_travel_time_sec": "540"}, {"dep_dt": "1453256593", "route_id": "Red", "arr_dt": "1453257179", "direction": "0", "travel_time_sec": "586", "benchmark_travel_time_sec": "540"}, {"dep_dt": "1453257195", "route_id": "Red", "arr_dt": "1453257742", "direction": "0", "travel_time_sec": "547", "benchmark_travel_time_sec": "540"}, {"dep_dt": "1453257608", "route_id": "Red", "arr_dt": "1453258144", "direction": "0", "travel_time_sec": "536", "benchmark_travel_time_sec": "540"}, {"dep_dt": "1453257869", "route_id": "Red", "arr_dt": "1453258383", "direction": "0", "travel_time_sec": "514", "benchmark_travel_time_sec": "540"}, {"dep_dt": "1453258177", "route_id": "Red", "arr_dt": "1453258747", "direction": "0", "travel_time_sec": "570", "benchmark_travel_time_sec": "540"}, {"dep_dt": "1453258520", "route_id": "Red", "arr_dt": "1453259099", "direction": "0", "travel_time_sec": "579", "benchmark_travel_time_sec": "540"}, {"dep_dt": "1453258798", "route_id": "Red", "arr_dt": "1453259379", "direction": "0", "travel_time_sec": "581", "benchmark_travel_time_sec": "540"}, {"dep_dt": "1453258987", "route_id": "Red", "arr_dt": "1453259555", "direction": "0", "travel_time_sec": "568", "benchmark_travel_time_sec": "540"}, {"dep_dt": "1453259317", "route_id": "Red", "arr_dt": "1453259900", "direction": "0", "travel_time_sec": "583", "benchmark_travel_time_sec": "540"}, {"dep_dt": "1453259689", "route_id": "Red", "arr_dt": "1453260245", "direction": "0", "travel_time_sec": "556", "benchmark_travel_time_sec": "540"}, {"dep_dt": "1453260194", "route_id": "Red", "arr_dt": "1453260740", "direction": "0", "travel_time_sec": "546", "benchmark_travel_time_sec": "540"}, {"dep_dt": "1453260718", "route_id": "Red", "arr_dt": "1453261287", "direction": "0", "travel_time_sec": "569", "benchmark_travel_time_sec": "540"}, {"dep_dt": "1453261177", "route_id": "Red", "arr_dt": "1453261769", "direction": "0", "travel_time_sec": "592", "benchmark_travel_time_sec": "540"}, {"dep_dt": "1453261333", "route_id": "Red", "arr_dt": "1453261946", "direction": "0", "travel_time_sec": "613", "benchmark_travel_time_sec": "540"}, {"dep_dt": "1453261758", "route_id": "Red", "arr_dt": "1453262285", "direction": "0", "travel_time_sec": "527", "benchmark_travel_time_sec": "540"}, {"dep_dt": "1453262115", "route_id": "Red", "arr_dt": "1453262685", "direction": "0", "travel_time_sec": "570", "benchmark_travel_time_sec": "540"}, {"dep_dt": "1453262606", "route_id": "Red", "arr_dt": "1453263196", "direction": "0", "travel_time_sec": "590", "benchmark_travel_time_sec": "540"}, {"dep_dt": "1453262848", "route_id": "Red", "arr_dt": "1453263421", "direction": "0", "travel_time_sec": "573", "benchmark_travel_time_sec": "540"}, {"dep_dt": "1453263250", "route_id": "Red", "arr_dt": "1453263813", "direction": "0", "travel_time_sec": "563", "benchmark_travel_time_sec": "540"}, {"dep_dt": "1453263620", "route_id": "Red", "arr_dt": "1453264135", "direction": "0", "travel_time_sec": "515", "benchmark_travel_time_sec": "540"}, {"dep_dt": "1453263950", "route_id": "Red", "arr_dt": "1453264497", "direction": "0", "travel_time_sec": "547", "benchmark_travel_time_sec": "540"}, {"dep_dt": "1453264319", "route_id": "Red", "arr_dt": "1453264863", "direction": "0", "travel_time_sec": "544", "benchmark_travel_time_sec": "540"}, {"dep_dt": "1453264680", "route_id": "Red", "arr_dt": "1453265225", "direction": "0", "travel_time_sec": "545", "benchmark_travel_time_sec": "540"}, {"dep_dt": "1453265037", "route_id": "Red", "arr_dt": "1453265585", "direction": "0", "travel_time_sec": "548", "benchmark_travel_time_sec": "540"}, {"dep_dt": "1453265336", "route_id": "Red", "arr_dt": "1453265882", "direction": "0", "travel_time_sec": "546", "benchmark_travel_time_sec": "540"}]}