{"travel_times": [{"dep_dt": "1455080147", "route_id": "Red", "arr_dt": "1455080719", "direction": "0", "travel_time_sec": "572", "benchmark_travel_time_sec": "540"}, {"dep_dt": "1455080281", "route_id": "Red", "arr_dt": "1455080896", "direction": "0", "travel_time_sec": "615", "benchmark_travel_time_sec": "540"}, {"dep_dt": "1455080597", "route_id": "Red", "arr_dt": "1455081149", "direction": "0", "travel_time_sec": "552", "benchmark_travel_time_sec": "540"}, {"dep_dt": "1455081111", "route_id": "Red", "arr_dt": "1455081654", "direction": "0", "travel_time_sec": "543", "benchmark_travel_time_sec": "540"}, {"dep_dt": "1455081726", "route_id": "Red", "arr_dt": "1455082305", "direction": "0", "travel_time_sec": "579", "benchmark_travel_time_sec": "540"}, {"dep_dt": "1455081973", "route_id": "Red", "arr_dt": "1455082501", "direction": "0", "travel_time_sec": "528", "benchmark_travel_time_sec": "540"}, {"dep_dt": "1455082509", "route_id": "Red", "arr_dt": "1455083376", "direction": "0", "travel_time_sec": "867", "threshold_flag_1": "threshold_id_04", "benchmark_travel_time_sec": "540"}, {"dep_dt": "1455099837", "route_id": "Red", "arr_dt": "1455100372", "direction": "0", "travel_time_sec": "535", "benchmark_travel_time_sec": "540"}, {"dep_dt": "1455100421", "route_id": "Red", "arr_dt": "1455100987", "direction": "0", "travel_time_sec": "566", "benchmark_travel_time_sec": "540"}, {"dep_dt": "1455100707", "route_id": "Red", "arr_dt": "1455101267", "direction": "0", "travel_time_sec": "560", "benchmark_travel_time_sec": "540"}, {"dep_dt": "1455101192", "route_id": "Red", "arr_dt": "1455101730", "direction": "0", "travel_time_sec": "538", "benchmark_travel_time_sec": "540"}, {"dep_dt": "1455101618", "route_id": "Red", "arr_dt": "1455102159", "direction": "0", "travel_time_sec": "541", "benchmark_travel_time_sec": "540"}, {"dep_dt": "1455102128", "route_id": "Red", "arr_dt": "1455102694", "direction": "0", "travel_time_sec": "566", "benchmark_travel_time_sec": "540"}, {"dep_dt": "1455102570", "route_id": "Red", "arr_dt": "1455103137", "direction": "0", "travel_time_sec": "567", "benchmark_travel_time_sec": "540"}, {"dep_dt": "1455103173", "route_id": "Red", "arr_dt": "1455103757", "direction": "0", "travel_time_sec": "584", "benchmark_travel_time_sec": "540"}, {"dep_dt": "1455103358", "route_id": "Red", "arr_dt": "1455103929", "direction": "0", "travel_time_sec": "571", "benchmark_travel_time_sec": "540"}, {"dep_dt": "1455103536", "route_id": "Red", "arr_dt": "1455104094", "direction": "0", "travel_time_sec": "558", "benchmark_travel_time_sec": "540"}, {"dep_dt": "1455103976", "route_id": "Red", "arr_dt": "1455104549", "direction": "0", "travel_time_sec": "573", "benchmark_travel_time_sec": "540"}, {"dep_dt": "1455104329", "route_id": "Red", "arr_dt": "1455104906", "direction": "0", "travel_time_sec": "577", "benchmark_travel_time_sec": "540"}, {"dep_dt": "1455104666", "route_id": "Red", "arr_dt": "1455105248", "direction": "0", "travel_time_sec": "582", "benchmark_travel_time_sec": "540"}, {"dep_dt": "1455105062", "route_id": "Red", "arr_dt": "1455105649", "direction": "0", "travel_time_sec": "587", "benchmark_travel_time_sec": "651"}, {"dep_dt": "1455105344", "route_id": "Red", "arr_dt": "1455105923", "direction": "0", "travel_time_sec": "579", "benchmark_travel_time_sec": "651"}, {"dep_dt": "1455105579", "route_id": "Red", "arr_dt": "1455106205", "direction": "0", "travel_time_sec": "626", "benchmark_travel_time_sec": "651"}, {"dep_dt": "1455105825", "route_id": "Red", "arr_dt": "1455106396", "direction": "0", "travel_time_sec": "571", "benchmark_travel_time_sec": "651"}, {"dep_dt": "1455106008", "route_id": "Red", "arr_dt": "1455106582", "direction": "0", "travel_time_sec": "574", "benchmark_travel_time_sec": "651"}, {"dep_dt": "1455106308", "route_id": "Red", "arr_dt": "1455106905", "direction": "0", "travel_time_sec": "597", "benchmark_travel_time_sec": "651"}, {"dep_dt": "1455106563", "route_id": "Red", "arr_dt": "1455107258", "direction": "0", "travel_time_sec": "695", "benchmark_travel_time_sec": "651"}, {"dep_dt": "1455106878", "route_id": "Red", "arr_dt": "1455107511", "direction": "0", "travel_time_sec": "633", "benchmark_travel_time_sec": "660"}, {"dep_dt": "1455107366", "route_id": "Red", "arr_dt": "1455108008", "direction": "0", "travel_time_sec": "642", "benchmark_travel_time_sec": "660"}, {"dep_dt": "1455107505", "route_id": "Red", "arr_dt": "1455108214", "direction": "0", "travel_time_sec": "709", "benchmark_travel_time_sec": "660"}, {"dep_dt": "1455107664", "route_id": "Red", "arr_dt": "1455108459", "direction": "0", "travel_time_sec": "795", "benchmark_travel_time_sec": "660"}, {"dep_dt": "1455107816", "route_id": "Red", "arr_dt": "1455108626", "direction": "0", "travel_time_sec": "810", "benchmark_travel_time_sec": "660"}, {"dep_dt": "1455108035", "route_id": "Red", "arr_dt": "1455108861", "direction": "0", "travel_time_sec": "826", "benchmark_travel_time_sec": "660"}, {"dep_dt": "1455108227", "route_id": "Red", "arr_dt": "1455109051", "direction": "0", "travel_time_sec": "824", "benchmark_travel_time_sec": "660"}, {"dep_dt": "1455108501", "route_id": "Red", "arr_dt": "1455109226", "direction": "0", "travel_time_sec": "725", "benchmark_travel_time_sec": "660"}, {"dep_dt": "1455108636", "route_id": "Red", "arr_dt": "1455109437", "direction": "0", "travel_time_sec": "801", "benchmark_travel_time_sec": "660"}, {"dep_dt": "1455109046", "route_id": "Red", "arr_dt": "1455109735", "direction": "0", "travel_time_sec": "689", "benchmark_travel_time_sec": "660"}, {"dep_dt": "1455109216", "route_id": "Red", "arr_dt": "1455109931", "direction": "0", "travel_time_sec": "715", "benchmark_travel_time_sec": "660"}, {"dep_dt": "1455109397", "route_id": "Red", "arr_dt": "1455110441", "direction": "0", "threshold_flag_2": "threshold_id_05", "travel_time_sec": "1044", "threshold_flag_1": "threshold_id_04", "benchmark_travel_time_sec": "660"}, {"dep_dt": "1455109557", "route_id": "Red", "arr_dt": "1455110674", "direction": "0", "threshold_flag_2": "threshold_id_05", "travel_time_sec": "1117", "threshold_flag_1": "threshold_id_04", "benchmark_travel_time_sec": "660"}, {"dep_dt": "1455110063", "route_id": "Red", "arr_dt": "1455110876", "direction": "0", "travel_time_sec": "813", "benchmark_travel_time_sec": "660"}, {"dep_dt": "1455110263", "route_id": "Red", "arr_dt": "1455111144", "direction": "0", "travel_time_sec": "881", "threshold_flag_1": "threshold_id_04", "benchmark_travel_time_sec": "660"}, {"dep_dt": "1455110506", "route_id": "Red", "arr_dt": "1455111334", "direction": "0", "travel_time_sec": "828", "benchmark_travel_time_sec": "660"}, {"dep_dt": "1455110681", "route_id": "Red", "arr_dt": "1455111588", "direction": "0", "travel_time_sec": "907", "threshold_flag_1": "threshold_id_04", "benchmark_travel_time_sec": "660"}, {"dep_dt": "1455111018", "route_id": "Red", "arr_dt": "1455111788", "direction": "0", "travel_time_sec": "770", "benchmark_travel_time_sec": "660"}, {"dep_dt": "1455111346", "route_id": "Red", "arr_dt": "1455112099", "direction": "0", "travel_time_sec": "753", "benchmark_travel_time_sec": "660"}, {"dep_dt": "1455111544", "route_id": "Red", "arr_dt": "1455112325", "direction": "0", "travel_time_sec": "781", "benchmark_travel_time_sec": "660"}, {"dep_dt": "1455111785", "route_id": "Red", "arr_dt": "1455112550", "direction": "0", "travel_time_sec": "765", "benchmark_travel_time_sec": "660"}, {"dep_dt": "1455112080", "route_id": "Red", "arr_dt": "1455112770", "direction": "0", "travel_time_sec": "690", "benchmark_travel_time_sec": "660"}, {"dep_dt": "1455112247", "route_id": "Red", "arr_dt": "1455113002", "direction": "0", "travel_time_sec": "755", "benchmark_travel_time_sec": "660"}, {"dep_dt": "1455112566", "route_id": "Red", "arr_dt": "1455113229", "direction": "0", "travel_time_sec": "663", "benchmark_travel_time_sec": "660"}, {"dep_dt": "1455112848", "route_id": "Red", "arr_dt": "1455113473", "direction": "0", "travel_time_sec": "625", "benchmark_travel_time_sec": "660"}, {"dep_dt": "1455112999", "route_id": "Red", "arr_dt": "1455113673", "direction": "0", "travel_time_sec": "674", "benchmark_travel_time_sec": "660"}, {"dep_dt": "1455113356", "route_id": "Red", "arr_dt": "1455114022", "direction": "0", "travel_time_sec": "666", "benchmark_travel_time_sec": "660"}, {"dep_dt": "1455113706", "route_id": "Red", "arr_dt": "1455114427", "direction": "0", "travel_time_sec": "721", "benchmark_travel_time_sec": "660"}, {"dep_dt": "1455113858", "route_id": "Red", "arr_dt": "1455114614", "direction": "0", "travel_time_sec": "756", "benchmark_travel_time_sec": "615"}, {"dep_dt": "1455114316", "route_id": "Red", "arr_dt": "1455114979", "direction": "0", "travel_time_sec": "663", "benchmark_travel_time_sec": "615"}, {"dep_dt": "1455114509", "route_id": "Red", "arr_dt": "1455115175", "direction": "0", "travel_time_sec": "666", "benchmark_travel_time_sec": "615"}, {"dep_dt": "1455114887", "route_id": "Red", "arr_dt": "1455115537", "direction": "0", "travel_time_sec": "650", "benchmark_travel_time_sec": "615"}, {"dep_dt": "1455115073", "route_id": "Red", "arr_dt": "1455115754", "direction": "0", "travel_time_sec": "681", "benchmark_travel_time_sec": "615"}, {"dep_dt": "1455115242", "route_id": "Red", "arr_dt": "1455115918", "direction": "0", "travel_time_sec": "676", "benchmark_travel_time_sec": "615"}, {"dep_dt": "1455115381", "route_id": "Red", "arr_dt": "1455116085", "direction": "0", "travel_time_sec": "704", "benchmark_travel_time_sec": "615"}, {"dep_dt": "1455115704", "route_id": "Red", "arr_dt": "1455116332", "direction": "0", "travel_time_sec": "628", "benchmark_travel_time_sec": "615"}, {"dep_dt": "1455116171", "route_id": "Red", "arr_dt": "1455116715", "direction": "0", "travel_time_sec": "544", "benchmark_travel_time_sec": "600"}, {"dep_dt": "1455116358", "route_id": "Red", "arr_dt": "1455117003", "direction": "0", "travel_time_sec": "645", "benchmark_travel_time_sec": "600"}, {"dep_dt": "1455116656", "route_id": "Red", "arr_dt": "1455117262", "direction": "0", "travel_time_sec": "606", "benchmark_travel_time_sec": "600"}, {"dep_dt": "1455116839", "route_id": "Red", "arr_dt": "1455117427", "direction": "0", "travel_time_sec": "588", "benchmark_travel_time_sec": "600"}, {"dep_dt": "1455117027", "route_id": "Red", "arr_dt": "1455117613", "direction": "0", "travel_time_sec": "586", "benchmark_travel_time_sec": "600"}, {"dep_dt": "1455117187", "route_id": "Red", "arr_dt": "1455117788", "direction": "0", "travel_time_sec": "601", "benchmark_travel_time_sec": "600"}, {"dep_dt": "1455117448", "route_id": "Red", "arr_dt": "1455118000", "direction": "0", "travel_time_sec": "552", "benchmark_travel_time_sec": "600"}, {"dep_dt": "1455117611", "route_id": "Red", "arr_dt": "1455118165", "direction": "0", "travel_time_sec": "554", "benchmark_travel_time_sec": "600"}, {"dep_dt": "1455117909", "route_id": "Red", "arr_dt": "1455118456", "direction": "0", "travel_time_sec": "547", "benchmark_travel_time_sec": "600"}, {"dep_dt": "1455118146", "route_id": "Red", "arr_dt": "1455118714", "direction": "0", "travel_time_sec": "568", "benchmark_travel_time_sec": "600"}, {"dep_dt": "1455118528", "route_id": "Red", "arr_dt": "1455119154", "direction": "0", "travel_time_sec": "626", "benchmark_travel_time_sec": "600"}, {"dep_dt": "1455118693", "route_id": "Red", "arr_dt": "1455119325", "direction": "0", "travel_time_sec": "632", "benchmark_travel_time_sec": "600"}, {"dep_dt": "1455119165", "route_id": "Red", "arr_dt": "1455119768", "direction": "0", "travel_time_sec": "603", "benchmark_travel_time_sec": "600"}, {"dep_dt": "1455119426", "route_id": "Red", "arr_dt": "1455119980", "direction": "0", "travel_time_sec": "554", "benchmark_travel_time_sec": "600"}, {"dep_dt": "1455119773", "route_id": "Red", "arr_dt": "1455120327", "direction": "0", "travel_time_sec": "554", "benchmark_travel_time_sec": "600"}, {"dep_dt": "1455120187", "route_id": "Red", "arr_dt": "1455120896", "direction": "0", "travel_time_sec": "709", "benchmark_travel_time_sec": "600"}, {"dep_dt": "1455120845", "route_id": "Red", "arr_dt": "1455121426", "direction": "0", "travel_time_sec": "581", "benchmark_travel_time_sec": "600"}, {"dep_dt": "1455121103", "route_id": "Red", "arr_dt": "1455121644", "direction": "0", "travel_time_sec": "541", "benchmark_travel_time_sec": "600"}, {"dep_dt": "1455121925", "route_id": "Red", "arr_dt": "1455122480", "direction": "0", "travel_time_sec": "555", "benchmark_travel_time_sec": "600"}, {"dep_dt": "1455122347", "route_id": "Red", "arr_dt": "1455122937", "direction": "0", "travel_time_sec": "590", "benchmark_travel_time_sec": "600"}, {"dep_dt": "1455122693", "route_id": "Red", "arr_dt": "1455123267", "direction": "0", "travel_time_sec": "574", "benchmark_travel_time_sec": "600"}, {"dep_dt": "1455123200", "route_id": "Red", "arr_dt": "1455123806", "direction": "0", "travel_time_sec": "606", "benchmark_travel_time_sec": "600"}, {"dep_dt": "1455123499", "route_id": "Red", "arr_dt": "1455124052", "direction": "0", "travel_time_sec": "553", "benchmark_travel_time_sec": "600"}, {"dep_dt": "1455123958", "route_id": "Red", "arr_dt": "1455124600", "direction": "0", "travel_time_sec": "642", "benchmark_travel_time_sec": "600"}, {"dep_dt": "1455124408", "route_id": "Red", "arr_dt": "1455124969", "direction": "0", "travel_time_sec": "561", "benchmark_travel_time_sec": "600"}, {"dep_dt": "1455124764", "route_id": "Red", "arr_dt": "1455125305", "direction": "0", "travel_time_sec": "541", "benchmark_travel_time_sec": "600"}, {"dep_dt": "1455125229", "route_id": "Red", "arr_dt": "1455125804", "direction": "0", "travel_time_sec": "575", "benchmark_travel_time_sec": "600"}, {"dep_dt": "1455125564", "route_id": "Red", "arr_dt": "1455126123", "direction": "0", "travel_time_sec": "559", "benchmark_travel_time_sec": "600"}, {"dep_dt": "1455126066", "route_id": "Red", "arr_dt": "1455126615", "direction": "0", "travel_time_sec": "549", "benchmark_travel_time_sec": "600"}, {"dep_dt": "1455126500", "route_id": "Red", "arr_dt": "1455127091", "direction": "0", "travel_time_sec": "591", "benchmark_travel_time_sec": "600"}, {"dep_dt": "1455126913", "route_id": "Red", "arr_dt": "1455127473", "direction": "0", "travel_time_sec": "560", "benchmark_travel_time_sec": "600"}, {"dep_dt": "1455127346", "route_id": "Red", "arr_dt": "1455127915", "direction": "0", "travel_time_sec": "569", "benchmark_travel_time_sec": "600"}, {"dep_dt": "1455127766", "route_id": "Red", "arr_dt": "1455128365", "direction": "0", "travel_time_sec": "599", "benchmark_travel_time_sec": "600"}, {"dep_dt": "1455127914", "route_id": "Red", "arr_dt": "1455128571", "direction": "0", "travel_time_sec": "657", "benchmark_travel_time_sec": "600"}, {"dep_dt": "1455128497", "route_id": "Red", "arr_dt": "1455129051", "direction": "0", "travel_time_sec": "554", "benchmark_travel_time_sec": "600"}, {"dep_dt": "1455128845", "route_id": "Red", "arr_dt": "1455129428", "direction": "0", "travel_time_sec": "583", "benchmark_travel_time_sec": "600"}, {"dep_dt": "1455129217", "route_id": "Red", "arr_dt": "1455129790", "direction": "0", "travel_time_sec": "573", "benchmark_travel_time_sec": "600"}, {"dep_dt": "1455129836", "route_id": "Red", "arr_dt": "1455130427", "direction": "0", "travel_time_sec": "591", "benchmark_travel_time_sec": "600"}, {"dep_dt": "1455130134", "route_id": "Red", "arr_dt": "1455130727", "direction": "0", "travel_time_sec": "593", "benchmark_travel_time_sec": "600"}, {"dep_dt": "1455130628", "route_id": "Red", "arr_dt": "1455131230", "direction": "0", "travel_time_sec": "602", "benchmark_travel_time_sec": "600"}, {"dep_dt": "1455130953", "route_id": "Red", "arr_dt": "1455131498", "direction": "0", "travel_time_sec": "545", "benchmark_travel_time_sec": "600"}, {"dep_dt": "1455131393", "route_id": "Red", "arr_dt": "1455131925", "direction": "0", "travel_time_sec": "532", "benchmark_travel_time_sec": "600"}, {"dep_dt": "1455131795", "route_id": "Red", "arr_dt": "1455132408", "direction": "0", "travel_time_sec": "613", "benchmark_travel_time_sec": "600"}, {"dep_dt": "1455132374", "route_id": "Red", "arr_dt": "1455132965", "direction": "0", "travel_time_sec": "591", "benchmark_travel_time_sec": "600"}, {"dep_dt": "1455132607", "route_id": "Red", "arr_dt": "1455133197", "direction": "0", "travel_time_sec": "590", "benchmark_travel_time_sec": "600"}, {"dep_dt": "1455133007", "route_id": "Red", "arr_dt": "1455133573", "direction": "0", "travel_time_sec": "566", "benchmark_travel_time_sec": "600"}, {"dep_dt": "1455133448", "route_id": "Red", "arr_dt": "1455134031", "direction": "0", "travel_time_sec": "583", "benchmark_travel_time_sec": "600"}, {"dep_dt": "1455133880", "route_id": "Red", "arr_dt": "1455134461", "direction": "0", "travel_time_sec": "581", "benchmark_travel_time_sec": "600"}, {"dep_dt": "1455134246", "route_id": "Red", "arr_dt": "1455134833", "direction": "0", "travel_time_sec": "587", "benchmark_travel_time_sec": "600"}, {"dep_dt": "1455134656", "route_id": "Red", "arr_dt": "1455135250", "direction": "0", "travel_time_sec": "594", "benchmark_travel_time_sec": "600"}, {"dep_dt": "1455135155", "route_id": "Red", "arr_dt": "1455135768", "direction": "0", "travel_time_sec": "613", "benchmark_travel_time_sec": "600"}, {"dep_dt": "1455135359", "route_id": "Red", "arr_dt": "1455135962", "direction": "0", "travel_time_sec": "603", "benchmark_travel_time_sec": "600"}, {"dep_dt": "1455135949", "route_id": "Red", "arr_dt": "1455136606", "direction": "0", "travel_time_sec": "657", "benchmark_travel_time_sec": "600"}, {"dep_dt": "1455136804", "route_id": "Red", "arr_dt": "1455137409", "direction": "0", "travel_time_sec": "605", "benchmark_travel_time_sec": "600"}, {"dep_dt": "1455137266", "route_id": "Red", "arr_dt": "1455137906", "direction": "0", "travel_time_sec": "640", "benchmark_travel_time_sec": "600"}, {"dep_dt": "1455137560", "route_id": "Red", "arr_dt": "1455138168", "direction": "0", "travel_time_sec": "608", "benchmark_travel_time_sec": "700"}, {"dep_dt": "1455137788", "route_id": "Red", "arr_dt": "1455138642", "direction": "0", "travel_time_sec": "854", "benchmark_travel_time_sec": "700"}, {"dep_dt": "1455138142", "route_id": "Red", "arr_dt": "1455138925", "direction": "0", "travel_time_sec": "783", "benchmark_travel_time_sec": "700"}, {"dep_dt": "1455138648", "route_id": "Red", "arr_dt": "1455139270", "direction": "0", "travel_time_sec": "622", "benchmark_travel_time_sec": "700"}, {"dep_dt": "1455139060", "route_id": "Red", "arr_dt": "1455139801", "direction": "0", "travel_time_sec": "741", "benchmark_travel_time_sec": "720"}, {"dep_dt": "1455139528", "route_id": "Red", "arr_dt": "1455140182", "direction": "0", "travel_time_sec": "654", "benchmark_travel_time_sec": "720"}, {"dep_dt": "1455139818", "route_id": "Red", "arr_dt": "1455140463", "direction": "0", "travel_time_sec": "645", "benchmark_travel_time_sec": "720"}, {"dep_dt": "1455139985", "route_id": "Red", "arr_dt": "1455140687", "direction": "0", "travel_time_sec": "702", "benchmark_travel_time_sec": "720"}, {"dep_dt": "1455140185", "route_id": "Red", "arr_dt": "1455140905", "direction": "0", "travel_time_sec": "720", "benchmark_travel_time_sec": "720"}, {"dep_dt": "1455140327", "route_id": "Red", "arr_dt": "1455141115", "direction": "0", "travel_time_sec": "788", "benchmark_travel_time_sec": "720"}, {"dep_dt": "1455140508", "route_id": "Red", "arr_dt": "1455141308", "direction": "0", "travel_time_sec": "800", "benchmark_travel_time_sec": "720"}, {"dep_dt": "1455140698", "route_id": "Red", "arr_dt": "1455141512", "direction": "0", "travel_time_sec": "814", "benchmark_travel_time_sec": "720"}, {"dep_dt": "1455141024", "route_id": "Red", "arr_dt": "1455141706", "direction": "0", "travel_time_sec": "682", "benchmark_travel_time_sec": "720"}, {"dep_dt": "1455141361", "route_id": "Red", "arr_dt": "1455142022", "direction": "0", "travel_time_sec": "661", "benchmark_travel_time_sec": "720"}, {"dep_dt": "1455141545", "route_id": "Red", "arr_dt": "1455142244", "direction": "0", "travel_time_sec": "699", "benchmark_travel_time_sec": "720"}, {"dep_dt": "1455141748", "route_id": "Red", "arr_dt": "1455142494", "direction": "0", "travel_time_sec": "746", "benchmark_travel_time_sec": "720"}, {"dep_dt": "1455142114", "route_id": "Red", "arr_dt": "1455142752", "direction": "0", "travel_time_sec": "638", "benchmark_travel_time_sec": "720"}, {"dep_dt": "1455142286", "route_id": "Red", "arr_dt": "1455142980", "direction": "0", "travel_time_sec": "694", "benchmark_travel_time_sec": "720"}, {"dep_dt": "1455142505", "route_id": "Red", "arr_dt": "1455143252", "direction": "0", "travel_time_sec": "747", "benchmark_travel_time_sec": "720"}, {"dep_dt": "1455142664", "route_id": "Red", "arr_dt": "1455143498", "direction": "0", "travel_time_sec": "834", "benchmark_travel_time_sec": "720"}, {"dep_dt": "1455143154", "route_id": "Red", "arr_dt": "1455143982", "direction": "0", "travel_time_sec": "828", "benchmark_travel_time_sec": "720"}, {"dep_dt": "1455143514", "route_id": "Red", "arr_dt": "1455144296", "direction": "0", "travel_time_sec": "782", "benchmark_travel_time_sec": "720"}, {"dep_dt": "1455143805", "route_id": "Red", "arr_dt": "1455144505", "direction": "0", "travel_time_sec": "700", "benchmark_travel_time_sec": "720"}, {"dep_dt": "1455143957", "route_id": "Red", "arr_dt": "1455144740", "direction": "0", "travel_time_sec": "783", "benchmark_travel_time_sec": "720"}, {"dep_dt": "1455144203", "route_id": "Red", "arr_dt": "1455144957", "direction": "0", "travel_time_sec": "754", "benchmark_travel_time_sec": "720"}, {"dep_dt": "1455144405", "route_id": "Red", "arr_dt": "1455145153", "direction": "0", "travel_time_sec": "748", "benchmark_travel_time_sec": "720"}, {"dep_dt": "1455144628", "route_id": "Red", "arr_dt": "1455145375", "direction": "0", "travel_time_sec": "747", "benchmark_travel_time_sec": "668"}, {"dep_dt": "1455144788", "route_id": "Red", "arr_dt": "1455145567", "direction": "0", "travel_time_sec": "779", "benchmark_travel_time_sec": "668"}, {"dep_dt": "1455145135", "route_id": "Red", "arr_dt": "1455145747", "direction": "0", "travel_time_sec": "612", "benchmark_travel_time_sec": "668"}, {"dep_dt": "1455145641", "route_id": "Red", "arr_dt": "1455146314", "direction": "0", "travel_time_sec": "673", "benchmark_travel_time_sec": "668"}, {"dep_dt": "1455146044", "route_id": "Red", "arr_dt": "1455146688", "direction": "0", "travel_time_sec": "644", "benchmark_travel_time_sec": "668"}, {"dep_dt": "1455146456", "route_id": "Red", "arr_dt": "1455147057", "direction": "0", "travel_time_sec": "601", "benchmark_travel_time_sec": "660"}, {"dep_dt": "1455146872", "route_id": "Red", "arr_dt": "1455147617", "direction": "0", "travel_time_sec": "745", "benchmark_travel_time_sec": "660"}, {"dep_dt": "1455147048", "route_id": "Red", "arr_dt": "1455147907", "direction": "0", "travel_time_sec": "859", "threshold_flag_1": "threshold_id_04", "benchmark_travel_time_sec": "660"}, {"dep_dt": "1455147207", "route_id": "Red", "arr_dt": "1455148158", "direction": "0", "travel_time_sec": "951", "threshold_flag_1": "threshold_id_04", "benchmark_travel_time_sec": "660"}, {"dep_dt": "1455147457", "route_id": "Red", "arr_dt": "1455148348", "direction": "0", "travel_time_sec": "891", "threshold_flag_1": "threshold_id_04", "benchmark_travel_time_sec": "660"}, {"dep_dt": "1455147623", "route_id": "Red", "arr_dt": "1455148537", "direction": "0", "travel_time_sec": "914", "threshold_flag_1": "threshold_id_04", "benchmark_travel_time_sec": "660"}, {"dep_dt": "1455147824", "route_id": "Red", "arr_dt": "1455148721", "direction": "0", "travel_time_sec": "897", "threshold_flag_1": "threshold_id_04", "benchmark_travel_time_sec": "660"}, {"dep_dt": "1455148132", "route_id": "Red", "arr_dt": "1455148913", "direction": "0", "travel_time_sec": "781", "benchmark_travel_time_sec": "660"}, {"dep_dt": "1455148427", "route_id": "Red", "arr_dt": "1455149094", "direction": "0", "travel_time_sec": "667", "benchmark_travel_time_sec": "660"}, {"dep_dt": "1455148606", "route_id": "Red", "arr_dt": "1455149270", "direction": "0", "travel_time_sec": "664", "benchmark_travel_time_sec": "660"}, {"dep_dt": "1455148905", "route_id": "Red", "arr_dt": "1455149506", "direction": "0", "travel_time_sec": "601", "benchmark_travel_time_sec": "660"}, {"dep_dt": "1455149096", "route_id": "Red", "arr_dt": "1455149702", "direction": "0", "travel_time_sec": "606", "benchmark_travel_time_sec": "660"}, {"dep_dt": "1455149368", "route_id": "Red", "arr_dt": "1455149987", "direction": "0", "travel_time_sec": "619", "benchmark_travel_time_sec": "660"}, {"dep_dt": "1455149537", "route_id": "Red", "arr_dt": "1455150164", "direction": "0", "travel_time_sec": "627", "benchmark_travel_time_sec": "660"}, {"dep_dt": "1455149737", "route_id": "Red", "arr_dt": "1455150340", "direction": "0", "travel_time_sec": "603", "benchmark_travel_time_sec": "660"}, {"dep_dt": "1455149975", "route_id": "Red", "arr_dt": "1455150556", "direction": "0", "travel_time_sec": "581", "benchmark_travel_time_sec": "660"}, {"dep_dt": "1455150254", "route_id": "Red", "arr_dt": "1455150839", "direction": "0", "travel_time_sec": "585", "benchmark_travel_time_sec": "660"}, {"dep_dt": "1455150418", "route_id": "Red", "arr_dt": "1455151021", "direction": "0", "travel_time_sec": "603", "benchmark_travel_time_sec": "660"}, {"dep_dt": "1455150706", "route_id": "Red", "arr_dt": "1455151267", "direction": "0", "travel_time_sec": "561", "benchmark_travel_time_sec": "660"}, {"dep_dt": "1455150848", "route_id": "Red", "arr_dt": "1455151465", "direction": "0", "travel_time_sec": "617", "benchmark_travel_time_sec": "660"}, {"dep_dt": "1455151113", "route_id": "Red", "arr_dt": "1455151668", "direction": "0", "travel_time_sec": "555", "benchmark_travel_time_sec": "660"}, {"dep_dt": "1455151277", "route_id": "Red", "arr_dt": "1455151839", "direction": "0", "travel_time_sec": "562", "benchmark_travel_time_sec": "660"}, {"dep_dt": "1455151541", "route_id": "Red", "arr_dt": "1455152093", "direction": "0", "travel_time_sec": "552", "benchmark_travel_time_sec": "660"}, {"dep_dt": "1455151699", "route_id": "Red", "arr_dt": "1455152280", "direction": "0", "travel_time_sec": "581", "benchmark_travel_time_sec": "660"}, {"dep_dt": "1455152195", "route_id": "Red", "arr_dt": "1455152779", "direction": "0", "travel_time_sec": "584", "benchmark_travel_time_sec": "550"}, {"dep_dt": "1455152539", "route_id": "Red", "arr_dt": "1455153068", "direction": "0", "travel_time_sec": "529", "benchmark_travel_time_sec": "550"}, {"dep_dt": "1455152998", "route_id": "Red", "arr_dt": "1455153575", "direction": "0", "travel_time_sec": "577", "benchmark_travel_time_sec": "550"}, {"dep_dt": "1455153507", "route_id": "Red", "arr_dt": "1455154063", "direction": "0", "travel_time_sec": "556", "benchmark_travel_time_sec": "550"}, {"dep_dt": "1455153818", "route_id": "Red", "arr_dt": "1455154384", "direction": "0", "travel_time_sec": "566", "benchmark_travel_time_sec": "540"}, {"dep_dt": "1455154206", "route_id": "Red", "arr_dt": "1455154806", "direction": "0", "travel_time_sec": "600", "benchmark_travel_time_sec": "540"}, {"dep_dt": "1455154529", "route_id": "Red", "arr_dt": "1455155073", "direction": "0", "travel_time_sec": "544", "benchmark_travel_time_sec": "540"}, {"dep_dt": "1455154820", "route_id": "Red", "arr_dt": "1455155478", "direction": "0", "travel_time_sec": "658", "benchmark_travel_time_sec": "540"}, {"dep_dt": "1455155055", "route_id": "Red", "arr_dt": "1455155666", "direction": "0", "travel_time_sec": "611", "benchmark_travel_time_sec": "540"}, {"dep_dt": "1455155334", "route_id": "Red", "arr_dt": "1455155964", "direction": "0", "travel_time_sec": "630", "benchmark_travel_time_sec": "540"}, {"dep_dt": "1455155729", "route_id": "Red", "arr_dt": "1455156263", "direction": "0", "travel_time_sec": "534", "benchmark_travel_time_sec": "540"}, {"dep_dt": "1455156228", "route_id": "Red", "arr_dt": "1455156837", "direction": "0", "travel_time_sec": "609", "benchmark_travel_time_sec": "540"}, {"dep_dt": "1455156399", "route_id": "Red", "arr_dt": "1455157042", "direction": "0", "travel_time_sec": "643", "benchmark_travel_time_sec": "540"}, {"dep_dt": "1455156708", "route_id": "Red", "arr_dt": "1455157296", "direction": "0", "travel_time_sec": "588", "benchmark_travel_time_sec": "540"}, {"dep_dt": "1455157068", "route_id": "Red", "arr_dt": "1455157641", "direction": "0", "travel_time_sec": "573", "benchmark_travel_time_sec": "540"}, {"dep_dt": "1455157335", "route_id": "Red", "arr_dt": "1455157881", "direction": "0", "travel_time_sec": "546", "benchmark_travel_time_sec": "540"}, {"dep_dt": "1455157725", "route_id": "Red", "arr_dt": "1455158305", "direction": "0", "travel_time_sec": "580", "benchmark_travel_time_sec": "540"}, {"dep_dt": "1455157889", "route_id": "Red", "arr_dt": "1455158503", "direction": "0", "travel_time_sec": "614", "benchmark_travel_time_sec": "540"}, {"dep_dt": "1455158298", "route_id": "Red", "arr_dt": "1455158863", "direction": "0", "travel_time_sec": "565", "benchmark_travel_time_sec": "540"}, {"dep_dt": "1455158851", "route_id": "Red", "arr_dt": "1455159400", "direction": "0", "travel_time_sec": "549", "benchmark_travel_time_sec": "540"}, {"dep_dt": "1455159263", "route_id": "Red", "arr_dt": "1455159813", "direction": "0", "travel_time_sec": "550", "benchmark_travel_time_sec": "540"}, {"dep_dt": "1455159997", "route_id": "Red", "arr_dt": "1455160580", "direction": "0", "travel_time_sec": "583", "benchmark_travel_time_sec": "540"}, {"dep_dt": "1455160233", "route_id": "Red", "arr_dt": "1455160774", "direction": "0", "travel_time_sec": "541", "benchmark_travel_time_sec": "540"}, {"dep_dt": "1455160392", "route_id": "Red", "arr_dt": "1455161046", "direction": "0", "travel_time_sec": "654", "benchmark_travel_time_sec": "540"}, {"dep_dt": "1455160935", "route_id": "Red", "arr_dt": "1455161490", "direction": "0", "travel_time_sec": "555", "benchmark_travel_time_sec": "540"}, {"dep_dt": "1455161447", "route_id": "Red", "arr_dt": "1455161999", "direction": "0", "travel_time_sec": "552", "benchmark_travel_time_sec": "540"}, {"dep_dt": "1455161742", "route_id": "Red", "arr_dt": "1455162298", "direction": "0", "travel_time_sec": "556", "benchmark_travel_time_sec": "540"}, {"dep_dt": "1455161955", "route_id": "Red", "arr_dt": "1455162533", "direction": "0", "travel_time_sec": "578", "benchmark_travel_time_sec": "540"}, {"dep_dt": "1455162312", "route_id": "Red", "arr_dt": "1455162817", "direction": "0", "travel_time_sec": "505", "benchmark_travel_time_sec": "540"}, {"dep_dt": "1455162838", "route_id": "Red", "arr_dt": "1455163478", "direction": "0", "travel_time_sec": "640", "benchmark_travel_time_sec": "540"}, {"dep_dt": "1455163006", "route_id": "Red", "arr_dt": "1455163684", "direction": "0", "travel_time_sec": "678", "benchmark_travel_time_sec": "540"}, {"dep_dt": "1455163656", "route_id": "Red", "arr_dt": "1455164248", "direction": "0", "travel_time_sec": "592", "benchmark_travel_time_sec": "540"}, {"dep_dt": "1455163873", "route_id": "Red", "arr_dt": "1455164422", "direction": "0", "travel_time_sec": "549", "benchmark_travel_time_sec": "540"}, {"dep_dt": "1455164272", "route_id": "Red", "arr_dt": "1455164918", "direction": "0", "travel_time_sec": "646", "benchmark_travel_time_sec": "540"}, {"dep_dt": "1455164694", "route_id": "Red", "arr_dt": "1455165245", "direction": "0", "travel_time_sec": "551", "benchmark_travel_time_sec": "540"}, {"dep_dt": "1455164844", "route_id": "Red", "arr_dt": "1455165570", "direction": "0", "travel_time_sec": "726", "threshold_flag_1": "threshold_id_04", "benchmark_travel_time_sec": "540"}, {"dep_dt": "1455165284", "route_id": "Red", "arr_dt": "1455165840", "direction": "0", "travel_time_sec": "556", "benchmark_travel_time_sec": "540"}, {"dep_dt": "1455165667", "route_id": "Red", "arr_dt": "1455166197", "direction": "0", "travel_time_sec": "530", "benchmark_travel_time_sec": "540"}, {"dep_dt": "1455166066", "route_id": "Red", "arr_dt": "1455166662", "direction": "0", "travel_time_sec": "596", "benchmark_travel_time_sec": "540"}]}