{"travel_times": [{"dep_dt": "1453438345", "route_id": "Red", "arr_dt": "1453438910", "direction": "0", "travel_time_sec": "565", "benchmark_travel_time_sec": "540"}, {"dep_dt": "1453438909", "route_id": "Red", "arr_dt": "1453439475", "direction": "0", "travel_time_sec": "566", "benchmark_travel_time_sec": "540"}, {"dep_dt": "1453439266", "route_id": "Red", "arr_dt": "1453439865", "direction": "0", "travel_time_sec": "599", "benchmark_travel_time_sec": "540"}, {"dep_dt": "1453439725", "route_id": "Red", "arr_dt": "1453440274", "direction": "0", "travel_time_sec": "549", "benchmark_travel_time_sec": "540"}, {"dep_dt": "1453440031", "route_id": "Red", "arr_dt": "1453440600", "direction": "0", "travel_time_sec": "569", "benchmark_travel_time_sec": "540"}, {"dep_dt": "1453440617", "route_id": "Red", "arr_dt": "1453441160", "direction": "0", "travel_time_sec": "543", "benchmark_travel_time_sec": "540"}, {"dep_dt": "1453441028", "route_id": "Red", "arr_dt": "1453441597", "direction": "0", "travel_time_sec": "569", "benchmark_travel_time_sec": "540"}, {"dep_dt": "1453458256", "route_id": "Red", "arr_dt": "1453458774", "direction": "0", "travel_time_sec": "518", "benchmark_travel_time_sec": "540"}, {"dep_dt": "1453458829", "route_id": "Red", "arr_dt": "1453459399", "direction": "0", "travel_time_sec": "570", "benchmark_travel_time_sec": "540"}, {"dep_dt": "1453459167", "route_id": "Red", "arr_dt": "1453459724", "direction": "0", "travel_time_sec": "557", "benchmark_travel_time_sec": "540"}, {"dep_dt": "1453459678", "route_id": "Red", "arr_dt": "1453460234", "direction": "0", "travel_time_sec": "556", "benchmark_travel_time_sec": "540"}, {"dep_dt": "1453460029", "route_id": "Red", "arr_dt": "1453460623", "direction": "0", "travel_time_sec": "594", "benchmark_travel_time_sec": "540"}, {"dep_dt": "1453460579", "route_id": "Red", "arr_dt": "1453461155", "direction": "0", "travel_time_sec": "576", "benchmark_travel_time_sec": "540"}, {"dep_dt": "1453460925", "route_id": "Red", "arr_dt": "1453461463", "direction": "0", "travel_time_sec": "538", "benchmark_travel_time_sec": "540"}, {"dep_dt": "1453461518", "route_id": "Red", "arr_dt": "1453462094", "direction": "0", "travel_time_sec": "576", "benchmark_travel_time_sec": "540"}, {"dep_dt": "1453461782", "route_id": "Red", "arr_dt": "1453462332", "direction": "0", "travel_time_sec": "550", "benchmark_travel_time_sec": "540"}, {"dep_dt": "1453462099", "route_id": "Red", "arr_dt": "1453462646", "direction": "0", "travel_time_sec": "547", "benchmark_travel_time_sec": "540"}, {"dep_dt": "1453462246", "route_id": "Red", "arr_dt": "1453463117", "direction": "0", "travel_time_sec": "871", "threshold_flag_1": "threshold_id_04", "benchmark_travel_time_sec": "540"}, {"dep_dt": "1453463078", "route_id": "Red", "arr_dt": "1453463719", "direction": "0", "travel_time_sec": "641", "benchmark_travel_time_sec": "540"}, {"dep_dt": "1453463274", "route_id": "Red", "arr_dt": "1453463905", "direction": "0", "travel_time_sec": "631", "benchmark_travel_time_sec": "540"}, {"dep_dt": "1453463423", "route_id": "Red", "arr_dt": "1453464110", "direction": "0", "travel_time_sec": "687", "benchmark_travel_time_sec": "651"}, {"dep_dt": "1453463648", "route_id": "Red", "arr_dt": "1453464292", "direction": "0", "travel_time_sec": "644", "benchmark_travel_time_sec": "651"}, {"dep_dt": "1453463839", "route_id": "Red", "arr_dt": "1453464472", "direction": "0", "travel_time_sec": "633", "benchmark_travel_time_sec": "651"}, {"dep_dt": "1453464276", "route_id": "Red", "arr_dt": "1453464816", "direction": "0", "travel_time_sec": "540", "benchmark_travel_time_sec": "651"}, {"dep_dt": "1453464527", "route_id": "Red", "arr_dt": "1453465087", "direction": "0", "travel_time_sec": "560", "benchmark_travel_time_sec": "651"}, {"dep_dt": "1453464781", "route_id": "Red", "arr_dt": "1453465338", "direction": "0", "travel_time_sec": "557", "benchmark_travel_time_sec": "651"}, {"dep_dt": "1453464975", "route_id": "Red", "arr_dt": "1453465590", "direction": "0", "travel_time_sec": "615", "benchmark_travel_time_sec": "651"}, {"dep_dt": "1453465388", "route_id": "Red", "arr_dt": "1453465969", "direction": "0", "travel_time_sec": "581", "benchmark_travel_time_sec": "660"}, {"dep_dt": "1453465775", "route_id": "Red", "arr_dt": "1453466429", "direction": "0", "travel_time_sec": "654", "benchmark_travel_time_sec": "660"}, {"dep_dt": "1453466017", "route_id": "Red", "arr_dt": "1453466663", "direction": "0", "travel_time_sec": "646", "benchmark_travel_time_sec": "660"}, {"dep_dt": "1453466196", "route_id": "Red", "arr_dt": "1453466857", "direction": "0", "travel_time_sec": "661", "benchmark_travel_time_sec": "660"}, {"dep_dt": "1453466389", "route_id": "Red", "arr_dt": "1453467044", "direction": "0", "travel_time_sec": "655", "benchmark_travel_time_sec": "660"}, {"dep_dt": "1453466544", "route_id": "Red", "arr_dt": "1453467230", "direction": "0", "travel_time_sec": "686", "benchmark_travel_time_sec": "660"}, {"dep_dt": "1453466817", "route_id": "Red", "arr_dt": "1453467441", "direction": "0", "travel_time_sec": "624", "benchmark_travel_time_sec": "660"}, {"dep_dt": "1453467191", "route_id": "Red", "arr_dt": "1453467787", "direction": "0", "travel_time_sec": "596", "benchmark_travel_time_sec": "660"}, {"dep_dt": "1453467395", "route_id": "Red", "arr_dt": "1453467995", "direction": "0", "travel_time_sec": "600", "benchmark_travel_time_sec": "660"}, {"dep_dt": "1453467562", "route_id": "Red", "arr_dt": "1453468199", "direction": "0", "travel_time_sec": "637", "benchmark_travel_time_sec": "660"}, {"dep_dt": "1453467829", "route_id": "Red", "arr_dt": "1453468460", "direction": "0", "travel_time_sec": "631", "benchmark_travel_time_sec": "660"}, {"dep_dt": "1453467985", "route_id": "Red", "arr_dt": "1453468650", "direction": "0", "travel_time_sec": "665", "benchmark_travel_time_sec": "660"}, {"dep_dt": "1453468276", "route_id": "Red", "arr_dt": "1453468876", "direction": "0", "travel_time_sec": "600", "benchmark_travel_time_sec": "660"}, {"dep_dt": "1453468447", "route_id": "Red", "arr_dt": "1453469071", "direction": "0", "travel_time_sec": "624", "benchmark_travel_time_sec": "660"}, {"dep_dt": "1453468677", "route_id": "Red", "arr_dt": "1453469318", "direction": "0", "travel_time_sec": "641", "benchmark_travel_time_sec": "660"}, {"dep_dt": "1453468907", "route_id": "Red", "arr_dt": "1453469733", "direction": "0", "travel_time_sec": "826", "benchmark_travel_time_sec": "660"}, {"dep_dt": "1453469359", "route_id": "Red", "arr_dt": "1453470069", "direction": "0", "travel_time_sec": "710", "benchmark_travel_time_sec": "660"}, {"dep_dt": "1453469585", "route_id": "Red", "arr_dt": "1453470277", "direction": "0", "travel_time_sec": "692", "benchmark_travel_time_sec": "660"}, {"dep_dt": "1453469869", "route_id": "Red", "arr_dt": "1453470564", "direction": "0", "travel_time_sec": "695", "benchmark_travel_time_sec": "660"}, {"dep_dt": "1453470024", "route_id": "Red", "arr_dt": "1453470775", "direction": "0", "travel_time_sec": "751", "benchmark_travel_time_sec": "660"}, {"dep_dt": "1453470477", "route_id": "Red", "arr_dt": "1453471210", "direction": "0", "travel_time_sec": "733", "benchmark_travel_time_sec": "660"}, {"dep_dt": "1453470676", "route_id": "Red", "arr_dt": "1453471418", "direction": "0", "travel_time_sec": "742", "benchmark_travel_time_sec": "660"}, {"dep_dt": "1453470897", "route_id": "Red", "arr_dt": "1453471626", "direction": "0", "travel_time_sec": "729", "benchmark_travel_time_sec": "660"}, {"dep_dt": "1453471090", "route_id": "Red", "arr_dt": "1453471802", "direction": "0", "travel_time_sec": "712", "benchmark_travel_time_sec": "660"}, {"dep_dt": "1453471358", "route_id": "Red", "arr_dt": "1453471984", "direction": "0", "travel_time_sec": "626", "benchmark_travel_time_sec": "660"}, {"dep_dt": "1453471683", "route_id": "Red", "arr_dt": "1453472351", "direction": "0", "travel_time_sec": "668", "benchmark_travel_time_sec": "660"}, {"dep_dt": "1453472067", "route_id": "Red", "arr_dt": "1453472755", "direction": "0", "travel_time_sec": "688", "benchmark_travel_time_sec": "660"}, {"dep_dt": "1453472229", "route_id": "Red", "arr_dt": "1453472973", "direction": "0", "travel_time_sec": "744", "benchmark_travel_time_sec": "660"}, {"dep_dt": "1453472403", "route_id": "Red", "arr_dt": "1453473177", "direction": "0", "travel_time_sec": "774", "benchmark_travel_time_sec": "615"}, {"dep_dt": "1453472559", "route_id": "Red", "arr_dt": "1453473352", "direction": "0", "travel_time_sec": "793", "benchmark_travel_time_sec": "615"}, {"dep_dt": "1453472901", "route_id": "Red", "arr_dt": "1453473528", "direction": "0", "travel_time_sec": "627", "benchmark_travel_time_sec": "615"}, {"dep_dt": "1453473064", "route_id": "Red", "arr_dt": "1453473721", "direction": "0", "travel_time_sec": "657", "benchmark_travel_time_sec": "615"}, {"dep_dt": "1453473288", "route_id": "Red", "arr_dt": "1453473906", "direction": "0", "travel_time_sec": "618", "benchmark_travel_time_sec": "615"}, {"dep_dt": "1453473464", "route_id": "Red", "arr_dt": "1453474085", "direction": "0", "travel_time_sec": "621", "benchmark_travel_time_sec": "615"}, {"dep_dt": "1453473726", "route_id": "Red", "arr_dt": "1453474297", "direction": "0", "travel_time_sec": "571", "benchmark_travel_time_sec": "615"}, {"dep_dt": "1453473878", "route_id": "Red", "arr_dt": "1453474482", "direction": "0", "travel_time_sec": "604", "benchmark_travel_time_sec": "615"}, {"dep_dt": "1453474217", "route_id": "Red", "arr_dt": "1453474949", "direction": "0", "travel_time_sec": "732", "benchmark_travel_time_sec": "600"}, {"dep_dt": "1453474423", "route_id": "Red", "arr_dt": "1453475116", "direction": "0", "travel_time_sec": "693", "benchmark_travel_time_sec": "600"}, {"dep_dt": "1453474671", "route_id": "Red", "arr_dt": "1453475311", "direction": "0", "travel_time_sec": "640", "benchmark_travel_time_sec": "600"}, {"dep_dt": "1453474833", "route_id": "Red", "arr_dt": "1453475494", "direction": "0", "travel_time_sec": "661", "benchmark_travel_time_sec": "600"}, {"dep_dt": "1453475072", "route_id": "Red", "arr_dt": "1453475699", "direction": "0", "travel_time_sec": "627", "benchmark_travel_time_sec": "600"}, {"dep_dt": "1453475726", "route_id": "Red", "arr_dt": "1453476309", "direction": "0", "travel_time_sec": "583", "benchmark_travel_time_sec": "600"}, {"dep_dt": "1453475877", "route_id": "Red", "arr_dt": "1453476482", "direction": "0", "travel_time_sec": "605", "benchmark_travel_time_sec": "600"}, {"dep_dt": "1453476121", "route_id": "Red", "arr_dt": "1453476726", "direction": "0", "travel_time_sec": "605", "benchmark_travel_time_sec": "600"}, {"dep_dt": "1453476496", "route_id": "Red", "arr_dt": "1453477144", "direction": "0", "travel_time_sec": "648", "benchmark_travel_time_sec": "600"}, {"dep_dt": "1453476879", "route_id": "Red", "arr_dt": "1453477618", "direction": "0", "travel_time_sec": "739", "benchmark_travel_time_sec": "600"}, {"dep_dt": "1453477477", "route_id": "Red", "arr_dt": "1453478115", "direction": "0", "travel_time_sec": "638", "benchmark_travel_time_sec": "600"}, {"dep_dt": "1453477667", "route_id": "Red", "arr_dt": "1453478298", "direction": "0", "travel_time_sec": "631", "benchmark_travel_time_sec": "600"}, {"dep_dt": "1453478122", "route_id": "Red", "arr_dt": "1453478737", "direction": "0", "travel_time_sec": "615", "benchmark_travel_time_sec": "600"}, {"dep_dt": "1453478268", "route_id": "Red", "arr_dt": "1453478905", "direction": "0", "travel_time_sec": "637", "benchmark_travel_time_sec": "600"}, {"dep_dt": "1453478647", "route_id": "Red", "arr_dt": "1453479184", "direction": "0", "travel_time_sec": "537", "benchmark_travel_time_sec": "600"}, {"dep_dt": "1453479054", "route_id": "Red", "arr_dt": "1453479588", "direction": "0", "travel_time_sec": "534", "benchmark_travel_time_sec": "600"}, {"dep_dt": "1453479186", "route_id": "Red", "arr_dt": "1453479749", "direction": "0", "travel_time_sec": "563", "benchmark_travel_time_sec": "600"}, {"dep_dt": "1453479593", "route_id": "Red", "arr_dt": "1453480193", "direction": "0", "travel_time_sec": "600", "benchmark_travel_time_sec": "600"}, {"dep_dt": "1453480217", "route_id": "Red", "arr_dt": "1453480802", "direction": "0", "travel_time_sec": "585", "benchmark_travel_time_sec": "600"}, {"dep_dt": "1453480536", "route_id": "Red", "arr_dt": "1453481095", "direction": "0", "travel_time_sec": "559", "benchmark_travel_time_sec": "600"}, {"dep_dt": "1453481268", "route_id": "Red", "arr_dt": "1453481905", "direction": "0", "travel_time_sec": "637", "benchmark_travel_time_sec": "600"}, {"dep_dt": "1453481459", "route_id": "Red", "arr_dt": "1453482076", "direction": "0", "travel_time_sec": "617", "benchmark_travel_time_sec": "600"}, {"dep_dt": "1453482045", "route_id": "Red", "arr_dt": "1453482650", "direction": "0", "travel_time_sec": "605", "benchmark_travel_time_sec": "600"}, {"dep_dt": "1453482447", "route_id": "Red", "arr_dt": "1453483020", "direction": "0", "travel_time_sec": "573", "benchmark_travel_time_sec": "600"}, {"dep_dt": "1453483307", "route_id": "Red", "arr_dt": "1453483863", "direction": "0", "travel_time_sec": "556", "benchmark_travel_time_sec": "600"}, {"dep_dt": "1453483712", "route_id": "Red", "arr_dt": "1453484306", "direction": "0", "travel_time_sec": "594", "benchmark_travel_time_sec": "600"}, {"dep_dt": "1453484110", "route_id": "Red", "arr_dt": "1453484734", "direction": "0", "travel_time_sec": "624", "benchmark_travel_time_sec": "600"}, {"dep_dt": "1453484415", "route_id": "Red", "arr_dt": "1453484984", "direction": "0", "travel_time_sec": "569", "benchmark_travel_time_sec": "600"}, {"dep_dt": "1453484965", "route_id": "Red", "arr_dt": "1453485554", "direction": "0", "travel_time_sec": "589", "benchmark_travel_time_sec": "600"}, {"dep_dt": "1453485263", "route_id": "Red", "arr_dt": "1453485826", "direction": "0", "travel_time_sec": "563", "benchmark_travel_time_sec": "600"}, {"dep_dt": "1453485832", "route_id": "Red", "arr_dt": "1453486463", "direction": "0", "travel_time_sec": "631", "benchmark_travel_time_sec": "600"}, {"dep_dt": "1453486135", "route_id": "Red", "arr_dt": "1453486711", "direction": "0", "travel_time_sec": "576", "benchmark_travel_time_sec": "600"}, {"dep_dt": "1453486440", "route_id": "Red", "arr_dt": "1453487017", "direction": "0", "travel_time_sec": "577", "benchmark_travel_time_sec": "600"}, {"dep_dt": "1453486998", "route_id": "Red", "arr_dt": "1453487601", "direction": "0", "travel_time_sec": "603", "benchmark_travel_time_sec": "600"}, {"dep_dt": "1453487251", "route_id": "Red", "arr_dt": "1453487812", "direction": "0", "travel_time_sec": "561", "benchmark_travel_time_sec": "600"}, {"dep_dt": "1453487784", "route_id": "Red", "arr_dt": "1453488344", "direction": "0", "travel_time_sec": "560", "benchmark_travel_time_sec": "600"}, {"dep_dt": "1453488263", "route_id": "Red", "arr_dt": "1453488823", "direction": "0", "travel_time_sec": "560", "benchmark_travel_time_sec": "600"}, {"dep_dt": "1453488748", "route_id": "Red", "arr_dt": "1453489303", "direction": "0", "travel_time_sec": "555", "benchmark_travel_time_sec": "600"}, {"dep_dt": "1453488946", "route_id": "Red", "arr_dt": "1453489514", "direction": "0", "travel_time_sec": "568", "benchmark_travel_time_sec": "600"}, {"dep_dt": "1453489466", "route_id": "Red", "arr_dt": "1453489912", "direction": "0", "travel_time_sec": "446", "benchmark_travel_time_sec": "600"}, {"dep_dt": "1453489679", "route_id": "Red", "arr_dt": "1453490238", "direction": "0", "travel_time_sec": "559", "benchmark_travel_time_sec": "600"}, {"dep_dt": "1453490308", "route_id": "Red", "arr_dt": "1453490873", "direction": "0", "travel_time_sec": "565", "benchmark_travel_time_sec": "600"}, {"dep_dt": "1453490705", "route_id": "Red", "arr_dt": "1453491326", "direction": "0", "travel_time_sec": "621", "benchmark_travel_time_sec": "600"}, {"dep_dt": "1453491196", "route_id": "Red", "arr_dt": "1453491821", "direction": "0", "travel_time_sec": "625", "benchmark_travel_time_sec": "600"}, {"dep_dt": "1453491548", "route_id": "Red", "arr_dt": "1453492147", "direction": "0", "travel_time_sec": "599", "benchmark_travel_time_sec": "600"}, {"dep_dt": "1453491977", "route_id": "Red", "arr_dt": "1453492552", "direction": "0", "travel_time_sec": "575", "benchmark_travel_time_sec": "600"}, {"dep_dt": "1453492806", "route_id": "Red", "arr_dt": "1453493402", "direction": "0", "travel_time_sec": "596", "benchmark_travel_time_sec": "600"}, {"dep_dt": "1453493158", "route_id": "Red", "arr_dt": "1453493720", "direction": "0", "travel_time_sec": "562", "benchmark_travel_time_sec": "600"}, {"dep_dt": "1453493701", "route_id": "Red", "arr_dt": "1453494277", "direction": "0", "travel_time_sec": "576", "benchmark_travel_time_sec": "600"}, {"dep_dt": "1453493945", "route_id": "Red", "arr_dt": "1453494531", "direction": "0", "travel_time_sec": "586", "benchmark_travel_time_sec": "600"}, {"dep_dt": "1453494315", "route_id": "Red", "arr_dt": "1453494910", "direction": "0", "travel_time_sec": "595", "benchmark_travel_time_sec": "600"}, {"dep_dt": "1453494685", "route_id": "Red", "arr_dt": "1453495337", "direction": "0", "travel_time_sec": "652", "benchmark_travel_time_sec": "600"}, {"dep_dt": "1453494919", "route_id": "Red", "arr_dt": "1453495540", "direction": "0", "travel_time_sec": "621", "benchmark_travel_time_sec": "600"}, {"dep_dt": "1453495319", "route_id": "Red", "arr_dt": "1453495786", "direction": "0", "travel_time_sec": "467", "benchmark_travel_time_sec": "600"}, {"dep_dt": "1453495557", "route_id": "Red", "arr_dt": "1453496146", "direction": "0", "travel_time_sec": "589", "benchmark_travel_time_sec": "600"}, {"dep_dt": "1453495968", "route_id": "Red", "arr_dt": "1453496575", "direction": "0", "travel_time_sec": "607", "benchmark_travel_time_sec": "700"}, {"dep_dt": "1453496345", "route_id": "Red", "arr_dt": "1453496998", "direction": "0", "travel_time_sec": "653", "benchmark_travel_time_sec": "700"}, {"dep_dt": "1453496584", "route_id": "Red", "arr_dt": "1453497293", "direction": "0", "travel_time_sec": "709", "benchmark_travel_time_sec": "700"}, {"dep_dt": "1453496986", "route_id": "Red", "arr_dt": "1453497583", "direction": "0", "travel_time_sec": "597", "benchmark_travel_time_sec": "700"}, {"dep_dt": "1453497139", "route_id": "Red", "arr_dt": "1453497786", "direction": "0", "travel_time_sec": "647", "benchmark_travel_time_sec": "700"}, {"dep_dt": "1453497445", "route_id": "Red", "arr_dt": "1453498009", "direction": "0", "travel_time_sec": "564", "benchmark_travel_time_sec": "700"}, {"dep_dt": "1453498116", "route_id": "Red", "arr_dt": "1453498766", "direction": "0", "travel_time_sec": "650", "benchmark_travel_time_sec": "720"}, {"dep_dt": "1453498560", "route_id": "Red", "arr_dt": "1453499200", "direction": "0", "travel_time_sec": "640", "benchmark_travel_time_sec": "720"}, {"dep_dt": "1453498746", "route_id": "Red", "arr_dt": "1453499397", "direction": "0", "travel_time_sec": "651", "benchmark_travel_time_sec": "720"}, {"dep_dt": "1453499267", "route_id": "Red", "arr_dt": "1453500020", "direction": "0", "travel_time_sec": "753", "benchmark_travel_time_sec": "720"}, {"dep_dt": "1453499425", "route_id": "Red", "arr_dt": "1453500266", "direction": "0", "travel_time_sec": "841", "benchmark_travel_time_sec": "720"}, {"dep_dt": "1453499662", "route_id": "Red", "arr_dt": "1453500624", "direction": "0", "travel_time_sec": "962", "threshold_flag_1": "threshold_id_04", "benchmark_travel_time_sec": "720"}, {"dep_dt": "1453499811", "route_id": "Red", "arr_dt": "1453501011", "direction": "0", "threshold_flag_2": "threshold_id_05", "travel_time_sec": "1200", "threshold_flag_1": "threshold_id_04", "benchmark_travel_time_sec": "720"}, {"dep_dt": "1453499959", "route_id": "Red", "arr_dt": "1453501249", "direction": "0", "threshold_flag_2": "threshold_id_05", "travel_time_sec": "1290", "threshold_flag_1": "threshold_id_04", "benchmark_travel_time_sec": "720"}, {"dep_dt": "1453500304", "route_id": "Red", "arr_dt": "1453501496", "direction": "0", "threshold_flag_2": "threshold_id_05", "travel_time_sec": "1192", "threshold_flag_1": "threshold_id_04", "benchmark_travel_time_sec": "720"}, {"dep_dt": "1453500506", "route_id": "Red", "arr_dt": "1453501692", "direction": "0", "threshold_flag_2": "threshold_id_05", "travel_time_sec": "1186", "threshold_flag_1": "threshold_id_04", "benchmark_travel_time_sec": "720"}, {"dep_dt": "1453500665", "route_id": "Red", "arr_dt": "1453501915", "direction": "0", "threshold_flag_2": "threshold_id_05", "travel_time_sec": "1250", "threshold_flag_1": "threshold_id_04", "benchmark_travel_time_sec": "720"}, {"dep_dt": "1453500843", "route_id": "Red", "arr_dt": "1453502156", "direction": "0", "threshold_flag_2": "threshold_id_05", "travel_time_sec": "1313", "threshold_flag_1": "threshold_id_04", "benchmark_travel_time_sec": "720"}, {"dep_dt": "1453501286", "route_id": "Red", "arr_dt": "1453502414", "direction": "0", "threshold_flag_2": "threshold_id_05", "travel_time_sec": "1128", "threshold_flag_1": "threshold_id_04", "benchmark_travel_time_sec": "720"}, {"dep_dt": "1453501664", "route_id": "Red", "arr_dt": "1453502647", "direction": "0", "travel_time_sec": "983", "threshold_flag_1": "threshold_id_04", "benchmark_travel_time_sec": "720"}, {"dep_dt": "1453501895", "route_id": "Red", "arr_dt": "1453502887", "direction": "0", "travel_time_sec": "992", "threshold_flag_1": "threshold_id_04", "benchmark_travel_time_sec": "720"}, {"dep_dt": "1453502054", "route_id": "Red", "arr_dt": "1453503103", "direction": "0", "travel_time_sec": "1049", "threshold_flag_1": "threshold_id_04", "benchmark_travel_time_sec": "720"}, {"dep_dt": "1453502483", "route_id": "Red", "arr_dt": "1453503334", "direction": "0", "travel_time_sec": "851", "benchmark_travel_time_sec": "720"}, {"dep_dt": "1453502799", "route_id": "Red", "arr_dt": "1453503554", "direction": "0", "travel_time_sec": "755", "benchmark_travel_time_sec": "720"}, {"dep_dt": "1453503135", "route_id": "Red", "arr_dt": "1453503838", "direction": "0", "travel_time_sec": "703", "benchmark_travel_time_sec": "668"}, {"dep_dt": "1453503358", "route_id": "Red", "arr_dt": "1453504053", "direction": "0", "travel_time_sec": "695", "benchmark_travel_time_sec": "668"}, {"dep_dt": "1453503508", "route_id": "Red", "arr_dt": "1453504263", "direction": "0", "travel_time_sec": "755", "benchmark_travel_time_sec": "668"}, {"dep_dt": "1453503728", "route_id": "Red", "arr_dt": "1453504436", "direction": "0", "travel_time_sec": "708", "benchmark_travel_time_sec": "668"}, {"dep_dt": "1453503877", "route_id": "Red", "arr_dt": "1453504647", "direction": "0", "travel_time_sec": "770", "benchmark_travel_time_sec": "668"}, {"dep_dt": "1453504122", "route_id": "Red", "arr_dt": "1453504846", "direction": "0", "travel_time_sec": "724", "benchmark_travel_time_sec": "668"}, {"dep_dt": "1453504268", "route_id": "Red", "arr_dt": "1453505045", "direction": "0", "travel_time_sec": "777", "benchmark_travel_time_sec": "668"}, {"dep_dt": "1453504505", "route_id": "Red", "arr_dt": "1453505220", "direction": "0", "travel_time_sec": "715", "benchmark_travel_time_sec": "668"}, {"dep_dt": "1453505276", "route_id": "Red", "arr_dt": "1453505883", "direction": "0", "travel_time_sec": "607", "benchmark_travel_time_sec": "660"}, {"dep_dt": "1453506057", "route_id": "Red", "arr_dt": "1453506711", "direction": "0", "travel_time_sec": "654", "benchmark_travel_time_sec": "660"}, {"dep_dt": "1453506446", "route_id": "Red", "arr_dt": "1453507010", "direction": "0", "travel_time_sec": "564", "benchmark_travel_time_sec": "660"}, {"dep_dt": "1453506665", "route_id": "Red", "arr_dt": "1453507232", "direction": "0", "travel_time_sec": "567", "benchmark_travel_time_sec": "660"}, {"dep_dt": "1453507028", "route_id": "Red", "arr_dt": "1453507635", "direction": "0", "travel_time_sec": "607", "benchmark_travel_time_sec": "660"}, {"dep_dt": "1453507407", "route_id": "Red", "arr_dt": "1453507984", "direction": "0", "travel_time_sec": "577", "benchmark_travel_time_sec": "660"}, {"dep_dt": "1453507737", "route_id": "Red", "arr_dt": "1453508353", "direction": "0", "travel_time_sec": "616", "benchmark_travel_time_sec": "660"}, {"dep_dt": "1453507908", "route_id": "Red", "arr_dt": "1453508538", "direction": "0", "travel_time_sec": "630", "benchmark_travel_time_sec": "660"}, {"dep_dt": "1453508208", "route_id": "Red", "arr_dt": "1453508815", "direction": "0", "travel_time_sec": "607", "benchmark_travel_time_sec": "660"}, {"dep_dt": "1453508445", "route_id": "Red", "arr_dt": "1453509016", "direction": "0", "travel_time_sec": "571", "benchmark_travel_time_sec": "660"}, {"dep_dt": "1453508691", "route_id": "Red", "arr_dt": "1453509245", "direction": "0", "travel_time_sec": "554", "benchmark_travel_time_sec": "660"}, {"dep_dt": "1453508867", "route_id": "Red", "arr_dt": "1453509435", "direction": "0", "travel_time_sec": "568", "benchmark_travel_time_sec": "660"}, {"dep_dt": "1453509202", "route_id": "Red", "arr_dt": "1453509759", "direction": "0", "travel_time_sec": "557", "benchmark_travel_time_sec": "660"}, {"dep_dt": "1453509541", "route_id": "Red", "arr_dt": "1453510178", "direction": "0", "travel_time_sec": "637", "benchmark_travel_time_sec": "660"}, {"dep_dt": "1453509858", "route_id": "Red", "arr_dt": "1453510415", "direction": "0", "travel_time_sec": "557", "benchmark_travel_time_sec": "660"}, {"dep_dt": "1453510082", "route_id": "Red", "arr_dt": "1453510653", "direction": "0", "travel_time_sec": "571", "benchmark_travel_time_sec": "660"}, {"dep_dt": "1453510510", "route_id": "Red", "arr_dt": "1453511077", "direction": "0", "travel_time_sec": "567", "benchmark_travel_time_sec": "550"}, {"dep_dt": "1453510689", "route_id": "Red", "arr_dt": "1453511323", "direction": "0", "travel_time_sec": "634", "benchmark_travel_time_sec": "550"}, {"dep_dt": "1453511107", "route_id": "Red", "arr_dt": "1453511672", "direction": "0", "travel_time_sec": "565", "benchmark_travel_time_sec": "550"}, {"dep_dt": "1453511398", "route_id": "Red", "arr_dt": "1453511975", "direction": "0", "travel_time_sec": "577", "benchmark_travel_time_sec": "550"}, {"dep_dt": "1453511647", "route_id": "Red", "arr_dt": "1453512227", "direction": "0", "travel_time_sec": "580", "benchmark_travel_time_sec": "550"}, {"dep_dt": "1453511895", "route_id": "Red", "arr_dt": "1453512424", "direction": "0", "travel_time_sec": "529", "benchmark_travel_time_sec": "550"}, {"dep_dt": "1453512204", "route_id": "Red", "arr_dt": "1453512757", "direction": "0", "travel_time_sec": "553", "benchmark_travel_time_sec": "540"}, {"dep_dt": "1453512937", "route_id": "Red", "arr_dt": "1453513518", "direction": "0", "travel_time_sec": "581", "benchmark_travel_time_sec": "540"}, {"dep_dt": "1453513467", "route_id": "Red", "arr_dt": "1453514032", "direction": "0", "travel_time_sec": "565", "benchmark_travel_time_sec": "540"}, {"dep_dt": "1453513956", "route_id": "Red", "arr_dt": "1453514540", "direction": "0", "travel_time_sec": "584", "benchmark_travel_time_sec": "540"}, {"dep_dt": "1453514499", "route_id": "Red", "arr_dt": "1453515088", "direction": "0", "travel_time_sec": "589", "benchmark_travel_time_sec": "540"}, {"dep_dt": "1453514772", "route_id": "Red", "arr_dt": "1453515330", "direction": "0", "travel_time_sec": "558", "benchmark_travel_time_sec": "540"}, {"dep_dt": "1453515088", "route_id": "Red", "arr_dt": "1453515674", "direction": "0", "travel_time_sec": "586", "benchmark_travel_time_sec": "540"}, {"dep_dt": "1453515516", "route_id": "Red", "arr_dt": "1453516093", "direction": "0", "travel_time_sec": "577", "benchmark_travel_time_sec": "540"}, {"dep_dt": "1453515947", "route_id": "Red", "arr_dt": "1453516562", "direction": "0", "travel_time_sec": "615", "benchmark_travel_time_sec": "540"}, {"dep_dt": "1453516306", "route_id": "Red", "arr_dt": "1453516875", "direction": "0", "travel_time_sec": "569", "benchmark_travel_time_sec": "540"}, {"dep_dt": "1453516633", "route_id": "Red", "arr_dt": "1453517196", "direction": "0", "travel_time_sec": "563", "benchmark_travel_time_sec": "540"}, {"dep_dt": "1453517030", "route_id": "Red", "arr_dt": "1453517598", "direction": "0", "travel_time_sec": "568", "benchmark_travel_time_sec": "540"}, {"dep_dt": "1453517434", "route_id": "Red", "arr_dt": "1453517953", "direction": "0", "travel_time_sec": "519", "benchmark_travel_time_sec": "540"}, {"dep_dt": "1453517590", "route_id": "Red", "arr_dt": "1453518150", "direction": "0", "travel_time_sec": "560", "benchmark_travel_time_sec": "540"}, {"dep_dt": "1453518037", "route_id": "Red", "arr_dt": "1453518583", "direction": "0", "travel_time_sec": "546", "benchmark_travel_time_sec": "540"}, {"dep_dt": "1453518219", "route_id": "Red", "arr_dt": "1453518774", "direction": "0", "travel_time_sec": "555", "benchmark_travel_time_sec": "540"}, {"dep_dt": "1453518735", "route_id": "Red", "arr_dt": "1453519291", "direction": "0", "travel_time_sec": "556", "benchmark_travel_time_sec": "540"}, {"dep_dt": "1453518954", "route_id": "Red", "arr_dt": "1453519525", "direction": "0", "travel_time_sec": "571", "benchmark_travel_time_sec": "540"}, {"dep_dt": "1453519701", "route_id": "Red", "arr_dt": "1453520316", "direction": "0", "travel_time_sec": "615", "benchmark_travel_time_sec": "540"}, {"dep_dt": "1453519939", "route_id": "Red", "arr_dt": "1453520531", "direction": "0", "travel_time_sec": "592", "benchmark_travel_time_sec": "540"}, {"dep_dt": "1453520397", "route_id": "Red", "arr_dt": "1453520968", "direction": "0", "travel_time_sec": "571", "benchmark_travel_time_sec": "540"}, {"dep_dt": "1453520868", "route_id": "Red", "arr_dt": "1453521782", "direction": "0", "threshold_flag_2": "threshold_id_05", "travel_time_sec": "914", "threshold_flag_1": "threshold_id_04", "benchmark_travel_time_sec": "540"}, {"dep_dt": "1453521468", "route_id": "Red", "arr_dt": "1453522054", "direction": "0", "travel_time_sec": "586", "benchmark_travel_time_sec": "540"}, {"dep_dt": "1453521611", "route_id": "Red", "arr_dt": "1453522232", "direction": "0", "travel_time_sec": "621", "benchmark_travel_time_sec": "540"}, {"dep_dt": "1453521954", "route_id": "Red", "arr_dt": "1453522531", "direction": "0", "travel_time_sec": "577", "benchmark_travel_time_sec": "540"}, {"dep_dt": "1453522174", "route_id": "Red", "arr_dt": "1453522841", "direction": "0", "travel_time_sec": "667", "benchmark_travel_time_sec": "540"}, {"dep_dt": "1453522727", "route_id": "Red", "arr_dt": "1453523331", "direction": "0", "travel_time_sec": "604", "benchmark_travel_time_sec": "540"}, {"dep_dt": "1453523332", "route_id": "Red", "arr_dt": "1453523872", "direction": "0", "travel_time_sec": "540", "benchmark_travel_time_sec": "540"}, {"dep_dt": "1453524257", "route_id": "Red", "arr_dt": "1453524810", "direction": "0", "travel_time_sec": "553", "benchmark_travel_time_sec": "540"}, {"dep_dt": "1453524414", "route_id": "Red", "arr_dt": "1453524973", "direction": "0", "travel_time_sec": "559", "benchmark_travel_time_sec": "540"}]}