{"travel_times": [{"dep_dt": "1454129779", "route_id": "Red", "arr_dt": "1454130325", "direction": "0", "travel_time_sec": "546", "benchmark_travel_time_sec": "540"}, {"dep_dt": "1454130134", "route_id": "Red", "arr_dt": "1454130704", "direction": "0", "travel_time_sec": "570", "benchmark_travel_time_sec": "540"}, {"dep_dt": "1454130528", "route_id": "Red", "arr_dt": "1454131087", "direction": "0", "travel_time_sec": "559", "benchmark_travel_time_sec": "540"}, {"dep_dt": "1454131041", "route_id": "Red", "arr_dt": "1454131685", "direction": "0", "travel_time_sec": "644", "benchmark_travel_time_sec": "540"}, {"dep_dt": "1454131512", "route_id": "Red", "arr_dt": "1454132068", "direction": "0", "travel_time_sec": "556", "benchmark_travel_time_sec": "540"}, {"dep_dt": "1454132078", "route_id": "Red", "arr_dt": "1454132636", "direction": "0", "travel_time_sec": "558", "benchmark_travel_time_sec": "540"}, {"dep_dt": "1454132542", "route_id": "Red", "arr_dt": "1454133083", "direction": "0", "travel_time_sec": "541", "benchmark_travel_time_sec": "540"}, {"dep_dt": "1454133466", "route_id": "Red", "arr_dt": "1454134067", "direction": "0", "travel_time_sec": "601", "benchmark_travel_time_sec": "540"}, {"dep_dt": "1454133955", "route_id": "Red", "arr_dt": "1454134546", "direction": "0", "travel_time_sec": "591", "benchmark_travel_time_sec": "540"}, {"dep_dt": "1454134918", "route_id": "Red", "arr_dt": "1454135456", "direction": "0", "travel_time_sec": "538", "benchmark_travel_time_sec": "540"}, {"dep_dt": "1454135787", "route_id": "Red", "arr_dt": "1454136341", "direction": "0", "travel_time_sec": "554", "benchmark_travel_time_sec": "540"}, {"dep_dt": "1454136028", "route_id": "Red", "arr_dt": "1454136584", "direction": "0", "travel_time_sec": "556", "benchmark_travel_time_sec": "540"}, {"dep_dt": "1454149506", "route_id": "Red", "arr_dt": "1454150024", "direction": "0", "travel_time_sec": "518", "benchmark_travel_time_sec": "540"}, {"dep_dt": "1454149992", "route_id": "Red", "arr_dt": "1454150555", "direction": "0", "travel_time_sec": "563", "benchmark_travel_time_sec": "540"}, {"dep_dt": "1454150228", "route_id": "Red", "arr_dt": "1454150730", "direction": "0", "travel_time_sec": "502", "benchmark_travel_time_sec": "540"}, {"dep_dt": "1454150987", "route_id": "Red", "arr_dt": "1454151545", "direction": "0", "travel_time_sec": "558", "benchmark_travel_time_sec": "540"}, {"dep_dt": "1454151317", "route_id": "Red", "arr_dt": "1454151832", "direction": "0", "travel_time_sec": "515", "benchmark_travel_time_sec": "540"}, {"dep_dt": "1454151740", "route_id": "Red", "arr_dt": "1454152262", "direction": "0", "travel_time_sec": "522", "benchmark_travel_time_sec": "540"}, {"dep_dt": "1454152174", "route_id": "Red", "arr_dt": "1454152709", "direction": "0", "travel_time_sec": "535", "benchmark_travel_time_sec": "540"}, {"dep_dt": "1454152629", "route_id": "Red", "arr_dt": "1454153168", "direction": "0", "travel_time_sec": "539", "benchmark_travel_time_sec": "540"}, {"dep_dt": "1454152907", "route_id": "Red", "arr_dt": "1454153440", "direction": "0", "travel_time_sec": "533", "benchmark_travel_time_sec": "540"}, {"dep_dt": "1454153300", "route_id": "Red", "arr_dt": "1454153844", "direction": "0", "travel_time_sec": "544", "benchmark_travel_time_sec": "540"}, {"dep_dt": "1454153746", "route_id": "Red", "arr_dt": "1454154292", "direction": "0", "travel_time_sec": "546", "benchmark_travel_time_sec": "540"}, {"dep_dt": "1454154032", "route_id": "Red", "arr_dt": "1454154563", "direction": "0", "travel_time_sec": "531", "benchmark_travel_time_sec": "540"}, {"dep_dt": "1454154587", "route_id": "Red", "arr_dt": "1454155108", "direction": "0", "travel_time_sec": "521", "benchmark_travel_time_sec": "540"}, {"dep_dt": "1454155092", "route_id": "Red", "arr_dt": "1454155666", "direction": "0", "travel_time_sec": "574", "benchmark_travel_time_sec": "540"}, {"dep_dt": "1454155477", "route_id": "Red", "arr_dt": "1454156015", "direction": "0", "travel_time_sec": "538", "benchmark_travel_time_sec": "540"}, {"dep_dt": "1454155837", "route_id": "Red", "arr_dt": "1454156385", "direction": "0", "travel_time_sec": "548", "benchmark_travel_time_sec": "540"}, {"dep_dt": "1454156292", "route_id": "Red", "arr_dt": "1454156786", "direction": "0", "travel_time_sec": "494", "benchmark_travel_time_sec": "540"}, {"dep_dt": "1454156614", "route_id": "Red", "arr_dt": "1454157171", "direction": "0", "travel_time_sec": "557", "benchmark_travel_time_sec": "540"}, {"dep_dt": "1454157035", "route_id": "Red", "arr_dt": "1454157588", "direction": "0", "travel_time_sec": "553", "benchmark_travel_time_sec": "540"}, {"dep_dt": "1454157594", "route_id": "Red", "arr_dt": "1454158158", "direction": "0", "travel_time_sec": "564", "benchmark_travel_time_sec": "540"}, {"dep_dt": "1454157950", "route_id": "Red", "arr_dt": "1454158491", "direction": "0", "travel_time_sec": "541", "benchmark_travel_time_sec": "540"}, {"dep_dt": "1454158316", "route_id": "Red", "arr_dt": "1454158855", "direction": "0", "travel_time_sec": "539", "benchmark_travel_time_sec": "540"}, {"dep_dt": "1454158733", "route_id": "Red", "arr_dt": "1454159268", "direction": "0", "travel_time_sec": "535", "benchmark_travel_time_sec": "540"}, {"dep_dt": "1454159166", "route_id": "Red", "arr_dt": "1454159706", "direction": "0", "travel_time_sec": "540", "benchmark_travel_time_sec": "540"}, {"dep_dt": "1454159494", "route_id": "Red", "arr_dt": "1454160039", "direction": "0", "travel_time_sec": "545", "benchmark_travel_time_sec": "540"}, {"dep_dt": "1454160028", "route_id": "Red", "arr_dt": "1454160585", "direction": "0", "travel_time_sec": "557", "benchmark_travel_time_sec": "540"}, {"dep_dt": "1454160382", "route_id": "Red", "arr_dt": "1454160891", "direction": "0", "travel_time_sec": "509", "benchmark_travel_time_sec": "540"}, {"dep_dt": "1454160855", "route_id": "Red", "arr_dt": "1454161399", "direction": "0", "travel_time_sec": "544", "benchmark_travel_time_sec": "540"}, {"dep_dt": "1454161407", "route_id": "Red", "arr_dt": "1454161947", "direction": "0", "travel_time_sec": "540", "benchmark_travel_time_sec": "540"}, {"dep_dt": "1454161835", "route_id": "Red", "arr_dt": "1454162537", "direction": "0", "travel_time_sec": "702", "benchmark_travel_time_sec": "540"}, {"dep_dt": "1454162181", "route_id": "Red", "arr_dt": "1454162934", "direction": "0", "travel_time_sec": "753", "threshold_flag_1": "threshold_id_04", "benchmark_travel_time_sec": "540"}, {"dep_dt": "1454162814", "route_id": "Red", "arr_dt": "1454163371", "direction": "0", "travel_time_sec": "557", "benchmark_travel_time_sec": "540"}, {"dep_dt": "1454163146", "route_id": "Red", "arr_dt": "1454163684", "direction": "0", "travel_time_sec": "538", "benchmark_travel_time_sec": "540"}, {"dep_dt": "1454163434", "route_id": "Red", "arr_dt": "1454163987", "direction": "0", "travel_time_sec": "553", "benchmark_travel_time_sec": "540"}, {"dep_dt": "1454163798", "route_id": "Red", "arr_dt": "1454164482", "direction": "0", "travel_time_sec": "684", "benchmark_travel_time_sec": "540"}, {"dep_dt": "1454164216", "route_id": "Red", "arr_dt": "1454164801", "direction": "0", "travel_time_sec": "585", "benchmark_travel_time_sec": "540"}, {"dep_dt": "1454164639", "route_id": "Red", "arr_dt": "1454165188", "direction": "0", "travel_time_sec": "549", "benchmark_travel_time_sec": "540"}, {"dep_dt": "1454164981", "route_id": "Red", "arr_dt": "1454165533", "direction": "0", "travel_time_sec": "552", "benchmark_travel_time_sec": "540"}, {"dep_dt": "1454165483", "route_id": "Red", "arr_dt": "1454166047", "direction": "0", "travel_time_sec": "564", "benchmark_travel_time_sec": "600"}, {"dep_dt": "1454165803", "route_id": "Red", "arr_dt": "1454166348", "direction": "0", "travel_time_sec": "545", "benchmark_travel_time_sec": "600"}, {"dep_dt": "1454166226", "route_id": "Red", "arr_dt": "1454166766", "direction": "0", "travel_time_sec": "540", "benchmark_travel_time_sec": "600"}, {"dep_dt": "1454166773", "route_id": "Red", "arr_dt": "1454167349", "direction": "0", "travel_time_sec": "576", "benchmark_travel_time_sec": "600"}, {"dep_dt": "1454167165", "route_id": "Red", "arr_dt": "1454167723", "direction": "0", "travel_time_sec": "558", "benchmark_travel_time_sec": "600"}, {"dep_dt": "1454167668", "route_id": "Red", "arr_dt": "1454168214", "direction": "0", "travel_time_sec": "546", "benchmark_travel_time_sec": "600"}, {"dep_dt": "1454167893", "route_id": "Red", "arr_dt": "1454168403", "direction": "0", "travel_time_sec": "510", "benchmark_travel_time_sec": "600"}, {"dep_dt": "1454168584", "route_id": "Red", "arr_dt": "1454169122", "direction": "0", "travel_time_sec": "538", "benchmark_travel_time_sec": "600"}, {"dep_dt": "1454168853", "route_id": "Red", "arr_dt": "1454169394", "direction": "0", "travel_time_sec": "541", "benchmark_travel_time_sec": "600"}, {"dep_dt": "1454169256", "route_id": "Red", "arr_dt": "1454169815", "direction": "0", "travel_time_sec": "559", "benchmark_travel_time_sec": "600"}, {"dep_dt": "1454169677", "route_id": "Red", "arr_dt": "1454170245", "direction": "0", "travel_time_sec": "568", "benchmark_travel_time_sec": "600"}, {"dep_dt": "1454170151", "route_id": "Red", "arr_dt": "1454170724", "direction": "0", "travel_time_sec": "573", "benchmark_travel_time_sec": "600"}, {"dep_dt": "1454170547", "route_id": "Red", "arr_dt": "1454171093", "direction": "0", "travel_time_sec": "546", "benchmark_travel_time_sec": "600"}, {"dep_dt": "1454170931", "route_id": "Red", "arr_dt": "1454171558", "direction": "0", "travel_time_sec": "627", "benchmark_travel_time_sec": "600"}, {"dep_dt": "1454171347", "route_id": "Red", "arr_dt": "1454171884", "direction": "0", "travel_time_sec": "537", "benchmark_travel_time_sec": "600"}, {"dep_dt": "1454171904", "route_id": "Red", "arr_dt": "1454172494", "direction": "0", "travel_time_sec": "590", "benchmark_travel_time_sec": "600"}, {"dep_dt": "1454172128", "route_id": "Red", "arr_dt": "1454172667", "direction": "0", "travel_time_sec": "539", "benchmark_travel_time_sec": "600"}, {"dep_dt": "1454172616", "route_id": "Red", "arr_dt": "1454173161", "direction": "0", "travel_time_sec": "545", "benchmark_travel_time_sec": "600"}, {"dep_dt": "1454173055", "route_id": "Red", "arr_dt": "1454173611", "direction": "0", "travel_time_sec": "556", "benchmark_travel_time_sec": "600"}, {"dep_dt": "1454173463", "route_id": "Red", "arr_dt": "1454174042", "direction": "0", "travel_time_sec": "579", "benchmark_travel_time_sec": "600"}, {"dep_dt": "1454173795", "route_id": "Red", "arr_dt": "1454174315", "direction": "0", "travel_time_sec": "520", "benchmark_travel_time_sec": "600"}, {"dep_dt": "1454174418", "route_id": "Red", "arr_dt": "1454174996", "direction": "0", "travel_time_sec": "578", "benchmark_travel_time_sec": "600"}, {"dep_dt": "1454174786", "route_id": "Red", "arr_dt": "1454175411", "direction": "0", "travel_time_sec": "625", "benchmark_travel_time_sec": "600"}, {"dep_dt": "1454175075", "route_id": "Red", "arr_dt": "1454176219", "direction": "0", "threshold_flag_2": "threshold_id_05", "travel_time_sec": "1144", "threshold_flag_1": "threshold_id_04", "benchmark_travel_time_sec": "600"}, {"dep_dt": "1454175970", "route_id": "Red", "arr_dt": "1454176592", "direction": "0", "travel_time_sec": "622", "benchmark_travel_time_sec": "600"}, {"dep_dt": "1454176135", "route_id": "Red", "arr_dt": "1454176807", "direction": "0", "travel_time_sec": "672", "benchmark_travel_time_sec": "600"}, {"dep_dt": "1454176390", "route_id": "Red", "arr_dt": "1454177005", "direction": "0", "travel_time_sec": "615", "benchmark_travel_time_sec": "600"}, {"dep_dt": "1454176927", "route_id": "Red", "arr_dt": "1454177477", "direction": "0", "travel_time_sec": "550", "benchmark_travel_time_sec": "600"}, {"dep_dt": "1454177317", "route_id": "Red", "arr_dt": "1454177875", "direction": "0", "travel_time_sec": "558", "benchmark_travel_time_sec": "600"}, {"dep_dt": "1454177785", "route_id": "Red", "arr_dt": "1454178378", "direction": "0", "travel_time_sec": "593", "benchmark_travel_time_sec": "600"}, {"dep_dt": "1454178174", "route_id": "Red", "arr_dt": "1454178726", "direction": "0", "travel_time_sec": "552", "benchmark_travel_time_sec": "600"}, {"dep_dt": "1454178648", "route_id": "Red", "arr_dt": "1454179249", "direction": "0", "travel_time_sec": "601", "benchmark_travel_time_sec": "600"}, {"dep_dt": "1454179125", "route_id": "Red", "arr_dt": "1454179660", "direction": "0", "travel_time_sec": "535", "benchmark_travel_time_sec": "600"}, {"dep_dt": "1454179429", "route_id": "Red", "arr_dt": "1454180037", "direction": "0", "travel_time_sec": "608", "benchmark_travel_time_sec": "600"}, {"dep_dt": "1454179906", "route_id": "Red", "arr_dt": "1454180448", "direction": "0", "travel_time_sec": "542", "benchmark_travel_time_sec": "600"}, {"dep_dt": "1454180316", "route_id": "Red", "arr_dt": "1454180976", "direction": "0", "travel_time_sec": "660", "benchmark_travel_time_sec": "600"}, {"dep_dt": "1454180805", "route_id": "Red", "arr_dt": "1454181369", "direction": "0", "travel_time_sec": "564", "benchmark_travel_time_sec": "600"}, {"dep_dt": "1454181264", "route_id": "Red", "arr_dt": "1454181906", "direction": "0", "travel_time_sec": "642", "benchmark_travel_time_sec": "600"}, {"dep_dt": "1454182025", "route_id": "Red", "arr_dt": "1454182608", "direction": "0", "travel_time_sec": "583", "benchmark_travel_time_sec": "600"}, {"dep_dt": "1454182402", "route_id": "Red", "arr_dt": "1454182931", "direction": "0", "travel_time_sec": "529", "benchmark_travel_time_sec": "600"}, {"dep_dt": "1454182768", "route_id": "Red", "arr_dt": "1454183333", "direction": "0", "travel_time_sec": "565", "benchmark_travel_time_sec": "600"}, {"dep_dt": "1454183281", "route_id": "Red", "arr_dt": "1454183839", "direction": "0", "travel_time_sec": "558", "benchmark_travel_time_sec": "600"}, {"dep_dt": "1454183567", "route_id": "Red", "arr_dt": "1454184124", "direction": "0", "travel_time_sec": "557", "benchmark_travel_time_sec": "600"}, {"dep_dt": "1454184144", "route_id": "Red", "arr_dt": "1454184758", "direction": "0", "travel_time_sec": "614", "benchmark_travel_time_sec": "600"}, {"dep_dt": "1454184562", "route_id": "Red", "arr_dt": "1454185127", "direction": "0", "travel_time_sec": "565", "benchmark_travel_time_sec": "600"}, {"dep_dt": "1454185107", "route_id": "Red", "arr_dt": "1454185689", "direction": "0", "travel_time_sec": "582", "benchmark_travel_time_sec": "600"}, {"dep_dt": "1454185487", "route_id": "Red", "arr_dt": "1454186088", "direction": "0", "travel_time_sec": "601", "benchmark_travel_time_sec": "600"}, {"dep_dt": "1454185781", "route_id": "Red", "arr_dt": "1454186313", "direction": "0", "travel_time_sec": "532", "benchmark_travel_time_sec": "600"}, {"dep_dt": "1454186218", "route_id": "Red", "arr_dt": "1454186783", "direction": "0", "travel_time_sec": "565", "benchmark_travel_time_sec": "600"}, {"dep_dt": "1454186753", "route_id": "Red", "arr_dt": "1454187317", "direction": "0", "travel_time_sec": "564", "benchmark_travel_time_sec": "600"}, {"dep_dt": "1454187097", "route_id": "Red", "arr_dt": "1454187696", "direction": "0", "travel_time_sec": "599", "benchmark_travel_time_sec": "600"}, {"dep_dt": "1454187508", "route_id": "Red", "arr_dt": "1454188049", "direction": "0", "travel_time_sec": "541", "benchmark_travel_time_sec": "600"}, {"dep_dt": "1454188010", "route_id": "Red", "arr_dt": "1454188581", "direction": "0", "travel_time_sec": "571", "benchmark_travel_time_sec": "600"}, {"dep_dt": "1454188425", "route_id": "Red", "arr_dt": "1454188955", "direction": "0", "travel_time_sec": "530", "benchmark_travel_time_sec": "600"}, {"dep_dt": "1454188703", "route_id": "Red", "arr_dt": "1454189277", "direction": "0", "travel_time_sec": "574", "benchmark_travel_time_sec": "600"}, {"dep_dt": "1454189237", "route_id": "Red", "arr_dt": "1454189800", "direction": "0", "travel_time_sec": "563", "benchmark_travel_time_sec": "600"}, {"dep_dt": "1454189505", "route_id": "Red", "arr_dt": "1454190073", "direction": "0", "travel_time_sec": "568", "benchmark_travel_time_sec": "600"}, {"dep_dt": "1454190045", "route_id": "Red", "arr_dt": "1454190612", "direction": "0", "travel_time_sec": "567", "benchmark_travel_time_sec": "600"}, {"dep_dt": "1454190418", "route_id": "Red", "arr_dt": "1454190978", "direction": "0", "travel_time_sec": "560", "benchmark_travel_time_sec": "600"}, {"dep_dt": "1454190858", "route_id": "Red", "arr_dt": "1454191496", "direction": "0", "travel_time_sec": "638", "benchmark_travel_time_sec": "600"}, {"dep_dt": "1454191303", "route_id": "Red", "arr_dt": "1454191858", "direction": "0", "travel_time_sec": "555", "benchmark_travel_time_sec": "600"}, {"dep_dt": "1454191797", "route_id": "Red", "arr_dt": "1454192313", "direction": "0", "travel_time_sec": "516", "benchmark_travel_time_sec": "600"}, {"dep_dt": "1454192316", "route_id": "Red", "arr_dt": "1454192872", "direction": "0", "travel_time_sec": "556", "benchmark_travel_time_sec": "600"}, {"dep_dt": "1454192684", "route_id": "Red", "arr_dt": "1454193271", "direction": "0", "travel_time_sec": "587", "benchmark_travel_time_sec": "600"}, {"dep_dt": "1454192947", "route_id": "Red", "arr_dt": "1454193502", "direction": "0", "travel_time_sec": "555", "benchmark_travel_time_sec": "600"}, {"dep_dt": "1454193453", "route_id": "Red", "arr_dt": "1454194011", "direction": "0", "travel_time_sec": "558", "benchmark_travel_time_sec": "600"}, {"dep_dt": "1454193728", "route_id": "Red", "arr_dt": "1454194286", "direction": "0", "travel_time_sec": "558", "benchmark_travel_time_sec": "600"}, {"dep_dt": "1454194213", "route_id": "Red", "arr_dt": "1454194763", "direction": "0", "travel_time_sec": "550", "benchmark_travel_time_sec": "600"}, {"dep_dt": "1454194556", "route_id": "Red", "arr_dt": "1454195112", "direction": "0", "travel_time_sec": "556", "benchmark_travel_time_sec": "600"}, {"dep_dt": "1454195175", "route_id": "Red", "arr_dt": "1454195728", "direction": "0", "travel_time_sec": "553", "benchmark_travel_time_sec": "600"}, {"dep_dt": "1454195463", "route_id": "Red", "arr_dt": "1454196055", "direction": "0", "travel_time_sec": "592", "benchmark_travel_time_sec": "600"}, {"dep_dt": "1454195895", "route_id": "Red", "arr_dt": "1454196474", "direction": "0", "travel_time_sec": "579", "benchmark_travel_time_sec": "600"}, {"dep_dt": "1454196292", "route_id": "Red", "arr_dt": "1454196863", "direction": "0", "travel_time_sec": "571", "benchmark_travel_time_sec": "600"}, {"dep_dt": "1454196733", "route_id": "Red", "arr_dt": "1454197308", "direction": "0", "travel_time_sec": "575", "benchmark_travel_time_sec": "600"}, {"dep_dt": "1454197229", "route_id": "Red", "arr_dt": "1454197779", "direction": "0", "travel_time_sec": "550", "benchmark_travel_time_sec": "600"}, {"dep_dt": "1454197675", "route_id": "Red", "arr_dt": "1454198207", "direction": "0", "travel_time_sec": "532", "benchmark_travel_time_sec": "600"}, {"dep_dt": "1454197949", "route_id": "Red", "arr_dt": "1454198499", "direction": "0", "travel_time_sec": "550", "benchmark_travel_time_sec": "600"}, {"dep_dt": "1454198450", "route_id": "Red", "arr_dt": "1454199086", "direction": "0", "travel_time_sec": "636", "benchmark_travel_time_sec": "600"}, {"dep_dt": "1454198774", "route_id": "Red", "arr_dt": "1454199345", "direction": "0", "travel_time_sec": "571", "benchmark_travel_time_sec": "600"}, {"dep_dt": "1454199304", "route_id": "Red", "arr_dt": "1454199863", "direction": "0", "travel_time_sec": "559", "benchmark_travel_time_sec": "600"}, {"dep_dt": "1454199632", "route_id": "Red", "arr_dt": "1454200296", "direction": "0", "travel_time_sec": "664", "benchmark_travel_time_sec": "600"}, {"dep_dt": "1454200090", "route_id": "Red", "arr_dt": "1454200650", "direction": "0", "travel_time_sec": "560", "benchmark_travel_time_sec": "600"}, {"dep_dt": "1454201006", "route_id": "Red", "arr_dt": "1454201580", "direction": "0", "travel_time_sec": "574", "benchmark_travel_time_sec": "600"}, {"dep_dt": "1454201303", "route_id": "Red", "arr_dt": "1454201852", "direction": "0", "travel_time_sec": "549", "benchmark_travel_time_sec": "600"}, {"dep_dt": "1454201840", "route_id": "Red", "arr_dt": "1454202389", "direction": "0", "travel_time_sec": "549", "benchmark_travel_time_sec": "600"}, {"dep_dt": "1454202294", "route_id": "Red", "arr_dt": "1454202885", "direction": "0", "travel_time_sec": "591", "benchmark_travel_time_sec": "600"}, {"dep_dt": "1454202681", "route_id": "Red", "arr_dt": "1454203271", "direction": "0", "travel_time_sec": "590", "benchmark_travel_time_sec": "600"}, {"dep_dt": "1454203106", "route_id": "Red", "arr_dt": "1454203719", "direction": "0", "travel_time_sec": "613", "benchmark_travel_time_sec": "600"}, {"dep_dt": "1454203485", "route_id": "Red", "arr_dt": "1454204066", "direction": "0", "travel_time_sec": "581", "benchmark_travel_time_sec": "600"}, {"dep_dt": "1454203817", "route_id": "Red", "arr_dt": "1454204411", "direction": "0", "travel_time_sec": "594", "benchmark_travel_time_sec": "600"}, {"dep_dt": "1454204293", "route_id": "Red", "arr_dt": "1454204846", "direction": "0", "travel_time_sec": "553", "benchmark_travel_time_sec": "600"}, {"dep_dt": "1454204615", "route_id": "Red", "arr_dt": "1454205163", "direction": "0", "travel_time_sec": "548", "benchmark_travel_time_sec": "600"}, {"dep_dt": "1454205146", "route_id": "Red", "arr_dt": "1454205681", "direction": "0", "travel_time_sec": "535", "benchmark_travel_time_sec": "600"}, {"dep_dt": "1454205474", "route_id": "Red", "arr_dt": "1454206028", "direction": "0", "travel_time_sec": "554", "benchmark_travel_time_sec": "600"}, {"dep_dt": "1454205974", "route_id": "Red", "arr_dt": "1454206522", "direction": "0", "travel_time_sec": "548", "benchmark_travel_time_sec": "600"}, {"dep_dt": "1454206405", "route_id": "Red", "arr_dt": "1454206975", "direction": "0", "travel_time_sec": "570", "benchmark_travel_time_sec": "600"}, {"dep_dt": "1454206848", "route_id": "Red", "arr_dt": "1454207460", "direction": "0", "travel_time_sec": "612", "benchmark_travel_time_sec": "600"}, {"dep_dt": "1454207175", "route_id": "Red", "arr_dt": "1454207728", "direction": "0", "travel_time_sec": "553", "benchmark_travel_time_sec": "600"}, {"dep_dt": "1454207567", "route_id": "Red", "arr_dt": "1454208100", "direction": "0", "travel_time_sec": "533", "benchmark_travel_time_sec": "600"}, {"dep_dt": "1454207809", "route_id": "Red", "arr_dt": "1454208350", "direction": "0", "travel_time_sec": "541", "benchmark_travel_time_sec": "600"}, {"dep_dt": "1454208384", "route_id": "Red", "arr_dt": "1454208956", "direction": "0", "travel_time_sec": "572", "benchmark_travel_time_sec": "600"}, {"dep_dt": "1454209118", "route_id": "Red", "arr_dt": "1454209702", "direction": "0", "travel_time_sec": "584", "benchmark_travel_time_sec": "600"}, {"dep_dt": "1454209338", "route_id": "Red", "arr_dt": "1454209898", "direction": "0", "travel_time_sec": "560", "benchmark_travel_time_sec": "600"}, {"dep_dt": "1454209757", "route_id": "Red", "arr_dt": "1454210314", "direction": "0", "travel_time_sec": "557", "benchmark_travel_time_sec": "600"}, {"dep_dt": "1454209967", "route_id": "Red", "arr_dt": "1454210512", "direction": "0", "travel_time_sec": "545", "benchmark_travel_time_sec": "600"}, {"dep_dt": "1454210609", "route_id": "Red", "arr_dt": "1454211190", "direction": "0", "travel_time_sec": "581", "benchmark_travel_time_sec": "600"}, {"dep_dt": "1454210839", "route_id": "Red", "arr_dt": "1454211398", "direction": "0", "travel_time_sec": "559", "benchmark_travel_time_sec": "600"}, {"dep_dt": "1454211198", "route_id": "Red", "arr_dt": "1454211743", "direction": "0", "travel_time_sec": "545", "benchmark_travel_time_sec": "600"}, {"dep_dt": "1454211729", "route_id": "Red", "arr_dt": "1454212293", "direction": "0", "travel_time_sec": "564", "benchmark_travel_time_sec": "600"}, {"dep_dt": "1454212017", "route_id": "Red", "arr_dt": "1454212560", "direction": "0", "travel_time_sec": "543", "benchmark_travel_time_sec": "600"}, {"dep_dt": "1454212516", "route_id": "Red", "arr_dt": "1454213108", "direction": "0", "travel_time_sec": "592", "benchmark_travel_time_sec": "600"}, {"dep_dt": "1454212972", "route_id": "Red", "arr_dt": "1454213533", "direction": "0", "travel_time_sec": "561", "benchmark_travel_time_sec": "600"}, {"dep_dt": "1454213357", "route_id": "Red", "arr_dt": "1454213893", "direction": "0", "travel_time_sec": "536", "benchmark_travel_time_sec": "600"}, {"dep_dt": "1454213816", "route_id": "Red", "arr_dt": "1454214421", "direction": "0", "travel_time_sec": "605", "benchmark_travel_time_sec": "600"}, {"dep_dt": "1454214291", "route_id": "Red", "arr_dt": "1454214876", "direction": "0", "travel_time_sec": "585", "benchmark_travel_time_sec": "600"}, {"dep_dt": "1454214545", "route_id": "Red", "arr_dt": "1454215101", "direction": "0", "travel_time_sec": "556", "benchmark_travel_time_sec": "600"}, {"dep_dt": "1454215016", "route_id": "Red", "arr_dt": "1454215580", "direction": "0", "travel_time_sec": "564", "benchmark_travel_time_sec": "600"}, {"dep_dt": "1454215527", "route_id": "Red", "arr_dt": "1454216094", "direction": "0", "travel_time_sec": "567", "benchmark_travel_time_sec": "600"}, {"dep_dt": "1454215839", "route_id": "Red", "arr_dt": "1454216388", "direction": "0", "travel_time_sec": "549", "benchmark_travel_time_sec": "600"}]}