{"travel_times": [{"dep_dt": "1454667865", "route_id": "Red", "arr_dt": "1454668412", "direction": "0", "travel_time_sec": "547", "benchmark_travel_time_sec": "540"}, {"dep_dt": "1454668407", "route_id": "Red", "arr_dt": "1454668956", "direction": "0", "travel_time_sec": "549", "benchmark_travel_time_sec": "540"}, {"dep_dt": "1454668576", "route_id": "Red", "arr_dt": "1454669208", "direction": "0", "travel_time_sec": "632", "benchmark_travel_time_sec": "540"}, {"dep_dt": "1454669270", "route_id": "Red", "arr_dt": "1454669813", "direction": "0", "travel_time_sec": "543", "benchmark_travel_time_sec": "540"}, {"dep_dt": "1454669747", "route_id": "Red", "arr_dt": "1454670321", "direction": "0", "travel_time_sec": "574", "benchmark_travel_time_sec": "540"}, {"dep_dt": "1454670340", "route_id": "Red", "arr_dt": "1454670961", "direction": "0", "travel_time_sec": "621", "benchmark_travel_time_sec": "540"}, {"dep_dt": "1454670639", "route_id": "Red", "arr_dt": "1454671340", "direction": "0", "travel_time_sec": "701", "benchmark_travel_time_sec": "540"}, {"dep_dt": "1454671374", "route_id": "Red", "arr_dt": "1454672004", "direction": "0", "travel_time_sec": "630", "benchmark_travel_time_sec": "540"}, {"dep_dt": "1454671720", "route_id": "Red", "arr_dt": "1454672288", "direction": "0", "travel_time_sec": "568", "benchmark_travel_time_sec": "540"}, {"dep_dt": "1454672187", "route_id": "Red", "arr_dt": "1454672819", "direction": "0", "travel_time_sec": "632", "benchmark_travel_time_sec": "540"}, {"dep_dt": "1454672422", "route_id": "Red", "arr_dt": "1454673007", "direction": "0", "travel_time_sec": "585", "benchmark_travel_time_sec": "540"}, {"dep_dt": "1454672685", "route_id": "Red", "arr_dt": "1454673223", "direction": "0", "travel_time_sec": "538", "benchmark_travel_time_sec": "540"}, {"dep_dt": "1454673101", "route_id": "Red", "arr_dt": "1454673721", "direction": "0", "travel_time_sec": "620", "benchmark_travel_time_sec": "651"}, {"dep_dt": "1454673490", "route_id": "Red", "arr_dt": "1454674094", "direction": "0", "travel_time_sec": "604", "benchmark_travel_time_sec": "651"}, {"dep_dt": "1454673736", "route_id": "Red", "arr_dt": "1454674296", "direction": "0", "travel_time_sec": "560", "benchmark_travel_time_sec": "651"}, {"dep_dt": "1454673920", "route_id": "Red", "arr_dt": "1454674479", "direction": "0", "travel_time_sec": "559", "benchmark_travel_time_sec": "651"}, {"dep_dt": "1454674469", "route_id": "Red", "arr_dt": "1454675038", "direction": "0", "travel_time_sec": "569", "benchmark_travel_time_sec": "651"}, {"dep_dt": "1454674709", "route_id": "Red", "arr_dt": "1454675292", "direction": "0", "travel_time_sec": "583", "benchmark_travel_time_sec": "651"}, {"dep_dt": "1454675109", "route_id": "Red", "arr_dt": "1454675728", "direction": "0", "travel_time_sec": "619", "benchmark_travel_time_sec": "660"}, {"dep_dt": "1454675376", "route_id": "Red", "arr_dt": "1454675955", "direction": "0", "travel_time_sec": "579", "benchmark_travel_time_sec": "660"}, {"dep_dt": "1454675738", "route_id": "Red", "arr_dt": "1454676335", "direction": "0", "travel_time_sec": "597", "benchmark_travel_time_sec": "660"}, {"dep_dt": "1454675945", "route_id": "Red", "arr_dt": "1454676530", "direction": "0", "travel_time_sec": "585", "benchmark_travel_time_sec": "660"}, {"dep_dt": "1454676146", "route_id": "Red", "arr_dt": "1454676737", "direction": "0", "travel_time_sec": "591", "benchmark_travel_time_sec": "660"}, {"dep_dt": "1454676387", "route_id": "Red", "arr_dt": "1454677043", "direction": "0", "travel_time_sec": "656", "benchmark_travel_time_sec": "660"}, {"dep_dt": "1454676645", "route_id": "Red", "arr_dt": "1454677265", "direction": "0", "travel_time_sec": "620", "benchmark_travel_time_sec": "660"}, {"dep_dt": "1454676948", "route_id": "Red", "arr_dt": "1454677545", "direction": "0", "travel_time_sec": "597", "benchmark_travel_time_sec": "660"}, {"dep_dt": "1454677327", "route_id": "Red", "arr_dt": "1454677948", "direction": "0", "travel_time_sec": "621", "benchmark_travel_time_sec": "660"}, {"dep_dt": "1454677878", "route_id": "Red", "arr_dt": "1454678572", "direction": "0", "travel_time_sec": "694", "benchmark_travel_time_sec": "660"}, {"dep_dt": "1454678195", "route_id": "Red", "arr_dt": "1454678858", "direction": "0", "travel_time_sec": "663", "benchmark_travel_time_sec": "660"}, {"dep_dt": "1454678545", "route_id": "Red", "arr_dt": "1454679247", "direction": "0", "travel_time_sec": "702", "benchmark_travel_time_sec": "660"}, {"dep_dt": "1454678948", "route_id": "Red", "arr_dt": "1454679694", "direction": "0", "travel_time_sec": "746", "benchmark_travel_time_sec": "660"}, {"dep_dt": "1454679243", "route_id": "Red", "arr_dt": "1454679896", "direction": "0", "travel_time_sec": "653", "benchmark_travel_time_sec": "660"}, {"dep_dt": "1454679400", "route_id": "Red", "arr_dt": "1454680117", "direction": "0", "travel_time_sec": "717", "benchmark_travel_time_sec": "660"}, {"dep_dt": "1454679681", "route_id": "Red", "arr_dt": "1454680359", "direction": "0", "travel_time_sec": "678", "benchmark_travel_time_sec": "660"}, {"dep_dt": "1454679846", "route_id": "Red", "arr_dt": "1454680552", "direction": "0", "travel_time_sec": "706", "benchmark_travel_time_sec": "660"}, {"dep_dt": "1454680033", "route_id": "Red", "arr_dt": "1454680756", "direction": "0", "travel_time_sec": "723", "benchmark_travel_time_sec": "660"}, {"dep_dt": "1454680161", "route_id": "Red", "arr_dt": "1454681126", "direction": "0", "travel_time_sec": "965", "threshold_flag_1": "threshold_id_04", "benchmark_travel_time_sec": "660"}, {"dep_dt": "1454680848", "route_id": "Red", "arr_dt": "1454681516", "direction": "0", "travel_time_sec": "668", "benchmark_travel_time_sec": "660"}, {"dep_dt": "1454681149", "route_id": "Red", "arr_dt": "1454681992", "direction": "0", "travel_time_sec": "843", "threshold_flag_1": "threshold_id_04", "benchmark_travel_time_sec": "660"}, {"dep_dt": "1454681483", "route_id": "Red", "arr_dt": "1454682376", "direction": "0", "travel_time_sec": "893", "threshold_flag_1": "threshold_id_04", "benchmark_travel_time_sec": "660"}, {"dep_dt": "1454681644", "route_id": "Red", "arr_dt": "1454682558", "direction": "0", "travel_time_sec": "914", "threshold_flag_1": "threshold_id_04", "benchmark_travel_time_sec": "660"}, {"dep_dt": "1454681838", "route_id": "Red", "arr_dt": "1454682759", "direction": "0", "travel_time_sec": "921", "threshold_flag_1": "threshold_id_04", "benchmark_travel_time_sec": "615"}, {"dep_dt": "1454681995", "route_id": "Red", "arr_dt": "1454682934", "direction": "0", "travel_time_sec": "939", "threshold_flag_1": "threshold_id_04", "benchmark_travel_time_sec": "615"}, {"dep_dt": "1454682274", "route_id": "Red", "arr_dt": "1454683109", "direction": "0", "travel_time_sec": "835", "threshold_flag_1": "threshold_id_04", "benchmark_travel_time_sec": "615"}, {"dep_dt": "1454682757", "route_id": "Red", "arr_dt": "1454683514", "direction": "0", "travel_time_sec": "757", "benchmark_travel_time_sec": "615"}, {"dep_dt": "1454682908", "route_id": "Red", "arr_dt": "1454683738", "direction": "0", "travel_time_sec": "830", "threshold_flag_1": "threshold_id_04", "benchmark_travel_time_sec": "615"}, {"dep_dt": "1454683087", "route_id": "Red", "arr_dt": "1454683900", "direction": "0", "travel_time_sec": "813", "threshold_flag_1": "threshold_id_04", "benchmark_travel_time_sec": "615"}, {"dep_dt": "1454683408", "route_id": "Red", "arr_dt": "1454684108", "direction": "0", "travel_time_sec": "700", "benchmark_travel_time_sec": "615"}, {"dep_dt": "1454683530", "route_id": "Red", "arr_dt": "1454684298", "direction": "0", "travel_time_sec": "768", "benchmark_travel_time_sec": "615"}, {"dep_dt": "1454683697", "route_id": "Red", "arr_dt": "1454684464", "direction": "0", "travel_time_sec": "767", "benchmark_travel_time_sec": "600"}, {"dep_dt": "1454683945", "route_id": "Red", "arr_dt": "1454684624", "direction": "0", "travel_time_sec": "679", "benchmark_travel_time_sec": "600"}, {"dep_dt": "1454684148", "route_id": "Red", "arr_dt": "1454684880", "direction": "0", "travel_time_sec": "732", "benchmark_travel_time_sec": "600"}, {"dep_dt": "1454684714", "route_id": "Red", "arr_dt": "1454685297", "direction": "0", "travel_time_sec": "583", "benchmark_travel_time_sec": "600"}, {"dep_dt": "1454684905", "route_id": "Red", "arr_dt": "1454685481", "direction": "0", "travel_time_sec": "576", "benchmark_travel_time_sec": "600"}, {"dep_dt": "1454685065", "route_id": "Red", "arr_dt": "1454685670", "direction": "0", "travel_time_sec": "605", "benchmark_travel_time_sec": "600"}, {"dep_dt": "1454685542", "route_id": "Red", "arr_dt": "1454686177", "direction": "0", "travel_time_sec": "635", "benchmark_travel_time_sec": "600"}, {"dep_dt": "1454685835", "route_id": "Red", "arr_dt": "1454686427", "direction": "0", "travel_time_sec": "592", "benchmark_travel_time_sec": "600"}, {"dep_dt": "1454686016", "route_id": "Red", "arr_dt": "1454686758", "direction": "0", "travel_time_sec": "742", "benchmark_travel_time_sec": "600"}, {"dep_dt": "1454686204", "route_id": "Red", "arr_dt": "1454686957", "direction": "0", "travel_time_sec": "753", "benchmark_travel_time_sec": "600"}, {"dep_dt": "1454686358", "route_id": "Red", "arr_dt": "1454687130", "direction": "0", "travel_time_sec": "772", "benchmark_travel_time_sec": "600"}, {"dep_dt": "1454686626", "route_id": "Red", "arr_dt": "1454687301", "direction": "0", "travel_time_sec": "675", "benchmark_travel_time_sec": "600"}, {"dep_dt": "1454686791", "route_id": "Red", "arr_dt": "1454687473", "direction": "0", "travel_time_sec": "682", "benchmark_travel_time_sec": "600"}, {"dep_dt": "1454687153", "route_id": "Red", "arr_dt": "1454687717", "direction": "0", "travel_time_sec": "564", "benchmark_travel_time_sec": "600"}, {"dep_dt": "1454687515", "route_id": "Red", "arr_dt": "1454688094", "direction": "0", "travel_time_sec": "579", "benchmark_travel_time_sec": "600"}, {"dep_dt": "1454688324", "route_id": "Red", "arr_dt": "1454688946", "direction": "0", "travel_time_sec": "622", "benchmark_travel_time_sec": "600"}, {"dep_dt": "1454688489", "route_id": "Red", "arr_dt": "1454689151", "direction": "0", "travel_time_sec": "662", "benchmark_travel_time_sec": "600"}, {"dep_dt": "1454688886", "route_id": "Red", "arr_dt": "1454689490", "direction": "0", "travel_time_sec": "604", "benchmark_travel_time_sec": "600"}, {"dep_dt": "1454689209", "route_id": "Red", "arr_dt": "1454689742", "direction": "0", "travel_time_sec": "533", "benchmark_travel_time_sec": "600"}, {"dep_dt": "1454689365", "route_id": "Red", "arr_dt": "1454689916", "direction": "0", "travel_time_sec": "551", "benchmark_travel_time_sec": "600"}, {"dep_dt": "1454689794", "route_id": "Red", "arr_dt": "1454690440", "direction": "0", "travel_time_sec": "646", "benchmark_travel_time_sec": "600"}, {"dep_dt": "1454690144", "route_id": "Red", "arr_dt": "1454690705", "direction": "0", "travel_time_sec": "561", "benchmark_travel_time_sec": "600"}, {"dep_dt": "1454690918", "route_id": "Red", "arr_dt": "1454691554", "direction": "0", "travel_time_sec": "636", "benchmark_travel_time_sec": "600"}, {"dep_dt": "1454691652", "route_id": "Red", "arr_dt": "1454692222", "direction": "0", "travel_time_sec": "570", "benchmark_travel_time_sec": "600"}, {"dep_dt": "1454692173", "threshold_flag_3": "threshold_id_06", "route_id": "Red", "arr_dt": "1454693433", "direction": "0", "threshold_flag_2": "threshold_id_05", "travel_time_sec": "1260", "threshold_flag_1": "threshold_id_04", "benchmark_travel_time_sec": "600"}, {"dep_dt": "1454696214", "route_id": "Red", "arr_dt": "1454696848", "direction": "0", "travel_time_sec": "634", "benchmark_travel_time_sec": "600"}, {"dep_dt": "1454696789", "route_id": "Red", "arr_dt": "1454697367", "direction": "0", "travel_time_sec": "578", "benchmark_travel_time_sec": "600"}, {"dep_dt": "1454697279", "route_id": "Red", "arr_dt": "1454697952", "direction": "0", "travel_time_sec": "673", "benchmark_travel_time_sec": "600"}, {"dep_dt": "1454697640", "route_id": "Red", "arr_dt": "1454698239", "direction": "0", "travel_time_sec": "599", "benchmark_travel_time_sec": "600"}, {"dep_dt": "1454698044", "route_id": "Red", "arr_dt": "1454698649", "direction": "0", "travel_time_sec": "605", "benchmark_travel_time_sec": "600"}, {"dep_dt": "1454698496", "route_id": "Red", "arr_dt": "1454699072", "direction": "0", "travel_time_sec": "576", "benchmark_travel_time_sec": "600"}, {"dep_dt": "1454699046", "route_id": "Red", "arr_dt": "1454699648", "direction": "0", "travel_time_sec": "602", "benchmark_travel_time_sec": "600"}, {"dep_dt": "1454699475", "route_id": "Red", "arr_dt": "1454700021", "direction": "0", "travel_time_sec": "546", "benchmark_travel_time_sec": "600"}, {"dep_dt": "1454699663", "route_id": "Red", "arr_dt": "1454700256", "direction": "0", "travel_time_sec": "593", "benchmark_travel_time_sec": "600"}, {"dep_dt": "1454700217", "route_id": "Red", "arr_dt": "1454700889", "direction": "0", "travel_time_sec": "672", "benchmark_travel_time_sec": "600"}, {"dep_dt": "1454700514", "route_id": "Red", "arr_dt": "1454701212", "direction": "0", "travel_time_sec": "698", "benchmark_travel_time_sec": "600"}, {"dep_dt": "1454700686", "route_id": "Red", "arr_dt": "1454701443", "direction": "0", "travel_time_sec": "757", "benchmark_travel_time_sec": "600"}, {"dep_dt": "1454700948", "route_id": "Red", "arr_dt": "1454701675", "direction": "0", "travel_time_sec": "727", "benchmark_travel_time_sec": "600"}, {"dep_dt": "1454701276", "route_id": "Red", "arr_dt": "1454701861", "direction": "0", "travel_time_sec": "585", "benchmark_travel_time_sec": "600"}, {"dep_dt": "1454701997", "route_id": "Red", "arr_dt": "1454702658", "direction": "0", "travel_time_sec": "661", "benchmark_travel_time_sec": "600"}, {"dep_dt": "1454702237", "route_id": "Red", "arr_dt": "1454702878", "direction": "0", "travel_time_sec": "641", "benchmark_travel_time_sec": "600"}, {"dep_dt": "1454702743", "route_id": "Red", "arr_dt": "1454703365", "direction": "0", "travel_time_sec": "622", "benchmark_travel_time_sec": "600"}, {"dep_dt": "1454702903", "route_id": "Red", "arr_dt": "1454703591", "direction": "0", "travel_time_sec": "688", "benchmark_travel_time_sec": "600"}, {"dep_dt": "1454703423", "route_id": "Red", "arr_dt": "1454704021", "direction": "0", "travel_time_sec": "598", "benchmark_travel_time_sec": "600"}, {"dep_dt": "1454703829", "route_id": "Red", "arr_dt": "1454704455", "direction": "0", "travel_time_sec": "626", "benchmark_travel_time_sec": "600"}, {"dep_dt": "1454704173", "route_id": "Red", "arr_dt": "1454704808", "direction": "0", "travel_time_sec": "635", "benchmark_travel_time_sec": "600"}, {"dep_dt": "1454704374", "route_id": "Red", "arr_dt": "1454705006", "direction": "0", "travel_time_sec": "632", "benchmark_travel_time_sec": "600"}, {"dep_dt": "1454704943", "route_id": "Red", "arr_dt": "1454705551", "direction": "0", "travel_time_sec": "608", "benchmark_travel_time_sec": "600"}, {"dep_dt": "1454705245", "route_id": "Red", "arr_dt": "1454705855", "direction": "0", "travel_time_sec": "610", "benchmark_travel_time_sec": "600"}, {"dep_dt": "1454705483", "route_id": "Red", "arr_dt": "1454706072", "direction": "0", "travel_time_sec": "589", "benchmark_travel_time_sec": "700"}, {"dep_dt": "1454705826", "route_id": "Red", "arr_dt": "1454706457", "direction": "0", "travel_time_sec": "631", "benchmark_travel_time_sec": "700"}, {"dep_dt": "1454706284", "route_id": "Red", "arr_dt": "1454706864", "direction": "0", "travel_time_sec": "580", "benchmark_travel_time_sec": "700"}, {"dep_dt": "1454706554", "route_id": "Red", "arr_dt": "1454707237", "direction": "0", "travel_time_sec": "683", "benchmark_travel_time_sec": "700"}, {"dep_dt": "1454706717", "route_id": "Red", "arr_dt": "1454707476", "direction": "0", "travel_time_sec": "759", "benchmark_travel_time_sec": "700"}, {"dep_dt": "1454707005", "route_id": "Red", "arr_dt": "1454707726", "direction": "0", "travel_time_sec": "721", "benchmark_travel_time_sec": "700"}, {"dep_dt": "1454707285", "route_id": "Red", "arr_dt": "1454707908", "direction": "0", "travel_time_sec": "623", "benchmark_travel_time_sec": "720"}, {"dep_dt": "1454707643", "route_id": "Red", "arr_dt": "1454708212", "direction": "0", "travel_time_sec": "569", "benchmark_travel_time_sec": "720"}, {"dep_dt": "1454707941", "route_id": "Red", "arr_dt": "1454708627", "direction": "0", "travel_time_sec": "686", "benchmark_travel_time_sec": "720"}, {"dep_dt": "1454708241", "route_id": "Red", "arr_dt": "1454708929", "direction": "0", "travel_time_sec": "688", "benchmark_travel_time_sec": "720"}, {"dep_dt": "1454708404", "route_id": "Red", "arr_dt": "1454709160", "direction": "0", "travel_time_sec": "756", "benchmark_travel_time_sec": "720"}, {"dep_dt": "1454708734", "route_id": "Red", "arr_dt": "1454709395", "direction": "0", "travel_time_sec": "661", "benchmark_travel_time_sec": "720"}, {"dep_dt": "1454708906", "route_id": "Red", "arr_dt": "1454709628", "direction": "0", "travel_time_sec": "722", "benchmark_travel_time_sec": "720"}, {"dep_dt": "1454709260", "route_id": "Red", "arr_dt": "1454709886", "direction": "0", "travel_time_sec": "626", "benchmark_travel_time_sec": "720"}, {"dep_dt": "1454709467", "route_id": "Red", "arr_dt": "1454710095", "direction": "0", "travel_time_sec": "628", "benchmark_travel_time_sec": "720"}, {"dep_dt": "1454709614", "route_id": "Red", "arr_dt": "1454710288", "direction": "0", "travel_time_sec": "674", "benchmark_travel_time_sec": "720"}, {"dep_dt": "1454709862", "route_id": "Red", "arr_dt": "1454710498", "direction": "0", "travel_time_sec": "636", "benchmark_travel_time_sec": "720"}, {"dep_dt": "1454710460", "route_id": "Red", "arr_dt": "1454711124", "direction": "0", "travel_time_sec": "664", "benchmark_travel_time_sec": "720"}, {"dep_dt": "1454710627", "route_id": "Red", "arr_dt": "1454711364", "direction": "0", "travel_time_sec": "737", "benchmark_travel_time_sec": "720"}, {"dep_dt": "1454710870", "route_id": "Red", "arr_dt": "1454711617", "direction": "0", "travel_time_sec": "747", "benchmark_travel_time_sec": "720"}, {"dep_dt": "1454711055", "route_id": "Red", "arr_dt": "1454711846", "direction": "0", "travel_time_sec": "791", "benchmark_travel_time_sec": "720"}, {"dep_dt": "1454711394", "route_id": "Red", "arr_dt": "1454712061", "direction": "0", "travel_time_sec": "667", "benchmark_travel_time_sec": "720"}, {"dep_dt": "1454711644", "route_id": "Red", "arr_dt": "1454712266", "direction": "0", "travel_time_sec": "622", "benchmark_travel_time_sec": "720"}, {"dep_dt": "1454711987", "route_id": "Red", "arr_dt": "1454712573", "direction": "0", "travel_time_sec": "586", "benchmark_travel_time_sec": "720"}, {"dep_dt": "1454712198", "route_id": "Red", "arr_dt": "1454712836", "direction": "0", "travel_time_sec": "638", "benchmark_travel_time_sec": "720"}, {"dep_dt": "1454712469", "route_id": "Red", "arr_dt": "1454713052", "direction": "0", "travel_time_sec": "583", "benchmark_travel_time_sec": "720"}, {"dep_dt": "1454712728", "route_id": "Red", "arr_dt": "1454713316", "direction": "0", "travel_time_sec": "588", "benchmark_travel_time_sec": "668"}, {"dep_dt": "1454713074", "route_id": "Red", "arr_dt": "1454713722", "direction": "0", "travel_time_sec": "648", "benchmark_travel_time_sec": "668"}, {"dep_dt": "1454713374", "route_id": "Red", "arr_dt": "1454713963", "direction": "0", "travel_time_sec": "589", "benchmark_travel_time_sec": "668"}, {"dep_dt": "1454713556", "route_id": "Red", "arr_dt": "1454714175", "direction": "0", "travel_time_sec": "619", "benchmark_travel_time_sec": "668"}, {"dep_dt": "1454713764", "route_id": "Red", "arr_dt": "1454714388", "direction": "0", "travel_time_sec": "624", "benchmark_travel_time_sec": "668"}, {"dep_dt": "1454713945", "route_id": "Red", "arr_dt": "1454714582", "direction": "0", "travel_time_sec": "637", "benchmark_travel_time_sec": "668"}, {"dep_dt": "1454714083", "route_id": "Red", "arr_dt": "1454714748", "direction": "0", "travel_time_sec": "665", "benchmark_travel_time_sec": "668"}, {"dep_dt": "1454714248", "route_id": "Red", "arr_dt": "1454714917", "direction": "0", "travel_time_sec": "669", "benchmark_travel_time_sec": "668"}, {"dep_dt": "1454714622", "route_id": "Red", "arr_dt": "1454715186", "direction": "0", "travel_time_sec": "564", "benchmark_travel_time_sec": "660"}, {"dep_dt": "1454714978", "route_id": "Red", "arr_dt": "1454715599", "direction": "0", "travel_time_sec": "621", "benchmark_travel_time_sec": "660"}, {"dep_dt": "1454715279", "route_id": "Red", "arr_dt": "1454715847", "direction": "0", "travel_time_sec": "568", "benchmark_travel_time_sec": "660"}, {"dep_dt": "1454715576", "route_id": "Red", "arr_dt": "1454716193", "direction": "0", "travel_time_sec": "617", "benchmark_travel_time_sec": "660"}, {"dep_dt": "1454715946", "route_id": "Red", "arr_dt": "1454716650", "direction": "0", "travel_time_sec": "704", "benchmark_travel_time_sec": "660"}, {"dep_dt": "1454716101", "route_id": "Red", "arr_dt": "1454716879", "direction": "0", "travel_time_sec": "778", "benchmark_travel_time_sec": "660"}, {"dep_dt": "1454716441", "route_id": "Red", "arr_dt": "1454717073", "direction": "0", "travel_time_sec": "632", "benchmark_travel_time_sec": "660"}, {"dep_dt": "1454716610", "route_id": "Red", "arr_dt": "1454717271", "direction": "0", "travel_time_sec": "661", "benchmark_travel_time_sec": "660"}, {"dep_dt": "1454716818", "route_id": "Red", "arr_dt": "1454717464", "direction": "0", "travel_time_sec": "646", "benchmark_travel_time_sec": "660"}, {"dep_dt": "1454716960", "route_id": "Red", "arr_dt": "1454717666", "direction": "0", "travel_time_sec": "706", "benchmark_travel_time_sec": "660"}, {"dep_dt": "1454717337", "route_id": "Red", "arr_dt": "1454717932", "direction": "0", "travel_time_sec": "595", "benchmark_travel_time_sec": "660"}, {"dep_dt": "1454717486", "route_id": "Red", "arr_dt": "1454718150", "direction": "0", "travel_time_sec": "664", "benchmark_travel_time_sec": "660"}, {"dep_dt": "1454717727", "route_id": "Red", "arr_dt": "1454718488", "direction": "0", "travel_time_sec": "761", "benchmark_travel_time_sec": "660"}, {"dep_dt": "1454717936", "route_id": "Red", "arr_dt": "1454718793", "direction": "0", "travel_time_sec": "857", "threshold_flag_1": "threshold_id_04", "benchmark_travel_time_sec": "660"}, {"dep_dt": "1454718567", "route_id": "Red", "arr_dt": "1454719129", "direction": "0", "travel_time_sec": "562", "benchmark_travel_time_sec": "660"}, {"dep_dt": "1454718707", "route_id": "Red", "arr_dt": "1454719320", "direction": "0", "travel_time_sec": "613", "benchmark_travel_time_sec": "660"}, {"dep_dt": "1454719018", "route_id": "Red", "arr_dt": "1454719574", "direction": "0", "travel_time_sec": "556", "benchmark_travel_time_sec": "660"}, {"dep_dt": "1454719184", "route_id": "Red", "arr_dt": "1454719745", "direction": "0", "travel_time_sec": "561", "benchmark_travel_time_sec": "660"}, {"dep_dt": "1454719642", "route_id": "Red", "arr_dt": "1454720177", "direction": "0", "travel_time_sec": "535", "benchmark_travel_time_sec": "660"}, {"dep_dt": "1454720047", "route_id": "Red", "arr_dt": "1454720613", "direction": "0", "travel_time_sec": "566", "benchmark_travel_time_sec": "550"}, {"dep_dt": "1454720564", "route_id": "Red", "arr_dt": "1454721160", "direction": "0", "travel_time_sec": "596", "benchmark_travel_time_sec": "550"}, {"dep_dt": "1454720726", "route_id": "Red", "arr_dt": "1454721339", "direction": "0", "travel_time_sec": "613", "benchmark_travel_time_sec": "550"}, {"dep_dt": "1454721146", "route_id": "Red", "arr_dt": "1454721722", "direction": "0", "travel_time_sec": "576", "benchmark_travel_time_sec": "550"}, {"dep_dt": "1454721597", "route_id": "Red", "arr_dt": "1454722192", "direction": "0", "travel_time_sec": "595", "benchmark_travel_time_sec": "550"}, {"dep_dt": "1454721734", "route_id": "Red", "arr_dt": "1454722400", "direction": "0", "travel_time_sec": "666", "benchmark_travel_time_sec": "540"}, {"dep_dt": "1454722094", "route_id": "Red", "arr_dt": "1454722657", "direction": "0", "travel_time_sec": "563", "benchmark_travel_time_sec": "540"}, {"dep_dt": "1454722456", "route_id": "Red", "arr_dt": "1454723035", "direction": "0", "travel_time_sec": "579", "benchmark_travel_time_sec": "540"}, {"dep_dt": "1454722806", "route_id": "Red", "arr_dt": "1454723351", "direction": "0", "travel_time_sec": "545", "benchmark_travel_time_sec": "540"}, {"dep_dt": "1454723167", "route_id": "Red", "arr_dt": "1454723753", "direction": "0", "travel_time_sec": "586", "benchmark_travel_time_sec": "540"}, {"dep_dt": "1454723658", "route_id": "Red", "arr_dt": "1454724372", "direction": "0", "travel_time_sec": "714", "benchmark_travel_time_sec": "540"}, {"dep_dt": "1454724461", "route_id": "Red", "arr_dt": "1454725063", "direction": "0", "travel_time_sec": "602", "benchmark_travel_time_sec": "540"}, {"dep_dt": "1454724618", "route_id": "Red", "arr_dt": "1454725247", "direction": "0", "travel_time_sec": "629", "benchmark_travel_time_sec": "540"}, {"dep_dt": "1454724817", "route_id": "Red", "arr_dt": "1454725426", "direction": "0", "travel_time_sec": "609", "benchmark_travel_time_sec": "540"}, {"dep_dt": "1454725006", "route_id": "Red", "arr_dt": "1454725598", "direction": "0", "travel_time_sec": "592", "benchmark_travel_time_sec": "540"}, {"dep_dt": "1454725371", "route_id": "Red", "arr_dt": "1454725929", "direction": "0", "travel_time_sec": "558", "benchmark_travel_time_sec": "540"}, {"dep_dt": "1454725598", "route_id": "Red", "arr_dt": "1454726146", "direction": "0", "travel_time_sec": "548", "benchmark_travel_time_sec": "540"}, {"dep_dt": "1454726076", "route_id": "Red", "arr_dt": "1454726627", "direction": "0", "travel_time_sec": "551", "benchmark_travel_time_sec": "540"}, {"dep_dt": "1454726349", "route_id": "Red", "arr_dt": "1454726900", "direction": "0", "travel_time_sec": "551", "benchmark_travel_time_sec": "540"}, {"dep_dt": "1454726894", "route_id": "Red", "arr_dt": "1454727444", "direction": "0", "travel_time_sec": "550", "benchmark_travel_time_sec": "540"}, {"dep_dt": "1454727632", "route_id": "Red", "arr_dt": "1454728182", "direction": "0", "travel_time_sec": "550", "benchmark_travel_time_sec": "540"}, {"dep_dt": "1454728467", "route_id": "Red", "arr_dt": "1454729045", "direction": "0", "travel_time_sec": "578", "benchmark_travel_time_sec": "540"}, {"dep_dt": "1454728672", "route_id": "Red", "arr_dt": "1454729230", "direction": "0", "travel_time_sec": "558", "benchmark_travel_time_sec": "540"}, {"dep_dt": "1454729029", "route_id": "Red", "arr_dt": "1454729613", "direction": "0", "travel_time_sec": "584", "benchmark_travel_time_sec": "540"}, {"dep_dt": "1454729389", "route_id": "Red", "arr_dt": "1454729915", "direction": "0", "travel_time_sec": "526", "benchmark_travel_time_sec": "540"}, {"dep_dt": "1454729662", "route_id": "Red", "arr_dt": "1454730230", "direction": "0", "travel_time_sec": "568", "benchmark_travel_time_sec": "540"}, {"dep_dt": "1454730078", "route_id": "Red", "arr_dt": "1454730620", "direction": "0", "travel_time_sec": "542", "benchmark_travel_time_sec": "540"}, {"dep_dt": "1454730436", "route_id": "Red", "arr_dt": "1454731020", "direction": "0", "travel_time_sec": "584", "benchmark_travel_time_sec": "540"}, {"dep_dt": "1454730745", "route_id": "Red", "arr_dt": "1454731305", "direction": "0", "travel_time_sec": "560", "benchmark_travel_time_sec": "540"}, {"dep_dt": "1454731158", "route_id": "Red", "arr_dt": "1454731762", "direction": "0", "travel_time_sec": "604", "benchmark_travel_time_sec": "540"}, {"dep_dt": "1454731559", "route_id": "Red", "arr_dt": "1454732109", "direction": "0", "travel_time_sec": "550", "benchmark_travel_time_sec": "540"}, {"dep_dt": "1454731799", "route_id": "Red", "arr_dt": "1454732365", "direction": "0", "travel_time_sec": "566", "benchmark_travel_time_sec": "540"}, {"dep_dt": "1454732245", "route_id": "Red", "arr_dt": "1454732802", "direction": "0", "travel_time_sec": "557", "benchmark_travel_time_sec": "540"}, {"dep_dt": "1454732570", "route_id": "Red", "arr_dt": "1454733109", "direction": "0", "travel_time_sec": "539", "benchmark_travel_time_sec": "540"}, {"dep_dt": "1454733090", "route_id": "Red", "arr_dt": "1454733705", "direction": "0", "travel_time_sec": "615", "benchmark_travel_time_sec": "540"}, {"dep_dt": "1454733452", "route_id": "Red", "arr_dt": "1454733991", "direction": "0", "travel_time_sec": "539", "benchmark_travel_time_sec": "540"}, {"dep_dt": "1454733665", "route_id": "Red", "arr_dt": "1454734180", "direction": "0", "travel_time_sec": "515", "benchmark_travel_time_sec": "540"}, {"dep_dt": "1454734017", "route_id": "Red", "arr_dt": "1454734565", "direction": "0", "travel_time_sec": "548", "benchmark_travel_time_sec": "540"}]}