{"travel_times": [{"dep_dt": "1456289889", "route_id": "Red", "arr_dt": "1456290446", "direction": "0", "travel_time_sec": "557", "benchmark_travel_time_sec": "540"}, {"dep_dt": "1456290166", "route_id": "Red", "arr_dt": "1456290702", "direction": "0", "travel_time_sec": "536", "benchmark_travel_time_sec": "540"}, {"dep_dt": "1456290616", "route_id": "Red", "arr_dt": "1456291145", "direction": "0", "travel_time_sec": "529", "benchmark_travel_time_sec": "540"}, {"dep_dt": "1456290926", "route_id": "Red", "arr_dt": "1456291489", "direction": "0", "travel_time_sec": "563", "benchmark_travel_time_sec": "540"}, {"dep_dt": "1456291205", "route_id": "Red", "arr_dt": "1456291729", "direction": "0", "travel_time_sec": "524", "benchmark_travel_time_sec": "540"}, {"dep_dt": "1456291518", "route_id": "Red", "arr_dt": "1456292066", "direction": "0", "travel_time_sec": "548", "benchmark_travel_time_sec": "540"}, {"dep_dt": "1456291811", "route_id": "Red", "arr_dt": "1456292356", "direction": "0", "travel_time_sec": "545", "benchmark_travel_time_sec": "540"}, {"dep_dt": "1456292345", "route_id": "Red", "arr_dt": "1456293265", "direction": "0", "threshold_flag_2": "threshold_id_05", "travel_time_sec": "920", "threshold_flag_1": "threshold_id_04", "benchmark_travel_time_sec": "540"}, {"dep_dt": "1456309416", "route_id": "Red", "arr_dt": "1456309934", "direction": "0", "travel_time_sec": "518", "benchmark_travel_time_sec": "540"}, {"dep_dt": "1456310239", "route_id": "Red", "arr_dt": "1456310788", "direction": "0", "travel_time_sec": "549", "benchmark_travel_time_sec": "540"}, {"dep_dt": "1456310797", "route_id": "Red", "arr_dt": "1456311341", "direction": "0", "travel_time_sec": "544", "benchmark_travel_time_sec": "540"}, {"dep_dt": "1456311113", "route_id": "Red", "arr_dt": "1456311617", "direction": "0", "travel_time_sec": "504", "benchmark_travel_time_sec": "540"}, {"dep_dt": "1456311695", "route_id": "Red", "arr_dt": "1456312233", "direction": "0", "travel_time_sec": "538", "benchmark_travel_time_sec": "540"}, {"dep_dt": "1456312295", "route_id": "Red", "arr_dt": "1456312901", "direction": "0", "travel_time_sec": "606", "benchmark_travel_time_sec": "540"}, {"dep_dt": "1456312578", "route_id": "Red", "arr_dt": "1456313133", "direction": "0", "travel_time_sec": "555", "benchmark_travel_time_sec": "540"}, {"dep_dt": "1456312858", "route_id": "Red", "arr_dt": "1456313407", "direction": "0", "travel_time_sec": "549", "benchmark_travel_time_sec": "540"}, {"dep_dt": "1456313190", "route_id": "Red", "arr_dt": "1456313741", "direction": "0", "travel_time_sec": "551", "benchmark_travel_time_sec": "540"}, {"dep_dt": "1456313688", "route_id": "Red", "arr_dt": "1456314323", "direction": "0", "travel_time_sec": "635", "benchmark_travel_time_sec": "540"}, {"dep_dt": "1456314168", "route_id": "Red", "arr_dt": "1456314733", "direction": "0", "travel_time_sec": "565", "benchmark_travel_time_sec": "540"}, {"dep_dt": "1456314480", "route_id": "Red", "arr_dt": "1456315071", "direction": "0", "travel_time_sec": "591", "benchmark_travel_time_sec": "540"}, {"dep_dt": "1456314834", "route_id": "Red", "arr_dt": "1456315482", "direction": "0", "travel_time_sec": "648", "benchmark_travel_time_sec": "651"}, {"dep_dt": "1456315108", "route_id": "Red", "arr_dt": "1456315688", "direction": "0", "travel_time_sec": "580", "benchmark_travel_time_sec": "651"}, {"dep_dt": "1456315335", "route_id": "Red", "arr_dt": "1456315959", "direction": "0", "travel_time_sec": "624", "benchmark_travel_time_sec": "651"}, {"dep_dt": "1456315665", "route_id": "Red", "arr_dt": "1456316182", "direction": "0", "travel_time_sec": "517", "benchmark_travel_time_sec": "651"}, {"dep_dt": "1456315822", "route_id": "Red", "arr_dt": "1456316388", "direction": "0", "travel_time_sec": "566", "benchmark_travel_time_sec": "651"}, {"dep_dt": "1456316077", "route_id": "Red", "arr_dt": "1456316611", "direction": "0", "travel_time_sec": "534", "benchmark_travel_time_sec": "651"}, {"dep_dt": "1456316267", "route_id": "Red", "arr_dt": "1456316829", "direction": "0", "travel_time_sec": "562", "benchmark_travel_time_sec": "651"}, {"dep_dt": "1456316613", "route_id": "Red", "arr_dt": "1456317268", "direction": "0", "travel_time_sec": "655", "benchmark_travel_time_sec": "660"}, {"dep_dt": "1456316825", "route_id": "Red", "arr_dt": "1456317477", "direction": "0", "travel_time_sec": "652", "benchmark_travel_time_sec": "660"}, {"dep_dt": "1456316997", "route_id": "Red", "arr_dt": "1456317708", "direction": "0", "travel_time_sec": "711", "benchmark_travel_time_sec": "660"}, {"dep_dt": "1456317159", "route_id": "Red", "arr_dt": "1456317905", "direction": "0", "travel_time_sec": "746", "benchmark_travel_time_sec": "660"}, {"dep_dt": "1456317404", "route_id": "Red", "arr_dt": "1456318174", "direction": "0", "travel_time_sec": "770", "benchmark_travel_time_sec": "660"}, {"dep_dt": "1456317568", "route_id": "Red", "arr_dt": "1456318381", "direction": "0", "travel_time_sec": "813", "benchmark_travel_time_sec": "660"}, {"dep_dt": "1456317716", "route_id": "Red", "arr_dt": "1456318616", "direction": "0", "travel_time_sec": "900", "threshold_flag_1": "threshold_id_04", "benchmark_travel_time_sec": "660"}, {"dep_dt": "1456318212", "route_id": "Red", "arr_dt": "1456318984", "direction": "0", "travel_time_sec": "772", "benchmark_travel_time_sec": "660"}, {"dep_dt": "1456318387", "route_id": "Red", "arr_dt": "1456319199", "direction": "0", "travel_time_sec": "812", "benchmark_travel_time_sec": "660"}, {"dep_dt": "1456318587", "route_id": "Red", "arr_dt": "1456319396", "direction": "0", "travel_time_sec": "809", "benchmark_travel_time_sec": "660"}, {"dep_dt": "1456318844", "route_id": "Red", "arr_dt": "1456319600", "direction": "0", "travel_time_sec": "756", "benchmark_travel_time_sec": "660"}, {"dep_dt": "1456319215", "route_id": "Red", "arr_dt": "1456320097", "direction": "0", "travel_time_sec": "882", "threshold_flag_1": "threshold_id_04", "benchmark_travel_time_sec": "660"}, {"dep_dt": "1456319698", "route_id": "Red", "arr_dt": "1456320505", "direction": "0", "travel_time_sec": "807", "benchmark_travel_time_sec": "660"}, {"dep_dt": "1456319987", "route_id": "Red", "arr_dt": "1456320753", "direction": "0", "travel_time_sec": "766", "benchmark_travel_time_sec": "660"}, {"dep_dt": "1456320184", "route_id": "Red", "arr_dt": "1456321045", "direction": "0", "travel_time_sec": "861", "threshold_flag_1": "threshold_id_04", "benchmark_travel_time_sec": "660"}, {"dep_dt": "1456320340", "route_id": "Red", "arr_dt": "1456321309", "direction": "0", "travel_time_sec": "969", "threshold_flag_1": "threshold_id_04", "benchmark_travel_time_sec": "660"}, {"dep_dt": "1456320748", "threshold_flag_3": "threshold_id_06", "route_id": "Red", "arr_dt": "1456322740", "direction": "0", "threshold_flag_2": "threshold_id_05", "travel_time_sec": "1992", "threshold_flag_1": "threshold_id_04", "benchmark_travel_time_sec": "660"}, {"dep_dt": "1456321079", "threshold_flag_3": "threshold_id_06", "route_id": "Red", "arr_dt": "1456323003", "direction": "0", "threshold_flag_2": "threshold_id_05", "travel_time_sec": "1924", "threshold_flag_1": "threshold_id_04", "benchmark_travel_time_sec": "660"}, {"dep_dt": "1456321564", "threshold_flag_3": "threshold_id_06", "route_id": "Red", "arr_dt": "1456323487", "direction": "0", "threshold_flag_2": "threshold_id_05", "travel_time_sec": "1923", "threshold_flag_1": "threshold_id_04", "benchmark_travel_time_sec": "660"}, {"dep_dt": "1456321906", "threshold_flag_3": "threshold_id_06", "route_id": "Red", "arr_dt": "1456323692", "direction": "0", "threshold_flag_2": "threshold_id_05", "travel_time_sec": "1786", "threshold_flag_1": "threshold_id_04", "benchmark_travel_time_sec": "660"}, {"dep_dt": "1456322942", "route_id": "Red", "arr_dt": "1456323899", "direction": "0", "travel_time_sec": "957", "threshold_flag_1": "threshold_id_04", "benchmark_travel_time_sec": "660"}, {"dep_dt": "1456323137", "route_id": "Red", "arr_dt": "1456324133", "direction": "0", "travel_time_sec": "996", "threshold_flag_1": "threshold_id_04", "benchmark_travel_time_sec": "660"}, {"dep_dt": "1456323336", "route_id": "Red", "arr_dt": "1456324323", "direction": "0", "threshold_flag_2": "threshold_id_05", "travel_time_sec": "987", "threshold_flag_1": "threshold_id_04", "benchmark_travel_time_sec": "615"}, {"dep_dt": "1456323478", "route_id": "Red", "arr_dt": "1456324536", "direction": "0", "threshold_flag_2": "threshold_id_05", "travel_time_sec": "1058", "threshold_flag_1": "threshold_id_04", "benchmark_travel_time_sec": "615"}, {"dep_dt": "1456323648", "route_id": "Red", "arr_dt": "1456324732", "direction": "0", "threshold_flag_2": "threshold_id_05", "travel_time_sec": "1084", "threshold_flag_1": "threshold_id_04", "benchmark_travel_time_sec": "615"}, {"dep_dt": "1456323785", "route_id": "Red", "arr_dt": "1456324913", "direction": "0", "threshold_flag_2": "threshold_id_05", "travel_time_sec": "1128", "threshold_flag_1": "threshold_id_04", "benchmark_travel_time_sec": "615"}, {"dep_dt": "1456324016", "route_id": "Red", "arr_dt": "1456325089", "direction": "0", "threshold_flag_2": "threshold_id_05", "travel_time_sec": "1073", "threshold_flag_1": "threshold_id_04", "benchmark_travel_time_sec": "615"}, {"dep_dt": "1456324167", "route_id": "Red", "arr_dt": "1456325275", "direction": "0", "threshold_flag_2": "threshold_id_05", "travel_time_sec": "1108", "threshold_flag_1": "threshold_id_04", "benchmark_travel_time_sec": "615"}, {"dep_dt": "1456324407", "route_id": "Red", "arr_dt": "1456325460", "direction": "0", "threshold_flag_2": "threshold_id_05", "travel_time_sec": "1053", "threshold_flag_1": "threshold_id_04", "benchmark_travel_time_sec": "615"}, {"dep_dt": "1456324548", "route_id": "Red", "arr_dt": "1456325736", "direction": "0", "threshold_flag_2": "threshold_id_05", "travel_time_sec": "1188", "threshold_flag_1": "threshold_id_04", "benchmark_travel_time_sec": "615"}, {"dep_dt": "1456324726", "route_id": "Red", "arr_dt": "1456325930", "direction": "0", "threshold_flag_2": "threshold_id_05", "travel_time_sec": "1204", "threshold_flag_1": "threshold_id_04", "benchmark_travel_time_sec": "615"}, {"dep_dt": "1456324899", "threshold_flag_3": "threshold_id_06", "route_id": "Red", "arr_dt": "1456326171", "direction": "0", "threshold_flag_2": "threshold_id_05", "travel_time_sec": "1272", "threshold_flag_1": "threshold_id_04", "benchmark_travel_time_sec": "600"}, {"dep_dt": "1456325485", "threshold_flag_3": "threshold_id_06", "route_id": "Red", "arr_dt": "1456327106", "direction": "0", "threshold_flag_2": "threshold_id_05", "travel_time_sec": "1621", "threshold_flag_1": "threshold_id_04", "benchmark_travel_time_sec": "600"}, {"dep_dt": "1456325665", "threshold_flag_3": "threshold_id_06", "route_id": "Red", "arr_dt": "1456327297", "direction": "0", "threshold_flag_2": "threshold_id_05", "travel_time_sec": "1632", "threshold_flag_1": "threshold_id_04", "benchmark_travel_time_sec": "600"}, {"dep_dt": "1456325835", "threshold_flag_3": "threshold_id_06", "route_id": "Red", "arr_dt": "1456327487", "direction": "0", "threshold_flag_2": "threshold_id_05", "travel_time_sec": "1652", "threshold_flag_1": "threshold_id_04", "benchmark_travel_time_sec": "600"}, {"dep_dt": "1456326911", "route_id": "Red", "arr_dt": "1456327666", "direction": "0", "travel_time_sec": "755", "benchmark_travel_time_sec": "600"}, {"dep_dt": "1456327398", "route_id": "Red", "arr_dt": "1456328052", "direction": "0", "travel_time_sec": "654", "benchmark_travel_time_sec": "600"}, {"dep_dt": "1456327534", "route_id": "Red", "arr_dt": "1456328216", "direction": "0", "travel_time_sec": "682", "benchmark_travel_time_sec": "600"}, {"dep_dt": "1456328088", "route_id": "Red", "arr_dt": "1456328699", "direction": "0", "travel_time_sec": "611", "benchmark_travel_time_sec": "600"}, {"dep_dt": "1456328385", "route_id": "Red", "arr_dt": "1456328985", "direction": "0", "travel_time_sec": "600", "benchmark_travel_time_sec": "600"}, {"dep_dt": "1456328746", "route_id": "Red", "arr_dt": "1456329303", "direction": "0", "travel_time_sec": "557", "benchmark_travel_time_sec": "600"}, {"dep_dt": "1456329177", "route_id": "Red", "arr_dt": "1456329699", "direction": "0", "travel_time_sec": "522", "benchmark_travel_time_sec": "600"}, {"dep_dt": "1456329555", "route_id": "Red", "arr_dt": "1456330103", "direction": "0", "travel_time_sec": "548", "benchmark_travel_time_sec": "600"}, {"dep_dt": "1456330005", "route_id": "Red", "arr_dt": "1456330575", "direction": "0", "travel_time_sec": "570", "benchmark_travel_time_sec": "600"}, {"dep_dt": "1456330473", "route_id": "Red", "arr_dt": "1456331019", "direction": "0", "travel_time_sec": "546", "benchmark_travel_time_sec": "600"}, {"dep_dt": "1456331069", "route_id": "Red", "arr_dt": "1456331684", "direction": "0", "travel_time_sec": "615", "benchmark_travel_time_sec": "600"}, {"dep_dt": "1456331348", "route_id": "Red", "arr_dt": "1456331896", "direction": "0", "travel_time_sec": "548", "benchmark_travel_time_sec": "600"}, {"dep_dt": "1456331561", "route_id": "Red", "arr_dt": "1456332116", "direction": "0", "travel_time_sec": "555", "benchmark_travel_time_sec": "600"}, {"dep_dt": "1456332026", "route_id": "Red", "arr_dt": "1456332702", "direction": "0", "travel_time_sec": "676", "benchmark_travel_time_sec": "600"}, {"dep_dt": "1456332446", "route_id": "Red", "arr_dt": "1456333001", "direction": "0", "travel_time_sec": "555", "benchmark_travel_time_sec": "600"}, {"dep_dt": "1456332796", "route_id": "Red", "arr_dt": "1456333354", "direction": "0", "travel_time_sec": "558", "benchmark_travel_time_sec": "600"}, {"dep_dt": "1456333137", "route_id": "Red", "arr_dt": "1456333697", "direction": "0", "travel_time_sec": "560", "benchmark_travel_time_sec": "600"}, {"dep_dt": "1456333933", "route_id": "Red", "arr_dt": "1456334517", "direction": "0", "travel_time_sec": "584", "benchmark_travel_time_sec": "600"}, {"dep_dt": "1456334548", "route_id": "Red", "arr_dt": "1456335082", "direction": "0", "travel_time_sec": "534", "benchmark_travel_time_sec": "600"}, {"dep_dt": "1456334795", "route_id": "Red", "arr_dt": "1456335355", "direction": "0", "travel_time_sec": "560", "benchmark_travel_time_sec": "600"}, {"dep_dt": "1456335296", "route_id": "Red", "arr_dt": "1456335912", "direction": "0", "travel_time_sec": "616", "benchmark_travel_time_sec": "600"}, {"dep_dt": "1456335575", "route_id": "Red", "arr_dt": "1456336109", "direction": "0", "travel_time_sec": "534", "benchmark_travel_time_sec": "600"}, {"dep_dt": "1456336145", "route_id": "Red", "arr_dt": "1456336695", "direction": "0", "travel_time_sec": "550", "benchmark_travel_time_sec": "600"}, {"dep_dt": "1456337150", "route_id": "Red", "arr_dt": "1456337716", "direction": "0", "travel_time_sec": "566", "benchmark_travel_time_sec": "600"}, {"dep_dt": "1456337589", "route_id": "Red", "arr_dt": "1456338120", "direction": "0", "travel_time_sec": "531", "benchmark_travel_time_sec": "600"}, {"dep_dt": "1456338206", "route_id": "Red", "arr_dt": "1456338760", "direction": "0", "travel_time_sec": "554", "benchmark_travel_time_sec": "600"}, {"dep_dt": "1456338464", "route_id": "Red", "arr_dt": "1456338989", "direction": "0", "travel_time_sec": "525", "benchmark_travel_time_sec": "600"}, {"dep_dt": "1456338784", "route_id": "Red", "arr_dt": "1456339354", "direction": "0", "travel_time_sec": "570", "benchmark_travel_time_sec": "600"}, {"dep_dt": "1456339207", "route_id": "Red", "arr_dt": "1456339778", "direction": "0", "travel_time_sec": "571", "benchmark_travel_time_sec": "600"}, {"dep_dt": "1456339804", "route_id": "Red", "arr_dt": "1456340387", "direction": "0", "travel_time_sec": "583", "benchmark_travel_time_sec": "600"}, {"dep_dt": "1456340531", "route_id": "Red", "arr_dt": "1456341082", "direction": "0", "travel_time_sec": "551", "benchmark_travel_time_sec": "600"}, {"dep_dt": "1456340916", "route_id": "Red", "arr_dt": "1456341491", "direction": "0", "travel_time_sec": "575", "benchmark_travel_time_sec": "600"}, {"dep_dt": "1456341442", "route_id": "Red", "arr_dt": "1456342002", "direction": "0", "travel_time_sec": "560", "benchmark_travel_time_sec": "600"}, {"dep_dt": "1456341866", "route_id": "Red", "arr_dt": "1456342460", "direction": "0", "travel_time_sec": "594", "benchmark_travel_time_sec": "600"}, {"dep_dt": "1456342327", "route_id": "Red", "arr_dt": "1456342917", "direction": "0", "travel_time_sec": "590", "benchmark_travel_time_sec": "600"}, {"dep_dt": "1456342840", "route_id": "Red", "arr_dt": "1456343432", "direction": "0", "travel_time_sec": "592", "benchmark_travel_time_sec": "600"}, {"dep_dt": "1456343021", "route_id": "Red", "arr_dt": "1456343641", "direction": "0", "travel_time_sec": "620", "benchmark_travel_time_sec": "600"}, {"dep_dt": "1456343747", "route_id": "Red", "arr_dt": "1456344354", "direction": "0", "travel_time_sec": "607", "benchmark_travel_time_sec": "600"}, {"dep_dt": "1456344025", "route_id": "Red", "arr_dt": "1456344612", "direction": "0", "travel_time_sec": "587", "benchmark_travel_time_sec": "600"}, {"dep_dt": "1456344667", "route_id": "Red", "arr_dt": "1456345247", "direction": "0", "travel_time_sec": "580", "benchmark_travel_time_sec": "600"}, {"dep_dt": "1456344963", "route_id": "Red", "arr_dt": "1456345591", "direction": "0", "travel_time_sec": "628", "benchmark_travel_time_sec": "600"}, {"dep_dt": "1456345124", "route_id": "Red", "arr_dt": "1456345768", "direction": "0", "travel_time_sec": "644", "benchmark_travel_time_sec": "600"}, {"dep_dt": "1456345440", "route_id": "Red", "arr_dt": "1456346036", "direction": "0", "travel_time_sec": "596", "benchmark_travel_time_sec": "600"}, {"dep_dt": "1456345706", "route_id": "Red", "arr_dt": "1456346458", "direction": "0", "travel_time_sec": "752", "benchmark_travel_time_sec": "600"}, {"dep_dt": "1456346214", "route_id": "Red", "arr_dt": "1456347281", "direction": "0", "threshold_flag_2": "threshold_id_05", "travel_time_sec": "1067", "threshold_flag_1": "threshold_id_04", "benchmark_travel_time_sec": "600"}, {"dep_dt": "1456347144", "route_id": "Red", "arr_dt": "1456347727", "direction": "0", "travel_time_sec": "583", "benchmark_travel_time_sec": "700"}, {"dep_dt": "1456347707", "route_id": "Red", "arr_dt": "1456348320", "direction": "0", "travel_time_sec": "613", "benchmark_travel_time_sec": "700"}, {"dep_dt": "1456348177", "route_id": "Red", "arr_dt": "1456348866", "direction": "0", "travel_time_sec": "689", "benchmark_travel_time_sec": "700"}, {"dep_dt": "1456348450", "route_id": "Red", "arr_dt": "1456349415", "direction": "0", "travel_time_sec": "965", "threshold_flag_1": "threshold_id_04", "benchmark_travel_time_sec": "720"}, {"dep_dt": "1456348747", "route_id": "Red", "arr_dt": "1456349636", "direction": "0", "travel_time_sec": "889", "benchmark_travel_time_sec": "720"}, {"dep_dt": "1456349129", "route_id": "Red", "arr_dt": "1456349832", "direction": "0", "travel_time_sec": "703", "benchmark_travel_time_sec": "720"}, {"dep_dt": "1456349275", "route_id": "Red", "arr_dt": "1456350061", "direction": "0", "travel_time_sec": "786", "benchmark_travel_time_sec": "720"}, {"dep_dt": "1456349518", "route_id": "Red", "arr_dt": "1456350278", "direction": "0", "travel_time_sec": "760", "benchmark_travel_time_sec": "720"}, {"dep_dt": "1456349806", "route_id": "Red", "arr_dt": "1456350501", "direction": "0", "travel_time_sec": "695", "benchmark_travel_time_sec": "720"}, {"dep_dt": "1456349959", "route_id": "Red", "arr_dt": "1456350730", "direction": "0", "travel_time_sec": "771", "benchmark_travel_time_sec": "720"}, {"dep_dt": "1456350304", "route_id": "Red", "arr_dt": "1456350920", "direction": "0", "travel_time_sec": "616", "benchmark_travel_time_sec": "720"}, {"dep_dt": "1456350540", "route_id": "Red", "arr_dt": "1456351173", "direction": "0", "travel_time_sec": "633", "benchmark_travel_time_sec": "720"}, {"dep_dt": "1456350924", "route_id": "Red", "arr_dt": "1456351496", "direction": "0", "travel_time_sec": "572", "benchmark_travel_time_sec": "720"}, {"dep_dt": "1456351168", "route_id": "Red", "arr_dt": "1456351766", "direction": "0", "travel_time_sec": "598", "benchmark_travel_time_sec": "720"}, {"dep_dt": "1456351379", "route_id": "Red", "arr_dt": "1456352005", "direction": "0", "travel_time_sec": "626", "benchmark_travel_time_sec": "720"}, {"dep_dt": "1456351642", "route_id": "Red", "arr_dt": "1456352307", "direction": "0", "travel_time_sec": "665", "benchmark_travel_time_sec": "720"}, {"dep_dt": "1456351807", "route_id": "Red", "arr_dt": "1456352558", "direction": "0", "travel_time_sec": "751", "benchmark_travel_time_sec": "720"}, {"dep_dt": "1456351982", "route_id": "Red", "arr_dt": "1456352850", "direction": "0", "travel_time_sec": "868", "benchmark_travel_time_sec": "720"}, {"dep_dt": "1456352417", "route_id": "Red", "arr_dt": "1456353296", "direction": "0", "travel_time_sec": "879", "benchmark_travel_time_sec": "720"}, {"dep_dt": "1456352688", "route_id": "Red", "arr_dt": "1456353574", "direction": "0", "travel_time_sec": "886", "benchmark_travel_time_sec": "720"}, {"dep_dt": "1456352984", "route_id": "Red", "arr_dt": "1456353809", "direction": "0", "travel_time_sec": "825", "benchmark_travel_time_sec": "720"}, {"dep_dt": "1456353192", "route_id": "Red", "arr_dt": "1456354027", "direction": "0", "travel_time_sec": "835", "benchmark_travel_time_sec": "720"}, {"dep_dt": "1456353419", "route_id": "Red", "arr_dt": "1456354532", "direction": "0", "threshold_flag_2": "threshold_id_05", "travel_time_sec": "1113", "threshold_flag_1": "threshold_id_04", "benchmark_travel_time_sec": "720"}, {"dep_dt": "1456353600", "route_id": "Red", "arr_dt": "1456354734", "direction": "0", "threshold_flag_2": "threshold_id_05", "travel_time_sec": "1134", "threshold_flag_1": "threshold_id_04", "benchmark_travel_time_sec": "720"}, {"dep_dt": "1456354621", "route_id": "Red", "arr_dt": "1456355381", "direction": "0", "travel_time_sec": "760", "benchmark_travel_time_sec": "668"}, {"dep_dt": "1456354925", "route_id": "Red", "arr_dt": "1456355668", "direction": "0", "travel_time_sec": "743", "benchmark_travel_time_sec": "668"}, {"dep_dt": "1456356496", "route_id": "Red", "arr_dt": "1456357529", "direction": "0", "threshold_flag_2": "threshold_id_05", "travel_time_sec": "1033", "threshold_flag_1": "threshold_id_04", "benchmark_travel_time_sec": "660"}, {"dep_dt": "1456356965", "threshold_flag_3": "threshold_id_06", "route_id": "Red", "arr_dt": "1456358546", "direction": "0", "threshold_flag_2": "threshold_id_05", "travel_time_sec": "1581", "threshold_flag_1": "threshold_id_04", "benchmark_travel_time_sec": "660"}, {"dep_dt": "1456358176", "route_id": "Red", "arr_dt": "1456359336", "direction": "0", "threshold_flag_2": "threshold_id_05", "travel_time_sec": "1160", "threshold_flag_1": "threshold_id_04", "benchmark_travel_time_sec": "660"}, {"dep_dt": "1456358467", "route_id": "Red", "arr_dt": "1456359544", "direction": "0", "threshold_flag_2": "threshold_id_05", "travel_time_sec": "1077", "threshold_flag_1": "threshold_id_04", "benchmark_travel_time_sec": "660"}, {"dep_dt": "1456358684", "route_id": "Red", "arr_dt": "1456359770", "direction": "0", "threshold_flag_2": "threshold_id_05", "travel_time_sec": "1086", "threshold_flag_1": "threshold_id_04", "benchmark_travel_time_sec": "660"}, {"dep_dt": "1456358861", "route_id": "Red", "arr_dt": "1456360071", "direction": "0", "threshold_flag_2": "threshold_id_05", "travel_time_sec": "1210", "threshold_flag_1": "threshold_id_04", "benchmark_travel_time_sec": "660"}, {"dep_dt": "1456359325", "route_id": "Red", "arr_dt": "1456360287", "direction": "0", "travel_time_sec": "962", "threshold_flag_1": "threshold_id_04", "benchmark_travel_time_sec": "660"}, {"dep_dt": "1456359598", "route_id": "Red", "arr_dt": "1456360482", "direction": "0", "travel_time_sec": "884", "threshold_flag_1": "threshold_id_04", "benchmark_travel_time_sec": "660"}, {"dep_dt": "1456360108", "route_id": "Red", "arr_dt": "1456360678", "direction": "0", "travel_time_sec": "570", "benchmark_travel_time_sec": "660"}, {"dep_dt": "1456360703", "route_id": "Red", "arr_dt": "1456361303", "direction": "0", "travel_time_sec": "600", "benchmark_travel_time_sec": "660"}, {"dep_dt": "1456360964", "route_id": "Red", "arr_dt": "1456361570", "direction": "0", "travel_time_sec": "606", "benchmark_travel_time_sec": "660"}, {"dep_dt": "1456361366", "route_id": "Red", "arr_dt": "1456362150", "direction": "0", "travel_time_sec": "784", "threshold_flag_1": "threshold_id_04", "benchmark_travel_time_sec": "550"}, {"dep_dt": "1456362082", "route_id": "Red", "arr_dt": "1456362668", "direction": "0", "travel_time_sec": "586", "benchmark_travel_time_sec": "550"}, {"dep_dt": "1456362445", "route_id": "Red", "arr_dt": "1456363050", "direction": "0", "travel_time_sec": "605", "benchmark_travel_time_sec": "550"}, {"dep_dt": "1456362867", "route_id": "Red", "arr_dt": "1456363483", "direction": "0", "travel_time_sec": "616", "benchmark_travel_time_sec": "550"}, {"dep_dt": "1456363234", "route_id": "Red", "arr_dt": "1456363805", "direction": "0", "travel_time_sec": "571", "benchmark_travel_time_sec": "540"}, {"dep_dt": "1456363636", "route_id": "Red", "arr_dt": "1456364188", "direction": "0", "travel_time_sec": "552", "benchmark_travel_time_sec": "540"}, {"dep_dt": "1456364024", "route_id": "Red", "arr_dt": "1456364560", "direction": "0", "travel_time_sec": "536", "benchmark_travel_time_sec": "540"}, {"dep_dt": "1456364512", "route_id": "Red", "arr_dt": "1456365133", "direction": "0", "travel_time_sec": "621", "benchmark_travel_time_sec": "540"}, {"dep_dt": "1456364899", "route_id": "Red", "arr_dt": "1456365441", "direction": "0", "travel_time_sec": "542", "benchmark_travel_time_sec": "540"}, {"dep_dt": "1456365328", "route_id": "Red", "arr_dt": "1456365907", "direction": "0", "travel_time_sec": "579", "benchmark_travel_time_sec": "540"}, {"dep_dt": "1456365665", "route_id": "Red", "arr_dt": "1456366232", "direction": "0", "travel_time_sec": "567", "benchmark_travel_time_sec": "540"}, {"dep_dt": "1456366160", "route_id": "Red", "arr_dt": "1456366746", "direction": "0", "travel_time_sec": "586", "benchmark_travel_time_sec": "540"}, {"dep_dt": "1456366746", "route_id": "Red", "arr_dt": "1456367376", "direction": "0", "travel_time_sec": "630", "benchmark_travel_time_sec": "540"}, {"dep_dt": "1456366977", "route_id": "Red", "arr_dt": "1456367563", "direction": "0", "travel_time_sec": "586", "benchmark_travel_time_sec": "540"}, {"dep_dt": "1456367198", "route_id": "Red", "arr_dt": "1456367813", "direction": "0", "travel_time_sec": "615", "benchmark_travel_time_sec": "540"}, {"dep_dt": "1456367576", "route_id": "Red", "arr_dt": "1456368148", "direction": "0", "travel_time_sec": "572", "benchmark_travel_time_sec": "540"}, {"dep_dt": "1456367781", "route_id": "Red", "arr_dt": "1456368352", "direction": "0", "travel_time_sec": "571", "benchmark_travel_time_sec": "540"}, {"dep_dt": "1456368006", "route_id": "Red", "arr_dt": "1456368571", "direction": "0", "travel_time_sec": "565", "benchmark_travel_time_sec": "540"}, {"dep_dt": "1456368275", "route_id": "Red", "arr_dt": "1456368876", "direction": "0", "travel_time_sec": "601", "benchmark_travel_time_sec": "540"}, {"dep_dt": "1456368744", "route_id": "Red", "arr_dt": "1456369282", "direction": "0", "travel_time_sec": "538", "benchmark_travel_time_sec": "540"}, {"dep_dt": "1456368977", "route_id": "Red", "arr_dt": "1456369561", "direction": "0", "travel_time_sec": "584", "benchmark_travel_time_sec": "540"}, {"dep_dt": "1456369452", "route_id": "Red", "arr_dt": "1456369996", "direction": "0", "travel_time_sec": "544", "benchmark_travel_time_sec": "540"}, {"dep_dt": "1456369819", "route_id": "Red", "arr_dt": "1456370381", "direction": "0", "travel_time_sec": "562", "benchmark_travel_time_sec": "540"}, {"dep_dt": "1456370235", "route_id": "Red", "arr_dt": "1456370947", "direction": "0", "travel_time_sec": "712", "benchmark_travel_time_sec": "540"}, {"dep_dt": "1456370485", "route_id": "Red", "arr_dt": "1456371161", "direction": "0", "travel_time_sec": "676", "benchmark_travel_time_sec": "540"}, {"dep_dt": "1456370782", "route_id": "Red", "arr_dt": "1456371376", "direction": "0", "travel_time_sec": "594", "benchmark_travel_time_sec": "540"}, {"dep_dt": "1456370987", "route_id": "Red", "arr_dt": "1456371560", "direction": "0", "travel_time_sec": "573", "benchmark_travel_time_sec": "540"}, {"dep_dt": "1456371408", "route_id": "Red", "arr_dt": "1456371929", "direction": "0", "travel_time_sec": "521", "benchmark_travel_time_sec": "540"}, {"dep_dt": "1456371755", "route_id": "Red", "arr_dt": "1456372279", "direction": "0", "travel_time_sec": "524", "benchmark_travel_time_sec": "540"}, {"dep_dt": "1456372412", "route_id": "Red", "arr_dt": "1456373028", "direction": "0", "travel_time_sec": "616", "benchmark_travel_time_sec": "540"}, {"dep_dt": "1456372589", "route_id": "Red", "arr_dt": "1456373220", "direction": "0", "travel_time_sec": "631", "benchmark_travel_time_sec": "540"}, {"dep_dt": "1456372969", "route_id": "Red", "arr_dt": "1456373541", "direction": "0", "travel_time_sec": "572", "benchmark_travel_time_sec": "540"}, {"dep_dt": "1456373153", "route_id": "Red", "arr_dt": "1456373760", "direction": "0", "travel_time_sec": "607", "benchmark_travel_time_sec": "540"}, {"dep_dt": "1456373568", "route_id": "Red", "arr_dt": "1456374107", "direction": "0", "travel_time_sec": "539", "benchmark_travel_time_sec": "540"}, {"dep_dt": "1456373725", "route_id": "Red", "arr_dt": "1456374306", "direction": "0", "travel_time_sec": "581", "benchmark_travel_time_sec": "540"}, {"dep_dt": "1456374261", "route_id": "Red", "arr_dt": "1456374791", "direction": "0", "travel_time_sec": "530", "benchmark_travel_time_sec": "540"}, {"dep_dt": "1456374535", "route_id": "Red", "arr_dt": "1456375089", "direction": "0", "travel_time_sec": "554", "benchmark_travel_time_sec": "540"}, {"dep_dt": "1456375007", "route_id": "Red", "arr_dt": "1456375556", "direction": "0", "travel_time_sec": "549", "benchmark_travel_time_sec": "540"}, {"dep_dt": "1456375457", "route_id": "Red", "arr_dt": "1456375998", "direction": "0", "travel_time_sec": "541", "benchmark_travel_time_sec": "540"}, {"dep_dt": "1456375763", "route_id": "Red", "arr_dt": "1456376329", "direction": "0", "travel_time_sec": "566", "benchmark_travel_time_sec": "540"}]}