{"travel_times": [{"dep_dt": "1459914621", "route_id": "Red", "arr_dt": "1459915222", "direction": "0", "travel_time_sec": "601", "benchmark_travel_time_sec": "540"}, {"dep_dt": "1459914818", "route_id": "Red", "arr_dt": "1459915399", "direction": "0", "travel_time_sec": "581", "benchmark_travel_time_sec": "540"}, {"dep_dt": "1459915154", "route_id": "Red", "arr_dt": "1459915727", "direction": "0", "travel_time_sec": "573", "benchmark_travel_time_sec": "540"}, {"dep_dt": "1459915585", "route_id": "Red", "arr_dt": "1459916119", "direction": "0", "travel_time_sec": "534", "benchmark_travel_time_sec": "540"}, {"dep_dt": "1459915879", "route_id": "Red", "arr_dt": "1459916409", "direction": "0", "travel_time_sec": "530", "benchmark_travel_time_sec": "540"}, {"dep_dt": "1459916329", "route_id": "Red", "arr_dt": "1459916868", "direction": "0", "travel_time_sec": "539", "benchmark_travel_time_sec": "540"}, {"dep_dt": "1459916760", "route_id": "Red", "arr_dt": "1459917297", "direction": "0", "travel_time_sec": "537", "benchmark_travel_time_sec": "540"}, {"dep_dt": "1459917214", "route_id": "Red", "arr_dt": "1459917823", "direction": "0", "travel_time_sec": "609", "benchmark_travel_time_sec": "540"}, {"dep_dt": "1459934687", "route_id": "Red", "arr_dt": "1459935243", "direction": "0", "travel_time_sec": "556", "benchmark_travel_time_sec": "540"}, {"dep_dt": "1459935347", "route_id": "Red", "arr_dt": "1459935924", "direction": "0", "travel_time_sec": "577", "benchmark_travel_time_sec": "540"}, {"dep_dt": "1459935784", "route_id": "Red", "arr_dt": "1459936370", "direction": "0", "travel_time_sec": "586", "benchmark_travel_time_sec": "540"}, {"dep_dt": "1459936134", "route_id": "Red", "arr_dt": "1459936668", "direction": "0", "travel_time_sec": "534", "benchmark_travel_time_sec": "540"}, {"dep_dt": "1459936816", "route_id": "Red", "arr_dt": "1459937377", "direction": "0", "travel_time_sec": "561", "benchmark_travel_time_sec": "540"}, {"dep_dt": "1459937487", "route_id": "Red", "arr_dt": "1459938078", "direction": "0", "travel_time_sec": "591", "benchmark_travel_time_sec": "540"}, {"dep_dt": "1459937946", "route_id": "Red", "arr_dt": "1459938479", "direction": "0", "travel_time_sec": "533", "benchmark_travel_time_sec": "540"}, {"dep_dt": "1459938254", "route_id": "Red", "arr_dt": "1459938826", "direction": "0", "travel_time_sec": "572", "benchmark_travel_time_sec": "540"}, {"dep_dt": "1459938546", "route_id": "Red", "arr_dt": "1459939105", "direction": "0", "travel_time_sec": "559", "benchmark_travel_time_sec": "540"}, {"dep_dt": "1459938807", "route_id": "Red", "arr_dt": "1459939343", "direction": "0", "travel_time_sec": "536", "benchmark_travel_time_sec": "540"}, {"dep_dt": "1459939031", "route_id": "Red", "arr_dt": "1459939598", "direction": "0", "travel_time_sec": "567", "benchmark_travel_time_sec": "540"}, {"dep_dt": "1459939399", "route_id": "Red", "arr_dt": "1459939952", "direction": "0", "travel_time_sec": "553", "benchmark_travel_time_sec": "540"}, {"dep_dt": "1459939698", "route_id": "Red", "arr_dt": "1459940269", "direction": "0", "travel_time_sec": "571", "benchmark_travel_time_sec": "540"}, {"dep_dt": "1459939955", "route_id": "Red", "arr_dt": "1459940573", "direction": "0", "travel_time_sec": "618", "benchmark_travel_time_sec": "651"}, {"dep_dt": "1459940206", "route_id": "Red", "arr_dt": "1459940818", "direction": "0", "travel_time_sec": "612", "benchmark_travel_time_sec": "651"}, {"dep_dt": "1459940604", "route_id": "Red", "arr_dt": "1459941282", "direction": "0", "travel_time_sec": "678", "benchmark_travel_time_sec": "651"}, {"dep_dt": "1459940767", "route_id": "Red", "arr_dt": "1459941461", "direction": "0", "travel_time_sec": "694", "benchmark_travel_time_sec": "651"}, {"dep_dt": "1459940979", "route_id": "Red", "arr_dt": "1459941637", "direction": "0", "travel_time_sec": "658", "benchmark_travel_time_sec": "651"}, {"dep_dt": "1459941437", "route_id": "Red", "arr_dt": "1459942100", "direction": "0", "travel_time_sec": "663", "benchmark_travel_time_sec": "651"}, {"dep_dt": "1459941664", "route_id": "Red", "arr_dt": "1459942296", "direction": "0", "travel_time_sec": "632", "benchmark_travel_time_sec": "660"}, {"dep_dt": "1459941802", "route_id": "Red", "arr_dt": "1459942509", "direction": "0", "travel_time_sec": "707", "benchmark_travel_time_sec": "660"}, {"dep_dt": "1459942075", "route_id": "Red", "arr_dt": "1459942735", "direction": "0", "travel_time_sec": "660", "benchmark_travel_time_sec": "660"}, {"dep_dt": "1459942274", "route_id": "Red", "arr_dt": "1459942936", "direction": "0", "travel_time_sec": "662", "benchmark_travel_time_sec": "660"}, {"dep_dt": "1459942559", "route_id": "Red", "arr_dt": "1459943185", "direction": "0", "travel_time_sec": "626", "benchmark_travel_time_sec": "660"}, {"dep_dt": "1459942722", "route_id": "Red", "arr_dt": "1459943361", "direction": "0", "travel_time_sec": "639", "benchmark_travel_time_sec": "660"}, {"dep_dt": "1459943006", "route_id": "Red", "arr_dt": "1459943583", "direction": "0", "travel_time_sec": "577", "benchmark_travel_time_sec": "660"}, {"dep_dt": "1459943269", "route_id": "Red", "arr_dt": "1459943886", "direction": "0", "travel_time_sec": "617", "benchmark_travel_time_sec": "660"}, {"dep_dt": "1459943732", "route_id": "Red", "arr_dt": "1459944356", "direction": "0", "travel_time_sec": "624", "benchmark_travel_time_sec": "660"}, {"dep_dt": "1459943882", "route_id": "Red", "arr_dt": "1459944585", "direction": "0", "travel_time_sec": "703", "benchmark_travel_time_sec": "660"}, {"dep_dt": "1459944204", "route_id": "Red", "arr_dt": "1459944856", "direction": "0", "travel_time_sec": "652", "benchmark_travel_time_sec": "660"}, {"dep_dt": "1459944427", "route_id": "Red", "arr_dt": "1459945064", "direction": "0", "travel_time_sec": "637", "benchmark_travel_time_sec": "660"}, {"dep_dt": "1459944606", "route_id": "Red", "arr_dt": "1459945292", "direction": "0", "travel_time_sec": "686", "benchmark_travel_time_sec": "660"}, {"dep_dt": "1459944840", "route_id": "Red", "arr_dt": "1459945490", "direction": "0", "travel_time_sec": "650", "benchmark_travel_time_sec": "660"}, {"dep_dt": "1459945047", "route_id": "Red", "arr_dt": "1459945735", "direction": "0", "travel_time_sec": "688", "benchmark_travel_time_sec": "660"}, {"dep_dt": "1459945247", "route_id": "Red", "arr_dt": "1459945936", "direction": "0", "travel_time_sec": "689", "benchmark_travel_time_sec": "660"}, {"dep_dt": "1459945443", "route_id": "Red", "arr_dt": "1459946111", "direction": "0", "travel_time_sec": "668", "benchmark_travel_time_sec": "660"}, {"dep_dt": "1459945678", "route_id": "Red", "arr_dt": "1459946361", "direction": "0", "travel_time_sec": "683", "benchmark_travel_time_sec": "660"}, {"dep_dt": "1459945856", "route_id": "Red", "arr_dt": "1459946572", "direction": "0", "travel_time_sec": "716", "benchmark_travel_time_sec": "660"}, {"dep_dt": "1459946097", "route_id": "Red", "arr_dt": "1459946773", "direction": "0", "travel_time_sec": "676", "benchmark_travel_time_sec": "660"}, {"dep_dt": "1459946331", "route_id": "Red", "arr_dt": "1459947001", "direction": "0", "travel_time_sec": "670", "benchmark_travel_time_sec": "660"}, {"dep_dt": "1459946659", "route_id": "Red", "arr_dt": "1459947289", "direction": "0", "travel_time_sec": "630", "benchmark_travel_time_sec": "660"}, {"dep_dt": "1459947130", "route_id": "Red", "arr_dt": "1459947884", "direction": "0", "travel_time_sec": "754", "benchmark_travel_time_sec": "660"}, {"dep_dt": "1459947355", "route_id": "Red", "arr_dt": "1459948101", "direction": "0", "travel_time_sec": "746", "benchmark_travel_time_sec": "660"}, {"dep_dt": "1459947498", "route_id": "Red", "arr_dt": "1459948353", "direction": "0", "travel_time_sec": "855", "threshold_flag_1": "threshold_id_04", "benchmark_travel_time_sec": "660"}, {"dep_dt": "1459947718", "route_id": "Red", "arr_dt": "1459948534", "direction": "0", "travel_time_sec": "816", "benchmark_travel_time_sec": "660"}, {"dep_dt": "1459947908", "route_id": "Red", "arr_dt": "1459948699", "direction": "0", "travel_time_sec": "791", "benchmark_travel_time_sec": "660"}, {"dep_dt": "1459948105", "route_id": "Red", "arr_dt": "1459948912", "direction": "0", "travel_time_sec": "807", "benchmark_travel_time_sec": "660"}, {"dep_dt": "1459948286", "route_id": "Red", "arr_dt": "1459949101", "direction": "0", "travel_time_sec": "815", "benchmark_travel_time_sec": "660"}, {"dep_dt": "1459948567", "route_id": "Red", "arr_dt": "1459949271", "direction": "0", "travel_time_sec": "704", "benchmark_travel_time_sec": "660"}, {"dep_dt": "1459948742", "route_id": "Red", "arr_dt": "1459949487", "direction": "0", "travel_time_sec": "745", "benchmark_travel_time_sec": "615"}, {"dep_dt": "1459949042", "route_id": "Red", "arr_dt": "1459949689", "direction": "0", "travel_time_sec": "647", "benchmark_travel_time_sec": "615"}, {"dep_dt": "1459949446", "route_id": "Red", "arr_dt": "1459950071", "direction": "0", "travel_time_sec": "625", "benchmark_travel_time_sec": "615"}, {"dep_dt": "1459949596", "route_id": "Red", "arr_dt": "1459950250", "direction": "0", "travel_time_sec": "654", "benchmark_travel_time_sec": "615"}, {"dep_dt": "1459949856", "route_id": "Red", "arr_dt": "1459950451", "direction": "0", "travel_time_sec": "595", "benchmark_travel_time_sec": "615"}, {"dep_dt": "1459950207", "route_id": "Red", "arr_dt": "1459950843", "direction": "0", "travel_time_sec": "636", "benchmark_travel_time_sec": "615"}, {"dep_dt": "1459950406", "route_id": "Red", "arr_dt": "1459951041", "direction": "0", "travel_time_sec": "635", "benchmark_travel_time_sec": "615"}, {"dep_dt": "1459950646", "route_id": "Red", "arr_dt": "1459951214", "direction": "0", "travel_time_sec": "568", "benchmark_travel_time_sec": "600"}, {"dep_dt": "1459950947", "route_id": "Red", "arr_dt": "1459951545", "direction": "0", "travel_time_sec": "598", "benchmark_travel_time_sec": "600"}, {"dep_dt": "1459951353", "route_id": "Red", "arr_dt": "1459951982", "direction": "0", "travel_time_sec": "629", "benchmark_travel_time_sec": "600"}, {"dep_dt": "1459951527", "route_id": "Red", "arr_dt": "1459952196", "direction": "0", "travel_time_sec": "669", "benchmark_travel_time_sec": "600"}, {"dep_dt": "1459951645", "route_id": "Red", "arr_dt": "1459952372", "direction": "0", "travel_time_sec": "727", "benchmark_travel_time_sec": "600"}, {"dep_dt": "1459951867", "route_id": "Red", "arr_dt": "1459952531", "direction": "0", "travel_time_sec": "664", "benchmark_travel_time_sec": "600"}, {"dep_dt": "1459952208", "route_id": "Red", "arr_dt": "1459952851", "direction": "0", "travel_time_sec": "643", "benchmark_travel_time_sec": "600"}, {"dep_dt": "1459952344", "route_id": "Red", "arr_dt": "1459953029", "direction": "0", "travel_time_sec": "685", "benchmark_travel_time_sec": "600"}, {"dep_dt": "1459952683", "route_id": "Red", "arr_dt": "1459953243", "direction": "0", "travel_time_sec": "560", "benchmark_travel_time_sec": "600"}, {"dep_dt": "1459953246", "route_id": "Red", "arr_dt": "1459953836", "direction": "0", "travel_time_sec": "590", "benchmark_travel_time_sec": "600"}, {"dep_dt": "1459953428", "route_id": "Red", "arr_dt": "1459954029", "direction": "0", "travel_time_sec": "601", "benchmark_travel_time_sec": "600"}, {"dep_dt": "1459953627", "route_id": "Red", "arr_dt": "1459954253", "direction": "0", "travel_time_sec": "626", "benchmark_travel_time_sec": "600"}, {"dep_dt": "1459953948", "route_id": "Red", "arr_dt": "1459954553", "direction": "0", "travel_time_sec": "605", "benchmark_travel_time_sec": "600"}, {"dep_dt": "1459954283", "route_id": "Red", "arr_dt": "1459954827", "direction": "0", "travel_time_sec": "544", "benchmark_travel_time_sec": "600"}, {"dep_dt": "1459954767", "route_id": "Red", "arr_dt": "1459955357", "direction": "0", "travel_time_sec": "590", "benchmark_travel_time_sec": "600"}, {"dep_dt": "1459955146", "route_id": "Red", "arr_dt": "1459955768", "direction": "0", "travel_time_sec": "622", "benchmark_travel_time_sec": "600"}, {"dep_dt": "1459955408", "route_id": "Red", "arr_dt": "1459955961", "direction": "0", "travel_time_sec": "553", "benchmark_travel_time_sec": "600"}, {"dep_dt": "1459955848", "route_id": "Red", "arr_dt": "1459956398", "direction": "0", "travel_time_sec": "550", "benchmark_travel_time_sec": "600"}, {"dep_dt": "1459956506", "route_id": "Red", "arr_dt": "1459957076", "direction": "0", "travel_time_sec": "570", "benchmark_travel_time_sec": "600"}, {"dep_dt": "1459956807", "route_id": "Red", "arr_dt": "1459957442", "direction": "0", "travel_time_sec": "635", "benchmark_travel_time_sec": "600"}, {"dep_dt": "1459957166", "route_id": "Red", "arr_dt": "1459957746", "direction": "0", "travel_time_sec": "580", "benchmark_travel_time_sec": "600"}, {"dep_dt": "1459957390", "route_id": "Red", "arr_dt": "1459957956", "direction": "0", "travel_time_sec": "566", "benchmark_travel_time_sec": "600"}, {"dep_dt": "1459957832", "route_id": "Red", "arr_dt": "1459958383", "direction": "0", "travel_time_sec": "551", "benchmark_travel_time_sec": "600"}, {"dep_dt": "1459958351", "route_id": "Red", "arr_dt": "1459958954", "direction": "0", "travel_time_sec": "603", "benchmark_travel_time_sec": "600"}, {"dep_dt": "1459958779", "route_id": "Red", "arr_dt": "1459959348", "direction": "0", "travel_time_sec": "569", "benchmark_travel_time_sec": "600"}, {"dep_dt": "1459959040", "route_id": "Red", "arr_dt": "1459959598", "direction": "0", "travel_time_sec": "558", "benchmark_travel_time_sec": "600"}, {"dep_dt": "1459959468", "route_id": "Red", "arr_dt": "1459960019", "direction": "0", "travel_time_sec": "551", "benchmark_travel_time_sec": "600"}, {"dep_dt": "1459959958", "route_id": "Red", "arr_dt": "1459960539", "direction": "0", "travel_time_sec": "581", "benchmark_travel_time_sec": "600"}, {"dep_dt": "1459960278", "route_id": "Red", "arr_dt": "1459960814", "direction": "0", "travel_time_sec": "536", "benchmark_travel_time_sec": "600"}, {"dep_dt": "1459960728", "route_id": "Red", "arr_dt": "1459961360", "direction": "0", "travel_time_sec": "632", "benchmark_travel_time_sec": "600"}, {"dep_dt": "1459961144", "route_id": "Red", "arr_dt": "1459961723", "direction": "0", "travel_time_sec": "579", "benchmark_travel_time_sec": "600"}, {"dep_dt": "1459961534", "route_id": "Red", "arr_dt": "1459962087", "direction": "0", "travel_time_sec": "553", "benchmark_travel_time_sec": "600"}, {"dep_dt": "1459961960", "route_id": "Red", "arr_dt": "1459962763", "direction": "0", "travel_time_sec": "803", "threshold_flag_1": "threshold_id_04", "benchmark_travel_time_sec": "600"}, {"dep_dt": "1459962544", "route_id": "Red", "arr_dt": "1459963107", "direction": "0", "travel_time_sec": "563", "benchmark_travel_time_sec": "600"}, {"dep_dt": "1459962838", "route_id": "Red", "arr_dt": "1459963405", "direction": "0", "travel_time_sec": "567", "benchmark_travel_time_sec": "600"}, {"dep_dt": "1459963236", "route_id": "Red", "arr_dt": "1459963818", "direction": "0", "travel_time_sec": "582", "benchmark_travel_time_sec": "600"}, {"dep_dt": "1459963626", "route_id": "Red", "arr_dt": "1459964196", "direction": "0", "travel_time_sec": "570", "benchmark_travel_time_sec": "600"}, {"dep_dt": "1459964079", "route_id": "Red", "arr_dt": "1459964675", "direction": "0", "travel_time_sec": "596", "benchmark_travel_time_sec": "600"}, {"dep_dt": "1459964555", "route_id": "Red", "arr_dt": "1459965149", "direction": "0", "travel_time_sec": "594", "benchmark_travel_time_sec": "600"}, {"dep_dt": "1459964903", "route_id": "Red", "arr_dt": "1459965541", "direction": "0", "travel_time_sec": "638", "benchmark_travel_time_sec": "600"}, {"dep_dt": "1459965342", "route_id": "Red", "arr_dt": "1459965900", "direction": "0", "travel_time_sec": "558", "benchmark_travel_time_sec": "600"}, {"dep_dt": "1459965739", "route_id": "Red", "arr_dt": "1459966313", "direction": "0", "travel_time_sec": "574", "benchmark_travel_time_sec": "600"}, {"dep_dt": "1459966129", "route_id": "Red", "arr_dt": "1459966699", "direction": "0", "travel_time_sec": "570", "benchmark_travel_time_sec": "600"}, {"dep_dt": "1459966689", "route_id": "Red", "arr_dt": "1459967329", "direction": "0", "travel_time_sec": "640", "benchmark_travel_time_sec": "600"}, {"dep_dt": "1459967009", "route_id": "Red", "arr_dt": "1459967582", "direction": "0", "travel_time_sec": "573", "benchmark_travel_time_sec": "600"}, {"dep_dt": "1459967388", "route_id": "Red", "arr_dt": "1459967922", "direction": "0", "travel_time_sec": "534", "benchmark_travel_time_sec": "600"}, {"dep_dt": "1459967821", "route_id": "Red", "arr_dt": "1459968391", "direction": "0", "travel_time_sec": "570", "benchmark_travel_time_sec": "600"}, {"dep_dt": "1459968338", "route_id": "Red", "arr_dt": "1459968935", "direction": "0", "travel_time_sec": "597", "benchmark_travel_time_sec": "600"}, {"dep_dt": "1459968665", "route_id": "Red", "arr_dt": "1459969218", "direction": "0", "travel_time_sec": "553", "benchmark_travel_time_sec": "600"}, {"dep_dt": "1459969159", "route_id": "Red", "arr_dt": "1459969728", "direction": "0", "travel_time_sec": "569", "benchmark_travel_time_sec": "600"}, {"dep_dt": "1459969548", "route_id": "Red", "arr_dt": "1459970111", "direction": "0", "travel_time_sec": "563", "benchmark_travel_time_sec": "600"}, {"dep_dt": "1459970136", "route_id": "Red", "arr_dt": "1459970773", "direction": "0", "travel_time_sec": "637", "benchmark_travel_time_sec": "600"}, {"dep_dt": "1459970422", "route_id": "Red", "arr_dt": "1459971009", "direction": "0", "travel_time_sec": "587", "benchmark_travel_time_sec": "600"}, {"dep_dt": "1459970708", "route_id": "Red", "arr_dt": "1459971370", "direction": "0", "travel_time_sec": "662", "benchmark_travel_time_sec": "600"}, {"dep_dt": "1459971162", "route_id": "Red", "arr_dt": "1459971767", "direction": "0", "travel_time_sec": "605", "benchmark_travel_time_sec": "600"}, {"dep_dt": "1459971342", "route_id": "Red", "arr_dt": "1459971965", "direction": "0", "travel_time_sec": "623", "benchmark_travel_time_sec": "600"}, {"dep_dt": "1459971827", "route_id": "Red", "arr_dt": "1459972407", "direction": "0", "travel_time_sec": "580", "benchmark_travel_time_sec": "600"}, {"dep_dt": "1459972005", "route_id": "Red", "arr_dt": "1459972614", "direction": "0", "travel_time_sec": "609", "benchmark_travel_time_sec": "600"}, {"dep_dt": "1459972424", "route_id": "Red", "arr_dt": "1459972996", "direction": "0", "travel_time_sec": "572", "benchmark_travel_time_sec": "700"}, {"dep_dt": "1459972818", "route_id": "Red", "arr_dt": "1459973456", "direction": "0", "travel_time_sec": "638", "benchmark_travel_time_sec": "700"}, {"dep_dt": "1459973219", "route_id": "Red", "arr_dt": "1459973894", "direction": "0", "travel_time_sec": "675", "benchmark_travel_time_sec": "700"}, {"dep_dt": "1459973579", "route_id": "Red", "arr_dt": "1459974154", "direction": "0", "travel_time_sec": "575", "benchmark_travel_time_sec": "700"}, {"dep_dt": "1459973984", "route_id": "Red", "arr_dt": "1459974628", "direction": "0", "travel_time_sec": "644", "benchmark_travel_time_sec": "720"}, {"dep_dt": "1459974193", "route_id": "Red", "arr_dt": "1459974855", "direction": "0", "travel_time_sec": "662", "benchmark_travel_time_sec": "720"}, {"dep_dt": "1459974387", "route_id": "Red", "arr_dt": "1459975083", "direction": "0", "travel_time_sec": "696", "benchmark_travel_time_sec": "720"}, {"dep_dt": "1459974760", "route_id": "Red", "arr_dt": "1459975407", "direction": "0", "travel_time_sec": "647", "benchmark_travel_time_sec": "720"}, {"dep_dt": "1459974948", "route_id": "Red", "arr_dt": "1459975596", "direction": "0", "travel_time_sec": "648", "benchmark_travel_time_sec": "720"}, {"dep_dt": "1459975283", "route_id": "Red", "arr_dt": "1459975892", "direction": "0", "travel_time_sec": "609", "benchmark_travel_time_sec": "720"}, {"dep_dt": "1459975439", "route_id": "Red", "arr_dt": "1459976091", "direction": "0", "travel_time_sec": "652", "benchmark_travel_time_sec": "720"}, {"dep_dt": "1459975797", "route_id": "Red", "arr_dt": "1459976430", "direction": "0", "travel_time_sec": "633", "benchmark_travel_time_sec": "720"}, {"dep_dt": "1459976219", "route_id": "Red", "arr_dt": "1459976885", "direction": "0", "travel_time_sec": "666", "benchmark_travel_time_sec": "720"}, {"dep_dt": "1459976398", "route_id": "Red", "arr_dt": "1459977101", "direction": "0", "travel_time_sec": "703", "benchmark_travel_time_sec": "720"}, {"dep_dt": "1459976696", "route_id": "Red", "arr_dt": "1459977360", "direction": "0", "travel_time_sec": "664", "benchmark_travel_time_sec": "720"}, {"dep_dt": "1459976842", "route_id": "Red", "arr_dt": "1459977810", "direction": "0", "travel_time_sec": "968", "threshold_flag_1": "threshold_id_04", "benchmark_travel_time_sec": "720"}, {"dep_dt": "1459977010", "route_id": "Red", "arr_dt": "1459978053", "direction": "0", "travel_time_sec": "1043", "threshold_flag_1": "threshold_id_04", "benchmark_travel_time_sec": "720"}, {"dep_dt": "1459977267", "route_id": "Red", "arr_dt": "1459978283", "direction": "0", "travel_time_sec": "1016", "threshold_flag_1": "threshold_id_04", "benchmark_travel_time_sec": "720"}, {"dep_dt": "1459977431", "route_id": "Red", "arr_dt": "1459978482", "direction": "0", "travel_time_sec": "1051", "threshold_flag_1": "threshold_id_04", "benchmark_travel_time_sec": "720"}, {"dep_dt": "1459977748", "route_id": "Red", "arr_dt": "1459978672", "direction": "0", "travel_time_sec": "924", "threshold_flag_1": "threshold_id_04", "benchmark_travel_time_sec": "720"}, {"dep_dt": "1459977957", "route_id": "Red", "arr_dt": "1459978867", "direction": "0", "travel_time_sec": "910", "threshold_flag_1": "threshold_id_04", "benchmark_travel_time_sec": "720"}, {"dep_dt": "1459978188", "route_id": "Red", "arr_dt": "1459979087", "direction": "0", "travel_time_sec": "899", "benchmark_travel_time_sec": "720"}, {"dep_dt": "1459978365", "route_id": "Red", "arr_dt": "1459979276", "direction": "0", "travel_time_sec": "911", "threshold_flag_1": "threshold_id_04", "benchmark_travel_time_sec": "720"}, {"dep_dt": "1459978569", "route_id": "Red", "arr_dt": "1459979481", "direction": "0", "travel_time_sec": "912", "threshold_flag_1": "threshold_id_04", "benchmark_travel_time_sec": "720"}, {"dep_dt": "1459978737", "route_id": "Red", "arr_dt": "1459979653", "direction": "0", "travel_time_sec": "916", "threshold_flag_1": "threshold_id_04", "benchmark_travel_time_sec": "720"}, {"dep_dt": "1459979036", "route_id": "Red", "arr_dt": "1459979851", "direction": "0", "travel_time_sec": "815", "benchmark_travel_time_sec": "720"}, {"dep_dt": "1459979248", "route_id": "Red", "arr_dt": "1459980037", "direction": "0", "travel_time_sec": "789", "benchmark_travel_time_sec": "668"}, {"dep_dt": "1459979566", "route_id": "Red", "arr_dt": "1459980232", "direction": "0", "travel_time_sec": "666", "benchmark_travel_time_sec": "668"}, {"dep_dt": "1459980004", "route_id": "Red", "arr_dt": "1459980551", "direction": "0", "travel_time_sec": "547", "benchmark_travel_time_sec": "668"}, {"dep_dt": "1459980309", "route_id": "Red", "arr_dt": "1459980905", "direction": "0", "travel_time_sec": "596", "benchmark_travel_time_sec": "668"}, {"dep_dt": "1459980746", "route_id": "Red", "arr_dt": "1459981386", "direction": "0", "travel_time_sec": "640", "benchmark_travel_time_sec": "668"}, {"dep_dt": "1459980981", "route_id": "Red", "arr_dt": "1459981626", "direction": "0", "travel_time_sec": "645", "benchmark_travel_time_sec": "668"}, {"dep_dt": "1459981185", "route_id": "Red", "arr_dt": "1459981871", "direction": "0", "travel_time_sec": "686", "benchmark_travel_time_sec": "660"}, {"dep_dt": "1459981583", "route_id": "Red", "arr_dt": "1459982205", "direction": "0", "travel_time_sec": "622", "benchmark_travel_time_sec": "660"}, {"dep_dt": "1459981742", "route_id": "Red", "arr_dt": "1459982394", "direction": "0", "travel_time_sec": "652", "benchmark_travel_time_sec": "660"}, {"dep_dt": "1459981987", "route_id": "Red", "arr_dt": "1459982598", "direction": "0", "travel_time_sec": "611", "benchmark_travel_time_sec": "660"}, {"dep_dt": "1459982136", "route_id": "Red", "arr_dt": "1459982771", "direction": "0", "travel_time_sec": "635", "benchmark_travel_time_sec": "660"}, {"dep_dt": "1459982338", "route_id": "Red", "arr_dt": "1459982959", "direction": "0", "travel_time_sec": "621", "benchmark_travel_time_sec": "660"}, {"dep_dt": "1459982788", "route_id": "Red", "arr_dt": "1459983437", "direction": "0", "travel_time_sec": "649", "benchmark_travel_time_sec": "660"}, {"dep_dt": "1459983125", "route_id": "Red", "arr_dt": "1459983722", "direction": "0", "travel_time_sec": "597", "benchmark_travel_time_sec": "660"}, {"dep_dt": "1459983287", "route_id": "Red", "arr_dt": "1459983933", "direction": "0", "travel_time_sec": "646", "benchmark_travel_time_sec": "660"}, {"dep_dt": "1459983604", "route_id": "Red", "arr_dt": "1459984216", "direction": "0", "travel_time_sec": "612", "benchmark_travel_time_sec": "660"}, {"dep_dt": "1459983854", "route_id": "Red", "arr_dt": "1459984426", "direction": "0", "travel_time_sec": "572", "benchmark_travel_time_sec": "660"}, {"dep_dt": "1459984166", "route_id": "Red", "arr_dt": "1459984745", "direction": "0", "travel_time_sec": "579", "benchmark_travel_time_sec": "660"}, {"dep_dt": "1459984355", "route_id": "Red", "arr_dt": "1459984936", "direction": "0", "travel_time_sec": "581", "benchmark_travel_time_sec": "660"}, {"dep_dt": "1459984630", "route_id": "Red", "arr_dt": "1459985217", "direction": "0", "travel_time_sec": "587", "benchmark_travel_time_sec": "660"}, {"dep_dt": "1459984929", "route_id": "Red", "arr_dt": "1459985515", "direction": "0", "travel_time_sec": "586", "benchmark_travel_time_sec": "660"}, {"dep_dt": "1459985208", "route_id": "Red", "arr_dt": "1459985771", "direction": "0", "travel_time_sec": "563", "benchmark_travel_time_sec": "660"}, {"dep_dt": "1459985370", "route_id": "Red", "arr_dt": "1459985987", "direction": "0", "travel_time_sec": "617", "benchmark_travel_time_sec": "660"}, {"dep_dt": "1459985567", "route_id": "Red", "arr_dt": "1459986225", "direction": "0", "travel_time_sec": "658", "benchmark_travel_time_sec": "660"}, {"dep_dt": "1459985734", "route_id": "Red", "arr_dt": "1459986459", "direction": "0", "travel_time_sec": "725", "benchmark_travel_time_sec": "660"}, {"dep_dt": "1459986074", "route_id": "Red", "arr_dt": "1459986655", "direction": "0", "travel_time_sec": "581", "benchmark_travel_time_sec": "660"}, {"dep_dt": "1459986352", "route_id": "Red", "arr_dt": "1459986892", "direction": "0", "travel_time_sec": "540", "benchmark_travel_time_sec": "660"}, {"dep_dt": "1459986618", "route_id": "Red", "arr_dt": "1459987169", "direction": "0", "travel_time_sec": "551", "benchmark_travel_time_sec": "660"}, {"dep_dt": "1459986868", "route_id": "Red", "arr_dt": "1459987399", "direction": "0", "travel_time_sec": "531", "benchmark_travel_time_sec": "550"}, {"dep_dt": "1459987313", "route_id": "Red", "arr_dt": "1459987936", "direction": "0", "travel_time_sec": "623", "benchmark_travel_time_sec": "550"}, {"dep_dt": "1459987501", "route_id": "Red", "arr_dt": "1459988121", "direction": "0", "travel_time_sec": "620", "benchmark_travel_time_sec": "550"}, {"dep_dt": "1459987894", "route_id": "Red", "arr_dt": "1459988478", "direction": "0", "travel_time_sec": "584", "benchmark_travel_time_sec": "550"}, {"dep_dt": "1459988306", "route_id": "Red", "arr_dt": "1459988865", "direction": "0", "travel_time_sec": "559", "benchmark_travel_time_sec": "550"}, {"dep_dt": "1459988474", "route_id": "Red", "arr_dt": "1459989035", "direction": "0", "travel_time_sec": "561", "benchmark_travel_time_sec": "540"}, {"dep_dt": "1459988696", "route_id": "Red", "arr_dt": "1459989237", "direction": "0", "travel_time_sec": "541", "benchmark_travel_time_sec": "540"}, {"dep_dt": "1459988913", "route_id": "Red", "arr_dt": "1459989478", "direction": "0", "travel_time_sec": "565", "benchmark_travel_time_sec": "540"}, {"dep_dt": "1459989287", "route_id": "Red", "arr_dt": "1459989844", "direction": "0", "travel_time_sec": "557", "benchmark_travel_time_sec": "540"}, {"dep_dt": "1459989757", "route_id": "Red", "arr_dt": "1459990306", "direction": "0", "travel_time_sec": "549", "benchmark_travel_time_sec": "540"}, {"dep_dt": "1459990223", "route_id": "Red", "arr_dt": "1459990816", "direction": "0", "travel_time_sec": "593", "benchmark_travel_time_sec": "540"}, {"dep_dt": "1459990539", "route_id": "Red", "arr_dt": "1459991086", "direction": "0", "travel_time_sec": "547", "benchmark_travel_time_sec": "540"}, {"dep_dt": "1459990965", "route_id": "Red", "arr_dt": "1459991531", "direction": "0", "travel_time_sec": "566", "benchmark_travel_time_sec": "540"}, {"dep_dt": "1459991282", "route_id": "Red", "arr_dt": "1459991845", "direction": "0", "travel_time_sec": "563", "benchmark_travel_time_sec": "540"}, {"dep_dt": "1459991452", "route_id": "Red", "arr_dt": "1459992033", "direction": "0", "travel_time_sec": "581", "benchmark_travel_time_sec": "540"}, {"dep_dt": "1459991854", "route_id": "Red", "arr_dt": "1459992405", "direction": "0", "travel_time_sec": "551", "benchmark_travel_time_sec": "540"}, {"dep_dt": "1459992138", "route_id": "Red", "arr_dt": "1459992793", "direction": "0", "travel_time_sec": "655", "benchmark_travel_time_sec": "540"}, {"dep_dt": "1459992557", "route_id": "Red", "arr_dt": "1459993147", "direction": "0", "travel_time_sec": "590", "benchmark_travel_time_sec": "540"}, {"dep_dt": "1459992860", "route_id": "Red", "arr_dt": "1459993389", "direction": "0", "travel_time_sec": "529", "benchmark_travel_time_sec": "540"}, {"dep_dt": "1459993180", "route_id": "Red", "arr_dt": "1459993737", "direction": "0", "travel_time_sec": "557", "benchmark_travel_time_sec": "540"}, {"dep_dt": "1459993429", "route_id": "Red", "arr_dt": "1459993962", "direction": "0", "travel_time_sec": "533", "benchmark_travel_time_sec": "540"}, {"dep_dt": "1459993936", "route_id": "Red", "arr_dt": "1459994498", "direction": "0", "travel_time_sec": "562", "benchmark_travel_time_sec": "540"}, {"dep_dt": "1459994304", "route_id": "Red", "arr_dt": "1459994871", "direction": "0", "travel_time_sec": "567", "benchmark_travel_time_sec": "540"}, {"dep_dt": "1459994592", "route_id": "Red", "arr_dt": "1459995156", "direction": "0", "travel_time_sec": "564", "benchmark_travel_time_sec": "540"}, {"dep_dt": "1459994968", "route_id": "Red", "arr_dt": "1459995518", "direction": "0", "travel_time_sec": "550", "benchmark_travel_time_sec": "540"}, {"dep_dt": "1459995375", "route_id": "Red", "arr_dt": "1459995950", "direction": "0", "travel_time_sec": "575", "benchmark_travel_time_sec": "540"}, {"dep_dt": "1459995765", "route_id": "Red", "arr_dt": "1459996317", "direction": "0", "travel_time_sec": "552", "benchmark_travel_time_sec": "540"}, {"dep_dt": "1459996126", "route_id": "Red", "arr_dt": "1459996702", "direction": "0", "travel_time_sec": "576", "benchmark_travel_time_sec": "540"}, {"dep_dt": "1459996429", "route_id": "Red", "arr_dt": "1459996974", "direction": "0", "travel_time_sec": "545", "benchmark_travel_time_sec": "540"}, {"dep_dt": "1459996935", "route_id": "Red", "arr_dt": "1459997504", "direction": "0", "travel_time_sec": "569", "benchmark_travel_time_sec": "540"}, {"dep_dt": "1459997112", "route_id": "Red", "arr_dt": "1459997685", "direction": "0", "travel_time_sec": "573", "benchmark_travel_time_sec": "540"}, {"dep_dt": "1459997543", "route_id": "Red", "arr_dt": "1459998122", "direction": "0", "travel_time_sec": "579", "benchmark_travel_time_sec": "540"}, {"dep_dt": "1459997876", "route_id": "Red", "arr_dt": "1459998443", "direction": "0", "travel_time_sec": "567", "benchmark_travel_time_sec": "540"}, {"dep_dt": "1459998288", "route_id": "Red", "arr_dt": "1459998848", "direction": "0", "travel_time_sec": "560", "benchmark_travel_time_sec": "540"}, {"dep_dt": "1459998713", "route_id": "Red", "arr_dt": "1459999329", "direction": "0", "travel_time_sec": "616", "benchmark_travel_time_sec": "540"}, {"dep_dt": "1459998996", "route_id": "Red", "arr_dt": "1459999548", "direction": "0", "travel_time_sec": "552", "benchmark_travel_time_sec": "540"}, {"dep_dt": "1459999336", "route_id": "Red", "arr_dt": "1459999928", "direction": "0", "travel_time_sec": "592", "benchmark_travel_time_sec": "540"}, {"dep_dt": "1459999605", "route_id": "Red", "arr_dt": "1460000152", "direction": "0", "travel_time_sec": "547", "benchmark_travel_time_sec": "540"}, {"dep_dt": "1460000058", "route_id": "Red", "arr_dt": "1460000591", "direction": "0", "travel_time_sec": "533", "benchmark_travel_time_sec": "540"}, {"dep_dt": "1460000365", "route_id": "Red", "arr_dt": "1460000933", "direction": "0", "travel_time_sec": "568", "benchmark_travel_time_sec": "540"}, {"dep_dt": "1460000715", "route_id": "Red", "arr_dt": "1460001259", "direction": "0", "travel_time_sec": "544", "benchmark_travel_time_sec": "540"}]}