{"travel_times": [{"dep_dt": "1454907205", "route_id": "Red", "arr_dt": "1454907745", "direction": "0", "travel_time_sec": "540", "benchmark_travel_time_sec": "600"}, {"dep_dt": "1454907689", "route_id": "Red", "arr_dt": "1454908261", "direction": "0", "travel_time_sec": "572", "benchmark_travel_time_sec": "600"}, {"dep_dt": "1454908116", "route_id": "Red", "arr_dt": "1454908694", "direction": "0", "travel_time_sec": "578", "benchmark_travel_time_sec": "600"}, {"dep_dt": "1454908783", "route_id": "Red", "arr_dt": "1454909344", "direction": "0", "travel_time_sec": "561", "benchmark_travel_time_sec": "600"}, {"dep_dt": "1454908935", "route_id": "Red", "arr_dt": "1454909501", "direction": "0", "travel_time_sec": "566", "benchmark_travel_time_sec": "600"}, {"dep_dt": "1454909666", "route_id": "Red", "arr_dt": "1454910268", "direction": "0", "travel_time_sec": "602", "benchmark_travel_time_sec": "600"}, {"dep_dt": "1454927137", "route_id": "Red", "arr_dt": "1454927674", "direction": "0", "travel_time_sec": "537", "benchmark_travel_time_sec": "540"}, {"dep_dt": "1454927623", "route_id": "Red", "arr_dt": "1454928145", "direction": "0", "travel_time_sec": "522", "benchmark_travel_time_sec": "540"}, {"dep_dt": "1454927834", "route_id": "Red", "arr_dt": "1454928374", "direction": "0", "travel_time_sec": "540", "benchmark_travel_time_sec": "540"}, {"dep_dt": "1454928490", "route_id": "Red", "arr_dt": "1454929216", "direction": "0", "travel_time_sec": "726", "threshold_flag_1": "threshold_id_04", "benchmark_travel_time_sec": "540"}, {"dep_dt": "1454929004", "route_id": "Red", "arr_dt": "1454929687", "direction": "0", "travel_time_sec": "683", "benchmark_travel_time_sec": "540"}, {"dep_dt": "1454929886", "route_id": "Red", "arr_dt": "1454930452", "direction": "0", "travel_time_sec": "566", "benchmark_travel_time_sec": "540"}, {"dep_dt": "1454930365", "route_id": "Red", "arr_dt": "1454931013", "direction": "0", "travel_time_sec": "648", "benchmark_travel_time_sec": "540"}, {"dep_dt": "1454930629", "route_id": "Red", "arr_dt": "1454931207", "direction": "0", "travel_time_sec": "578", "benchmark_travel_time_sec": "540"}, {"dep_dt": "1454930987", "route_id": "Red", "arr_dt": "1454931530", "direction": "0", "travel_time_sec": "543", "benchmark_travel_time_sec": "540"}, {"dep_dt": "1454931501", "route_id": "Red", "arr_dt": "1454932035", "direction": "0", "travel_time_sec": "534", "benchmark_travel_time_sec": "540"}, {"dep_dt": "1454932065", "route_id": "Red", "arr_dt": "1454932766", "direction": "0", "travel_time_sec": "701", "benchmark_travel_time_sec": "540"}, {"dep_dt": "1454932241", "route_id": "Red", "arr_dt": "1454932980", "direction": "0", "travel_time_sec": "739", "benchmark_travel_time_sec": "651"}, {"dep_dt": "1454932415", "route_id": "Red", "arr_dt": "1454933184", "direction": "0", "travel_time_sec": "769", "benchmark_travel_time_sec": "651"}, {"dep_dt": "1454932684", "route_id": "Red", "arr_dt": "1454933365", "direction": "0", "travel_time_sec": "681", "benchmark_travel_time_sec": "651"}, {"dep_dt": "1454932824", "route_id": "Red", "arr_dt": "1454933542", "direction": "0", "travel_time_sec": "718", "benchmark_travel_time_sec": "651"}, {"dep_dt": "1454933051", "route_id": "Red", "arr_dt": "1454933744", "direction": "0", "travel_time_sec": "693", "benchmark_travel_time_sec": "651"}, {"dep_dt": "1454933207", "route_id": "Red", "arr_dt": "1454933908", "direction": "0", "travel_time_sec": "701", "benchmark_travel_time_sec": "651"}, {"dep_dt": "1454933424", "route_id": "Red", "arr_dt": "1454934080", "direction": "0", "travel_time_sec": "656", "benchmark_travel_time_sec": "651"}, {"dep_dt": "1454933662", "route_id": "Red", "arr_dt": "1454934258", "direction": "0", "travel_time_sec": "596", "benchmark_travel_time_sec": "651"}, {"dep_dt": "1454933944", "route_id": "Red", "arr_dt": "1454934496", "direction": "0", "travel_time_sec": "552", "benchmark_travel_time_sec": "651"}, {"dep_dt": "1454934172", "route_id": "Red", "arr_dt": "1454934830", "direction": "0", "travel_time_sec": "658", "benchmark_travel_time_sec": "660"}, {"dep_dt": "1454934448", "route_id": "Red", "arr_dt": "1454935045", "direction": "0", "travel_time_sec": "597", "benchmark_travel_time_sec": "660"}, {"dep_dt": "1454934645", "route_id": "Red", "arr_dt": "1454935240", "direction": "0", "travel_time_sec": "595", "benchmark_travel_time_sec": "660"}, {"dep_dt": "1454934883", "route_id": "Red", "arr_dt": "1454935446", "direction": "0", "travel_time_sec": "563", "benchmark_travel_time_sec": "660"}, {"dep_dt": "1454935035", "route_id": "Red", "arr_dt": "1454935617", "direction": "0", "travel_time_sec": "582", "benchmark_travel_time_sec": "660"}, {"dep_dt": "1454935287", "route_id": "Red", "arr_dt": "1454935829", "direction": "0", "travel_time_sec": "542", "benchmark_travel_time_sec": "660"}, {"dep_dt": "1454935440", "route_id": "Red", "arr_dt": "1454936007", "direction": "0", "travel_time_sec": "567", "benchmark_travel_time_sec": "660"}, {"dep_dt": "1454935679", "route_id": "Red", "arr_dt": "1454936283", "direction": "0", "travel_time_sec": "604", "benchmark_travel_time_sec": "660"}, {"dep_dt": "1454935923", "route_id": "Red", "arr_dt": "1454936480", "direction": "0", "travel_time_sec": "557", "benchmark_travel_time_sec": "660"}, {"dep_dt": "1454936309", "route_id": "Red", "arr_dt": "1454936922", "direction": "0", "travel_time_sec": "613", "benchmark_travel_time_sec": "660"}, {"dep_dt": "1454936469", "route_id": "Red", "arr_dt": "1454937153", "direction": "0", "travel_time_sec": "684", "benchmark_travel_time_sec": "660"}, {"dep_dt": "1454936730", "route_id": "Red", "arr_dt": "1454937372", "direction": "0", "travel_time_sec": "642", "benchmark_travel_time_sec": "660"}, {"dep_dt": "1454936996", "route_id": "Red", "arr_dt": "1454937582", "direction": "0", "travel_time_sec": "586", "benchmark_travel_time_sec": "660"}, {"dep_dt": "1454937337", "route_id": "Red", "arr_dt": "1454937989", "direction": "0", "travel_time_sec": "652", "benchmark_travel_time_sec": "660"}, {"dep_dt": "1454937621", "route_id": "Red", "arr_dt": "1454938237", "direction": "0", "travel_time_sec": "616", "benchmark_travel_time_sec": "660"}, {"dep_dt": "1454938036", "route_id": "Red", "arr_dt": "1454938662", "direction": "0", "travel_time_sec": "626", "benchmark_travel_time_sec": "660"}, {"dep_dt": "1454938238", "route_id": "Red", "arr_dt": "1454938874", "direction": "0", "travel_time_sec": "636", "benchmark_travel_time_sec": "660"}, {"dep_dt": "1454938526", "route_id": "Red", "arr_dt": "1454939118", "direction": "0", "travel_time_sec": "592", "benchmark_travel_time_sec": "660"}, {"dep_dt": "1454938724", "route_id": "Red", "arr_dt": "1454939309", "direction": "0", "travel_time_sec": "585", "benchmark_travel_time_sec": "660"}, {"dep_dt": "1454939165", "route_id": "Red", "arr_dt": "1454939806", "direction": "0", "travel_time_sec": "641", "benchmark_travel_time_sec": "660"}, {"dep_dt": "1454939595", "route_id": "Red", "arr_dt": "1454940227", "direction": "0", "travel_time_sec": "632", "benchmark_travel_time_sec": "660"}, {"dep_dt": "1454939848", "route_id": "Red", "arr_dt": "1454940461", "direction": "0", "travel_time_sec": "613", "benchmark_travel_time_sec": "660"}, {"dep_dt": "1454940205", "route_id": "Red", "arr_dt": "1454940884", "direction": "0", "travel_time_sec": "679", "benchmark_travel_time_sec": "660"}, {"dep_dt": "1454940399", "route_id": "Red", "arr_dt": "1454941116", "direction": "0", "travel_time_sec": "717", "benchmark_travel_time_sec": "660"}, {"dep_dt": "1454940567", "route_id": "Red", "arr_dt": "1454941313", "direction": "0", "travel_time_sec": "746", "benchmark_travel_time_sec": "660"}, {"dep_dt": "1454940800", "route_id": "Red", "arr_dt": "1454941550", "direction": "0", "travel_time_sec": "750", "benchmark_travel_time_sec": "660"}, {"dep_dt": "1454940965", "route_id": "Red", "arr_dt": "1454941730", "direction": "0", "travel_time_sec": "765", "benchmark_travel_time_sec": "660"}, {"dep_dt": "1454941210", "route_id": "Red", "arr_dt": "1454941916", "direction": "0", "travel_time_sec": "706", "benchmark_travel_time_sec": "615"}, {"dep_dt": "1454941393", "route_id": "Red", "arr_dt": "1454942109", "direction": "0", "travel_time_sec": "716", "benchmark_travel_time_sec": "615"}, {"dep_dt": "1454941607", "route_id": "Red", "arr_dt": "1454942314", "direction": "0", "travel_time_sec": "707", "benchmark_travel_time_sec": "615"}, {"dep_dt": "1454941767", "route_id": "Red", "arr_dt": "1454942483", "direction": "0", "travel_time_sec": "716", "benchmark_travel_time_sec": "615"}, {"dep_dt": "1454942066", "route_id": "Red", "arr_dt": "1454942675", "direction": "0", "travel_time_sec": "609", "benchmark_travel_time_sec": "615"}, {"dep_dt": "1454942599", "route_id": "Red", "arr_dt": "1454943205", "direction": "0", "travel_time_sec": "606", "benchmark_travel_time_sec": "615"}, {"dep_dt": "1454942859", "route_id": "Red", "arr_dt": "1454943815", "direction": "0", "travel_time_sec": "956", "threshold_flag_1": "threshold_id_04", "benchmark_travel_time_sec": "600"}, {"dep_dt": "1454943066", "route_id": "Red", "arr_dt": "1454944009", "direction": "0", "travel_time_sec": "943", "threshold_flag_1": "threshold_id_04", "benchmark_travel_time_sec": "600"}, {"dep_dt": "1454943246", "route_id": "Red", "arr_dt": "1454944168", "direction": "0", "travel_time_sec": "922", "threshold_flag_1": "threshold_id_04", "benchmark_travel_time_sec": "600"}, {"dep_dt": "1454943662", "route_id": "Red", "arr_dt": "1454944513", "direction": "0", "travel_time_sec": "851", "threshold_flag_1": "threshold_id_04", "benchmark_travel_time_sec": "600"}, {"dep_dt": "1454943876", "route_id": "Red", "arr_dt": "1454944668", "direction": "0", "travel_time_sec": "792", "threshold_flag_1": "threshold_id_04", "benchmark_travel_time_sec": "600"}, {"dep_dt": "1454944063", "route_id": "Red", "arr_dt": "1454944843", "direction": "0", "travel_time_sec": "780", "benchmark_travel_time_sec": "600"}, {"dep_dt": "1454944297", "route_id": "Red", "arr_dt": "1454945035", "direction": "0", "travel_time_sec": "738", "benchmark_travel_time_sec": "600"}, {"dep_dt": "1454944544", "route_id": "Red", "arr_dt": "1454945230", "direction": "0", "travel_time_sec": "686", "benchmark_travel_time_sec": "600"}, {"dep_dt": "1454944722", "route_id": "Red", "arr_dt": "1454945423", "direction": "0", "travel_time_sec": "701", "benchmark_travel_time_sec": "600"}, {"dep_dt": "1454945063", "route_id": "Red", "arr_dt": "1454945605", "direction": "0", "travel_time_sec": "542", "benchmark_travel_time_sec": "600"}, {"dep_dt": "1454945246", "route_id": "Red", "arr_dt": "1454945820", "direction": "0", "travel_time_sec": "574", "benchmark_travel_time_sec": "600"}, {"dep_dt": "1454945495", "route_id": "Red", "arr_dt": "1454946068", "direction": "0", "travel_time_sec": "573", "benchmark_travel_time_sec": "600"}, {"dep_dt": "1454945728", "route_id": "Red", "arr_dt": "1454946324", "direction": "0", "travel_time_sec": "596", "benchmark_travel_time_sec": "600"}, {"dep_dt": "1454945985", "route_id": "Red", "arr_dt": "1454946548", "direction": "0", "travel_time_sec": "563", "benchmark_travel_time_sec": "600"}, {"dep_dt": "1454946435", "route_id": "Red", "arr_dt": "1454947019", "direction": "0", "travel_time_sec": "584", "benchmark_travel_time_sec": "600"}, {"dep_dt": "1454946699", "route_id": "Red", "arr_dt": "1454947307", "direction": "0", "travel_time_sec": "608", "benchmark_travel_time_sec": "600"}, {"dep_dt": "1454947061", "route_id": "Red", "arr_dt": "1454947696", "direction": "0", "travel_time_sec": "635", "benchmark_travel_time_sec": "600"}, {"dep_dt": "1454947408", "route_id": "Red", "arr_dt": "1454947968", "direction": "0", "travel_time_sec": "560", "benchmark_travel_time_sec": "600"}, {"dep_dt": "1454948026", "route_id": "Red", "arr_dt": "1454948624", "direction": "0", "travel_time_sec": "598", "benchmark_travel_time_sec": "600"}, {"dep_dt": "1454948249", "route_id": "Red", "arr_dt": "1454948808", "direction": "0", "travel_time_sec": "559", "benchmark_travel_time_sec": "600"}, {"dep_dt": "1454948759", "route_id": "Red", "arr_dt": "1454949350", "direction": "0", "travel_time_sec": "591", "benchmark_travel_time_sec": "600"}, {"dep_dt": "1454948919", "route_id": "Red", "arr_dt": "1454949526", "direction": "0", "travel_time_sec": "607", "benchmark_travel_time_sec": "600"}, {"dep_dt": "1454949267", "route_id": "Red", "arr_dt": "1454949832", "direction": "0", "travel_time_sec": "565", "benchmark_travel_time_sec": "600"}, {"dep_dt": "1454949427", "route_id": "Red", "arr_dt": "1454950015", "direction": "0", "travel_time_sec": "588", "benchmark_travel_time_sec": "600"}, {"dep_dt": "1454949718", "route_id": "Red", "arr_dt": "1454950293", "direction": "0", "travel_time_sec": "575", "benchmark_travel_time_sec": "600"}, {"dep_dt": "1454949869", "route_id": "Red", "arr_dt": "1454950464", "direction": "0", "travel_time_sec": "595", "benchmark_travel_time_sec": "600"}, {"dep_dt": "1454950427", "route_id": "Red", "arr_dt": "1454950980", "direction": "0", "travel_time_sec": "553", "benchmark_travel_time_sec": "600"}, {"dep_dt": "1454950718", "route_id": "Red", "arr_dt": "1454951255", "direction": "0", "travel_time_sec": "537", "benchmark_travel_time_sec": "600"}, {"dep_dt": "1454951231", "route_id": "Red", "arr_dt": "1454951815", "direction": "0", "travel_time_sec": "584", "benchmark_travel_time_sec": "600"}, {"dep_dt": "1454951770", "route_id": "Red", "arr_dt": "1454952355", "direction": "0", "travel_time_sec": "585", "benchmark_travel_time_sec": "600"}, {"dep_dt": "1454952426", "route_id": "Red", "arr_dt": "1454952998", "direction": "0", "travel_time_sec": "572", "benchmark_travel_time_sec": "600"}, {"dep_dt": "1454952932", "route_id": "Red", "arr_dt": "1454953473", "direction": "0", "travel_time_sec": "541", "benchmark_travel_time_sec": "600"}, {"dep_dt": "1454953350", "route_id": "Red", "arr_dt": "1454953929", "direction": "0", "travel_time_sec": "579", "benchmark_travel_time_sec": "600"}, {"dep_dt": "1454953915", "route_id": "Red", "arr_dt": "1454954483", "direction": "0", "travel_time_sec": "568", "benchmark_travel_time_sec": "600"}, {"dep_dt": "1454954549", "route_id": "Red", "arr_dt": "1454955145", "direction": "0", "travel_time_sec": "596", "benchmark_travel_time_sec": "600"}, {"dep_dt": "1454955278", "route_id": "Red", "arr_dt": "1454955861", "direction": "0", "travel_time_sec": "583", "benchmark_travel_time_sec": "600"}, {"dep_dt": "1454955845", "route_id": "Red", "arr_dt": "1454956490", "direction": "0", "travel_time_sec": "645", "benchmark_travel_time_sec": "600"}, {"dep_dt": "1454956298", "route_id": "Red", "arr_dt": "1454956903", "direction": "0", "travel_time_sec": "605", "benchmark_travel_time_sec": "600"}, {"dep_dt": "1454956495", "route_id": "Red", "arr_dt": "1454957091", "direction": "0", "travel_time_sec": "596", "benchmark_travel_time_sec": "600"}, {"dep_dt": "1454956649", "route_id": "Red", "arr_dt": "1454957306", "direction": "0", "travel_time_sec": "657", "benchmark_travel_time_sec": "600"}, {"dep_dt": "1454956955", "route_id": "Red", "arr_dt": "1454957539", "direction": "0", "travel_time_sec": "584", "benchmark_travel_time_sec": "600"}, {"dep_dt": "1454957215", "route_id": "Red", "arr_dt": "1454957867", "direction": "0", "travel_time_sec": "652", "benchmark_travel_time_sec": "600"}, {"dep_dt": "1454957545", "route_id": "Red", "arr_dt": "1454958265", "direction": "0", "travel_time_sec": "720", "benchmark_travel_time_sec": "600"}, {"dep_dt": "1454958081", "route_id": "Red", "arr_dt": "1454958632", "direction": "0", "travel_time_sec": "551", "benchmark_travel_time_sec": "600"}, {"dep_dt": "1454958275", "route_id": "Red", "arr_dt": "1454958828", "direction": "0", "travel_time_sec": "553", "benchmark_travel_time_sec": "600"}, {"dep_dt": "1454958556", "threshold_flag_3": "threshold_id_06", "route_id": "Red", "arr_dt": "1454959775", "direction": "0", "threshold_flag_2": "threshold_id_05", "travel_time_sec": "1219", "threshold_flag_1": "threshold_id_04", "benchmark_travel_time_sec": "600"}, {"dep_dt": "1454959558", "route_id": "Red", "arr_dt": "1454960328", "direction": "0", "travel_time_sec": "770", "benchmark_travel_time_sec": "600"}, {"dep_dt": "1454960220", "route_id": "Red", "arr_dt": "1454960891", "direction": "0", "travel_time_sec": "671", "benchmark_travel_time_sec": "600"}, {"dep_dt": "1454960778", "route_id": "Red", "arr_dt": "1454961382", "direction": "0", "travel_time_sec": "604", "benchmark_travel_time_sec": "600"}, {"dep_dt": "1454961165", "route_id": "Red", "arr_dt": "1454961763", "direction": "0", "travel_time_sec": "598", "benchmark_travel_time_sec": "600"}, {"dep_dt": "1454961561", "route_id": "Red", "arr_dt": "1454962147", "direction": "0", "travel_time_sec": "586", "benchmark_travel_time_sec": "600"}, {"dep_dt": "1454962085", "route_id": "Red", "arr_dt": "1454962684", "direction": "0", "travel_time_sec": "599", "benchmark_travel_time_sec": "600"}, {"dep_dt": "1454962300", "route_id": "Red", "arr_dt": "1454962882", "direction": "0", "travel_time_sec": "582", "benchmark_travel_time_sec": "600"}, {"dep_dt": "1454962723", "route_id": "Red", "arr_dt": "1454963346", "direction": "0", "travel_time_sec": "623", "benchmark_travel_time_sec": "600"}, {"dep_dt": "1454963202", "route_id": "Red", "arr_dt": "1454963826", "direction": "0", "travel_time_sec": "624", "benchmark_travel_time_sec": "600"}, {"dep_dt": "1454963575", "route_id": "Red", "arr_dt": "1454964190", "direction": "0", "travel_time_sec": "615", "benchmark_travel_time_sec": "600"}, {"dep_dt": "1454963942", "route_id": "Red", "arr_dt": "1454964568", "direction": "0", "travel_time_sec": "626", "benchmark_travel_time_sec": "600"}, {"dep_dt": "1454964245", "route_id": "Red", "arr_dt": "1454964827", "direction": "0", "travel_time_sec": "582", "benchmark_travel_time_sec": "600"}, {"dep_dt": "1454964385", "route_id": "Red", "arr_dt": "1454965011", "direction": "0", "travel_time_sec": "626", "benchmark_travel_time_sec": "600"}, {"dep_dt": "1454964594", "route_id": "Red", "arr_dt": "1454965222", "direction": "0", "travel_time_sec": "628", "benchmark_travel_time_sec": "700"}, {"dep_dt": "1454964864", "route_id": "Red", "arr_dt": "1454965525", "direction": "0", "travel_time_sec": "661", "benchmark_travel_time_sec": "700"}, {"dep_dt": "1454965128", "route_id": "Red", "arr_dt": "1454965726", "direction": "0", "travel_time_sec": "598", "benchmark_travel_time_sec": "700"}, {"dep_dt": "1454965507", "route_id": "Red", "arr_dt": "1454966110", "direction": "0", "travel_time_sec": "603", "benchmark_travel_time_sec": "700"}, {"dep_dt": "1454965915", "route_id": "Red", "arr_dt": "1454966518", "direction": "0", "travel_time_sec": "603", "benchmark_travel_time_sec": "700"}, {"dep_dt": "1454966117", "route_id": "Red", "arr_dt": "1454966750", "direction": "0", "travel_time_sec": "633", "benchmark_travel_time_sec": "700"}, {"dep_dt": "1454966677", "route_id": "Red", "arr_dt": "1454967333", "direction": "0", "travel_time_sec": "656", "benchmark_travel_time_sec": "720"}, {"dep_dt": "1454967167", "route_id": "Red", "arr_dt": "1454967762", "direction": "0", "travel_time_sec": "595", "benchmark_travel_time_sec": "720"}, {"dep_dt": "1454967427", "route_id": "Red", "arr_dt": "1454968007", "direction": "0", "travel_time_sec": "580", "benchmark_travel_time_sec": "720"}, {"dep_dt": "1454968168", "route_id": "Red", "arr_dt": "1454968757", "direction": "0", "travel_time_sec": "589", "benchmark_travel_time_sec": "720"}, {"dep_dt": "1454968496", "route_id": "Red", "arr_dt": "1454969137", "direction": "0", "travel_time_sec": "641", "benchmark_travel_time_sec": "720"}, {"dep_dt": "1454969069", "route_id": "Red", "arr_dt": "1454969679", "direction": "0", "travel_time_sec": "610", "benchmark_travel_time_sec": "720"}, {"dep_dt": "1454969248", "route_id": "Red", "arr_dt": "1454969895", "direction": "0", "travel_time_sec": "647", "benchmark_travel_time_sec": "720"}, {"dep_dt": "1454969602", "route_id": "Red", "arr_dt": "1454970266", "direction": "0", "travel_time_sec": "664", "benchmark_travel_time_sec": "720"}, {"dep_dt": "1454969783", "route_id": "Red", "arr_dt": "1454970456", "direction": "0", "travel_time_sec": "673", "benchmark_travel_time_sec": "720"}, {"dep_dt": "1454970018", "route_id": "Red", "arr_dt": "1454970743", "direction": "0", "travel_time_sec": "725", "benchmark_travel_time_sec": "720"}, {"dep_dt": "1454970183", "route_id": "Red", "arr_dt": "1454970950", "direction": "0", "travel_time_sec": "767", "benchmark_travel_time_sec": "720"}, {"dep_dt": "1454970441", "route_id": "Red", "arr_dt": "1454971167", "direction": "0", "travel_time_sec": "726", "benchmark_travel_time_sec": "720"}, {"dep_dt": "1454970960", "route_id": "Red", "arr_dt": "1454971530", "direction": "0", "travel_time_sec": "570", "benchmark_travel_time_sec": "720"}, {"dep_dt": "1454971106", "route_id": "Red", "arr_dt": "1454971707", "direction": "0", "travel_time_sec": "601", "benchmark_travel_time_sec": "720"}, {"dep_dt": "1454971365", "route_id": "Red", "arr_dt": "1454971902", "direction": "0", "travel_time_sec": "537", "benchmark_travel_time_sec": "720"}, {"dep_dt": "1454971633", "route_id": "Red", "arr_dt": "1454972285", "direction": "0", "travel_time_sec": "652", "benchmark_travel_time_sec": "720"}, {"dep_dt": "1454971820", "route_id": "Red", "arr_dt": "1454972473", "direction": "0", "travel_time_sec": "653", "benchmark_travel_time_sec": "668"}, {"dep_dt": "1454971988", "route_id": "Red", "arr_dt": "1454972688", "direction": "0", "travel_time_sec": "700", "benchmark_travel_time_sec": "668"}, {"dep_dt": "1454972508", "route_id": "Red", "arr_dt": "1454973063", "direction": "0", "travel_time_sec": "555", "benchmark_travel_time_sec": "668"}, {"dep_dt": "1454972666", "route_id": "Red", "arr_dt": "1454973259", "direction": "0", "travel_time_sec": "593", "benchmark_travel_time_sec": "668"}, {"dep_dt": "1454972904", "route_id": "Red", "arr_dt": "1454973492", "direction": "0", "travel_time_sec": "588", "benchmark_travel_time_sec": "668"}, {"dep_dt": "1454973059", "route_id": "Red", "arr_dt": "1454973699", "direction": "0", "travel_time_sec": "640", "benchmark_travel_time_sec": "668"}, {"dep_dt": "1454973458", "route_id": "Red", "arr_dt": "1454974103", "direction": "0", "travel_time_sec": "645", "benchmark_travel_time_sec": "668"}, {"dep_dt": "1454973607", "route_id": "Red", "arr_dt": "1454974321", "direction": "0", "travel_time_sec": "714", "benchmark_travel_time_sec": "660"}, {"dep_dt": "1454973807", "route_id": "Red", "arr_dt": "1454974499", "direction": "0", "travel_time_sec": "692", "benchmark_travel_time_sec": "660"}, {"dep_dt": "1454973976", "route_id": "Red", "arr_dt": "1454974668", "direction": "0", "travel_time_sec": "692", "benchmark_travel_time_sec": "660"}, {"dep_dt": "1454974468", "route_id": "Red", "arr_dt": "1454975507", "direction": "0", "threshold_flag_2": "threshold_id_05", "travel_time_sec": "1039", "threshold_flag_1": "threshold_id_04", "benchmark_travel_time_sec": "660"}, {"dep_dt": "1454975017", "route_id": "Red", "arr_dt": "1454975697", "direction": "0", "travel_time_sec": "680", "benchmark_travel_time_sec": "660"}, {"dep_dt": "1454975325", "route_id": "Red", "arr_dt": "1454975937", "direction": "0", "travel_time_sec": "612", "benchmark_travel_time_sec": "660"}, {"dep_dt": "1454975564", "route_id": "Red", "arr_dt": "1454976148", "direction": "0", "travel_time_sec": "584", "benchmark_travel_time_sec": "660"}, {"dep_dt": "1454975828", "route_id": "Red", "arr_dt": "1454976410", "direction": "0", "travel_time_sec": "582", "benchmark_travel_time_sec": "660"}, {"dep_dt": "1454976094", "route_id": "Red", "arr_dt": "1454976717", "direction": "0", "travel_time_sec": "623", "benchmark_travel_time_sec": "660"}, {"dep_dt": "1454976232", "route_id": "Red", "arr_dt": "1454976915", "direction": "0", "travel_time_sec": "683", "benchmark_travel_time_sec": "660"}, {"dep_dt": "1454976657", "route_id": "Red", "arr_dt": "1454977263", "direction": "0", "travel_time_sec": "606", "benchmark_travel_time_sec": "660"}, {"dep_dt": "1454976963", "route_id": "Red", "arr_dt": "1454977508", "direction": "0", "travel_time_sec": "545", "benchmark_travel_time_sec": "660"}, {"dep_dt": "1454977427", "route_id": "Red", "arr_dt": "1454977981", "direction": "0", "travel_time_sec": "554", "benchmark_travel_time_sec": "660"}, {"dep_dt": "1454977725", "route_id": "Red", "arr_dt": "1454978298", "direction": "0", "travel_time_sec": "573", "benchmark_travel_time_sec": "660"}, {"dep_dt": "1454978226", "route_id": "Red", "arr_dt": "1454978752", "direction": "0", "travel_time_sec": "526", "benchmark_travel_time_sec": "660"}, {"dep_dt": "1454978906", "route_id": "Red", "arr_dt": "1454979450", "direction": "0", "travel_time_sec": "544", "benchmark_travel_time_sec": "660"}, {"dep_dt": "1454979092", "route_id": "Red", "arr_dt": "1454979652", "direction": "0", "travel_time_sec": "560", "benchmark_travel_time_sec": "550"}, {"dep_dt": "1454979308", "route_id": "Red", "arr_dt": "1454979882", "direction": "0", "travel_time_sec": "574", "benchmark_travel_time_sec": "550"}, {"dep_dt": "1454979477", "route_id": "Red", "arr_dt": "1454980065", "direction": "0", "travel_time_sec": "588", "benchmark_travel_time_sec": "550"}, {"dep_dt": "1454979761", "route_id": "Red", "arr_dt": "1454980366", "direction": "0", "travel_time_sec": "605", "benchmark_travel_time_sec": "550"}, {"dep_dt": "1454979895", "route_id": "Red", "arr_dt": "1454980572", "direction": "0", "travel_time_sec": "677", "benchmark_travel_time_sec": "550"}, {"dep_dt": "1454980367", "route_id": "Red", "arr_dt": "1454980923", "direction": "0", "travel_time_sec": "556", "benchmark_travel_time_sec": "550"}, {"dep_dt": "1454980675", "route_id": "Red", "arr_dt": "1454981194", "direction": "0", "travel_time_sec": "519", "benchmark_travel_time_sec": "550"}, {"dep_dt": "1454980838", "route_id": "Red", "arr_dt": "1454981395", "direction": "0", "travel_time_sec": "557", "benchmark_travel_time_sec": "550"}, {"dep_dt": "1454981090", "route_id": "Red", "arr_dt": "1454981678", "direction": "0", "travel_time_sec": "588", "benchmark_travel_time_sec": "540"}, {"dep_dt": "1454981305", "route_id": "Red", "arr_dt": "1454981885", "direction": "0", "travel_time_sec": "580", "benchmark_travel_time_sec": "540"}, {"dep_dt": "1454981788", "route_id": "Red", "arr_dt": "1454982350", "direction": "0", "travel_time_sec": "562", "benchmark_travel_time_sec": "540"}, {"dep_dt": "1454982011", "route_id": "Red", "arr_dt": "1454982562", "direction": "0", "travel_time_sec": "551", "benchmark_travel_time_sec": "540"}, {"dep_dt": "1454982404", "route_id": "Red", "arr_dt": "1454982971", "direction": "0", "travel_time_sec": "567", "benchmark_travel_time_sec": "540"}, {"dep_dt": "1454982646", "route_id": "Red", "arr_dt": "1454983192", "direction": "0", "travel_time_sec": "546", "benchmark_travel_time_sec": "540"}, {"dep_dt": "1454983548", "route_id": "Red", "arr_dt": "1454984084", "direction": "0", "travel_time_sec": "536", "benchmark_travel_time_sec": "540"}, {"dep_dt": "1454984244", "route_id": "Red", "arr_dt": "1454984819", "direction": "0", "travel_time_sec": "575", "benchmark_travel_time_sec": "540"}, {"dep_dt": "1454984374", "route_id": "Red", "arr_dt": "1454985003", "direction": "0", "travel_time_sec": "629", "benchmark_travel_time_sec": "540"}, {"dep_dt": "1454984663", "route_id": "Red", "arr_dt": "1454985228", "direction": "0", "travel_time_sec": "565", "benchmark_travel_time_sec": "540"}, {"dep_dt": "1454984918", "route_id": "Red", "arr_dt": "1454985474", "direction": "0", "travel_time_sec": "556", "benchmark_travel_time_sec": "540"}, {"dep_dt": "1454985196", "route_id": "Red", "arr_dt": "1454985759", "direction": "0", "travel_time_sec": "563", "benchmark_travel_time_sec": "540"}, {"dep_dt": "1454985454", "route_id": "Red", "arr_dt": "1454985995", "direction": "0", "travel_time_sec": "541", "benchmark_travel_time_sec": "540"}, {"dep_dt": "1454985836", "route_id": "Red", "arr_dt": "1454986387", "direction": "0", "travel_time_sec": "551", "benchmark_travel_time_sec": "540"}, {"dep_dt": "1454986068", "route_id": "Red", "arr_dt": "1454986635", "direction": "0", "travel_time_sec": "567", "benchmark_travel_time_sec": "540"}, {"dep_dt": "1454986252", "route_id": "Red", "arr_dt": "1454986814", "direction": "0", "travel_time_sec": "562", "benchmark_travel_time_sec": "540"}, {"dep_dt": "1454986675", "route_id": "Red", "arr_dt": "1454987251", "direction": "0", "travel_time_sec": "576", "benchmark_travel_time_sec": "540"}, {"dep_dt": "1454986934", "route_id": "Red", "arr_dt": "1454987476", "direction": "0", "travel_time_sec": "542", "benchmark_travel_time_sec": "540"}, {"dep_dt": "1454987268", "route_id": "Red", "arr_dt": "1454987811", "direction": "0", "travel_time_sec": "543", "benchmark_travel_time_sec": "540"}, {"dep_dt": "1454987679", "route_id": "Red", "arr_dt": "1454988269", "direction": "0", "travel_time_sec": "590", "benchmark_travel_time_sec": "540"}, {"dep_dt": "1454988061", "route_id": "Red", "arr_dt": "1454988619", "direction": "0", "travel_time_sec": "558", "benchmark_travel_time_sec": "540"}, {"dep_dt": "1454988455", "route_id": "Red", "arr_dt": "1454989037", "direction": "0", "travel_time_sec": "582", "benchmark_travel_time_sec": "540"}, {"dep_dt": "1454988861", "route_id": "Red", "arr_dt": "1454989419", "direction": "0", "travel_time_sec": "558", "benchmark_travel_time_sec": "540"}, {"dep_dt": "1454989224", "route_id": "Red", "arr_dt": "1454989749", "direction": "0", "travel_time_sec": "525", "benchmark_travel_time_sec": "540"}, {"dep_dt": "1454989366", "route_id": "Red", "arr_dt": "1454989903", "direction": "0", "travel_time_sec": "537", "benchmark_travel_time_sec": "540"}, {"dep_dt": "1454989756", "route_id": "Red", "arr_dt": "1454990276", "direction": "0", "travel_time_sec": "520", "benchmark_travel_time_sec": "540"}, {"dep_dt": "1454990239", "route_id": "Red", "arr_dt": "1454990795", "direction": "0", "travel_time_sec": "556", "benchmark_travel_time_sec": "540"}, {"dep_dt": "1454990724", "route_id": "Red", "arr_dt": "1454991291", "direction": "0", "travel_time_sec": "567", "benchmark_travel_time_sec": "540"}, {"dep_dt": "1454991393", "route_id": "Red", "arr_dt": "1454992055", "direction": "0", "travel_time_sec": "662", "benchmark_travel_time_sec": "540"}, {"dep_dt": "1454991556", "route_id": "Red", "arr_dt": "1454992261", "direction": "0", "travel_time_sec": "705", "benchmark_travel_time_sec": "540"}, {"dep_dt": "1454992123", "route_id": "Red", "arr_dt": "1454992689", "direction": "0", "travel_time_sec": "566", "benchmark_travel_time_sec": "540"}, {"dep_dt": "1454992281", "route_id": "Red", "arr_dt": "1454992884", "direction": "0", "travel_time_sec": "603", "benchmark_travel_time_sec": "540"}, {"dep_dt": "1454992707", "route_id": "Red", "arr_dt": "1454993253", "direction": "0", "travel_time_sec": "546", "benchmark_travel_time_sec": "540"}, {"dep_dt": "1454993067", "route_id": "Red", "arr_dt": "1454993612", "direction": "0", "travel_time_sec": "545", "benchmark_travel_time_sec": "540"}]}