{"travel_times": [{"dep_dt": "1456549296", "route_id": "Red", "arr_dt": "1456549855", "direction": "0", "travel_time_sec": "559", "benchmark_travel_time_sec": "540"}, {"dep_dt": "1456549656", "route_id": "Red", "arr_dt": "1456550218", "direction": "0", "travel_time_sec": "562", "benchmark_travel_time_sec": "540"}, {"dep_dt": "1456550135", "route_id": "Red", "arr_dt": "1456550689", "direction": "0", "travel_time_sec": "554", "benchmark_travel_time_sec": "540"}, {"dep_dt": "1456550585", "route_id": "Red", "arr_dt": "1456551171", "direction": "0", "travel_time_sec": "586", "benchmark_travel_time_sec": "540"}, {"dep_dt": "1456551246", "route_id": "Red", "arr_dt": "1456551825", "direction": "0", "travel_time_sec": "579", "benchmark_travel_time_sec": "540"}, {"dep_dt": "1456551639", "route_id": "Red", "arr_dt": "1456552161", "direction": "0", "travel_time_sec": "522", "benchmark_travel_time_sec": "540"}, {"dep_dt": "1456552304", "route_id": "Red", "arr_dt": "1456552862", "direction": "0", "travel_time_sec": "558", "benchmark_travel_time_sec": "540"}, {"dep_dt": "1456552644", "route_id": "Red", "arr_dt": "1456553205", "direction": "0", "travel_time_sec": "561", "benchmark_travel_time_sec": "540"}, {"dep_dt": "1456553065", "route_id": "Red", "arr_dt": "1456553768", "direction": "0", "travel_time_sec": "703", "benchmark_travel_time_sec": "540"}, {"dep_dt": "1456554830", "route_id": "Red", "arr_dt": "1456555378", "direction": "0", "travel_time_sec": "548", "benchmark_travel_time_sec": "540"}, {"dep_dt": "1456555226", "route_id": "Red", "arr_dt": "1456555774", "direction": "0", "travel_time_sec": "548", "benchmark_travel_time_sec": "540"}, {"dep_dt": "1456568704", "route_id": "Red", "arr_dt": "1456569244", "direction": "0", "travel_time_sec": "540", "benchmark_travel_time_sec": "540"}, {"dep_dt": "1456569185", "route_id": "Red", "arr_dt": "1456569711", "direction": "0", "travel_time_sec": "526", "benchmark_travel_time_sec": "540"}, {"dep_dt": "1456569495", "route_id": "Red", "arr_dt": "1456570011", "direction": "0", "travel_time_sec": "516", "benchmark_travel_time_sec": "540"}, {"dep_dt": "1456569996", "route_id": "Red", "arr_dt": "1456570652", "direction": "0", "travel_time_sec": "656", "benchmark_travel_time_sec": "540"}, {"dep_dt": "1456570538", "route_id": "Red", "arr_dt": "1456571137", "direction": "0", "travel_time_sec": "599", "benchmark_travel_time_sec": "540"}, {"dep_dt": "1456570998", "route_id": "Red", "arr_dt": "1456571525", "direction": "0", "travel_time_sec": "527", "benchmark_travel_time_sec": "540"}, {"dep_dt": "1456571248", "route_id": "Red", "arr_dt": "1456571796", "direction": "0", "travel_time_sec": "548", "benchmark_travel_time_sec": "540"}, {"dep_dt": "1456571654", "route_id": "Red", "arr_dt": "1456572192", "direction": "0", "travel_time_sec": "538", "benchmark_travel_time_sec": "540"}, {"dep_dt": "1456572095", "route_id": "Red", "arr_dt": "1456572662", "direction": "0", "travel_time_sec": "567", "benchmark_travel_time_sec": "540"}, {"dep_dt": "1456573334", "route_id": "Red", "arr_dt": "1456573878", "direction": "0", "travel_time_sec": "544", "benchmark_travel_time_sec": "540"}, {"dep_dt": "1456573497", "route_id": "Red", "arr_dt": "1456574035", "direction": "0", "travel_time_sec": "538", "benchmark_travel_time_sec": "540"}, {"dep_dt": "1456573726", "route_id": "Red", "arr_dt": "1456574317", "direction": "0", "travel_time_sec": "591", "benchmark_travel_time_sec": "540"}, {"dep_dt": "1456574157", "route_id": "Red", "arr_dt": "1456574714", "direction": "0", "travel_time_sec": "557", "benchmark_travel_time_sec": "540"}, {"dep_dt": "1456574608", "route_id": "Red", "arr_dt": "1456575117", "direction": "0", "travel_time_sec": "509", "benchmark_travel_time_sec": "540"}, {"dep_dt": "1456574994", "route_id": "Red", "arr_dt": "1456575514", "direction": "0", "travel_time_sec": "520", "benchmark_travel_time_sec": "540"}, {"dep_dt": "1456575325", "route_id": "Red", "arr_dt": "1456575833", "direction": "0", "travel_time_sec": "508", "benchmark_travel_time_sec": "540"}, {"dep_dt": "1456575806", "route_id": "Red", "arr_dt": "1456576337", "direction": "0", "travel_time_sec": "531", "benchmark_travel_time_sec": "540"}, {"dep_dt": "1456576195", "route_id": "Red", "arr_dt": "1456576746", "direction": "0", "travel_time_sec": "551", "benchmark_travel_time_sec": "540"}, {"dep_dt": "1456576749", "route_id": "Red", "arr_dt": "1456577357", "direction": "0", "travel_time_sec": "608", "benchmark_travel_time_sec": "540"}, {"dep_dt": "1456577289", "route_id": "Red", "arr_dt": "1456577835", "direction": "0", "travel_time_sec": "546", "benchmark_travel_time_sec": "540"}, {"dep_dt": "1456577774", "route_id": "Red", "arr_dt": "1456578336", "direction": "0", "travel_time_sec": "562", "benchmark_travel_time_sec": "540"}, {"dep_dt": "1456578146", "route_id": "Red", "arr_dt": "1456578726", "direction": "0", "travel_time_sec": "580", "benchmark_travel_time_sec": "540"}, {"dep_dt": "1456578285", "route_id": "Red", "arr_dt": "1456578904", "direction": "0", "travel_time_sec": "619", "benchmark_travel_time_sec": "540"}, {"dep_dt": "1456578816", "route_id": "Red", "arr_dt": "1456579353", "direction": "0", "travel_time_sec": "537", "benchmark_travel_time_sec": "540"}, {"dep_dt": "1456579178", "route_id": "Red", "arr_dt": "1456579700", "direction": "0", "travel_time_sec": "522", "benchmark_travel_time_sec": "540"}, {"dep_dt": "1456579649", "route_id": "Red", "arr_dt": "1456580319", "direction": "0", "travel_time_sec": "670", "benchmark_travel_time_sec": "540"}, {"dep_dt": "1456580078", "route_id": "Red", "arr_dt": "1456580594", "direction": "0", "travel_time_sec": "516", "benchmark_travel_time_sec": "540"}, {"dep_dt": "1456580454", "route_id": "Red", "arr_dt": "1456580990", "direction": "0", "travel_time_sec": "536", "benchmark_travel_time_sec": "540"}, {"dep_dt": "1456580915", "route_id": "Red", "arr_dt": "1456581479", "direction": "0", "travel_time_sec": "564", "benchmark_travel_time_sec": "540"}, {"dep_dt": "1456581214", "route_id": "Red", "arr_dt": "1456581725", "direction": "0", "travel_time_sec": "511", "benchmark_travel_time_sec": "540"}, {"dep_dt": "1456581728", "route_id": "Red", "arr_dt": "1456582316", "direction": "0", "travel_time_sec": "588", "benchmark_travel_time_sec": "540"}, {"dep_dt": "1456582221", "route_id": "Red", "arr_dt": "1456582762", "direction": "0", "travel_time_sec": "541", "benchmark_travel_time_sec": "540"}, {"dep_dt": "1456582597", "route_id": "Red", "arr_dt": "1456583151", "direction": "0", "travel_time_sec": "554", "benchmark_travel_time_sec": "540"}, {"dep_dt": "1456582927", "route_id": "Red", "arr_dt": "1456583467", "direction": "0", "travel_time_sec": "540", "benchmark_travel_time_sec": "540"}, {"dep_dt": "1456583527", "route_id": "Red", "arr_dt": "1456584083", "direction": "0", "travel_time_sec": "556", "benchmark_travel_time_sec": "540"}, {"dep_dt": "1456583857", "route_id": "Red", "arr_dt": "1456584447", "direction": "0", "travel_time_sec": "590", "benchmark_travel_time_sec": "540"}, {"dep_dt": "1456584187", "route_id": "Red", "arr_dt": "1456584733", "direction": "0", "travel_time_sec": "546", "benchmark_travel_time_sec": "540"}, {"dep_dt": "1456584690", "route_id": "Red", "arr_dt": "1456585250", "direction": "0", "travel_time_sec": "560", "benchmark_travel_time_sec": "600"}, {"dep_dt": "1456584988", "route_id": "Red", "arr_dt": "1456585523", "direction": "0", "travel_time_sec": "535", "benchmark_travel_time_sec": "600"}, {"dep_dt": "1456585529", "route_id": "Red", "arr_dt": "1456586131", "direction": "0", "travel_time_sec": "602", "benchmark_travel_time_sec": "600"}, {"dep_dt": "1456585938", "route_id": "Red", "arr_dt": "1456586432", "direction": "0", "travel_time_sec": "494", "benchmark_travel_time_sec": "600"}, {"dep_dt": "1456586377", "route_id": "Red", "arr_dt": "1456586936", "direction": "0", "travel_time_sec": "559", "benchmark_travel_time_sec": "600"}, {"dep_dt": "1456586674", "route_id": "Red", "arr_dt": "1456587224", "direction": "0", "travel_time_sec": "550", "benchmark_travel_time_sec": "600"}, {"dep_dt": "1456587199", "route_id": "Red", "arr_dt": "1456587750", "direction": "0", "travel_time_sec": "551", "benchmark_travel_time_sec": "600"}, {"dep_dt": "1456587606", "route_id": "Red", "arr_dt": "1456588163", "direction": "0", "travel_time_sec": "557", "benchmark_travel_time_sec": "600"}, {"dep_dt": "1456587990", "route_id": "Red", "arr_dt": "1456588560", "direction": "0", "travel_time_sec": "570", "benchmark_travel_time_sec": "600"}, {"dep_dt": "1456588487", "route_id": "Red", "arr_dt": "1456589060", "direction": "0", "travel_time_sec": "573", "benchmark_travel_time_sec": "600"}, {"dep_dt": "1456588807", "route_id": "Red", "arr_dt": "1456589351", "direction": "0", "travel_time_sec": "544", "benchmark_travel_time_sec": "600"}, {"dep_dt": "1456589231", "route_id": "Red", "arr_dt": "1456589774", "direction": "0", "travel_time_sec": "543", "benchmark_travel_time_sec": "600"}, {"dep_dt": "1456589720", "route_id": "Red", "arr_dt": "1456590391", "direction": "0", "travel_time_sec": "671", "benchmark_travel_time_sec": "600"}, {"dep_dt": "1456590092", "route_id": "Red", "arr_dt": "1456590694", "direction": "0", "travel_time_sec": "602", "benchmark_travel_time_sec": "600"}, {"dep_dt": "1456590663", "route_id": "Red", "arr_dt": "1456591212", "direction": "0", "travel_time_sec": "549", "benchmark_travel_time_sec": "600"}, {"dep_dt": "1456590908", "route_id": "Red", "arr_dt": "1456591488", "direction": "0", "travel_time_sec": "580", "benchmark_travel_time_sec": "600"}, {"dep_dt": "1456591377", "route_id": "Red", "arr_dt": "1456591977", "direction": "0", "travel_time_sec": "600", "benchmark_travel_time_sec": "600"}, {"dep_dt": "1456591801", "route_id": "Red", "arr_dt": "1456592353", "direction": "0", "travel_time_sec": "552", "benchmark_travel_time_sec": "600"}, {"dep_dt": "1456592204", "route_id": "Red", "arr_dt": "1456592754", "direction": "0", "travel_time_sec": "550", "benchmark_travel_time_sec": "600"}, {"dep_dt": "1456592716", "route_id": "Red", "arr_dt": "1456593272", "direction": "0", "travel_time_sec": "556", "benchmark_travel_time_sec": "600"}, {"dep_dt": "1456592975", "route_id": "Red", "arr_dt": "1456593521", "direction": "0", "travel_time_sec": "546", "benchmark_travel_time_sec": "600"}, {"dep_dt": "1456593568", "route_id": "Red", "arr_dt": "1456594105", "direction": "0", "travel_time_sec": "537", "benchmark_travel_time_sec": "600"}, {"dep_dt": "1456593935", "route_id": "Red", "arr_dt": "1456594503", "direction": "0", "travel_time_sec": "568", "benchmark_travel_time_sec": "600"}, {"dep_dt": "1456594427", "route_id": "Red", "arr_dt": "1456595169", "direction": "0", "travel_time_sec": "742", "benchmark_travel_time_sec": "600"}, {"dep_dt": "1456594681", "route_id": "Red", "arr_dt": "1456595371", "direction": "0", "travel_time_sec": "690", "benchmark_travel_time_sec": "600"}, {"dep_dt": "1456595125", "route_id": "Red", "arr_dt": "1456595686", "direction": "0", "travel_time_sec": "561", "benchmark_travel_time_sec": "600"}, {"dep_dt": "1456595533", "route_id": "Red", "arr_dt": "1456596071", "direction": "0", "travel_time_sec": "538", "benchmark_travel_time_sec": "600"}, {"dep_dt": "1456595952", "route_id": "Red", "arr_dt": "1456596510", "direction": "0", "travel_time_sec": "558", "benchmark_travel_time_sec": "600"}, {"dep_dt": "1456596494", "route_id": "Red", "arr_dt": "1456597057", "direction": "0", "travel_time_sec": "563", "benchmark_travel_time_sec": "600"}, {"dep_dt": "1456597162", "route_id": "Red", "arr_dt": "1456597860", "direction": "0", "travel_time_sec": "698", "benchmark_travel_time_sec": "600"}, {"dep_dt": "1456597757", "route_id": "Red", "arr_dt": "1456598361", "direction": "0", "travel_time_sec": "604", "benchmark_travel_time_sec": "600"}, {"dep_dt": "1456598097", "route_id": "Red", "arr_dt": "1456598685", "direction": "0", "travel_time_sec": "588", "benchmark_travel_time_sec": "600"}, {"dep_dt": "1456598441", "route_id": "Red", "arr_dt": "1456598981", "direction": "0", "travel_time_sec": "540", "benchmark_travel_time_sec": "600"}, {"dep_dt": "1456598936", "route_id": "Red", "arr_dt": "1456599505", "direction": "0", "travel_time_sec": "569", "benchmark_travel_time_sec": "600"}, {"dep_dt": "1456599287", "route_id": "Red", "arr_dt": "1456599962", "direction": "0", "travel_time_sec": "675", "benchmark_travel_time_sec": "600"}, {"dep_dt": "1456599739", "route_id": "Red", "arr_dt": "1456600272", "direction": "0", "travel_time_sec": "533", "benchmark_travel_time_sec": "600"}, {"dep_dt": "1456599944", "route_id": "Red", "arr_dt": "1456600500", "direction": "0", "travel_time_sec": "556", "benchmark_travel_time_sec": "600"}, {"dep_dt": "1456600232", "route_id": "Red", "arr_dt": "1456600759", "direction": "0", "travel_time_sec": "527", "benchmark_travel_time_sec": "600"}, {"dep_dt": "1456600677", "route_id": "Red", "arr_dt": "1456601266", "direction": "0", "travel_time_sec": "589", "benchmark_travel_time_sec": "600"}, {"dep_dt": "1456601025", "route_id": "Red", "arr_dt": "1456601602", "direction": "0", "travel_time_sec": "577", "benchmark_travel_time_sec": "600"}, {"dep_dt": "1456601579", "route_id": "Red", "arr_dt": "1456602128", "direction": "0", "travel_time_sec": "549", "benchmark_travel_time_sec": "600"}, {"dep_dt": "1456601997", "route_id": "Red", "arr_dt": "1456602559", "direction": "0", "travel_time_sec": "562", "benchmark_travel_time_sec": "600"}, {"dep_dt": "1456602306", "route_id": "Red", "arr_dt": "1456602842", "direction": "0", "travel_time_sec": "536", "benchmark_travel_time_sec": "600"}, {"dep_dt": "1456602691", "route_id": "Red", "arr_dt": "1456603272", "direction": "0", "travel_time_sec": "581", "benchmark_travel_time_sec": "600"}, {"dep_dt": "1456603686", "route_id": "Red", "arr_dt": "1456604321", "direction": "0", "travel_time_sec": "635", "benchmark_travel_time_sec": "600"}, {"dep_dt": "1456603956", "route_id": "Red", "arr_dt": "1456604588", "direction": "0", "travel_time_sec": "632", "benchmark_travel_time_sec": "600"}, {"dep_dt": "1456604353", "route_id": "Red", "arr_dt": "1456604869", "direction": "0", "travel_time_sec": "516", "benchmark_travel_time_sec": "600"}, {"dep_dt": "1456604935", "route_id": "Red", "arr_dt": "1456605564", "direction": "0", "travel_time_sec": "629", "benchmark_travel_time_sec": "600"}, {"dep_dt": "1456605127", "route_id": "Red", "arr_dt": "1456605741", "direction": "0", "travel_time_sec": "614", "benchmark_travel_time_sec": "600"}, {"dep_dt": "1456605503", "route_id": "Red", "arr_dt": "1456606060", "direction": "0", "travel_time_sec": "557", "benchmark_travel_time_sec": "600"}, {"dep_dt": "1456605976", "route_id": "Red", "arr_dt": "1456606541", "direction": "0", "travel_time_sec": "565", "benchmark_travel_time_sec": "600"}, {"dep_dt": "1456606260", "route_id": "Red", "arr_dt": "1456606789", "direction": "0", "travel_time_sec": "529", "benchmark_travel_time_sec": "600"}, {"dep_dt": "1456606607", "route_id": "Red", "arr_dt": "1456607181", "direction": "0", "travel_time_sec": "574", "benchmark_travel_time_sec": "600"}, {"dep_dt": "1456606875", "route_id": "Red", "arr_dt": "1456607401", "direction": "0", "travel_time_sec": "526", "benchmark_travel_time_sec": "600"}, {"dep_dt": "1456607318", "route_id": "Red", "arr_dt": "1456607878", "direction": "0", "travel_time_sec": "560", "benchmark_travel_time_sec": "600"}, {"dep_dt": "1456607679", "route_id": "Red", "arr_dt": "1456608221", "direction": "0", "travel_time_sec": "542", "benchmark_travel_time_sec": "600"}, {"dep_dt": "1456608124", "route_id": "Red", "arr_dt": "1456608700", "direction": "0", "travel_time_sec": "576", "benchmark_travel_time_sec": "600"}, {"dep_dt": "1456608649", "route_id": "Red", "arr_dt": "1456609223", "direction": "0", "travel_time_sec": "574", "benchmark_travel_time_sec": "600"}, {"dep_dt": "1456609027", "route_id": "Red", "arr_dt": "1456609573", "direction": "0", "travel_time_sec": "546", "benchmark_travel_time_sec": "600"}, {"dep_dt": "1456609487", "route_id": "Red", "arr_dt": "1456610061", "direction": "0", "travel_time_sec": "574", "benchmark_travel_time_sec": "600"}, {"dep_dt": "1456609866", "route_id": "Red", "arr_dt": "1456610385", "direction": "0", "travel_time_sec": "519", "benchmark_travel_time_sec": "600"}, {"dep_dt": "1456610539", "route_id": "Red", "arr_dt": "1456611197", "direction": "0", "travel_time_sec": "658", "benchmark_travel_time_sec": "600"}, {"dep_dt": "1456610972", "route_id": "Red", "arr_dt": "1456611537", "direction": "0", "travel_time_sec": "565", "benchmark_travel_time_sec": "600"}, {"dep_dt": "1456611548", "route_id": "Red", "arr_dt": "1456612091", "direction": "0", "travel_time_sec": "543", "benchmark_travel_time_sec": "600"}, {"dep_dt": "1456612020", "route_id": "Red", "arr_dt": "1456612624", "direction": "0", "travel_time_sec": "604", "benchmark_travel_time_sec": "600"}, {"dep_dt": "1456612460", "route_id": "Red", "arr_dt": "1456613016", "direction": "0", "travel_time_sec": "556", "benchmark_travel_time_sec": "600"}, {"dep_dt": "1456612898", "route_id": "Red", "arr_dt": "1456613610", "direction": "0", "travel_time_sec": "712", "benchmark_travel_time_sec": "600"}, {"dep_dt": "1456613055", "route_id": "Red", "arr_dt": "1456613827", "direction": "0", "travel_time_sec": "772", "benchmark_travel_time_sec": "600"}, {"dep_dt": "1456613408", "route_id": "Red", "arr_dt": "1456614019", "direction": "0", "travel_time_sec": "611", "benchmark_travel_time_sec": "600"}, {"dep_dt": "1456613718", "route_id": "Red", "arr_dt": "1456614257", "direction": "0", "travel_time_sec": "539", "benchmark_travel_time_sec": "600"}, {"dep_dt": "1456614305", "route_id": "Red", "arr_dt": "1456614871", "direction": "0", "travel_time_sec": "566", "benchmark_travel_time_sec": "600"}, {"dep_dt": "1456614549", "route_id": "Red", "arr_dt": "1456615139", "direction": "0", "travel_time_sec": "590", "benchmark_travel_time_sec": "600"}, {"dep_dt": "1456615170", "route_id": "Red", "arr_dt": "1456615765", "direction": "0", "travel_time_sec": "595", "benchmark_travel_time_sec": "600"}, {"dep_dt": "1456615846", "route_id": "Red", "arr_dt": "1456616428", "direction": "0", "travel_time_sec": "582", "benchmark_travel_time_sec": "600"}, {"dep_dt": "1456616200", "route_id": "Red", "arr_dt": "1456616737", "direction": "0", "travel_time_sec": "537", "benchmark_travel_time_sec": "600"}, {"dep_dt": "1456616838", "route_id": "Red", "arr_dt": "1456617415", "direction": "0", "travel_time_sec": "577", "benchmark_travel_time_sec": "600"}, {"dep_dt": "1456617035", "route_id": "Red", "arr_dt": "1456617609", "direction": "0", "travel_time_sec": "574", "benchmark_travel_time_sec": "600"}, {"dep_dt": "1456617957", "route_id": "Red", "arr_dt": "1456618597", "direction": "0", "travel_time_sec": "640", "benchmark_travel_time_sec": "600"}, {"dep_dt": "1456618132", "route_id": "Red", "arr_dt": "1456618817", "direction": "0", "travel_time_sec": "685", "benchmark_travel_time_sec": "600"}, {"dep_dt": "1456618468", "route_id": "Red", "arr_dt": "1456619020", "direction": "0", "travel_time_sec": "552", "benchmark_travel_time_sec": "600"}, {"dep_dt": "1456618994", "route_id": "Red", "arr_dt": "1456619549", "direction": "0", "travel_time_sec": "555", "benchmark_travel_time_sec": "600"}, {"dep_dt": "1456619178", "route_id": "Red", "arr_dt": "1456619768", "direction": "0", "travel_time_sec": "590", "benchmark_travel_time_sec": "600"}, {"dep_dt": "1456619475", "route_id": "Red", "arr_dt": "1456620029", "direction": "0", "travel_time_sec": "554", "benchmark_travel_time_sec": "600"}, {"dep_dt": "1456619688", "route_id": "Red", "arr_dt": "1456620241", "direction": "0", "travel_time_sec": "553", "benchmark_travel_time_sec": "600"}, {"dep_dt": "1456620110", "route_id": "Red", "arr_dt": "1456620882", "direction": "0", "travel_time_sec": "772", "benchmark_travel_time_sec": "600"}, {"dep_dt": "1456620894", "route_id": "Red", "arr_dt": "1456621449", "direction": "0", "travel_time_sec": "555", "benchmark_travel_time_sec": "600"}, {"dep_dt": "1456621274", "route_id": "Red", "arr_dt": "1456621790", "direction": "0", "travel_time_sec": "516", "benchmark_travel_time_sec": "600"}, {"dep_dt": "1456621686", "route_id": "Red", "arr_dt": "1456622272", "direction": "0", "travel_time_sec": "586", "benchmark_travel_time_sec": "600"}, {"dep_dt": "1456621966", "route_id": "Red", "arr_dt": "1456622502", "direction": "0", "travel_time_sec": "536", "benchmark_travel_time_sec": "600"}, {"dep_dt": "1456622356", "route_id": "Red", "arr_dt": "1456622903", "direction": "0", "travel_time_sec": "547", "benchmark_travel_time_sec": "600"}, {"dep_dt": "1456622508", "route_id": "Red", "arr_dt": "1456623086", "direction": "0", "travel_time_sec": "578", "benchmark_travel_time_sec": "600"}, {"dep_dt": "1456623029", "route_id": "Red", "arr_dt": "1456623624", "direction": "0", "travel_time_sec": "595", "benchmark_travel_time_sec": "600"}, {"dep_dt": "1456623510", "route_id": "Red", "arr_dt": "1456624077", "direction": "0", "travel_time_sec": "567", "benchmark_travel_time_sec": "600"}, {"dep_dt": "1456623888", "route_id": "Red", "arr_dt": "1456624440", "direction": "0", "travel_time_sec": "552", "benchmark_travel_time_sec": "600"}, {"dep_dt": "1456624345", "route_id": "Red", "arr_dt": "1456624897", "direction": "0", "travel_time_sec": "552", "benchmark_travel_time_sec": "600"}, {"dep_dt": "1456624749", "route_id": "Red", "arr_dt": "1456625310", "direction": "0", "travel_time_sec": "561", "benchmark_travel_time_sec": "600"}, {"dep_dt": "1456625121", "route_id": "Red", "arr_dt": "1456625666", "direction": "0", "travel_time_sec": "545", "benchmark_travel_time_sec": "600"}, {"dep_dt": "1456625468", "route_id": "Red", "arr_dt": "1456626034", "direction": "0", "travel_time_sec": "566", "benchmark_travel_time_sec": "600"}, {"dep_dt": "1456625903", "route_id": "Red", "arr_dt": "1456626457", "direction": "0", "travel_time_sec": "554", "benchmark_travel_time_sec": "600"}, {"dep_dt": "1456626250", "route_id": "Red", "arr_dt": "1456626816", "direction": "0", "travel_time_sec": "566", "benchmark_travel_time_sec": "600"}, {"dep_dt": "1456626677", "route_id": "Red", "arr_dt": "1456627217", "direction": "0", "travel_time_sec": "540", "benchmark_travel_time_sec": "600"}, {"dep_dt": "1456627048", "route_id": "Red", "arr_dt": "1456627572", "direction": "0", "travel_time_sec": "524", "benchmark_travel_time_sec": "600"}, {"dep_dt": "1456627458", "route_id": "Red", "arr_dt": "1456628002", "direction": "0", "travel_time_sec": "544", "benchmark_travel_time_sec": "600"}, {"dep_dt": "1456628135", "route_id": "Red", "arr_dt": "1456628701", "direction": "0", "travel_time_sec": "566", "benchmark_travel_time_sec": "600"}, {"dep_dt": "1456628399", "route_id": "Red", "arr_dt": "1456628991", "direction": "0", "travel_time_sec": "592", "benchmark_travel_time_sec": "600"}, {"dep_dt": "1456628737", "route_id": "Red", "arr_dt": "1456629307", "direction": "0", "travel_time_sec": "570", "benchmark_travel_time_sec": "600"}, {"dep_dt": "1456629193", "route_id": "Red", "arr_dt": "1456629748", "direction": "0", "travel_time_sec": "555", "benchmark_travel_time_sec": "600"}, {"dep_dt": "1456629882", "route_id": "Red", "arr_dt": "1456630470", "direction": "0", "travel_time_sec": "588", "benchmark_travel_time_sec": "600"}, {"dep_dt": "1456630109", "route_id": "Red", "arr_dt": "1456630681", "direction": "0", "travel_time_sec": "572", "benchmark_travel_time_sec": "600"}, {"dep_dt": "1456630382", "route_id": "Red", "arr_dt": "1456630931", "direction": "0", "travel_time_sec": "549", "benchmark_travel_time_sec": "600"}, {"dep_dt": "1456630829", "route_id": "Red", "arr_dt": "1456631384", "direction": "0", "travel_time_sec": "555", "benchmark_travel_time_sec": "600"}, {"dep_dt": "1456631289", "route_id": "Red", "arr_dt": "1456631890", "direction": "0", "travel_time_sec": "601", "benchmark_travel_time_sec": "600"}, {"dep_dt": "1456631808", "route_id": "Red", "arr_dt": "1456632497", "direction": "0", "travel_time_sec": "689", "benchmark_travel_time_sec": "600"}, {"dep_dt": "1456632135", "route_id": "Red", "arr_dt": "1456632713", "direction": "0", "travel_time_sec": "578", "benchmark_travel_time_sec": "600"}, {"dep_dt": "1456632495", "route_id": "Red", "arr_dt": "1456633005", "direction": "0", "travel_time_sec": "510", "benchmark_travel_time_sec": "600"}, {"dep_dt": "1456633066", "route_id": "Red", "arr_dt": "1456633638", "direction": "0", "travel_time_sec": "572", "benchmark_travel_time_sec": "600"}, {"dep_dt": "1456633267", "route_id": "Red", "arr_dt": "1456633835", "direction": "0", "travel_time_sec": "568", "benchmark_travel_time_sec": "600"}, {"dep_dt": "1456633773", "route_id": "Red", "arr_dt": "1456634312", "direction": "0", "travel_time_sec": "539", "benchmark_travel_time_sec": "600"}, {"dep_dt": "1456634420", "route_id": "Red", "arr_dt": "1456635024", "direction": "0", "travel_time_sec": "604", "benchmark_travel_time_sec": "600"}, {"dep_dt": "1456634757", "route_id": "Red", "arr_dt": "1456635287", "direction": "0", "travel_time_sec": "530", "benchmark_travel_time_sec": "600"}, {"dep_dt": "1456635001", "route_id": "Red", "arr_dt": "1456635559", "direction": "0", "travel_time_sec": "558", "benchmark_travel_time_sec": "600"}]}