{"travel_times": [{"dep_dt": "1457585504", "route_id": "Red", "arr_dt": "1457586055", "direction": "0", "travel_time_sec": "551", "benchmark_travel_time_sec": "540"}, {"dep_dt": "1457586057", "route_id": "Red", "arr_dt": "1457586584", "direction": "0", "travel_time_sec": "527", "benchmark_travel_time_sec": "540"}, {"dep_dt": "1457586432", "route_id": "Red", "arr_dt": "1457586993", "direction": "0", "travel_time_sec": "561", "benchmark_travel_time_sec": "540"}, {"dep_dt": "1457586906", "route_id": "Red", "arr_dt": "1457587446", "direction": "0", "travel_time_sec": "540", "benchmark_travel_time_sec": "540"}, {"dep_dt": "1457587527", "route_id": "Red", "arr_dt": "1457588092", "direction": "0", "travel_time_sec": "565", "benchmark_travel_time_sec": "540"}, {"dep_dt": "1457588047", "route_id": "Red", "arr_dt": "1457588641", "direction": "0", "travel_time_sec": "594", "benchmark_travel_time_sec": "540"}, {"dep_dt": "1457588430", "route_id": "Red", "arr_dt": "1457589274", "direction": "0", "travel_time_sec": "844", "threshold_flag_1": "threshold_id_04", "benchmark_travel_time_sec": "540"}, {"dep_dt": "1457605429", "route_id": "Red", "arr_dt": "1457605949", "direction": "0", "travel_time_sec": "520", "benchmark_travel_time_sec": "540"}, {"dep_dt": "1457606025", "route_id": "Red", "arr_dt": "1457606598", "direction": "0", "travel_time_sec": "573", "benchmark_travel_time_sec": "540"}, {"dep_dt": "1457606382", "route_id": "Red", "arr_dt": "1457606937", "direction": "0", "travel_time_sec": "555", "benchmark_travel_time_sec": "540"}, {"dep_dt": "1457606821", "route_id": "Red", "arr_dt": "1457607388", "direction": "0", "travel_time_sec": "567", "benchmark_travel_time_sec": "540"}, {"dep_dt": "1457607211", "route_id": "Red", "arr_dt": "1457607756", "direction": "0", "travel_time_sec": "545", "benchmark_travel_time_sec": "540"}, {"dep_dt": "1457607719", "route_id": "Red", "arr_dt": "1457608315", "direction": "0", "travel_time_sec": "596", "benchmark_travel_time_sec": "540"}, {"dep_dt": "1457608354", "route_id": "Red", "arr_dt": "1457608976", "direction": "0", "travel_time_sec": "622", "benchmark_travel_time_sec": "540"}, {"dep_dt": "1457608777", "route_id": "Red", "arr_dt": "1457609364", "direction": "0", "travel_time_sec": "587", "benchmark_travel_time_sec": "540"}, {"dep_dt": "1457609048", "route_id": "Red", "arr_dt": "1457609580", "direction": "0", "travel_time_sec": "532", "benchmark_travel_time_sec": "540"}, {"dep_dt": "1457609371", "route_id": "Red", "arr_dt": "1457609958", "direction": "0", "travel_time_sec": "587", "benchmark_travel_time_sec": "540"}, {"dep_dt": "1457609663", "route_id": "Red", "arr_dt": "1457610232", "direction": "0", "travel_time_sec": "569", "benchmark_travel_time_sec": "540"}, {"dep_dt": "1457609978", "route_id": "Red", "arr_dt": "1457610530", "direction": "0", "travel_time_sec": "552", "benchmark_travel_time_sec": "540"}, {"dep_dt": "1457610362", "route_id": "Red", "arr_dt": "1457610930", "direction": "0", "travel_time_sec": "568", "benchmark_travel_time_sec": "540"}, {"dep_dt": "1457610738", "route_id": "Red", "arr_dt": "1457611307", "direction": "0", "travel_time_sec": "569", "benchmark_travel_time_sec": "651"}, {"dep_dt": "1457611937", "route_id": "Red", "arr_dt": "1457612488", "direction": "0", "travel_time_sec": "551", "benchmark_travel_time_sec": "651"}, {"dep_dt": "1457612083", "route_id": "Red", "arr_dt": "1457612666", "direction": "0", "travel_time_sec": "583", "benchmark_travel_time_sec": "651"}, {"dep_dt": "1457612392", "route_id": "Red", "arr_dt": "1457612982", "direction": "0", "travel_time_sec": "590", "benchmark_travel_time_sec": "651"}, {"dep_dt": "1457612973", "route_id": "Red", "arr_dt": "1457613575", "direction": "0", "travel_time_sec": "602", "benchmark_travel_time_sec": "660"}, {"dep_dt": "1457613386", "route_id": "Red", "arr_dt": "1457613883", "direction": "0", "travel_time_sec": "497", "benchmark_travel_time_sec": "660"}, {"dep_dt": "1457613476", "route_id": "Red", "arr_dt": "1457614097", "direction": "0", "travel_time_sec": "621", "benchmark_travel_time_sec": "660"}, {"dep_dt": "1457614076", "route_id": "Red", "arr_dt": "1457614715", "direction": "0", "travel_time_sec": "639", "benchmark_travel_time_sec": "660"}, {"dep_dt": "1457614556", "route_id": "Red", "arr_dt": "1457615196", "direction": "0", "travel_time_sec": "640", "benchmark_travel_time_sec": "660"}, {"dep_dt": "1457614661", "route_id": "Red", "arr_dt": "1457615415", "direction": "0", "travel_time_sec": "754", "benchmark_travel_time_sec": "660"}, {"dep_dt": "1457615074", "route_id": "Red", "arr_dt": "1457615815", "direction": "0", "travel_time_sec": "741", "benchmark_travel_time_sec": "660"}, {"dep_dt": "1457615692", "route_id": "Red", "arr_dt": "1457616496", "direction": "0", "travel_time_sec": "804", "benchmark_travel_time_sec": "660"}, {"dep_dt": "1457616149", "route_id": "Red", "arr_dt": "1457616733", "direction": "0", "travel_time_sec": "584", "benchmark_travel_time_sec": "660"}, {"dep_dt": "1457621155", "route_id": "Red", "arr_dt": "1457621666", "direction": "0", "travel_time_sec": "511", "benchmark_travel_time_sec": "615"}, {"dep_dt": "1457621275", "route_id": "Red", "arr_dt": "1457621834", "direction": "0", "travel_time_sec": "559", "benchmark_travel_time_sec": "615"}, {"dep_dt": "1457621611", "route_id": "Red", "arr_dt": "1457622268", "direction": "0", "travel_time_sec": "657", "benchmark_travel_time_sec": "600"}, {"dep_dt": "1457621761", "route_id": "Red", "arr_dt": "1457622498", "direction": "0", "travel_time_sec": "737", "benchmark_travel_time_sec": "600"}, {"dep_dt": "1457621993", "route_id": "Red", "arr_dt": "1457622666", "direction": "0", "travel_time_sec": "673", "benchmark_travel_time_sec": "600"}, {"dep_dt": "1457622158", "route_id": "Red", "arr_dt": "1457622846", "direction": "0", "travel_time_sec": "688", "benchmark_travel_time_sec": "600"}, {"dep_dt": "1457622468", "route_id": "Red", "arr_dt": "1457623056", "direction": "0", "travel_time_sec": "588", "benchmark_travel_time_sec": "600"}, {"dep_dt": "1457622994", "route_id": "Red", "arr_dt": "1457623582", "direction": "0", "travel_time_sec": "588", "benchmark_travel_time_sec": "600"}, {"dep_dt": "1457623146", "route_id": "Red", "arr_dt": "1457623874", "direction": "0", "travel_time_sec": "728", "benchmark_travel_time_sec": "600"}, {"dep_dt": "1457623705", "route_id": "Red", "arr_dt": "1457624277", "direction": "0", "travel_time_sec": "572", "benchmark_travel_time_sec": "600"}, {"dep_dt": "1457624246", "route_id": "Red", "arr_dt": "1457624853", "direction": "0", "travel_time_sec": "607", "benchmark_travel_time_sec": "600"}, {"dep_dt": "1457624490", "route_id": "Red", "arr_dt": "1457625071", "direction": "0", "travel_time_sec": "581", "benchmark_travel_time_sec": "600"}, {"dep_dt": "1457624821", "route_id": "Red", "arr_dt": "1457625351", "direction": "0", "travel_time_sec": "530", "benchmark_travel_time_sec": "600"}, {"dep_dt": "1457625510", "route_id": "Red", "arr_dt": "1457626049", "direction": "0", "travel_time_sec": "539", "benchmark_travel_time_sec": "600"}, {"dep_dt": "1457625798", "route_id": "Red", "arr_dt": "1457626364", "direction": "0", "travel_time_sec": "566", "benchmark_travel_time_sec": "600"}, {"dep_dt": "1457626257", "route_id": "Red", "arr_dt": "1457626792", "direction": "0", "travel_time_sec": "535", "benchmark_travel_time_sec": "600"}, {"dep_dt": "1457626522", "route_id": "Red", "arr_dt": "1457627069", "direction": "0", "travel_time_sec": "547", "benchmark_travel_time_sec": "600"}, {"dep_dt": "1457627408", "route_id": "Red", "arr_dt": "1457628001", "direction": "0", "travel_time_sec": "593", "benchmark_travel_time_sec": "600"}, {"dep_dt": "1457627897", "route_id": "Red", "arr_dt": "1457628438", "direction": "0", "travel_time_sec": "541", "benchmark_travel_time_sec": "600"}, {"dep_dt": "1457628895", "route_id": "Red", "arr_dt": "1457629457", "direction": "0", "travel_time_sec": "562", "benchmark_travel_time_sec": "600"}, {"dep_dt": "1457629036", "route_id": "Red", "arr_dt": "1457629656", "direction": "0", "travel_time_sec": "620", "benchmark_travel_time_sec": "600"}, {"dep_dt": "1457629559", "route_id": "Red", "arr_dt": "1457630149", "direction": "0", "travel_time_sec": "590", "benchmark_travel_time_sec": "600"}, {"dep_dt": "1457629924", "route_id": "Red", "arr_dt": "1457630463", "direction": "0", "travel_time_sec": "539", "benchmark_travel_time_sec": "600"}, {"dep_dt": "1457630382", "route_id": "Red", "arr_dt": "1457630928", "direction": "0", "travel_time_sec": "546", "benchmark_travel_time_sec": "600"}, {"dep_dt": "1457630825", "route_id": "Red", "arr_dt": "1457631374", "direction": "0", "travel_time_sec": "549", "benchmark_travel_time_sec": "600"}, {"dep_dt": "1457631730", "route_id": "Red", "arr_dt": "1457632298", "direction": "0", "travel_time_sec": "568", "benchmark_travel_time_sec": "600"}, {"dep_dt": "1457632910", "route_id": "Red", "arr_dt": "1457633482", "direction": "0", "travel_time_sec": "572", "benchmark_travel_time_sec": "600"}, {"dep_dt": "1457633291", "route_id": "Red", "arr_dt": "1457633872", "direction": "0", "travel_time_sec": "581", "benchmark_travel_time_sec": "600"}, {"dep_dt": "1457634180", "route_id": "Red", "arr_dt": "1457634712", "direction": "0", "travel_time_sec": "532", "benchmark_travel_time_sec": "600"}, {"dep_dt": "1457634598", "route_id": "Red", "arr_dt": "1457635170", "direction": "0", "travel_time_sec": "572", "benchmark_travel_time_sec": "600"}, {"dep_dt": "1457635086", "route_id": "Red", "arr_dt": "1457635693", "direction": "0", "travel_time_sec": "607", "benchmark_travel_time_sec": "600"}, {"dep_dt": "1457635870", "route_id": "Red", "arr_dt": "1457636451", "direction": "0", "travel_time_sec": "581", "benchmark_travel_time_sec": "600"}, {"dep_dt": "1457636233", "route_id": "Red", "arr_dt": "1457636803", "direction": "0", "travel_time_sec": "570", "benchmark_travel_time_sec": "600"}, {"dep_dt": "1457636648", "route_id": "Red", "arr_dt": "1457637188", "direction": "0", "travel_time_sec": "540", "benchmark_travel_time_sec": "600"}, {"dep_dt": "1457637071", "route_id": "Red", "arr_dt": "1457637752", "direction": "0", "travel_time_sec": "681", "benchmark_travel_time_sec": "600"}, {"dep_dt": "1457637580", "route_id": "Red", "arr_dt": "1457638180", "direction": "0", "travel_time_sec": "600", "benchmark_travel_time_sec": "600"}, {"dep_dt": "1457637941", "route_id": "Red", "arr_dt": "1457638615", "direction": "0", "travel_time_sec": "674", "benchmark_travel_time_sec": "600"}, {"dep_dt": "1457638285", "route_id": "Red", "arr_dt": "1457638896", "direction": "0", "travel_time_sec": "611", "benchmark_travel_time_sec": "600"}, {"dep_dt": "1457639117", "route_id": "Red", "arr_dt": "1457639700", "direction": "0", "travel_time_sec": "583", "benchmark_travel_time_sec": "600"}, {"dep_dt": "1457639686", "route_id": "Red", "arr_dt": "1457640338", "direction": "0", "travel_time_sec": "652", "benchmark_travel_time_sec": "600"}, {"dep_dt": "1457640544", "route_id": "Red", "arr_dt": "1457641112", "direction": "0", "travel_time_sec": "568", "benchmark_travel_time_sec": "600"}, {"dep_dt": "1457640704", "route_id": "Red", "arr_dt": "1457641312", "direction": "0", "travel_time_sec": "608", "benchmark_travel_time_sec": "600"}, {"dep_dt": "1457641116", "route_id": "Red", "arr_dt": "1457641765", "direction": "0", "travel_time_sec": "649", "benchmark_travel_time_sec": "600"}, {"dep_dt": "1457642490", "route_id": "Red", "arr_dt": "1457643084", "direction": "0", "travel_time_sec": "594", "benchmark_travel_time_sec": "600"}, {"dep_dt": "1457642984", "route_id": "Red", "arr_dt": "1457643576", "direction": "0", "travel_time_sec": "592", "benchmark_travel_time_sec": "600"}, {"dep_dt": "1457643150", "route_id": "Red", "arr_dt": "1457643807", "direction": "0", "travel_time_sec": "657", "benchmark_travel_time_sec": "700"}, {"dep_dt": "1457643768", "route_id": "Red", "arr_dt": "1457644337", "direction": "0", "travel_time_sec": "569", "benchmark_travel_time_sec": "700"}, {"dep_dt": "1457644087", "route_id": "Red", "arr_dt": "1457644749", "direction": "0", "travel_time_sec": "662", "benchmark_travel_time_sec": "700"}, {"dep_dt": "1457644277", "route_id": "Red", "arr_dt": "1457644984", "direction": "0", "travel_time_sec": "707", "benchmark_travel_time_sec": "700"}, {"dep_dt": "1457644678", "route_id": "Red", "arr_dt": "1457645274", "direction": "0", "travel_time_sec": "596", "benchmark_travel_time_sec": "700"}, {"dep_dt": "1457644890", "route_id": "Red", "arr_dt": "1457645582", "direction": "0", "travel_time_sec": "692", "benchmark_travel_time_sec": "720"}, {"dep_dt": "1457645235", "route_id": "Red", "arr_dt": "1457645840", "direction": "0", "travel_time_sec": "605", "benchmark_travel_time_sec": "720"}, {"dep_dt": "1457645467", "route_id": "Red", "arr_dt": "1457646064", "direction": "0", "travel_time_sec": "597", "benchmark_travel_time_sec": "720"}, {"dep_dt": "1457645844", "route_id": "Red", "arr_dt": "1457646527", "direction": "0", "travel_time_sec": "683", "benchmark_travel_time_sec": "720"}, {"dep_dt": "1457646026", "route_id": "Red", "arr_dt": "1457646760", "direction": "0", "travel_time_sec": "734", "benchmark_travel_time_sec": "720"}, {"dep_dt": "1457646257", "route_id": "Red", "arr_dt": "1457647052", "direction": "0", "travel_time_sec": "795", "benchmark_travel_time_sec": "720"}, {"dep_dt": "1457646466", "route_id": "Red", "arr_dt": "1457647285", "direction": "0", "travel_time_sec": "819", "benchmark_travel_time_sec": "720"}, {"dep_dt": "1457646819", "route_id": "Red", "arr_dt": "1457647511", "direction": "0", "travel_time_sec": "692", "benchmark_travel_time_sec": "720"}, {"dep_dt": "1457647060", "route_id": "Red", "arr_dt": "1457647732", "direction": "0", "travel_time_sec": "672", "benchmark_travel_time_sec": "720"}, {"dep_dt": "1457647332", "route_id": "Red", "arr_dt": "1457647971", "direction": "0", "travel_time_sec": "639", "benchmark_travel_time_sec": "720"}, {"dep_dt": "1457647486", "route_id": "Red", "arr_dt": "1457648197", "direction": "0", "travel_time_sec": "711", "benchmark_travel_time_sec": "720"}, {"dep_dt": "1457647657", "route_id": "Red", "arr_dt": "1457648443", "direction": "0", "travel_time_sec": "786", "benchmark_travel_time_sec": "720"}, {"dep_dt": "1457647833", "route_id": "Red", "arr_dt": "1457648670", "direction": "0", "travel_time_sec": "837", "benchmark_travel_time_sec": "720"}, {"dep_dt": "1457647998", "route_id": "Red", "arr_dt": "1457648914", "direction": "0", "travel_time_sec": "916", "threshold_flag_1": "threshold_id_04", "benchmark_travel_time_sec": "720"}, {"dep_dt": "1457648275", "route_id": "Red", "arr_dt": "1457649118", "direction": "0", "travel_time_sec": "843", "benchmark_travel_time_sec": "720"}, {"dep_dt": "1457648479", "route_id": "Red", "arr_dt": "1457649318", "direction": "0", "travel_time_sec": "839", "benchmark_travel_time_sec": "720"}, {"dep_dt": "1457649022", "route_id": "Red", "arr_dt": "1457649660", "direction": "0", "travel_time_sec": "638", "benchmark_travel_time_sec": "720"}, {"dep_dt": "1457649220", "route_id": "Red", "arr_dt": "1457649885", "direction": "0", "travel_time_sec": "665", "benchmark_travel_time_sec": "720"}, {"dep_dt": "1457649375", "route_id": "Red", "arr_dt": "1457650147", "direction": "0", "travel_time_sec": "772", "benchmark_travel_time_sec": "720"}, {"dep_dt": "1457649863", "route_id": "Red", "arr_dt": "1457650651", "direction": "0", "travel_time_sec": "788", "benchmark_travel_time_sec": "720"}, {"dep_dt": "1457650108", "route_id": "Red", "arr_dt": "1457650855", "direction": "0", "travel_time_sec": "747", "benchmark_travel_time_sec": "668"}, {"dep_dt": "1457650278", "route_id": "Red", "arr_dt": "1457651092", "direction": "0", "travel_time_sec": "814", "benchmark_travel_time_sec": "668"}, {"dep_dt": "1457650469", "route_id": "Red", "arr_dt": "1457651315", "direction": "0", "travel_time_sec": "846", "benchmark_travel_time_sec": "668"}, {"dep_dt": "1457650619", "route_id": "Red", "arr_dt": "1457651501", "direction": "0", "travel_time_sec": "882", "threshold_flag_1": "threshold_id_04", "benchmark_travel_time_sec": "668"}, {"dep_dt": "1457650926", "route_id": "Red", "arr_dt": "1457651690", "direction": "0", "travel_time_sec": "764", "benchmark_travel_time_sec": "668"}, {"dep_dt": "1457651120", "route_id": "Red", "arr_dt": "1457651902", "direction": "0", "travel_time_sec": "782", "benchmark_travel_time_sec": "668"}, {"dep_dt": "1457651295", "route_id": "Red", "arr_dt": "1457652118", "direction": "0", "travel_time_sec": "823", "benchmark_travel_time_sec": "668"}, {"dep_dt": "1457651437", "route_id": "Red", "arr_dt": "1457652328", "direction": "0", "travel_time_sec": "891", "threshold_flag_1": "threshold_id_04", "benchmark_travel_time_sec": "668"}, {"dep_dt": "1457651803", "route_id": "Red", "arr_dt": "1457652529", "direction": "0", "travel_time_sec": "726", "benchmark_travel_time_sec": "668"}, {"dep_dt": "1457652048", "route_id": "Red", "arr_dt": "1457652769", "direction": "0", "travel_time_sec": "721", "benchmark_travel_time_sec": "660"}, {"dep_dt": "1457652336", "route_id": "Red", "arr_dt": "1457652961", "direction": "0", "travel_time_sec": "625", "benchmark_travel_time_sec": "660"}, {"dep_dt": "1457652558", "route_id": "Red", "arr_dt": "1457653180", "direction": "0", "travel_time_sec": "622", "benchmark_travel_time_sec": "660"}, {"dep_dt": "1457652821", "route_id": "Red", "arr_dt": "1457653388", "direction": "0", "travel_time_sec": "567", "benchmark_travel_time_sec": "660"}, {"dep_dt": "1457652959", "route_id": "Red", "arr_dt": "1457653575", "direction": "0", "travel_time_sec": "616", "benchmark_travel_time_sec": "660"}, {"dep_dt": "1457653505", "route_id": "Red", "arr_dt": "1457654240", "direction": "0", "travel_time_sec": "735", "benchmark_travel_time_sec": "660"}, {"dep_dt": "1457653738", "route_id": "Red", "arr_dt": "1457654470", "direction": "0", "travel_time_sec": "732", "benchmark_travel_time_sec": "660"}, {"dep_dt": "1457653895", "route_id": "Red", "arr_dt": "1457654899", "direction": "0", "travel_time_sec": "1004", "threshold_flag_1": "threshold_id_04", "benchmark_travel_time_sec": "660"}, {"dep_dt": "1457654316", "route_id": "Red", "arr_dt": "1457655098", "direction": "0", "travel_time_sec": "782", "benchmark_travel_time_sec": "660"}, {"dep_dt": "1457654476", "route_id": "Red", "arr_dt": "1457655301", "direction": "0", "travel_time_sec": "825", "benchmark_travel_time_sec": "660"}, {"dep_dt": "1457654650", "route_id": "Red", "arr_dt": "1457655497", "direction": "0", "travel_time_sec": "847", "threshold_flag_1": "threshold_id_04", "benchmark_travel_time_sec": "660"}, {"dep_dt": "1457654951", "route_id": "Red", "arr_dt": "1457655729", "direction": "0", "travel_time_sec": "778", "benchmark_travel_time_sec": "660"}, {"dep_dt": "1457655265", "route_id": "Red", "arr_dt": "1457655947", "direction": "0", "travel_time_sec": "682", "benchmark_travel_time_sec": "660"}, {"dep_dt": "1457655446", "route_id": "Red", "arr_dt": "1457656124", "direction": "0", "travel_time_sec": "678", "benchmark_travel_time_sec": "660"}, {"dep_dt": "1457655886", "route_id": "Red", "arr_dt": "1457656490", "direction": "0", "travel_time_sec": "604", "benchmark_travel_time_sec": "660"}, {"dep_dt": "1457656162", "route_id": "Red", "arr_dt": "1457656732", "direction": "0", "travel_time_sec": "570", "benchmark_travel_time_sec": "660"}, {"dep_dt": "1457656463", "route_id": "Red", "arr_dt": "1457657072", "direction": "0", "travel_time_sec": "609", "benchmark_travel_time_sec": "660"}, {"dep_dt": "1457656631", "route_id": "Red", "arr_dt": "1457657256", "direction": "0", "travel_time_sec": "625", "benchmark_travel_time_sec": "660"}, {"dep_dt": "1457656823", "route_id": "Red", "arr_dt": "1457657429", "direction": "0", "travel_time_sec": "606", "benchmark_travel_time_sec": "660"}, {"dep_dt": "1457656966", "route_id": "Red", "arr_dt": "1457657605", "direction": "0", "travel_time_sec": "639", "benchmark_travel_time_sec": "660"}, {"dep_dt": "1457657258", "route_id": "Red", "arr_dt": "1457657832", "direction": "0", "travel_time_sec": "574", "benchmark_travel_time_sec": "660"}, {"dep_dt": "1457657428", "route_id": "Red", "arr_dt": "1457658036", "direction": "0", "travel_time_sec": "608", "benchmark_travel_time_sec": "550"}, {"dep_dt": "1457657875", "route_id": "Red", "arr_dt": "1457658433", "direction": "0", "travel_time_sec": "558", "benchmark_travel_time_sec": "550"}, {"dep_dt": "1457658256", "route_id": "Red", "arr_dt": "1457658853", "direction": "0", "travel_time_sec": "597", "benchmark_travel_time_sec": "550"}, {"dep_dt": "1457658508", "route_id": "Red", "arr_dt": "1457659088", "direction": "0", "travel_time_sec": "580", "benchmark_travel_time_sec": "550"}, {"dep_dt": "1457658891", "route_id": "Red", "arr_dt": "1457659492", "direction": "0", "travel_time_sec": "601", "benchmark_travel_time_sec": "550"}, {"dep_dt": "1457659145", "route_id": "Red", "arr_dt": "1457659714", "direction": "0", "travel_time_sec": "569", "benchmark_travel_time_sec": "550"}, {"dep_dt": "1457659635", "route_id": "Red", "arr_dt": "1457660226", "direction": "0", "travel_time_sec": "591", "benchmark_travel_time_sec": "540"}, {"dep_dt": "1457659875", "route_id": "Red", "arr_dt": "1457660470", "direction": "0", "travel_time_sec": "595", "benchmark_travel_time_sec": "540"}, {"dep_dt": "1457660276", "route_id": "Red", "arr_dt": "1457660819", "direction": "0", "travel_time_sec": "543", "benchmark_travel_time_sec": "540"}, {"dep_dt": "1457660633", "route_id": "Red", "arr_dt": "1457661172", "direction": "0", "travel_time_sec": "539", "benchmark_travel_time_sec": "540"}, {"dep_dt": "1457661037", "route_id": "Red", "arr_dt": "1457661762", "direction": "0", "travel_time_sec": "725", "threshold_flag_1": "threshold_id_04", "benchmark_travel_time_sec": "540"}, {"dep_dt": "1457661472", "route_id": "Red", "arr_dt": "1457662033", "direction": "0", "travel_time_sec": "561", "benchmark_travel_time_sec": "540"}, {"dep_dt": "1457661947", "route_id": "Red", "arr_dt": "1457662520", "direction": "0", "travel_time_sec": "573", "benchmark_travel_time_sec": "540"}, {"dep_dt": "1457662310", "route_id": "Red", "arr_dt": "1457662871", "direction": "0", "travel_time_sec": "561", "benchmark_travel_time_sec": "540"}, {"dep_dt": "1457662457", "route_id": "Red", "arr_dt": "1457663040", "direction": "0", "travel_time_sec": "583", "benchmark_travel_time_sec": "540"}, {"dep_dt": "1457662878", "route_id": "Red", "arr_dt": "1457663430", "direction": "0", "travel_time_sec": "552", "benchmark_travel_time_sec": "540"}, {"dep_dt": "1457663114", "route_id": "Red", "arr_dt": "1457663640", "direction": "0", "travel_time_sec": "526", "benchmark_travel_time_sec": "540"}, {"dep_dt": "1457663683", "route_id": "Red", "arr_dt": "1457664321", "direction": "0", "travel_time_sec": "638", "benchmark_travel_time_sec": "540"}, {"dep_dt": "1457663897", "route_id": "Red", "arr_dt": "1457664529", "direction": "0", "travel_time_sec": "632", "benchmark_travel_time_sec": "540"}, {"dep_dt": "1457664231", "route_id": "Red", "arr_dt": "1457664784", "direction": "0", "travel_time_sec": "553", "benchmark_travel_time_sec": "540"}, {"dep_dt": "1457664408", "route_id": "Red", "arr_dt": "1457664970", "direction": "0", "travel_time_sec": "562", "benchmark_travel_time_sec": "540"}, {"dep_dt": "1457664828", "route_id": "Red", "arr_dt": "1457665375", "direction": "0", "travel_time_sec": "547", "benchmark_travel_time_sec": "540"}, {"dep_dt": "1457665094", "route_id": "Red", "arr_dt": "1457665642", "direction": "0", "travel_time_sec": "548", "benchmark_travel_time_sec": "540"}, {"dep_dt": "1457665481", "route_id": "Red", "arr_dt": "1457666029", "direction": "0", "travel_time_sec": "548", "benchmark_travel_time_sec": "540"}, {"dep_dt": "1457665905", "route_id": "Red", "arr_dt": "1457666506", "direction": "0", "travel_time_sec": "601", "benchmark_travel_time_sec": "540"}, {"dep_dt": "1457666247", "route_id": "Red", "arr_dt": "1457666800", "direction": "0", "travel_time_sec": "553", "benchmark_travel_time_sec": "540"}, {"dep_dt": "1457666536", "route_id": "Red", "arr_dt": "1457667074", "direction": "0", "travel_time_sec": "538", "benchmark_travel_time_sec": "540"}, {"dep_dt": "1457666928", "route_id": "Red", "arr_dt": "1457667482", "direction": "0", "travel_time_sec": "554", "benchmark_travel_time_sec": "540"}, {"dep_dt": "1457667338", "route_id": "Red", "arr_dt": "1457667924", "direction": "0", "travel_time_sec": "586", "benchmark_travel_time_sec": "540"}, {"dep_dt": "1457667698", "route_id": "Red", "arr_dt": "1457668248", "direction": "0", "travel_time_sec": "550", "benchmark_travel_time_sec": "540"}, {"dep_dt": "1457668224", "route_id": "Red", "arr_dt": "1457668851", "direction": "0", "travel_time_sec": "627", "benchmark_travel_time_sec": "540"}, {"dep_dt": "1457668405", "route_id": "Red", "arr_dt": "1457669038", "direction": "0", "travel_time_sec": "633", "benchmark_travel_time_sec": "540"}, {"dep_dt": "1457668844", "route_id": "Red", "arr_dt": "1457669425", "direction": "0", "travel_time_sec": "581", "benchmark_travel_time_sec": "540"}, {"dep_dt": "1457669571", "route_id": "Red", "arr_dt": "1457670401", "direction": "0", "travel_time_sec": "830", "threshold_flag_1": "threshold_id_04", "benchmark_travel_time_sec": "540"}, {"dep_dt": "1457669796", "route_id": "Red", "arr_dt": "1457670586", "direction": "0", "travel_time_sec": "790", "threshold_flag_1": "threshold_id_04", "benchmark_travel_time_sec": "540"}, {"dep_dt": "1457670220", "route_id": "Red", "arr_dt": "1457670764", "direction": "0", "travel_time_sec": "544", "benchmark_travel_time_sec": "540"}, {"dep_dt": "1457670379", "route_id": "Red", "arr_dt": "1457670937", "direction": "0", "travel_time_sec": "558", "benchmark_travel_time_sec": "540"}, {"dep_dt": "1457670579", "route_id": "Red", "arr_dt": "1457671122", "direction": "0", "travel_time_sec": "543", "benchmark_travel_time_sec": "540"}, {"dep_dt": "1457670956", "route_id": "Red", "arr_dt": "1457671504", "direction": "0", "travel_time_sec": "548", "benchmark_travel_time_sec": "540"}, {"dep_dt": "1457671245", "route_id": "Red", "arr_dt": "1457671758", "direction": "0", "travel_time_sec": "513", "benchmark_travel_time_sec": "540"}, {"dep_dt": "1457671812", "route_id": "Red", "arr_dt": "1457672364", "direction": "0", "travel_time_sec": "552", "benchmark_travel_time_sec": "540"}]}