{"travel_times": [{"dep_dt": "1457240385", "route_id": "Red", "arr_dt": "1457240976", "direction": "0", "travel_time_sec": "591", "benchmark_travel_time_sec": "600"}, {"dep_dt": "1457240675", "route_id": "Red", "arr_dt": "1457241223", "direction": "0", "travel_time_sec": "548", "benchmark_travel_time_sec": "600"}, {"dep_dt": "1457241254", "route_id": "Red", "arr_dt": "1457241815", "direction": "0", "travel_time_sec": "561", "benchmark_travel_time_sec": "600"}, {"dep_dt": "1457241464", "route_id": "Red", "arr_dt": "1457242019", "direction": "0", "travel_time_sec": "555", "benchmark_travel_time_sec": "600"}, {"dep_dt": "1457241858", "route_id": "Red", "arr_dt": "1457242417", "direction": "0", "travel_time_sec": "559", "benchmark_travel_time_sec": "600"}, {"dep_dt": "1457242407", "route_id": "Red", "arr_dt": "1457243022", "direction": "0", "travel_time_sec": "615", "benchmark_travel_time_sec": "600"}, {"dep_dt": "1457242892", "route_id": "Red", "arr_dt": "1457243432", "direction": "0", "travel_time_sec": "540", "benchmark_travel_time_sec": "600"}, {"dep_dt": "1457243478", "route_id": "Red", "arr_dt": "1457244014", "direction": "0", "travel_time_sec": "536", "benchmark_travel_time_sec": "600"}, {"dep_dt": "1457244226", "route_id": "Red", "arr_dt": "1457244751", "direction": "0", "travel_time_sec": "525", "benchmark_travel_time_sec": "600"}, {"dep_dt": "1457244857", "route_id": "Red", "arr_dt": "1457245424", "direction": "0", "travel_time_sec": "567", "benchmark_travel_time_sec": "600"}, {"dep_dt": "1457245646", "route_id": "Red", "arr_dt": "1457246148", "direction": "0", "travel_time_sec": "502", "benchmark_travel_time_sec": "600"}, {"dep_dt": "1457246311", "route_id": "Red", "arr_dt": "1457246887", "direction": "0", "travel_time_sec": "576", "benchmark_travel_time_sec": "600"}, {"dep_dt": "1457246823", "route_id": "Red", "arr_dt": "1457247338", "direction": "0", "travel_time_sec": "515", "benchmark_travel_time_sec": "600"}, {"dep_dt": "1457262517", "route_id": "Red", "arr_dt": "1457263080", "direction": "0", "travel_time_sec": "563", "benchmark_travel_time_sec": "540"}, {"dep_dt": "1457263023", "route_id": "Red", "arr_dt": "1457263564", "direction": "0", "travel_time_sec": "541", "benchmark_travel_time_sec": "540"}, {"dep_dt": "1457263488", "route_id": "Red", "arr_dt": "1457264038", "direction": "0", "travel_time_sec": "550", "benchmark_travel_time_sec": "540"}, {"dep_dt": "1457263978", "route_id": "Red", "arr_dt": "1457264529", "direction": "0", "travel_time_sec": "551", "benchmark_travel_time_sec": "540"}, {"dep_dt": "1457264401", "route_id": "Red", "arr_dt": "1457264964", "direction": "0", "travel_time_sec": "563", "benchmark_travel_time_sec": "540"}, {"dep_dt": "1457264927", "route_id": "Red", "arr_dt": "1457265498", "direction": "0", "travel_time_sec": "571", "benchmark_travel_time_sec": "540"}, {"dep_dt": "1457265465", "route_id": "Red", "arr_dt": "1457265979", "direction": "0", "travel_time_sec": "514", "benchmark_travel_time_sec": "540"}, {"dep_dt": "1457265869", "route_id": "Red", "arr_dt": "1457266402", "direction": "0", "travel_time_sec": "533", "benchmark_travel_time_sec": "540"}, {"dep_dt": "1457266259", "route_id": "Red", "arr_dt": "1457266802", "direction": "0", "travel_time_sec": "543", "benchmark_travel_time_sec": "540"}, {"dep_dt": "1457266823", "route_id": "Red", "arr_dt": "1457267375", "direction": "0", "travel_time_sec": "552", "benchmark_travel_time_sec": "540"}, {"dep_dt": "1457267219", "route_id": "Red", "arr_dt": "1457267773", "direction": "0", "travel_time_sec": "554", "benchmark_travel_time_sec": "540"}, {"dep_dt": "1457267835", "route_id": "Red", "arr_dt": "1457268365", "direction": "0", "travel_time_sec": "530", "benchmark_travel_time_sec": "540"}, {"dep_dt": "1457268098", "route_id": "Red", "arr_dt": "1457268653", "direction": "0", "travel_time_sec": "555", "benchmark_travel_time_sec": "540"}, {"dep_dt": "1457268717", "route_id": "Red", "arr_dt": "1457269235", "direction": "0", "travel_time_sec": "518", "benchmark_travel_time_sec": "540"}, {"dep_dt": "1457269106", "route_id": "Red", "arr_dt": "1457269655", "direction": "0", "travel_time_sec": "549", "benchmark_travel_time_sec": "540"}, {"dep_dt": "1457269558", "route_id": "Red", "arr_dt": "1457270084", "direction": "0", "travel_time_sec": "526", "benchmark_travel_time_sec": "540"}, {"dep_dt": "1457269966", "route_id": "Red", "arr_dt": "1457270507", "direction": "0", "travel_time_sec": "541", "benchmark_travel_time_sec": "540"}, {"dep_dt": "1457270564", "route_id": "Red", "arr_dt": "1457271115", "direction": "0", "travel_time_sec": "551", "benchmark_travel_time_sec": "540"}, {"dep_dt": "1457271017", "route_id": "Red", "arr_dt": "1457271577", "direction": "0", "travel_time_sec": "560", "benchmark_travel_time_sec": "540"}, {"dep_dt": "1457271464", "route_id": "Red", "arr_dt": "1457272006", "direction": "0", "travel_time_sec": "542", "benchmark_travel_time_sec": "540"}, {"dep_dt": "1457271847", "route_id": "Red", "arr_dt": "1457272395", "direction": "0", "travel_time_sec": "548", "benchmark_travel_time_sec": "540"}, {"dep_dt": "1457272369", "route_id": "Red", "arr_dt": "1457272922", "direction": "0", "travel_time_sec": "553", "benchmark_travel_time_sec": "540"}, {"dep_dt": "1457272888", "route_id": "Red", "arr_dt": "1457273445", "direction": "0", "travel_time_sec": "557", "benchmark_travel_time_sec": "540"}, {"dep_dt": "1457273309", "route_id": "Red", "arr_dt": "1457273846", "direction": "0", "travel_time_sec": "537", "benchmark_travel_time_sec": "540"}, {"dep_dt": "1457273845", "route_id": "Red", "arr_dt": "1457274372", "direction": "0", "travel_time_sec": "527", "benchmark_travel_time_sec": "540"}, {"dep_dt": "1457274164", "route_id": "Red", "arr_dt": "1457274700", "direction": "0", "travel_time_sec": "536", "benchmark_travel_time_sec": "540"}, {"dep_dt": "1457274673", "route_id": "Red", "arr_dt": "1457275240", "direction": "0", "travel_time_sec": "567", "benchmark_travel_time_sec": "540"}, {"dep_dt": "1457275122", "route_id": "Red", "arr_dt": "1457275707", "direction": "0", "travel_time_sec": "585", "benchmark_travel_time_sec": "540"}, {"dep_dt": "1457275557", "route_id": "Red", "arr_dt": "1457276098", "direction": "0", "travel_time_sec": "541", "benchmark_travel_time_sec": "540"}, {"dep_dt": "1457276146", "route_id": "Red", "arr_dt": "1457276672", "direction": "0", "travel_time_sec": "526", "benchmark_travel_time_sec": "585"}, {"dep_dt": "1457276568", "route_id": "Red", "arr_dt": "1457277122", "direction": "0", "travel_time_sec": "554", "benchmark_travel_time_sec": "585"}, {"dep_dt": "1457277020", "route_id": "Red", "arr_dt": "1457277544", "direction": "0", "travel_time_sec": "524", "benchmark_travel_time_sec": "585"}, {"dep_dt": "1457277496", "route_id": "Red", "arr_dt": "1457278070", "direction": "0", "travel_time_sec": "574", "benchmark_travel_time_sec": "585"}, {"dep_dt": "1457277927", "route_id": "Red", "arr_dt": "1457278473", "direction": "0", "travel_time_sec": "546", "benchmark_travel_time_sec": "600"}, {"dep_dt": "1457278469", "route_id": "Red", "arr_dt": "1457279049", "direction": "0", "travel_time_sec": "580", "benchmark_travel_time_sec": "600"}, {"dep_dt": "1457278941", "route_id": "Red", "arr_dt": "1457279456", "direction": "0", "travel_time_sec": "515", "benchmark_travel_time_sec": "600"}, {"dep_dt": "1457279357", "route_id": "Red", "arr_dt": "1457279928", "direction": "0", "travel_time_sec": "571", "benchmark_travel_time_sec": "600"}, {"dep_dt": "1457279905", "route_id": "Red", "arr_dt": "1457280473", "direction": "0", "travel_time_sec": "568", "benchmark_travel_time_sec": "600"}, {"dep_dt": "1457280274", "route_id": "Red", "arr_dt": "1457280816", "direction": "0", "travel_time_sec": "542", "benchmark_travel_time_sec": "600"}, {"dep_dt": "1457280696", "route_id": "Red", "arr_dt": "1457281257", "direction": "0", "travel_time_sec": "561", "benchmark_travel_time_sec": "600"}, {"dep_dt": "1457281297", "route_id": "Red", "arr_dt": "1457281880", "direction": "0", "travel_time_sec": "583", "benchmark_travel_time_sec": "600"}, {"dep_dt": "1457281663", "route_id": "Red", "arr_dt": "1457282197", "direction": "0", "travel_time_sec": "534", "benchmark_travel_time_sec": "600"}, {"dep_dt": "1457282125", "route_id": "Red", "arr_dt": "1457282668", "direction": "0", "travel_time_sec": "543", "benchmark_travel_time_sec": "600"}, {"dep_dt": "1457282655", "route_id": "Red", "arr_dt": "1457283212", "direction": "0", "travel_time_sec": "557", "benchmark_travel_time_sec": "600"}, {"dep_dt": "1457283005", "route_id": "Red", "arr_dt": "1457283576", "direction": "0", "travel_time_sec": "571", "benchmark_travel_time_sec": "600"}, {"dep_dt": "1457283534", "route_id": "Red", "arr_dt": "1457284093", "direction": "0", "travel_time_sec": "559", "benchmark_travel_time_sec": "600"}, {"dep_dt": "1457284000", "route_id": "Red", "arr_dt": "1457284586", "direction": "0", "travel_time_sec": "586", "benchmark_travel_time_sec": "600"}, {"dep_dt": "1457284556", "route_id": "Red", "arr_dt": "1457285139", "direction": "0", "travel_time_sec": "583", "benchmark_travel_time_sec": "600"}, {"dep_dt": "1457285049", "route_id": "Red", "arr_dt": "1457285606", "direction": "0", "travel_time_sec": "557", "benchmark_travel_time_sec": "600"}, {"dep_dt": "1457285300", "route_id": "Red", "arr_dt": "1457285901", "direction": "0", "travel_time_sec": "601", "benchmark_travel_time_sec": "600"}, {"dep_dt": "1457285876", "route_id": "Red", "arr_dt": "1457286431", "direction": "0", "travel_time_sec": "555", "benchmark_travel_time_sec": "600"}, {"dep_dt": "1457286248", "route_id": "Red", "arr_dt": "1457286884", "direction": "0", "travel_time_sec": "636", "benchmark_travel_time_sec": "600"}, {"dep_dt": "1457287003", "route_id": "Red", "arr_dt": "1457287590", "direction": "0", "travel_time_sec": "587", "benchmark_travel_time_sec": "600"}, {"dep_dt": "1457288082", "route_id": "Red", "arr_dt": "1457288700", "direction": "0", "travel_time_sec": "618", "benchmark_travel_time_sec": "600"}, {"dep_dt": "1457288295", "route_id": "Red", "arr_dt": "1457288893", "direction": "0", "travel_time_sec": "598", "benchmark_travel_time_sec": "600"}, {"dep_dt": "1457288842", "route_id": "Red", "arr_dt": "1457289441", "direction": "0", "travel_time_sec": "599", "benchmark_travel_time_sec": "600"}, {"dep_dt": "1457289645", "route_id": "Red", "arr_dt": "1457290233", "direction": "0", "travel_time_sec": "588", "benchmark_travel_time_sec": "600"}, {"dep_dt": "1457290056", "route_id": "Red", "arr_dt": "1457290600", "direction": "0", "travel_time_sec": "544", "benchmark_travel_time_sec": "600"}, {"dep_dt": "1457290557", "route_id": "Red", "arr_dt": "1457291111", "direction": "0", "travel_time_sec": "554", "benchmark_travel_time_sec": "600"}, {"dep_dt": "1457291016", "route_id": "Red", "arr_dt": "1457291576", "direction": "0", "travel_time_sec": "560", "benchmark_travel_time_sec": "600"}, {"dep_dt": "1457291616", "route_id": "Red", "arr_dt": "1457292186", "direction": "0", "travel_time_sec": "570", "benchmark_travel_time_sec": "600"}, {"dep_dt": "1457291885", "route_id": "Red", "arr_dt": "1457292430", "direction": "0", "travel_time_sec": "545", "benchmark_travel_time_sec": "600"}, {"dep_dt": "1457292386", "route_id": "Red", "arr_dt": "1457292940", "direction": "0", "travel_time_sec": "554", "benchmark_travel_time_sec": "600"}, {"dep_dt": "1457292761", "route_id": "Red", "arr_dt": "1457293321", "direction": "0", "travel_time_sec": "560", "benchmark_travel_time_sec": "600"}, {"dep_dt": "1457293640", "route_id": "Red", "arr_dt": "1457294221", "direction": "0", "travel_time_sec": "581", "benchmark_travel_time_sec": "600"}, {"dep_dt": "1457294205", "route_id": "Red", "arr_dt": "1457294772", "direction": "0", "travel_time_sec": "567", "benchmark_travel_time_sec": "600"}, {"dep_dt": "1457294398", "route_id": "Red", "arr_dt": "1457294980", "direction": "0", "travel_time_sec": "582", "benchmark_travel_time_sec": "600"}, {"dep_dt": "1457294776", "route_id": "Red", "arr_dt": "1457295306", "direction": "0", "travel_time_sec": "530", "benchmark_travel_time_sec": "600"}, {"dep_dt": "1457295209", "route_id": "Red", "arr_dt": "1457295780", "direction": "0", "travel_time_sec": "571", "benchmark_travel_time_sec": "600"}, {"dep_dt": "1457295623", "route_id": "Red", "arr_dt": "1457296193", "direction": "0", "travel_time_sec": "570", "benchmark_travel_time_sec": "600"}, {"dep_dt": "1457296045", "route_id": "Red", "arr_dt": "1457296631", "direction": "0", "travel_time_sec": "586", "benchmark_travel_time_sec": "600"}, {"dep_dt": "1457296714", "route_id": "Red", "arr_dt": "1457297284", "direction": "0", "travel_time_sec": "570", "benchmark_travel_time_sec": "600"}, {"dep_dt": "1457296975", "route_id": "Red", "arr_dt": "1457297522", "direction": "0", "travel_time_sec": "547", "benchmark_travel_time_sec": "600"}, {"dep_dt": "1457297384", "route_id": "Red", "arr_dt": "1457297941", "direction": "0", "travel_time_sec": "557", "benchmark_travel_time_sec": "600"}, {"dep_dt": "1457297914", "route_id": "Red", "arr_dt": "1457298496", "direction": "0", "travel_time_sec": "582", "benchmark_travel_time_sec": "600"}, {"dep_dt": "1457298456", "route_id": "Red", "arr_dt": "1457299013", "direction": "0", "travel_time_sec": "557", "benchmark_travel_time_sec": "600"}, {"dep_dt": "1457298899", "route_id": "Red", "arr_dt": "1457299486", "direction": "0", "travel_time_sec": "587", "benchmark_travel_time_sec": "600"}, {"dep_dt": "1457299246", "route_id": "Red", "arr_dt": "1457299804", "direction": "0", "travel_time_sec": "558", "benchmark_travel_time_sec": "600"}, {"dep_dt": "1457299867", "route_id": "Red", "arr_dt": "1457300440", "direction": "0", "travel_time_sec": "573", "benchmark_travel_time_sec": "600"}, {"dep_dt": "1457300563", "route_id": "Red", "arr_dt": "1457301134", "direction": "0", "travel_time_sec": "571", "benchmark_travel_time_sec": "600"}, {"dep_dt": "1457300968", "route_id": "Red", "arr_dt": "1457301551", "direction": "0", "travel_time_sec": "583", "benchmark_travel_time_sec": "600"}, {"dep_dt": "1457301137", "route_id": "Red", "arr_dt": "1457301735", "direction": "0", "travel_time_sec": "598", "benchmark_travel_time_sec": "600"}, {"dep_dt": "1457301605", "route_id": "Red", "arr_dt": "1457302160", "direction": "0", "travel_time_sec": "555", "benchmark_travel_time_sec": "600"}, {"dep_dt": "1457302132", "route_id": "Red", "arr_dt": "1457302675", "direction": "0", "travel_time_sec": "543", "benchmark_travel_time_sec": "600"}, {"dep_dt": "1457302624", "route_id": "Red", "arr_dt": "1457303191", "direction": "0", "travel_time_sec": "567", "benchmark_travel_time_sec": "600"}, {"dep_dt": "1457303066", "route_id": "Red", "arr_dt": "1457303620", "direction": "0", "travel_time_sec": "554", "benchmark_travel_time_sec": "600"}, {"dep_dt": "1457303668", "route_id": "Red", "arr_dt": "1457304223", "direction": "0", "travel_time_sec": "555", "benchmark_travel_time_sec": "600"}, {"dep_dt": "1457303921", "route_id": "Red", "arr_dt": "1457304464", "direction": "0", "travel_time_sec": "543", "benchmark_travel_time_sec": "600"}, {"dep_dt": "1457304558", "route_id": "Red", "arr_dt": "1457305134", "direction": "0", "travel_time_sec": "576", "benchmark_travel_time_sec": "600"}, {"dep_dt": "1457304879", "route_id": "Red", "arr_dt": "1457305412", "direction": "0", "travel_time_sec": "533", "benchmark_travel_time_sec": "600"}, {"dep_dt": "1457305422", "route_id": "Red", "arr_dt": "1457306076", "direction": "0", "travel_time_sec": "654", "benchmark_travel_time_sec": "600"}, {"dep_dt": "1457306091", "route_id": "Red", "arr_dt": "1457306739", "direction": "0", "travel_time_sec": "648", "benchmark_travel_time_sec": "600"}, {"dep_dt": "1457306455", "route_id": "Red", "arr_dt": "1457307030", "direction": "0", "travel_time_sec": "575", "benchmark_travel_time_sec": "600"}, {"dep_dt": "1457306997", "route_id": "Red", "arr_dt": "1457307544", "direction": "0", "travel_time_sec": "547", "benchmark_travel_time_sec": "600"}, {"dep_dt": "1457307256", "route_id": "Red", "arr_dt": "1457307787", "direction": "0", "travel_time_sec": "531", "benchmark_travel_time_sec": "600"}, {"dep_dt": "1457307648", "route_id": "Red", "arr_dt": "1457308188", "direction": "0", "travel_time_sec": "540", "benchmark_travel_time_sec": "600"}, {"dep_dt": "1457308222", "route_id": "Red", "arr_dt": "1457308802", "direction": "0", "travel_time_sec": "580", "benchmark_travel_time_sec": "600"}, {"dep_dt": "1457308552", "route_id": "Red", "arr_dt": "1457309081", "direction": "0", "travel_time_sec": "529", "benchmark_travel_time_sec": "600"}, {"dep_dt": "1457309153", "route_id": "Red", "arr_dt": "1457309707", "direction": "0", "travel_time_sec": "554", "benchmark_travel_time_sec": "600"}, {"dep_dt": "1457309628", "route_id": "Red", "arr_dt": "1457310197", "direction": "0", "travel_time_sec": "569", "benchmark_travel_time_sec": "600"}, {"dep_dt": "1457310070", "route_id": "Red", "arr_dt": "1457310630", "direction": "0", "travel_time_sec": "560", "benchmark_travel_time_sec": "600"}, {"dep_dt": "1457310622", "route_id": "Red", "arr_dt": "1457311166", "direction": "0", "travel_time_sec": "544", "benchmark_travel_time_sec": "600"}, {"dep_dt": "1457310896", "route_id": "Red", "arr_dt": "1457311423", "direction": "0", "travel_time_sec": "527", "benchmark_travel_time_sec": "600"}, {"dep_dt": "1457311395", "route_id": "Red", "arr_dt": "1457311956", "direction": "0", "travel_time_sec": "561", "benchmark_travel_time_sec": "600"}, {"dep_dt": "1457311880", "route_id": "Red", "arr_dt": "1457312437", "direction": "0", "travel_time_sec": "557", "benchmark_travel_time_sec": "600"}, {"dep_dt": "1457312318", "route_id": "Red", "arr_dt": "1457312862", "direction": "0", "travel_time_sec": "544", "benchmark_travel_time_sec": "600"}, {"dep_dt": "1457312884", "route_id": "Red", "arr_dt": "1457313418", "direction": "0", "travel_time_sec": "534", "benchmark_travel_time_sec": "600"}, {"dep_dt": "1457313227", "route_id": "Red", "arr_dt": "1457313790", "direction": "0", "travel_time_sec": "563", "benchmark_travel_time_sec": "600"}, {"dep_dt": "1457313818", "route_id": "Red", "arr_dt": "1457314379", "direction": "0", "travel_time_sec": "561", "benchmark_travel_time_sec": "600"}, {"dep_dt": "1457314182", "route_id": "Red", "arr_dt": "1457314731", "direction": "0", "travel_time_sec": "549", "benchmark_travel_time_sec": "600"}, {"dep_dt": "1457314678", "route_id": "Red", "arr_dt": "1457315227", "direction": "0", "travel_time_sec": "549", "benchmark_travel_time_sec": "600"}, {"dep_dt": "1457315076", "route_id": "Red", "arr_dt": "1457315617", "direction": "0", "travel_time_sec": "541", "benchmark_travel_time_sec": "600"}, {"dep_dt": "1457315748", "route_id": "Red", "arr_dt": "1457316224", "direction": "0", "travel_time_sec": "476", "benchmark_travel_time_sec": "600"}, {"dep_dt": "1457316073", "route_id": "Red", "arr_dt": "1457316605", "direction": "0", "travel_time_sec": "532", "benchmark_travel_time_sec": "600"}, {"dep_dt": "1457316456", "route_id": "Red", "arr_dt": "1457317003", "direction": "0", "travel_time_sec": "547", "benchmark_travel_time_sec": "600"}, {"dep_dt": "1457317112", "route_id": "Red", "arr_dt": "1457317703", "direction": "0", "travel_time_sec": "591", "benchmark_travel_time_sec": "600"}, {"dep_dt": "1457317518", "route_id": "Red", "arr_dt": "1457318094", "direction": "0", "travel_time_sec": "576", "benchmark_travel_time_sec": "600"}, {"dep_dt": "1457318047", "route_id": "Red", "arr_dt": "1457318578", "direction": "0", "travel_time_sec": "531", "benchmark_travel_time_sec": "600"}, {"dep_dt": "1457318486", "route_id": "Red", "arr_dt": "1457319036", "direction": "0", "travel_time_sec": "550", "benchmark_travel_time_sec": "600"}, {"dep_dt": "1457318806", "route_id": "Red", "arr_dt": "1457319369", "direction": "0", "travel_time_sec": "563", "benchmark_travel_time_sec": "600"}, {"dep_dt": "1457319355", "route_id": "Red", "arr_dt": "1457319908", "direction": "0", "travel_time_sec": "553", "benchmark_travel_time_sec": "600"}, {"dep_dt": "1457320037", "route_id": "Red", "arr_dt": "1457320598", "direction": "0", "travel_time_sec": "561", "benchmark_travel_time_sec": "600"}, {"dep_dt": "1457320386", "route_id": "Red", "arr_dt": "1457320916", "direction": "0", "travel_time_sec": "530", "benchmark_travel_time_sec": "600"}, {"dep_dt": "1457320706", "route_id": "Red", "arr_dt": "1457321217", "direction": "0", "travel_time_sec": "511", "benchmark_travel_time_sec": "600"}, {"dep_dt": "1457321257", "route_id": "Red", "arr_dt": "1457321811", "direction": "0", "travel_time_sec": "554", "benchmark_travel_time_sec": "600"}, {"dep_dt": "1457321577", "route_id": "Red", "arr_dt": "1457322109", "direction": "0", "travel_time_sec": "532", "benchmark_travel_time_sec": "600"}, {"dep_dt": "1457322125", "route_id": "Red", "arr_dt": "1457322905", "direction": "0", "travel_time_sec": "780", "benchmark_travel_time_sec": "600"}, {"dep_dt": "1457322794", "route_id": "Red", "arr_dt": "1457323353", "direction": "0", "travel_time_sec": "559", "benchmark_travel_time_sec": "600"}, {"dep_dt": "1457323065", "route_id": "Red", "arr_dt": "1457323619", "direction": "0", "travel_time_sec": "554", "benchmark_travel_time_sec": "600"}, {"dep_dt": "1457323586", "route_id": "Red", "arr_dt": "1457324159", "direction": "0", "travel_time_sec": "573", "benchmark_travel_time_sec": "600"}, {"dep_dt": "1457324035", "route_id": "Red", "arr_dt": "1457324563", "direction": "0", "travel_time_sec": "528", "benchmark_travel_time_sec": "600"}, {"dep_dt": "1457324416", "route_id": "Red", "arr_dt": "1457324943", "direction": "0", "travel_time_sec": "527", "benchmark_travel_time_sec": "600"}, {"dep_dt": "1457324978", "route_id": "Red", "arr_dt": "1457325522", "direction": "0", "travel_time_sec": "544", "benchmark_travel_time_sec": "600"}, {"dep_dt": "1457325339", "route_id": "Red", "arr_dt": "1457325893", "direction": "0", "travel_time_sec": "554", "benchmark_travel_time_sec": "600"}, {"dep_dt": "1457325903", "route_id": "Red", "arr_dt": "1457326455", "direction": "0", "travel_time_sec": "552", "benchmark_travel_time_sec": "600"}]}