{"travel_times": [{"dep_dt": "1453352055", "route_id": "Red", "arr_dt": "1453352597", "direction": "0", "travel_time_sec": "542", "benchmark_travel_time_sec": "540"}, {"dep_dt": "1453352427", "route_id": "Red", "arr_dt": "1453352948", "direction": "0", "travel_time_sec": "521", "benchmark_travel_time_sec": "540"}, {"dep_dt": "1453353047", "route_id": "Red", "arr_dt": "1453353607", "direction": "0", "travel_time_sec": "560", "benchmark_travel_time_sec": "540"}, {"dep_dt": "1453353336", "route_id": "Red", "arr_dt": "1453353881", "direction": "0", "travel_time_sec": "545", "benchmark_travel_time_sec": "540"}, {"dep_dt": "1453353709", "route_id": "Red", "arr_dt": "1453354295", "direction": "0", "travel_time_sec": "586", "benchmark_travel_time_sec": "540"}, {"dep_dt": "1453354016", "route_id": "Red", "arr_dt": "1453354568", "direction": "0", "travel_time_sec": "552", "benchmark_travel_time_sec": "540"}, {"dep_dt": "1453354588", "route_id": "Red", "arr_dt": "1453355318", "direction": "0", "travel_time_sec": "730", "threshold_flag_1": "threshold_id_04", "benchmark_travel_time_sec": "540"}, {"dep_dt": "1453372458", "route_id": "Red", "arr_dt": "1453373024", "direction": "0", "travel_time_sec": "566", "benchmark_travel_time_sec": "540"}, {"dep_dt": "1453372695", "route_id": "Red", "arr_dt": "1453373268", "direction": "0", "travel_time_sec": "573", "benchmark_travel_time_sec": "540"}, {"dep_dt": "1453373121", "route_id": "Red", "arr_dt": "1453373666", "direction": "0", "travel_time_sec": "545", "benchmark_travel_time_sec": "540"}, {"dep_dt": "1453373492", "route_id": "Red", "arr_dt": "1453374045", "direction": "0", "travel_time_sec": "553", "benchmark_travel_time_sec": "540"}, {"dep_dt": "1453374126", "route_id": "Red", "arr_dt": "1453374662", "direction": "0", "travel_time_sec": "536", "benchmark_travel_time_sec": "540"}, {"dep_dt": "1453374513", "route_id": "Red", "arr_dt": "1453375059", "direction": "0", "travel_time_sec": "546", "benchmark_travel_time_sec": "540"}, {"dep_dt": "1453374957", "route_id": "Red", "arr_dt": "1453375495", "direction": "0", "travel_time_sec": "538", "benchmark_travel_time_sec": "540"}, {"dep_dt": "1453375397", "route_id": "Red", "arr_dt": "1453375977", "direction": "0", "travel_time_sec": "580", "benchmark_travel_time_sec": "540"}, {"dep_dt": "1453375555", "route_id": "Red", "arr_dt": "1453376152", "direction": "0", "travel_time_sec": "597", "benchmark_travel_time_sec": "540"}, {"dep_dt": "1453375928", "route_id": "Red", "arr_dt": "1453376502", "direction": "0", "travel_time_sec": "574", "benchmark_travel_time_sec": "540"}, {"dep_dt": "1453376298", "route_id": "Red", "arr_dt": "1453376889", "direction": "0", "travel_time_sec": "591", "benchmark_travel_time_sec": "540"}, {"dep_dt": "1453376802", "route_id": "Red", "arr_dt": "1453377399", "direction": "0", "travel_time_sec": "597", "benchmark_travel_time_sec": "540"}, {"dep_dt": "1453377099", "route_id": "Red", "arr_dt": "1453377811", "direction": "0", "travel_time_sec": "712", "benchmark_travel_time_sec": "651"}, {"dep_dt": "1453377639", "route_id": "Red", "arr_dt": "1453378219", "direction": "0", "travel_time_sec": "580", "benchmark_travel_time_sec": "651"}, {"dep_dt": "1453377984", "route_id": "Red", "arr_dt": "1453378603", "direction": "0", "travel_time_sec": "619", "benchmark_travel_time_sec": "651"}, {"dep_dt": "1453378148", "route_id": "Red", "arr_dt": "1453378814", "direction": "0", "travel_time_sec": "666", "benchmark_travel_time_sec": "651"}, {"dep_dt": "1453378305", "route_id": "Red", "arr_dt": "1453378987", "direction": "0", "travel_time_sec": "682", "benchmark_travel_time_sec": "651"}, {"dep_dt": "1453378658", "route_id": "Red", "arr_dt": "1453379256", "direction": "0", "travel_time_sec": "598", "benchmark_travel_time_sec": "651"}, {"dep_dt": "1453378916", "route_id": "Red", "arr_dt": "1453379488", "direction": "0", "travel_time_sec": "572", "benchmark_travel_time_sec": "660"}, {"dep_dt": "1453379406", "route_id": "Red", "arr_dt": "1453380112", "direction": "0", "travel_time_sec": "706", "benchmark_travel_time_sec": "660"}, {"dep_dt": "1453379614", "route_id": "Red", "arr_dt": "1453380316", "direction": "0", "travel_time_sec": "702", "benchmark_travel_time_sec": "660"}, {"dep_dt": "1453379802", "route_id": "Red", "arr_dt": "1453380575", "direction": "0", "travel_time_sec": "773", "benchmark_travel_time_sec": "660"}, {"dep_dt": "1453379971", "route_id": "Red", "arr_dt": "1453380762", "direction": "0", "travel_time_sec": "791", "benchmark_travel_time_sec": "660"}, {"dep_dt": "1453380145", "route_id": "Red", "arr_dt": "1453380933", "direction": "0", "travel_time_sec": "788", "benchmark_travel_time_sec": "660"}, {"dep_dt": "1453380317", "route_id": "Red", "arr_dt": "1453381140", "direction": "0", "travel_time_sec": "823", "benchmark_travel_time_sec": "660"}, {"dep_dt": "1453380486", "route_id": "Red", "arr_dt": "1453381313", "direction": "0", "travel_time_sec": "827", "benchmark_travel_time_sec": "660"}, {"dep_dt": "1453380635", "route_id": "Red", "arr_dt": "1453381509", "direction": "0", "travel_time_sec": "874", "threshold_flag_1": "threshold_id_04", "benchmark_travel_time_sec": "660"}, {"dep_dt": "1453380888", "route_id": "Red", "arr_dt": "1453381699", "direction": "0", "travel_time_sec": "811", "benchmark_travel_time_sec": "660"}, {"dep_dt": "1453381164", "route_id": "Red", "arr_dt": "1453381864", "direction": "0", "travel_time_sec": "700", "benchmark_travel_time_sec": "660"}, {"dep_dt": "1453381488", "route_id": "Red", "arr_dt": "1453382187", "direction": "0", "travel_time_sec": "699", "benchmark_travel_time_sec": "660"}, {"dep_dt": "1453381663", "route_id": "Red", "arr_dt": "1453382382", "direction": "0", "travel_time_sec": "719", "benchmark_travel_time_sec": "660"}, {"dep_dt": "1453381848", "route_id": "Red", "arr_dt": "1453382601", "direction": "0", "travel_time_sec": "753", "benchmark_travel_time_sec": "660"}, {"dep_dt": "1453382212", "route_id": "Red", "arr_dt": "1453382981", "direction": "0", "travel_time_sec": "769", "benchmark_travel_time_sec": "660"}, {"dep_dt": "1453382507", "route_id": "Red", "arr_dt": "1453383212", "direction": "0", "travel_time_sec": "705", "benchmark_travel_time_sec": "660"}, {"dep_dt": "1453382667", "route_id": "Red", "arr_dt": "1453383426", "direction": "0", "travel_time_sec": "759", "benchmark_travel_time_sec": "660"}, {"dep_dt": "1453382848", "route_id": "Red", "arr_dt": "1453383656", "direction": "0", "travel_time_sec": "808", "benchmark_travel_time_sec": "660"}, {"dep_dt": "1453383035", "route_id": "Red", "arr_dt": "1453383854", "direction": "0", "travel_time_sec": "819", "benchmark_travel_time_sec": "660"}, {"dep_dt": "1453383457", "route_id": "Red", "arr_dt": "1453384143", "direction": "0", "travel_time_sec": "686", "benchmark_travel_time_sec": "660"}, {"dep_dt": "1453383822", "route_id": "Red", "arr_dt": "1453384609", "direction": "0", "travel_time_sec": "787", "benchmark_travel_time_sec": "660"}, {"dep_dt": "1453384162", "route_id": "Red", "arr_dt": "1453384846", "direction": "0", "travel_time_sec": "684", "benchmark_travel_time_sec": "660"}, {"dep_dt": "1453384567", "route_id": "Red", "arr_dt": "1453385240", "direction": "0", "travel_time_sec": "673", "benchmark_travel_time_sec": "660"}, {"dep_dt": "1453385026", "route_id": "Red", "arr_dt": "1453385710", "direction": "0", "travel_time_sec": "684", "benchmark_travel_time_sec": "660"}, {"dep_dt": "1453385269", "route_id": "Red", "arr_dt": "1453385929", "direction": "0", "travel_time_sec": "660", "benchmark_travel_time_sec": "660"}, {"dep_dt": "1453385593", "route_id": "Red", "arr_dt": "1453386235", "direction": "0", "travel_time_sec": "642", "benchmark_travel_time_sec": "660"}, {"dep_dt": "1453385889", "route_id": "Red", "arr_dt": "1453386532", "direction": "0", "travel_time_sec": "643", "benchmark_travel_time_sec": "660"}, {"dep_dt": "1453386256", "route_id": "Red", "arr_dt": "1453386901", "direction": "0", "travel_time_sec": "645", "benchmark_travel_time_sec": "615"}, {"dep_dt": "1453386393", "route_id": "Red", "arr_dt": "1453387092", "direction": "0", "travel_time_sec": "699", "benchmark_travel_time_sec": "615"}, {"dep_dt": "1453386639", "route_id": "Red", "arr_dt": "1453387293", "direction": "0", "travel_time_sec": "654", "benchmark_travel_time_sec": "615"}, {"dep_dt": "1453386775", "route_id": "Red", "arr_dt": "1453387496", "direction": "0", "travel_time_sec": "721", "benchmark_travel_time_sec": "615"}, {"dep_dt": "1453387046", "route_id": "Red", "arr_dt": "1453387681", "direction": "0", "travel_time_sec": "635", "benchmark_travel_time_sec": "615"}, {"dep_dt": "1453387226", "route_id": "Red", "arr_dt": "1453387891", "direction": "0", "travel_time_sec": "665", "benchmark_travel_time_sec": "615"}, {"dep_dt": "1453387391", "route_id": "Red", "arr_dt": "1453388078", "direction": "0", "travel_time_sec": "687", "benchmark_travel_time_sec": "615"}, {"dep_dt": "1453387543", "route_id": "Red", "arr_dt": "1453388240", "direction": "0", "travel_time_sec": "697", "benchmark_travel_time_sec": "615"}, {"dep_dt": "1453387943", "route_id": "Red", "arr_dt": "1453388565", "direction": "0", "travel_time_sec": "622", "benchmark_travel_time_sec": "600"}, {"dep_dt": "1453388179", "route_id": "Red", "arr_dt": "1453388821", "direction": "0", "travel_time_sec": "642", "benchmark_travel_time_sec": "600"}, {"dep_dt": "1453388394", "route_id": "Red", "arr_dt": "1453389004", "direction": "0", "travel_time_sec": "610", "benchmark_travel_time_sec": "600"}, {"dep_dt": "1453388582", "route_id": "Red", "arr_dt": "1453389190", "direction": "0", "travel_time_sec": "608", "benchmark_travel_time_sec": "600"}, {"dep_dt": "1453388927", "route_id": "Red", "arr_dt": "1453389554", "direction": "0", "travel_time_sec": "627", "benchmark_travel_time_sec": "600"}, {"dep_dt": "1453389222", "route_id": "Red", "arr_dt": "1453389866", "direction": "0", "travel_time_sec": "644", "benchmark_travel_time_sec": "600"}, {"dep_dt": "1453389462", "route_id": "Red", "arr_dt": "1453390069", "direction": "0", "travel_time_sec": "607", "benchmark_travel_time_sec": "600"}, {"dep_dt": "1453389763", "route_id": "Red", "arr_dt": "1453390264", "direction": "0", "travel_time_sec": "501", "benchmark_travel_time_sec": "600"}, {"dep_dt": "1453389896", "route_id": "Red", "arr_dt": "1453390542", "direction": "0", "travel_time_sec": "646", "benchmark_travel_time_sec": "600"}, {"dep_dt": "1453390068", "route_id": "Red", "arr_dt": "1453390726", "direction": "0", "travel_time_sec": "658", "benchmark_travel_time_sec": "600"}, {"dep_dt": "1453390396", "route_id": "Red", "arr_dt": "1453390958", "direction": "0", "travel_time_sec": "562", "benchmark_travel_time_sec": "600"}, {"dep_dt": "1453390714", "route_id": "Red", "arr_dt": "1453391342", "direction": "0", "travel_time_sec": "628", "benchmark_travel_time_sec": "600"}, {"dep_dt": "1453390961", "route_id": "Red", "arr_dt": "1453391522", "direction": "0", "travel_time_sec": "561", "benchmark_travel_time_sec": "600"}, {"dep_dt": "1453391379", "route_id": "Red", "arr_dt": "1453391971", "direction": "0", "travel_time_sec": "592", "benchmark_travel_time_sec": "600"}, {"dep_dt": "1453391572", "route_id": "Red", "arr_dt": "1453392177", "direction": "0", "travel_time_sec": "605", "benchmark_travel_time_sec": "600"}, {"dep_dt": "1453392198", "route_id": "Red", "arr_dt": "1453392773", "direction": "0", "travel_time_sec": "575", "benchmark_travel_time_sec": "600"}, {"dep_dt": "1453392713", "route_id": "Red", "arr_dt": "1453393307", "direction": "0", "travel_time_sec": "594", "benchmark_travel_time_sec": "600"}, {"dep_dt": "1453393034", "route_id": "Red", "arr_dt": "1453393564", "direction": "0", "travel_time_sec": "530", "benchmark_travel_time_sec": "600"}, {"dep_dt": "1453393310", "route_id": "Red", "arr_dt": "1453393882", "direction": "0", "travel_time_sec": "572", "benchmark_travel_time_sec": "600"}, {"dep_dt": "1453393724", "route_id": "Red", "arr_dt": "1453394262", "direction": "0", "travel_time_sec": "538", "benchmark_travel_time_sec": "600"}, {"dep_dt": "1453393997", "route_id": "Red", "arr_dt": "1453394602", "direction": "0", "travel_time_sec": "605", "benchmark_travel_time_sec": "600"}, {"dep_dt": "1453394307", "route_id": "Red", "arr_dt": "1453394915", "direction": "0", "travel_time_sec": "608", "benchmark_travel_time_sec": "600"}, {"dep_dt": "1453394670", "route_id": "Red", "arr_dt": "1453395256", "direction": "0", "travel_time_sec": "586", "benchmark_travel_time_sec": "600"}, {"dep_dt": "1453395210", "route_id": "Red", "arr_dt": "1453395785", "direction": "0", "travel_time_sec": "575", "benchmark_travel_time_sec": "600"}, {"dep_dt": "1453395416", "route_id": "Red", "arr_dt": "1453395971", "direction": "0", "travel_time_sec": "555", "benchmark_travel_time_sec": "600"}, {"dep_dt": "1453395964", "route_id": "Red", "arr_dt": "1453396551", "direction": "0", "travel_time_sec": "587", "benchmark_travel_time_sec": "600"}, {"dep_dt": "1453396269", "route_id": "Red", "arr_dt": "1453396937", "direction": "0", "travel_time_sec": "668", "benchmark_travel_time_sec": "600"}, {"dep_dt": "1453396979", "route_id": "Red", "arr_dt": "1453397537", "direction": "0", "travel_time_sec": "558", "benchmark_travel_time_sec": "600"}, {"dep_dt": "1453397171", "route_id": "Red", "arr_dt": "1453397740", "direction": "0", "travel_time_sec": "569", "benchmark_travel_time_sec": "600"}, {"dep_dt": "1453397714", "route_id": "Red", "arr_dt": "1453398284", "direction": "0", "travel_time_sec": "570", "benchmark_travel_time_sec": "600"}, {"dep_dt": "1453398109", "route_id": "Red", "arr_dt": "1453398670", "direction": "0", "travel_time_sec": "561", "benchmark_travel_time_sec": "600"}, {"dep_dt": "1453398466", "route_id": "Red", "arr_dt": "1453399031", "direction": "0", "travel_time_sec": "565", "benchmark_travel_time_sec": "600"}, {"dep_dt": "1453399081", "route_id": "Red", "arr_dt": "1453399677", "direction": "0", "travel_time_sec": "596", "benchmark_travel_time_sec": "600"}, {"dep_dt": "1453399257", "route_id": "Red", "arr_dt": "1453399892", "direction": "0", "travel_time_sec": "635", "benchmark_travel_time_sec": "600"}, {"dep_dt": "1453399715", "route_id": "Red", "arr_dt": "1453400332", "direction": "0", "travel_time_sec": "617", "benchmark_travel_time_sec": "600"}, {"dep_dt": "1453400083", "route_id": "Red", "arr_dt": "1453400629", "direction": "0", "travel_time_sec": "546", "benchmark_travel_time_sec": "600"}, {"dep_dt": "1453400557", "route_id": "Red", "arr_dt": "1453401138", "direction": "0", "travel_time_sec": "581", "benchmark_travel_time_sec": "600"}, {"dep_dt": "1453401077", "route_id": "Red", "arr_dt": "1453401664", "direction": "0", "travel_time_sec": "587", "benchmark_travel_time_sec": "600"}, {"dep_dt": "1453401341", "route_id": "Red", "arr_dt": "1453401891", "direction": "0", "travel_time_sec": "550", "benchmark_travel_time_sec": "600"}, {"dep_dt": "1453401817", "route_id": "Red", "arr_dt": "1453402384", "direction": "0", "travel_time_sec": "567", "benchmark_travel_time_sec": "600"}, {"dep_dt": "1453402310", "route_id": "Red", "arr_dt": "1453402878", "direction": "0", "travel_time_sec": "568", "benchmark_travel_time_sec": "600"}, {"dep_dt": "1453402596", "route_id": "Red", "arr_dt": "1453403160", "direction": "0", "travel_time_sec": "564", "benchmark_travel_time_sec": "600"}, {"dep_dt": "1453403014", "route_id": "Red", "arr_dt": "1453403566", "direction": "0", "travel_time_sec": "552", "benchmark_travel_time_sec": "600"}, {"dep_dt": "1453403487", "route_id": "Red", "arr_dt": "1453404085", "direction": "0", "travel_time_sec": "598", "benchmark_travel_time_sec": "600"}, {"dep_dt": "1453403949", "route_id": "Red", "arr_dt": "1453404590", "direction": "0", "travel_time_sec": "641", "benchmark_travel_time_sec": "600"}, {"dep_dt": "1453404438", "route_id": "Red", "arr_dt": "1453405043", "direction": "0", "travel_time_sec": "605", "benchmark_travel_time_sec": "600"}, {"dep_dt": "1453404697", "route_id": "Red", "arr_dt": "1453405307", "direction": "0", "travel_time_sec": "610", "benchmark_travel_time_sec": "600"}, {"dep_dt": "1453405256", "route_id": "Red", "arr_dt": "1453405675", "direction": "0", "travel_time_sec": "419", "benchmark_travel_time_sec": "600"}, {"dep_dt": "1453405534", "route_id": "Red", "arr_dt": "1453406128", "direction": "0", "travel_time_sec": "594", "benchmark_travel_time_sec": "600"}, {"dep_dt": "1453405944", "route_id": "Red", "arr_dt": "1453406538", "direction": "0", "travel_time_sec": "594", "benchmark_travel_time_sec": "600"}, {"dep_dt": "1453406296", "route_id": "Red", "arr_dt": "1453406853", "direction": "0", "travel_time_sec": "557", "benchmark_travel_time_sec": "600"}, {"dep_dt": "1453406705", "route_id": "Red", "arr_dt": "1453407272", "direction": "0", "travel_time_sec": "567", "benchmark_travel_time_sec": "600"}, {"dep_dt": "1453407140", "route_id": "Red", "arr_dt": "1453407736", "direction": "0", "travel_time_sec": "596", "benchmark_travel_time_sec": "600"}, {"dep_dt": "1453407467", "route_id": "Red", "arr_dt": "1453408008", "direction": "0", "travel_time_sec": "541", "benchmark_travel_time_sec": "600"}, {"dep_dt": "1453407828", "route_id": "Red", "arr_dt": "1453408445", "direction": "0", "travel_time_sec": "617", "benchmark_travel_time_sec": "600"}, {"dep_dt": "1453408247", "route_id": "Red", "arr_dt": "1453408836", "direction": "0", "travel_time_sec": "589", "benchmark_travel_time_sec": "600"}, {"dep_dt": "1453408434", "route_id": "Red", "arr_dt": "1453409051", "direction": "0", "travel_time_sec": "617", "benchmark_travel_time_sec": "600"}, {"dep_dt": "1453408758", "route_id": "Red", "arr_dt": "1453409381", "direction": "0", "travel_time_sec": "623", "benchmark_travel_time_sec": "600"}, {"dep_dt": "1453409147", "route_id": "Red", "arr_dt": "1453409716", "direction": "0", "travel_time_sec": "569", "benchmark_travel_time_sec": "600"}, {"dep_dt": "1453409377", "route_id": "Red", "arr_dt": "1453409936", "direction": "0", "travel_time_sec": "559", "benchmark_travel_time_sec": "600"}, {"dep_dt": "1453409764", "route_id": "Red", "arr_dt": "1453410437", "direction": "0", "travel_time_sec": "673", "benchmark_travel_time_sec": "700"}, {"dep_dt": "1453410098", "route_id": "Red", "arr_dt": "1453410758", "direction": "0", "travel_time_sec": "660", "benchmark_travel_time_sec": "700"}, {"dep_dt": "1453410501", "route_id": "Red", "arr_dt": "1453411156", "direction": "0", "travel_time_sec": "655", "benchmark_travel_time_sec": "700"}, {"dep_dt": "1453410758", "route_id": "Red", "arr_dt": "1453411401", "direction": "0", "travel_time_sec": "643", "benchmark_travel_time_sec": "700"}, {"dep_dt": "1453411338", "route_id": "Red", "arr_dt": "1453411954", "direction": "0", "travel_time_sec": "616", "benchmark_travel_time_sec": "720"}, {"dep_dt": "1453411546", "route_id": "Red", "arr_dt": "1453412148", "direction": "0", "travel_time_sec": "602", "benchmark_travel_time_sec": "720"}, {"dep_dt": "1453411857", "route_id": "Red", "arr_dt": "1453412447", "direction": "0", "travel_time_sec": "590", "benchmark_travel_time_sec": "720"}, {"dep_dt": "1453412023", "route_id": "Red", "arr_dt": "1453412662", "direction": "0", "travel_time_sec": "639", "benchmark_travel_time_sec": "720"}, {"dep_dt": "1453412339", "route_id": "Red", "arr_dt": "1453413000", "direction": "0", "travel_time_sec": "661", "benchmark_travel_time_sec": "720"}, {"dep_dt": "1453412578", "route_id": "Red", "arr_dt": "1453413216", "direction": "0", "travel_time_sec": "638", "benchmark_travel_time_sec": "720"}, {"dep_dt": "1453412895", "route_id": "Red", "arr_dt": "1453413503", "direction": "0", "travel_time_sec": "608", "benchmark_travel_time_sec": "720"}, {"dep_dt": "1453413067", "route_id": "Red", "arr_dt": "1453413691", "direction": "0", "travel_time_sec": "624", "benchmark_travel_time_sec": "720"}, {"dep_dt": "1453413346", "route_id": "Red", "arr_dt": "1453413982", "direction": "0", "travel_time_sec": "636", "benchmark_travel_time_sec": "720"}, {"dep_dt": "1453413703", "route_id": "Red", "arr_dt": "1453414369", "direction": "0", "travel_time_sec": "666", "benchmark_travel_time_sec": "720"}, {"dep_dt": "1453413844", "route_id": "Red", "arr_dt": "1453414598", "direction": "0", "travel_time_sec": "754", "benchmark_travel_time_sec": "720"}, {"dep_dt": "1453413996", "route_id": "Red", "arr_dt": "1453414886", "direction": "0", "travel_time_sec": "890", "benchmark_travel_time_sec": "720"}, {"dep_dt": "1453414560", "route_id": "Red", "arr_dt": "1453415349", "direction": "0", "travel_time_sec": "789", "benchmark_travel_time_sec": "720"}, {"dep_dt": "1453414716", "route_id": "Red", "arr_dt": "1453415568", "direction": "0", "travel_time_sec": "852", "benchmark_travel_time_sec": "720"}, {"dep_dt": "1453414887", "route_id": "Red", "arr_dt": "1453415813", "direction": "0", "travel_time_sec": "926", "threshold_flag_1": "threshold_id_04", "benchmark_travel_time_sec": "720"}, {"dep_dt": "1453415315", "route_id": "Red", "arr_dt": "1453416030", "direction": "0", "travel_time_sec": "715", "benchmark_travel_time_sec": "720"}, {"dep_dt": "1453415568", "route_id": "Red", "arr_dt": "1453416609", "direction": "0", "travel_time_sec": "1041", "threshold_flag_1": "threshold_id_04", "benchmark_travel_time_sec": "720"}, {"dep_dt": "1453416142", "route_id": "Red", "arr_dt": "1453416945", "direction": "0", "travel_time_sec": "803", "benchmark_travel_time_sec": "720"}, {"dep_dt": "1453416363", "route_id": "Red", "arr_dt": "1453417228", "direction": "0", "travel_time_sec": "865", "threshold_flag_1": "threshold_id_04", "benchmark_travel_time_sec": "668"}, {"dep_dt": "1453416598", "route_id": "Red", "arr_dt": "1453417558", "direction": "0", "travel_time_sec": "960", "threshold_flag_1": "threshold_id_04", "benchmark_travel_time_sec": "668"}, {"dep_dt": "1453416937", "route_id": "Red", "arr_dt": "1453417772", "direction": "0", "travel_time_sec": "835", "benchmark_travel_time_sec": "668"}, {"dep_dt": "1453417307", "route_id": "Red", "arr_dt": "1453418043", "direction": "0", "travel_time_sec": "736", "benchmark_travel_time_sec": "668"}, {"dep_dt": "1453417488", "route_id": "Red", "arr_dt": "1453418248", "direction": "0", "travel_time_sec": "760", "benchmark_travel_time_sec": "668"}, {"dep_dt": "1453417800", "route_id": "Red", "arr_dt": "1453418461", "direction": "0", "travel_time_sec": "661", "benchmark_travel_time_sec": "668"}, {"dep_dt": "1453418146", "route_id": "Red", "arr_dt": "1453418942", "direction": "0", "travel_time_sec": "796", "benchmark_travel_time_sec": "668"}, {"dep_dt": "1453418298", "route_id": "Red", "arr_dt": "1453419161", "direction": "0", "travel_time_sec": "863", "threshold_flag_1": "threshold_id_04", "benchmark_travel_time_sec": "660"}, {"dep_dt": "1453418577", "route_id": "Red", "arr_dt": "1453419340", "direction": "0", "travel_time_sec": "763", "benchmark_travel_time_sec": "660"}, {"dep_dt": "1453418834", "route_id": "Red", "arr_dt": "1453419521", "direction": "0", "travel_time_sec": "687", "benchmark_travel_time_sec": "660"}, {"dep_dt": "1453419011", "route_id": "Red", "arr_dt": "1453419706", "direction": "0", "travel_time_sec": "695", "benchmark_travel_time_sec": "660"}, {"dep_dt": "1453419244", "route_id": "Red", "arr_dt": "1453419892", "direction": "0", "travel_time_sec": "648", "benchmark_travel_time_sec": "660"}, {"dep_dt": "1453419541", "route_id": "Red", "arr_dt": "1453420123", "direction": "0", "travel_time_sec": "582", "benchmark_travel_time_sec": "660"}, {"dep_dt": "1453419686", "route_id": "Red", "arr_dt": "1453420304", "direction": "0", "travel_time_sec": "618", "benchmark_travel_time_sec": "660"}, {"dep_dt": "1453419925", "route_id": "Red", "arr_dt": "1453420526", "direction": "0", "travel_time_sec": "601", "benchmark_travel_time_sec": "660"}, {"dep_dt": "1453420063", "route_id": "Red", "arr_dt": "1453420720", "direction": "0", "travel_time_sec": "657", "benchmark_travel_time_sec": "660"}, {"dep_dt": "1453420244", "route_id": "Red", "arr_dt": "1453420902", "direction": "0", "travel_time_sec": "658", "benchmark_travel_time_sec": "660"}, {"dep_dt": "1453420579", "route_id": "Red", "arr_dt": "1453421162", "direction": "0", "travel_time_sec": "583", "benchmark_travel_time_sec": "660"}, {"dep_dt": "1453420908", "route_id": "Red", "arr_dt": "1453421496", "direction": "0", "travel_time_sec": "588", "benchmark_travel_time_sec": "660"}, {"dep_dt": "1453421083", "route_id": "Red", "arr_dt": "1453421684", "direction": "0", "travel_time_sec": "601", "benchmark_travel_time_sec": "660"}, {"dep_dt": "1453421514", "route_id": "Red", "arr_dt": "1453422113", "direction": "0", "travel_time_sec": "599", "benchmark_travel_time_sec": "660"}, {"dep_dt": "1453421887", "route_id": "Red", "arr_dt": "1453422454", "direction": "0", "travel_time_sec": "567", "benchmark_travel_time_sec": "660"}, {"dep_dt": "1453422154", "route_id": "Red", "arr_dt": "1453422746", "direction": "0", "travel_time_sec": "592", "benchmark_travel_time_sec": "660"}, {"dep_dt": "1453422318", "route_id": "Red", "arr_dt": "1453422942", "direction": "0", "travel_time_sec": "624", "benchmark_travel_time_sec": "660"}, {"dep_dt": "1453422505", "route_id": "Red", "arr_dt": "1453423136", "direction": "0", "travel_time_sec": "631", "benchmark_travel_time_sec": "660"}, {"dep_dt": "1453422755", "route_id": "Red", "arr_dt": "1453423326", "direction": "0", "travel_time_sec": "571", "benchmark_travel_time_sec": "660"}, {"dep_dt": "1453423105", "route_id": "Red", "arr_dt": "1453423661", "direction": "0", "travel_time_sec": "556", "benchmark_travel_time_sec": "660"}, {"dep_dt": "1453423277", "route_id": "Red", "arr_dt": "1453423852", "direction": "0", "travel_time_sec": "575", "benchmark_travel_time_sec": "660"}, {"dep_dt": "1453423776", "route_id": "Red", "arr_dt": "1453424380", "direction": "0", "travel_time_sec": "604", "benchmark_travel_time_sec": "660"}, {"dep_dt": "1453424056", "route_id": "Red", "arr_dt": "1453424628", "direction": "0", "travel_time_sec": "572", "benchmark_travel_time_sec": "550"}, {"dep_dt": "1453424215", "route_id": "Red", "arr_dt": "1453424805", "direction": "0", "travel_time_sec": "590", "benchmark_travel_time_sec": "550"}, {"dep_dt": "1453424632", "route_id": "Red", "arr_dt": "1453425327", "direction": "0", "travel_time_sec": "695", "benchmark_travel_time_sec": "550"}, {"dep_dt": "1453424797", "route_id": "Red", "arr_dt": "1453425507", "direction": "0", "travel_time_sec": "710", "benchmark_travel_time_sec": "550"}, {"dep_dt": "1453424985", "route_id": "Red", "arr_dt": "1453425702", "direction": "0", "travel_time_sec": "717", "benchmark_travel_time_sec": "550"}, {"dep_dt": "1453425321", "route_id": "Red", "arr_dt": "1453425901", "direction": "0", "travel_time_sec": "580", "benchmark_travel_time_sec": "550"}, {"dep_dt": "1453425644", "route_id": "Red", "arr_dt": "1453426218", "direction": "0", "travel_time_sec": "574", "benchmark_travel_time_sec": "540"}, {"dep_dt": "1453425934", "route_id": "Red", "arr_dt": "1453426528", "direction": "0", "travel_time_sec": "594", "benchmark_travel_time_sec": "540"}, {"dep_dt": "1453426228", "route_id": "Red", "arr_dt": "1453426815", "direction": "0", "travel_time_sec": "587", "benchmark_travel_time_sec": "540"}, {"dep_dt": "1453426643", "route_id": "Red", "arr_dt": "1453427229", "direction": "0", "travel_time_sec": "586", "benchmark_travel_time_sec": "540"}, {"dep_dt": "1453427058", "route_id": "Red", "arr_dt": "1453427617", "direction": "0", "travel_time_sec": "559", "benchmark_travel_time_sec": "540"}, {"dep_dt": "1453427525", "route_id": "Red", "arr_dt": "1453428103", "direction": "0", "travel_time_sec": "578", "benchmark_travel_time_sec": "540"}, {"dep_dt": "1453428040", "route_id": "Red", "arr_dt": "1453428670", "direction": "0", "travel_time_sec": "630", "benchmark_travel_time_sec": "540"}, {"dep_dt": "1453428298", "route_id": "Red", "arr_dt": "1453429058", "direction": "0", "travel_time_sec": "760", "threshold_flag_1": "threshold_id_04", "benchmark_travel_time_sec": "540"}, {"dep_dt": "1453428886", "route_id": "Red", "arr_dt": "1453429507", "direction": "0", "travel_time_sec": "621", "benchmark_travel_time_sec": "540"}, {"dep_dt": "1453429041", "route_id": "Red", "arr_dt": "1453429704", "direction": "0", "travel_time_sec": "663", "benchmark_travel_time_sec": "540"}, {"dep_dt": "1453429626", "route_id": "Red", "arr_dt": "1453430209", "direction": "0", "travel_time_sec": "583", "benchmark_travel_time_sec": "540"}, {"dep_dt": "1453429864", "route_id": "Red", "arr_dt": "1453430413", "direction": "0", "travel_time_sec": "549", "benchmark_travel_time_sec": "540"}, {"dep_dt": "1453430420", "route_id": "Red", "arr_dt": "1453431007", "direction": "0", "travel_time_sec": "587", "benchmark_travel_time_sec": "540"}, {"dep_dt": "1453430567", "route_id": "Red", "arr_dt": "1453431192", "direction": "0", "travel_time_sec": "625", "benchmark_travel_time_sec": "540"}, {"dep_dt": "1453430824", "route_id": "Red", "arr_dt": "1453431419", "direction": "0", "travel_time_sec": "595", "benchmark_travel_time_sec": "540"}, {"dep_dt": "1453431082", "route_id": "Red", "arr_dt": "1453431606", "direction": "0", "travel_time_sec": "524", "benchmark_travel_time_sec": "540"}, {"dep_dt": "1453431474", "route_id": "Red", "arr_dt": "1453432023", "direction": "0", "travel_time_sec": "549", "benchmark_travel_time_sec": "540"}, {"dep_dt": "1453431797", "route_id": "Red", "arr_dt": "1453432344", "direction": "0", "travel_time_sec": "547", "benchmark_travel_time_sec": "540"}, {"dep_dt": "1453431948", "route_id": "Red", "arr_dt": "1453432526", "direction": "0", "travel_time_sec": "578", "benchmark_travel_time_sec": "540"}, {"dep_dt": "1453432478", "route_id": "Red", "arr_dt": "1453433080", "direction": "0", "travel_time_sec": "602", "benchmark_travel_time_sec": "540"}, {"dep_dt": "1453432761", "route_id": "Red", "arr_dt": "1453433321", "direction": "0", "travel_time_sec": "560", "benchmark_travel_time_sec": "540"}, {"dep_dt": "1453433306", "route_id": "Red", "arr_dt": "1453433897", "direction": "0", "travel_time_sec": "591", "benchmark_travel_time_sec": "540"}, {"dep_dt": "1453433767", "route_id": "Red", "arr_dt": "1453434364", "direction": "0", "travel_time_sec": "597", "benchmark_travel_time_sec": "540"}, {"dep_dt": "1453434319", "route_id": "Red", "arr_dt": "1453434912", "direction": "0", "travel_time_sec": "593", "benchmark_travel_time_sec": "540"}, {"dep_dt": "1453434771", "route_id": "Red", "arr_dt": "1453435342", "direction": "0", "travel_time_sec": "571", "benchmark_travel_time_sec": "540"}, {"dep_dt": "1453435120", "route_id": "Red", "arr_dt": "1453435709", "direction": "0", "travel_time_sec": "589", "benchmark_travel_time_sec": "540"}, {"dep_dt": "1453435448", "route_id": "Red", "arr_dt": "1453435995", "direction": "0", "travel_time_sec": "547", "benchmark_travel_time_sec": "540"}, {"dep_dt": "1453435765", "route_id": "Red", "arr_dt": "1453436314", "direction": "0", "travel_time_sec": "549", "benchmark_travel_time_sec": "540"}, {"dep_dt": "1453436246", "route_id": "Red", "arr_dt": "1453436850", "direction": "0", "travel_time_sec": "604", "benchmark_travel_time_sec": "540"}, {"dep_dt": "1453436408", "route_id": "Red", "arr_dt": "1453437069", "direction": "0", "travel_time_sec": "661", "benchmark_travel_time_sec": "540"}, {"dep_dt": "1453436944", "route_id": "Red", "arr_dt": "1453437523", "direction": "0", "travel_time_sec": "579", "benchmark_travel_time_sec": "540"}, {"dep_dt": "1453437120", "route_id": "Red", "arr_dt": "1453437704", "direction": "0", "travel_time_sec": "584", "benchmark_travel_time_sec": "540"}, {"dep_dt": "1453437398", "route_id": "Red", "arr_dt": "1453437945", "direction": "0", "travel_time_sec": "547", "benchmark_travel_time_sec": "540"}, {"dep_dt": "1453437536", "route_id": "Red", "arr_dt": "1453438108", "direction": "0", "travel_time_sec": "572", "benchmark_travel_time_sec": "540"}, {"dep_dt": "1453437953", "route_id": "Red", "arr_dt": "1453438527", "direction": "0", "travel_time_sec": "574", "benchmark_travel_time_sec": "540"}]}