{"travel_times": [{"dep_dt": "1461124215", "route_id": "Red", "arr_dt": "1461124960", "direction": "0", "travel_time_sec": "745", "threshold_flag_1": "threshold_id_04", "benchmark_travel_time_sec": "540"}, {"dep_dt": "1461124528", "route_id": "Red", "arr_dt": "1461125118", "direction": "0", "travel_time_sec": "590", "benchmark_travel_time_sec": "540"}, {"dep_dt": "1461124915", "route_id": "Red", "arr_dt": "1461125497", "direction": "0", "travel_time_sec": "582", "benchmark_travel_time_sec": "540"}, {"dep_dt": "1461125390", "route_id": "Red", "arr_dt": "1461125940", "direction": "0", "travel_time_sec": "550", "benchmark_travel_time_sec": "540"}, {"dep_dt": "1461125653", "route_id": "Red", "arr_dt": "1461126202", "direction": "0", "travel_time_sec": "549", "benchmark_travel_time_sec": "540"}, {"dep_dt": "1461126156", "route_id": "Red", "arr_dt": "1461126718", "direction": "0", "travel_time_sec": "562", "benchmark_travel_time_sec": "540"}, {"dep_dt": "1461126365", "route_id": "Red", "arr_dt": "1461126904", "direction": "0", "travel_time_sec": "539", "benchmark_travel_time_sec": "540"}, {"dep_dt": "1461126878", "route_id": "Red", "arr_dt": "1461127882", "direction": "0", "threshold_flag_2": "threshold_id_05", "travel_time_sec": "1004", "threshold_flag_1": "threshold_id_04", "benchmark_travel_time_sec": "540"}, {"dep_dt": "1461144221", "route_id": "Red", "arr_dt": "1461144762", "direction": "0", "travel_time_sec": "541", "benchmark_travel_time_sec": "540"}, {"dep_dt": "1461144825", "route_id": "Red", "arr_dt": "1461145398", "direction": "0", "travel_time_sec": "573", "benchmark_travel_time_sec": "540"}, {"dep_dt": "1461145124", "route_id": "Red", "arr_dt": "1461145674", "direction": "0", "travel_time_sec": "550", "benchmark_travel_time_sec": "540"}, {"dep_dt": "1461145479", "route_id": "Red", "arr_dt": "1461146010", "direction": "0", "travel_time_sec": "531", "benchmark_travel_time_sec": "540"}, {"dep_dt": "1461145866", "route_id": "Red", "arr_dt": "1461146425", "direction": "0", "travel_time_sec": "559", "benchmark_travel_time_sec": "540"}, {"dep_dt": "1461146446", "route_id": "Red", "arr_dt": "1461146994", "direction": "0", "travel_time_sec": "548", "benchmark_travel_time_sec": "540"}, {"dep_dt": "1461146997", "route_id": "Red", "arr_dt": "1461147541", "direction": "0", "travel_time_sec": "544", "benchmark_travel_time_sec": "540"}, {"dep_dt": "1461147456", "route_id": "Red", "arr_dt": "1461147986", "direction": "0", "travel_time_sec": "530", "benchmark_travel_time_sec": "540"}, {"dep_dt": "1461147809", "route_id": "Red", "arr_dt": "1461148375", "direction": "0", "travel_time_sec": "566", "benchmark_travel_time_sec": "540"}, {"dep_dt": "1461148019", "route_id": "Red", "arr_dt": "1461148558", "direction": "0", "travel_time_sec": "539", "benchmark_travel_time_sec": "540"}, {"dep_dt": "1461148363", "route_id": "Red", "arr_dt": "1461148935", "direction": "0", "travel_time_sec": "572", "benchmark_travel_time_sec": "540"}, {"dep_dt": "1461149010", "route_id": "Red", "arr_dt": "1461149586", "direction": "0", "travel_time_sec": "576", "benchmark_travel_time_sec": "540"}, {"dep_dt": "1461149396", "route_id": "Red", "arr_dt": "1461149979", "direction": "0", "travel_time_sec": "583", "benchmark_travel_time_sec": "540"}, {"dep_dt": "1461149782", "route_id": "Red", "arr_dt": "1461150335", "direction": "0", "travel_time_sec": "553", "benchmark_travel_time_sec": "651"}, {"dep_dt": "1461149988", "route_id": "Red", "arr_dt": "1461150548", "direction": "0", "travel_time_sec": "560", "benchmark_travel_time_sec": "651"}, {"dep_dt": "1461150163", "route_id": "Red", "arr_dt": "1461150743", "direction": "0", "travel_time_sec": "580", "benchmark_travel_time_sec": "651"}, {"dep_dt": "1461150647", "route_id": "Red", "arr_dt": "1461151242", "direction": "0", "travel_time_sec": "595", "benchmark_travel_time_sec": "651"}, {"dep_dt": "1461150921", "route_id": "Red", "arr_dt": "1461151526", "direction": "0", "travel_time_sec": "605", "benchmark_travel_time_sec": "651"}, {"dep_dt": "1461151144", "route_id": "Red", "arr_dt": "1461151719", "direction": "0", "travel_time_sec": "575", "benchmark_travel_time_sec": "651"}, {"dep_dt": "1461151289", "route_id": "Red", "arr_dt": "1461151892", "direction": "0", "travel_time_sec": "603", "benchmark_travel_time_sec": "660"}, {"dep_dt": "1461151462", "route_id": "Red", "arr_dt": "1461152068", "direction": "0", "travel_time_sec": "606", "benchmark_travel_time_sec": "660"}, {"dep_dt": "1461151685", "route_id": "Red", "arr_dt": "1461152265", "direction": "0", "travel_time_sec": "580", "benchmark_travel_time_sec": "660"}, {"dep_dt": "1461151965", "route_id": "Red", "arr_dt": "1461152540", "direction": "0", "travel_time_sec": "575", "benchmark_travel_time_sec": "660"}, {"dep_dt": "1461152306", "route_id": "Red", "arr_dt": "1461152939", "direction": "0", "travel_time_sec": "633", "benchmark_travel_time_sec": "660"}, {"dep_dt": "1461152461", "route_id": "Red", "arr_dt": "1461153157", "direction": "0", "travel_time_sec": "696", "benchmark_travel_time_sec": "660"}, {"dep_dt": "1461152646", "route_id": "Red", "arr_dt": "1461153326", "direction": "0", "travel_time_sec": "680", "benchmark_travel_time_sec": "660"}, {"dep_dt": "1461152834", "route_id": "Red", "arr_dt": "1461153506", "direction": "0", "travel_time_sec": "672", "benchmark_travel_time_sec": "660"}, {"dep_dt": "1461153027", "route_id": "Red", "arr_dt": "1461153684", "direction": "0", "travel_time_sec": "657", "benchmark_travel_time_sec": "660"}, {"dep_dt": "1461153225", "route_id": "Red", "arr_dt": "1461153865", "direction": "0", "travel_time_sec": "640", "benchmark_travel_time_sec": "660"}, {"dep_dt": "1461153459", "route_id": "Red", "arr_dt": "1461154088", "direction": "0", "travel_time_sec": "629", "benchmark_travel_time_sec": "660"}, {"dep_dt": "1461153636", "route_id": "Red", "arr_dt": "1461154280", "direction": "0", "travel_time_sec": "644", "benchmark_travel_time_sec": "660"}, {"dep_dt": "1461154176", "route_id": "Red", "arr_dt": "1461154811", "direction": "0", "travel_time_sec": "635", "benchmark_travel_time_sec": "660"}, {"dep_dt": "1461154507", "route_id": "Red", "arr_dt": "1461155146", "direction": "0", "travel_time_sec": "639", "benchmark_travel_time_sec": "660"}, {"dep_dt": "1461154691", "route_id": "Red", "arr_dt": "1461155345", "direction": "0", "travel_time_sec": "654", "benchmark_travel_time_sec": "660"}, {"dep_dt": "1461154946", "route_id": "Red", "arr_dt": "1461155585", "direction": "0", "travel_time_sec": "639", "benchmark_travel_time_sec": "660"}, {"dep_dt": "1461155123", "route_id": "Red", "arr_dt": "1461155817", "direction": "0", "travel_time_sec": "694", "benchmark_travel_time_sec": "660"}, {"dep_dt": "1461155496", "route_id": "Red", "arr_dt": "1461156160", "direction": "0", "travel_time_sec": "664", "benchmark_travel_time_sec": "660"}, {"dep_dt": "1461155698", "route_id": "Red", "arr_dt": "1461156373", "direction": "0", "travel_time_sec": "675", "benchmark_travel_time_sec": "660"}, {"dep_dt": "1461156168", "route_id": "Red", "arr_dt": "1461156788", "direction": "0", "travel_time_sec": "620", "benchmark_travel_time_sec": "660"}, {"dep_dt": "1461156485", "route_id": "Red", "arr_dt": "1461157124", "direction": "0", "travel_time_sec": "639", "benchmark_travel_time_sec": "660"}, {"dep_dt": "1461156687", "route_id": "Red", "arr_dt": "1461157316", "direction": "0", "travel_time_sec": "629", "benchmark_travel_time_sec": "660"}, {"dep_dt": "1461157047", "route_id": "Red", "arr_dt": "1461157639", "direction": "0", "travel_time_sec": "592", "benchmark_travel_time_sec": "660"}, {"dep_dt": "1461157226", "route_id": "Red", "arr_dt": "1461157833", "direction": "0", "travel_time_sec": "607", "benchmark_travel_time_sec": "660"}, {"dep_dt": "1461157466", "route_id": "Red", "arr_dt": "1461158011", "direction": "0", "travel_time_sec": "545", "benchmark_travel_time_sec": "660"}, {"dep_dt": "1461157543", "route_id": "Red", "arr_dt": "1461158195", "direction": "0", "travel_time_sec": "652", "benchmark_travel_time_sec": "660"}, {"dep_dt": "1461157715", "route_id": "Red", "arr_dt": "1461158366", "direction": "0", "travel_time_sec": "651", "benchmark_travel_time_sec": "660"}, {"dep_dt": "1461157898", "route_id": "Red", "arr_dt": "1461158527", "direction": "0", "travel_time_sec": "629", "benchmark_travel_time_sec": "660"}, {"dep_dt": "1461158220", "route_id": "Red", "arr_dt": "1461158787", "direction": "0", "travel_time_sec": "567", "benchmark_travel_time_sec": "660"}, {"dep_dt": "1461158456", "route_id": "Red", "arr_dt": "1461159072", "direction": "0", "travel_time_sec": "616", "benchmark_travel_time_sec": "615"}, {"dep_dt": "1461158742", "route_id": "Red", "arr_dt": "1461159314", "direction": "0", "travel_time_sec": "572", "benchmark_travel_time_sec": "615"}, {"dep_dt": "1461158942", "route_id": "Red", "arr_dt": "1461159526", "direction": "0", "travel_time_sec": "584", "benchmark_travel_time_sec": "615"}, {"dep_dt": "1461159214", "route_id": "Red", "arr_dt": "1461159799", "direction": "0", "travel_time_sec": "585", "benchmark_travel_time_sec": "615"}, {"dep_dt": "1461159484", "route_id": "Red", "arr_dt": "1461160117", "direction": "0", "travel_time_sec": "633", "benchmark_travel_time_sec": "615"}, {"dep_dt": "1461159794", "route_id": "Red", "arr_dt": "1461160368", "direction": "0", "travel_time_sec": "574", "benchmark_travel_time_sec": "615"}, {"dep_dt": "1461159985", "route_id": "Red", "arr_dt": "1461160576", "direction": "0", "travel_time_sec": "591", "benchmark_travel_time_sec": "615"}, {"dep_dt": "1461160237", "route_id": "Red", "arr_dt": "1461160804", "direction": "0", "travel_time_sec": "567", "benchmark_travel_time_sec": "600"}, {"dep_dt": "1461160583", "route_id": "Red", "arr_dt": "1461161168", "direction": "0", "travel_time_sec": "585", "benchmark_travel_time_sec": "600"}, {"dep_dt": "1461160914", "route_id": "Red", "arr_dt": "1461161514", "direction": "0", "travel_time_sec": "600", "benchmark_travel_time_sec": "600"}, {"dep_dt": "1461161068", "route_id": "Red", "arr_dt": "1461161731", "direction": "0", "travel_time_sec": "663", "benchmark_travel_time_sec": "600"}, {"dep_dt": "1461161278", "route_id": "Red", "arr_dt": "1461161926", "direction": "0", "travel_time_sec": "648", "benchmark_travel_time_sec": "600"}, {"dep_dt": "1461161433", "route_id": "Red", "arr_dt": "1461162116", "direction": "0", "travel_time_sec": "683", "benchmark_travel_time_sec": "600"}, {"dep_dt": "1461161717", "route_id": "Red", "arr_dt": "1461162311", "direction": "0", "travel_time_sec": "594", "benchmark_travel_time_sec": "600"}, {"dep_dt": "1461161901", "route_id": "Red", "arr_dt": "1461162497", "direction": "0", "travel_time_sec": "596", "benchmark_travel_time_sec": "600"}, {"dep_dt": "1461162267", "route_id": "Red", "arr_dt": "1461162835", "direction": "0", "travel_time_sec": "568", "benchmark_travel_time_sec": "600"}, {"dep_dt": "1461162461", "route_id": "Red", "arr_dt": "1461163046", "direction": "0", "travel_time_sec": "585", "benchmark_travel_time_sec": "600"}, {"dep_dt": "1461162976", "route_id": "Red", "arr_dt": "1461163595", "direction": "0", "travel_time_sec": "619", "benchmark_travel_time_sec": "600"}, {"dep_dt": "1461163129", "route_id": "Red", "arr_dt": "1461163761", "direction": "0", "travel_time_sec": "632", "benchmark_travel_time_sec": "600"}, {"dep_dt": "1461163715", "route_id": "Red", "arr_dt": "1461164310", "direction": "0", "travel_time_sec": "595", "benchmark_travel_time_sec": "600"}, {"dep_dt": "1461164325", "route_id": "Red", "arr_dt": "1461164918", "direction": "0", "travel_time_sec": "593", "benchmark_travel_time_sec": "600"}, {"dep_dt": "1461164582", "route_id": "Red", "arr_dt": "1461165164", "direction": "0", "travel_time_sec": "582", "benchmark_travel_time_sec": "600"}, {"dep_dt": "1461165082", "route_id": "Red", "arr_dt": "1461165664", "direction": "0", "travel_time_sec": "582", "benchmark_travel_time_sec": "600"}, {"dep_dt": "1461165357", "route_id": "Red", "arr_dt": "1461165909", "direction": "0", "travel_time_sec": "552", "benchmark_travel_time_sec": "600"}, {"dep_dt": "1461165892", "route_id": "Red", "arr_dt": "1461166448", "direction": "0", "travel_time_sec": "556", "benchmark_travel_time_sec": "600"}, {"dep_dt": "1461166396", "route_id": "Red", "arr_dt": "1461167003", "direction": "0", "travel_time_sec": "607", "benchmark_travel_time_sec": "600"}, {"dep_dt": "1461166679", "route_id": "Red", "arr_dt": "1461167279", "direction": "0", "travel_time_sec": "600", "benchmark_travel_time_sec": "600"}, {"dep_dt": "1461167065", "route_id": "Red", "arr_dt": "1461167623", "direction": "0", "travel_time_sec": "558", "benchmark_travel_time_sec": "600"}, {"dep_dt": "1461167502", "route_id": "Red", "arr_dt": "1461168083", "direction": "0", "travel_time_sec": "581", "benchmark_travel_time_sec": "600"}, {"dep_dt": "1461167958", "route_id": "Red", "arr_dt": "1461168532", "direction": "0", "travel_time_sec": "574", "benchmark_travel_time_sec": "600"}, {"dep_dt": "1461168536", "route_id": "Red", "arr_dt": "1461169128", "direction": "0", "travel_time_sec": "592", "benchmark_travel_time_sec": "600"}, {"dep_dt": "1461168975", "route_id": "Red", "arr_dt": "1461169524", "direction": "0", "travel_time_sec": "549", "benchmark_travel_time_sec": "600"}, {"dep_dt": "1461169183", "route_id": "Red", "arr_dt": "1461169720", "direction": "0", "travel_time_sec": "537", "benchmark_travel_time_sec": "600"}, {"dep_dt": "1461169799", "route_id": "Red", "arr_dt": "1461170380", "direction": "0", "travel_time_sec": "581", "benchmark_travel_time_sec": "600"}, {"dep_dt": "1461170068", "route_id": "Red", "arr_dt": "1461170678", "direction": "0", "travel_time_sec": "610", "benchmark_travel_time_sec": "600"}, {"dep_dt": "1461170503", "route_id": "Red", "arr_dt": "1461171089", "direction": "0", "travel_time_sec": "586", "benchmark_travel_time_sec": "600"}, {"dep_dt": "1461170856", "route_id": "Red", "arr_dt": "1461171466", "direction": "0", "travel_time_sec": "610", "benchmark_travel_time_sec": "600"}, {"dep_dt": "1461171145", "route_id": "Red", "arr_dt": "1461171720", "direction": "0", "travel_time_sec": "575", "benchmark_travel_time_sec": "600"}, {"dep_dt": "1461171546", "route_id": "Red", "arr_dt": "1461172102", "direction": "0", "travel_time_sec": "556", "benchmark_travel_time_sec": "600"}, {"dep_dt": "1461172056", "route_id": "Red", "arr_dt": "1461172677", "direction": "0", "travel_time_sec": "621", "benchmark_travel_time_sec": "600"}, {"dep_dt": "1461172357", "route_id": "Red", "arr_dt": "1461172907", "direction": "0", "travel_time_sec": "550", "benchmark_travel_time_sec": "600"}, {"dep_dt": "1461172947", "route_id": "Red", "arr_dt": "1461173534", "direction": "0", "travel_time_sec": "587", "benchmark_travel_time_sec": "600"}, {"dep_dt": "1461173163", "route_id": "Red", "arr_dt": "1461173728", "direction": "0", "travel_time_sec": "565", "benchmark_travel_time_sec": "600"}, {"dep_dt": "1461173661", "route_id": "Red", "arr_dt": "1461174224", "direction": "0", "travel_time_sec": "563", "benchmark_travel_time_sec": "600"}, {"dep_dt": "1461174057", "route_id": "Red", "arr_dt": "1461174666", "direction": "0", "travel_time_sec": "609", "benchmark_travel_time_sec": "600"}, {"dep_dt": "1461174541", "route_id": "Red", "arr_dt": "1461175139", "direction": "0", "travel_time_sec": "598", "benchmark_travel_time_sec": "600"}, {"dep_dt": "1461174938", "route_id": "Red", "arr_dt": "1461175512", "direction": "0", "travel_time_sec": "574", "benchmark_travel_time_sec": "600"}, {"dep_dt": "1461175338", "route_id": "Red", "arr_dt": "1461175884", "direction": "0", "travel_time_sec": "546", "benchmark_travel_time_sec": "600"}, {"dep_dt": "1461175843", "route_id": "Red", "arr_dt": "1461176454", "direction": "0", "travel_time_sec": "611", "benchmark_travel_time_sec": "600"}, {"dep_dt": "1461176219", "route_id": "Red", "arr_dt": "1461176815", "direction": "0", "travel_time_sec": "596", "benchmark_travel_time_sec": "600"}, {"dep_dt": "1461177072", "route_id": "Red", "arr_dt": "1461177658", "direction": "0", "travel_time_sec": "586", "benchmark_travel_time_sec": "600"}, {"dep_dt": "1461177454", "route_id": "Red", "arr_dt": "1461178080", "direction": "0", "travel_time_sec": "626", "benchmark_travel_time_sec": "600"}, {"dep_dt": "1461177907", "route_id": "Red", "arr_dt": "1461178507", "direction": "0", "travel_time_sec": "600", "benchmark_travel_time_sec": "600"}, {"dep_dt": "1461178282", "route_id": "Red", "arr_dt": "1461178882", "direction": "0", "travel_time_sec": "600", "benchmark_travel_time_sec": "600"}, {"dep_dt": "1461178646", "route_id": "Red", "arr_dt": "1461179248", "direction": "0", "travel_time_sec": "602", "benchmark_travel_time_sec": "600"}, {"dep_dt": "1461179127", "route_id": "Red", "arr_dt": "1461179710", "direction": "0", "travel_time_sec": "583", "benchmark_travel_time_sec": "600"}, {"dep_dt": "1461179842", "route_id": "Red", "arr_dt": "1461180435", "direction": "0", "travel_time_sec": "593", "benchmark_travel_time_sec": "600"}, {"dep_dt": "1461180300", "route_id": "Red", "arr_dt": "1461180903", "direction": "0", "travel_time_sec": "603", "benchmark_travel_time_sec": "600"}, {"dep_dt": "1461180567", "route_id": "Red", "arr_dt": "1461181156", "direction": "0", "travel_time_sec": "589", "benchmark_travel_time_sec": "600"}, {"dep_dt": "1461180908", "route_id": "Red", "arr_dt": "1461181505", "direction": "0", "travel_time_sec": "597", "benchmark_travel_time_sec": "600"}, {"dep_dt": "1461181260", "route_id": "Red", "arr_dt": "1461181834", "direction": "0", "travel_time_sec": "574", "benchmark_travel_time_sec": "600"}, {"dep_dt": "1461181703", "route_id": "Red", "arr_dt": "1461182333", "direction": "0", "travel_time_sec": "630", "benchmark_travel_time_sec": "600"}, {"dep_dt": "1461181900", "route_id": "Red", "arr_dt": "1461182673", "direction": "0", "travel_time_sec": "773", "benchmark_travel_time_sec": "700"}, {"dep_dt": "1461182209", "route_id": "Red", "arr_dt": "1461182845", "direction": "0", "travel_time_sec": "636", "benchmark_travel_time_sec": "700"}, {"dep_dt": "1461182531", "route_id": "Red", "arr_dt": "1461183105", "direction": "0", "travel_time_sec": "574", "benchmark_travel_time_sec": "700"}, {"dep_dt": "1461182965", "route_id": "Red", "arr_dt": "1461183561", "direction": "0", "travel_time_sec": "596", "benchmark_travel_time_sec": "700"}, {"dep_dt": "1461183316", "route_id": "Red", "arr_dt": "1461183924", "direction": "0", "travel_time_sec": "608", "benchmark_travel_time_sec": "700"}, {"dep_dt": "1461183623", "route_id": "Red", "arr_dt": "1461184263", "direction": "0", "travel_time_sec": "640", "benchmark_travel_time_sec": "720"}, {"dep_dt": "1461183902", "route_id": "Red", "arr_dt": "1461184506", "direction": "0", "travel_time_sec": "604", "benchmark_travel_time_sec": "720"}, {"dep_dt": "1461184204", "route_id": "Red", "arr_dt": "1461184787", "direction": "0", "travel_time_sec": "583", "benchmark_travel_time_sec": "720"}, {"dep_dt": "1461184340", "route_id": "Red", "arr_dt": "1461184986", "direction": "0", "travel_time_sec": "646", "benchmark_travel_time_sec": "720"}, {"dep_dt": "1461184584", "route_id": "Red", "arr_dt": "1461185198", "direction": "0", "travel_time_sec": "614", "benchmark_travel_time_sec": "720"}, {"dep_dt": "1461184907", "route_id": "Red", "arr_dt": "1461185592", "direction": "0", "travel_time_sec": "685", "benchmark_travel_time_sec": "720"}, {"dep_dt": "1461185128", "route_id": "Red", "arr_dt": "1461185849", "direction": "0", "travel_time_sec": "721", "benchmark_travel_time_sec": "720"}, {"dep_dt": "1461185436", "route_id": "Red", "arr_dt": "1461186135", "direction": "0", "travel_time_sec": "699", "benchmark_travel_time_sec": "720"}, {"dep_dt": "1461185586", "route_id": "Red", "arr_dt": "1461186371", "direction": "0", "travel_time_sec": "785", "benchmark_travel_time_sec": "720"}, {"dep_dt": "1461185784", "route_id": "Red", "arr_dt": "1461186641", "direction": "0", "travel_time_sec": "857", "benchmark_travel_time_sec": "720"}, {"dep_dt": "1461186095", "route_id": "Red", "arr_dt": "1461186837", "direction": "0", "travel_time_sec": "742", "benchmark_travel_time_sec": "720"}, {"dep_dt": "1461186303", "route_id": "Red", "arr_dt": "1461187085", "direction": "0", "travel_time_sec": "782", "benchmark_travel_time_sec": "720"}, {"dep_dt": "1461186536", "route_id": "Red", "arr_dt": "1461187342", "direction": "0", "travel_time_sec": "806", "benchmark_travel_time_sec": "720"}, {"dep_dt": "1461186945", "route_id": "Red", "arr_dt": "1461187585", "direction": "0", "travel_time_sec": "640", "benchmark_travel_time_sec": "720"}, {"dep_dt": "1461187144", "route_id": "Red", "arr_dt": "1461187804", "direction": "0", "travel_time_sec": "660", "benchmark_travel_time_sec": "720"}, {"dep_dt": "1461187339", "route_id": "Red", "arr_dt": "1461188008", "direction": "0", "travel_time_sec": "669", "benchmark_travel_time_sec": "720"}, {"dep_dt": "1461187855", "route_id": "Red", "arr_dt": "1461188489", "direction": "0", "travel_time_sec": "634", "benchmark_travel_time_sec": "720"}, {"dep_dt": "1461188018", "route_id": "Red", "arr_dt": "1461188686", "direction": "0", "travel_time_sec": "668", "benchmark_travel_time_sec": "720"}, {"dep_dt": "1461188313", "route_id": "Red", "arr_dt": "1461188898", "direction": "0", "travel_time_sec": "585", "benchmark_travel_time_sec": "720"}, {"dep_dt": "1461188516", "route_id": "Red", "arr_dt": "1461189162", "direction": "0", "travel_time_sec": "646", "benchmark_travel_time_sec": "720"}, {"dep_dt": "1461188784", "route_id": "Red", "arr_dt": "1461189562", "direction": "0", "travel_time_sec": "778", "benchmark_travel_time_sec": "720"}, {"dep_dt": "1461189141", "route_id": "Red", "arr_dt": "1461189795", "direction": "0", "travel_time_sec": "654", "benchmark_travel_time_sec": "668"}, {"dep_dt": "1461189375", "route_id": "Red", "arr_dt": "1461190016", "direction": "0", "travel_time_sec": "641", "benchmark_travel_time_sec": "668"}, {"dep_dt": "1461189577", "route_id": "Red", "arr_dt": "1461190235", "direction": "0", "travel_time_sec": "658", "benchmark_travel_time_sec": "668"}, {"dep_dt": "1461189773", "route_id": "Red", "arr_dt": "1461190422", "direction": "0", "travel_time_sec": "649", "benchmark_travel_time_sec": "668"}, {"dep_dt": "1461189974", "route_id": "Red", "arr_dt": "1461190610", "direction": "0", "travel_time_sec": "636", "benchmark_travel_time_sec": "668"}, {"dep_dt": "1461190298", "route_id": "Red", "arr_dt": "1461190904", "direction": "0", "travel_time_sec": "606", "benchmark_travel_time_sec": "668"}, {"dep_dt": "1461190486", "route_id": "Red", "arr_dt": "1461191091", "direction": "0", "travel_time_sec": "605", "benchmark_travel_time_sec": "668"}, {"dep_dt": "1461190726", "route_id": "Red", "arr_dt": "1461191318", "direction": "0", "travel_time_sec": "592", "benchmark_travel_time_sec": "668"}, {"dep_dt": "1461190897", "route_id": "Red", "arr_dt": "1461191511", "direction": "0", "travel_time_sec": "614", "benchmark_travel_time_sec": "660"}, {"dep_dt": "1461191145", "route_id": "Red", "arr_dt": "1461191721", "direction": "0", "travel_time_sec": "576", "benchmark_travel_time_sec": "660"}, {"dep_dt": "1461191383", "route_id": "Red", "arr_dt": "1461191960", "direction": "0", "travel_time_sec": "577", "benchmark_travel_time_sec": "660"}, {"dep_dt": "1461191727", "route_id": "Red", "arr_dt": "1461192253", "direction": "0", "travel_time_sec": "526", "benchmark_travel_time_sec": "660"}, {"dep_dt": "1461192324", "route_id": "Red", "arr_dt": "1461192987", "direction": "0", "travel_time_sec": "663", "benchmark_travel_time_sec": "660"}, {"dep_dt": "1461192624", "route_id": "Red", "arr_dt": "1461193217", "direction": "0", "travel_time_sec": "593", "benchmark_travel_time_sec": "660"}, {"dep_dt": "1461192937", "route_id": "Red", "arr_dt": "1461193544", "direction": "0", "travel_time_sec": "607", "benchmark_travel_time_sec": "660"}, {"dep_dt": "1461193085", "route_id": "Red", "arr_dt": "1461193742", "direction": "0", "travel_time_sec": "657", "benchmark_travel_time_sec": "660"}, {"dep_dt": "1461193379", "route_id": "Red", "arr_dt": "1461193958", "direction": "0", "travel_time_sec": "579", "benchmark_travel_time_sec": "660"}, {"dep_dt": "1461193578", "route_id": "Red", "arr_dt": "1461194176", "direction": "0", "travel_time_sec": "598", "benchmark_travel_time_sec": "660"}, {"dep_dt": "1461193846", "route_id": "Red", "arr_dt": "1461194415", "direction": "0", "travel_time_sec": "569", "benchmark_travel_time_sec": "660"}, {"dep_dt": "1461194112", "route_id": "Red", "arr_dt": "1461194708", "direction": "0", "travel_time_sec": "596", "benchmark_travel_time_sec": "660"}, {"dep_dt": "1461194360", "route_id": "Red", "arr_dt": "1461194979", "direction": "0", "travel_time_sec": "619", "benchmark_travel_time_sec": "660"}, {"dep_dt": "1461194605", "route_id": "Red", "arr_dt": "1461195209", "direction": "0", "travel_time_sec": "604", "benchmark_travel_time_sec": "660"}, {"dep_dt": "1461194814", "route_id": "Red", "arr_dt": "1461195409", "direction": "0", "travel_time_sec": "595", "benchmark_travel_time_sec": "660"}, {"dep_dt": "1461195447", "route_id": "Red", "arr_dt": "1461196057", "direction": "0", "travel_time_sec": "610", "benchmark_travel_time_sec": "660"}, {"dep_dt": "1461195681", "route_id": "Red", "arr_dt": "1461196271", "direction": "0", "travel_time_sec": "590", "benchmark_travel_time_sec": "660"}, {"dep_dt": "1461195882", "route_id": "Red", "arr_dt": "1461196476", "direction": "0", "travel_time_sec": "594", "benchmark_travel_time_sec": "660"}, {"dep_dt": "1461196066", "route_id": "Red", "arr_dt": "1461196652", "direction": "0", "travel_time_sec": "586", "benchmark_travel_time_sec": "660"}, {"dep_dt": "1461196273", "route_id": "Red", "arr_dt": "1461196849", "direction": "0", "travel_time_sec": "576", "benchmark_travel_time_sec": "550"}, {"dep_dt": "1461196478", "route_id": "Red", "arr_dt": "1461197073", "direction": "0", "travel_time_sec": "595", "benchmark_travel_time_sec": "550"}, {"dep_dt": "1461196639", "route_id": "Red", "arr_dt": "1461197243", "direction": "0", "travel_time_sec": "604", "benchmark_travel_time_sec": "550"}, {"dep_dt": "1461196841", "route_id": "Red", "arr_dt": "1461197419", "direction": "0", "travel_time_sec": "578", "benchmark_travel_time_sec": "550"}, {"dep_dt": "1461197117", "route_id": "Red", "arr_dt": "1461197676", "direction": "0", "travel_time_sec": "559", "benchmark_travel_time_sec": "550"}, {"dep_dt": "1461197556", "route_id": "Red", "arr_dt": "1461198421", "direction": "0", "travel_time_sec": "865", "threshold_flag_1": "threshold_id_04", "benchmark_travel_time_sec": "550"}, {"dep_dt": "1461198210", "route_id": "Red", "arr_dt": "1461198766", "direction": "0", "travel_time_sec": "556", "benchmark_travel_time_sec": "540"}, {"dep_dt": "1461198459", "route_id": "Red", "arr_dt": "1461199021", "direction": "0", "travel_time_sec": "562", "benchmark_travel_time_sec": "540"}, {"dep_dt": "1461198766", "route_id": "Red", "arr_dt": "1461199318", "direction": "0", "travel_time_sec": "552", "benchmark_travel_time_sec": "540"}, {"dep_dt": "1461199333", "route_id": "Red", "arr_dt": "1461199872", "direction": "0", "travel_time_sec": "539", "benchmark_travel_time_sec": "540"}, {"dep_dt": "1461199508", "route_id": "Red", "arr_dt": "1461200054", "direction": "0", "travel_time_sec": "546", "benchmark_travel_time_sec": "540"}, {"dep_dt": "1461200528", "route_id": "Red", "arr_dt": "1461201081", "direction": "0", "travel_time_sec": "553", "benchmark_travel_time_sec": "540"}, {"dep_dt": "1461200748", "route_id": "Red", "arr_dt": "1461201337", "direction": "0", "travel_time_sec": "589", "benchmark_travel_time_sec": "540"}, {"dep_dt": "1461201014", "route_id": "Red", "arr_dt": "1461201580", "direction": "0", "travel_time_sec": "566", "benchmark_travel_time_sec": "540"}, {"dep_dt": "1461201277", "route_id": "Red", "arr_dt": "1461201821", "direction": "0", "travel_time_sec": "544", "benchmark_travel_time_sec": "540"}, {"dep_dt": "1461201622", "route_id": "Red", "arr_dt": "1461202211", "direction": "0", "travel_time_sec": "589", "benchmark_travel_time_sec": "540"}, {"dep_dt": "1461201954", "route_id": "Red", "arr_dt": "1461202519", "direction": "0", "travel_time_sec": "565", "benchmark_travel_time_sec": "540"}, {"dep_dt": "1461202473", "route_id": "Red", "arr_dt": "1461203041", "direction": "0", "travel_time_sec": "568", "benchmark_travel_time_sec": "540"}, {"dep_dt": "1461202634", "route_id": "Red", "arr_dt": "1461203225", "direction": "0", "travel_time_sec": "591", "benchmark_travel_time_sec": "540"}, {"dep_dt": "1461202844", "route_id": "Red", "arr_dt": "1461203406", "direction": "0", "travel_time_sec": "562", "benchmark_travel_time_sec": "540"}, {"dep_dt": "1461203260", "route_id": "Red", "arr_dt": "1461203843", "direction": "0", "travel_time_sec": "583", "benchmark_travel_time_sec": "540"}, {"dep_dt": "1461203555", "route_id": "Red", "arr_dt": "1461204092", "direction": "0", "travel_time_sec": "537", "benchmark_travel_time_sec": "540"}, {"dep_dt": "1461204066", "route_id": "Red", "arr_dt": "1461204650", "direction": "0", "travel_time_sec": "584", "benchmark_travel_time_sec": "540"}, {"dep_dt": "1461204418", "route_id": "Red", "arr_dt": "1461204990", "direction": "0", "travel_time_sec": "572", "benchmark_travel_time_sec": "540"}, {"dep_dt": "1461204830", "route_id": "Red", "arr_dt": "1461205392", "direction": "0", "travel_time_sec": "562", "benchmark_travel_time_sec": "540"}, {"dep_dt": "1461205055", "route_id": "Red", "arr_dt": "1461205626", "direction": "0", "travel_time_sec": "571", "benchmark_travel_time_sec": "540"}, {"dep_dt": "1461205551", "route_id": "Red", "arr_dt": "1461206108", "direction": "0", "travel_time_sec": "557", "benchmark_travel_time_sec": "540"}, {"dep_dt": "1461205840", "route_id": "Red", "arr_dt": "1461206400", "direction": "0", "travel_time_sec": "560", "benchmark_travel_time_sec": "540"}, {"dep_dt": "1461206318", "route_id": "Red", "arr_dt": "1461206841", "direction": "0", "travel_time_sec": "523", "benchmark_travel_time_sec": "540"}, {"dep_dt": "1461206727", "route_id": "Red", "arr_dt": "1461207281", "direction": "0", "travel_time_sec": "554", "benchmark_travel_time_sec": "540"}, {"dep_dt": "1461207178", "route_id": "Red", "arr_dt": "1461207781", "direction": "0", "travel_time_sec": "603", "benchmark_travel_time_sec": "540"}, {"dep_dt": "1461207379", "route_id": "Red", "arr_dt": "1461207986", "direction": "0", "travel_time_sec": "607", "benchmark_travel_time_sec": "540"}, {"dep_dt": "1461207755", "route_id": "Red", "arr_dt": "1461208314", "direction": "0", "travel_time_sec": "559", "benchmark_travel_time_sec": "540"}, {"dep_dt": "1461208124", "route_id": "Red", "arr_dt": "1461208700", "direction": "0", "travel_time_sec": "576", "benchmark_travel_time_sec": "540"}, {"dep_dt": "1461208599", "route_id": "Red", "arr_dt": "1461209150", "direction": "0", "travel_time_sec": "551", "benchmark_travel_time_sec": "540"}, {"dep_dt": "1461208878", "route_id": "Red", "arr_dt": "1461209478", "direction": "0", "travel_time_sec": "600", "benchmark_travel_time_sec": "540"}, {"dep_dt": "1461209148", "route_id": "Red", "arr_dt": "1461209678", "direction": "0", "travel_time_sec": "530", "benchmark_travel_time_sec": "540"}, {"dep_dt": "1461209633", "route_id": "Red", "arr_dt": "1461210167", "direction": "0", "travel_time_sec": "534", "benchmark_travel_time_sec": "540"}, {"dep_dt": "1461209803", "route_id": "Red", "arr_dt": "1461210348", "direction": "0", "travel_time_sec": "545", "benchmark_travel_time_sec": "540"}, {"dep_dt": "1461210236", "route_id": "Red", "arr_dt": "1461210789", "direction": "0", "travel_time_sec": "553", "benchmark_travel_time_sec": "540"}, {"dep_dt": "1461210621", "route_id": "Red", "arr_dt": "1461211163", "direction": "0", "travel_time_sec": "542", "benchmark_travel_time_sec": "540"}]}