{"travel_times": [{"dep_dt": "1462075087", "route_id": "Red", "arr_dt": "1462075667", "direction": "0", "travel_time_sec": "580", "benchmark_travel_time_sec": "600"}, {"dep_dt": "1462075517", "route_id": "Red", "arr_dt": "1462076073", "direction": "0", "travel_time_sec": "556", "benchmark_travel_time_sec": "600"}, {"dep_dt": "1462075796", "route_id": "Red", "arr_dt": "1462076431", "direction": "0", "travel_time_sec": "635", "benchmark_travel_time_sec": "600"}, {"dep_dt": "1462076158", "route_id": "Red", "arr_dt": "1462076782", "direction": "0", "travel_time_sec": "624", "benchmark_travel_time_sec": "600"}, {"dep_dt": "1462076485", "route_id": "Red", "arr_dt": "1462077057", "direction": "0", "travel_time_sec": "572", "benchmark_travel_time_sec": "600"}, {"dep_dt": "1462076892", "route_id": "Red", "arr_dt": "1462077442", "direction": "0", "travel_time_sec": "550", "benchmark_travel_time_sec": "600"}, {"dep_dt": "1462077427", "route_id": "Red", "arr_dt": "1462078138", "direction": "0", "travel_time_sec": "711", "benchmark_travel_time_sec": "600"}, {"dep_dt": "1462097438", "route_id": "Red", "arr_dt": "1462098011", "direction": "0", "travel_time_sec": "573", "benchmark_travel_time_sec": "540"}, {"dep_dt": "1462097826", "route_id": "Red", "arr_dt": "1462098386", "direction": "0", "travel_time_sec": "560", "benchmark_travel_time_sec": "540"}, {"dep_dt": "1462098560", "route_id": "Red", "arr_dt": "1462099127", "direction": "0", "travel_time_sec": "567", "benchmark_travel_time_sec": "540"}, {"dep_dt": "1462098787", "route_id": "Red", "arr_dt": "1462099325", "direction": "0", "travel_time_sec": "538", "benchmark_travel_time_sec": "540"}, {"dep_dt": "1462099212", "route_id": "Red", "arr_dt": "1462099789", "direction": "0", "travel_time_sec": "577", "benchmark_travel_time_sec": "540"}, {"dep_dt": "1462099738", "route_id": "Red", "arr_dt": "1462100262", "direction": "0", "travel_time_sec": "524", "benchmark_travel_time_sec": "540"}, {"dep_dt": "1462100174", "route_id": "Red", "arr_dt": "1462100757", "direction": "0", "travel_time_sec": "583", "benchmark_travel_time_sec": "540"}, {"dep_dt": "1462100635", "route_id": "Red", "arr_dt": "1462101185", "direction": "0", "travel_time_sec": "550", "benchmark_travel_time_sec": "540"}, {"dep_dt": "1462101058", "route_id": "Red", "arr_dt": "1462101595", "direction": "0", "travel_time_sec": "537", "benchmark_travel_time_sec": "540"}, {"dep_dt": "1462101989", "route_id": "Red", "arr_dt": "1462102544", "direction": "0", "travel_time_sec": "555", "benchmark_travel_time_sec": "540"}, {"dep_dt": "1462102248", "route_id": "Red", "arr_dt": "1462102830", "direction": "0", "travel_time_sec": "582", "benchmark_travel_time_sec": "540"}, {"dep_dt": "1462102559", "route_id": "Red", "arr_dt": "1462103136", "direction": "0", "travel_time_sec": "577", "benchmark_travel_time_sec": "540"}, {"dep_dt": "1462102955", "route_id": "Red", "arr_dt": "1462103551", "direction": "0", "travel_time_sec": "596", "benchmark_travel_time_sec": "540"}, {"dep_dt": "1462103566", "route_id": "Red", "arr_dt": "1462104129", "direction": "0", "travel_time_sec": "563", "benchmark_travel_time_sec": "540"}, {"dep_dt": "1462103953", "route_id": "Red", "arr_dt": "1462104504", "direction": "0", "travel_time_sec": "551", "benchmark_travel_time_sec": "540"}, {"dep_dt": "1462104499", "route_id": "Red", "arr_dt": "1462105078", "direction": "0", "travel_time_sec": "579", "benchmark_travel_time_sec": "540"}, {"dep_dt": "1462104893", "route_id": "Red", "arr_dt": "1462105579", "direction": "0", "travel_time_sec": "686", "benchmark_travel_time_sec": "540"}, {"dep_dt": "1462105438", "route_id": "Red", "arr_dt": "1462106039", "direction": "0", "travel_time_sec": "601", "benchmark_travel_time_sec": "540"}, {"dep_dt": "1462105827", "route_id": "Red", "arr_dt": "1462106397", "direction": "0", "travel_time_sec": "570", "benchmark_travel_time_sec": "540"}, {"dep_dt": "1462106300", "route_id": "Red", "arr_dt": "1462106859", "direction": "0", "travel_time_sec": "559", "benchmark_travel_time_sec": "540"}, {"dep_dt": "1462106844", "route_id": "Red", "arr_dt": "1462107371", "direction": "0", "travel_time_sec": "527", "benchmark_travel_time_sec": "540"}, {"dep_dt": "1462107490", "route_id": "Red", "arr_dt": "1462108279", "direction": "0", "travel_time_sec": "789", "threshold_flag_1": "threshold_id_04", "benchmark_travel_time_sec": "540"}, {"dep_dt": "1462108281", "route_id": "Red", "arr_dt": "1462108854", "direction": "0", "travel_time_sec": "573", "benchmark_travel_time_sec": "540"}, {"dep_dt": "1462108849", "route_id": "Red", "arr_dt": "1462109482", "direction": "0", "travel_time_sec": "633", "benchmark_travel_time_sec": "540"}, {"dep_dt": "1462109624", "route_id": "Red", "arr_dt": "1462110212", "direction": "0", "travel_time_sec": "588", "benchmark_travel_time_sec": "540"}, {"dep_dt": "1462109976", "route_id": "Red", "arr_dt": "1462110514", "direction": "0", "travel_time_sec": "538", "benchmark_travel_time_sec": "540"}, {"dep_dt": "1462110208", "route_id": "Red", "arr_dt": "1462110750", "direction": "0", "travel_time_sec": "542", "benchmark_travel_time_sec": "540"}, {"dep_dt": "1462110700", "route_id": "Red", "arr_dt": "1462111267", "direction": "0", "travel_time_sec": "567", "benchmark_travel_time_sec": "585"}, {"dep_dt": "1462111180", "route_id": "Red", "arr_dt": "1462111751", "direction": "0", "travel_time_sec": "571", "benchmark_travel_time_sec": "585"}, {"dep_dt": "1462111603", "route_id": "Red", "arr_dt": "1462112194", "direction": "0", "travel_time_sec": "591", "benchmark_travel_time_sec": "585"}, {"dep_dt": "1462112038", "route_id": "Red", "arr_dt": "1462112584", "direction": "0", "travel_time_sec": "546", "benchmark_travel_time_sec": "585"}, {"dep_dt": "1462112483", "route_id": "Red", "arr_dt": "1462113051", "direction": "0", "travel_time_sec": "568", "benchmark_travel_time_sec": "600"}, {"dep_dt": "1462113157", "route_id": "Red", "arr_dt": "1462113756", "direction": "0", "travel_time_sec": "599", "benchmark_travel_time_sec": "600"}, {"dep_dt": "1462113586", "route_id": "Red", "arr_dt": "1462114158", "direction": "0", "travel_time_sec": "572", "benchmark_travel_time_sec": "600"}, {"dep_dt": "1462113952", "route_id": "Red", "arr_dt": "1462114533", "direction": "0", "travel_time_sec": "581", "benchmark_travel_time_sec": "600"}, {"dep_dt": "1462114317", "route_id": "Red", "arr_dt": "1462114895", "direction": "0", "travel_time_sec": "578", "benchmark_travel_time_sec": "600"}, {"dep_dt": "1462114727", "route_id": "Red", "arr_dt": "1462115326", "direction": "0", "travel_time_sec": "599", "benchmark_travel_time_sec": "600"}, {"dep_dt": "1462115271", "route_id": "Red", "arr_dt": "1462115827", "direction": "0", "travel_time_sec": "556", "benchmark_travel_time_sec": "600"}, {"dep_dt": "1462116017", "route_id": "Red", "arr_dt": "1462116710", "direction": "0", "travel_time_sec": "693", "benchmark_travel_time_sec": "600"}, {"dep_dt": "1462116315", "route_id": "Red", "arr_dt": "1462116903", "direction": "0", "travel_time_sec": "588", "benchmark_travel_time_sec": "600"}, {"dep_dt": "1462116696", "route_id": "Red", "arr_dt": "1462117314", "direction": "0", "travel_time_sec": "618", "benchmark_travel_time_sec": "600"}, {"dep_dt": "1462117183", "route_id": "Red", "arr_dt": "1462117778", "direction": "0", "travel_time_sec": "595", "benchmark_travel_time_sec": "600"}, {"dep_dt": "1462117636", "route_id": "Red", "arr_dt": "1462118167", "direction": "0", "travel_time_sec": "531", "benchmark_travel_time_sec": "600"}, {"dep_dt": "1462118126", "route_id": "Red", "arr_dt": "1462118696", "direction": "0", "travel_time_sec": "570", "benchmark_travel_time_sec": "600"}, {"dep_dt": "1462118512", "route_id": "Red", "arr_dt": "1462119059", "direction": "0", "travel_time_sec": "547", "benchmark_travel_time_sec": "600"}, {"dep_dt": "1462119019", "route_id": "Red", "arr_dt": "1462119566", "direction": "0", "travel_time_sec": "547", "benchmark_travel_time_sec": "600"}, {"dep_dt": "1462119513", "route_id": "Red", "arr_dt": "1462120088", "direction": "0", "travel_time_sec": "575", "benchmark_travel_time_sec": "600"}, {"dep_dt": "1462119967", "route_id": "Red", "arr_dt": "1462120573", "direction": "0", "travel_time_sec": "606", "benchmark_travel_time_sec": "600"}, {"dep_dt": "1462120491", "route_id": "Red", "arr_dt": "1462121069", "direction": "0", "travel_time_sec": "578", "benchmark_travel_time_sec": "600"}, {"dep_dt": "1462120904", "route_id": "Red", "arr_dt": "1462121552", "direction": "0", "travel_time_sec": "648", "benchmark_travel_time_sec": "600"}, {"dep_dt": "1462121517", "route_id": "Red", "arr_dt": "1462122084", "direction": "0", "travel_time_sec": "567", "benchmark_travel_time_sec": "600"}, {"dep_dt": "1462122090", "route_id": "Red", "arr_dt": "1462122707", "direction": "0", "travel_time_sec": "617", "benchmark_travel_time_sec": "600"}, {"dep_dt": "1462122400", "route_id": "Red", "arr_dt": "1462122981", "direction": "0", "travel_time_sec": "581", "benchmark_travel_time_sec": "600"}, {"dep_dt": "1462122739", "route_id": "Red", "arr_dt": "1462123305", "direction": "0", "travel_time_sec": "566", "benchmark_travel_time_sec": "600"}, {"dep_dt": "1462123198", "route_id": "Red", "arr_dt": "1462123763", "direction": "0", "travel_time_sec": "565", "benchmark_travel_time_sec": "600"}, {"dep_dt": "1462123889", "route_id": "Red", "arr_dt": "1462124467", "direction": "0", "travel_time_sec": "578", "benchmark_travel_time_sec": "600"}, {"dep_dt": "1462124125", "route_id": "Red", "arr_dt": "1462124696", "direction": "0", "travel_time_sec": "571", "benchmark_travel_time_sec": "600"}, {"dep_dt": "1462124845", "route_id": "Red", "arr_dt": "1462125390", "direction": "0", "travel_time_sec": "545", "benchmark_travel_time_sec": "600"}, {"dep_dt": "1462125017", "route_id": "Red", "arr_dt": "1462125571", "direction": "0", "travel_time_sec": "554", "benchmark_travel_time_sec": "600"}, {"dep_dt": "1462125556", "route_id": "Red", "arr_dt": "1462126112", "direction": "0", "travel_time_sec": "556", "benchmark_travel_time_sec": "600"}, {"dep_dt": "1462126039", "route_id": "Red", "arr_dt": "1462126606", "direction": "0", "travel_time_sec": "567", "benchmark_travel_time_sec": "600"}, {"dep_dt": "1462126483", "route_id": "Red", "arr_dt": "1462127057", "direction": "0", "travel_time_sec": "574", "benchmark_travel_time_sec": "600"}, {"dep_dt": "1462127132", "route_id": "Red", "arr_dt": "1462127714", "direction": "0", "travel_time_sec": "582", "benchmark_travel_time_sec": "600"}, {"dep_dt": "1462127787", "route_id": "Red", "arr_dt": "1462128363", "direction": "0", "travel_time_sec": "576", "benchmark_travel_time_sec": "600"}, {"dep_dt": "1462128092", "route_id": "Red", "arr_dt": "1462128647", "direction": "0", "travel_time_sec": "555", "benchmark_travel_time_sec": "600"}, {"dep_dt": "1462128495", "route_id": "Red", "arr_dt": "1462129067", "direction": "0", "travel_time_sec": "572", "benchmark_travel_time_sec": "600"}, {"dep_dt": "1462128988", "route_id": "Red", "arr_dt": "1462129630", "direction": "0", "travel_time_sec": "642", "benchmark_travel_time_sec": "600"}, {"dep_dt": "1462129283", "route_id": "Red", "arr_dt": "1462129850", "direction": "0", "travel_time_sec": "567", "benchmark_travel_time_sec": "600"}, {"dep_dt": "1462129826", "route_id": "Red", "arr_dt": "1462130394", "direction": "0", "travel_time_sec": "568", "benchmark_travel_time_sec": "600"}, {"dep_dt": "1462130148", "route_id": "Red", "arr_dt": "1462130679", "direction": "0", "travel_time_sec": "531", "benchmark_travel_time_sec": "600"}, {"dep_dt": "1462130797", "route_id": "Red", "arr_dt": "1462131361", "direction": "0", "travel_time_sec": "564", "benchmark_travel_time_sec": "600"}, {"dep_dt": "1462131156", "route_id": "Red", "arr_dt": "1462131705", "direction": "0", "travel_time_sec": "549", "benchmark_travel_time_sec": "600"}, {"dep_dt": "1462131539", "route_id": "Red", "arr_dt": "1462132083", "direction": "0", "travel_time_sec": "544", "benchmark_travel_time_sec": "600"}, {"dep_dt": "1462132061", "route_id": "Red", "arr_dt": "1462132669", "direction": "0", "travel_time_sec": "608", "benchmark_travel_time_sec": "600"}, {"dep_dt": "1462132588", "route_id": "Red", "arr_dt": "1462133159", "direction": "0", "travel_time_sec": "571", "benchmark_travel_time_sec": "600"}, {"dep_dt": "1462133307", "route_id": "Red", "arr_dt": "1462133878", "direction": "0", "travel_time_sec": "571", "benchmark_travel_time_sec": "600"}, {"dep_dt": "1462133675", "route_id": "Red", "arr_dt": "1462134266", "direction": "0", "travel_time_sec": "591", "benchmark_travel_time_sec": "600"}, {"dep_dt": "1462134024", "route_id": "Red", "arr_dt": "1462134594", "direction": "0", "travel_time_sec": "570", "benchmark_travel_time_sec": "600"}, {"dep_dt": "1462134606", "route_id": "Red", "arr_dt": "1462135199", "direction": "0", "travel_time_sec": "593", "benchmark_travel_time_sec": "600"}, {"dep_dt": "1462134876", "route_id": "Red", "arr_dt": "1462135424", "direction": "0", "travel_time_sec": "548", "benchmark_travel_time_sec": "600"}, {"dep_dt": "1462135553", "route_id": "Red", "arr_dt": "1462136155", "direction": "0", "travel_time_sec": "602", "benchmark_travel_time_sec": "600"}, {"dep_dt": "1462135887", "route_id": "Red", "arr_dt": "1462136402", "direction": "0", "travel_time_sec": "515", "benchmark_travel_time_sec": "600"}, {"dep_dt": "1462136236", "route_id": "Red", "arr_dt": "1462136814", "direction": "0", "travel_time_sec": "578", "benchmark_travel_time_sec": "600"}, {"dep_dt": "1462136680", "route_id": "Red", "arr_dt": "1462137276", "direction": "0", "travel_time_sec": "596", "benchmark_travel_time_sec": "600"}, {"dep_dt": "1462137197", "route_id": "Red", "arr_dt": "1462137760", "direction": "0", "travel_time_sec": "563", "benchmark_travel_time_sec": "600"}, {"dep_dt": "1462137625", "route_id": "Red", "arr_dt": "1462138222", "direction": "0", "travel_time_sec": "597", "benchmark_travel_time_sec": "600"}, {"dep_dt": "1462138041", "route_id": "Red", "arr_dt": "1462138499", "direction": "0", "travel_time_sec": "458", "benchmark_travel_time_sec": "600"}, {"dep_dt": "1462138640", "route_id": "Red", "arr_dt": "1462139240", "direction": "0", "travel_time_sec": "600", "benchmark_travel_time_sec": "600"}, {"dep_dt": "1462139093", "route_id": "Red", "arr_dt": "1462139672", "direction": "0", "travel_time_sec": "579", "benchmark_travel_time_sec": "600"}, {"dep_dt": "1462139505", "route_id": "Red", "arr_dt": "1462140084", "direction": "0", "travel_time_sec": "579", "benchmark_travel_time_sec": "600"}, {"dep_dt": "1462139959", "route_id": "Red", "arr_dt": "1462140526", "direction": "0", "travel_time_sec": "567", "benchmark_travel_time_sec": "600"}, {"dep_dt": "1462140258", "route_id": "Red", "arr_dt": "1462140825", "direction": "0", "travel_time_sec": "567", "benchmark_travel_time_sec": "600"}, {"dep_dt": "1462140776", "route_id": "Red", "arr_dt": "1462141378", "direction": "0", "travel_time_sec": "602", "benchmark_travel_time_sec": "600"}, {"dep_dt": "1462141637", "route_id": "Red", "arr_dt": "1462142177", "direction": "0", "travel_time_sec": "540", "benchmark_travel_time_sec": "600"}, {"dep_dt": "1462142138", "route_id": "Red", "arr_dt": "1462142700", "direction": "0", "travel_time_sec": "562", "benchmark_travel_time_sec": "600"}, {"dep_dt": "1462142711", "route_id": "Red", "arr_dt": "1462143287", "direction": "0", "travel_time_sec": "576", "benchmark_travel_time_sec": "600"}, {"dep_dt": "1462143404", "route_id": "Red", "arr_dt": "1462144015", "direction": "0", "travel_time_sec": "611", "benchmark_travel_time_sec": "600"}, {"dep_dt": "1462143616", "route_id": "Red", "arr_dt": "1462144204", "direction": "0", "travel_time_sec": "588", "benchmark_travel_time_sec": "600"}, {"dep_dt": "1462144165", "route_id": "Red", "arr_dt": "1462144752", "direction": "0", "travel_time_sec": "587", "benchmark_travel_time_sec": "600"}, {"dep_dt": "1462144618", "route_id": "Red", "arr_dt": "1462145179", "direction": "0", "travel_time_sec": "561", "benchmark_travel_time_sec": "600"}, {"dep_dt": "1462144956", "route_id": "Red", "arr_dt": "1462145595", "direction": "0", "travel_time_sec": "639", "benchmark_travel_time_sec": "600"}, {"dep_dt": "1462145533", "route_id": "Red", "arr_dt": "1462146076", "direction": "0", "travel_time_sec": "543", "benchmark_travel_time_sec": "600"}, {"dep_dt": "1462145924", "route_id": "Red", "arr_dt": "1462146491", "direction": "0", "travel_time_sec": "567", "benchmark_travel_time_sec": "600"}, {"dep_dt": "1462146576", "route_id": "Red", "arr_dt": "1462147133", "direction": "0", "travel_time_sec": "557", "benchmark_travel_time_sec": "600"}, {"dep_dt": "1462146824", "route_id": "Red", "arr_dt": "1462147356", "direction": "0", "travel_time_sec": "532", "benchmark_travel_time_sec": "600"}, {"dep_dt": "1462147466", "route_id": "Red", "arr_dt": "1462148038", "direction": "0", "travel_time_sec": "572", "benchmark_travel_time_sec": "600"}, {"dep_dt": "1462147792", "route_id": "Red", "arr_dt": "1462148372", "direction": "0", "travel_time_sec": "580", "benchmark_travel_time_sec": "600"}, {"dep_dt": "1462148246", "route_id": "Red", "arr_dt": "1462148945", "direction": "0", "travel_time_sec": "699", "benchmark_travel_time_sec": "600"}, {"dep_dt": "1462148995", "route_id": "Red", "arr_dt": "1462149554", "direction": "0", "travel_time_sec": "559", "benchmark_travel_time_sec": "600"}, {"dep_dt": "1462149373", "route_id": "Red", "arr_dt": "1462149970", "direction": "0", "travel_time_sec": "597", "benchmark_travel_time_sec": "600"}, {"dep_dt": "1462149764", "route_id": "Red", "arr_dt": "1462150361", "direction": "0", "travel_time_sec": "597", "benchmark_travel_time_sec": "600"}, {"dep_dt": "1462150217", "route_id": "Red", "arr_dt": "1462150804", "direction": "0", "travel_time_sec": "587", "benchmark_travel_time_sec": "600"}, {"dep_dt": "1462150655", "route_id": "Red", "arr_dt": "1462151234", "direction": "0", "travel_time_sec": "579", "benchmark_travel_time_sec": "600"}, {"dep_dt": "1462151157", "route_id": "Red", "arr_dt": "1462151691", "direction": "0", "travel_time_sec": "534", "benchmark_travel_time_sec": "600"}, {"dep_dt": "1462151588", "route_id": "Red", "arr_dt": "1462152157", "direction": "0", "travel_time_sec": "569", "benchmark_travel_time_sec": "600"}, {"dep_dt": "1462152164", "route_id": "Red", "arr_dt": "1462152718", "direction": "0", "travel_time_sec": "554", "benchmark_travel_time_sec": "600"}, {"dep_dt": "1462152825", "route_id": "Red", "arr_dt": "1462153426", "direction": "0", "travel_time_sec": "601", "benchmark_travel_time_sec": "600"}, {"dep_dt": "1462153191", "route_id": "Red", "arr_dt": "1462153741", "direction": "0", "travel_time_sec": "550", "benchmark_travel_time_sec": "600"}, {"dep_dt": "1462153565", "route_id": "Red", "arr_dt": "1462154135", "direction": "0", "travel_time_sec": "570", "benchmark_travel_time_sec": "600"}, {"dep_dt": "1462154128", "route_id": "Red", "arr_dt": "1462154678", "direction": "0", "travel_time_sec": "550", "benchmark_travel_time_sec": "600"}, {"dep_dt": "1462154643", "route_id": "Red", "arr_dt": "1462155210", "direction": "0", "travel_time_sec": "567", "benchmark_travel_time_sec": "600"}, {"dep_dt": "1462155278", "route_id": "Red", "arr_dt": "1462155895", "direction": "0", "travel_time_sec": "617", "benchmark_travel_time_sec": "600"}, {"dep_dt": "1462155726", "route_id": "Red", "arr_dt": "1462156265", "direction": "0", "travel_time_sec": "539", "benchmark_travel_time_sec": "600"}, {"dep_dt": "1462156216", "route_id": "Red", "arr_dt": "1462156786", "direction": "0", "travel_time_sec": "570", "benchmark_travel_time_sec": "600"}, {"dep_dt": "1462156696", "route_id": "Red", "arr_dt": "1462157247", "direction": "0", "travel_time_sec": "551", "benchmark_travel_time_sec": "600"}, {"dep_dt": "1462157195", "route_id": "Red", "arr_dt": "1462157785", "direction": "0", "travel_time_sec": "590", "benchmark_travel_time_sec": "600"}, {"dep_dt": "1462157738", "route_id": "Red", "arr_dt": "1462158336", "direction": "0", "travel_time_sec": "598", "benchmark_travel_time_sec": "600"}, {"dep_dt": "1462158139", "route_id": "Red", "arr_dt": "1462158745", "direction": "0", "travel_time_sec": "606", "benchmark_travel_time_sec": "600"}, {"dep_dt": "1462158584", "route_id": "Red", "arr_dt": "1462159115", "direction": "0", "travel_time_sec": "531", "benchmark_travel_time_sec": "600"}, {"dep_dt": "1462159054", "route_id": "Red", "arr_dt": "1462159601", "direction": "0", "travel_time_sec": "547", "benchmark_travel_time_sec": "600"}, {"dep_dt": "1462159566", "route_id": "Red", "arr_dt": "1462160169", "direction": "0", "travel_time_sec": "603", "benchmark_travel_time_sec": "600"}, {"dep_dt": "1462160037", "route_id": "Red", "arr_dt": "1462160603", "direction": "0", "travel_time_sec": "566", "benchmark_travel_time_sec": "600"}, {"dep_dt": "1462160597", "route_id": "Red", "arr_dt": "1462161164", "direction": "0", "travel_time_sec": "567", "benchmark_travel_time_sec": "600"}, {"dep_dt": "1462160992", "route_id": "Red", "arr_dt": "1462161549", "direction": "0", "travel_time_sec": "557", "benchmark_travel_time_sec": "600"}]}