{"travel_times": [{"dep_dt": "1452229274", "route_id": "Red", "arr_dt": "1452229806", "direction": "0", "travel_time_sec": "532", "benchmark_travel_time_sec": "540"}, {"dep_dt": "1452229660", "route_id": "Red", "arr_dt": "1452230206", "direction": "0", "travel_time_sec": "546", "benchmark_travel_time_sec": "540"}, {"dep_dt": "1452230149", "route_id": "Red", "arr_dt": "1452230706", "direction": "0", "travel_time_sec": "557", "benchmark_travel_time_sec": "540"}, {"dep_dt": "1452230528", "route_id": "Red", "arr_dt": "1452231186", "direction": "0", "travel_time_sec": "658", "benchmark_travel_time_sec": "540"}, {"dep_dt": "1452230906", "route_id": "Red", "arr_dt": "1452231468", "direction": "0", "travel_time_sec": "562", "benchmark_travel_time_sec": "540"}, {"dep_dt": "1452231204", "route_id": "Red", "arr_dt": "1452231906", "direction": "0", "travel_time_sec": "702", "benchmark_travel_time_sec": "540"}, {"dep_dt": "1452248665", "route_id": "Red", "arr_dt": "1452249197", "direction": "0", "travel_time_sec": "532", "benchmark_travel_time_sec": "540"}, {"dep_dt": "1452249214", "route_id": "Red", "arr_dt": "1452249759", "direction": "0", "travel_time_sec": "545", "benchmark_travel_time_sec": "540"}, {"dep_dt": "1452249519", "route_id": "Red", "arr_dt": "1452250074", "direction": "0", "travel_time_sec": "555", "benchmark_travel_time_sec": "540"}, {"dep_dt": "1452249946", "route_id": "Red", "arr_dt": "1452250486", "direction": "0", "travel_time_sec": "540", "benchmark_travel_time_sec": "540"}, {"dep_dt": "1452250250", "route_id": "Red", "arr_dt": "1452250783", "direction": "0", "travel_time_sec": "533", "benchmark_travel_time_sec": "540"}, {"dep_dt": "1452250885", "route_id": "Red", "arr_dt": "1452251458", "direction": "0", "travel_time_sec": "573", "benchmark_travel_time_sec": "540"}, {"dep_dt": "1452251290", "route_id": "Red", "arr_dt": "1452251833", "direction": "0", "travel_time_sec": "543", "benchmark_travel_time_sec": "540"}, {"dep_dt": "1452251648", "route_id": "Red", "arr_dt": "1452252203", "direction": "0", "travel_time_sec": "555", "benchmark_travel_time_sec": "540"}, {"dep_dt": "1452252254", "route_id": "Red", "arr_dt": "1452252856", "direction": "0", "travel_time_sec": "602", "benchmark_travel_time_sec": "540"}, {"dep_dt": "1452252538", "route_id": "Red", "arr_dt": "1452253061", "direction": "0", "travel_time_sec": "523", "benchmark_travel_time_sec": "540"}, {"dep_dt": "1452252963", "route_id": "Red", "arr_dt": "1452253519", "direction": "0", "travel_time_sec": "556", "benchmark_travel_time_sec": "540"}, {"dep_dt": "1452253368", "route_id": "Red", "arr_dt": "1452253997", "direction": "0", "travel_time_sec": "629", "benchmark_travel_time_sec": "540"}, {"dep_dt": "1452253595", "route_id": "Red", "arr_dt": "1452254194", "direction": "0", "travel_time_sec": "599", "benchmark_travel_time_sec": "540"}, {"dep_dt": "1452253908", "route_id": "Red", "arr_dt": "1452254487", "direction": "0", "travel_time_sec": "579", "benchmark_travel_time_sec": "651"}, {"dep_dt": "1452254158", "route_id": "Red", "arr_dt": "1452254753", "direction": "0", "travel_time_sec": "595", "benchmark_travel_time_sec": "651"}, {"dep_dt": "1452254384", "route_id": "Red", "arr_dt": "1452254936", "direction": "0", "travel_time_sec": "552", "benchmark_travel_time_sec": "651"}, {"dep_dt": "1452254604", "route_id": "Red", "arr_dt": "1452255129", "direction": "0", "travel_time_sec": "525", "benchmark_travel_time_sec": "651"}, {"dep_dt": "1452254822", "route_id": "Red", "arr_dt": "1452255386", "direction": "0", "travel_time_sec": "564", "benchmark_travel_time_sec": "651"}, {"dep_dt": "1452255082", "route_id": "Red", "arr_dt": "1452255757", "direction": "0", "travel_time_sec": "675", "benchmark_travel_time_sec": "651"}, {"dep_dt": "1452255640", "route_id": "Red", "arr_dt": "1452256214", "direction": "0", "travel_time_sec": "574", "benchmark_travel_time_sec": "660"}, {"dep_dt": "1452255900", "route_id": "Red", "arr_dt": "1452256481", "direction": "0", "travel_time_sec": "581", "benchmark_travel_time_sec": "660"}, {"dep_dt": "1452256127", "route_id": "Red", "arr_dt": "1452256716", "direction": "0", "travel_time_sec": "589", "benchmark_travel_time_sec": "660"}, {"dep_dt": "1452256402", "route_id": "Red", "arr_dt": "1452256989", "direction": "0", "travel_time_sec": "587", "benchmark_travel_time_sec": "660"}, {"dep_dt": "1452256566", "route_id": "Red", "arr_dt": "1452257177", "direction": "0", "travel_time_sec": "611", "benchmark_travel_time_sec": "660"}, {"dep_dt": "1452256842", "route_id": "Red", "arr_dt": "1452257410", "direction": "0", "travel_time_sec": "568", "benchmark_travel_time_sec": "660"}, {"dep_dt": "1452257026", "route_id": "Red", "arr_dt": "1452257603", "direction": "0", "travel_time_sec": "577", "benchmark_travel_time_sec": "660"}, {"dep_dt": "1452257316", "route_id": "Red", "arr_dt": "1452257933", "direction": "0", "travel_time_sec": "617", "benchmark_travel_time_sec": "660"}, {"dep_dt": "1452257463", "route_id": "Red", "arr_dt": "1452258115", "direction": "0", "travel_time_sec": "652", "benchmark_travel_time_sec": "660"}, {"dep_dt": "1452257745", "route_id": "Red", "arr_dt": "1452258351", "direction": "0", "travel_time_sec": "606", "benchmark_travel_time_sec": "660"}, {"dep_dt": "1452257922", "route_id": "Red", "arr_dt": "1452258534", "direction": "0", "travel_time_sec": "612", "benchmark_travel_time_sec": "660"}, {"dep_dt": "1452258117", "route_id": "Red", "arr_dt": "1452258767", "direction": "0", "travel_time_sec": "650", "benchmark_travel_time_sec": "660"}, {"dep_dt": "1452258423", "route_id": "Red", "arr_dt": "1452259041", "direction": "0", "travel_time_sec": "618", "benchmark_travel_time_sec": "660"}, {"dep_dt": "1452258747", "route_id": "Red", "arr_dt": "1452259379", "direction": "0", "travel_time_sec": "632", "benchmark_travel_time_sec": "660"}, {"dep_dt": "1452259015", "route_id": "Red", "arr_dt": "1452259649", "direction": "0", "travel_time_sec": "634", "benchmark_travel_time_sec": "660"}, {"dep_dt": "1452259241", "route_id": "Red", "arr_dt": "1452259925", "direction": "0", "travel_time_sec": "684", "benchmark_travel_time_sec": "660"}, {"dep_dt": "1452259403", "route_id": "Red", "arr_dt": "1452260137", "direction": "0", "travel_time_sec": "734", "benchmark_travel_time_sec": "660"}, {"dep_dt": "1452259744", "route_id": "Red", "arr_dt": "1452260441", "direction": "0", "travel_time_sec": "697", "benchmark_travel_time_sec": "660"}, {"dep_dt": "1452259923", "route_id": "Red", "arr_dt": "1452260661", "direction": "0", "travel_time_sec": "738", "benchmark_travel_time_sec": "660"}, {"dep_dt": "1452260101", "route_id": "Red", "arr_dt": "1452260884", "direction": "0", "travel_time_sec": "783", "benchmark_travel_time_sec": "660"}, {"dep_dt": "1452260288", "route_id": "Red", "arr_dt": "1452261109", "direction": "0", "travel_time_sec": "821", "benchmark_travel_time_sec": "660"}, {"dep_dt": "1452260703", "route_id": "Red", "arr_dt": "1452261330", "direction": "0", "travel_time_sec": "627", "benchmark_travel_time_sec": "660"}, {"dep_dt": "1452260890", "route_id": "Red", "arr_dt": "1452261528", "direction": "0", "travel_time_sec": "638", "benchmark_travel_time_sec": "660"}, {"dep_dt": "1452261147", "route_id": "Red", "arr_dt": "1452261741", "direction": "0", "travel_time_sec": "594", "benchmark_travel_time_sec": "660"}, {"dep_dt": "1452261397", "route_id": "Red", "arr_dt": "1452262016", "direction": "0", "travel_time_sec": "619", "benchmark_travel_time_sec": "660"}, {"dep_dt": "1452261662", "route_id": "Red", "arr_dt": "1452262255", "direction": "0", "travel_time_sec": "593", "benchmark_travel_time_sec": "660"}, {"dep_dt": "1452261818", "route_id": "Red", "arr_dt": "1452262439", "direction": "0", "travel_time_sec": "621", "benchmark_travel_time_sec": "660"}, {"dep_dt": "1452262117", "route_id": "Red", "arr_dt": "1452262704", "direction": "0", "travel_time_sec": "587", "benchmark_travel_time_sec": "660"}, {"dep_dt": "1452262324", "route_id": "Red", "arr_dt": "1452262906", "direction": "0", "travel_time_sec": "582", "benchmark_travel_time_sec": "660"}, {"dep_dt": "1452262456", "route_id": "Red", "arr_dt": "1452263091", "direction": "0", "travel_time_sec": "635", "benchmark_travel_time_sec": "660"}, {"dep_dt": "1452262654", "route_id": "Red", "arr_dt": "1452263277", "direction": "0", "travel_time_sec": "623", "benchmark_travel_time_sec": "660"}, {"dep_dt": "1452263157", "route_id": "Red", "arr_dt": "1452263805", "direction": "0", "travel_time_sec": "648", "benchmark_travel_time_sec": "615"}, {"dep_dt": "1452263487", "route_id": "Red", "arr_dt": "1452264074", "direction": "0", "travel_time_sec": "587", "benchmark_travel_time_sec": "615"}, {"dep_dt": "1452263655", "route_id": "Red", "arr_dt": "1452264287", "direction": "0", "travel_time_sec": "632", "benchmark_travel_time_sec": "615"}, {"dep_dt": "1452263872", "route_id": "Red", "arr_dt": "1452264507", "direction": "0", "travel_time_sec": "635", "benchmark_travel_time_sec": "615"}, {"dep_dt": "1452264047", "route_id": "Red", "arr_dt": "1452264675", "direction": "0", "travel_time_sec": "628", "benchmark_travel_time_sec": "615"}, {"dep_dt": "1452264273", "route_id": "Red", "arr_dt": "1452264867", "direction": "0", "travel_time_sec": "594", "benchmark_travel_time_sec": "615"}, {"dep_dt": "1452264428", "route_id": "Red", "arr_dt": "1452265058", "direction": "0", "travel_time_sec": "630", "benchmark_travel_time_sec": "615"}, {"dep_dt": "1452264655", "route_id": "Red", "arr_dt": "1452265245", "direction": "0", "travel_time_sec": "590", "benchmark_travel_time_sec": "600"}, {"dep_dt": "1452264946", "route_id": "Red", "arr_dt": "1452265579", "direction": "0", "travel_time_sec": "633", "benchmark_travel_time_sec": "600"}, {"dep_dt": "1452265638", "route_id": "Red", "arr_dt": "1452266287", "direction": "0", "travel_time_sec": "649", "benchmark_travel_time_sec": "600"}, {"dep_dt": "1452265918", "route_id": "Red", "arr_dt": "1452266506", "direction": "0", "travel_time_sec": "588", "benchmark_travel_time_sec": "600"}, {"dep_dt": "1452266065", "route_id": "Red", "arr_dt": "1452266696", "direction": "0", "travel_time_sec": "631", "benchmark_travel_time_sec": "600"}, {"dep_dt": "1452266367", "route_id": "Red", "arr_dt": "1452266914", "direction": "0", "travel_time_sec": "547", "benchmark_travel_time_sec": "600"}, {"dep_dt": "1452266508", "route_id": "Red", "arr_dt": "1452267085", "direction": "0", "travel_time_sec": "577", "benchmark_travel_time_sec": "600"}, {"dep_dt": "1452266812", "route_id": "Red", "arr_dt": "1452267356", "direction": "0", "travel_time_sec": "544", "benchmark_travel_time_sec": "600"}, {"dep_dt": "1452267208", "route_id": "Red", "arr_dt": "1452267807", "direction": "0", "travel_time_sec": "599", "benchmark_travel_time_sec": "600"}, {"dep_dt": "1452267713", "route_id": "Red", "arr_dt": "1452268349", "direction": "0", "travel_time_sec": "636", "benchmark_travel_time_sec": "600"}, {"dep_dt": "1452267917", "route_id": "Red", "arr_dt": "1452268538", "direction": "0", "travel_time_sec": "621", "benchmark_travel_time_sec": "600"}, {"dep_dt": "1452268085", "route_id": "Red", "arr_dt": "1452268723", "direction": "0", "travel_time_sec": "638", "benchmark_travel_time_sec": "600"}, {"dep_dt": "1452268264", "route_id": "Red", "arr_dt": "1452268898", "direction": "0", "travel_time_sec": "634", "benchmark_travel_time_sec": "600"}, {"dep_dt": "1452268436", "route_id": "Red", "arr_dt": "1452269054", "direction": "0", "travel_time_sec": "618", "benchmark_travel_time_sec": "600"}, {"dep_dt": "1452268985", "route_id": "Red", "arr_dt": "1452269543", "direction": "0", "travel_time_sec": "558", "benchmark_travel_time_sec": "600"}, {"dep_dt": "1452269385", "route_id": "Red", "arr_dt": "1452269941", "direction": "0", "travel_time_sec": "556", "benchmark_travel_time_sec": "600"}, {"dep_dt": "1452269862", "route_id": "Red", "arr_dt": "1452270436", "direction": "0", "travel_time_sec": "574", "benchmark_travel_time_sec": "600"}, {"dep_dt": "1452270019", "route_id": "Red", "arr_dt": "1452270643", "direction": "0", "travel_time_sec": "624", "benchmark_travel_time_sec": "600"}, {"dep_dt": "1452270527", "route_id": "Red", "arr_dt": "1452271131", "direction": "0", "travel_time_sec": "604", "benchmark_travel_time_sec": "600"}, {"dep_dt": "1452270970", "route_id": "Red", "arr_dt": "1452271535", "direction": "0", "travel_time_sec": "565", "benchmark_travel_time_sec": "600"}, {"dep_dt": "1452271359", "route_id": "Red", "arr_dt": "1452271987", "direction": "0", "travel_time_sec": "628", "benchmark_travel_time_sec": "600"}, {"dep_dt": "1452271923", "route_id": "Red", "arr_dt": "1452272495", "direction": "0", "travel_time_sec": "572", "benchmark_travel_time_sec": "600"}, {"dep_dt": "1452272121", "route_id": "Red", "arr_dt": "1452272709", "direction": "0", "travel_time_sec": "588", "benchmark_travel_time_sec": "600"}, {"dep_dt": "1452272692", "route_id": "Red", "arr_dt": "1452273289", "direction": "0", "travel_time_sec": "597", "benchmark_travel_time_sec": "600"}, {"dep_dt": "1452272989", "route_id": "Red", "arr_dt": "1452273549", "direction": "0", "travel_time_sec": "560", "benchmark_travel_time_sec": "600"}, {"dep_dt": "1452273368", "route_id": "Red", "arr_dt": "1452273909", "direction": "0", "travel_time_sec": "541", "benchmark_travel_time_sec": "600"}, {"dep_dt": "1452273797", "route_id": "Red", "arr_dt": "1452274350", "direction": "0", "travel_time_sec": "553", "benchmark_travel_time_sec": "600"}, {"dep_dt": "1452274524", "route_id": "Red", "arr_dt": "1452275149", "direction": "0", "travel_time_sec": "625", "benchmark_travel_time_sec": "600"}, {"dep_dt": "1452274779", "route_id": "Red", "arr_dt": "1452275343", "direction": "0", "travel_time_sec": "564", "benchmark_travel_time_sec": "600"}, {"dep_dt": "1452275219", "route_id": "Red", "arr_dt": "1452275807", "direction": "0", "travel_time_sec": "588", "benchmark_travel_time_sec": "600"}, {"dep_dt": "1452275544", "route_id": "Red", "arr_dt": "1452276129", "direction": "0", "travel_time_sec": "585", "benchmark_travel_time_sec": "600"}, {"dep_dt": "1452275954", "route_id": "Red", "arr_dt": "1452276514", "direction": "0", "travel_time_sec": "560", "benchmark_travel_time_sec": "600"}, {"dep_dt": "1452276465", "route_id": "Red", "arr_dt": "1452277049", "direction": "0", "travel_time_sec": "584", "benchmark_travel_time_sec": "600"}, {"dep_dt": "1452276745", "route_id": "Red", "arr_dt": "1452277296", "direction": "0", "travel_time_sec": "551", "benchmark_travel_time_sec": "600"}, {"dep_dt": "1452277255", "route_id": "Red", "arr_dt": "1452277846", "direction": "0", "travel_time_sec": "591", "benchmark_travel_time_sec": "600"}, {"dep_dt": "1452277695", "route_id": "Red", "arr_dt": "1452278232", "direction": "0", "travel_time_sec": "537", "benchmark_travel_time_sec": "600"}, {"dep_dt": "1452278045", "route_id": "Red", "arr_dt": "1452278604", "direction": "0", "travel_time_sec": "559", "benchmark_travel_time_sec": "600"}, {"dep_dt": "1452278558", "route_id": "Red", "arr_dt": "1452279153", "direction": "0", "travel_time_sec": "595", "benchmark_travel_time_sec": "600"}, {"dep_dt": "1452278833", "route_id": "Red", "arr_dt": "1452279415", "direction": "0", "travel_time_sec": "582", "benchmark_travel_time_sec": "600"}, {"dep_dt": "1452279409", "route_id": "Red", "arr_dt": "1452279974", "direction": "0", "travel_time_sec": "565", "benchmark_travel_time_sec": "600"}, {"dep_dt": "1452279676", "route_id": "Red", "arr_dt": "1452280200", "direction": "0", "travel_time_sec": "524", "benchmark_travel_time_sec": "600"}, {"dep_dt": "1452280127", "route_id": "Red", "arr_dt": "1452280695", "direction": "0", "travel_time_sec": "568", "benchmark_travel_time_sec": "600"}, {"dep_dt": "1452280702", "route_id": "Red", "arr_dt": "1452281102", "direction": "0", "travel_time_sec": "400", "benchmark_travel_time_sec": "600"}, {"dep_dt": "1452281177", "route_id": "Red", "arr_dt": "1452281767", "direction": "0", "travel_time_sec": "590", "benchmark_travel_time_sec": "600"}, {"dep_dt": "1452281395", "route_id": "Red", "arr_dt": "1452281990", "direction": "0", "travel_time_sec": "595", "benchmark_travel_time_sec": "600"}, {"dep_dt": "1452281974", "route_id": "Red", "arr_dt": "1452282616", "direction": "0", "travel_time_sec": "642", "benchmark_travel_time_sec": "600"}, {"dep_dt": "1452282297", "route_id": "Red", "arr_dt": "1452282878", "direction": "0", "travel_time_sec": "581", "benchmark_travel_time_sec": "600"}, {"dep_dt": "1452282585", "route_id": "Red", "arr_dt": "1452283133", "direction": "0", "travel_time_sec": "548", "benchmark_travel_time_sec": "600"}, {"dep_dt": "1452283098", "route_id": "Red", "arr_dt": "1452283743", "direction": "0", "travel_time_sec": "645", "benchmark_travel_time_sec": "600"}, {"dep_dt": "1452283446", "route_id": "Red", "arr_dt": "1452284017", "direction": "0", "travel_time_sec": "571", "benchmark_travel_time_sec": "600"}, {"dep_dt": "1452283943", "route_id": "Red", "arr_dt": "1452284529", "direction": "0", "travel_time_sec": "586", "benchmark_travel_time_sec": "600"}, {"dep_dt": "1452284574", "route_id": "Red", "arr_dt": "1452285199", "direction": "0", "travel_time_sec": "625", "benchmark_travel_time_sec": "600"}, {"dep_dt": "1452285096", "route_id": "Red", "arr_dt": "1452285732", "direction": "0", "travel_time_sec": "636", "benchmark_travel_time_sec": "600"}, {"dep_dt": "1452285581", "route_id": "Red", "arr_dt": "1452286280", "direction": "0", "travel_time_sec": "699", "benchmark_travel_time_sec": "600"}, {"dep_dt": "1452285738", "route_id": "Red", "arr_dt": "1452286495", "direction": "0", "travel_time_sec": "757", "benchmark_travel_time_sec": "600"}, {"dep_dt": "1452285967", "route_id": "Red", "arr_dt": "1452286749", "direction": "0", "travel_time_sec": "782", "threshold_flag_1": "threshold_id_04", "benchmark_travel_time_sec": "600"}, {"dep_dt": "1452286158", "route_id": "Red", "arr_dt": "1452286930", "direction": "0", "travel_time_sec": "772", "benchmark_travel_time_sec": "700"}, {"dep_dt": "1452286368", "route_id": "Red", "arr_dt": "1452287128", "direction": "0", "travel_time_sec": "760", "benchmark_travel_time_sec": "700"}, {"dep_dt": "1452286649", "route_id": "Red", "arr_dt": "1452287338", "direction": "0", "travel_time_sec": "689", "benchmark_travel_time_sec": "700"}, {"dep_dt": "1452286933", "route_id": "Red", "arr_dt": "1452287529", "direction": "0", "travel_time_sec": "596", "benchmark_travel_time_sec": "700"}, {"dep_dt": "1452287178", "route_id": "Red", "arr_dt": "1452287767", "direction": "0", "travel_time_sec": "589", "benchmark_travel_time_sec": "700"}, {"dep_dt": "1452287529", "route_id": "Red", "arr_dt": "1452288088", "direction": "0", "travel_time_sec": "559", "benchmark_travel_time_sec": "700"}, {"dep_dt": "1452287826", "route_id": "Red", "arr_dt": "1452288394", "direction": "0", "travel_time_sec": "568", "benchmark_travel_time_sec": "700"}, {"dep_dt": "1452288241", "route_id": "Red", "arr_dt": "1452288843", "direction": "0", "travel_time_sec": "602", "benchmark_travel_time_sec": "720"}, {"dep_dt": "1452288407", "route_id": "Red", "arr_dt": "1452289055", "direction": "0", "travel_time_sec": "648", "benchmark_travel_time_sec": "720"}, {"dep_dt": "1452288749", "route_id": "Red", "arr_dt": "1452289373", "direction": "0", "travel_time_sec": "624", "benchmark_travel_time_sec": "720"}, {"dep_dt": "1452288945", "route_id": "Red", "arr_dt": "1452289650", "direction": "0", "travel_time_sec": "705", "benchmark_travel_time_sec": "720"}, {"dep_dt": "1452289368", "route_id": "Red", "arr_dt": "1452289996", "direction": "0", "travel_time_sec": "628", "benchmark_travel_time_sec": "720"}, {"dep_dt": "1452289546", "route_id": "Red", "arr_dt": "1452290205", "direction": "0", "travel_time_sec": "659", "benchmark_travel_time_sec": "720"}, {"dep_dt": "1452289865", "route_id": "Red", "arr_dt": "1452290550", "direction": "0", "travel_time_sec": "685", "benchmark_travel_time_sec": "720"}, {"dep_dt": "1452290029", "route_id": "Red", "arr_dt": "1452290769", "direction": "0", "travel_time_sec": "740", "benchmark_travel_time_sec": "720"}, {"dep_dt": "1452290447", "route_id": "Red", "arr_dt": "1452291143", "direction": "0", "travel_time_sec": "696", "benchmark_travel_time_sec": "720"}, {"dep_dt": "1452290823", "route_id": "Red", "arr_dt": "1452291421", "direction": "0", "travel_time_sec": "598", "benchmark_travel_time_sec": "720"}, {"dep_dt": "1452291262", "route_id": "Red", "arr_dt": "1452291966", "direction": "0", "travel_time_sec": "704", "benchmark_travel_time_sec": "720"}, {"dep_dt": "1452291462", "route_id": "Red", "arr_dt": "1452292199", "direction": "0", "travel_time_sec": "737", "benchmark_travel_time_sec": "720"}, {"dep_dt": "1452291718", "route_id": "Red", "arr_dt": "1452292526", "direction": "0", "travel_time_sec": "808", "benchmark_travel_time_sec": "720"}, {"dep_dt": "1452291880", "route_id": "Red", "arr_dt": "1452292865", "direction": "0", "travel_time_sec": "985", "threshold_flag_1": "threshold_id_04", "benchmark_travel_time_sec": "720"}, {"dep_dt": "1452292058", "route_id": "Red", "arr_dt": "1452293144", "direction": "0", "threshold_flag_2": "threshold_id_05", "travel_time_sec": "1086", "threshold_flag_1": "threshold_id_04", "benchmark_travel_time_sec": "720"}, {"dep_dt": "1452292428", "route_id": "Red", "arr_dt": "1452293398", "direction": "0", "travel_time_sec": "970", "threshold_flag_1": "threshold_id_04", "benchmark_travel_time_sec": "720"}, {"dep_dt": "1452292736", "route_id": "Red", "arr_dt": "1452293671", "direction": "0", "travel_time_sec": "935", "threshold_flag_1": "threshold_id_04", "benchmark_travel_time_sec": "720"}, {"dep_dt": "1452293427", "route_id": "Red", "arr_dt": "1452294316", "direction": "0", "travel_time_sec": "889", "threshold_flag_1": "threshold_id_04", "benchmark_travel_time_sec": "668"}, {"dep_dt": "1452293607", "route_id": "Red", "arr_dt": "1452294508", "direction": "0", "travel_time_sec": "901", "threshold_flag_1": "threshold_id_04", "benchmark_travel_time_sec": "668"}, {"dep_dt": "1452293818", "route_id": "Red", "arr_dt": "1452294702", "direction": "0", "travel_time_sec": "884", "threshold_flag_1": "threshold_id_04", "benchmark_travel_time_sec": "668"}, {"dep_dt": "1452294186", "route_id": "Red", "arr_dt": "1452295090", "direction": "0", "travel_time_sec": "904", "threshold_flag_1": "threshold_id_04", "benchmark_travel_time_sec": "668"}, {"dep_dt": "1452294545", "route_id": "Red", "arr_dt": "1452295276", "direction": "0", "travel_time_sec": "731", "benchmark_travel_time_sec": "668"}, {"dep_dt": "1452294691", "route_id": "Red", "arr_dt": "1452295447", "direction": "0", "travel_time_sec": "756", "benchmark_travel_time_sec": "668"}, {"dep_dt": "1452294833", "route_id": "Red", "arr_dt": "1452295648", "direction": "0", "travel_time_sec": "815", "benchmark_travel_time_sec": "668"}, {"dep_dt": "1452295059", "route_id": "Red", "arr_dt": "1452295828", "direction": "0", "travel_time_sec": "769", "benchmark_travel_time_sec": "660"}, {"dep_dt": "1452295239", "route_id": "Red", "arr_dt": "1452296008", "direction": "0", "travel_time_sec": "769", "benchmark_travel_time_sec": "660"}, {"dep_dt": "1452295585", "route_id": "Red", "arr_dt": "1452296199", "direction": "0", "travel_time_sec": "614", "benchmark_travel_time_sec": "660"}, {"dep_dt": "1452295846", "route_id": "Red", "arr_dt": "1452296445", "direction": "0", "travel_time_sec": "599", "benchmark_travel_time_sec": "660"}, {"dep_dt": "1452296140", "route_id": "Red", "arr_dt": "1452296722", "direction": "0", "travel_time_sec": "582", "benchmark_travel_time_sec": "660"}, {"dep_dt": "1452296385", "route_id": "Red", "arr_dt": "1452296964", "direction": "0", "travel_time_sec": "579", "benchmark_travel_time_sec": "660"}, {"dep_dt": "1452296748", "route_id": "Red", "arr_dt": "1452297312", "direction": "0", "travel_time_sec": "564", "benchmark_travel_time_sec": "660"}, {"dep_dt": "1452297076", "route_id": "Red", "arr_dt": "1452297668", "direction": "0", "travel_time_sec": "592", "benchmark_travel_time_sec": "660"}, {"dep_dt": "1452297755", "route_id": "Red", "arr_dt": "1452298360", "direction": "0", "travel_time_sec": "605", "benchmark_travel_time_sec": "660"}, {"dep_dt": "1452298299", "route_id": "Red", "arr_dt": "1452298860", "direction": "0", "travel_time_sec": "561", "benchmark_travel_time_sec": "660"}, {"dep_dt": "1452298571", "route_id": "Red", "arr_dt": "1452299134", "direction": "0", "travel_time_sec": "563", "benchmark_travel_time_sec": "660"}, {"dep_dt": "1452298728", "route_id": "Red", "arr_dt": "1452299352", "direction": "0", "travel_time_sec": "624", "benchmark_travel_time_sec": "660"}, {"dep_dt": "1452299160", "route_id": "Red", "arr_dt": "1452299741", "direction": "0", "travel_time_sec": "581", "benchmark_travel_time_sec": "660"}, {"dep_dt": "1452299329", "route_id": "Red", "arr_dt": "1452299950", "direction": "0", "travel_time_sec": "621", "benchmark_travel_time_sec": "660"}, {"dep_dt": "1452299659", "route_id": "Red", "arr_dt": "1452300232", "direction": "0", "travel_time_sec": "573", "benchmark_travel_time_sec": "660"}, {"dep_dt": "1452299836", "route_id": "Red", "arr_dt": "1452300407", "direction": "0", "travel_time_sec": "571", "benchmark_travel_time_sec": "660"}, {"dep_dt": "1452300265", "route_id": "Red", "arr_dt": "1452300877", "direction": "0", "travel_time_sec": "612", "benchmark_travel_time_sec": "660"}, {"dep_dt": "1452300468", "route_id": "Red", "arr_dt": "1452301071", "direction": "0", "travel_time_sec": "603", "benchmark_travel_time_sec": "660"}, {"dep_dt": "1452300735", "route_id": "Red", "arr_dt": "1452301281", "direction": "0", "travel_time_sec": "546", "benchmark_travel_time_sec": "550"}, {"dep_dt": "1452300937", "route_id": "Red", "arr_dt": "1452301482", "direction": "0", "travel_time_sec": "545", "benchmark_travel_time_sec": "550"}, {"dep_dt": "1452301215", "route_id": "Red", "arr_dt": "1452301746", "direction": "0", "travel_time_sec": "531", "benchmark_travel_time_sec": "550"}, {"dep_dt": "1452301823", "route_id": "Red", "arr_dt": "1452302416", "direction": "0", "travel_time_sec": "593", "benchmark_travel_time_sec": "550"}, {"dep_dt": "1452302023", "route_id": "Red", "arr_dt": "1452302612", "direction": "0", "travel_time_sec": "589", "benchmark_travel_time_sec": "550"}, {"dep_dt": "1452302269", "route_id": "Red", "arr_dt": "1452302826", "direction": "0", "travel_time_sec": "557", "benchmark_travel_time_sec": "550"}, {"dep_dt": "1452302659", "route_id": "Red", "arr_dt": "1452303272", "direction": "0", "travel_time_sec": "613", "benchmark_travel_time_sec": "540"}, {"dep_dt": "1452303037", "route_id": "Red", "arr_dt": "1452303581", "direction": "0", "travel_time_sec": "544", "benchmark_travel_time_sec": "540"}, {"dep_dt": "1452303579", "route_id": "Red", "arr_dt": "1452304140", "direction": "0", "travel_time_sec": "561", "benchmark_travel_time_sec": "540"}, {"dep_dt": "1452303916", "route_id": "Red", "arr_dt": "1452304481", "direction": "0", "travel_time_sec": "565", "benchmark_travel_time_sec": "540"}, {"dep_dt": "1452304414", "route_id": "Red", "arr_dt": "1452305018", "direction": "0", "travel_time_sec": "604", "benchmark_travel_time_sec": "540"}, {"dep_dt": "1452304663", "route_id": "Red", "arr_dt": "1452305225", "direction": "0", "travel_time_sec": "562", "benchmark_travel_time_sec": "540"}, {"dep_dt": "1452304849", "route_id": "Red", "arr_dt": "1452305476", "direction": "0", "travel_time_sec": "627", "benchmark_travel_time_sec": "540"}, {"dep_dt": "1452305188", "route_id": "Red", "arr_dt": "1452305747", "direction": "0", "travel_time_sec": "559", "benchmark_travel_time_sec": "540"}, {"dep_dt": "1452305473", "route_id": "Red", "arr_dt": "1452306018", "direction": "0", "travel_time_sec": "545", "benchmark_travel_time_sec": "540"}, {"dep_dt": "1452305826", "route_id": "Red", "arr_dt": "1452306403", "direction": "0", "travel_time_sec": "577", "benchmark_travel_time_sec": "540"}, {"dep_dt": "1452306285", "route_id": "Red", "arr_dt": "1452306852", "direction": "0", "travel_time_sec": "567", "benchmark_travel_time_sec": "540"}, {"dep_dt": "1452306532", "route_id": "Red", "arr_dt": "1452307083", "direction": "0", "travel_time_sec": "551", "benchmark_travel_time_sec": "540"}, {"dep_dt": "1452307074", "route_id": "Red", "arr_dt": "1452307675", "direction": "0", "travel_time_sec": "601", "benchmark_travel_time_sec": "540"}, {"dep_dt": "1452307480", "route_id": "Red", "arr_dt": "1452308075", "direction": "0", "travel_time_sec": "595", "benchmark_travel_time_sec": "540"}, {"dep_dt": "1452307776", "route_id": "Red", "arr_dt": "1452308296", "direction": "0", "travel_time_sec": "520", "benchmark_travel_time_sec": "540"}, {"dep_dt": "1452308183", "route_id": "Red", "arr_dt": "1452308725", "direction": "0", "travel_time_sec": "542", "benchmark_travel_time_sec": "540"}, {"dep_dt": "1452308518", "route_id": "Red", "arr_dt": "1452309060", "direction": "0", "travel_time_sec": "542", "benchmark_travel_time_sec": "540"}, {"dep_dt": "1452308924", "route_id": "Red", "arr_dt": "1452309472", "direction": "0", "travel_time_sec": "548", "benchmark_travel_time_sec": "540"}, {"dep_dt": "1452309368", "route_id": "Red", "arr_dt": "1452309920", "direction": "0", "travel_time_sec": "552", "benchmark_travel_time_sec": "540"}, {"dep_dt": "1452309792", "route_id": "Red", "arr_dt": "1452310341", "direction": "0", "travel_time_sec": "549", "benchmark_travel_time_sec": "540"}, {"dep_dt": "1452310154", "route_id": "Red", "arr_dt": "1452310697", "direction": "0", "travel_time_sec": "543", "benchmark_travel_time_sec": "540"}, {"dep_dt": "1452310637", "route_id": "Red", "arr_dt": "1452311191", "direction": "0", "travel_time_sec": "554", "benchmark_travel_time_sec": "540"}, {"dep_dt": "1452310839", "route_id": "Red", "arr_dt": "1452311382", "direction": "0", "travel_time_sec": "543", "benchmark_travel_time_sec": "540"}, {"dep_dt": "1452311235", "route_id": "Red", "arr_dt": "1452311786", "direction": "0", "travel_time_sec": "551", "benchmark_travel_time_sec": "540"}, {"dep_dt": "1452311559", "route_id": "Red", "arr_dt": "1452312140", "direction": "0", "travel_time_sec": "581", "benchmark_travel_time_sec": "540"}, {"dep_dt": "1452312169", "route_id": "Red", "arr_dt": "1452312734", "direction": "0", "travel_time_sec": "565", "benchmark_travel_time_sec": "540"}, {"dep_dt": "1452312377", "route_id": "Red", "arr_dt": "1452312918", "direction": "0", "travel_time_sec": "541", "benchmark_travel_time_sec": "540"}, {"dep_dt": "1452312835", "route_id": "Red", "arr_dt": "1452313428", "direction": "0", "travel_time_sec": "593", "benchmark_travel_time_sec": "540"}, {"dep_dt": "1452313056", "route_id": "Red", "arr_dt": "1452313653", "direction": "0", "travel_time_sec": "597", "benchmark_travel_time_sec": "540"}, {"dep_dt": "1452313485", "route_id": "Red", "arr_dt": "1452314190", "direction": "0", "travel_time_sec": "705", "benchmark_travel_time_sec": "540"}, {"dep_dt": "1452314566", "route_id": "Red", "arr_dt": "1452315094", "direction": "0", "travel_time_sec": "528", "benchmark_travel_time_sec": "540"}, {"dep_dt": "1452314855", "route_id": "Red", "arr_dt": "1452315403", "direction": "0", "travel_time_sec": "548", "benchmark_travel_time_sec": "540"}, {"dep_dt": "1452315047", "route_id": "Red", "arr_dt": "1452315581", "direction": "0", "travel_time_sec": "534", "benchmark_travel_time_sec": "540"}]}