{"travel_times": [{"dep_dt": "1457412684", "route_id": "Red", "arr_dt": "1457413257", "direction": "0", "travel_time_sec": "573", "benchmark_travel_time_sec": "540"}, {"dep_dt": "1457413096", "route_id": "Red", "arr_dt": "1457413638", "direction": "0", "travel_time_sec": "542", "benchmark_travel_time_sec": "540"}, {"dep_dt": "1457413593", "route_id": "Red", "arr_dt": "1457414223", "direction": "0", "travel_time_sec": "630", "benchmark_travel_time_sec": "540"}, {"dep_dt": "1457414126", "route_id": "Red", "arr_dt": "1457414676", "direction": "0", "travel_time_sec": "550", "benchmark_travel_time_sec": "540"}, {"dep_dt": "1457414436", "route_id": "Red", "arr_dt": "1457414963", "direction": "0", "travel_time_sec": "527", "benchmark_travel_time_sec": "540"}, {"dep_dt": "1457414801", "route_id": "Red", "arr_dt": "1457415355", "direction": "0", "travel_time_sec": "554", "benchmark_travel_time_sec": "540"}, {"dep_dt": "1457415242", "route_id": "Red", "arr_dt": "1457415997", "direction": "0", "travel_time_sec": "755", "threshold_flag_1": "threshold_id_04", "benchmark_travel_time_sec": "540"}, {"dep_dt": "1457432615", "route_id": "Red", "arr_dt": "1457433150", "direction": "0", "travel_time_sec": "535", "benchmark_travel_time_sec": "540"}, {"dep_dt": "1457433196", "route_id": "Red", "arr_dt": "1457433761", "direction": "0", "travel_time_sec": "565", "benchmark_travel_time_sec": "540"}, {"dep_dt": "1457433536", "route_id": "Red", "arr_dt": "1457434104", "direction": "0", "travel_time_sec": "568", "benchmark_travel_time_sec": "540"}, {"dep_dt": "1457433959", "route_id": "Red", "arr_dt": "1457434511", "direction": "0", "travel_time_sec": "552", "benchmark_travel_time_sec": "540"}, {"dep_dt": "1457434416", "route_id": "Red", "arr_dt": "1457434964", "direction": "0", "travel_time_sec": "548", "benchmark_travel_time_sec": "540"}, {"dep_dt": "1457434825", "route_id": "Red", "arr_dt": "1457435332", "direction": "0", "travel_time_sec": "507", "benchmark_travel_time_sec": "540"}, {"dep_dt": "1457435393", "route_id": "Red", "arr_dt": "1457435970", "direction": "0", "travel_time_sec": "577", "benchmark_travel_time_sec": "540"}, {"dep_dt": "1457435956", "route_id": "Red", "arr_dt": "1457436527", "direction": "0", "travel_time_sec": "571", "benchmark_travel_time_sec": "540"}, {"dep_dt": "1457436129", "route_id": "Red", "arr_dt": "1457436690", "direction": "0", "travel_time_sec": "561", "benchmark_travel_time_sec": "540"}, {"dep_dt": "1457436555", "route_id": "Red", "arr_dt": "1457437135", "direction": "0", "travel_time_sec": "580", "benchmark_travel_time_sec": "540"}, {"dep_dt": "1457436722", "route_id": "Red", "arr_dt": "1457437302", "direction": "0", "travel_time_sec": "580", "benchmark_travel_time_sec": "540"}, {"dep_dt": "1457437241", "route_id": "Red", "arr_dt": "1457437832", "direction": "0", "travel_time_sec": "591", "benchmark_travel_time_sec": "540"}, {"dep_dt": "1457437608", "route_id": "Red", "arr_dt": "1457438267", "direction": "0", "travel_time_sec": "659", "benchmark_travel_time_sec": "540"}, {"dep_dt": "1457438044", "route_id": "Red", "arr_dt": "1457438652", "direction": "0", "travel_time_sec": "608", "benchmark_travel_time_sec": "651"}, {"dep_dt": "1457438273", "route_id": "Red", "arr_dt": "1457438878", "direction": "0", "travel_time_sec": "605", "benchmark_travel_time_sec": "651"}, {"dep_dt": "1457438726", "route_id": "Red", "arr_dt": "1457439316", "direction": "0", "travel_time_sec": "590", "benchmark_travel_time_sec": "651"}, {"dep_dt": "1457438905", "route_id": "Red", "arr_dt": "1457439494", "direction": "0", "travel_time_sec": "589", "benchmark_travel_time_sec": "651"}, {"dep_dt": "1457439337", "route_id": "Red", "arr_dt": "1457439936", "direction": "0", "travel_time_sec": "599", "benchmark_travel_time_sec": "651"}, {"dep_dt": "1457439542", "route_id": "Red", "arr_dt": "1457440218", "direction": "0", "travel_time_sec": "676", "benchmark_travel_time_sec": "660"}, {"dep_dt": "1457440188", "route_id": "Red", "arr_dt": "1457440915", "direction": "0", "travel_time_sec": "727", "benchmark_travel_time_sec": "660"}, {"dep_dt": "1457440420", "route_id": "Red", "arr_dt": "1457441105", "direction": "0", "travel_time_sec": "685", "benchmark_travel_time_sec": "660"}, {"dep_dt": "1457440565", "route_id": "Red", "arr_dt": "1457441427", "direction": "0", "travel_time_sec": "862", "threshold_flag_1": "threshold_id_04", "benchmark_travel_time_sec": "660"}, {"dep_dt": "1457440783", "route_id": "Red", "arr_dt": "1457441749", "direction": "0", "travel_time_sec": "966", "threshold_flag_1": "threshold_id_04", "benchmark_travel_time_sec": "660"}, {"dep_dt": "1457441096", "route_id": "Red", "arr_dt": "1457441956", "direction": "0", "travel_time_sec": "860", "threshold_flag_1": "threshold_id_04", "benchmark_travel_time_sec": "660"}, {"dep_dt": "1457441265", "route_id": "Red", "arr_dt": "1457442146", "direction": "0", "travel_time_sec": "881", "threshold_flag_1": "threshold_id_04", "benchmark_travel_time_sec": "660"}, {"dep_dt": "1457441437", "route_id": "Red", "arr_dt": "1457442365", "direction": "0", "travel_time_sec": "928", "threshold_flag_1": "threshold_id_04", "benchmark_travel_time_sec": "660"}, {"dep_dt": "1457441595", "route_id": "Red", "arr_dt": "1457442553", "direction": "0", "travel_time_sec": "958", "threshold_flag_1": "threshold_id_04", "benchmark_travel_time_sec": "660"}, {"dep_dt": "1457441826", "route_id": "Red", "arr_dt": "1457442736", "direction": "0", "travel_time_sec": "910", "threshold_flag_1": "threshold_id_04", "benchmark_travel_time_sec": "660"}, {"dep_dt": "1457442003", "route_id": "Red", "arr_dt": "1457442919", "direction": "0", "travel_time_sec": "916", "threshold_flag_1": "threshold_id_04", "benchmark_travel_time_sec": "660"}, {"dep_dt": "1457442254", "route_id": "Red", "arr_dt": "1457443116", "direction": "0", "travel_time_sec": "862", "threshold_flag_1": "threshold_id_04", "benchmark_travel_time_sec": "660"}, {"dep_dt": "1457442408", "route_id": "Red", "arr_dt": "1457443314", "direction": "0", "travel_time_sec": "906", "threshold_flag_1": "threshold_id_04", "benchmark_travel_time_sec": "660"}, {"dep_dt": "1457442569", "route_id": "Red", "arr_dt": "1457443541", "direction": "0", "travel_time_sec": "972", "threshold_flag_1": "threshold_id_04", "benchmark_travel_time_sec": "660"}, {"dep_dt": "1457442726", "route_id": "Red", "arr_dt": "1457443745", "direction": "0", "travel_time_sec": "1019", "threshold_flag_1": "threshold_id_04", "benchmark_travel_time_sec": "660"}, {"dep_dt": "1457443044", "route_id": "Red", "arr_dt": "1457443945", "direction": "0", "travel_time_sec": "901", "threshold_flag_1": "threshold_id_04", "benchmark_travel_time_sec": "660"}, {"dep_dt": "1457443264", "route_id": "Red", "arr_dt": "1457444155", "direction": "0", "travel_time_sec": "891", "threshold_flag_1": "threshold_id_04", "benchmark_travel_time_sec": "660"}, {"dep_dt": "1457443567", "route_id": "Red", "arr_dt": "1457444424", "direction": "0", "travel_time_sec": "857", "threshold_flag_1": "threshold_id_04", "benchmark_travel_time_sec": "660"}, {"dep_dt": "1457443747", "route_id": "Red", "arr_dt": "1457444628", "direction": "0", "travel_time_sec": "881", "threshold_flag_1": "threshold_id_04", "benchmark_travel_time_sec": "660"}, {"dep_dt": "1457444085", "route_id": "Red", "arr_dt": "1457444854", "direction": "0", "travel_time_sec": "769", "benchmark_travel_time_sec": "660"}, {"dep_dt": "1457444264", "route_id": "Red", "arr_dt": "1457445061", "direction": "0", "travel_time_sec": "797", "benchmark_travel_time_sec": "660"}, {"dep_dt": "1457444796", "route_id": "Red", "arr_dt": "1457445541", "direction": "0", "travel_time_sec": "745", "benchmark_travel_time_sec": "660"}, {"dep_dt": "1457444986", "route_id": "Red", "arr_dt": "1457445748", "direction": "0", "travel_time_sec": "762", "benchmark_travel_time_sec": "660"}, {"dep_dt": "1457445486", "route_id": "Red", "arr_dt": "1457446121", "direction": "0", "travel_time_sec": "635", "benchmark_travel_time_sec": "660"}, {"dep_dt": "1457445645", "route_id": "Red", "arr_dt": "1457446330", "direction": "0", "travel_time_sec": "685", "benchmark_travel_time_sec": "660"}, {"dep_dt": "1457445900", "route_id": "Red", "arr_dt": "1457446548", "direction": "0", "travel_time_sec": "648", "benchmark_travel_time_sec": "660"}, {"dep_dt": "1457446095", "route_id": "Red", "arr_dt": "1457446742", "direction": "0", "travel_time_sec": "647", "benchmark_travel_time_sec": "660"}, {"dep_dt": "1457446285", "route_id": "Red", "arr_dt": "1457446939", "direction": "0", "travel_time_sec": "654", "benchmark_travel_time_sec": "660"}, {"dep_dt": "1457446456", "route_id": "Red", "arr_dt": "1457447102", "direction": "0", "travel_time_sec": "646", "benchmark_travel_time_sec": "660"}, {"dep_dt": "1457447007", "route_id": "Red", "arr_dt": "1457447575", "direction": "0", "travel_time_sec": "568", "benchmark_travel_time_sec": "615"}, {"dep_dt": "1457447260", "route_id": "Red", "arr_dt": "1457447852", "direction": "0", "travel_time_sec": "592", "benchmark_travel_time_sec": "615"}, {"dep_dt": "1457447445", "route_id": "Red", "arr_dt": "1457448098", "direction": "0", "travel_time_sec": "653", "benchmark_travel_time_sec": "615"}, {"dep_dt": "1457447640", "route_id": "Red", "arr_dt": "1457448283", "direction": "0", "travel_time_sec": "643", "benchmark_travel_time_sec": "615"}, {"dep_dt": "1457447842", "route_id": "Red", "arr_dt": "1457448457", "direction": "0", "travel_time_sec": "615", "benchmark_travel_time_sec": "615"}, {"dep_dt": "1457448457", "route_id": "Red", "arr_dt": "1457449036", "direction": "0", "travel_time_sec": "579", "benchmark_travel_time_sec": "615"}, {"dep_dt": "1457448692", "route_id": "Red", "arr_dt": "1457449322", "direction": "0", "travel_time_sec": "630", "benchmark_travel_time_sec": "600"}, {"dep_dt": "1457449107", "route_id": "Red", "arr_dt": "1457449746", "direction": "0", "travel_time_sec": "639", "benchmark_travel_time_sec": "600"}, {"dep_dt": "1457449248", "route_id": "Red", "arr_dt": "1457449946", "direction": "0", "travel_time_sec": "698", "benchmark_travel_time_sec": "600"}, {"dep_dt": "1457449407", "route_id": "Red", "arr_dt": "1457450110", "direction": "0", "travel_time_sec": "703", "benchmark_travel_time_sec": "600"}, {"dep_dt": "1457449667", "route_id": "Red", "arr_dt": "1457450315", "direction": "0", "travel_time_sec": "648", "benchmark_travel_time_sec": "600"}, {"dep_dt": "1457449967", "route_id": "Red", "arr_dt": "1457450617", "direction": "0", "travel_time_sec": "650", "benchmark_travel_time_sec": "600"}, {"dep_dt": "1457450176", "route_id": "Red", "arr_dt": "1457450837", "direction": "0", "travel_time_sec": "661", "benchmark_travel_time_sec": "600"}, {"dep_dt": "1457450377", "route_id": "Red", "arr_dt": "1457451064", "direction": "0", "travel_time_sec": "687", "benchmark_travel_time_sec": "600"}, {"dep_dt": "1457450606", "route_id": "Red", "arr_dt": "1457451245", "direction": "0", "travel_time_sec": "639", "benchmark_travel_time_sec": "600"}, {"dep_dt": "1457451142", "route_id": "Red", "arr_dt": "1457451693", "direction": "0", "travel_time_sec": "551", "benchmark_travel_time_sec": "600"}, {"dep_dt": "1457451355", "route_id": "Red", "arr_dt": "1457451916", "direction": "0", "travel_time_sec": "561", "benchmark_travel_time_sec": "600"}, {"dep_dt": "1457451765", "route_id": "Red", "arr_dt": "1457452394", "direction": "0", "travel_time_sec": "629", "benchmark_travel_time_sec": "600"}, {"dep_dt": "1457452279", "route_id": "Red", "arr_dt": "1457452862", "direction": "0", "travel_time_sec": "583", "benchmark_travel_time_sec": "600"}, {"dep_dt": "1457452647", "route_id": "Red", "arr_dt": "1457453252", "direction": "0", "travel_time_sec": "605", "benchmark_travel_time_sec": "600"}, {"dep_dt": "1457452867", "route_id": "Red", "arr_dt": "1457453446", "direction": "0", "travel_time_sec": "579", "benchmark_travel_time_sec": "600"}, {"dep_dt": "1457453111", "route_id": "Red", "arr_dt": "1457453657", "direction": "0", "travel_time_sec": "546", "benchmark_travel_time_sec": "600"}, {"dep_dt": "1457453479", "route_id": "Red", "arr_dt": "1457454102", "direction": "0", "travel_time_sec": "623", "benchmark_travel_time_sec": "600"}, {"dep_dt": "1457453958", "route_id": "Red", "arr_dt": "1457454559", "direction": "0", "travel_time_sec": "601", "benchmark_travel_time_sec": "600"}, {"dep_dt": "1457454415", "route_id": "Red", "arr_dt": "1457455015", "direction": "0", "travel_time_sec": "600", "benchmark_travel_time_sec": "600"}, {"dep_dt": "1457454787", "route_id": "Red", "arr_dt": "1457455356", "direction": "0", "travel_time_sec": "569", "benchmark_travel_time_sec": "600"}, {"dep_dt": "1457455197", "route_id": "Red", "arr_dt": "1457455768", "direction": "0", "travel_time_sec": "571", "benchmark_travel_time_sec": "600"}, {"dep_dt": "1457455405", "route_id": "Red", "arr_dt": "1457456001", "direction": "0", "travel_time_sec": "596", "benchmark_travel_time_sec": "600"}, {"dep_dt": "1457455942", "route_id": "Red", "arr_dt": "1457456533", "direction": "0", "travel_time_sec": "591", "benchmark_travel_time_sec": "600"}, {"dep_dt": "1457456567", "route_id": "Red", "arr_dt": "1457457202", "direction": "0", "travel_time_sec": "635", "benchmark_travel_time_sec": "600"}, {"dep_dt": "1457456717", "route_id": "Red", "arr_dt": "1457457385", "direction": "0", "travel_time_sec": "668", "benchmark_travel_time_sec": "600"}, {"dep_dt": "1457457184", "route_id": "Red", "arr_dt": "1457457750", "direction": "0", "travel_time_sec": "566", "benchmark_travel_time_sec": "600"}, {"dep_dt": "1457457874", "route_id": "Red", "arr_dt": "1457458467", "direction": "0", "travel_time_sec": "593", "benchmark_travel_time_sec": "600"}, {"dep_dt": "1457458058", "route_id": "Red", "arr_dt": "1457458714", "direction": "0", "travel_time_sec": "656", "benchmark_travel_time_sec": "600"}, {"dep_dt": "1457458864", "route_id": "Red", "arr_dt": "1457459443", "direction": "0", "travel_time_sec": "579", "benchmark_travel_time_sec": "600"}, {"dep_dt": "1457458999", "route_id": "Red", "arr_dt": "1457459613", "direction": "0", "travel_time_sec": "614", "benchmark_travel_time_sec": "600"}, {"dep_dt": "1457459378", "route_id": "Red", "arr_dt": "1457459963", "direction": "0", "travel_time_sec": "585", "benchmark_travel_time_sec": "600"}, {"dep_dt": "1457459703", "route_id": "Red", "arr_dt": "1457460269", "direction": "0", "travel_time_sec": "566", "benchmark_travel_time_sec": "600"}, {"dep_dt": "1457460196", "route_id": "Red", "arr_dt": "1457460751", "direction": "0", "travel_time_sec": "555", "benchmark_travel_time_sec": "600"}, {"dep_dt": "1457460691", "route_id": "Red", "arr_dt": "1457461279", "direction": "0", "travel_time_sec": "588", "benchmark_travel_time_sec": "600"}, {"dep_dt": "1457461268", "route_id": "Red", "arr_dt": "1457461856", "direction": "0", "travel_time_sec": "588", "benchmark_travel_time_sec": "600"}, {"dep_dt": "1457461476", "route_id": "Red", "arr_dt": "1457462097", "direction": "0", "travel_time_sec": "621", "benchmark_travel_time_sec": "600"}, {"dep_dt": "1457461733", "route_id": "Red", "arr_dt": "1457462323", "direction": "0", "travel_time_sec": "590", "benchmark_travel_time_sec": "600"}, {"dep_dt": "1457462287", "route_id": "Red", "arr_dt": "1457462929", "direction": "0", "travel_time_sec": "642", "benchmark_travel_time_sec": "600"}, {"dep_dt": "1457462608", "route_id": "Red", "arr_dt": "1457463165", "direction": "0", "travel_time_sec": "557", "benchmark_travel_time_sec": "600"}, {"dep_dt": "1457462972", "route_id": "Red", "arr_dt": "1457463553", "direction": "0", "travel_time_sec": "581", "benchmark_travel_time_sec": "600"}, {"dep_dt": "1457463695", "route_id": "Red", "arr_dt": "1457464262", "direction": "0", "travel_time_sec": "567", "benchmark_travel_time_sec": "600"}, {"dep_dt": "1457464186", "route_id": "Red", "arr_dt": "1457464782", "direction": "0", "travel_time_sec": "596", "benchmark_travel_time_sec": "600"}, {"dep_dt": "1457464642", "route_id": "Red", "arr_dt": "1457465249", "direction": "0", "travel_time_sec": "607", "benchmark_travel_time_sec": "600"}, {"dep_dt": "1457465295", "route_id": "Red", "arr_dt": "1457465938", "direction": "0", "travel_time_sec": "643", "benchmark_travel_time_sec": "600"}, {"dep_dt": "1457465486", "route_id": "Red", "arr_dt": "1457466135", "direction": "0", "travel_time_sec": "649", "benchmark_travel_time_sec": "600"}, {"dep_dt": "1457465862", "route_id": "Red", "arr_dt": "1457466430", "direction": "0", "travel_time_sec": "568", "benchmark_travel_time_sec": "600"}, {"dep_dt": "1457466305", "route_id": "Red", "arr_dt": "1457466890", "direction": "0", "travel_time_sec": "585", "benchmark_travel_time_sec": "600"}, {"dep_dt": "1457467087", "route_id": "Red", "arr_dt": "1457467673", "direction": "0", "travel_time_sec": "586", "benchmark_travel_time_sec": "600"}, {"dep_dt": "1457467612", "route_id": "Red", "arr_dt": "1457468216", "direction": "0", "travel_time_sec": "604", "benchmark_travel_time_sec": "600"}, {"dep_dt": "1457468215", "route_id": "Red", "arr_dt": "1457468817", "direction": "0", "travel_time_sec": "602", "benchmark_travel_time_sec": "600"}, {"dep_dt": "1457468601", "route_id": "Red", "arr_dt": "1457469287", "direction": "0", "travel_time_sec": "686", "benchmark_travel_time_sec": "600"}, {"dep_dt": "1457468915", "route_id": "Red", "arr_dt": "1457469562", "direction": "0", "travel_time_sec": "647", "benchmark_travel_time_sec": "600"}, {"dep_dt": "1457469076", "route_id": "Red", "arr_dt": "1457469826", "direction": "0", "travel_time_sec": "750", "benchmark_travel_time_sec": "600"}, {"dep_dt": "1457469374", "route_id": "Red", "arr_dt": "1457470009", "direction": "0", "travel_time_sec": "635", "benchmark_travel_time_sec": "600"}, {"dep_dt": "1457469944", "route_id": "Red", "arr_dt": "1457470544", "direction": "0", "travel_time_sec": "600", "benchmark_travel_time_sec": "600"}, {"dep_dt": "1457470177", "route_id": "Red", "arr_dt": "1457470772", "direction": "0", "travel_time_sec": "595", "benchmark_travel_time_sec": "600"}, {"dep_dt": "1457470727", "route_id": "Red", "arr_dt": "1457471375", "direction": "0", "travel_time_sec": "648", "benchmark_travel_time_sec": "700"}, {"dep_dt": "1457470931", "route_id": "Red", "arr_dt": "1457471597", "direction": "0", "travel_time_sec": "666", "benchmark_travel_time_sec": "700"}, {"dep_dt": "1457471326", "route_id": "Red", "arr_dt": "1457471929", "direction": "0", "travel_time_sec": "603", "benchmark_travel_time_sec": "700"}, {"dep_dt": "1457471504", "route_id": "Red", "arr_dt": "1457472138", "direction": "0", "travel_time_sec": "634", "benchmark_travel_time_sec": "700"}, {"dep_dt": "1457472005", "route_id": "Red", "arr_dt": "1457472632", "direction": "0", "travel_time_sec": "627", "benchmark_travel_time_sec": "720"}, {"dep_dt": "1457472146", "route_id": "Red", "arr_dt": "1457472848", "direction": "0", "travel_time_sec": "702", "benchmark_travel_time_sec": "720"}, {"dep_dt": "1457472483", "route_id": "Red", "arr_dt": "1457473121", "direction": "0", "travel_time_sec": "638", "benchmark_travel_time_sec": "720"}, {"dep_dt": "1457472645", "route_id": "Red", "arr_dt": "1457473334", "direction": "0", "travel_time_sec": "689", "benchmark_travel_time_sec": "720"}, {"dep_dt": "1457472856", "route_id": "Red", "arr_dt": "1457473533", "direction": "0", "travel_time_sec": "677", "benchmark_travel_time_sec": "720"}, {"dep_dt": "1457473062", "route_id": "Red", "arr_dt": "1457473736", "direction": "0", "travel_time_sec": "674", "benchmark_travel_time_sec": "720"}, {"dep_dt": "1457473426", "route_id": "Red", "arr_dt": "1457474002", "direction": "0", "travel_time_sec": "576", "benchmark_travel_time_sec": "720"}, {"dep_dt": "1457473570", "route_id": "Red", "arr_dt": "1457474190", "direction": "0", "travel_time_sec": "620", "benchmark_travel_time_sec": "720"}, {"dep_dt": "1457473875", "route_id": "Red", "arr_dt": "1457474478", "direction": "0", "travel_time_sec": "603", "benchmark_travel_time_sec": "720"}, {"dep_dt": "1457474162", "route_id": "Red", "arr_dt": "1457474815", "direction": "0", "travel_time_sec": "653", "benchmark_travel_time_sec": "720"}, {"dep_dt": "1457474432", "route_id": "Red", "arr_dt": "1457475077", "direction": "0", "travel_time_sec": "645", "benchmark_travel_time_sec": "720"}, {"dep_dt": "1457474822", "route_id": "Red", "arr_dt": "1457475560", "direction": "0", "travel_time_sec": "738", "benchmark_travel_time_sec": "720"}, {"dep_dt": "1457475068", "route_id": "Red", "arr_dt": "1457475827", "direction": "0", "travel_time_sec": "759", "benchmark_travel_time_sec": "720"}, {"dep_dt": "1457475473", "route_id": "Red", "arr_dt": "1457476158", "direction": "0", "travel_time_sec": "685", "benchmark_travel_time_sec": "720"}, {"dep_dt": "1457475663", "route_id": "Red", "arr_dt": "1457476379", "direction": "0", "travel_time_sec": "716", "benchmark_travel_time_sec": "720"}, {"dep_dt": "1457475946", "route_id": "Red", "arr_dt": "1457476650", "direction": "0", "travel_time_sec": "704", "benchmark_travel_time_sec": "720"}, {"dep_dt": "1457476181", "route_id": "Red", "arr_dt": "1457476930", "direction": "0", "travel_time_sec": "749", "benchmark_travel_time_sec": "720"}, {"dep_dt": "1457476364", "route_id": "Red", "arr_dt": "1457477132", "direction": "0", "travel_time_sec": "768", "benchmark_travel_time_sec": "720"}, {"dep_dt": "1457476524", "route_id": "Red", "arr_dt": "1457477355", "direction": "0", "travel_time_sec": "831", "benchmark_travel_time_sec": "720"}, {"dep_dt": "1457476823", "route_id": "Red", "arr_dt": "1457477543", "direction": "0", "travel_time_sec": "720", "benchmark_travel_time_sec": "720"}, {"dep_dt": "1457476978", "route_id": "Red", "arr_dt": "1457477735", "direction": "0", "travel_time_sec": "757", "benchmark_travel_time_sec": "720"}, {"dep_dt": "1457477278", "route_id": "Red", "arr_dt": "1457477939", "direction": "0", "travel_time_sec": "661", "benchmark_travel_time_sec": "720"}, {"dep_dt": "1457477443", "route_id": "Red", "arr_dt": "1457478148", "direction": "0", "travel_time_sec": "705", "benchmark_travel_time_sec": "668"}, {"dep_dt": "1457477842", "route_id": "Red", "arr_dt": "1457478486", "direction": "0", "travel_time_sec": "644", "benchmark_travel_time_sec": "668"}, {"dep_dt": "1457477996", "route_id": "Red", "arr_dt": "1457478753", "direction": "0", "travel_time_sec": "757", "benchmark_travel_time_sec": "668"}, {"dep_dt": "1457478345", "route_id": "Red", "arr_dt": "1457478977", "direction": "0", "travel_time_sec": "632", "benchmark_travel_time_sec": "668"}, {"dep_dt": "1457478543", "route_id": "Red", "arr_dt": "1457479229", "direction": "0", "travel_time_sec": "686", "benchmark_travel_time_sec": "668"}, {"dep_dt": "1457478764", "route_id": "Red", "arr_dt": "1457479448", "direction": "0", "travel_time_sec": "684", "benchmark_travel_time_sec": "668"}, {"dep_dt": "1457479171", "route_id": "Red", "arr_dt": "1457479968", "direction": "0", "travel_time_sec": "797", "benchmark_travel_time_sec": "660"}, {"dep_dt": "1457479331", "route_id": "Red", "arr_dt": "1457480175", "direction": "0", "travel_time_sec": "844", "threshold_flag_1": "threshold_id_04", "benchmark_travel_time_sec": "660"}, {"dep_dt": "1457479577", "route_id": "Red", "arr_dt": "1457480347", "direction": "0", "travel_time_sec": "770", "benchmark_travel_time_sec": "660"}, {"dep_dt": "1457479898", "route_id": "Red", "arr_dt": "1457480533", "direction": "0", "travel_time_sec": "635", "benchmark_travel_time_sec": "660"}, {"dep_dt": "1457480301", "route_id": "Red", "arr_dt": "1457480887", "direction": "0", "travel_time_sec": "586", "benchmark_travel_time_sec": "660"}, {"dep_dt": "1457480501", "route_id": "Red", "arr_dt": "1457481110", "direction": "0", "travel_time_sec": "609", "benchmark_travel_time_sec": "660"}, {"dep_dt": "1457480708", "route_id": "Red", "arr_dt": "1457481306", "direction": "0", "travel_time_sec": "598", "benchmark_travel_time_sec": "660"}, {"dep_dt": "1457480955", "route_id": "Red", "arr_dt": "1457481528", "direction": "0", "travel_time_sec": "573", "benchmark_travel_time_sec": "660"}, {"dep_dt": "1457481508", "route_id": "Red", "arr_dt": "1457482156", "direction": "0", "travel_time_sec": "648", "benchmark_travel_time_sec": "660"}, {"dep_dt": "1457481791", "route_id": "Red", "arr_dt": "1457482407", "direction": "0", "travel_time_sec": "616", "benchmark_travel_time_sec": "660"}, {"dep_dt": "1457481978", "route_id": "Red", "arr_dt": "1457482592", "direction": "0", "travel_time_sec": "614", "benchmark_travel_time_sec": "660"}, {"dep_dt": "1457482327", "route_id": "Red", "arr_dt": "1457482936", "direction": "0", "travel_time_sec": "609", "benchmark_travel_time_sec": "660"}, {"dep_dt": "1457482458", "route_id": "Red", "arr_dt": "1457483125", "direction": "0", "travel_time_sec": "667", "benchmark_travel_time_sec": "660"}, {"dep_dt": "1457482725", "route_id": "Red", "arr_dt": "1457483320", "direction": "0", "travel_time_sec": "595", "benchmark_travel_time_sec": "660"}, {"dep_dt": "1457482877", "route_id": "Red", "arr_dt": "1457483509", "direction": "0", "travel_time_sec": "632", "benchmark_travel_time_sec": "660"}, {"dep_dt": "1457483189", "route_id": "Red", "arr_dt": "1457483755", "direction": "0", "travel_time_sec": "566", "benchmark_travel_time_sec": "660"}, {"dep_dt": "1457483593", "route_id": "Red", "arr_dt": "1457484166", "direction": "0", "travel_time_sec": "573", "benchmark_travel_time_sec": "660"}, {"dep_dt": "1457483854", "route_id": "Red", "arr_dt": "1457484413", "direction": "0", "travel_time_sec": "559", "benchmark_travel_time_sec": "660"}, {"dep_dt": "1457484228", "route_id": "Red", "arr_dt": "1457484800", "direction": "0", "travel_time_sec": "572", "benchmark_travel_time_sec": "660"}, {"dep_dt": "1457484405", "route_id": "Red", "arr_dt": "1457484990", "direction": "0", "travel_time_sec": "585", "benchmark_travel_time_sec": "660"}, {"dep_dt": "1457484836", "route_id": "Red", "arr_dt": "1457485388", "direction": "0", "travel_time_sec": "552", "benchmark_travel_time_sec": "550"}, {"dep_dt": "1457484981", "route_id": "Red", "arr_dt": "1457485577", "direction": "0", "travel_time_sec": "596", "benchmark_travel_time_sec": "550"}, {"dep_dt": "1457485304", "route_id": "Red", "arr_dt": "1457485839", "direction": "0", "travel_time_sec": "535", "benchmark_travel_time_sec": "550"}, {"dep_dt": "1457485466", "route_id": "Red", "arr_dt": "1457486024", "direction": "0", "travel_time_sec": "558", "benchmark_travel_time_sec": "550"}, {"dep_dt": "1457485813", "route_id": "Red", "arr_dt": "1457486336", "direction": "0", "travel_time_sec": "523", "benchmark_travel_time_sec": "550"}, {"dep_dt": "1457486228", "route_id": "Red", "arr_dt": "1457486769", "direction": "0", "travel_time_sec": "541", "benchmark_travel_time_sec": "550"}, {"dep_dt": "1457486594", "route_id": "Red", "arr_dt": "1457487158", "direction": "0", "travel_time_sec": "564", "benchmark_travel_time_sec": "540"}, {"dep_dt": "1457487077", "route_id": "Red", "arr_dt": "1457487658", "direction": "0", "travel_time_sec": "581", "benchmark_travel_time_sec": "540"}, {"dep_dt": "1457487345", "route_id": "Red", "arr_dt": "1457487894", "direction": "0", "travel_time_sec": "549", "benchmark_travel_time_sec": "540"}, {"dep_dt": "1457487588", "route_id": "Red", "arr_dt": "1457488132", "direction": "0", "travel_time_sec": "544", "benchmark_travel_time_sec": "540"}, {"dep_dt": "1457488046", "route_id": "Red", "arr_dt": "1457488638", "direction": "0", "travel_time_sec": "592", "benchmark_travel_time_sec": "540"}, {"dep_dt": "1457488274", "route_id": "Red", "arr_dt": "1457488849", "direction": "0", "travel_time_sec": "575", "benchmark_travel_time_sec": "540"}, {"dep_dt": "1457489009", "route_id": "Red", "arr_dt": "1457489599", "direction": "0", "travel_time_sec": "590", "benchmark_travel_time_sec": "540"}, {"dep_dt": "1457489395", "route_id": "Red", "arr_dt": "1457489933", "direction": "0", "travel_time_sec": "538", "benchmark_travel_time_sec": "540"}, {"dep_dt": "1457489717", "route_id": "Red", "arr_dt": "1457490256", "direction": "0", "travel_time_sec": "539", "benchmark_travel_time_sec": "540"}, {"dep_dt": "1457489877", "route_id": "Red", "arr_dt": "1457490462", "direction": "0", "travel_time_sec": "585", "benchmark_travel_time_sec": "540"}, {"dep_dt": "1457490486", "route_id": "Red", "arr_dt": "1457491042", "direction": "0", "travel_time_sec": "556", "benchmark_travel_time_sec": "540"}, {"dep_dt": "1457490748", "route_id": "Red", "arr_dt": "1457491275", "direction": "0", "travel_time_sec": "527", "benchmark_travel_time_sec": "540"}, {"dep_dt": "1457490889", "route_id": "Red", "arr_dt": "1457491442", "direction": "0", "travel_time_sec": "553", "benchmark_travel_time_sec": "540"}, {"dep_dt": "1457491266", "route_id": "Red", "arr_dt": "1457491819", "direction": "0", "travel_time_sec": "553", "benchmark_travel_time_sec": "540"}, {"dep_dt": "1457491528", "route_id": "Red", "arr_dt": "1457492053", "direction": "0", "travel_time_sec": "525", "benchmark_travel_time_sec": "540"}, {"dep_dt": "1457491978", "route_id": "Red", "arr_dt": "1457492574", "direction": "0", "travel_time_sec": "596", "benchmark_travel_time_sec": "540"}, {"dep_dt": "1457492236", "route_id": "Red", "arr_dt": "1457492758", "direction": "0", "travel_time_sec": "522", "benchmark_travel_time_sec": "540"}, {"dep_dt": "1457492698", "route_id": "Red", "arr_dt": "1457493252", "direction": "0", "travel_time_sec": "554", "benchmark_travel_time_sec": "540"}, {"dep_dt": "1457493932", "route_id": "Red", "arr_dt": "1457494493", "direction": "0", "travel_time_sec": "561", "benchmark_travel_time_sec": "540"}, {"dep_dt": "1457495083", "route_id": "Red", "arr_dt": "1457495326", "direction": "0", "travel_time_sec": "243", "benchmark_travel_time_sec": "540"}, {"dep_dt": "1457495169", "route_id": "Red", "arr_dt": "1457495730", "direction": "0", "travel_time_sec": "561", "benchmark_travel_time_sec": "540"}, {"dep_dt": "1457495571", "route_id": "Red", "arr_dt": "1457496150", "direction": "0", "travel_time_sec": "579", "benchmark_travel_time_sec": "540"}, {"dep_dt": "1457496023", "route_id": "Red", "arr_dt": "1457496573", "direction": "0", "travel_time_sec": "550", "benchmark_travel_time_sec": "540"}, {"dep_dt": "1457496299", "route_id": "Red", "arr_dt": "1457497063", "direction": "0", "travel_time_sec": "764", "threshold_flag_1": "threshold_id_04", "benchmark_travel_time_sec": "540"}, {"dep_dt": "1457496995", "route_id": "Red", "arr_dt": "1457497563", "direction": "0", "travel_time_sec": "568", "benchmark_travel_time_sec": "540"}, {"dep_dt": "1457497257", "route_id": "Red", "arr_dt": "1457497779", "direction": "0", "travel_time_sec": "522", "benchmark_travel_time_sec": "540"}, {"dep_dt": "1457497419", "route_id": "Red", "arr_dt": "1457497947", "direction": "0", "travel_time_sec": "528", "benchmark_travel_time_sec": "540"}, {"dep_dt": "1457497747", "route_id": "Red", "arr_dt": "1457498284", "direction": "0", "travel_time_sec": "537", "benchmark_travel_time_sec": "540"}, {"dep_dt": "1457498027", "route_id": "Red", "arr_dt": "1457498557", "direction": "0", "travel_time_sec": "530", "benchmark_travel_time_sec": "540"}, {"dep_dt": "1457498442", "route_id": "Red", "arr_dt": "1457499020", "direction": "0", "travel_time_sec": "578", "benchmark_travel_time_sec": "540"}, {"dep_dt": "1457498591", "route_id": "Red", "arr_dt": "1457499185", "direction": "0", "travel_time_sec": "594", "benchmark_travel_time_sec": "540"}, {"dep_dt": "1457498979", "route_id": "Red", "arr_dt": "1457499483", "direction": "0", "travel_time_sec": "504", "benchmark_travel_time_sec": "540"}]}