{"travel_times": [{"dep_dt": "1458877858", "route_id": "Red", "arr_dt": "1458878403", "direction": "0", "travel_time_sec": "545", "benchmark_travel_time_sec": "540"}, {"dep_dt": "1458878200", "route_id": "Red", "arr_dt": "1458878730", "direction": "0", "travel_time_sec": "530", "benchmark_travel_time_sec": "540"}, {"dep_dt": "1458878423", "route_id": "Red", "arr_dt": "1458878955", "direction": "0", "travel_time_sec": "532", "benchmark_travel_time_sec": "540"}, {"dep_dt": "1458878860", "route_id": "Red", "arr_dt": "1458879407", "direction": "0", "travel_time_sec": "547", "benchmark_travel_time_sec": "540"}, {"dep_dt": "1458879338", "route_id": "Red", "arr_dt": "1458879897", "direction": "0", "travel_time_sec": "559", "benchmark_travel_time_sec": "540"}, {"dep_dt": "1458879700", "route_id": "Red", "arr_dt": "1458880261", "direction": "0", "travel_time_sec": "561", "benchmark_travel_time_sec": "540"}, {"dep_dt": "1458880148", "route_id": "Red", "arr_dt": "1458880678", "direction": "0", "travel_time_sec": "530", "benchmark_travel_time_sec": "540"}, {"dep_dt": "1458880964", "route_id": "Red", "arr_dt": "1458881763", "direction": "0", "travel_time_sec": "799", "threshold_flag_1": "threshold_id_04", "benchmark_travel_time_sec": "540"}, {"dep_dt": "1458897904", "route_id": "Red", "arr_dt": "1458898419", "direction": "0", "travel_time_sec": "515", "benchmark_travel_time_sec": "540"}, {"dep_dt": "1458898388", "route_id": "Red", "arr_dt": "1458898937", "direction": "0", "travel_time_sec": "549", "benchmark_travel_time_sec": "540"}, {"dep_dt": "1458898786", "route_id": "Red", "arr_dt": "1458899418", "direction": "0", "travel_time_sec": "632", "benchmark_travel_time_sec": "540"}, {"dep_dt": "1458899279", "route_id": "Red", "arr_dt": "1458899839", "direction": "0", "travel_time_sec": "560", "benchmark_travel_time_sec": "540"}, {"dep_dt": "1458899797", "route_id": "Red", "arr_dt": "1458900368", "direction": "0", "travel_time_sec": "571", "benchmark_travel_time_sec": "540"}, {"dep_dt": "1458900240", "route_id": "Red", "arr_dt": "1458900816", "direction": "0", "travel_time_sec": "576", "benchmark_travel_time_sec": "540"}, {"dep_dt": "1458900598", "route_id": "Red", "arr_dt": "1458901140", "direction": "0", "travel_time_sec": "542", "benchmark_travel_time_sec": "540"}, {"dep_dt": "1458900952", "route_id": "Red", "arr_dt": "1458901510", "direction": "0", "travel_time_sec": "558", "benchmark_travel_time_sec": "540"}, {"dep_dt": "1458901452", "route_id": "Red", "arr_dt": "1458902038", "direction": "0", "travel_time_sec": "586", "benchmark_travel_time_sec": "540"}, {"dep_dt": "1458901944", "route_id": "Red", "arr_dt": "1458902506", "direction": "0", "travel_time_sec": "562", "benchmark_travel_time_sec": "540"}, {"dep_dt": "1458902278", "route_id": "Red", "arr_dt": "1458902833", "direction": "0", "travel_time_sec": "555", "benchmark_travel_time_sec": "540"}, {"dep_dt": "1458902621", "route_id": "Red", "arr_dt": "1458903213", "direction": "0", "travel_time_sec": "592", "benchmark_travel_time_sec": "540"}, {"dep_dt": "1458902882", "route_id": "Red", "arr_dt": "1458903447", "direction": "0", "travel_time_sec": "565", "benchmark_travel_time_sec": "540"}, {"dep_dt": "1458903160", "route_id": "Red", "arr_dt": "1458903714", "direction": "0", "travel_time_sec": "554", "benchmark_travel_time_sec": "651"}, {"dep_dt": "1458904194", "route_id": "Red", "arr_dt": "1458904795", "direction": "0", "travel_time_sec": "601", "benchmark_travel_time_sec": "651"}, {"dep_dt": "1458904347", "route_id": "Red", "arr_dt": "1458904997", "direction": "0", "travel_time_sec": "650", "benchmark_travel_time_sec": "651"}, {"dep_dt": "1458904508", "route_id": "Red", "arr_dt": "1458905179", "direction": "0", "travel_time_sec": "671", "benchmark_travel_time_sec": "651"}, {"dep_dt": "1458904678", "route_id": "Red", "arr_dt": "1458905354", "direction": "0", "travel_time_sec": "676", "benchmark_travel_time_sec": "651"}, {"dep_dt": "1458904855", "route_id": "Red", "arr_dt": "1458905539", "direction": "0", "travel_time_sec": "684", "benchmark_travel_time_sec": "660"}, {"dep_dt": "1458905095", "route_id": "Red", "arr_dt": "1458905710", "direction": "0", "travel_time_sec": "615", "benchmark_travel_time_sec": "660"}, {"dep_dt": "1458905264", "route_id": "Red", "arr_dt": "1458905897", "direction": "0", "travel_time_sec": "633", "benchmark_travel_time_sec": "660"}, {"dep_dt": "1458905483", "route_id": "Red", "arr_dt": "1458906083", "direction": "0", "travel_time_sec": "600", "benchmark_travel_time_sec": "660"}, {"dep_dt": "1458905646", "route_id": "Red", "arr_dt": "1458906276", "direction": "0", "travel_time_sec": "630", "benchmark_travel_time_sec": "660"}, {"dep_dt": "1458905888", "route_id": "Red", "arr_dt": "1458906462", "direction": "0", "travel_time_sec": "574", "benchmark_travel_time_sec": "660"}, {"dep_dt": "1458906027", "route_id": "Red", "arr_dt": "1458906642", "direction": "0", "travel_time_sec": "615", "benchmark_travel_time_sec": "660"}, {"dep_dt": "1458906303", "route_id": "Red", "arr_dt": "1458906894", "direction": "0", "travel_time_sec": "591", "benchmark_travel_time_sec": "660"}, {"dep_dt": "1458906446", "route_id": "Red", "arr_dt": "1458907108", "direction": "0", "travel_time_sec": "662", "benchmark_travel_time_sec": "660"}, {"dep_dt": "1458906662", "route_id": "Red", "arr_dt": "1458907278", "direction": "0", "travel_time_sec": "616", "benchmark_travel_time_sec": "660"}, {"dep_dt": "1458906857", "route_id": "Red", "arr_dt": "1458907444", "direction": "0", "travel_time_sec": "587", "benchmark_travel_time_sec": "660"}, {"dep_dt": "1458907167", "route_id": "Red", "arr_dt": "1458907809", "direction": "0", "travel_time_sec": "642", "benchmark_travel_time_sec": "660"}, {"dep_dt": "1458907317", "route_id": "Red", "arr_dt": "1458908025", "direction": "0", "travel_time_sec": "708", "benchmark_travel_time_sec": "660"}, {"dep_dt": "1458907623", "route_id": "Red", "arr_dt": "1458908261", "direction": "0", "travel_time_sec": "638", "benchmark_travel_time_sec": "660"}, {"dep_dt": "1458907808", "route_id": "Red", "arr_dt": "1458908471", "direction": "0", "travel_time_sec": "663", "benchmark_travel_time_sec": "660"}, {"dep_dt": "1458908016", "route_id": "Red", "arr_dt": "1458908661", "direction": "0", "travel_time_sec": "645", "benchmark_travel_time_sec": "660"}, {"dep_dt": "1458908159", "route_id": "Red", "arr_dt": "1458908903", "direction": "0", "travel_time_sec": "744", "benchmark_travel_time_sec": "660"}, {"dep_dt": "1458908637", "route_id": "Red", "arr_dt": "1458909308", "direction": "0", "travel_time_sec": "671", "benchmark_travel_time_sec": "660"}, {"dep_dt": "1458908808", "route_id": "Red", "arr_dt": "1458909537", "direction": "0", "travel_time_sec": "729", "benchmark_travel_time_sec": "660"}, {"dep_dt": "1458909206", "route_id": "Red", "arr_dt": "1458909842", "direction": "0", "travel_time_sec": "636", "benchmark_travel_time_sec": "660"}, {"dep_dt": "1458909367", "route_id": "Red", "arr_dt": "1458910067", "direction": "0", "travel_time_sec": "700", "benchmark_travel_time_sec": "660"}, {"dep_dt": "1458909608", "route_id": "Red", "arr_dt": "1458910266", "direction": "0", "travel_time_sec": "658", "benchmark_travel_time_sec": "660"}, {"dep_dt": "1458909757", "route_id": "Red", "arr_dt": "1458910472", "direction": "0", "travel_time_sec": "715", "benchmark_travel_time_sec": "660"}, {"dep_dt": "1458910042", "route_id": "Red", "arr_dt": "1458910788", "direction": "0", "travel_time_sec": "746", "benchmark_travel_time_sec": "660"}, {"dep_dt": "1458910577", "route_id": "Red", "arr_dt": "1458911283", "direction": "0", "travel_time_sec": "706", "benchmark_travel_time_sec": "660"}, {"dep_dt": "1458910767", "route_id": "Red", "arr_dt": "1458911510", "direction": "0", "travel_time_sec": "743", "benchmark_travel_time_sec": "660"}, {"dep_dt": "1458910920", "route_id": "Red", "arr_dt": "1458911740", "direction": "0", "travel_time_sec": "820", "benchmark_travel_time_sec": "660"}, {"dep_dt": "1458911324", "route_id": "Red", "arr_dt": "1458912143", "direction": "0", "travel_time_sec": "819", "benchmark_travel_time_sec": "660"}, {"dep_dt": "1458911648", "route_id": "Red", "arr_dt": "1458912335", "direction": "0", "travel_time_sec": "687", "benchmark_travel_time_sec": "660"}, {"dep_dt": "1458911798", "route_id": "Red", "arr_dt": "1458912523", "direction": "0", "travel_time_sec": "725", "benchmark_travel_time_sec": "660"}, {"dep_dt": "1458912108", "route_id": "Red", "arr_dt": "1458912706", "direction": "0", "travel_time_sec": "598", "benchmark_travel_time_sec": "615"}, {"dep_dt": "1458912549", "route_id": "Red", "arr_dt": "1458913168", "direction": "0", "travel_time_sec": "619", "benchmark_travel_time_sec": "615"}, {"dep_dt": "1458912729", "route_id": "Red", "arr_dt": "1458913362", "direction": "0", "travel_time_sec": "633", "benchmark_travel_time_sec": "615"}, {"dep_dt": "1458912889", "route_id": "Red", "arr_dt": "1458913580", "direction": "0", "travel_time_sec": "691", "benchmark_travel_time_sec": "615"}, {"dep_dt": "1458913065", "route_id": "Red", "arr_dt": "1458913761", "direction": "0", "travel_time_sec": "696", "benchmark_travel_time_sec": "615"}, {"dep_dt": "1458913350", "route_id": "Red", "arr_dt": "1458913967", "direction": "0", "travel_time_sec": "617", "benchmark_travel_time_sec": "615"}, {"dep_dt": "1458913527", "route_id": "Red", "arr_dt": "1458914147", "direction": "0", "travel_time_sec": "620", "benchmark_travel_time_sec": "615"}, {"dep_dt": "1458913850", "route_id": "Red", "arr_dt": "1458914454", "direction": "0", "travel_time_sec": "604", "benchmark_travel_time_sec": "600"}, {"dep_dt": "1458914012", "route_id": "Red", "arr_dt": "1458914670", "direction": "0", "travel_time_sec": "658", "benchmark_travel_time_sec": "600"}, {"dep_dt": "1458914398", "route_id": "Red", "arr_dt": "1458914910", "direction": "0", "travel_time_sec": "512", "benchmark_travel_time_sec": "600"}, {"dep_dt": "1458914477", "route_id": "Red", "arr_dt": "1458915112", "direction": "0", "travel_time_sec": "635", "benchmark_travel_time_sec": "600"}, {"dep_dt": "1458914768", "route_id": "Red", "arr_dt": "1458915385", "direction": "0", "travel_time_sec": "617", "benchmark_travel_time_sec": "600"}, {"dep_dt": "1458914916", "route_id": "Red", "arr_dt": "1458915598", "direction": "0", "travel_time_sec": "682", "benchmark_travel_time_sec": "600"}, {"dep_dt": "1458915197", "route_id": "Red", "arr_dt": "1458915795", "direction": "0", "travel_time_sec": "598", "benchmark_travel_time_sec": "600"}, {"dep_dt": "1458915364", "route_id": "Red", "arr_dt": "1458916028", "direction": "0", "travel_time_sec": "664", "benchmark_travel_time_sec": "600"}, {"dep_dt": "1458915608", "route_id": "Red", "arr_dt": "1458916202", "direction": "0", "travel_time_sec": "594", "benchmark_travel_time_sec": "600"}, {"dep_dt": "1458915899", "route_id": "Red", "arr_dt": "1458916460", "direction": "0", "travel_time_sec": "561", "benchmark_travel_time_sec": "600"}, {"dep_dt": "1458916558", "route_id": "Red", "arr_dt": "1458917187", "direction": "0", "travel_time_sec": "629", "benchmark_travel_time_sec": "600"}, {"dep_dt": "1458916955", "route_id": "Red", "arr_dt": "1458917491", "direction": "0", "travel_time_sec": "536", "benchmark_travel_time_sec": "600"}, {"dep_dt": "1458917115", "route_id": "Red", "arr_dt": "1458917696", "direction": "0", "travel_time_sec": "581", "benchmark_travel_time_sec": "600"}, {"dep_dt": "1458917418", "route_id": "Red", "arr_dt": "1458918075", "direction": "0", "travel_time_sec": "657", "benchmark_travel_time_sec": "600"}, {"dep_dt": "1458917563", "route_id": "Red", "arr_dt": "1458918274", "direction": "0", "travel_time_sec": "711", "benchmark_travel_time_sec": "600"}, {"dep_dt": "1458917786", "route_id": "Red", "arr_dt": "1458918464", "direction": "0", "travel_time_sec": "678", "benchmark_travel_time_sec": "600"}, {"dep_dt": "1458918317", "route_id": "Red", "arr_dt": "1458918980", "direction": "0", "travel_time_sec": "663", "benchmark_travel_time_sec": "600"}, {"dep_dt": "1458918968", "route_id": "Red", "arr_dt": "1458919537", "direction": "0", "travel_time_sec": "569", "benchmark_travel_time_sec": "600"}, {"dep_dt": "1458919259", "route_id": "Red", "arr_dt": "1458919883", "direction": "0", "travel_time_sec": "624", "benchmark_travel_time_sec": "600"}, {"dep_dt": "1458919426", "route_id": "Red", "arr_dt": "1458920105", "direction": "0", "travel_time_sec": "679", "benchmark_travel_time_sec": "600"}, {"dep_dt": "1458919907", "route_id": "Red", "arr_dt": "1458920500", "direction": "0", "travel_time_sec": "593", "benchmark_travel_time_sec": "600"}, {"dep_dt": "1458920256", "route_id": "Red", "arr_dt": "1458921182", "direction": "0", "travel_time_sec": "926", "threshold_flag_1": "threshold_id_04", "benchmark_travel_time_sec": "600"}, {"dep_dt": "1458921138", "route_id": "Red", "arr_dt": "1458921750", "direction": "0", "travel_time_sec": "612", "benchmark_travel_time_sec": "600"}, {"dep_dt": "1458921536", "route_id": "Red", "arr_dt": "1458922104", "direction": "0", "travel_time_sec": "568", "benchmark_travel_time_sec": "600"}, {"dep_dt": "1458921771", "route_id": "Red", "arr_dt": "1458922359", "direction": "0", "travel_time_sec": "588", "benchmark_travel_time_sec": "600"}, {"dep_dt": "1458922096", "route_id": "Red", "arr_dt": "1458922733", "direction": "0", "travel_time_sec": "637", "benchmark_travel_time_sec": "600"}, {"dep_dt": "1458922330", "route_id": "Red", "arr_dt": "1458922931", "direction": "0", "travel_time_sec": "601", "benchmark_travel_time_sec": "600"}, {"dep_dt": "1458922601", "route_id": "Red", "arr_dt": "1458923155", "direction": "0", "travel_time_sec": "554", "benchmark_travel_time_sec": "600"}, {"dep_dt": "1458923185", "route_id": "Red", "arr_dt": "1458923750", "direction": "0", "travel_time_sec": "565", "benchmark_travel_time_sec": "600"}, {"dep_dt": "1458923656", "route_id": "Red", "arr_dt": "1458924224", "direction": "0", "travel_time_sec": "568", "benchmark_travel_time_sec": "600"}, {"dep_dt": "1458924110", "route_id": "Red", "arr_dt": "1458925034", "direction": "0", "travel_time_sec": "924", "threshold_flag_1": "threshold_id_04", "benchmark_travel_time_sec": "600"}, {"dep_dt": "1458924899", "route_id": "Red", "arr_dt": "1458925521", "direction": "0", "travel_time_sec": "622", "benchmark_travel_time_sec": "600"}, {"dep_dt": "1458925157", "route_id": "Red", "arr_dt": "1458925743", "direction": "0", "travel_time_sec": "586", "benchmark_travel_time_sec": "600"}, {"dep_dt": "1458925453", "route_id": "Red", "arr_dt": "1458926026", "direction": "0", "travel_time_sec": "573", "benchmark_travel_time_sec": "600"}, {"dep_dt": "1458925821", "route_id": "Red", "arr_dt": "1458926434", "direction": "0", "travel_time_sec": "613", "benchmark_travel_time_sec": "600"}, {"dep_dt": "1458926291", "route_id": "Red", "arr_dt": "1458926923", "direction": "0", "travel_time_sec": "632", "benchmark_travel_time_sec": "600"}, {"dep_dt": "1458926666", "route_id": "Red", "arr_dt": "1458927234", "direction": "0", "travel_time_sec": "568", "benchmark_travel_time_sec": "600"}, {"dep_dt": "1458927107", "route_id": "Red", "arr_dt": "1458927655", "direction": "0", "travel_time_sec": "548", "benchmark_travel_time_sec": "600"}, {"dep_dt": "1458927436", "route_id": "Red", "arr_dt": "1458927995", "direction": "0", "travel_time_sec": "559", "benchmark_travel_time_sec": "600"}, {"dep_dt": "1458927777", "route_id": "Red", "arr_dt": "1458928383", "direction": "0", "travel_time_sec": "606", "benchmark_travel_time_sec": "600"}, {"dep_dt": "1458928209", "route_id": "Red", "arr_dt": "1458928809", "direction": "0", "travel_time_sec": "600", "benchmark_travel_time_sec": "600"}, {"dep_dt": "1458928584", "route_id": "Red", "arr_dt": "1458929132", "direction": "0", "travel_time_sec": "548", "benchmark_travel_time_sec": "600"}, {"dep_dt": "1458928982", "route_id": "Red", "arr_dt": "1458929554", "direction": "0", "travel_time_sec": "572", "benchmark_travel_time_sec": "600"}, {"dep_dt": "1458929402", "route_id": "Red", "arr_dt": "1458930029", "direction": "0", "travel_time_sec": "627", "benchmark_travel_time_sec": "600"}, {"dep_dt": "1458929907", "route_id": "Red", "arr_dt": "1458930480", "direction": "0", "travel_time_sec": "573", "benchmark_travel_time_sec": "600"}, {"dep_dt": "1458930216", "route_id": "Red", "arr_dt": "1458930793", "direction": "0", "travel_time_sec": "577", "benchmark_travel_time_sec": "600"}, {"dep_dt": "1458930814", "route_id": "Red", "arr_dt": "1458931467", "direction": "0", "travel_time_sec": "653", "benchmark_travel_time_sec": "600"}, {"dep_dt": "1458931638", "route_id": "Red", "arr_dt": "1458932289", "direction": "0", "travel_time_sec": "651", "benchmark_travel_time_sec": "600"}, {"dep_dt": "1458932036", "route_id": "Red", "arr_dt": "1458932653", "direction": "0", "travel_time_sec": "617", "benchmark_travel_time_sec": "600"}, {"dep_dt": "1458932443", "route_id": "Red", "arr_dt": "1458933005", "direction": "0", "travel_time_sec": "562", "benchmark_travel_time_sec": "600"}, {"dep_dt": "1458932727", "route_id": "Red", "arr_dt": "1458933342", "direction": "0", "travel_time_sec": "615", "benchmark_travel_time_sec": "600"}, {"dep_dt": "1458933095", "route_id": "Red", "arr_dt": "1458933653", "direction": "0", "travel_time_sec": "558", "benchmark_travel_time_sec": "600"}, {"dep_dt": "1458933661", "route_id": "Red", "arr_dt": "1458934323", "direction": "0", "travel_time_sec": "662", "benchmark_travel_time_sec": "600"}, {"dep_dt": "1458933815", "route_id": "Red", "arr_dt": "1458934558", "direction": "0", "travel_time_sec": "743", "benchmark_travel_time_sec": "600"}, {"dep_dt": "1458934618", "route_id": "Red", "arr_dt": "1458935240", "direction": "0", "travel_time_sec": "622", "benchmark_travel_time_sec": "600"}, {"dep_dt": "1458934947", "route_id": "Red", "arr_dt": "1458935461", "direction": "0", "travel_time_sec": "514", "benchmark_travel_time_sec": "600"}, {"dep_dt": "1458935186", "route_id": "Red", "arr_dt": "1458935881", "direction": "0", "travel_time_sec": "695", "benchmark_travel_time_sec": "600"}, {"dep_dt": "1458935524", "route_id": "Red", "arr_dt": "1458936118", "direction": "0", "travel_time_sec": "594", "benchmark_travel_time_sec": "700"}, {"dep_dt": "1458935950", "route_id": "Red", "arr_dt": "1458936543", "direction": "0", "travel_time_sec": "593", "benchmark_travel_time_sec": "700"}, {"dep_dt": "1458936348", "route_id": "Red", "arr_dt": "1458936938", "direction": "0", "travel_time_sec": "590", "benchmark_travel_time_sec": "700"}, {"dep_dt": "1458936781", "route_id": "Red", "arr_dt": "1458937421", "direction": "0", "travel_time_sec": "640", "benchmark_travel_time_sec": "700"}, {"dep_dt": "1458937096", "route_id": "Red", "arr_dt": "1458937739", "direction": "0", "travel_time_sec": "643", "benchmark_travel_time_sec": "700"}, {"dep_dt": "1458937278", "route_id": "Red", "arr_dt": "1458937989", "direction": "0", "travel_time_sec": "711", "benchmark_travel_time_sec": "720"}, {"dep_dt": "1458937639", "route_id": "Red", "arr_dt": "1458938262", "direction": "0", "travel_time_sec": "623", "benchmark_travel_time_sec": "720"}, {"dep_dt": "1458937832", "route_id": "Red", "arr_dt": "1458938521", "direction": "0", "travel_time_sec": "689", "benchmark_travel_time_sec": "720"}, {"dep_dt": "1458938317", "route_id": "Red", "arr_dt": "1458938935", "direction": "0", "travel_time_sec": "618", "benchmark_travel_time_sec": "720"}, {"dep_dt": "1458938506", "route_id": "Red", "arr_dt": "1458939158", "direction": "0", "travel_time_sec": "652", "benchmark_travel_time_sec": "720"}, {"dep_dt": "1458938687", "route_id": "Red", "arr_dt": "1458939373", "direction": "0", "travel_time_sec": "686", "benchmark_travel_time_sec": "720"}, {"dep_dt": "1458938845", "route_id": "Red", "arr_dt": "1458939609", "direction": "0", "travel_time_sec": "764", "benchmark_travel_time_sec": "720"}, {"dep_dt": "1458938998", "route_id": "Red", "arr_dt": "1458939828", "direction": "0", "travel_time_sec": "830", "benchmark_travel_time_sec": "720"}, {"dep_dt": "1458939159", "route_id": "Red", "arr_dt": "1458940057", "direction": "0", "travel_time_sec": "898", "benchmark_travel_time_sec": "720"}, {"dep_dt": "1458939345", "route_id": "Red", "arr_dt": "1458940270", "direction": "0", "travel_time_sec": "925", "threshold_flag_1": "threshold_id_04", "benchmark_travel_time_sec": "720"}, {"dep_dt": "1458939595", "route_id": "Red", "arr_dt": "1458940490", "direction": "0", "travel_time_sec": "895", "benchmark_travel_time_sec": "720"}, {"dep_dt": "1458939751", "route_id": "Red", "arr_dt": "1458940716", "direction": "0", "travel_time_sec": "965", "threshold_flag_1": "threshold_id_04", "benchmark_travel_time_sec": "720"}, {"dep_dt": "1458940076", "route_id": "Red", "arr_dt": "1458940914", "direction": "0", "travel_time_sec": "838", "benchmark_travel_time_sec": "720"}, {"dep_dt": "1458940335", "route_id": "Red", "arr_dt": "1458941125", "direction": "0", "travel_time_sec": "790", "benchmark_travel_time_sec": "720"}, {"dep_dt": "1458940501", "route_id": "Red", "arr_dt": "1458941356", "direction": "0", "travel_time_sec": "855", "benchmark_travel_time_sec": "720"}, {"dep_dt": "1458940833", "route_id": "Red", "arr_dt": "1458941540", "direction": "0", "travel_time_sec": "707", "benchmark_travel_time_sec": "720"}, {"dep_dt": "1458940988", "route_id": "Red", "arr_dt": "1458941789", "direction": "0", "travel_time_sec": "801", "benchmark_travel_time_sec": "720"}, {"dep_dt": "1458941454", "route_id": "Red", "arr_dt": "1458942215", "direction": "0", "travel_time_sec": "761", "benchmark_travel_time_sec": "720"}, {"dep_dt": "1458941806", "route_id": "Red", "arr_dt": "1458942435", "direction": "0", "travel_time_sec": "629", "benchmark_travel_time_sec": "720"}, {"dep_dt": "1458942084", "route_id": "Red", "arr_dt": "1458942697", "direction": "0", "travel_time_sec": "613", "benchmark_travel_time_sec": "720"}, {"dep_dt": "1458942306", "route_id": "Red", "arr_dt": "1458942902", "direction": "0", "travel_time_sec": "596", "benchmark_travel_time_sec": "720"}, {"dep_dt": "1458942916", "route_id": "Red", "arr_dt": "1458943565", "direction": "0", "travel_time_sec": "649", "benchmark_travel_time_sec": "668"}, {"dep_dt": "1458943082", "route_id": "Red", "arr_dt": "1458943782", "direction": "0", "travel_time_sec": "700", "benchmark_travel_time_sec": "668"}, {"dep_dt": "1458943415", "route_id": "Red", "arr_dt": "1458944041", "direction": "0", "travel_time_sec": "626", "benchmark_travel_time_sec": "668"}, {"dep_dt": "1458943607", "route_id": "Red", "arr_dt": "1458944249", "direction": "0", "travel_time_sec": "642", "benchmark_travel_time_sec": "668"}, {"dep_dt": "1458943776", "route_id": "Red", "arr_dt": "1458944464", "direction": "0", "travel_time_sec": "688", "benchmark_travel_time_sec": "668"}, {"dep_dt": "1458943988", "route_id": "Red", "arr_dt": "1458944676", "direction": "0", "travel_time_sec": "688", "benchmark_travel_time_sec": "668"}, {"dep_dt": "1458944332", "route_id": "Red", "arr_dt": "1458944953", "direction": "0", "travel_time_sec": "621", "benchmark_travel_time_sec": "668"}, {"dep_dt": "1458944507", "route_id": "Red", "arr_dt": "1458945165", "direction": "0", "travel_time_sec": "658", "benchmark_travel_time_sec": "660"}, {"dep_dt": "1458944855", "route_id": "Red", "arr_dt": "1458945453", "direction": "0", "travel_time_sec": "598", "benchmark_travel_time_sec": "660"}, {"dep_dt": "1458945007", "route_id": "Red", "arr_dt": "1458945657", "direction": "0", "travel_time_sec": "650", "benchmark_travel_time_sec": "660"}, {"dep_dt": "1458945355", "route_id": "Red", "arr_dt": "1458945829", "direction": "0", "travel_time_sec": "474", "benchmark_travel_time_sec": "660"}, {"dep_dt": "1458945894", "route_id": "Red", "arr_dt": "1458946492", "direction": "0", "travel_time_sec": "598", "benchmark_travel_time_sec": "660"}, {"dep_dt": "1458946054", "route_id": "Red", "arr_dt": "1458946703", "direction": "0", "travel_time_sec": "649", "benchmark_travel_time_sec": "660"}, {"dep_dt": "1458946234", "route_id": "Red", "arr_dt": "1458946892", "direction": "0", "travel_time_sec": "658", "benchmark_travel_time_sec": "660"}, {"dep_dt": "1458946424", "route_id": "Red", "arr_dt": "1458947057", "direction": "0", "travel_time_sec": "633", "benchmark_travel_time_sec": "660"}, {"dep_dt": "1458946823", "route_id": "Red", "arr_dt": "1458947396", "direction": "0", "travel_time_sec": "573", "benchmark_travel_time_sec": "660"}, {"dep_dt": "1458947003", "route_id": "Red", "arr_dt": "1458947637", "direction": "0", "travel_time_sec": "634", "benchmark_travel_time_sec": "660"}, {"dep_dt": "1458947224", "route_id": "Red", "arr_dt": "1458947832", "direction": "0", "travel_time_sec": "608", "benchmark_travel_time_sec": "660"}, {"dep_dt": "1458947426", "route_id": "Red", "arr_dt": "1458948084", "direction": "0", "travel_time_sec": "658", "benchmark_travel_time_sec": "660"}, {"dep_dt": "1458947679", "route_id": "Red", "arr_dt": "1458948271", "direction": "0", "travel_time_sec": "592", "benchmark_travel_time_sec": "660"}, {"dep_dt": "1458947888", "route_id": "Red", "arr_dt": "1458948477", "direction": "0", "travel_time_sec": "589", "benchmark_travel_time_sec": "660"}, {"dep_dt": "1458948204", "route_id": "Red", "arr_dt": "1458948835", "direction": "0", "travel_time_sec": "631", "benchmark_travel_time_sec": "660"}, {"dep_dt": "1458948376", "route_id": "Red", "arr_dt": "1458949033", "direction": "0", "travel_time_sec": "657", "benchmark_travel_time_sec": "660"}, {"dep_dt": "1458948562", "route_id": "Red", "arr_dt": "1458949222", "direction": "0", "travel_time_sec": "660", "benchmark_travel_time_sec": "660"}, {"dep_dt": "1458948791", "route_id": "Red", "arr_dt": "1458949412", "direction": "0", "travel_time_sec": "621", "benchmark_travel_time_sec": "660"}, {"dep_dt": "1458949057", "route_id": "Red", "arr_dt": "1458949652", "direction": "0", "travel_time_sec": "595", "benchmark_travel_time_sec": "660"}, {"dep_dt": "1458949458", "route_id": "Red", "arr_dt": "1458950080", "direction": "0", "travel_time_sec": "622", "benchmark_travel_time_sec": "660"}, {"dep_dt": "1458949664", "route_id": "Red", "arr_dt": "1458950367", "direction": "0", "travel_time_sec": "703", "benchmark_travel_time_sec": "660"}, {"dep_dt": "1458949926", "route_id": "Red", "arr_dt": "1458950572", "direction": "0", "travel_time_sec": "646", "benchmark_travel_time_sec": "550"}, {"dep_dt": "1458950247", "route_id": "Red", "arr_dt": "1458950877", "direction": "0", "travel_time_sec": "630", "benchmark_travel_time_sec": "550"}, {"dep_dt": "1458950476", "route_id": "Red", "arr_dt": "1458951386", "direction": "0", "travel_time_sec": "910", "threshold_flag_1": "threshold_id_04", "benchmark_travel_time_sec": "550"}, {"dep_dt": "1458951021", "route_id": "Red", "arr_dt": "1458951613", "direction": "0", "travel_time_sec": "592", "benchmark_travel_time_sec": "550"}, {"dep_dt": "1458951498", "route_id": "Red", "arr_dt": "1458952123", "direction": "0", "travel_time_sec": "625", "benchmark_travel_time_sec": "550"}, {"dep_dt": "1458951858", "route_id": "Red", "arr_dt": "1458952401", "direction": "0", "travel_time_sec": "543", "benchmark_travel_time_sec": "540"}, {"dep_dt": "1458952127", "route_id": "Red", "arr_dt": "1458952671", "direction": "0", "travel_time_sec": "544", "benchmark_travel_time_sec": "540"}, {"dep_dt": "1458952617", "route_id": "Red", "arr_dt": "1458953195", "direction": "0", "travel_time_sec": "578", "benchmark_travel_time_sec": "540"}, {"dep_dt": "1458953180", "route_id": "Red", "arr_dt": "1458953776", "direction": "0", "travel_time_sec": "596", "benchmark_travel_time_sec": "540"}, {"dep_dt": "1458953485", "route_id": "Red", "arr_dt": "1458954018", "direction": "0", "travel_time_sec": "533", "benchmark_travel_time_sec": "540"}, {"dep_dt": "1458953907", "route_id": "Red", "arr_dt": "1458954454", "direction": "0", "travel_time_sec": "547", "benchmark_travel_time_sec": "540"}, {"dep_dt": "1458954077", "route_id": "Red", "arr_dt": "1458954639", "direction": "0", "travel_time_sec": "562", "benchmark_travel_time_sec": "540"}, {"dep_dt": "1458954527", "route_id": "Red", "arr_dt": "1458955089", "direction": "0", "travel_time_sec": "562", "benchmark_travel_time_sec": "540"}, {"dep_dt": "1458954687", "route_id": "Red", "arr_dt": "1458955282", "direction": "0", "travel_time_sec": "595", "benchmark_travel_time_sec": "540"}, {"dep_dt": "1458954938", "route_id": "Red", "arr_dt": "1458955494", "direction": "0", "travel_time_sec": "556", "benchmark_travel_time_sec": "540"}, {"dep_dt": "1458955133", "route_id": "Red", "arr_dt": "1458955703", "direction": "0", "travel_time_sec": "570", "benchmark_travel_time_sec": "540"}, {"dep_dt": "1458955515", "route_id": "Red", "arr_dt": "1458956063", "direction": "0", "travel_time_sec": "548", "benchmark_travel_time_sec": "540"}, {"dep_dt": "1458956118", "route_id": "Red", "arr_dt": "1458956702", "direction": "0", "travel_time_sec": "584", "benchmark_travel_time_sec": "540"}, {"dep_dt": "1458956687", "route_id": "Red", "arr_dt": "1458957273", "direction": "0", "travel_time_sec": "586", "benchmark_travel_time_sec": "540"}, {"dep_dt": "1458956968", "route_id": "Red", "arr_dt": "1458957542", "direction": "0", "travel_time_sec": "574", "benchmark_travel_time_sec": "540"}, {"dep_dt": "1458957230", "route_id": "Red", "arr_dt": "1458957810", "direction": "0", "travel_time_sec": "580", "benchmark_travel_time_sec": "540"}, {"dep_dt": "1458957674", "route_id": "Red", "arr_dt": "1458958201", "direction": "0", "travel_time_sec": "527", "benchmark_travel_time_sec": "540"}, {"dep_dt": "1458957817", "route_id": "Red", "arr_dt": "1458958382", "direction": "0", "travel_time_sec": "565", "benchmark_travel_time_sec": "540"}, {"dep_dt": "1458958029", "route_id": "Red", "arr_dt": "1458958596", "direction": "0", "travel_time_sec": "567", "benchmark_travel_time_sec": "540"}, {"dep_dt": "1458958354", "route_id": "Red", "arr_dt": "1458958917", "direction": "0", "travel_time_sec": "563", "benchmark_travel_time_sec": "540"}, {"dep_dt": "1458958567", "route_id": "Red", "arr_dt": "1458959132", "direction": "0", "travel_time_sec": "565", "benchmark_travel_time_sec": "540"}, {"dep_dt": "1458958905", "route_id": "Red", "arr_dt": "1458959434", "direction": "0", "travel_time_sec": "529", "benchmark_travel_time_sec": "540"}, {"dep_dt": "1458959273", "route_id": "Red", "arr_dt": "1458959833", "direction": "0", "travel_time_sec": "560", "benchmark_travel_time_sec": "540"}, {"dep_dt": "1458959656", "route_id": "Red", "arr_dt": "1458960195", "direction": "0", "travel_time_sec": "539", "benchmark_travel_time_sec": "540"}, {"dep_dt": "1458960017", "route_id": "Red", "arr_dt": "1458960551", "direction": "0", "travel_time_sec": "534", "benchmark_travel_time_sec": "540"}, {"dep_dt": "1458960336", "route_id": "Red", "arr_dt": "1458960873", "direction": "0", "travel_time_sec": "537", "benchmark_travel_time_sec": "540"}, {"dep_dt": "1458960736", "route_id": "Red", "arr_dt": "1458961314", "direction": "0", "travel_time_sec": "578", "benchmark_travel_time_sec": "540"}, {"dep_dt": "1458961240", "route_id": "Red", "arr_dt": "1458961888", "direction": "0", "travel_time_sec": "648", "benchmark_travel_time_sec": "540"}, {"dep_dt": "1458961965", "route_id": "Red", "arr_dt": "1458962577", "direction": "0", "travel_time_sec": "612", "benchmark_travel_time_sec": "540"}, {"dep_dt": "1458962195", "route_id": "Red", "arr_dt": "1458962775", "direction": "0", "travel_time_sec": "580", "benchmark_travel_time_sec": "540"}, {"dep_dt": "1458962365", "route_id": "Red", "arr_dt": "1458962958", "direction": "0", "travel_time_sec": "593", "benchmark_travel_time_sec": "540"}, {"dep_dt": "1458962837", "route_id": "Red", "arr_dt": "1458963414", "direction": "0", "travel_time_sec": "577", "benchmark_travel_time_sec": "540"}, {"dep_dt": "1458964047", "route_id": "Red", "arr_dt": "1458964637", "direction": "0", "travel_time_sec": "590", "benchmark_travel_time_sec": "540"}]}