{"travel_times": [{"dep_dt": "1461211166", "route_id": "Red", "arr_dt": "1461211722", "direction": "0", "travel_time_sec": "556", "benchmark_travel_time_sec": "540"}, {"dep_dt": "1461211328", "route_id": "Red", "arr_dt": "1461211890", "direction": "0", "travel_time_sec": "562", "benchmark_travel_time_sec": "540"}, {"dep_dt": "1461211803", "route_id": "Red", "arr_dt": "1461212391", "direction": "0", "travel_time_sec": "588", "benchmark_travel_time_sec": "540"}, {"dep_dt": "1461212058", "route_id": "Red", "arr_dt": "1461212627", "direction": "0", "travel_time_sec": "569", "benchmark_travel_time_sec": "540"}, {"dep_dt": "1461212539", "route_id": "Red", "arr_dt": "1461213106", "direction": "0", "travel_time_sec": "567", "benchmark_travel_time_sec": "540"}, {"dep_dt": "1461212775", "route_id": "Red", "arr_dt": "1461213301", "direction": "0", "travel_time_sec": "526", "benchmark_travel_time_sec": "540"}, {"dep_dt": "1461213483", "route_id": "Red", "arr_dt": "1461214157", "direction": "0", "travel_time_sec": "674", "benchmark_travel_time_sec": "540"}, {"dep_dt": "1461230655", "route_id": "Red", "arr_dt": "1461231191", "direction": "0", "travel_time_sec": "536", "benchmark_travel_time_sec": "540"}, {"dep_dt": "1461231224", "route_id": "Red", "arr_dt": "1461231788", "direction": "0", "travel_time_sec": "564", "benchmark_travel_time_sec": "540"}, {"dep_dt": "1461231467", "route_id": "Red", "arr_dt": "1461232057", "direction": "0", "travel_time_sec": "590", "benchmark_travel_time_sec": "540"}, {"dep_dt": "1461231893", "route_id": "Red", "arr_dt": "1461232443", "direction": "0", "travel_time_sec": "550", "benchmark_travel_time_sec": "540"}, {"dep_dt": "1461232284", "route_id": "Red", "arr_dt": "1461232837", "direction": "0", "travel_time_sec": "553", "benchmark_travel_time_sec": "540"}, {"dep_dt": "1461232877", "route_id": "Red", "arr_dt": "1461233424", "direction": "0", "travel_time_sec": "547", "benchmark_travel_time_sec": "540"}, {"dep_dt": "1461233388", "route_id": "Red", "arr_dt": "1461233945", "direction": "0", "travel_time_sec": "557", "benchmark_travel_time_sec": "540"}, {"dep_dt": "1461233906", "threshold_flag_3": "threshold_id_06", "route_id": "Red", "arr_dt": "1461235120", "direction": "0", "threshold_flag_2": "threshold_id_05", "travel_time_sec": "1214", "threshold_flag_1": "threshold_id_04", "benchmark_travel_time_sec": "540"}, {"dep_dt": "1461234181", "threshold_flag_3": "threshold_id_06", "route_id": "Red", "arr_dt": "1461235340", "direction": "0", "threshold_flag_2": "threshold_id_05", "travel_time_sec": "1159", "threshold_flag_1": "threshold_id_04", "benchmark_travel_time_sec": "540"}, {"dep_dt": "1461234586", "route_id": "Red", "arr_dt": "1461235518", "direction": "0", "threshold_flag_2": "threshold_id_05", "travel_time_sec": "932", "threshold_flag_1": "threshold_id_04", "benchmark_travel_time_sec": "540"}, {"dep_dt": "1461234784", "route_id": "Red", "arr_dt": "1461235695", "direction": "0", "threshold_flag_2": "threshold_id_05", "travel_time_sec": "911", "threshold_flag_1": "threshold_id_04", "benchmark_travel_time_sec": "540"}, {"dep_dt": "1461234978", "route_id": "Red", "arr_dt": "1461235868", "direction": "0", "travel_time_sec": "890", "threshold_flag_1": "threshold_id_04", "benchmark_travel_time_sec": "540"}, {"dep_dt": "1461235447", "route_id": "Red", "arr_dt": "1461236046", "direction": "0", "travel_time_sec": "599", "benchmark_travel_time_sec": "540"}, {"dep_dt": "1461235823", "route_id": "Red", "arr_dt": "1461236413", "direction": "0", "travel_time_sec": "590", "benchmark_travel_time_sec": "651"}, {"dep_dt": "1461236063", "route_id": "Red", "arr_dt": "1461236627", "direction": "0", "travel_time_sec": "564", "benchmark_travel_time_sec": "651"}, {"dep_dt": "1461236456", "route_id": "Red", "arr_dt": "1461237040", "direction": "0", "travel_time_sec": "584", "benchmark_travel_time_sec": "651"}, {"dep_dt": "1461236605", "route_id": "Red", "arr_dt": "1461237229", "direction": "0", "travel_time_sec": "624", "benchmark_travel_time_sec": "651"}, {"dep_dt": "1461236938", "route_id": "Red", "arr_dt": "1461237526", "direction": "0", "travel_time_sec": "588", "benchmark_travel_time_sec": "651"}, {"dep_dt": "1461237107", "route_id": "Red", "arr_dt": "1461237745", "direction": "0", "travel_time_sec": "638", "benchmark_travel_time_sec": "651"}, {"dep_dt": "1461237342", "route_id": "Red", "arr_dt": "1461237929", "direction": "0", "travel_time_sec": "587", "benchmark_travel_time_sec": "651"}, {"dep_dt": "1461237489", "route_id": "Red", "arr_dt": "1461238087", "direction": "0", "travel_time_sec": "598", "benchmark_travel_time_sec": "651"}, {"dep_dt": "1461237705", "route_id": "Red", "arr_dt": "1461238284", "direction": "0", "travel_time_sec": "579", "benchmark_travel_time_sec": "660"}, {"dep_dt": "1461237916", "route_id": "Red", "arr_dt": "1461238520", "direction": "0", "travel_time_sec": "604", "benchmark_travel_time_sec": "660"}, {"dep_dt": "1461238154", "route_id": "Red", "arr_dt": "1461238740", "direction": "0", "travel_time_sec": "586", "benchmark_travel_time_sec": "660"}, {"dep_dt": "1461238337", "route_id": "Red", "arr_dt": "1461238920", "direction": "0", "travel_time_sec": "583", "benchmark_travel_time_sec": "660"}, {"dep_dt": "1461238566", "route_id": "Red", "arr_dt": "1461239164", "direction": "0", "travel_time_sec": "598", "benchmark_travel_time_sec": "660"}, {"dep_dt": "1461238745", "route_id": "Red", "arr_dt": "1461239527", "direction": "0", "travel_time_sec": "782", "benchmark_travel_time_sec": "660"}, {"dep_dt": "1461239072", "route_id": "Red", "arr_dt": "1461239712", "direction": "0", "travel_time_sec": "640", "benchmark_travel_time_sec": "660"}, {"dep_dt": "1461239264", "route_id": "Red", "arr_dt": "1461239916", "direction": "0", "travel_time_sec": "652", "benchmark_travel_time_sec": "660"}, {"dep_dt": "1461239566", "route_id": "Red", "arr_dt": "1461240181", "direction": "0", "travel_time_sec": "615", "benchmark_travel_time_sec": "660"}, {"dep_dt": "1461239804", "route_id": "Red", "arr_dt": "1461240434", "direction": "0", "travel_time_sec": "630", "benchmark_travel_time_sec": "660"}, {"dep_dt": "1461240067", "route_id": "Red", "arr_dt": "1461240674", "direction": "0", "travel_time_sec": "607", "benchmark_travel_time_sec": "660"}, {"dep_dt": "1461240500", "route_id": "Red", "arr_dt": "1461241166", "direction": "0", "travel_time_sec": "666", "benchmark_travel_time_sec": "660"}, {"dep_dt": "1461240795", "route_id": "Red", "arr_dt": "1461241441", "direction": "0", "travel_time_sec": "646", "benchmark_travel_time_sec": "660"}, {"dep_dt": "1461240989", "route_id": "Red", "arr_dt": "1461241657", "direction": "0", "travel_time_sec": "668", "benchmark_travel_time_sec": "660"}, {"dep_dt": "1461241162", "route_id": "Red", "arr_dt": "1461241848", "direction": "0", "travel_time_sec": "686", "benchmark_travel_time_sec": "660"}, {"dep_dt": "1461241345", "route_id": "Red", "arr_dt": "1461242031", "direction": "0", "travel_time_sec": "686", "benchmark_travel_time_sec": "660"}, {"dep_dt": "1461241617", "route_id": "Red", "arr_dt": "1461242243", "direction": "0", "travel_time_sec": "626", "benchmark_travel_time_sec": "660"}, {"dep_dt": "1461241828", "route_id": "Red", "arr_dt": "1461242434", "direction": "0", "travel_time_sec": "606", "benchmark_travel_time_sec": "660"}, {"dep_dt": "1461242089", "route_id": "Red", "arr_dt": "1461242743", "direction": "0", "travel_time_sec": "654", "benchmark_travel_time_sec": "660"}, {"dep_dt": "1461242241", "route_id": "Red", "arr_dt": "1461242928", "direction": "0", "travel_time_sec": "687", "benchmark_travel_time_sec": "660"}, {"dep_dt": "1461242706", "route_id": "Red", "arr_dt": "1461243400", "direction": "0", "travel_time_sec": "694", "benchmark_travel_time_sec": "660"}, {"dep_dt": "1461242888", "route_id": "Red", "arr_dt": "1461243692", "direction": "0", "travel_time_sec": "804", "benchmark_travel_time_sec": "660"}, {"dep_dt": "1461243074", "route_id": "Red", "arr_dt": "1461243885", "direction": "0", "travel_time_sec": "811", "benchmark_travel_time_sec": "660"}, {"dep_dt": "1461243265", "route_id": "Red", "arr_dt": "1461244084", "direction": "0", "travel_time_sec": "819", "benchmark_travel_time_sec": "660"}, {"dep_dt": "1461243556", "route_id": "Red", "arr_dt": "1461244262", "direction": "0", "travel_time_sec": "706", "benchmark_travel_time_sec": "660"}, {"dep_dt": "1461243756", "route_id": "Red", "arr_dt": "1461244444", "direction": "0", "travel_time_sec": "688", "benchmark_travel_time_sec": "660"}, {"dep_dt": "1461244002", "route_id": "Red", "arr_dt": "1461244639", "direction": "0", "travel_time_sec": "637", "benchmark_travel_time_sec": "660"}, {"dep_dt": "1461244195", "route_id": "Red", "arr_dt": "1461244819", "direction": "0", "travel_time_sec": "624", "benchmark_travel_time_sec": "660"}, {"dep_dt": "1461244440", "route_id": "Red", "arr_dt": "1461245015", "direction": "0", "travel_time_sec": "575", "benchmark_travel_time_sec": "660"}, {"dep_dt": "1461244600", "route_id": "Red", "arr_dt": "1461245186", "direction": "0", "travel_time_sec": "586", "benchmark_travel_time_sec": "660"}, {"dep_dt": "1461244886", "route_id": "Red", "arr_dt": "1461245511", "direction": "0", "travel_time_sec": "625", "benchmark_travel_time_sec": "615"}, {"dep_dt": "1461245198", "route_id": "Red", "arr_dt": "1461245888", "direction": "0", "travel_time_sec": "690", "benchmark_travel_time_sec": "615"}, {"dep_dt": "1461245421", "route_id": "Red", "arr_dt": "1461246062", "direction": "0", "travel_time_sec": "641", "benchmark_travel_time_sec": "615"}, {"dep_dt": "1461245703", "route_id": "Red", "arr_dt": "1461246292", "direction": "0", "travel_time_sec": "589", "benchmark_travel_time_sec": "615"}, {"dep_dt": "1461245886", "route_id": "Red", "arr_dt": "1461246500", "direction": "0", "travel_time_sec": "614", "benchmark_travel_time_sec": "615"}, {"dep_dt": "1461246128", "route_id": "Red", "arr_dt": "1461246720", "direction": "0", "travel_time_sec": "592", "benchmark_travel_time_sec": "615"}, {"dep_dt": "1461246348", "route_id": "Red", "arr_dt": "1461246943", "direction": "0", "travel_time_sec": "595", "benchmark_travel_time_sec": "615"}, {"dep_dt": "1461246617", "route_id": "Red", "arr_dt": "1461247188", "direction": "0", "travel_time_sec": "571", "benchmark_travel_time_sec": "615"}, {"dep_dt": "1461246886", "route_id": "Red", "arr_dt": "1461247458", "direction": "0", "travel_time_sec": "572", "benchmark_travel_time_sec": "600"}, {"dep_dt": "1461247206", "route_id": "Red", "arr_dt": "1461247857", "direction": "0", "travel_time_sec": "651", "benchmark_travel_time_sec": "600"}, {"dep_dt": "1461247397", "route_id": "Red", "arr_dt": "1461248058", "direction": "0", "travel_time_sec": "661", "benchmark_travel_time_sec": "600"}, {"dep_dt": "1461247605", "route_id": "Red", "arr_dt": "1461248335", "direction": "0", "travel_time_sec": "730", "benchmark_travel_time_sec": "600"}, {"dep_dt": "1461247956", "route_id": "Red", "arr_dt": "1461248547", "direction": "0", "travel_time_sec": "591", "benchmark_travel_time_sec": "600"}, {"dep_dt": "1461248155", "route_id": "Red", "arr_dt": "1461248771", "direction": "0", "travel_time_sec": "616", "benchmark_travel_time_sec": "600"}, {"dep_dt": "1461248362", "route_id": "Red", "arr_dt": "1461248929", "direction": "0", "travel_time_sec": "567", "benchmark_travel_time_sec": "600"}, {"dep_dt": "1461248698", "route_id": "Red", "arr_dt": "1461249243", "direction": "0", "travel_time_sec": "545", "benchmark_travel_time_sec": "600"}, {"dep_dt": "1461248916", "route_id": "Red", "arr_dt": "1461249485", "direction": "0", "travel_time_sec": "569", "benchmark_travel_time_sec": "600"}, {"dep_dt": "1461249183", "route_id": "Red", "arr_dt": "1461249750", "direction": "0", "travel_time_sec": "567", "benchmark_travel_time_sec": "600"}, {"dep_dt": "1461249603", "route_id": "Red", "arr_dt": "1461250173", "direction": "0", "travel_time_sec": "570", "benchmark_travel_time_sec": "600"}, {"dep_dt": "1461249987", "route_id": "Red", "arr_dt": "1461250584", "direction": "0", "travel_time_sec": "597", "benchmark_travel_time_sec": "600"}, {"dep_dt": "1461250137", "route_id": "Red", "arr_dt": "1461250755", "direction": "0", "travel_time_sec": "618", "benchmark_travel_time_sec": "600"}, {"dep_dt": "1461250664", "route_id": "Red", "arr_dt": "1461251237", "direction": "0", "travel_time_sec": "573", "benchmark_travel_time_sec": "600"}, {"dep_dt": "1461251153", "route_id": "Red", "arr_dt": "1461251770", "direction": "0", "travel_time_sec": "617", "benchmark_travel_time_sec": "600"}, {"dep_dt": "1461251311", "route_id": "Red", "arr_dt": "1461251952", "direction": "0", "travel_time_sec": "641", "benchmark_travel_time_sec": "600"}, {"dep_dt": "1461251763", "route_id": "Red", "arr_dt": "1461252387", "direction": "0", "travel_time_sec": "624", "benchmark_travel_time_sec": "600"}, {"dep_dt": "1461252057", "route_id": "Red", "arr_dt": "1461252609", "direction": "0", "travel_time_sec": "552", "benchmark_travel_time_sec": "600"}, {"dep_dt": "1461252565", "route_id": "Red", "arr_dt": "1461253168", "direction": "0", "travel_time_sec": "603", "benchmark_travel_time_sec": "600"}, {"dep_dt": "1461253048", "route_id": "Red", "arr_dt": "1461253616", "direction": "0", "travel_time_sec": "568", "benchmark_travel_time_sec": "600"}, {"dep_dt": "1461253388", "route_id": "Red", "arr_dt": "1461253930", "direction": "0", "travel_time_sec": "542", "benchmark_travel_time_sec": "600"}, {"dep_dt": "1461253762", "route_id": "Red", "arr_dt": "1461254346", "direction": "0", "travel_time_sec": "584", "benchmark_travel_time_sec": "600"}, {"dep_dt": "1461254145", "route_id": "Red", "arr_dt": "1461254728", "direction": "0", "travel_time_sec": "583", "benchmark_travel_time_sec": "600"}, {"dep_dt": "1461254709", "route_id": "Red", "arr_dt": "1461255277", "direction": "0", "travel_time_sec": "568", "benchmark_travel_time_sec": "600"}, {"dep_dt": "1461255148", "route_id": "Red", "arr_dt": "1461255734", "direction": "0", "travel_time_sec": "586", "benchmark_travel_time_sec": "600"}, {"dep_dt": "1461255352", "route_id": "Red", "arr_dt": "1461255924", "direction": "0", "travel_time_sec": "572", "benchmark_travel_time_sec": "600"}, {"dep_dt": "1461255886", "route_id": "Red", "arr_dt": "1461256450", "direction": "0", "travel_time_sec": "564", "benchmark_travel_time_sec": "600"}, {"dep_dt": "1461256468", "route_id": "Red", "arr_dt": "1461257059", "direction": "0", "travel_time_sec": "591", "benchmark_travel_time_sec": "600"}, {"dep_dt": "1461256722", "route_id": "Red", "arr_dt": "1461257359", "direction": "0", "travel_time_sec": "637", "benchmark_travel_time_sec": "600"}, {"dep_dt": "1461257207", "route_id": "Red", "arr_dt": "1461257834", "direction": "0", "travel_time_sec": "627", "benchmark_travel_time_sec": "600"}, {"dep_dt": "1461257647", "route_id": "Red", "arr_dt": "1461258253", "direction": "0", "travel_time_sec": "606", "benchmark_travel_time_sec": "600"}, {"dep_dt": "1461258053", "route_id": "Red", "arr_dt": "1461258670", "direction": "0", "travel_time_sec": "617", "benchmark_travel_time_sec": "600"}, {"dep_dt": "1461258503", "route_id": "Red", "arr_dt": "1461259084", "direction": "0", "travel_time_sec": "581", "benchmark_travel_time_sec": "600"}, {"dep_dt": "1461258786", "route_id": "Red", "arr_dt": "1461259358", "direction": "0", "travel_time_sec": "572", "benchmark_travel_time_sec": "600"}, {"dep_dt": "1461259254", "route_id": "Red", "arr_dt": "1461259803", "direction": "0", "travel_time_sec": "549", "benchmark_travel_time_sec": "600"}, {"dep_dt": "1461259629", "route_id": "Red", "arr_dt": "1461260176", "direction": "0", "travel_time_sec": "547", "benchmark_travel_time_sec": "600"}, {"dep_dt": "1461260004", "route_id": "Red", "arr_dt": "1461260552", "direction": "0", "travel_time_sec": "548", "benchmark_travel_time_sec": "600"}, {"dep_dt": "1461260421", "route_id": "Red", "arr_dt": "1461261004", "direction": "0", "travel_time_sec": "583", "benchmark_travel_time_sec": "600"}, {"dep_dt": "1461260948", "route_id": "Red", "arr_dt": "1461261557", "direction": "0", "travel_time_sec": "609", "benchmark_travel_time_sec": "600"}, {"dep_dt": "1461261276", "route_id": "Red", "arr_dt": "1461261827", "direction": "0", "travel_time_sec": "551", "benchmark_travel_time_sec": "600"}, {"dep_dt": "1461261717", "route_id": "Red", "arr_dt": "1461262277", "direction": "0", "travel_time_sec": "560", "benchmark_travel_time_sec": "600"}, {"dep_dt": "1461262130", "route_id": "Red", "arr_dt": "1461262753", "direction": "0", "travel_time_sec": "623", "benchmark_travel_time_sec": "600"}, {"dep_dt": "1461262586", "route_id": "Red", "arr_dt": "1461263134", "direction": "0", "travel_time_sec": "548", "benchmark_travel_time_sec": "600"}, {"dep_dt": "1461263102", "route_id": "Red", "arr_dt": "1461263689", "direction": "0", "travel_time_sec": "587", "benchmark_travel_time_sec": "600"}, {"dep_dt": "1461263435", "route_id": "Red", "arr_dt": "1461264030", "direction": "0", "travel_time_sec": "595", "benchmark_travel_time_sec": "600"}, {"dep_dt": "1461263929", "route_id": "Red", "arr_dt": "1461264526", "direction": "0", "travel_time_sec": "597", "benchmark_travel_time_sec": "600"}, {"dep_dt": "1461264288", "route_id": "Red", "arr_dt": "1461264869", "direction": "0", "travel_time_sec": "581", "benchmark_travel_time_sec": "600"}, {"dep_dt": "1461264745", "route_id": "Red", "arr_dt": "1461265312", "direction": "0", "travel_time_sec": "567", "benchmark_travel_time_sec": "600"}, {"dep_dt": "1461265107", "route_id": "Red", "arr_dt": "1461265669", "direction": "0", "travel_time_sec": "562", "benchmark_travel_time_sec": "600"}, {"dep_dt": "1461265517", "route_id": "Red", "arr_dt": "1461266110", "direction": "0", "travel_time_sec": "593", "benchmark_travel_time_sec": "600"}, {"dep_dt": "1461265944", "route_id": "Red", "arr_dt": "1461266529", "direction": "0", "travel_time_sec": "585", "benchmark_travel_time_sec": "600"}, {"dep_dt": "1461266186", "route_id": "Red", "arr_dt": "1461266809", "direction": "0", "travel_time_sec": "623", "benchmark_travel_time_sec": "600"}, {"dep_dt": "1461266705", "route_id": "Red", "arr_dt": "1461267298", "direction": "0", "travel_time_sec": "593", "benchmark_travel_time_sec": "600"}, {"dep_dt": "1461267041", "route_id": "Red", "arr_dt": "1461267626", "direction": "0", "travel_time_sec": "585", "benchmark_travel_time_sec": "600"}, {"dep_dt": "1461267203", "route_id": "Red", "arr_dt": "1461267839", "direction": "0", "travel_time_sec": "636", "benchmark_travel_time_sec": "600"}, {"dep_dt": "1461267546", "route_id": "Red", "arr_dt": "1461268105", "direction": "0", "travel_time_sec": "559", "benchmark_travel_time_sec": "600"}, {"dep_dt": "1461268086", "route_id": "Red", "arr_dt": "1461268695", "direction": "0", "travel_time_sec": "609", "benchmark_travel_time_sec": "600"}, {"dep_dt": "1461268243", "route_id": "Red", "arr_dt": "1461268900", "direction": "0", "travel_time_sec": "657", "benchmark_travel_time_sec": "700"}, {"dep_dt": "1461268598", "route_id": "Red", "arr_dt": "1461269181", "direction": "0", "travel_time_sec": "583", "benchmark_travel_time_sec": "700"}, {"dep_dt": "1461268877", "route_id": "Red", "arr_dt": "1461269475", "direction": "0", "travel_time_sec": "598", "benchmark_travel_time_sec": "700"}, {"dep_dt": "1461269345", "route_id": "Red", "arr_dt": "1461269980", "direction": "0", "travel_time_sec": "635", "benchmark_travel_time_sec": "700"}, {"dep_dt": "1461269524", "route_id": "Red", "arr_dt": "1461270188", "direction": "0", "travel_time_sec": "664", "benchmark_travel_time_sec": "700"}, {"dep_dt": "1461269878", "route_id": "Red", "arr_dt": "1461270517", "direction": "0", "travel_time_sec": "639", "benchmark_travel_time_sec": "700"}, {"dep_dt": "1461270089", "route_id": "Red", "arr_dt": "1461270718", "direction": "0", "travel_time_sec": "629", "benchmark_travel_time_sec": "720"}, {"dep_dt": "1461270486", "route_id": "Red", "arr_dt": "1461271053", "direction": "0", "travel_time_sec": "567", "benchmark_travel_time_sec": "720"}, {"dep_dt": "1461270739", "route_id": "Red", "arr_dt": "1461271313", "direction": "0", "travel_time_sec": "574", "benchmark_travel_time_sec": "720"}, {"dep_dt": "1461271027", "route_id": "Red", "arr_dt": "1461271588", "direction": "0", "travel_time_sec": "561", "benchmark_travel_time_sec": "720"}, {"dep_dt": "1461271288", "route_id": "Red", "arr_dt": "1461271935", "direction": "0", "travel_time_sec": "647", "benchmark_travel_time_sec": "720"}, {"dep_dt": "1461271465", "route_id": "Red", "arr_dt": "1461272156", "direction": "0", "travel_time_sec": "691", "benchmark_travel_time_sec": "720"}, {"dep_dt": "1461271686", "route_id": "Red", "arr_dt": "1461272444", "direction": "0", "travel_time_sec": "758", "benchmark_travel_time_sec": "720"}, {"dep_dt": "1461271902", "route_id": "Red", "arr_dt": "1461272664", "direction": "0", "travel_time_sec": "762", "benchmark_travel_time_sec": "720"}, {"dep_dt": "1461272222", "route_id": "Red", "arr_dt": "1461272919", "direction": "0", "travel_time_sec": "697", "benchmark_travel_time_sec": "720"}, {"dep_dt": "1461272473", "route_id": "Red", "arr_dt": "1461273154", "direction": "0", "travel_time_sec": "681", "benchmark_travel_time_sec": "720"}, {"dep_dt": "1461272650", "route_id": "Red", "arr_dt": "1461273356", "direction": "0", "travel_time_sec": "706", "benchmark_travel_time_sec": "720"}, {"dep_dt": "1461272830", "route_id": "Red", "arr_dt": "1461273572", "direction": "0", "travel_time_sec": "742", "benchmark_travel_time_sec": "720"}, {"dep_dt": "1461273068", "route_id": "Red", "arr_dt": "1461273777", "direction": "0", "travel_time_sec": "709", "benchmark_travel_time_sec": "720"}, {"dep_dt": "1461273261", "route_id": "Red", "arr_dt": "1461273993", "direction": "0", "travel_time_sec": "732", "benchmark_travel_time_sec": "720"}, {"dep_dt": "1461273416", "route_id": "Red", "arr_dt": "1461274245", "direction": "0", "travel_time_sec": "829", "benchmark_travel_time_sec": "720"}, {"dep_dt": "1461273716", "route_id": "Red", "arr_dt": "1461274454", "direction": "0", "travel_time_sec": "738", "benchmark_travel_time_sec": "720"}, {"dep_dt": "1461273923", "route_id": "Red", "arr_dt": "1461274671", "direction": "0", "travel_time_sec": "748", "benchmark_travel_time_sec": "720"}, {"dep_dt": "1461274116", "route_id": "Red", "arr_dt": "1461274850", "direction": "0", "travel_time_sec": "734", "benchmark_travel_time_sec": "720"}, {"dep_dt": "1461274321", "route_id": "Red", "arr_dt": "1461275053", "direction": "0", "travel_time_sec": "732", "benchmark_travel_time_sec": "720"}, {"dep_dt": "1461274656", "route_id": "Red", "arr_dt": "1461275301", "direction": "0", "travel_time_sec": "645", "benchmark_travel_time_sec": "720"}, {"dep_dt": "1461274990", "route_id": "Red", "arr_dt": "1461275580", "direction": "0", "travel_time_sec": "590", "benchmark_travel_time_sec": "720"}, {"dep_dt": "1461275136", "route_id": "Red", "arr_dt": "1461275779", "direction": "0", "travel_time_sec": "643", "benchmark_travel_time_sec": "720"}, {"dep_dt": "1461275403", "route_id": "Red", "arr_dt": "1461276006", "direction": "0", "travel_time_sec": "603", "benchmark_travel_time_sec": "668"}, {"dep_dt": "1461275556", "route_id": "Red", "arr_dt": "1461276179", "direction": "0", "travel_time_sec": "623", "benchmark_travel_time_sec": "668"}, {"dep_dt": "1461275815", "route_id": "Red", "arr_dt": "1461276382", "direction": "0", "travel_time_sec": "567", "benchmark_travel_time_sec": "668"}, {"dep_dt": "1461276049", "route_id": "Red", "arr_dt": "1461276651", "direction": "0", "travel_time_sec": "602", "benchmark_travel_time_sec": "668"}, {"dep_dt": "1461276439", "route_id": "Red", "arr_dt": "1461277087", "direction": "0", "travel_time_sec": "648", "benchmark_travel_time_sec": "668"}, {"dep_dt": "1461276658", "route_id": "Red", "arr_dt": "1461277303", "direction": "0", "travel_time_sec": "645", "benchmark_travel_time_sec": "668"}, {"dep_dt": "1461276842", "route_id": "Red", "arr_dt": "1461277529", "direction": "0", "travel_time_sec": "687", "benchmark_travel_time_sec": "668"}, {"dep_dt": "1461277078", "route_id": "Red", "arr_dt": "1461277722", "direction": "0", "travel_time_sec": "644", "benchmark_travel_time_sec": "668"}, {"dep_dt": "1461277394", "route_id": "Red", "arr_dt": "1461277970", "direction": "0", "travel_time_sec": "576", "benchmark_travel_time_sec": "660"}, {"dep_dt": "1461277849", "route_id": "Red", "arr_dt": "1461278447", "direction": "0", "travel_time_sec": "598", "benchmark_travel_time_sec": "660"}, {"dep_dt": "1461278054", "route_id": "Red", "arr_dt": "1461278656", "direction": "0", "travel_time_sec": "602", "benchmark_travel_time_sec": "660"}, {"dep_dt": "1461278206", "route_id": "Red", "arr_dt": "1461278869", "direction": "0", "travel_time_sec": "663", "benchmark_travel_time_sec": "660"}, {"dep_dt": "1461278683", "route_id": "Red", "arr_dt": "1461279355", "direction": "0", "travel_time_sec": "672", "benchmark_travel_time_sec": "660"}, {"dep_dt": "1461278968", "route_id": "Red", "arr_dt": "1461279584", "direction": "0", "travel_time_sec": "616", "benchmark_travel_time_sec": "660"}, {"dep_dt": "1461279226", "route_id": "Red", "arr_dt": "1461280025", "direction": "0", "travel_time_sec": "799", "benchmark_travel_time_sec": "660"}, {"dep_dt": "1461279747", "route_id": "Red", "arr_dt": "1461280363", "direction": "0", "travel_time_sec": "616", "benchmark_travel_time_sec": "660"}, {"dep_dt": "1461280205", "route_id": "Red", "arr_dt": "1461280860", "direction": "0", "travel_time_sec": "655", "benchmark_travel_time_sec": "660"}, {"dep_dt": "1461280379", "route_id": "Red", "arr_dt": "1461281080", "direction": "0", "travel_time_sec": "701", "benchmark_travel_time_sec": "660"}, {"dep_dt": "1461280565", "route_id": "Red", "arr_dt": "1461281271", "direction": "0", "travel_time_sec": "706", "benchmark_travel_time_sec": "660"}, {"dep_dt": "1461280737", "route_id": "Red", "arr_dt": "1461281465", "direction": "0", "travel_time_sec": "728", "benchmark_travel_time_sec": "660"}, {"dep_dt": "1461280914", "route_id": "Red", "arr_dt": "1461281663", "direction": "0", "travel_time_sec": "749", "benchmark_travel_time_sec": "660"}, {"dep_dt": "1461281058", "route_id": "Red", "arr_dt": "1461281866", "direction": "0", "travel_time_sec": "808", "benchmark_travel_time_sec": "660"}, {"dep_dt": "1461281264", "route_id": "Red", "arr_dt": "1461282038", "direction": "0", "travel_time_sec": "774", "benchmark_travel_time_sec": "660"}, {"dep_dt": "1461281687", "route_id": "Red", "arr_dt": "1461282252", "direction": "0", "travel_time_sec": "565", "benchmark_travel_time_sec": "660"}, {"dep_dt": "1461282190", "route_id": "Red", "arr_dt": "1461282756", "direction": "0", "travel_time_sec": "566", "benchmark_travel_time_sec": "660"}, {"dep_dt": "1461282554", "route_id": "Red", "arr_dt": "1461283092", "direction": "0", "travel_time_sec": "538", "benchmark_travel_time_sec": "660"}, {"dep_dt": "1461282885", "route_id": "Red", "arr_dt": "1461283466", "direction": "0", "travel_time_sec": "581", "benchmark_travel_time_sec": "550"}, {"dep_dt": "1461283018", "route_id": "Red", "arr_dt": "1461283646", "direction": "0", "travel_time_sec": "628", "benchmark_travel_time_sec": "550"}, {"dep_dt": "1461283434", "route_id": "Red", "arr_dt": "1461284013", "direction": "0", "travel_time_sec": "579", "benchmark_travel_time_sec": "550"}, {"dep_dt": "1461283718", "route_id": "Red", "arr_dt": "1461284260", "direction": "0", "travel_time_sec": "542", "benchmark_travel_time_sec": "550"}, {"dep_dt": "1461284386", "route_id": "Red", "arr_dt": "1461284981", "direction": "0", "travel_time_sec": "595", "benchmark_travel_time_sec": "550"}, {"dep_dt": "1461284831", "route_id": "Red", "arr_dt": "1461285388", "direction": "0", "travel_time_sec": "557", "benchmark_travel_time_sec": "540"}, {"dep_dt": "1461285276", "route_id": "Red", "arr_dt": "1461285854", "direction": "0", "travel_time_sec": "578", "benchmark_travel_time_sec": "540"}, {"dep_dt": "1461285744", "route_id": "Red", "arr_dt": "1461286303", "direction": "0", "travel_time_sec": "559", "benchmark_travel_time_sec": "540"}, {"dep_dt": "1461286350", "route_id": "Red", "arr_dt": "1461287053", "direction": "0", "travel_time_sec": "703", "benchmark_travel_time_sec": "540"}, {"dep_dt": "1461286735", "route_id": "Red", "arr_dt": "1461287374", "direction": "0", "travel_time_sec": "639", "benchmark_travel_time_sec": "540"}, {"dep_dt": "1461287056", "route_id": "Red", "arr_dt": "1461287626", "direction": "0", "travel_time_sec": "570", "benchmark_travel_time_sec": "540"}, {"dep_dt": "1461287622", "route_id": "Red", "arr_dt": "1461288221", "direction": "0", "travel_time_sec": "599", "benchmark_travel_time_sec": "540"}, {"dep_dt": "1461288046", "route_id": "Red", "arr_dt": "1461288634", "direction": "0", "travel_time_sec": "588", "benchmark_travel_time_sec": "540"}, {"dep_dt": "1461288318", "route_id": "Red", "arr_dt": "1461288887", "direction": "0", "travel_time_sec": "569", "benchmark_travel_time_sec": "540"}, {"dep_dt": "1461288618", "route_id": "Red", "arr_dt": "1461289189", "direction": "0", "travel_time_sec": "571", "benchmark_travel_time_sec": "540"}, {"dep_dt": "1461288936", "route_id": "Red", "arr_dt": "1461289510", "direction": "0", "travel_time_sec": "574", "benchmark_travel_time_sec": "540"}, {"dep_dt": "1461289297", "route_id": "Red", "arr_dt": "1461289851", "direction": "0", "travel_time_sec": "554", "benchmark_travel_time_sec": "540"}, {"dep_dt": "1461289690", "route_id": "Red", "arr_dt": "1461290349", "direction": "0", "travel_time_sec": "659", "benchmark_travel_time_sec": "540"}, {"dep_dt": "1461289924", "route_id": "Red", "arr_dt": "1461290525", "direction": "0", "travel_time_sec": "601", "benchmark_travel_time_sec": "540"}, {"dep_dt": "1461290183", "route_id": "Red", "arr_dt": "1461290888", "direction": "0", "travel_time_sec": "705", "benchmark_travel_time_sec": "540"}, {"dep_dt": "1461290544", "route_id": "Red", "arr_dt": "1461291190", "direction": "0", "travel_time_sec": "646", "benchmark_travel_time_sec": "540"}, {"dep_dt": "1461290949", "route_id": "Red", "arr_dt": "1461291510", "direction": "0", "travel_time_sec": "561", "benchmark_travel_time_sec": "540"}, {"dep_dt": "1461291155", "route_id": "Red", "arr_dt": "1461291700", "direction": "0", "travel_time_sec": "545", "benchmark_travel_time_sec": "540"}, {"dep_dt": "1461291419", "route_id": "Red", "arr_dt": "1461291981", "direction": "0", "travel_time_sec": "562", "benchmark_travel_time_sec": "540"}, {"dep_dt": "1461291664", "route_id": "Red", "arr_dt": "1461292209", "direction": "0", "travel_time_sec": "545", "benchmark_travel_time_sec": "540"}, {"dep_dt": "1461292156", "route_id": "Red", "arr_dt": "1461292716", "direction": "0", "travel_time_sec": "560", "benchmark_travel_time_sec": "540"}, {"dep_dt": "1461292324", "route_id": "Red", "arr_dt": "1461292888", "direction": "0", "travel_time_sec": "564", "benchmark_travel_time_sec": "540"}, {"dep_dt": "1461292826", "route_id": "Red", "arr_dt": "1461293386", "direction": "0", "travel_time_sec": "560", "benchmark_travel_time_sec": "540"}, {"dep_dt": "1461293234", "route_id": "Red", "arr_dt": "1461293772", "direction": "0", "travel_time_sec": "538", "benchmark_travel_time_sec": "540"}, {"dep_dt": "1461293637", "route_id": "Red", "arr_dt": "1461294189", "direction": "0", "travel_time_sec": "552", "benchmark_travel_time_sec": "540"}, {"dep_dt": "1461294141", "route_id": "Red", "arr_dt": "1461294703", "direction": "0", "travel_time_sec": "562", "benchmark_travel_time_sec": "540"}, {"dep_dt": "1461294678", "route_id": "Red", "arr_dt": "1461295276", "direction": "0", "travel_time_sec": "598", "benchmark_travel_time_sec": "540"}, {"dep_dt": "1461294978", "route_id": "Red", "arr_dt": "1461295599", "direction": "0", "travel_time_sec": "621", "benchmark_travel_time_sec": "540"}, {"dep_dt": "1461295130", "route_id": "Red", "arr_dt": "1461295774", "direction": "0", "travel_time_sec": "644", "benchmark_travel_time_sec": "540"}, {"dep_dt": "1461295418", "route_id": "Red", "arr_dt": "1461295950", "direction": "0", "travel_time_sec": "532", "benchmark_travel_time_sec": "540"}, {"dep_dt": "1461295881", "route_id": "Red", "arr_dt": "1461296429", "direction": "0", "travel_time_sec": "548", "benchmark_travel_time_sec": "540"}, {"dep_dt": "1461296502", "route_id": "Red", "arr_dt": "1461297056", "direction": "0", "travel_time_sec": "554", "benchmark_travel_time_sec": "540"}, {"dep_dt": "1461296723", "route_id": "Red", "arr_dt": "1461297241", "direction": "0", "travel_time_sec": "518", "benchmark_travel_time_sec": "540"}]}