{"travel_times": [{"dep_dt": "1462161568", "route_id": "Red", "arr_dt": "1462162147", "direction": "0", "travel_time_sec": "579", "benchmark_travel_time_sec": "600"}, {"dep_dt": "1462162058", "route_id": "Red", "arr_dt": "1462162611", "direction": "0", "travel_time_sec": "553", "benchmark_travel_time_sec": "600"}, {"dep_dt": "1462162465", "route_id": "Red", "arr_dt": "1462163034", "direction": "0", "travel_time_sec": "569", "benchmark_travel_time_sec": "600"}, {"dep_dt": "1462162898", "route_id": "Red", "arr_dt": "1462163450", "direction": "0", "travel_time_sec": "552", "benchmark_travel_time_sec": "600"}, {"dep_dt": "1462163352", "route_id": "Red", "arr_dt": "1462163914", "direction": "0", "travel_time_sec": "562", "benchmark_travel_time_sec": "600"}, {"dep_dt": "1462163521", "route_id": "Red", "arr_dt": "1462164078", "direction": "0", "travel_time_sec": "557", "benchmark_travel_time_sec": "600"}, {"dep_dt": "1462163827", "route_id": "Red", "arr_dt": "1462164683", "direction": "0", "travel_time_sec": "856", "threshold_flag_1": "threshold_id_04", "benchmark_travel_time_sec": "600"}, {"dep_dt": "1462181055", "route_id": "Red", "arr_dt": "1462181603", "direction": "0", "travel_time_sec": "548", "benchmark_travel_time_sec": "540"}, {"dep_dt": "1462181625", "route_id": "Red", "arr_dt": "1462182189", "direction": "0", "travel_time_sec": "564", "benchmark_travel_time_sec": "540"}, {"dep_dt": "1462181875", "route_id": "Red", "arr_dt": "1462182468", "direction": "0", "travel_time_sec": "593", "benchmark_travel_time_sec": "540"}, {"dep_dt": "1462182288", "route_id": "Red", "arr_dt": "1462182822", "direction": "0", "travel_time_sec": "534", "benchmark_travel_time_sec": "540"}, {"dep_dt": "1462182716", "route_id": "Red", "arr_dt": "1462183311", "direction": "0", "travel_time_sec": "595", "benchmark_travel_time_sec": "540"}, {"dep_dt": "1462183337", "route_id": "Red", "arr_dt": "1462183894", "direction": "0", "travel_time_sec": "557", "benchmark_travel_time_sec": "540"}, {"dep_dt": "1462183778", "route_id": "Red", "arr_dt": "1462184361", "direction": "0", "travel_time_sec": "583", "benchmark_travel_time_sec": "540"}, {"dep_dt": "1462184233", "route_id": "Red", "arr_dt": "1462184778", "direction": "0", "travel_time_sec": "545", "benchmark_travel_time_sec": "540"}, {"dep_dt": "1462184639", "route_id": "Red", "arr_dt": "1462185209", "direction": "0", "travel_time_sec": "570", "benchmark_travel_time_sec": "540"}, {"dep_dt": "1462184945", "route_id": "Red", "arr_dt": "1462185544", "direction": "0", "travel_time_sec": "599", "benchmark_travel_time_sec": "540"}, {"dep_dt": "1462185214", "route_id": "Red", "arr_dt": "1462185791", "direction": "0", "travel_time_sec": "577", "benchmark_travel_time_sec": "540"}, {"dep_dt": "1462185498", "route_id": "Red", "arr_dt": "1462186066", "direction": "0", "travel_time_sec": "568", "benchmark_travel_time_sec": "540"}, {"dep_dt": "1462185828", "route_id": "Red", "arr_dt": "1462186414", "direction": "0", "travel_time_sec": "586", "benchmark_travel_time_sec": "540"}, {"dep_dt": "1462186507", "route_id": "Red", "arr_dt": "1462187149", "direction": "0", "travel_time_sec": "642", "benchmark_travel_time_sec": "651"}, {"dep_dt": "1462186745", "route_id": "Red", "arr_dt": "1462187420", "direction": "0", "travel_time_sec": "675", "benchmark_travel_time_sec": "651"}, {"dep_dt": "1462186896", "route_id": "Red", "arr_dt": "1462187640", "direction": "0", "travel_time_sec": "744", "benchmark_travel_time_sec": "651"}, {"dep_dt": "1462187194", "route_id": "Red", "arr_dt": "1462187850", "direction": "0", "travel_time_sec": "656", "benchmark_travel_time_sec": "651"}, {"dep_dt": "1462187341", "route_id": "Red", "arr_dt": "1462188021", "direction": "0", "travel_time_sec": "680", "benchmark_travel_time_sec": "651"}, {"dep_dt": "1462187647", "route_id": "Red", "arr_dt": "1462188247", "direction": "0", "travel_time_sec": "600", "benchmark_travel_time_sec": "651"}, {"dep_dt": "1462187808", "route_id": "Red", "arr_dt": "1462188427", "direction": "0", "travel_time_sec": "619", "benchmark_travel_time_sec": "651"}, {"dep_dt": "1462188021", "route_id": "Red", "arr_dt": "1462188601", "direction": "0", "travel_time_sec": "580", "benchmark_travel_time_sec": "660"}, {"dep_dt": "1462188207", "route_id": "Red", "arr_dt": "1462188787", "direction": "0", "travel_time_sec": "580", "benchmark_travel_time_sec": "660"}, {"dep_dt": "1462188526", "route_id": "Red", "arr_dt": "1462189124", "direction": "0", "travel_time_sec": "598", "benchmark_travel_time_sec": "660"}, {"dep_dt": "1462188675", "route_id": "Red", "arr_dt": "1462189375", "direction": "0", "travel_time_sec": "700", "benchmark_travel_time_sec": "660"}, {"dep_dt": "1462188873", "route_id": "Red", "arr_dt": "1462189560", "direction": "0", "travel_time_sec": "687", "benchmark_travel_time_sec": "660"}, {"dep_dt": "1462189049", "route_id": "Red", "arr_dt": "1462189741", "direction": "0", "travel_time_sec": "692", "benchmark_travel_time_sec": "660"}, {"dep_dt": "1462189418", "route_id": "Red", "arr_dt": "1462189947", "direction": "0", "travel_time_sec": "529", "benchmark_travel_time_sec": "660"}, {"dep_dt": "1462189485", "route_id": "Red", "arr_dt": "1462190146", "direction": "0", "travel_time_sec": "661", "benchmark_travel_time_sec": "660"}, {"dep_dt": "1462189725", "route_id": "Red", "arr_dt": "1462190337", "direction": "0", "travel_time_sec": "612", "benchmark_travel_time_sec": "660"}, {"dep_dt": "1462189898", "route_id": "Red", "arr_dt": "1462190515", "direction": "0", "travel_time_sec": "617", "benchmark_travel_time_sec": "660"}, {"dep_dt": "1462190207", "route_id": "Red", "arr_dt": "1462190819", "direction": "0", "travel_time_sec": "612", "benchmark_travel_time_sec": "660"}, {"dep_dt": "1462190398", "route_id": "Red", "arr_dt": "1462191036", "direction": "0", "travel_time_sec": "638", "benchmark_travel_time_sec": "660"}, {"dep_dt": "1462190685", "route_id": "Red", "arr_dt": "1462191259", "direction": "0", "travel_time_sec": "574", "benchmark_travel_time_sec": "660"}, {"dep_dt": "1462190882", "route_id": "Red", "arr_dt": "1462191476", "direction": "0", "travel_time_sec": "594", "benchmark_travel_time_sec": "660"}, {"dep_dt": "1462191469", "route_id": "Red", "arr_dt": "1462192170", "direction": "0", "travel_time_sec": "701", "benchmark_travel_time_sec": "660"}, {"dep_dt": "1462191661", "route_id": "Red", "arr_dt": "1462192411", "direction": "0", "travel_time_sec": "750", "benchmark_travel_time_sec": "660"}, {"dep_dt": "1462191963", "route_id": "Red", "arr_dt": "1462192683", "direction": "0", "travel_time_sec": "720", "benchmark_travel_time_sec": "660"}, {"dep_dt": "1462192140", "route_id": "Red", "arr_dt": "1462192986", "direction": "0", "travel_time_sec": "846", "threshold_flag_1": "threshold_id_04", "benchmark_travel_time_sec": "660"}, {"dep_dt": "1462192643", "route_id": "Red", "arr_dt": "1462193332", "direction": "0", "travel_time_sec": "689", "benchmark_travel_time_sec": "660"}, {"dep_dt": "1462193025", "route_id": "Red", "arr_dt": "1462193701", "direction": "0", "travel_time_sec": "676", "benchmark_travel_time_sec": "660"}, {"dep_dt": "1462193202", "route_id": "Red", "arr_dt": "1462193926", "direction": "0", "travel_time_sec": "724", "benchmark_travel_time_sec": "660"}, {"dep_dt": "1462193366", "route_id": "Red", "arr_dt": "1462194142", "direction": "0", "travel_time_sec": "776", "benchmark_travel_time_sec": "660"}, {"dep_dt": "1462193546", "route_id": "Red", "arr_dt": "1462194362", "direction": "0", "travel_time_sec": "816", "benchmark_travel_time_sec": "660"}, {"dep_dt": "1462193708", "route_id": "Red", "arr_dt": "1462194562", "direction": "0", "travel_time_sec": "854", "threshold_flag_1": "threshold_id_04", "benchmark_travel_time_sec": "660"}, {"dep_dt": "1462193888", "route_id": "Red", "arr_dt": "1462194740", "direction": "0", "travel_time_sec": "852", "threshold_flag_1": "threshold_id_04", "benchmark_travel_time_sec": "660"}, {"dep_dt": "1462194231", "route_id": "Red", "arr_dt": "1462194917", "direction": "0", "travel_time_sec": "686", "benchmark_travel_time_sec": "660"}, {"dep_dt": "1462194380", "route_id": "Red", "arr_dt": "1462195122", "direction": "0", "travel_time_sec": "742", "benchmark_travel_time_sec": "660"}, {"dep_dt": "1462194598", "route_id": "Red", "arr_dt": "1462195311", "direction": "0", "travel_time_sec": "713", "benchmark_travel_time_sec": "660"}, {"dep_dt": "1462194762", "route_id": "Red", "arr_dt": "1462195484", "direction": "0", "travel_time_sec": "722", "benchmark_travel_time_sec": "660"}, {"dep_dt": "1462194957", "route_id": "Red", "arr_dt": "1462195697", "direction": "0", "travel_time_sec": "740", "benchmark_travel_time_sec": "660"}, {"dep_dt": "1462195119", "route_id": "Red", "arr_dt": "1462195893", "direction": "0", "travel_time_sec": "774", "benchmark_travel_time_sec": "615"}, {"dep_dt": "1462195387", "route_id": "Red", "arr_dt": "1462196074", "direction": "0", "travel_time_sec": "687", "benchmark_travel_time_sec": "615"}, {"dep_dt": "1462195549", "route_id": "Red", "arr_dt": "1462196255", "direction": "0", "travel_time_sec": "706", "benchmark_travel_time_sec": "615"}, {"dep_dt": "1462195822", "route_id": "Red", "arr_dt": "1462196461", "direction": "0", "travel_time_sec": "639", "benchmark_travel_time_sec": "615"}, {"dep_dt": "1462196043", "route_id": "Red", "arr_dt": "1462196673", "direction": "0", "travel_time_sec": "630", "benchmark_travel_time_sec": "615"}, {"dep_dt": "1462196269", "route_id": "Red", "arr_dt": "1462196871", "direction": "0", "travel_time_sec": "602", "benchmark_travel_time_sec": "615"}, {"dep_dt": "1462196515", "route_id": "Red", "arr_dt": "1462197114", "direction": "0", "travel_time_sec": "599", "benchmark_travel_time_sec": "615"}, {"dep_dt": "1462196828", "route_id": "Red", "arr_dt": "1462197500", "direction": "0", "travel_time_sec": "672", "benchmark_travel_time_sec": "615"}, {"dep_dt": "1462196976", "route_id": "Red", "arr_dt": "1462197671", "direction": "0", "travel_time_sec": "695", "benchmark_travel_time_sec": "600"}, {"dep_dt": "1462197374", "route_id": "Red", "arr_dt": "1462197972", "direction": "0", "travel_time_sec": "598", "benchmark_travel_time_sec": "600"}, {"dep_dt": "1462197568", "route_id": "Red", "arr_dt": "1462198184", "direction": "0", "travel_time_sec": "616", "benchmark_travel_time_sec": "600"}, {"dep_dt": "1462197886", "route_id": "Red", "arr_dt": "1462198456", "direction": "0", "travel_time_sec": "570", "benchmark_travel_time_sec": "600"}, {"dep_dt": "1462198111", "route_id": "Red", "arr_dt": "1462198675", "direction": "0", "travel_time_sec": "564", "benchmark_travel_time_sec": "600"}, {"dep_dt": "1462198418", "route_id": "Red", "arr_dt": "1462199018", "direction": "0", "travel_time_sec": "600", "benchmark_travel_time_sec": "600"}, {"dep_dt": "1462198856", "route_id": "Red", "arr_dt": "1462199457", "direction": "0", "travel_time_sec": "601", "benchmark_travel_time_sec": "600"}, {"dep_dt": "1462199035", "route_id": "Red", "arr_dt": "1462199641", "direction": "0", "travel_time_sec": "606", "benchmark_travel_time_sec": "600"}, {"dep_dt": "1462199223", "route_id": "Red", "arr_dt": "1462199807", "direction": "0", "travel_time_sec": "584", "benchmark_travel_time_sec": "600"}, {"dep_dt": "1462199442", "route_id": "Red", "arr_dt": "1462200018", "direction": "0", "travel_time_sec": "576", "benchmark_travel_time_sec": "600"}, {"dep_dt": "1462199862", "route_id": "Red", "arr_dt": "1462200415", "direction": "0", "travel_time_sec": "553", "benchmark_travel_time_sec": "600"}, {"dep_dt": "1462200205", "route_id": "Red", "arr_dt": "1462200797", "direction": "0", "travel_time_sec": "592", "benchmark_travel_time_sec": "600"}, {"dep_dt": "1462200463", "route_id": "Red", "arr_dt": "1462201057", "direction": "0", "travel_time_sec": "594", "benchmark_travel_time_sec": "600"}, {"dep_dt": "1462200648", "route_id": "Red", "arr_dt": "1462201257", "direction": "0", "travel_time_sec": "609", "benchmark_travel_time_sec": "600"}, {"dep_dt": "1462200994", "route_id": "Red", "arr_dt": "1462201545", "direction": "0", "travel_time_sec": "551", "benchmark_travel_time_sec": "600"}, {"dep_dt": "1462201328", "route_id": "Red", "arr_dt": "1462201933", "direction": "0", "travel_time_sec": "605", "benchmark_travel_time_sec": "600"}, {"dep_dt": "1462201690", "route_id": "Red", "arr_dt": "1462202238", "direction": "0", "travel_time_sec": "548", "benchmark_travel_time_sec": "600"}, {"dep_dt": "1462202069", "route_id": "Red", "arr_dt": "1462202620", "direction": "0", "travel_time_sec": "551", "benchmark_travel_time_sec": "600"}, {"dep_dt": "1462202488", "route_id": "Red", "arr_dt": "1462203064", "direction": "0", "travel_time_sec": "576", "benchmark_travel_time_sec": "600"}, {"dep_dt": "1462203380", "route_id": "Red", "arr_dt": "1462203966", "direction": "0", "travel_time_sec": "586", "benchmark_travel_time_sec": "600"}, {"dep_dt": "1462203988", "route_id": "Red", "arr_dt": "1462204553", "direction": "0", "travel_time_sec": "565", "benchmark_travel_time_sec": "600"}, {"dep_dt": "1462204204", "route_id": "Red", "arr_dt": "1462204856", "direction": "0", "travel_time_sec": "652", "benchmark_travel_time_sec": "600"}, {"dep_dt": "1462204761", "route_id": "Red", "arr_dt": "1462205347", "direction": "0", "travel_time_sec": "586", "benchmark_travel_time_sec": "600"}, {"dep_dt": "1462205174", "route_id": "Red", "arr_dt": "1462205773", "direction": "0", "travel_time_sec": "599", "benchmark_travel_time_sec": "600"}, {"dep_dt": "1462205469", "route_id": "Red", "arr_dt": "1462206042", "direction": "0", "travel_time_sec": "573", "benchmark_travel_time_sec": "600"}, {"dep_dt": "1462206086", "route_id": "Red", "arr_dt": "1462206688", "direction": "0", "travel_time_sec": "602", "benchmark_travel_time_sec": "600"}, {"dep_dt": "1462206328", "route_id": "Red", "arr_dt": "1462206879", "direction": "0", "travel_time_sec": "551", "benchmark_travel_time_sec": "600"}, {"dep_dt": "1462207255", "route_id": "Red", "arr_dt": "1462207848", "direction": "0", "travel_time_sec": "593", "benchmark_travel_time_sec": "600"}, {"dep_dt": "1462207645", "route_id": "Red", "arr_dt": "1462208233", "direction": "0", "travel_time_sec": "588", "benchmark_travel_time_sec": "600"}, {"dep_dt": "1462208083", "route_id": "Red", "arr_dt": "1462208631", "direction": "0", "travel_time_sec": "548", "benchmark_travel_time_sec": "600"}, {"dep_dt": "1462208484", "route_id": "Red", "arr_dt": "1462209046", "direction": "0", "travel_time_sec": "562", "benchmark_travel_time_sec": "600"}, {"dep_dt": "1462208963", "route_id": "Red", "arr_dt": "1462209559", "direction": "0", "travel_time_sec": "596", "benchmark_travel_time_sec": "600"}, {"dep_dt": "1462209268", "route_id": "Red", "arr_dt": "1462209839", "direction": "0", "travel_time_sec": "571", "benchmark_travel_time_sec": "600"}, {"dep_dt": "1462209796", "route_id": "Red", "arr_dt": "1462210363", "direction": "0", "travel_time_sec": "567", "benchmark_travel_time_sec": "600"}, {"dep_dt": "1462210225", "route_id": "Red", "arr_dt": "1462210667", "direction": "0", "travel_time_sec": "442", "benchmark_travel_time_sec": "600"}, {"dep_dt": "1462210590", "route_id": "Red", "arr_dt": "1462211137", "direction": "0", "travel_time_sec": "547", "benchmark_travel_time_sec": "600"}, {"dep_dt": "1462210957", "route_id": "Red", "arr_dt": "1462211513", "direction": "0", "travel_time_sec": "556", "benchmark_travel_time_sec": "600"}, {"dep_dt": "1462211435", "route_id": "Red", "arr_dt": "1462212034", "direction": "0", "travel_time_sec": "599", "benchmark_travel_time_sec": "600"}, {"dep_dt": "1462211760", "route_id": "Red", "arr_dt": "1462212315", "direction": "0", "travel_time_sec": "555", "benchmark_travel_time_sec": "600"}, {"dep_dt": "1462212223", "route_id": "Red", "arr_dt": "1462212766", "direction": "0", "travel_time_sec": "543", "benchmark_travel_time_sec": "600"}, {"dep_dt": "1462212703", "route_id": "Red", "arr_dt": "1462213334", "direction": "0", "travel_time_sec": "631", "benchmark_travel_time_sec": "600"}, {"dep_dt": "1462212981", "route_id": "Red", "arr_dt": "1462213552", "direction": "0", "travel_time_sec": "571", "benchmark_travel_time_sec": "600"}, {"dep_dt": "1462213480", "route_id": "Red", "arr_dt": "1462214100", "direction": "0", "travel_time_sec": "620", "benchmark_travel_time_sec": "600"}, {"dep_dt": "1462213806", "route_id": "Red", "arr_dt": "1462214351", "direction": "0", "travel_time_sec": "545", "benchmark_travel_time_sec": "600"}, {"dep_dt": "1462214286", "route_id": "Red", "arr_dt": "1462214912", "direction": "0", "travel_time_sec": "626", "benchmark_travel_time_sec": "600"}, {"dep_dt": "1462214688", "route_id": "Red", "arr_dt": "1462215273", "direction": "0", "travel_time_sec": "585", "benchmark_travel_time_sec": "600"}, {"dep_dt": "1462215067", "route_id": "Red", "arr_dt": "1462215671", "direction": "0", "travel_time_sec": "604", "benchmark_travel_time_sec": "600"}, {"dep_dt": "1462215664", "route_id": "Red", "arr_dt": "1462216226", "direction": "0", "travel_time_sec": "562", "benchmark_travel_time_sec": "600"}, {"dep_dt": "1462216585", "route_id": "Red", "arr_dt": "1462217236", "direction": "0", "travel_time_sec": "651", "benchmark_travel_time_sec": "600"}, {"dep_dt": "1462216765", "route_id": "Red", "arr_dt": "1462217487", "direction": "0", "travel_time_sec": "722", "benchmark_travel_time_sec": "600"}, {"dep_dt": "1462217088", "route_id": "Red", "arr_dt": "1462217725", "direction": "0", "travel_time_sec": "637", "benchmark_travel_time_sec": "600"}, {"dep_dt": "1462217263", "route_id": "Red", "arr_dt": "1462217930", "direction": "0", "travel_time_sec": "667", "benchmark_travel_time_sec": "600"}, {"dep_dt": "1462217724", "route_id": "Red", "arr_dt": "1462218330", "direction": "0", "travel_time_sec": "606", "benchmark_travel_time_sec": "600"}, {"dep_dt": "1462217924", "route_id": "Red", "arr_dt": "1462218551", "direction": "0", "travel_time_sec": "627", "benchmark_travel_time_sec": "600"}, {"dep_dt": "1462218496", "route_id": "Red", "arr_dt": "1462219103", "direction": "0", "travel_time_sec": "607", "benchmark_travel_time_sec": "600"}, {"dep_dt": "1462218807", "route_id": "Red", "arr_dt": "1462219370", "direction": "0", "travel_time_sec": "563", "benchmark_travel_time_sec": "700"}, {"dep_dt": "1462219397", "route_id": "Red", "arr_dt": "1462220012", "direction": "0", "travel_time_sec": "615", "benchmark_travel_time_sec": "700"}, {"dep_dt": "1462219565", "route_id": "Red", "arr_dt": "1462220248", "direction": "0", "travel_time_sec": "683", "benchmark_travel_time_sec": "700"}, {"dep_dt": "1462219703", "route_id": "Red", "arr_dt": "1462220523", "direction": "0", "travel_time_sec": "820", "benchmark_travel_time_sec": "700"}, {"dep_dt": "1462220167", "route_id": "Red", "arr_dt": "1462220821", "direction": "0", "travel_time_sec": "654", "benchmark_travel_time_sec": "700"}, {"dep_dt": "1462220404", "route_id": "Red", "arr_dt": "1462221043", "direction": "0", "travel_time_sec": "639", "benchmark_travel_time_sec": "720"}, {"dep_dt": "1462220566", "route_id": "Red", "arr_dt": "1462221298", "direction": "0", "travel_time_sec": "732", "benchmark_travel_time_sec": "720"}, {"dep_dt": "1462220735", "route_id": "Red", "arr_dt": "1462221580", "direction": "0", "travel_time_sec": "845", "benchmark_travel_time_sec": "720"}, {"dep_dt": "1462221367", "route_id": "Red", "arr_dt": "1462222007", "direction": "0", "travel_time_sec": "640", "benchmark_travel_time_sec": "720"}, {"dep_dt": "1462221688", "route_id": "Red", "arr_dt": "1462222315", "direction": "0", "travel_time_sec": "627", "benchmark_travel_time_sec": "720"}, {"dep_dt": "1462222235", "route_id": "Red", "arr_dt": "1462222890", "direction": "0", "travel_time_sec": "655", "benchmark_travel_time_sec": "720"}, {"dep_dt": "1462222450", "route_id": "Red", "arr_dt": "1462223120", "direction": "0", "travel_time_sec": "670", "benchmark_travel_time_sec": "720"}, {"dep_dt": "1462222602", "route_id": "Red", "arr_dt": "1462223380", "direction": "0", "travel_time_sec": "778", "benchmark_travel_time_sec": "720"}, {"dep_dt": "1462222945", "route_id": "Red", "arr_dt": "1462223713", "direction": "0", "travel_time_sec": "768", "benchmark_travel_time_sec": "720"}, {"dep_dt": "1462223124", "route_id": "Red", "arr_dt": "1462223929", "direction": "0", "travel_time_sec": "805", "benchmark_travel_time_sec": "720"}, {"dep_dt": "1462223362", "route_id": "Red", "arr_dt": "1462224200", "direction": "0", "travel_time_sec": "838", "benchmark_travel_time_sec": "720"}, {"dep_dt": "1462223597", "route_id": "Red", "arr_dt": "1462224404", "direction": "0", "travel_time_sec": "807", "benchmark_travel_time_sec": "720"}, {"dep_dt": "1462223749", "route_id": "Red", "arr_dt": "1462224637", "direction": "0", "travel_time_sec": "888", "benchmark_travel_time_sec": "720"}, {"dep_dt": "1462224441", "route_id": "Red", "arr_dt": "1462225307", "direction": "0", "travel_time_sec": "866", "benchmark_travel_time_sec": "720"}, {"dep_dt": "1462224667", "route_id": "Red", "arr_dt": "1462225508", "direction": "0", "travel_time_sec": "841", "benchmark_travel_time_sec": "720"}, {"dep_dt": "1462225373", "route_id": "Red", "arr_dt": "1462226039", "direction": "0", "travel_time_sec": "666", "benchmark_travel_time_sec": "720"}, {"dep_dt": "1462225577", "route_id": "Red", "arr_dt": "1462226283", "direction": "0", "travel_time_sec": "706", "benchmark_travel_time_sec": "720"}, {"dep_dt": "1462225727", "route_id": "Red", "arr_dt": "1462226538", "direction": "0", "travel_time_sec": "811", "benchmark_travel_time_sec": "668"}, {"dep_dt": "1462226104", "route_id": "Red", "arr_dt": "1462226747", "direction": "0", "travel_time_sec": "643", "benchmark_travel_time_sec": "668"}, {"dep_dt": "1462226256", "route_id": "Red", "arr_dt": "1462226945", "direction": "0", "travel_time_sec": "689", "benchmark_travel_time_sec": "668"}, {"dep_dt": "1462226435", "route_id": "Red", "arr_dt": "1462227128", "direction": "0", "travel_time_sec": "693", "benchmark_travel_time_sec": "668"}, {"dep_dt": "1462226845", "route_id": "Red", "arr_dt": "1462227463", "direction": "0", "travel_time_sec": "618", "benchmark_travel_time_sec": "668"}, {"dep_dt": "1462227085", "route_id": "Red", "arr_dt": "1462227694", "direction": "0", "travel_time_sec": "609", "benchmark_travel_time_sec": "668"}, {"dep_dt": "1462227272", "route_id": "Red", "arr_dt": "1462227960", "direction": "0", "travel_time_sec": "688", "benchmark_travel_time_sec": "668"}, {"dep_dt": "1462227544", "route_id": "Red", "arr_dt": "1462228158", "direction": "0", "travel_time_sec": "614", "benchmark_travel_time_sec": "668"}, {"dep_dt": "1462227687", "route_id": "Red", "arr_dt": "1462228415", "direction": "0", "travel_time_sec": "728", "benchmark_travel_time_sec": "660"}, {"dep_dt": "1462227924", "route_id": "Red", "arr_dt": "1462228593", "direction": "0", "travel_time_sec": "669", "benchmark_travel_time_sec": "660"}, {"dep_dt": "1462228109", "route_id": "Red", "arr_dt": "1462228780", "direction": "0", "travel_time_sec": "671", "benchmark_travel_time_sec": "660"}, {"dep_dt": "1462228761", "route_id": "Red", "arr_dt": "1462229379", "direction": "0", "travel_time_sec": "618", "benchmark_travel_time_sec": "660"}, {"dep_dt": "1462229218", "route_id": "Red", "arr_dt": "1462229671", "direction": "0", "travel_time_sec": "453", "benchmark_travel_time_sec": "660"}, {"dep_dt": "1462229426", "route_id": "Red", "arr_dt": "1462230007", "direction": "0", "travel_time_sec": "581", "benchmark_travel_time_sec": "660"}, {"dep_dt": "1462229628", "route_id": "Red", "arr_dt": "1462230207", "direction": "0", "travel_time_sec": "579", "benchmark_travel_time_sec": "660"}, {"dep_dt": "1462229884", "route_id": "Red", "arr_dt": "1462230472", "direction": "0", "travel_time_sec": "588", "benchmark_travel_time_sec": "660"}, {"dep_dt": "1462230035", "route_id": "Red", "arr_dt": "1462230656", "direction": "0", "travel_time_sec": "621", "benchmark_travel_time_sec": "660"}, {"dep_dt": "1462230275", "route_id": "Red", "arr_dt": "1462230863", "direction": "0", "travel_time_sec": "588", "benchmark_travel_time_sec": "660"}, {"dep_dt": "1462230513", "route_id": "Red", "arr_dt": "1462231115", "direction": "0", "travel_time_sec": "602", "benchmark_travel_time_sec": "660"}, {"dep_dt": "1462230847", "route_id": "Red", "arr_dt": "1462231388", "direction": "0", "travel_time_sec": "541", "benchmark_travel_time_sec": "660"}, {"dep_dt": "1462231005", "route_id": "Red", "arr_dt": "1462231570", "direction": "0", "travel_time_sec": "565", "benchmark_travel_time_sec": "660"}, {"dep_dt": "1462231224", "route_id": "Red", "arr_dt": "1462231806", "direction": "0", "travel_time_sec": "582", "benchmark_travel_time_sec": "660"}, {"dep_dt": "1462231419", "route_id": "Red", "arr_dt": "1462231986", "direction": "0", "travel_time_sec": "567", "benchmark_travel_time_sec": "660"}, {"dep_dt": "1462231826", "route_id": "Red", "arr_dt": "1462232400", "direction": "0", "travel_time_sec": "574", "benchmark_travel_time_sec": "660"}, {"dep_dt": "1462232047", "route_id": "Red", "arr_dt": "1462232812", "direction": "0", "travel_time_sec": "765", "benchmark_travel_time_sec": "660"}, {"dep_dt": "1462232223", "route_id": "Red", "arr_dt": "1462233018", "direction": "0", "travel_time_sec": "795", "benchmark_travel_time_sec": "660"}, {"dep_dt": "1462232487", "route_id": "Red", "arr_dt": "1462233177", "direction": "0", "travel_time_sec": "690", "benchmark_travel_time_sec": "660"}, {"dep_dt": "1462232869", "route_id": "Red", "arr_dt": "1462233462", "direction": "0", "travel_time_sec": "593", "benchmark_travel_time_sec": "660"}, {"dep_dt": "1462233205", "route_id": "Red", "arr_dt": "1462233784", "direction": "0", "travel_time_sec": "579", "benchmark_travel_time_sec": "550"}, {"dep_dt": "1462233502", "route_id": "Red", "arr_dt": "1462234055", "direction": "0", "travel_time_sec": "553", "benchmark_travel_time_sec": "550"}, {"dep_dt": "1462233885", "route_id": "Red", "arr_dt": "1462234584", "direction": "0", "travel_time_sec": "699", "benchmark_travel_time_sec": "550"}, {"dep_dt": "1462234470", "route_id": "Red", "arr_dt": "1462235028", "direction": "0", "travel_time_sec": "558", "benchmark_travel_time_sec": "550"}, {"dep_dt": "1462234817", "route_id": "Red", "arr_dt": "1462235386", "direction": "0", "travel_time_sec": "569", "benchmark_travel_time_sec": "550"}, {"dep_dt": "1462234971", "route_id": "Red", "arr_dt": "1462235566", "direction": "0", "travel_time_sec": "595", "benchmark_travel_time_sec": "540"}, {"dep_dt": "1462235266", "route_id": "Red", "arr_dt": "1462235931", "direction": "0", "travel_time_sec": "665", "benchmark_travel_time_sec": "540"}, {"dep_dt": "1462235606", "route_id": "Red", "arr_dt": "1462236167", "direction": "0", "travel_time_sec": "561", "benchmark_travel_time_sec": "540"}, {"dep_dt": "1462235994", "route_id": "Red", "arr_dt": "1462236527", "direction": "0", "travel_time_sec": "533", "benchmark_travel_time_sec": "540"}, {"dep_dt": "1462236156", "route_id": "Red", "arr_dt": "1462236734", "direction": "0", "travel_time_sec": "578", "benchmark_travel_time_sec": "540"}, {"dep_dt": "1462236599", "route_id": "Red", "arr_dt": "1462237145", "direction": "0", "travel_time_sec": "546", "benchmark_travel_time_sec": "540"}, {"dep_dt": "1462237037", "route_id": "Red", "arr_dt": "1462237605", "direction": "0", "travel_time_sec": "568", "benchmark_travel_time_sec": "540"}, {"dep_dt": "1462237537", "route_id": "Red", "arr_dt": "1462238092", "direction": "0", "travel_time_sec": "555", "benchmark_travel_time_sec": "540"}, {"dep_dt": "1462237693", "route_id": "Red", "arr_dt": "1462238276", "direction": "0", "travel_time_sec": "583", "benchmark_travel_time_sec": "540"}, {"dep_dt": "1462238092", "route_id": "Red", "arr_dt": "1462238667", "direction": "0", "travel_time_sec": "575", "benchmark_travel_time_sec": "540"}, {"dep_dt": "1462238622", "route_id": "Red", "arr_dt": "1462239166", "direction": "0", "travel_time_sec": "544", "benchmark_travel_time_sec": "540"}, {"dep_dt": "1462239033", "route_id": "Red", "arr_dt": "1462239596", "direction": "0", "travel_time_sec": "563", "benchmark_travel_time_sec": "540"}, {"dep_dt": "1462239196", "route_id": "Red", "arr_dt": "1462239779", "direction": "0", "travel_time_sec": "583", "benchmark_travel_time_sec": "540"}, {"dep_dt": "1462239536", "route_id": "Red", "arr_dt": "1462240103", "direction": "0", "travel_time_sec": "567", "benchmark_travel_time_sec": "540"}, {"dep_dt": "1462239705", "route_id": "Red", "arr_dt": "1462240272", "direction": "0", "travel_time_sec": "567", "benchmark_travel_time_sec": "540"}, {"dep_dt": "1462240104", "route_id": "Red", "arr_dt": "1462240681", "direction": "0", "travel_time_sec": "577", "benchmark_travel_time_sec": "540"}, {"dep_dt": "1462240476", "route_id": "Red", "arr_dt": "1462241023", "direction": "0", "travel_time_sec": "547", "benchmark_travel_time_sec": "540"}, {"dep_dt": "1462241018", "route_id": "Red", "arr_dt": "1462241618", "direction": "0", "travel_time_sec": "600", "benchmark_travel_time_sec": "540"}, {"dep_dt": "1462241394", "route_id": "Red", "arr_dt": "1462241959", "direction": "0", "travel_time_sec": "565", "benchmark_travel_time_sec": "540"}, {"dep_dt": "1462241794", "route_id": "Red", "arr_dt": "1462242335", "direction": "0", "travel_time_sec": "541", "benchmark_travel_time_sec": "540"}, {"dep_dt": "1462242089", "route_id": "Red", "arr_dt": "1462242646", "direction": "0", "travel_time_sec": "557", "benchmark_travel_time_sec": "540"}, {"dep_dt": "1462242374", "route_id": "Red", "arr_dt": "1462242927", "direction": "0", "travel_time_sec": "553", "benchmark_travel_time_sec": "540"}, {"dep_dt": "1462242674", "route_id": "Red", "arr_dt": "1462243227", "direction": "0", "travel_time_sec": "553", "benchmark_travel_time_sec": "540"}, {"dep_dt": "1462243177", "route_id": "Red", "arr_dt": "1462243772", "direction": "0", "travel_time_sec": "595", "benchmark_travel_time_sec": "540"}, {"dep_dt": "1462243617", "route_id": "Red", "arr_dt": "1462244215", "direction": "0", "travel_time_sec": "598", "benchmark_travel_time_sec": "540"}, {"dep_dt": "1462244002", "route_id": "Red", "arr_dt": "1462244553", "direction": "0", "travel_time_sec": "551", "benchmark_travel_time_sec": "540"}, {"dep_dt": "1462244232", "route_id": "Red", "arr_dt": "1462244753", "direction": "0", "travel_time_sec": "521", "benchmark_travel_time_sec": "540"}, {"dep_dt": "1462244871", "route_id": "Red", "arr_dt": "1462245420", "direction": "0", "travel_time_sec": "549", "benchmark_travel_time_sec": "540"}, {"dep_dt": "1462245171", "route_id": "Red", "arr_dt": "1462245723", "direction": "0", "travel_time_sec": "552", "benchmark_travel_time_sec": "540"}, {"dep_dt": "1462245633", "route_id": "Red", "arr_dt": "1462246197", "direction": "0", "travel_time_sec": "564", "benchmark_travel_time_sec": "540"}, {"dep_dt": "1462245848", "route_id": "Red", "arr_dt": "1462246388", "direction": "0", "travel_time_sec": "540", "benchmark_travel_time_sec": "540"}, {"dep_dt": "1462246253", "route_id": "Red", "arr_dt": "1462246805", "direction": "0", "travel_time_sec": "552", "benchmark_travel_time_sec": "540"}, {"dep_dt": "1462246557", "route_id": "Red", "arr_dt": "1462247125", "direction": "0", "travel_time_sec": "568", "benchmark_travel_time_sec": "540"}, {"dep_dt": "1462246905", "route_id": "Red", "arr_dt": "1462247459", "direction": "0", "travel_time_sec": "554", "benchmark_travel_time_sec": "540"}]}