{"travel_times": [{"dep_dt": "1454043434", "route_id": "Red", "arr_dt": "1454043974", "direction": "0", "travel_time_sec": "540", "benchmark_travel_time_sec": "540"}, {"dep_dt": "1454043891", "route_id": "Red", "arr_dt": "1454044461", "direction": "0", "travel_time_sec": "570", "benchmark_travel_time_sec": "540"}, {"dep_dt": "1454044244", "route_id": "Red", "arr_dt": "1454044795", "direction": "0", "travel_time_sec": "551", "benchmark_travel_time_sec": "540"}, {"dep_dt": "1454044977", "route_id": "Red", "arr_dt": "1454045557", "direction": "0", "travel_time_sec": "580", "benchmark_travel_time_sec": "540"}, {"dep_dt": "1454045436", "route_id": "Red", "arr_dt": "1454046005", "direction": "0", "travel_time_sec": "569", "benchmark_travel_time_sec": "540"}, {"dep_dt": "1454045922", "route_id": "Red", "arr_dt": "1454046653", "direction": "0", "travel_time_sec": "731", "threshold_flag_1": "threshold_id_04", "benchmark_travel_time_sec": "540"}, {"dep_dt": "1454063033", "route_id": "Red", "arr_dt": "1454063559", "direction": "0", "travel_time_sec": "526", "benchmark_travel_time_sec": "540"}, {"dep_dt": "1454063695", "route_id": "Red", "arr_dt": "1454064278", "direction": "0", "travel_time_sec": "583", "benchmark_travel_time_sec": "540"}, {"dep_dt": "1454063984", "route_id": "Red", "arr_dt": "1454064583", "direction": "0", "travel_time_sec": "599", "benchmark_travel_time_sec": "540"}, {"dep_dt": "1454064497", "route_id": "Red", "arr_dt": "1454065047", "direction": "0", "travel_time_sec": "550", "benchmark_travel_time_sec": "540"}, {"dep_dt": "1454064916", "route_id": "Red", "arr_dt": "1454065513", "direction": "0", "travel_time_sec": "597", "benchmark_travel_time_sec": "540"}, {"dep_dt": "1454065399", "route_id": "Red", "arr_dt": "1454065984", "direction": "0", "travel_time_sec": "585", "benchmark_travel_time_sec": "540"}, {"dep_dt": "1454065774", "route_id": "Red", "arr_dt": "1454066318", "direction": "0", "travel_time_sec": "544", "benchmark_travel_time_sec": "540"}, {"dep_dt": "1454066346", "route_id": "Red", "arr_dt": "1454066930", "direction": "0", "travel_time_sec": "584", "benchmark_travel_time_sec": "540"}, {"dep_dt": "1454066620", "route_id": "Red", "arr_dt": "1454067209", "direction": "0", "travel_time_sec": "589", "benchmark_travel_time_sec": "540"}, {"dep_dt": "1454066807", "route_id": "Red", "arr_dt": "1454067372", "direction": "0", "travel_time_sec": "565", "benchmark_travel_time_sec": "540"}, {"dep_dt": "1454067202", "route_id": "Red", "arr_dt": "1454067792", "direction": "0", "travel_time_sec": "590", "benchmark_travel_time_sec": "540"}, {"dep_dt": "1454067384", "route_id": "Red", "arr_dt": "1454067969", "direction": "0", "travel_time_sec": "585", "benchmark_travel_time_sec": "540"}, {"dep_dt": "1454067817", "route_id": "Red", "arr_dt": "1454068400", "direction": "0", "travel_time_sec": "583", "benchmark_travel_time_sec": "540"}, {"dep_dt": "1454068126", "route_id": "Red", "arr_dt": "1454068670", "direction": "0", "travel_time_sec": "544", "benchmark_travel_time_sec": "540"}, {"dep_dt": "1454068507", "route_id": "Red", "arr_dt": "1454069104", "direction": "0", "travel_time_sec": "597", "benchmark_travel_time_sec": "651"}, {"dep_dt": "1454068662", "route_id": "Red", "arr_dt": "1454069279", "direction": "0", "travel_time_sec": "617", "benchmark_travel_time_sec": "651"}, {"dep_dt": "1454068957", "route_id": "Red", "arr_dt": "1454069488", "direction": "0", "travel_time_sec": "531", "benchmark_travel_time_sec": "651"}, {"dep_dt": "1454069359", "route_id": "Red", "arr_dt": "1454069924", "direction": "0", "travel_time_sec": "565", "benchmark_travel_time_sec": "651"}, {"dep_dt": "1454069778", "route_id": "Red", "arr_dt": "1454070384", "direction": "0", "travel_time_sec": "606", "benchmark_travel_time_sec": "651"}, {"dep_dt": "1454070025", "route_id": "Red", "arr_dt": "1454070620", "direction": "0", "travel_time_sec": "595", "benchmark_travel_time_sec": "660"}, {"dep_dt": "1454070182", "route_id": "Red", "arr_dt": "1454070792", "direction": "0", "travel_time_sec": "610", "benchmark_travel_time_sec": "660"}, {"dep_dt": "1454070442", "route_id": "Red", "arr_dt": "1454071038", "direction": "0", "travel_time_sec": "596", "benchmark_travel_time_sec": "660"}, {"dep_dt": "1454070604", "route_id": "Red", "arr_dt": "1454071223", "direction": "0", "travel_time_sec": "619", "benchmark_travel_time_sec": "660"}, {"dep_dt": "1454070786", "route_id": "Red", "arr_dt": "1454071393", "direction": "0", "travel_time_sec": "607", "benchmark_travel_time_sec": "660"}, {"dep_dt": "1454070925", "route_id": "Red", "arr_dt": "1454071576", "direction": "0", "travel_time_sec": "651", "benchmark_travel_time_sec": "660"}, {"dep_dt": "1454071209", "route_id": "Red", "arr_dt": "1454071840", "direction": "0", "travel_time_sec": "631", "benchmark_travel_time_sec": "660"}, {"dep_dt": "1454071787", "route_id": "Red", "arr_dt": "1454072394", "direction": "0", "travel_time_sec": "607", "benchmark_travel_time_sec": "660"}, {"dep_dt": "1454071957", "route_id": "Red", "arr_dt": "1454072603", "direction": "0", "travel_time_sec": "646", "benchmark_travel_time_sec": "660"}, {"dep_dt": "1454072216", "route_id": "Red", "arr_dt": "1454072835", "direction": "0", "travel_time_sec": "619", "benchmark_travel_time_sec": "660"}, {"dep_dt": "1454072404", "route_id": "Red", "arr_dt": "1454073022", "direction": "0", "travel_time_sec": "618", "benchmark_travel_time_sec": "660"}, {"dep_dt": "1454072761", "route_id": "Red", "arr_dt": "1454073412", "direction": "0", "travel_time_sec": "651", "benchmark_travel_time_sec": "660"}, {"dep_dt": "1454072945", "route_id": "Red", "arr_dt": "1454073608", "direction": "0", "travel_time_sec": "663", "benchmark_travel_time_sec": "660"}, {"dep_dt": "1454073207", "route_id": "Red", "arr_dt": "1454073827", "direction": "0", "travel_time_sec": "620", "benchmark_travel_time_sec": "660"}, {"dep_dt": "1454073343", "route_id": "Red", "arr_dt": "1454074061", "direction": "0", "travel_time_sec": "718", "benchmark_travel_time_sec": "660"}, {"dep_dt": "1454073746", "route_id": "Red", "arr_dt": "1454074453", "direction": "0", "travel_time_sec": "707", "benchmark_travel_time_sec": "660"}, {"dep_dt": "1454074040", "route_id": "Red", "arr_dt": "1454074756", "direction": "0", "travel_time_sec": "716", "benchmark_travel_time_sec": "660"}, {"dep_dt": "1454074475", "route_id": "Red", "arr_dt": "1454075163", "direction": "0", "travel_time_sec": "688", "benchmark_travel_time_sec": "660"}, {"dep_dt": "1454074638", "route_id": "Red", "arr_dt": "1454075375", "direction": "0", "travel_time_sec": "737", "benchmark_travel_time_sec": "660"}, {"dep_dt": "1454074791", "route_id": "Red", "arr_dt": "1454075630", "direction": "0", "travel_time_sec": "839", "benchmark_travel_time_sec": "660"}, {"dep_dt": "1454075368", "route_id": "Red", "arr_dt": "1454076036", "direction": "0", "travel_time_sec": "668", "benchmark_travel_time_sec": "660"}, {"dep_dt": "1454075545", "route_id": "Red", "arr_dt": "1454076231", "direction": "0", "travel_time_sec": "686", "benchmark_travel_time_sec": "660"}, {"dep_dt": "1454075730", "route_id": "Red", "arr_dt": "1454076413", "direction": "0", "travel_time_sec": "683", "benchmark_travel_time_sec": "660"}, {"dep_dt": "1454076305", "route_id": "Red", "arr_dt": "1454076989", "direction": "0", "travel_time_sec": "684", "benchmark_travel_time_sec": "660"}, {"dep_dt": "1454076458", "route_id": "Red", "arr_dt": "1454077196", "direction": "0", "travel_time_sec": "738", "benchmark_travel_time_sec": "660"}, {"dep_dt": "1454076616", "route_id": "Red", "arr_dt": "1454077441", "direction": "0", "travel_time_sec": "825", "benchmark_travel_time_sec": "660"}, {"dep_dt": "1454076842", "route_id": "Red", "arr_dt": "1454077636", "direction": "0", "travel_time_sec": "794", "benchmark_travel_time_sec": "660"}, {"dep_dt": "1454077079", "route_id": "Red", "arr_dt": "1454077809", "direction": "0", "travel_time_sec": "730", "benchmark_travel_time_sec": "615"}, {"dep_dt": "1454077488", "route_id": "Red", "arr_dt": "1454078090", "direction": "0", "travel_time_sec": "602", "benchmark_travel_time_sec": "615"}, {"dep_dt": "1454077875", "route_id": "Red", "arr_dt": "1454078318", "direction": "0", "travel_time_sec": "443", "benchmark_travel_time_sec": "615"}, {"dep_dt": "1454077967", "route_id": "Red", "arr_dt": "1454078662", "direction": "0", "travel_time_sec": "695", "benchmark_travel_time_sec": "615"}, {"dep_dt": "1454078128", "route_id": "Red", "arr_dt": "1454078863", "direction": "0", "travel_time_sec": "735", "benchmark_travel_time_sec": "615"}, {"dep_dt": "1454078309", "route_id": "Red", "arr_dt": "1454079051", "direction": "0", "travel_time_sec": "742", "benchmark_travel_time_sec": "615"}, {"dep_dt": "1454078631", "route_id": "Red", "arr_dt": "1454079270", "direction": "0", "travel_time_sec": "639", "benchmark_travel_time_sec": "615"}, {"dep_dt": "1454078797", "route_id": "Red", "arr_dt": "1454079442", "direction": "0", "travel_time_sec": "645", "benchmark_travel_time_sec": "615"}, {"dep_dt": "1454079048", "route_id": "Red", "arr_dt": "1454079640", "direction": "0", "travel_time_sec": "592", "benchmark_travel_time_sec": "600"}, {"dep_dt": "1454079264", "route_id": "Red", "arr_dt": "1454079841", "direction": "0", "travel_time_sec": "577", "benchmark_travel_time_sec": "600"}, {"dep_dt": "1454079548", "route_id": "Red", "arr_dt": "1454080114", "direction": "0", "travel_time_sec": "566", "benchmark_travel_time_sec": "600"}, {"dep_dt": "1454080047", "route_id": "Red", "arr_dt": "1454080656", "direction": "0", "travel_time_sec": "609", "benchmark_travel_time_sec": "600"}, {"dep_dt": "1454080571", "route_id": "Red", "arr_dt": "1454081160", "direction": "0", "travel_time_sec": "589", "benchmark_travel_time_sec": "600"}, {"dep_dt": "1454080733", "route_id": "Red", "arr_dt": "1454081335", "direction": "0", "travel_time_sec": "602", "benchmark_travel_time_sec": "600"}, {"dep_dt": "1454081132", "route_id": "Red", "arr_dt": "1454081753", "direction": "0", "travel_time_sec": "621", "benchmark_travel_time_sec": "600"}, {"dep_dt": "1454081299", "route_id": "Red", "arr_dt": "1454081919", "direction": "0", "travel_time_sec": "620", "benchmark_travel_time_sec": "600"}, {"dep_dt": "1454081854", "route_id": "Red", "arr_dt": "1454082477", "direction": "0", "travel_time_sec": "623", "benchmark_travel_time_sec": "600"}, {"dep_dt": "1454082125", "route_id": "Red", "arr_dt": "1454082782", "direction": "0", "travel_time_sec": "657", "benchmark_travel_time_sec": "600"}, {"dep_dt": "1454082439", "route_id": "Red", "arr_dt": "1454083061", "direction": "0", "travel_time_sec": "622", "benchmark_travel_time_sec": "600"}, {"dep_dt": "1454083517", "route_id": "Red", "arr_dt": "1454084053", "direction": "0", "travel_time_sec": "536", "benchmark_travel_time_sec": "600"}, {"dep_dt": "1454083919", "route_id": "Red", "arr_dt": "1454084480", "direction": "0", "travel_time_sec": "561", "benchmark_travel_time_sec": "600"}, {"dep_dt": "1454084239", "route_id": "Red", "arr_dt": "1454084787", "direction": "0", "travel_time_sec": "548", "benchmark_travel_time_sec": "600"}, {"dep_dt": "1454084389", "route_id": "Red", "arr_dt": "1454084993", "direction": "0", "travel_time_sec": "604", "benchmark_travel_time_sec": "600"}, {"dep_dt": "1454084783", "route_id": "Red", "arr_dt": "1454085345", "direction": "0", "travel_time_sec": "562", "benchmark_travel_time_sec": "600"}, {"dep_dt": "1454084936", "route_id": "Red", "arr_dt": "1454085519", "direction": "0", "travel_time_sec": "583", "benchmark_travel_time_sec": "600"}, {"dep_dt": "1454085446", "route_id": "Red", "arr_dt": "1454086015", "direction": "0", "travel_time_sec": "569", "benchmark_travel_time_sec": "600"}, {"dep_dt": "1454085841", "route_id": "Red", "arr_dt": "1454086364", "direction": "0", "travel_time_sec": "523", "benchmark_travel_time_sec": "600"}, {"dep_dt": "1454086276", "route_id": "Red", "arr_dt": "1454086850", "direction": "0", "travel_time_sec": "574", "benchmark_travel_time_sec": "600"}, {"dep_dt": "1454086579", "route_id": "Red", "arr_dt": "1454087161", "direction": "0", "travel_time_sec": "582", "benchmark_travel_time_sec": "600"}, {"dep_dt": "1454087209", "route_id": "Red", "arr_dt": "1454087836", "direction": "0", "travel_time_sec": "627", "benchmark_travel_time_sec": "600"}, {"dep_dt": "1454087494", "route_id": "Red", "arr_dt": "1454088124", "direction": "0", "travel_time_sec": "630", "benchmark_travel_time_sec": "600"}, {"dep_dt": "1454087879", "route_id": "Red", "arr_dt": "1454088436", "direction": "0", "travel_time_sec": "557", "benchmark_travel_time_sec": "600"}, {"dep_dt": "1454088686", "route_id": "Red", "arr_dt": "1454089342", "direction": "0", "travel_time_sec": "656", "benchmark_travel_time_sec": "600"}, {"dep_dt": "1454089155", "route_id": "Red", "arr_dt": "1454089722", "direction": "0", "travel_time_sec": "567", "benchmark_travel_time_sec": "600"}, {"dep_dt": "1454089540", "route_id": "Red", "arr_dt": "1454090126", "direction": "0", "travel_time_sec": "586", "benchmark_travel_time_sec": "600"}, {"dep_dt": "1454089894", "route_id": "Red", "arr_dt": "1454090440", "direction": "0", "travel_time_sec": "546", "benchmark_travel_time_sec": "600"}, {"dep_dt": "1454090618", "route_id": "Red", "arr_dt": "1454091221", "direction": "0", "travel_time_sec": "603", "benchmark_travel_time_sec": "600"}, {"dep_dt": "1454090792", "route_id": "Red", "arr_dt": "1454091429", "direction": "0", "travel_time_sec": "637", "benchmark_travel_time_sec": "600"}, {"dep_dt": "1454091115", "route_id": "Red", "arr_dt": "1454091701", "direction": "0", "travel_time_sec": "586", "benchmark_travel_time_sec": "600"}, {"dep_dt": "1454091675", "route_id": "Red", "arr_dt": "1454092299", "direction": "0", "travel_time_sec": "624", "benchmark_travel_time_sec": "600"}, {"dep_dt": "1454092118", "route_id": "Red", "arr_dt": "1454092724", "direction": "0", "travel_time_sec": "606", "benchmark_travel_time_sec": "600"}, {"dep_dt": "1454092377", "route_id": "Red", "arr_dt": "1454092942", "direction": "0", "travel_time_sec": "565", "benchmark_travel_time_sec": "600"}, {"dep_dt": "1454092962", "route_id": "Red", "arr_dt": "1454093568", "direction": "0", "travel_time_sec": "606", "benchmark_travel_time_sec": "600"}, {"dep_dt": "1454093425", "route_id": "Red", "arr_dt": "1454094016", "direction": "0", "travel_time_sec": "591", "benchmark_travel_time_sec": "600"}, {"dep_dt": "1454093803", "route_id": "Red", "arr_dt": "1454094377", "direction": "0", "travel_time_sec": "574", "benchmark_travel_time_sec": "600"}, {"dep_dt": "1454094287", "route_id": "Red", "arr_dt": "1454094849", "direction": "0", "travel_time_sec": "562", "benchmark_travel_time_sec": "600"}, {"dep_dt": "1454094973", "route_id": "Red", "arr_dt": "1454095573", "direction": "0", "travel_time_sec": "600", "benchmark_travel_time_sec": "600"}, {"dep_dt": "1454095596", "route_id": "Red", "arr_dt": "1454096221", "direction": "0", "travel_time_sec": "625", "benchmark_travel_time_sec": "600"}, {"dep_dt": "1454095827", "route_id": "Red", "arr_dt": "1454096440", "direction": "0", "travel_time_sec": "613", "benchmark_travel_time_sec": "600"}, {"dep_dt": "1454096243", "route_id": "Red", "arr_dt": "1454096838", "direction": "0", "travel_time_sec": "595", "benchmark_travel_time_sec": "600"}, {"dep_dt": "1454096681", "route_id": "Red", "arr_dt": "1454097274", "direction": "0", "travel_time_sec": "593", "benchmark_travel_time_sec": "600"}, {"dep_dt": "1454096964", "route_id": "Red", "arr_dt": "1454097619", "direction": "0", "travel_time_sec": "655", "benchmark_travel_time_sec": "600"}, {"dep_dt": "1454097465", "route_id": "Red", "arr_dt": "1454098093", "direction": "0", "travel_time_sec": "628", "benchmark_travel_time_sec": "600"}, {"dep_dt": "1454097846", "route_id": "Red", "arr_dt": "1454098435", "direction": "0", "travel_time_sec": "589", "benchmark_travel_time_sec": "600"}, {"dep_dt": "1454098794", "route_id": "Red", "arr_dt": "1454099373", "direction": "0", "travel_time_sec": "579", "benchmark_travel_time_sec": "600"}, {"dep_dt": "1454098945", "route_id": "Red", "arr_dt": "1454099561", "direction": "0", "travel_time_sec": "616", "benchmark_travel_time_sec": "600"}, {"dep_dt": "1454099297", "route_id": "Red", "arr_dt": "1454099986", "direction": "0", "travel_time_sec": "689", "benchmark_travel_time_sec": "600"}, {"dep_dt": "1454099537", "route_id": "Red", "arr_dt": "1454100211", "direction": "0", "travel_time_sec": "674", "benchmark_travel_time_sec": "600"}, {"dep_dt": "1454099922", "route_id": "Red", "arr_dt": "1454100499", "direction": "0", "travel_time_sec": "577", "benchmark_travel_time_sec": "600"}, {"dep_dt": "1454100525", "route_id": "Red", "arr_dt": "1454101151", "direction": "0", "travel_time_sec": "626", "benchmark_travel_time_sec": "600"}, {"dep_dt": "1454101167", "route_id": "Red", "arr_dt": "1454101849", "direction": "0", "travel_time_sec": "682", "benchmark_travel_time_sec": "700"}, {"dep_dt": "1454101575", "route_id": "Red", "arr_dt": "1454102406", "direction": "0", "travel_time_sec": "831", "benchmark_travel_time_sec": "700"}, {"dep_dt": "1454101987", "route_id": "Red", "arr_dt": "1454102635", "direction": "0", "travel_time_sec": "648", "benchmark_travel_time_sec": "700"}, {"dep_dt": "1454102124", "route_id": "Red", "arr_dt": "1454102822", "direction": "0", "travel_time_sec": "698", "benchmark_travel_time_sec": "700"}, {"dep_dt": "1454102389", "route_id": "Red", "arr_dt": "1454103050", "direction": "0", "travel_time_sec": "661", "benchmark_travel_time_sec": "720"}, {"dep_dt": "1454102528", "route_id": "Red", "arr_dt": "1454103232", "direction": "0", "travel_time_sec": "704", "benchmark_travel_time_sec": "720"}, {"dep_dt": "1454102901", "route_id": "Red", "arr_dt": "1454103469", "direction": "0", "travel_time_sec": "568", "benchmark_travel_time_sec": "720"}, {"dep_dt": "1454103080", "route_id": "Red", "arr_dt": "1454103682", "direction": "0", "travel_time_sec": "602", "benchmark_travel_time_sec": "720"}, {"dep_dt": "1454103557", "route_id": "Red", "arr_dt": "1454104284", "direction": "0", "travel_time_sec": "727", "benchmark_travel_time_sec": "720"}, {"dep_dt": "1454103989", "route_id": "Red", "arr_dt": "1454104659", "direction": "0", "travel_time_sec": "670", "benchmark_travel_time_sec": "720"}, {"dep_dt": "1454104313", "route_id": "Red", "arr_dt": "1454104865", "direction": "0", "travel_time_sec": "552", "benchmark_travel_time_sec": "720"}, {"dep_dt": "1454104588", "route_id": "Red", "arr_dt": "1454105330", "direction": "0", "travel_time_sec": "742", "benchmark_travel_time_sec": "720"}, {"dep_dt": "1454104747", "route_id": "Red", "arr_dt": "1454105524", "direction": "0", "travel_time_sec": "777", "benchmark_travel_time_sec": "720"}, {"dep_dt": "1454105044", "route_id": "Red", "arr_dt": "1454105743", "direction": "0", "travel_time_sec": "699", "benchmark_travel_time_sec": "720"}, {"dep_dt": "1454105301", "route_id": "Red", "arr_dt": "1454105961", "direction": "0", "travel_time_sec": "660", "benchmark_travel_time_sec": "720"}, {"dep_dt": "1454105720", "route_id": "Red", "arr_dt": "1454106396", "direction": "0", "travel_time_sec": "676", "benchmark_travel_time_sec": "720"}, {"dep_dt": "1454105986", "route_id": "Red", "arr_dt": "1454106644", "direction": "0", "travel_time_sec": "658", "benchmark_travel_time_sec": "720"}, {"dep_dt": "1454106126", "route_id": "Red", "arr_dt": "1454106933", "direction": "0", "travel_time_sec": "807", "benchmark_travel_time_sec": "720"}, {"dep_dt": "1454106416", "route_id": "Red", "arr_dt": "1454107187", "direction": "0", "travel_time_sec": "771", "benchmark_travel_time_sec": "720"}, {"dep_dt": "1454106824", "route_id": "Red", "arr_dt": "1454107563", "direction": "0", "travel_time_sec": "739", "benchmark_travel_time_sec": "720"}, {"dep_dt": "1454107027", "route_id": "Red", "arr_dt": "1454107794", "direction": "0", "travel_time_sec": "767", "benchmark_travel_time_sec": "720"}, {"dep_dt": "1454107737", "route_id": "Red", "arr_dt": "1454108322", "direction": "0", "travel_time_sec": "585", "benchmark_travel_time_sec": "720"}, {"dep_dt": "1454108280", "route_id": "Red", "arr_dt": "1454109009", "direction": "0", "travel_time_sec": "729", "benchmark_travel_time_sec": "668"}, {"dep_dt": "1454108564", "route_id": "Red", "arr_dt": "1454109231", "direction": "0", "travel_time_sec": "667", "benchmark_travel_time_sec": "668"}, {"dep_dt": "1454108786", "route_id": "Red", "arr_dt": "1454109470", "direction": "0", "travel_time_sec": "684", "benchmark_travel_time_sec": "668"}, {"dep_dt": "1454109023", "route_id": "Red", "arr_dt": "1454109715", "direction": "0", "travel_time_sec": "692", "benchmark_travel_time_sec": "668"}, {"dep_dt": "1454109203", "route_id": "Red", "arr_dt": "1454109924", "direction": "0", "travel_time_sec": "721", "benchmark_travel_time_sec": "668"}, {"dep_dt": "1454109341", "route_id": "Red", "arr_dt": "1454110130", "direction": "0", "travel_time_sec": "789", "benchmark_travel_time_sec": "668"}, {"dep_dt": "1454109596", "route_id": "Red", "arr_dt": "1454110312", "direction": "0", "travel_time_sec": "716", "benchmark_travel_time_sec": "660"}, {"dep_dt": "1454109764", "route_id": "Red", "arr_dt": "1454110498", "direction": "0", "travel_time_sec": "734", "benchmark_travel_time_sec": "660"}, {"dep_dt": "1454110005", "route_id": "Red", "arr_dt": "1454110681", "direction": "0", "travel_time_sec": "676", "benchmark_travel_time_sec": "660"}, {"dep_dt": "1454110194", "route_id": "Red", "arr_dt": "1454110871", "direction": "0", "travel_time_sec": "677", "benchmark_travel_time_sec": "660"}, {"dep_dt": "1454110518", "route_id": "Red", "arr_dt": "1454111110", "direction": "0", "travel_time_sec": "592", "benchmark_travel_time_sec": "660"}, {"dep_dt": "1454110661", "route_id": "Red", "arr_dt": "1454111293", "direction": "0", "travel_time_sec": "632", "benchmark_travel_time_sec": "660"}, {"dep_dt": "1454110802", "route_id": "Red", "arr_dt": "1454111468", "direction": "0", "travel_time_sec": "666", "benchmark_travel_time_sec": "660"}, {"dep_dt": "1454111141", "route_id": "Red", "arr_dt": "1454111755", "direction": "0", "travel_time_sec": "614", "benchmark_travel_time_sec": "660"}, {"dep_dt": "1454111442", "route_id": "Red", "arr_dt": "1454112013", "direction": "0", "travel_time_sec": "571", "benchmark_travel_time_sec": "660"}, {"dep_dt": "1454111944", "route_id": "Red", "arr_dt": "1454112396", "direction": "0", "travel_time_sec": "452", "benchmark_travel_time_sec": "660"}, {"dep_dt": "1454112215", "route_id": "Red", "arr_dt": "1454112823", "direction": "0", "travel_time_sec": "608", "benchmark_travel_time_sec": "660"}, {"dep_dt": "1454112350", "route_id": "Red", "arr_dt": "1454113023", "direction": "0", "travel_time_sec": "673", "benchmark_travel_time_sec": "660"}, {"dep_dt": "1454112596", "route_id": "Red", "arr_dt": "1454113233", "direction": "0", "travel_time_sec": "637", "benchmark_travel_time_sec": "660"}, {"dep_dt": "1454112753", "route_id": "Red", "arr_dt": "1454113410", "direction": "0", "travel_time_sec": "657", "benchmark_travel_time_sec": "660"}, {"dep_dt": "1454112958", "route_id": "Red", "arr_dt": "1454113584", "direction": "0", "travel_time_sec": "626", "benchmark_travel_time_sec": "660"}, {"dep_dt": "1454113153", "route_id": "Red", "arr_dt": "1454113767", "direction": "0", "travel_time_sec": "614", "benchmark_travel_time_sec": "660"}, {"dep_dt": "1454113585", "route_id": "Red", "arr_dt": "1454114155", "direction": "0", "travel_time_sec": "570", "benchmark_travel_time_sec": "660"}, {"dep_dt": "1454113806", "route_id": "Red", "arr_dt": "1454114427", "direction": "0", "travel_time_sec": "621", "benchmark_travel_time_sec": "660"}, {"dep_dt": "1454114185", "route_id": "Red", "arr_dt": "1454114795", "direction": "0", "travel_time_sec": "610", "benchmark_travel_time_sec": "660"}, {"dep_dt": "1454114416", "route_id": "Red", "arr_dt": "1454115077", "direction": "0", "travel_time_sec": "661", "benchmark_travel_time_sec": "660"}, {"dep_dt": "1454114802", "route_id": "Red", "arr_dt": "1454115420", "direction": "0", "travel_time_sec": "618", "benchmark_travel_time_sec": "660"}, {"dep_dt": "1454115280", "route_id": "Red", "arr_dt": "1454115889", "direction": "0", "travel_time_sec": "609", "benchmark_travel_time_sec": "550"}, {"dep_dt": "1454115758", "route_id": "Red", "arr_dt": "1454116319", "direction": "0", "travel_time_sec": "561", "benchmark_travel_time_sec": "550"}, {"dep_dt": "1454116099", "route_id": "Red", "arr_dt": "1454116659", "direction": "0", "travel_time_sec": "560", "benchmark_travel_time_sec": "550"}, {"dep_dt": "1454116444", "route_id": "Red", "arr_dt": "1454117008", "direction": "0", "travel_time_sec": "564", "benchmark_travel_time_sec": "550"}, {"dep_dt": "1454116794", "route_id": "Red", "arr_dt": "1454117358", "direction": "0", "travel_time_sec": "564", "benchmark_travel_time_sec": "550"}, {"dep_dt": "1454117258", "route_id": "Red", "arr_dt": "1454117901", "direction": "0", "travel_time_sec": "643", "benchmark_travel_time_sec": "540"}, {"dep_dt": "1454117672", "route_id": "Red", "arr_dt": "1454118235", "direction": "0", "travel_time_sec": "563", "benchmark_travel_time_sec": "540"}, {"dep_dt": "1454118117", "route_id": "Red", "arr_dt": "1454118771", "direction": "0", "travel_time_sec": "654", "benchmark_travel_time_sec": "540"}, {"dep_dt": "1454118289", "route_id": "Red", "arr_dt": "1454118977", "direction": "0", "travel_time_sec": "688", "benchmark_travel_time_sec": "540"}, {"dep_dt": "1454118606", "route_id": "Red", "arr_dt": "1454119184", "direction": "0", "travel_time_sec": "578", "benchmark_travel_time_sec": "540"}, {"dep_dt": "1454118884", "route_id": "Red", "arr_dt": "1454119427", "direction": "0", "travel_time_sec": "543", "benchmark_travel_time_sec": "540"}, {"dep_dt": "1454119617", "route_id": "Red", "arr_dt": "1454120224", "direction": "0", "travel_time_sec": "607", "benchmark_travel_time_sec": "540"}, {"dep_dt": "1454120418", "route_id": "Red", "arr_dt": "1454120993", "direction": "0", "travel_time_sec": "575", "benchmark_travel_time_sec": "540"}, {"dep_dt": "1454121084", "route_id": "Red", "arr_dt": "1454121947", "direction": "0", "travel_time_sec": "863", "threshold_flag_1": "threshold_id_04", "benchmark_travel_time_sec": "540"}, {"dep_dt": "1454121288", "route_id": "Red", "arr_dt": "1454122126", "direction": "0", "travel_time_sec": "838", "threshold_flag_1": "threshold_id_04", "benchmark_travel_time_sec": "540"}, {"dep_dt": "1454121976", "route_id": "Red", "arr_dt": "1454122771", "direction": "0", "travel_time_sec": "795", "threshold_flag_1": "threshold_id_04", "benchmark_travel_time_sec": "540"}, {"dep_dt": "1454122408", "threshold_flag_3": "threshold_id_06", "route_id": "Red", "arr_dt": "1454123616", "direction": "0", "threshold_flag_2": "threshold_id_05", "travel_time_sec": "1208", "threshold_flag_1": "threshold_id_04", "benchmark_travel_time_sec": "540"}, {"dep_dt": "1454123366", "route_id": "Red", "arr_dt": "1454123978", "direction": "0", "travel_time_sec": "612", "benchmark_travel_time_sec": "540"}, {"dep_dt": "1454123518", "route_id": "Red", "arr_dt": "1454124164", "direction": "0", "travel_time_sec": "646", "benchmark_travel_time_sec": "540"}, {"dep_dt": "1454123773", "route_id": "Red", "arr_dt": "1454124364", "direction": "0", "travel_time_sec": "591", "benchmark_travel_time_sec": "540"}, {"dep_dt": "1454124347", "route_id": "Red", "arr_dt": "1454124909", "direction": "0", "travel_time_sec": "562", "benchmark_travel_time_sec": "540"}, {"dep_dt": "1454124592", "route_id": "Red", "arr_dt": "1454125145", "direction": "0", "travel_time_sec": "553", "benchmark_travel_time_sec": "540"}, {"dep_dt": "1454125115", "route_id": "Red", "arr_dt": "1454125704", "direction": "0", "travel_time_sec": "589", "benchmark_travel_time_sec": "540"}, {"dep_dt": "1454125526", "route_id": "Red", "arr_dt": "1454126135", "direction": "0", "travel_time_sec": "609", "benchmark_travel_time_sec": "540"}, {"dep_dt": "1454125676", "route_id": "Red", "arr_dt": "1454126335", "direction": "0", "travel_time_sec": "659", "benchmark_travel_time_sec": "540"}, {"dep_dt": "1454125955", "route_id": "Red", "arr_dt": "1454126563", "direction": "0", "travel_time_sec": "608", "benchmark_travel_time_sec": "540"}, {"dep_dt": "1454126367", "route_id": "Red", "arr_dt": "1454127003", "direction": "0", "travel_time_sec": "636", "benchmark_travel_time_sec": "540"}, {"dep_dt": "1454126537", "route_id": "Red", "arr_dt": "1454127183", "direction": "0", "travel_time_sec": "646", "benchmark_travel_time_sec": "540"}, {"dep_dt": "1454126808", "route_id": "Red", "arr_dt": "1454127385", "direction": "0", "travel_time_sec": "577", "benchmark_travel_time_sec": "540"}, {"dep_dt": "1454127134", "route_id": "Red", "arr_dt": "1454127708", "direction": "0", "travel_time_sec": "574", "benchmark_travel_time_sec": "540"}, {"dep_dt": "1454127522", "route_id": "Red", "arr_dt": "1454128101", "direction": "0", "travel_time_sec": "579", "benchmark_travel_time_sec": "540"}, {"dep_dt": "1454127865", "route_id": "Red", "arr_dt": "1454128446", "direction": "0", "travel_time_sec": "581", "benchmark_travel_time_sec": "540"}, {"dep_dt": "1454128215", "route_id": "Red", "arr_dt": "1454128750", "direction": "0", "travel_time_sec": "535", "benchmark_travel_time_sec": "540"}, {"dep_dt": "1454128627", "route_id": "Red", "arr_dt": "1454129178", "direction": "0", "travel_time_sec": "551", "benchmark_travel_time_sec": "540"}, {"dep_dt": "1454129044", "route_id": "Red", "arr_dt": "1454129590", "direction": "0", "travel_time_sec": "546", "benchmark_travel_time_sec": "540"}, {"dep_dt": "1454129386", "route_id": "Red", "arr_dt": "1454129952", "direction": "0", "travel_time_sec": "566", "benchmark_travel_time_sec": "540"}]}