{"travel_times": [{"dep_dt": "1453112934", "route_id": "Red", "arr_dt": "1453113467", "direction": "0", "travel_time_sec": "533", "benchmark_travel_time_sec": "540"}, {"dep_dt": "1453113155", "route_id": "Red", "arr_dt": "1453113683", "direction": "0", "travel_time_sec": "528", "benchmark_travel_time_sec": "540"}, {"dep_dt": "1453113612", "route_id": "Red", "arr_dt": "1453114247", "direction": "0", "travel_time_sec": "635", "benchmark_travel_time_sec": "540"}, {"dep_dt": "1453114088", "route_id": "Red", "arr_dt": "1453114619", "direction": "0", "travel_time_sec": "531", "benchmark_travel_time_sec": "540"}, {"dep_dt": "1453114366", "route_id": "Red", "arr_dt": "1453114979", "direction": "0", "travel_time_sec": "613", "benchmark_travel_time_sec": "540"}, {"dep_dt": "1453115007", "route_id": "Red", "arr_dt": "1453115604", "direction": "0", "travel_time_sec": "597", "benchmark_travel_time_sec": "540"}, {"dep_dt": "1453115655", "route_id": "Red", "arr_dt": "1453116240", "direction": "0", "travel_time_sec": "585", "benchmark_travel_time_sec": "540"}, {"dep_dt": "1453116325", "route_id": "Red", "arr_dt": "1453116946", "direction": "0", "travel_time_sec": "621", "benchmark_travel_time_sec": "540"}, {"dep_dt": "1453116910", "route_id": "Red", "arr_dt": "1453117537", "direction": "0", "travel_time_sec": "627", "benchmark_travel_time_sec": "540"}, {"dep_dt": "1453117495", "route_id": "Red", "arr_dt": "1453118102", "direction": "0", "travel_time_sec": "607", "benchmark_travel_time_sec": "540"}, {"dep_dt": "1453117898", "route_id": "Red", "arr_dt": "1453118605", "direction": "0", "travel_time_sec": "707", "benchmark_travel_time_sec": "540"}, {"dep_dt": "1453118136", "route_id": "Red", "arr_dt": "1453118766", "direction": "0", "travel_time_sec": "630", "benchmark_travel_time_sec": "540"}, {"dep_dt": "1453118316", "route_id": "Red", "arr_dt": "1453118971", "direction": "0", "travel_time_sec": "655", "benchmark_travel_time_sec": "540"}, {"dep_dt": "1453118845", "route_id": "Red", "arr_dt": "1453119424", "direction": "0", "travel_time_sec": "579", "benchmark_travel_time_sec": "540"}, {"dep_dt": "1453119427", "route_id": "Red", "arr_dt": "1453119970", "direction": "0", "travel_time_sec": "543", "benchmark_travel_time_sec": "540"}, {"dep_dt": "1453119937", "route_id": "Red", "arr_dt": "1453120527", "direction": "0", "travel_time_sec": "590", "benchmark_travel_time_sec": "540"}, {"dep_dt": "1453120243", "route_id": "Red", "arr_dt": "1453120821", "direction": "0", "travel_time_sec": "578", "benchmark_travel_time_sec": "540"}, {"dep_dt": "1453120541", "route_id": "Red", "arr_dt": "1453121083", "direction": "0", "travel_time_sec": "542", "benchmark_travel_time_sec": "540"}, {"dep_dt": "1453120938", "route_id": "Red", "arr_dt": "1453121572", "direction": "0", "travel_time_sec": "634", "benchmark_travel_time_sec": "540"}, {"dep_dt": "1453121273", "route_id": "Red", "arr_dt": "1453121843", "direction": "0", "travel_time_sec": "570", "benchmark_travel_time_sec": "540"}, {"dep_dt": "1453121711", "route_id": "Red", "arr_dt": "1453122349", "direction": "0", "travel_time_sec": "638", "benchmark_travel_time_sec": "540"}, {"dep_dt": "1453122263", "route_id": "Red", "arr_dt": "1453122929", "direction": "0", "travel_time_sec": "666", "benchmark_travel_time_sec": "540"}, {"dep_dt": "1453122865", "route_id": "Red", "arr_dt": "1453123402", "direction": "0", "travel_time_sec": "537", "benchmark_travel_time_sec": "540"}, {"dep_dt": "1453123587", "route_id": "Red", "arr_dt": "1453124387", "direction": "0", "travel_time_sec": "800", "threshold_flag_1": "threshold_id_04", "benchmark_travel_time_sec": "540"}, {"dep_dt": "1453123787", "route_id": "Red", "arr_dt": "1453124608", "direction": "0", "travel_time_sec": "821", "threshold_flag_1": "threshold_id_04", "benchmark_travel_time_sec": "540"}, {"dep_dt": "1453124124", "route_id": "Red", "arr_dt": "1453124798", "direction": "0", "travel_time_sec": "674", "benchmark_travel_time_sec": "540"}, {"dep_dt": "1453124540", "route_id": "Red", "arr_dt": "1453125103", "direction": "0", "travel_time_sec": "563", "benchmark_travel_time_sec": "540"}, {"dep_dt": "1453125197", "route_id": "Red", "arr_dt": "1453125786", "direction": "0", "travel_time_sec": "589", "benchmark_travel_time_sec": "540"}, {"dep_dt": "1453125375", "route_id": "Red", "arr_dt": "1453125976", "direction": "0", "travel_time_sec": "601", "benchmark_travel_time_sec": "540"}, {"dep_dt": "1453125800", "route_id": "Red", "arr_dt": "1453126397", "direction": "0", "travel_time_sec": "597", "benchmark_travel_time_sec": "540"}, {"dep_dt": "1453126320", "route_id": "Red", "arr_dt": "1453126884", "direction": "0", "travel_time_sec": "564", "benchmark_travel_time_sec": "540"}, {"dep_dt": "1453126794", "route_id": "Red", "arr_dt": "1453127415", "direction": "0", "travel_time_sec": "621", "benchmark_travel_time_sec": "540"}, {"dep_dt": "1453127141", "route_id": "Red", "arr_dt": "1453127726", "direction": "0", "travel_time_sec": "585", "benchmark_travel_time_sec": "540"}, {"dep_dt": "1453127313", "route_id": "Red", "arr_dt": "1453127898", "direction": "0", "travel_time_sec": "585", "benchmark_travel_time_sec": "540"}, {"dep_dt": "1453127789", "route_id": "Red", "arr_dt": "1453128345", "direction": "0", "travel_time_sec": "556", "benchmark_travel_time_sec": "540"}, {"dep_dt": "1453128262", "route_id": "Red", "arr_dt": "1453128866", "direction": "0", "travel_time_sec": "604", "benchmark_travel_time_sec": "540"}, {"dep_dt": "1453128973", "route_id": "Red", "arr_dt": "1453129526", "direction": "0", "travel_time_sec": "553", "benchmark_travel_time_sec": "600"}, {"dep_dt": "1453129558", "route_id": "Red", "arr_dt": "1453130164", "direction": "0", "travel_time_sec": "606", "benchmark_travel_time_sec": "600"}, {"dep_dt": "1453130030", "route_id": "Red", "arr_dt": "1453130612", "direction": "0", "travel_time_sec": "582", "benchmark_travel_time_sec": "600"}, {"dep_dt": "1453130613", "route_id": "Red", "arr_dt": "1453131186", "direction": "0", "travel_time_sec": "573", "benchmark_travel_time_sec": "600"}, {"dep_dt": "1453131024", "route_id": "Red", "arr_dt": "1453131599", "direction": "0", "travel_time_sec": "575", "benchmark_travel_time_sec": "600"}, {"dep_dt": "1453131459", "route_id": "Red", "arr_dt": "1453132008", "direction": "0", "travel_time_sec": "549", "benchmark_travel_time_sec": "600"}, {"dep_dt": "1453131875", "route_id": "Red", "arr_dt": "1453132510", "direction": "0", "travel_time_sec": "635", "benchmark_travel_time_sec": "600"}, {"dep_dt": "1453132132", "route_id": "Red", "arr_dt": "1453132702", "direction": "0", "travel_time_sec": "570", "benchmark_travel_time_sec": "600"}, {"dep_dt": "1453132554", "route_id": "Red", "arr_dt": "1453133177", "direction": "0", "travel_time_sec": "623", "benchmark_travel_time_sec": "600"}, {"dep_dt": "1453132868", "route_id": "Red", "arr_dt": "1453133420", "direction": "0", "travel_time_sec": "552", "benchmark_travel_time_sec": "600"}, {"dep_dt": "1453133244", "route_id": "Red", "arr_dt": "1453133788", "direction": "0", "travel_time_sec": "544", "benchmark_travel_time_sec": "600"}, {"dep_dt": "1453133717", "route_id": "Red", "arr_dt": "1453134305", "direction": "0", "travel_time_sec": "588", "benchmark_travel_time_sec": "600"}, {"dep_dt": "1453134265", "route_id": "Red", "arr_dt": "1453134824", "direction": "0", "travel_time_sec": "559", "benchmark_travel_time_sec": "600"}, {"dep_dt": "1453134675", "route_id": "Red", "arr_dt": "1453135300", "direction": "0", "travel_time_sec": "625", "benchmark_travel_time_sec": "600"}, {"dep_dt": "1453135067", "route_id": "Red", "arr_dt": "1453135619", "direction": "0", "travel_time_sec": "552", "benchmark_travel_time_sec": "600"}, {"dep_dt": "1453135544", "route_id": "Red", "arr_dt": "1453136155", "direction": "0", "travel_time_sec": "611", "benchmark_travel_time_sec": "600"}, {"dep_dt": "1453136050", "route_id": "Red", "arr_dt": "1453136633", "direction": "0", "travel_time_sec": "583", "benchmark_travel_time_sec": "600"}, {"dep_dt": "1453136508", "route_id": "Red", "arr_dt": "1453137082", "direction": "0", "travel_time_sec": "574", "benchmark_travel_time_sec": "600"}, {"dep_dt": "1453137200", "route_id": "Red", "arr_dt": "1453137796", "direction": "0", "travel_time_sec": "596", "benchmark_travel_time_sec": "600"}, {"dep_dt": "1453137590", "route_id": "Red", "arr_dt": "1453138152", "direction": "0", "travel_time_sec": "562", "benchmark_travel_time_sec": "600"}, {"dep_dt": "1453137993", "route_id": "Red", "arr_dt": "1453138581", "direction": "0", "travel_time_sec": "588", "benchmark_travel_time_sec": "600"}, {"dep_dt": "1453138537", "route_id": "Red", "arr_dt": "1453139118", "direction": "0", "travel_time_sec": "581", "benchmark_travel_time_sec": "600"}, {"dep_dt": "1453138951", "route_id": "Red", "arr_dt": "1453139521", "direction": "0", "travel_time_sec": "570", "benchmark_travel_time_sec": "600"}, {"dep_dt": "1453139258", "route_id": "Red", "arr_dt": "1453139814", "direction": "0", "travel_time_sec": "556", "benchmark_travel_time_sec": "600"}, {"dep_dt": "1453139616", "route_id": "Red", "arr_dt": "1453140167", "direction": "0", "travel_time_sec": "551", "benchmark_travel_time_sec": "600"}, {"dep_dt": "1453140015", "route_id": "Red", "arr_dt": "1453140566", "direction": "0", "travel_time_sec": "551", "benchmark_travel_time_sec": "600"}, {"dep_dt": "1453140664", "route_id": "Red", "arr_dt": "1453141237", "direction": "0", "travel_time_sec": "573", "benchmark_travel_time_sec": "600"}, {"dep_dt": "1453141129", "route_id": "Red", "arr_dt": "1453141737", "direction": "0", "travel_time_sec": "608", "benchmark_travel_time_sec": "600"}, {"dep_dt": "1453141527", "route_id": "Red", "arr_dt": "1453142077", "direction": "0", "travel_time_sec": "550", "benchmark_travel_time_sec": "600"}, {"dep_dt": "1453141935", "route_id": "Red", "arr_dt": "1453142522", "direction": "0", "travel_time_sec": "587", "benchmark_travel_time_sec": "600"}, {"dep_dt": "1453142306", "route_id": "Red", "arr_dt": "1453142896", "direction": "0", "travel_time_sec": "590", "benchmark_travel_time_sec": "600"}, {"dep_dt": "1453142516", "route_id": "Red", "arr_dt": "1453143103", "direction": "0", "travel_time_sec": "587", "benchmark_travel_time_sec": "600"}, {"dep_dt": "1453142916", "route_id": "Red", "arr_dt": "1453143462", "direction": "0", "travel_time_sec": "546", "benchmark_travel_time_sec": "600"}, {"dep_dt": "1453143338", "route_id": "Red", "arr_dt": "1453143887", "direction": "0", "travel_time_sec": "549", "benchmark_travel_time_sec": "600"}, {"dep_dt": "1453143755", "route_id": "Red", "arr_dt": "1453144304", "direction": "0", "travel_time_sec": "549", "benchmark_travel_time_sec": "600"}, {"dep_dt": "1453144250", "route_id": "Red", "arr_dt": "1453144782", "direction": "0", "travel_time_sec": "532", "benchmark_travel_time_sec": "600"}, {"dep_dt": "1453145018", "route_id": "Red", "arr_dt": "1453145699", "direction": "0", "travel_time_sec": "681", "benchmark_travel_time_sec": "600"}, {"dep_dt": "1453145179", "route_id": "Red", "arr_dt": "1453145919", "direction": "0", "travel_time_sec": "740", "benchmark_travel_time_sec": "600"}, {"dep_dt": "1453145593", "route_id": "Red", "arr_dt": "1453146202", "direction": "0", "travel_time_sec": "609", "benchmark_travel_time_sec": "600"}, {"dep_dt": "1453145891", "route_id": "Red", "arr_dt": "1453146505", "direction": "0", "travel_time_sec": "614", "benchmark_travel_time_sec": "600"}, {"dep_dt": "1453146418", "route_id": "Red", "arr_dt": "1453146979", "direction": "0", "travel_time_sec": "561", "benchmark_travel_time_sec": "600"}, {"dep_dt": "1453146843", "route_id": "Red", "arr_dt": "1453147457", "direction": "0", "travel_time_sec": "614", "benchmark_travel_time_sec": "600"}, {"dep_dt": "1453147169", "route_id": "Red", "arr_dt": "1453147772", "direction": "0", "travel_time_sec": "603", "benchmark_travel_time_sec": "600"}, {"dep_dt": "1453147536", "route_id": "Red", "arr_dt": "1453148133", "direction": "0", "travel_time_sec": "597", "benchmark_travel_time_sec": "600"}, {"dep_dt": "1453147924", "route_id": "Red", "arr_dt": "1453148490", "direction": "0", "travel_time_sec": "566", "benchmark_travel_time_sec": "600"}, {"dep_dt": "1453148356", "route_id": "Red", "arr_dt": "1453148927", "direction": "0", "travel_time_sec": "571", "benchmark_travel_time_sec": "600"}, {"dep_dt": "1453148930", "route_id": "Red", "arr_dt": "1453149557", "direction": "0", "travel_time_sec": "627", "benchmark_travel_time_sec": "600"}, {"dep_dt": "1453149355", "route_id": "Red", "arr_dt": "1453149907", "direction": "0", "travel_time_sec": "552", "benchmark_travel_time_sec": "600"}, {"dep_dt": "1453149506", "route_id": "Red", "arr_dt": "1453150108", "direction": "0", "travel_time_sec": "602", "benchmark_travel_time_sec": "600"}, {"dep_dt": "1453149945", "route_id": "Red", "arr_dt": "1453150523", "direction": "0", "travel_time_sec": "578", "benchmark_travel_time_sec": "600"}, {"dep_dt": "1453150427", "route_id": "Red", "arr_dt": "1453151013", "direction": "0", "travel_time_sec": "586", "benchmark_travel_time_sec": "600"}, {"dep_dt": "1453150886", "route_id": "Red", "arr_dt": "1453151520", "direction": "0", "travel_time_sec": "634", "benchmark_travel_time_sec": "600"}, {"dep_dt": "1453151404", "route_id": "Red", "arr_dt": "1453152033", "direction": "0", "travel_time_sec": "629", "benchmark_travel_time_sec": "600"}, {"dep_dt": "1453151589", "route_id": "Red", "arr_dt": "1453152238", "direction": "0", "travel_time_sec": "649", "benchmark_travel_time_sec": "600"}, {"dep_dt": "1453152153", "route_id": "Red", "arr_dt": "1453152779", "direction": "0", "travel_time_sec": "626", "benchmark_travel_time_sec": "600"}, {"dep_dt": "1453152518", "route_id": "Red", "arr_dt": "1453153259", "direction": "0", "travel_time_sec": "741", "benchmark_travel_time_sec": "600"}, {"dep_dt": "1453152966", "route_id": "Red", "arr_dt": "1453153739", "direction": "0", "travel_time_sec": "773", "benchmark_travel_time_sec": "600"}, {"dep_dt": "1453153545", "route_id": "Red", "arr_dt": "1453154123", "direction": "0", "travel_time_sec": "578", "benchmark_travel_time_sec": "600"}, {"dep_dt": "1453153904", "route_id": "Red", "arr_dt": "1453154481", "direction": "0", "travel_time_sec": "577", "benchmark_travel_time_sec": "600"}, {"dep_dt": "1453154325", "route_id": "Red", "arr_dt": "1453154915", "direction": "0", "travel_time_sec": "590", "benchmark_travel_time_sec": "600"}, {"dep_dt": "1453154545", "route_id": "Red", "arr_dt": "1453155116", "direction": "0", "travel_time_sec": "571", "benchmark_travel_time_sec": "600"}, {"dep_dt": "1453155163", "route_id": "Red", "arr_dt": "1453155718", "direction": "0", "travel_time_sec": "555", "benchmark_travel_time_sec": "600"}, {"dep_dt": "1453155650", "route_id": "Red", "arr_dt": "1453156235", "direction": "0", "travel_time_sec": "585", "benchmark_travel_time_sec": "600"}, {"dep_dt": "1453155903", "route_id": "Red", "arr_dt": "1453156478", "direction": "0", "travel_time_sec": "575", "benchmark_travel_time_sec": "600"}, {"dep_dt": "1453156305", "route_id": "Red", "arr_dt": "1453156913", "direction": "0", "travel_time_sec": "608", "benchmark_travel_time_sec": "600"}, {"dep_dt": "1453157001", "route_id": "Red", "arr_dt": "1453157600", "direction": "0", "travel_time_sec": "599", "benchmark_travel_time_sec": "600"}, {"dep_dt": "1453157434", "route_id": "Red", "arr_dt": "1453158029", "direction": "0", "travel_time_sec": "595", "benchmark_travel_time_sec": "600"}, {"dep_dt": "1453157732", "route_id": "Red", "arr_dt": "1453158283", "direction": "0", "travel_time_sec": "551", "benchmark_travel_time_sec": "600"}, {"dep_dt": "1453158336", "route_id": "Red", "arr_dt": "1453158971", "direction": "0", "travel_time_sec": "635", "benchmark_travel_time_sec": "600"}, {"dep_dt": "1453158745", "route_id": "Red", "arr_dt": "1453159324", "direction": "0", "travel_time_sec": "579", "benchmark_travel_time_sec": "600"}, {"dep_dt": "1453158977", "route_id": "Red", "arr_dt": "1453159575", "direction": "0", "travel_time_sec": "598", "benchmark_travel_time_sec": "600"}, {"dep_dt": "1453159361", "route_id": "Red", "arr_dt": "1453159971", "direction": "0", "travel_time_sec": "610", "benchmark_travel_time_sec": "600"}, {"dep_dt": "1453160036", "route_id": "Red", "arr_dt": "1453160637", "direction": "0", "travel_time_sec": "601", "benchmark_travel_time_sec": "600"}, {"dep_dt": "1453160445", "route_id": "Red", "arr_dt": "1453161013", "direction": "0", "travel_time_sec": "568", "benchmark_travel_time_sec": "600"}, {"dep_dt": "1453160578", "route_id": "Red", "arr_dt": "1453161217", "direction": "0", "travel_time_sec": "639", "benchmark_travel_time_sec": "600"}, {"dep_dt": "1453160939", "route_id": "Red", "arr_dt": "1453161467", "direction": "0", "travel_time_sec": "528", "benchmark_travel_time_sec": "600"}, {"dep_dt": "1453161434", "route_id": "Red", "arr_dt": "1453162035", "direction": "0", "travel_time_sec": "601", "benchmark_travel_time_sec": "600"}, {"dep_dt": "1453161882", "route_id": "Red", "arr_dt": "1453162500", "direction": "0", "travel_time_sec": "618", "benchmark_travel_time_sec": "600"}, {"dep_dt": "1453162523", "route_id": "Red", "arr_dt": "1453163098", "direction": "0", "travel_time_sec": "575", "benchmark_travel_time_sec": "600"}, {"dep_dt": "1453162909", "route_id": "Red", "arr_dt": "1453163490", "direction": "0", "travel_time_sec": "581", "benchmark_travel_time_sec": "600"}, {"dep_dt": "1453163176", "route_id": "Red", "arr_dt": "1453163762", "direction": "0", "travel_time_sec": "586", "benchmark_travel_time_sec": "600"}, {"dep_dt": "1453163693", "route_id": "Red", "arr_dt": "1453164229", "direction": "0", "travel_time_sec": "536", "benchmark_travel_time_sec": "600"}, {"dep_dt": "1453164197", "route_id": "Red", "arr_dt": "1453164831", "direction": "0", "travel_time_sec": "634", "benchmark_travel_time_sec": "600"}, {"dep_dt": "1453164608", "route_id": "Red", "arr_dt": "1453165154", "direction": "0", "travel_time_sec": "546", "benchmark_travel_time_sec": "600"}, {"dep_dt": "1453164876", "route_id": "Red", "arr_dt": "1453165412", "direction": "0", "travel_time_sec": "536", "benchmark_travel_time_sec": "600"}, {"dep_dt": "1453165300", "route_id": "Red", "arr_dt": "1453165888", "direction": "0", "travel_time_sec": "588", "benchmark_travel_time_sec": "600"}, {"dep_dt": "1453165631", "route_id": "Red", "arr_dt": "1453166201", "direction": "0", "travel_time_sec": "570", "benchmark_travel_time_sec": "600"}, {"dep_dt": "1453165993", "route_id": "Red", "arr_dt": "1453166548", "direction": "0", "travel_time_sec": "555", "benchmark_travel_time_sec": "600"}, {"dep_dt": "1453166421", "route_id": "Red", "arr_dt": "1453167000", "direction": "0", "travel_time_sec": "579", "benchmark_travel_time_sec": "600"}, {"dep_dt": "1453166779", "route_id": "Red", "arr_dt": "1453167314", "direction": "0", "travel_time_sec": "535", "benchmark_travel_time_sec": "600"}, {"dep_dt": "1453167345", "route_id": "Red", "arr_dt": "1453167959", "direction": "0", "travel_time_sec": "614", "benchmark_travel_time_sec": "600"}, {"dep_dt": "1453167674", "route_id": "Red", "arr_dt": "1453168204", "direction": "0", "travel_time_sec": "530", "benchmark_travel_time_sec": "600"}, {"dep_dt": "1453168177", "route_id": "Red", "arr_dt": "1453168783", "direction": "0", "travel_time_sec": "606", "benchmark_travel_time_sec": "600"}, {"dep_dt": "1453168608", "route_id": "Red", "arr_dt": "1453169193", "direction": "0", "travel_time_sec": "585", "benchmark_travel_time_sec": "600"}, {"dep_dt": "1453168937", "route_id": "Red", "arr_dt": "1453169482", "direction": "0", "travel_time_sec": "545", "benchmark_travel_time_sec": "600"}, {"dep_dt": "1453169398", "route_id": "Red", "arr_dt": "1453170089", "direction": "0", "travel_time_sec": "691", "benchmark_travel_time_sec": "600"}, {"dep_dt": "1453170137", "route_id": "Red", "arr_dt": "1453170760", "direction": "0", "travel_time_sec": "623", "benchmark_travel_time_sec": "600"}, {"dep_dt": "1453170516", "route_id": "Red", "arr_dt": "1453171074", "direction": "0", "travel_time_sec": "558", "benchmark_travel_time_sec": "600"}, {"dep_dt": "1453171186", "route_id": "Red", "arr_dt": "1453171761", "direction": "0", "travel_time_sec": "575", "benchmark_travel_time_sec": "600"}, {"dep_dt": "1453171549", "route_id": "Red", "arr_dt": "1453172080", "direction": "0", "travel_time_sec": "531", "benchmark_travel_time_sec": "600"}, {"dep_dt": "1453171999", "route_id": "Red", "arr_dt": "1453172544", "direction": "0", "travel_time_sec": "545", "benchmark_travel_time_sec": "600"}, {"dep_dt": "1453172537", "route_id": "Red", "arr_dt": "1453173069", "direction": "0", "travel_time_sec": "532", "benchmark_travel_time_sec": "600"}, {"dep_dt": "1453172926", "route_id": "Red", "arr_dt": "1453173449", "direction": "0", "travel_time_sec": "523", "benchmark_travel_time_sec": "600"}, {"dep_dt": "1453173324", "route_id": "Red", "arr_dt": "1453173901", "direction": "0", "travel_time_sec": "577", "benchmark_travel_time_sec": "600"}, {"dep_dt": "1453173645", "route_id": "Red", "arr_dt": "1453174220", "direction": "0", "travel_time_sec": "575", "benchmark_travel_time_sec": "600"}, {"dep_dt": "1453174402", "route_id": "Red", "arr_dt": "1453174992", "direction": "0", "travel_time_sec": "590", "benchmark_travel_time_sec": "600"}, {"dep_dt": "1453174784", "route_id": "Red", "arr_dt": "1453175384", "direction": "0", "travel_time_sec": "600", "benchmark_travel_time_sec": "600"}, {"dep_dt": "1453175242", "route_id": "Red", "arr_dt": "1453175887", "direction": "0", "travel_time_sec": "645", "benchmark_travel_time_sec": "600"}, {"dep_dt": "1453175563", "route_id": "Red", "arr_dt": "1453176103", "direction": "0", "travel_time_sec": "540", "benchmark_travel_time_sec": "600"}, {"dep_dt": "1453175763", "route_id": "Red", "arr_dt": "1453176329", "direction": "0", "travel_time_sec": "566", "benchmark_travel_time_sec": "600"}, {"dep_dt": "1453176187", "route_id": "Red", "arr_dt": "1453176727", "direction": "0", "travel_time_sec": "540", "benchmark_travel_time_sec": "600"}, {"dep_dt": "1453176930", "route_id": "Red", "arr_dt": "1453177490", "direction": "0", "travel_time_sec": "560", "benchmark_travel_time_sec": "600"}, {"dep_dt": "1453177250", "route_id": "Red", "arr_dt": "1453177801", "direction": "0", "travel_time_sec": "551", "benchmark_travel_time_sec": "600"}, {"dep_dt": "1453177638", "route_id": "Red", "arr_dt": "1453178172", "direction": "0", "travel_time_sec": "534", "benchmark_travel_time_sec": "600"}, {"dep_dt": "1453178127", "route_id": "Red", "arr_dt": "1453178696", "direction": "0", "travel_time_sec": "569", "benchmark_travel_time_sec": "600"}, {"dep_dt": "1453178432", "route_id": "Red", "arr_dt": "1453178962", "direction": "0", "travel_time_sec": "530", "benchmark_travel_time_sec": "600"}, {"dep_dt": "1453178844", "route_id": "Red", "arr_dt": "1453179387", "direction": "0", "travel_time_sec": "543", "benchmark_travel_time_sec": "600"}]}