{"travel_times": [{"dep_dt": "1462593553", "route_id": "Red", "arr_dt": "1462594131", "direction": "0", "travel_time_sec": "578", "benchmark_travel_time_sec": "540"}, {"dep_dt": "1462594119", "route_id": "Red", "arr_dt": "1462594678", "direction": "0", "travel_time_sec": "559", "benchmark_travel_time_sec": "540"}, {"dep_dt": "1462594661", "route_id": "Red", "arr_dt": "1462595204", "direction": "0", "travel_time_sec": "543", "benchmark_travel_time_sec": "540"}, {"dep_dt": "1462595130", "route_id": "Red", "arr_dt": "1462595729", "direction": "0", "travel_time_sec": "599", "benchmark_travel_time_sec": "540"}, {"dep_dt": "1462595302", "route_id": "Red", "arr_dt": "1462595902", "direction": "0", "travel_time_sec": "600", "benchmark_travel_time_sec": "540"}, {"dep_dt": "1462595442", "route_id": "Red", "arr_dt": "1462596065", "direction": "0", "travel_time_sec": "623", "benchmark_travel_time_sec": "540"}, {"dep_dt": "1462595940", "route_id": "Red", "arr_dt": "1462596665", "direction": "0", "travel_time_sec": "725", "threshold_flag_1": "threshold_id_04", "benchmark_travel_time_sec": "540"}, {"dep_dt": "1462613466", "route_id": "Red", "arr_dt": "1462614038", "direction": "0", "travel_time_sec": "572", "benchmark_travel_time_sec": "540"}, {"dep_dt": "1462613836", "route_id": "Red", "arr_dt": "1462614345", "direction": "0", "travel_time_sec": "509", "benchmark_travel_time_sec": "540"}, {"dep_dt": "1462614106", "route_id": "Red", "arr_dt": "1462614630", "direction": "0", "travel_time_sec": "524", "benchmark_travel_time_sec": "540"}, {"dep_dt": "1462614518", "route_id": "Red", "arr_dt": "1462615051", "direction": "0", "travel_time_sec": "533", "benchmark_travel_time_sec": "540"}, {"dep_dt": "1462614952", "route_id": "Red", "arr_dt": "1462615523", "direction": "0", "travel_time_sec": "571", "benchmark_travel_time_sec": "540"}, {"dep_dt": "1462615367", "route_id": "Red", "arr_dt": "1462616380", "direction": "0", "threshold_flag_2": "threshold_id_05", "travel_time_sec": "1013", "threshold_flag_1": "threshold_id_04", "benchmark_travel_time_sec": "540"}, {"dep_dt": "1462616384", "route_id": "Red", "arr_dt": "1462616938", "direction": "0", "travel_time_sec": "554", "benchmark_travel_time_sec": "540"}, {"dep_dt": "1462616726", "route_id": "Red", "arr_dt": "1462617323", "direction": "0", "travel_time_sec": "597", "benchmark_travel_time_sec": "540"}, {"dep_dt": "1462617071", "route_id": "Red", "arr_dt": "1462617603", "direction": "0", "travel_time_sec": "532", "benchmark_travel_time_sec": "540"}, {"dep_dt": "1462617469", "route_id": "Red", "arr_dt": "1462618011", "direction": "0", "travel_time_sec": "542", "benchmark_travel_time_sec": "540"}, {"dep_dt": "1462617856", "route_id": "Red", "arr_dt": "1462618400", "direction": "0", "travel_time_sec": "544", "benchmark_travel_time_sec": "540"}, {"dep_dt": "1462618384", "route_id": "Red", "arr_dt": "1462618957", "direction": "0", "travel_time_sec": "573", "benchmark_travel_time_sec": "540"}, {"dep_dt": "1462618572", "route_id": "Red", "arr_dt": "1462619124", "direction": "0", "travel_time_sec": "552", "benchmark_travel_time_sec": "540"}, {"dep_dt": "1462619030", "route_id": "Red", "arr_dt": "1462619642", "direction": "0", "travel_time_sec": "612", "benchmark_travel_time_sec": "540"}, {"dep_dt": "1462619348", "route_id": "Red", "arr_dt": "1462619890", "direction": "0", "travel_time_sec": "542", "benchmark_travel_time_sec": "540"}, {"dep_dt": "1462619799", "route_id": "Red", "arr_dt": "1462620327", "direction": "0", "travel_time_sec": "528", "benchmark_travel_time_sec": "540"}, {"dep_dt": "1462620403", "route_id": "Red", "arr_dt": "1462620929", "direction": "0", "travel_time_sec": "526", "benchmark_travel_time_sec": "540"}, {"dep_dt": "1462620743", "route_id": "Red", "arr_dt": "1462621319", "direction": "0", "travel_time_sec": "576", "benchmark_travel_time_sec": "540"}, {"dep_dt": "1462621010", "route_id": "Red", "arr_dt": "1462621557", "direction": "0", "travel_time_sec": "547", "benchmark_travel_time_sec": "540"}, {"dep_dt": "1462621512", "route_id": "Red", "arr_dt": "1462622057", "direction": "0", "travel_time_sec": "545", "benchmark_travel_time_sec": "540"}, {"dep_dt": "1462621877", "route_id": "Red", "arr_dt": "1462622401", "direction": "0", "travel_time_sec": "524", "benchmark_travel_time_sec": "540"}, {"dep_dt": "1462622374", "route_id": "Red", "arr_dt": "1462622943", "direction": "0", "travel_time_sec": "569", "benchmark_travel_time_sec": "540"}, {"dep_dt": "1462622824", "route_id": "Red", "arr_dt": "1462623385", "direction": "0", "travel_time_sec": "561", "benchmark_travel_time_sec": "540"}, {"dep_dt": "1462623337", "route_id": "Red", "arr_dt": "1462623870", "direction": "0", "travel_time_sec": "533", "benchmark_travel_time_sec": "540"}, {"dep_dt": "1462623548", "route_id": "Red", "arr_dt": "1462624086", "direction": "0", "travel_time_sec": "538", "benchmark_travel_time_sec": "540"}, {"dep_dt": "1462624033", "route_id": "Red", "arr_dt": "1462624615", "direction": "0", "travel_time_sec": "582", "benchmark_travel_time_sec": "540"}, {"dep_dt": "1462624480", "route_id": "Red", "arr_dt": "1462625024", "direction": "0", "travel_time_sec": "544", "benchmark_travel_time_sec": "540"}, {"dep_dt": "1462624859", "route_id": "Red", "arr_dt": "1462625674", "direction": "0", "travel_time_sec": "815", "threshold_flag_1": "threshold_id_04", "benchmark_travel_time_sec": "540"}, {"dep_dt": "1462625350", "route_id": "Red", "arr_dt": "1462625903", "direction": "0", "travel_time_sec": "553", "benchmark_travel_time_sec": "540"}, {"dep_dt": "1462625625", "route_id": "Red", "arr_dt": "1462626168", "direction": "0", "travel_time_sec": "543", "benchmark_travel_time_sec": "540"}, {"dep_dt": "1462626242", "route_id": "Red", "arr_dt": "1462626806", "direction": "0", "travel_time_sec": "564", "benchmark_travel_time_sec": "540"}, {"dep_dt": "1462626533", "route_id": "Red", "arr_dt": "1462627114", "direction": "0", "travel_time_sec": "581", "benchmark_travel_time_sec": "540"}, {"dep_dt": "1462626982", "route_id": "Red", "arr_dt": "1462627498", "direction": "0", "travel_time_sec": "516", "benchmark_travel_time_sec": "540"}, {"dep_dt": "1462627414", "route_id": "Red", "arr_dt": "1462628008", "direction": "0", "travel_time_sec": "594", "benchmark_travel_time_sec": "540"}, {"dep_dt": "1462627887", "route_id": "Red", "arr_dt": "1462628430", "direction": "0", "travel_time_sec": "543", "benchmark_travel_time_sec": "540"}, {"dep_dt": "1462628203", "route_id": "Red", "arr_dt": "1462628773", "direction": "0", "travel_time_sec": "570", "benchmark_travel_time_sec": "540"}, {"dep_dt": "1462628663", "route_id": "Red", "arr_dt": "1462629202", "direction": "0", "travel_time_sec": "539", "benchmark_travel_time_sec": "540"}, {"dep_dt": "1462629093", "route_id": "Red", "arr_dt": "1462629612", "direction": "0", "travel_time_sec": "519", "benchmark_travel_time_sec": "600"}, {"dep_dt": "1462629538", "route_id": "Red", "arr_dt": "1462630102", "direction": "0", "travel_time_sec": "564", "benchmark_travel_time_sec": "600"}, {"dep_dt": "1462629859", "route_id": "Red", "arr_dt": "1462630485", "direction": "0", "travel_time_sec": "626", "benchmark_travel_time_sec": "600"}, {"dep_dt": "1462630321", "route_id": "Red", "arr_dt": "1462630871", "direction": "0", "travel_time_sec": "550", "benchmark_travel_time_sec": "600"}, {"dep_dt": "1462630971", "route_id": "Red", "arr_dt": "1462631525", "direction": "0", "travel_time_sec": "554", "benchmark_travel_time_sec": "600"}, {"dep_dt": "1462631186", "route_id": "Red", "arr_dt": "1462631710", "direction": "0", "travel_time_sec": "524", "benchmark_travel_time_sec": "600"}, {"dep_dt": "1462631673", "route_id": "Red", "arr_dt": "1462632212", "direction": "0", "travel_time_sec": "539", "benchmark_travel_time_sec": "600"}, {"dep_dt": "1462632016", "route_id": "Red", "arr_dt": "1462632570", "direction": "0", "travel_time_sec": "554", "benchmark_travel_time_sec": "600"}, {"dep_dt": "1462632412", "route_id": "Red", "arr_dt": "1462633013", "direction": "0", "travel_time_sec": "601", "benchmark_travel_time_sec": "600"}, {"dep_dt": "1462632879", "route_id": "Red", "arr_dt": "1462633453", "direction": "0", "travel_time_sec": "574", "benchmark_travel_time_sec": "600"}, {"dep_dt": "1462633499", "route_id": "Red", "arr_dt": "1462634058", "direction": "0", "travel_time_sec": "559", "benchmark_travel_time_sec": "600"}, {"dep_dt": "1462633688", "route_id": "Red", "arr_dt": "1462634234", "direction": "0", "travel_time_sec": "546", "benchmark_travel_time_sec": "600"}, {"dep_dt": "1462634198", "route_id": "Red", "arr_dt": "1462634802", "direction": "0", "travel_time_sec": "604", "benchmark_travel_time_sec": "600"}, {"dep_dt": "1462634612", "route_id": "Red", "arr_dt": "1462635135", "direction": "0", "travel_time_sec": "523", "benchmark_travel_time_sec": "600"}, {"dep_dt": "1462635032", "route_id": "Red", "arr_dt": "1462635804", "direction": "0", "travel_time_sec": "772", "benchmark_travel_time_sec": "600"}, {"dep_dt": "1462635492", "route_id": "Red", "arr_dt": "1462636032", "direction": "0", "travel_time_sec": "540", "benchmark_travel_time_sec": "600"}, {"dep_dt": "1462635756", "route_id": "Red", "arr_dt": "1462636339", "direction": "0", "travel_time_sec": "583", "benchmark_travel_time_sec": "600"}, {"dep_dt": "1462636319", "route_id": "Red", "arr_dt": "1462636916", "direction": "0", "travel_time_sec": "597", "benchmark_travel_time_sec": "600"}, {"dep_dt": "1462636639", "route_id": "Red", "arr_dt": "1462637201", "direction": "0", "travel_time_sec": "562", "benchmark_travel_time_sec": "600"}, {"dep_dt": "1462637247", "route_id": "Red", "arr_dt": "1462637826", "direction": "0", "travel_time_sec": "579", "benchmark_travel_time_sec": "600"}, {"dep_dt": "1462637529", "route_id": "Red", "arr_dt": "1462638083", "direction": "0", "travel_time_sec": "554", "benchmark_travel_time_sec": "600"}, {"dep_dt": "1462637972", "route_id": "Red", "arr_dt": "1462638538", "direction": "0", "travel_time_sec": "566", "benchmark_travel_time_sec": "600"}, {"dep_dt": "1462638344", "route_id": "Red", "arr_dt": "1462638910", "direction": "0", "travel_time_sec": "566", "benchmark_travel_time_sec": "600"}, {"dep_dt": "1462638769", "route_id": "Red", "arr_dt": "1462639332", "direction": "0", "travel_time_sec": "563", "benchmark_travel_time_sec": "600"}, {"dep_dt": "1462639174", "route_id": "Red", "arr_dt": "1462639726", "direction": "0", "travel_time_sec": "552", "benchmark_travel_time_sec": "600"}, {"dep_dt": "1462639523", "route_id": "Red", "arr_dt": "1462640096", "direction": "0", "travel_time_sec": "573", "benchmark_travel_time_sec": "600"}, {"dep_dt": "1462640107", "route_id": "Red", "arr_dt": "1462640717", "direction": "0", "travel_time_sec": "610", "benchmark_travel_time_sec": "600"}, {"dep_dt": "1462640435", "route_id": "Red", "arr_dt": "1462641017", "direction": "0", "travel_time_sec": "582", "benchmark_travel_time_sec": "600"}, {"dep_dt": "1462640858", "route_id": "Red", "arr_dt": "1462641413", "direction": "0", "travel_time_sec": "555", "benchmark_travel_time_sec": "600"}, {"dep_dt": "1462641206", "route_id": "Red", "arr_dt": "1462641750", "direction": "0", "travel_time_sec": "544", "benchmark_travel_time_sec": "600"}, {"dep_dt": "1462641694", "route_id": "Red", "arr_dt": "1462642279", "direction": "0", "travel_time_sec": "585", "benchmark_travel_time_sec": "600"}, {"dep_dt": "1462642043", "route_id": "Red", "arr_dt": "1462642591", "direction": "0", "travel_time_sec": "548", "benchmark_travel_time_sec": "600"}, {"dep_dt": "1462642555", "route_id": "Red", "arr_dt": "1462643116", "direction": "0", "travel_time_sec": "561", "benchmark_travel_time_sec": "600"}, {"dep_dt": "1462642932", "route_id": "Red", "arr_dt": "1462643498", "direction": "0", "travel_time_sec": "566", "benchmark_travel_time_sec": "600"}, {"dep_dt": "1462643541", "route_id": "Red", "arr_dt": "1462644091", "direction": "0", "travel_time_sec": "550", "benchmark_travel_time_sec": "600"}, {"dep_dt": "1462643975", "route_id": "Red", "arr_dt": "1462644578", "direction": "0", "travel_time_sec": "603", "benchmark_travel_time_sec": "600"}, {"dep_dt": "1462644262", "route_id": "Red", "arr_dt": "1462644868", "direction": "0", "travel_time_sec": "606", "benchmark_travel_time_sec": "600"}, {"dep_dt": "1462644626", "route_id": "Red", "arr_dt": "1462645235", "direction": "0", "travel_time_sec": "609", "benchmark_travel_time_sec": "600"}, {"dep_dt": "1462645055", "route_id": "Red", "arr_dt": "1462645655", "direction": "0", "travel_time_sec": "600", "benchmark_travel_time_sec": "600"}, {"dep_dt": "1462645458", "route_id": "Red", "arr_dt": "1462646040", "direction": "0", "travel_time_sec": "582", "benchmark_travel_time_sec": "600"}, {"dep_dt": "1462646078", "route_id": "Red", "arr_dt": "1462646701", "direction": "0", "travel_time_sec": "623", "benchmark_travel_time_sec": "600"}, {"dep_dt": "1462646355", "route_id": "Red", "arr_dt": "1462646917", "direction": "0", "travel_time_sec": "562", "benchmark_travel_time_sec": "600"}, {"dep_dt": "1462646876", "route_id": "Red", "arr_dt": "1462647465", "direction": "0", "travel_time_sec": "589", "benchmark_travel_time_sec": "600"}, {"dep_dt": "1462647430", "route_id": "Red", "arr_dt": "1462647975", "direction": "0", "travel_time_sec": "545", "benchmark_travel_time_sec": "600"}, {"dep_dt": "1462647756", "route_id": "Red", "arr_dt": "1462648324", "direction": "0", "travel_time_sec": "568", "benchmark_travel_time_sec": "600"}, {"dep_dt": "1462647952", "route_id": "Red", "arr_dt": "1462648506", "direction": "0", "travel_time_sec": "554", "benchmark_travel_time_sec": "600"}, {"dep_dt": "1462648718", "route_id": "Red", "arr_dt": "1462649305", "direction": "0", "travel_time_sec": "587", "benchmark_travel_time_sec": "600"}, {"dep_dt": "1462649001", "route_id": "Red", "arr_dt": "1462649581", "direction": "0", "travel_time_sec": "580", "benchmark_travel_time_sec": "600"}, {"dep_dt": "1462649442", "route_id": "Red", "arr_dt": "1462649994", "direction": "0", "travel_time_sec": "552", "benchmark_travel_time_sec": "600"}, {"dep_dt": "1462649675", "route_id": "Red", "arr_dt": "1462650248", "direction": "0", "travel_time_sec": "573", "benchmark_travel_time_sec": "600"}, {"dep_dt": "1462650392", "route_id": "Red", "arr_dt": "1462650978", "direction": "0", "travel_time_sec": "586", "benchmark_travel_time_sec": "600"}, {"dep_dt": "1462650648", "route_id": "Red", "arr_dt": "1462651222", "direction": "0", "travel_time_sec": "574", "benchmark_travel_time_sec": "600"}, {"dep_dt": "1462651055", "route_id": "Red", "arr_dt": "1462651656", "direction": "0", "travel_time_sec": "601", "benchmark_travel_time_sec": "600"}, {"dep_dt": "1462651412", "route_id": "Red", "arr_dt": "1462651997", "direction": "0", "travel_time_sec": "585", "benchmark_travel_time_sec": "600"}, {"dep_dt": "1462651937", "route_id": "Red", "arr_dt": "1462652558", "direction": "0", "travel_time_sec": "621", "benchmark_travel_time_sec": "600"}, {"dep_dt": "1462652331", "route_id": "Red", "arr_dt": "1462652927", "direction": "0", "travel_time_sec": "596", "benchmark_travel_time_sec": "600"}, {"dep_dt": "1462652581", "route_id": "Red", "arr_dt": "1462653331", "direction": "0", "travel_time_sec": "750", "benchmark_travel_time_sec": "600"}, {"dep_dt": "1462653004", "route_id": "Red", "arr_dt": "1462653601", "direction": "0", "travel_time_sec": "597", "benchmark_travel_time_sec": "600"}, {"dep_dt": "1462653529", "route_id": "Red", "arr_dt": "1462654101", "direction": "0", "travel_time_sec": "572", "benchmark_travel_time_sec": "600"}, {"dep_dt": "1462653967", "route_id": "Red", "arr_dt": "1462654508", "direction": "0", "travel_time_sec": "541", "benchmark_travel_time_sec": "600"}, {"dep_dt": "1462654412", "route_id": "Red", "arr_dt": "1462654962", "direction": "0", "travel_time_sec": "550", "benchmark_travel_time_sec": "600"}, {"dep_dt": "1462654702", "route_id": "Red", "arr_dt": "1462655296", "direction": "0", "travel_time_sec": "594", "benchmark_travel_time_sec": "600"}, {"dep_dt": "1462655335", "route_id": "Red", "arr_dt": "1462655902", "direction": "0", "travel_time_sec": "567", "benchmark_travel_time_sec": "600"}, {"dep_dt": "1462656158", "route_id": "Red", "arr_dt": "1462656808", "direction": "0", "travel_time_sec": "650", "benchmark_travel_time_sec": "600"}, {"dep_dt": "1462656381", "route_id": "Red", "arr_dt": "1462657012", "direction": "0", "travel_time_sec": "631", "benchmark_travel_time_sec": "600"}, {"dep_dt": "1462656942", "route_id": "Red", "arr_dt": "1462657536", "direction": "0", "travel_time_sec": "594", "benchmark_travel_time_sec": "600"}, {"dep_dt": "1462657238", "route_id": "Red", "arr_dt": "1462657803", "direction": "0", "travel_time_sec": "565", "benchmark_travel_time_sec": "600"}, {"dep_dt": "1462658009", "route_id": "Red", "arr_dt": "1462658642", "direction": "0", "travel_time_sec": "633", "benchmark_travel_time_sec": "600"}, {"dep_dt": "1462658272", "route_id": "Red", "arr_dt": "1462658876", "direction": "0", "travel_time_sec": "604", "benchmark_travel_time_sec": "600"}, {"dep_dt": "1462658572", "route_id": "Red", "arr_dt": "1462659146", "direction": "0", "travel_time_sec": "574", "benchmark_travel_time_sec": "600"}, {"dep_dt": "1462659127", "route_id": "Red", "arr_dt": "1462659715", "direction": "0", "travel_time_sec": "588", "benchmark_travel_time_sec": "600"}, {"dep_dt": "1462659451", "route_id": "Red", "arr_dt": "1462660016", "direction": "0", "travel_time_sec": "565", "benchmark_travel_time_sec": "600"}, {"dep_dt": "1462659760", "route_id": "Red", "arr_dt": "1462660298", "direction": "0", "travel_time_sec": "538", "benchmark_travel_time_sec": "600"}, {"dep_dt": "1462660342", "route_id": "Red", "arr_dt": "1462660966", "direction": "0", "travel_time_sec": "624", "benchmark_travel_time_sec": "600"}, {"dep_dt": "1462660623", "route_id": "Red", "arr_dt": "1462661193", "direction": "0", "travel_time_sec": "570", "benchmark_travel_time_sec": "600"}, {"dep_dt": "1462661198", "route_id": "Red", "arr_dt": "1462661733", "direction": "0", "travel_time_sec": "535", "benchmark_travel_time_sec": "600"}, {"dep_dt": "1462661418", "route_id": "Red", "arr_dt": "1462661967", "direction": "0", "travel_time_sec": "549", "benchmark_travel_time_sec": "600"}, {"dep_dt": "1462662086", "route_id": "Red", "arr_dt": "1462662689", "direction": "0", "travel_time_sec": "603", "benchmark_travel_time_sec": "600"}, {"dep_dt": "1462662260", "route_id": "Red", "arr_dt": "1462662910", "direction": "0", "travel_time_sec": "650", "benchmark_travel_time_sec": "600"}, {"dep_dt": "1462662828", "route_id": "Red", "arr_dt": "1462663421", "direction": "0", "travel_time_sec": "593", "benchmark_travel_time_sec": "600"}, {"dep_dt": "1462663089", "route_id": "Red", "arr_dt": "1462664131", "direction": "0", "threshold_flag_2": "threshold_id_05", "travel_time_sec": "1042", "threshold_flag_1": "threshold_id_04", "benchmark_travel_time_sec": "600"}, {"dep_dt": "1462664138", "route_id": "Red", "arr_dt": "1462664713", "direction": "0", "travel_time_sec": "575", "benchmark_travel_time_sec": "600"}, {"dep_dt": "1462664497", "route_id": "Red", "arr_dt": "1462665107", "direction": "0", "travel_time_sec": "610", "benchmark_travel_time_sec": "600"}, {"dep_dt": "1462665043", "route_id": "Red", "arr_dt": "1462665632", "direction": "0", "travel_time_sec": "589", "benchmark_travel_time_sec": "600"}, {"dep_dt": "1462665309", "route_id": "Red", "arr_dt": "1462665872", "direction": "0", "travel_time_sec": "563", "benchmark_travel_time_sec": "600"}, {"dep_dt": "1462665816", "route_id": "Red", "arr_dt": "1462666392", "direction": "0", "travel_time_sec": "576", "benchmark_travel_time_sec": "600"}, {"dep_dt": "1462666029", "route_id": "Red", "arr_dt": "1462666673", "direction": "0", "travel_time_sec": "644", "benchmark_travel_time_sec": "600"}, {"dep_dt": "1462666514", "route_id": "Red", "arr_dt": "1462667083", "direction": "0", "travel_time_sec": "569", "benchmark_travel_time_sec": "600"}, {"dep_dt": "1462666767", "route_id": "Red", "arr_dt": "1462667340", "direction": "0", "travel_time_sec": "573", "benchmark_travel_time_sec": "600"}, {"dep_dt": "1462667158", "route_id": "Red", "arr_dt": "1462667706", "direction": "0", "travel_time_sec": "548", "benchmark_travel_time_sec": "600"}, {"dep_dt": "1462667458", "route_id": "Red", "arr_dt": "1462667993", "direction": "0", "travel_time_sec": "535", "benchmark_travel_time_sec": "600"}, {"dep_dt": "1462668104", "route_id": "Red", "arr_dt": "1462668670", "direction": "0", "travel_time_sec": "566", "benchmark_travel_time_sec": "600"}, {"dep_dt": "1462668519", "route_id": "Red", "arr_dt": "1462669093", "direction": "0", "travel_time_sec": "574", "benchmark_travel_time_sec": "600"}, {"dep_dt": "1462668967", "route_id": "Red", "arr_dt": "1462669543", "direction": "0", "travel_time_sec": "576", "benchmark_travel_time_sec": "600"}, {"dep_dt": "1462669259", "route_id": "Red", "arr_dt": "1462669798", "direction": "0", "travel_time_sec": "539", "benchmark_travel_time_sec": "600"}, {"dep_dt": "1462669715", "route_id": "Red", "arr_dt": "1462670326", "direction": "0", "travel_time_sec": "611", "benchmark_travel_time_sec": "600"}, {"dep_dt": "1462670133", "route_id": "Red", "arr_dt": "1462670667", "direction": "0", "travel_time_sec": "534", "benchmark_travel_time_sec": "600"}, {"dep_dt": "1462670544", "route_id": "Red", "arr_dt": "1462671116", "direction": "0", "travel_time_sec": "572", "benchmark_travel_time_sec": "600"}, {"dep_dt": "1462671155", "route_id": "Red", "arr_dt": "1462671727", "direction": "0", "travel_time_sec": "572", "benchmark_travel_time_sec": "600"}, {"dep_dt": "1462671590", "route_id": "Red", "arr_dt": "1462672133", "direction": "0", "travel_time_sec": "543", "benchmark_travel_time_sec": "600"}, {"dep_dt": "1462671920", "route_id": "Red", "arr_dt": "1462672495", "direction": "0", "travel_time_sec": "575", "benchmark_travel_time_sec": "600"}, {"dep_dt": "1462672162", "route_id": "Red", "arr_dt": "1462672716", "direction": "0", "travel_time_sec": "554", "benchmark_travel_time_sec": "600"}, {"dep_dt": "1462672462", "route_id": "Red", "arr_dt": "1462672995", "direction": "0", "travel_time_sec": "533", "benchmark_travel_time_sec": "600"}, {"dep_dt": "1462672809", "route_id": "Red", "arr_dt": "1462673363", "direction": "0", "travel_time_sec": "554", "benchmark_travel_time_sec": "600"}, {"dep_dt": "1462673271", "route_id": "Red", "arr_dt": "1462673849", "direction": "0", "travel_time_sec": "578", "benchmark_travel_time_sec": "600"}, {"dep_dt": "1462673580", "route_id": "Red", "arr_dt": "1462674134", "direction": "0", "travel_time_sec": "554", "benchmark_travel_time_sec": "600"}, {"dep_dt": "1462673953", "route_id": "Red", "arr_dt": "1462674476", "direction": "0", "travel_time_sec": "523", "benchmark_travel_time_sec": "600"}, {"dep_dt": "1462674594", "route_id": "Red", "arr_dt": "1462675178", "direction": "0", "travel_time_sec": "584", "benchmark_travel_time_sec": "600"}, {"dep_dt": "1462674994", "route_id": "Red", "arr_dt": "1462675560", "direction": "0", "travel_time_sec": "566", "benchmark_travel_time_sec": "600"}, {"dep_dt": "1462675298", "route_id": "Red", "arr_dt": "1462675877", "direction": "0", "travel_time_sec": "579", "benchmark_travel_time_sec": "600"}, {"dep_dt": "1462675687", "route_id": "Red", "arr_dt": "1462676240", "direction": "0", "travel_time_sec": "553", "benchmark_travel_time_sec": "600"}, {"dep_dt": "1462676243", "route_id": "Red", "arr_dt": "1462676806", "direction": "0", "travel_time_sec": "563", "benchmark_travel_time_sec": "600"}, {"dep_dt": "1462676588", "route_id": "Red", "arr_dt": "1462677123", "direction": "0", "travel_time_sec": "535", "benchmark_travel_time_sec": "600"}, {"dep_dt": "1462677093", "route_id": "Red", "arr_dt": "1462677652", "direction": "0", "travel_time_sec": "559", "benchmark_travel_time_sec": "600"}, {"dep_dt": "1462677571", "route_id": "Red", "arr_dt": "1462678145", "direction": "0", "travel_time_sec": "574", "benchmark_travel_time_sec": "600"}, {"dep_dt": "1462677750", "route_id": "Red", "arr_dt": "1462678318", "direction": "0", "travel_time_sec": "568", "benchmark_travel_time_sec": "600"}, {"dep_dt": "1462678186", "route_id": "Red", "arr_dt": "1462678738", "direction": "0", "travel_time_sec": "552", "benchmark_travel_time_sec": "600"}, {"dep_dt": "1462678619", "route_id": "Red", "arr_dt": "1462679186", "direction": "0", "travel_time_sec": "567", "benchmark_travel_time_sec": "600"}, {"dep_dt": "1462679059", "route_id": "Red", "arr_dt": "1462679578", "direction": "0", "travel_time_sec": "519", "benchmark_travel_time_sec": "600"}]}