{"travel_times": [{"dep_dt": "1462679529", "route_id": "Red", "arr_dt": "1462680078", "direction": "0", "travel_time_sec": "549", "benchmark_travel_time_sec": "600"}, {"dep_dt": "1462679917", "route_id": "Red", "arr_dt": "1462680486", "direction": "0", "travel_time_sec": "569", "benchmark_travel_time_sec": "600"}, {"dep_dt": "1462680329", "route_id": "Red", "arr_dt": "1462680899", "direction": "0", "travel_time_sec": "570", "benchmark_travel_time_sec": "600"}, {"dep_dt": "1462680661", "route_id": "Red", "arr_dt": "1462681205", "direction": "0", "travel_time_sec": "544", "benchmark_travel_time_sec": "600"}, {"dep_dt": "1462681280", "route_id": "Red", "arr_dt": "1462681865", "direction": "0", "travel_time_sec": "585", "benchmark_travel_time_sec": "600"}, {"dep_dt": "1462681601", "route_id": "Red", "arr_dt": "1462682160", "direction": "0", "travel_time_sec": "559", "benchmark_travel_time_sec": "600"}, {"dep_dt": "1462682000", "route_id": "Red", "arr_dt": "1462682771", "direction": "0", "travel_time_sec": "771", "benchmark_travel_time_sec": "600"}, {"dep_dt": "1462702635", "route_id": "Red", "arr_dt": "1462703212", "direction": "0", "travel_time_sec": "577", "benchmark_travel_time_sec": "540"}, {"dep_dt": "1462703124", "route_id": "Red", "arr_dt": "1462703674", "direction": "0", "travel_time_sec": "550", "benchmark_travel_time_sec": "540"}, {"dep_dt": "1462703566", "route_id": "Red", "arr_dt": "1462704106", "direction": "0", "travel_time_sec": "540", "benchmark_travel_time_sec": "540"}, {"dep_dt": "1462704036", "route_id": "Red", "arr_dt": "1462704602", "direction": "0", "travel_time_sec": "566", "benchmark_travel_time_sec": "540"}, {"dep_dt": "1462704663", "route_id": "Red", "arr_dt": "1462705215", "direction": "0", "travel_time_sec": "552", "benchmark_travel_time_sec": "540"}, {"dep_dt": "1462705093", "route_id": "Red", "arr_dt": "1462705618", "direction": "0", "travel_time_sec": "525", "benchmark_travel_time_sec": "540"}, {"dep_dt": "1462705425", "route_id": "Red", "arr_dt": "1462705950", "direction": "0", "travel_time_sec": "525", "benchmark_travel_time_sec": "540"}, {"dep_dt": "1462706310", "route_id": "Red", "arr_dt": "1462706833", "direction": "0", "travel_time_sec": "523", "benchmark_travel_time_sec": "540"}, {"dep_dt": "1462706649", "route_id": "Red", "arr_dt": "1462707179", "direction": "0", "travel_time_sec": "530", "benchmark_travel_time_sec": "540"}, {"dep_dt": "1462706952", "route_id": "Red", "arr_dt": "1462707500", "direction": "0", "travel_time_sec": "548", "benchmark_travel_time_sec": "540"}, {"dep_dt": "1462707412", "route_id": "Red", "arr_dt": "1462707988", "direction": "0", "travel_time_sec": "576", "benchmark_travel_time_sec": "540"}, {"dep_dt": "1462707722", "route_id": "Red", "arr_dt": "1462708246", "direction": "0", "travel_time_sec": "524", "benchmark_travel_time_sec": "540"}, {"dep_dt": "1462708306", "route_id": "Red", "arr_dt": "1462708815", "direction": "0", "travel_time_sec": "509", "benchmark_travel_time_sec": "540"}, {"dep_dt": "1462708729", "route_id": "Red", "arr_dt": "1462709285", "direction": "0", "travel_time_sec": "556", "benchmark_travel_time_sec": "540"}, {"dep_dt": "1462709136", "route_id": "Red", "arr_dt": "1462709682", "direction": "0", "travel_time_sec": "546", "benchmark_travel_time_sec": "540"}, {"dep_dt": "1462709614", "route_id": "Red", "arr_dt": "1462710195", "direction": "0", "travel_time_sec": "581", "benchmark_travel_time_sec": "540"}, {"dep_dt": "1462710247", "route_id": "Red", "arr_dt": "1462710789", "direction": "0", "travel_time_sec": "542", "benchmark_travel_time_sec": "540"}, {"dep_dt": "1462710686", "route_id": "Red", "arr_dt": "1462711286", "direction": "0", "travel_time_sec": "600", "benchmark_travel_time_sec": "540"}, {"dep_dt": "1462711399", "route_id": "Red", "arr_dt": "1462711953", "direction": "0", "travel_time_sec": "554", "benchmark_travel_time_sec": "540"}, {"dep_dt": "1462711683", "route_id": "Red", "arr_dt": "1462712214", "direction": "0", "travel_time_sec": "531", "benchmark_travel_time_sec": "540"}, {"dep_dt": "1462712053", "route_id": "Red", "arr_dt": "1462712575", "direction": "0", "travel_time_sec": "522", "benchmark_travel_time_sec": "540"}, {"dep_dt": "1462712531", "route_id": "Red", "arr_dt": "1462713081", "direction": "0", "travel_time_sec": "550", "benchmark_travel_time_sec": "540"}, {"dep_dt": "1462712926", "route_id": "Red", "arr_dt": "1462713470", "direction": "0", "travel_time_sec": "544", "benchmark_travel_time_sec": "540"}, {"dep_dt": "1462713475", "route_id": "Red", "arr_dt": "1462713986", "direction": "0", "travel_time_sec": "511", "benchmark_travel_time_sec": "540"}, {"dep_dt": "1462714011", "route_id": "Red", "arr_dt": "1462714585", "direction": "0", "travel_time_sec": "574", "benchmark_travel_time_sec": "540"}, {"dep_dt": "1462714466", "route_id": "Red", "arr_dt": "1462715020", "direction": "0", "travel_time_sec": "554", "benchmark_travel_time_sec": "540"}, {"dep_dt": "1462714794", "route_id": "Red", "arr_dt": "1462715328", "direction": "0", "travel_time_sec": "534", "benchmark_travel_time_sec": "540"}, {"dep_dt": "1462715252", "route_id": "Red", "arr_dt": "1462715817", "direction": "0", "travel_time_sec": "565", "benchmark_travel_time_sec": "540"}, {"dep_dt": "1462715746", "route_id": "Red", "arr_dt": "1462716319", "direction": "0", "travel_time_sec": "573", "benchmark_travel_time_sec": "585"}, {"dep_dt": "1462716194", "route_id": "Red", "arr_dt": "1462716760", "direction": "0", "travel_time_sec": "566", "benchmark_travel_time_sec": "585"}, {"dep_dt": "1462716545", "route_id": "Red", "arr_dt": "1462717090", "direction": "0", "travel_time_sec": "545", "benchmark_travel_time_sec": "585"}, {"dep_dt": "1462717063", "route_id": "Red", "arr_dt": "1462717657", "direction": "0", "travel_time_sec": "594", "benchmark_travel_time_sec": "585"}, {"dep_dt": "1462717621", "route_id": "Red", "arr_dt": "1462718185", "direction": "0", "travel_time_sec": "564", "benchmark_travel_time_sec": "600"}, {"dep_dt": "1462718011", "route_id": "Red", "arr_dt": "1462718568", "direction": "0", "travel_time_sec": "557", "benchmark_travel_time_sec": "600"}, {"dep_dt": "1462718553", "route_id": "Red", "arr_dt": "1462719098", "direction": "0", "travel_time_sec": "545", "benchmark_travel_time_sec": "600"}, {"dep_dt": "1462718973", "route_id": "Red", "arr_dt": "1462719528", "direction": "0", "travel_time_sec": "555", "benchmark_travel_time_sec": "600"}, {"dep_dt": "1462719554", "route_id": "Red", "arr_dt": "1462720112", "direction": "0", "travel_time_sec": "558", "benchmark_travel_time_sec": "600"}, {"dep_dt": "1462720016", "route_id": "Red", "arr_dt": "1462720558", "direction": "0", "travel_time_sec": "542", "benchmark_travel_time_sec": "600"}, {"dep_dt": "1462720680", "route_id": "Red", "arr_dt": "1462721250", "direction": "0", "travel_time_sec": "570", "benchmark_travel_time_sec": "600"}, {"dep_dt": "1462720965", "route_id": "Red", "arr_dt": "1462721525", "direction": "0", "travel_time_sec": "560", "benchmark_travel_time_sec": "600"}, {"dep_dt": "1462721640", "route_id": "Red", "arr_dt": "1462722209", "direction": "0", "travel_time_sec": "569", "benchmark_travel_time_sec": "600"}, {"dep_dt": "1462721780", "route_id": "Red", "arr_dt": "1462722375", "direction": "0", "travel_time_sec": "595", "benchmark_travel_time_sec": "600"}, {"dep_dt": "1462722139", "route_id": "Red", "arr_dt": "1462722697", "direction": "0", "travel_time_sec": "558", "benchmark_travel_time_sec": "600"}, {"dep_dt": "1462722675", "route_id": "Red", "arr_dt": "1462723250", "direction": "0", "travel_time_sec": "575", "benchmark_travel_time_sec": "600"}, {"dep_dt": "1462723170", "route_id": "Red", "arr_dt": "1462723715", "direction": "0", "travel_time_sec": "545", "benchmark_travel_time_sec": "600"}, {"dep_dt": "1462723673", "route_id": "Red", "arr_dt": "1462724244", "direction": "0", "travel_time_sec": "571", "benchmark_travel_time_sec": "600"}, {"dep_dt": "1462724087", "route_id": "Red", "arr_dt": "1462724660", "direction": "0", "travel_time_sec": "573", "benchmark_travel_time_sec": "600"}, {"dep_dt": "1462724541", "route_id": "Red", "arr_dt": "1462725091", "direction": "0", "travel_time_sec": "550", "benchmark_travel_time_sec": "600"}, {"dep_dt": "1462725187", "route_id": "Red", "arr_dt": "1462725731", "direction": "0", "travel_time_sec": "544", "benchmark_travel_time_sec": "600"}, {"dep_dt": "1462725525", "route_id": "Red", "arr_dt": "1462726043", "direction": "0", "travel_time_sec": "518", "benchmark_travel_time_sec": "600"}, {"dep_dt": "1462725979", "route_id": "Red", "arr_dt": "1462726524", "direction": "0", "travel_time_sec": "545", "benchmark_travel_time_sec": "600"}, {"dep_dt": "1462726405", "route_id": "Red", "arr_dt": "1462726966", "direction": "0", "travel_time_sec": "561", "benchmark_travel_time_sec": "600"}, {"dep_dt": "1462727005", "route_id": "Red", "arr_dt": "1462727555", "direction": "0", "travel_time_sec": "550", "benchmark_travel_time_sec": "600"}, {"dep_dt": "1462727315", "route_id": "Red", "arr_dt": "1462727842", "direction": "0", "travel_time_sec": "527", "benchmark_travel_time_sec": "600"}, {"dep_dt": "1462727957", "route_id": "Red", "arr_dt": "1462728523", "direction": "0", "travel_time_sec": "566", "benchmark_travel_time_sec": "600"}, {"dep_dt": "1462728271", "route_id": "Red", "arr_dt": "1462728853", "direction": "0", "travel_time_sec": "582", "benchmark_travel_time_sec": "600"}, {"dep_dt": "1462728663", "route_id": "Red", "arr_dt": "1462729235", "direction": "0", "travel_time_sec": "572", "benchmark_travel_time_sec": "600"}, {"dep_dt": "1462729282", "route_id": "Red", "arr_dt": "1462729888", "direction": "0", "travel_time_sec": "606", "benchmark_travel_time_sec": "600"}, {"dep_dt": "1462729571", "route_id": "Red", "arr_dt": "1462730130", "direction": "0", "travel_time_sec": "559", "benchmark_travel_time_sec": "600"}, {"dep_dt": "1462730115", "route_id": "Red", "arr_dt": "1462730683", "direction": "0", "travel_time_sec": "568", "benchmark_travel_time_sec": "600"}, {"dep_dt": "1462730616", "route_id": "Red", "arr_dt": "1462731197", "direction": "0", "travel_time_sec": "581", "benchmark_travel_time_sec": "600"}, {"dep_dt": "1462731183", "route_id": "Red", "arr_dt": "1462731759", "direction": "0", "travel_time_sec": "576", "benchmark_travel_time_sec": "600"}, {"dep_dt": "1462731704", "route_id": "Red", "arr_dt": "1462732249", "direction": "0", "travel_time_sec": "545", "benchmark_travel_time_sec": "600"}, {"dep_dt": "1462740390", "route_id": "Red", "arr_dt": "1462740928", "direction": "0", "travel_time_sec": "538", "benchmark_travel_time_sec": "600"}, {"dep_dt": "1462741071", "route_id": "Red", "arr_dt": "1462741654", "direction": "0", "travel_time_sec": "583", "benchmark_travel_time_sec": "600"}, {"dep_dt": "1462741667", "route_id": "Red", "arr_dt": "1462742229", "direction": "0", "travel_time_sec": "562", "benchmark_travel_time_sec": "600"}, {"dep_dt": "1462742231", "route_id": "Red", "arr_dt": "1462742810", "direction": "0", "travel_time_sec": "579", "benchmark_travel_time_sec": "600"}, {"dep_dt": "1462742730", "route_id": "Red", "arr_dt": "1462743303", "direction": "0", "travel_time_sec": "573", "benchmark_travel_time_sec": "600"}, {"dep_dt": "1462743393", "route_id": "Red", "arr_dt": "1462743955", "direction": "0", "travel_time_sec": "562", "benchmark_travel_time_sec": "600"}, {"dep_dt": "1462744152", "route_id": "Red", "arr_dt": "1462744744", "direction": "0", "travel_time_sec": "592", "benchmark_travel_time_sec": "600"}, {"dep_dt": "1462744536", "route_id": "Red", "arr_dt": "1462745120", "direction": "0", "travel_time_sec": "584", "benchmark_travel_time_sec": "600"}, {"dep_dt": "1462744822", "route_id": "Red", "arr_dt": "1462745368", "direction": "0", "travel_time_sec": "546", "benchmark_travel_time_sec": "600"}, {"dep_dt": "1462745375", "route_id": "Red", "arr_dt": "1462745947", "direction": "0", "travel_time_sec": "572", "benchmark_travel_time_sec": "600"}, {"dep_dt": "1462745552", "route_id": "Red", "arr_dt": "1462746135", "direction": "0", "travel_time_sec": "583", "benchmark_travel_time_sec": "600"}, {"dep_dt": "1462745943", "route_id": "Red", "arr_dt": "1462746488", "direction": "0", "travel_time_sec": "545", "benchmark_travel_time_sec": "600"}, {"dep_dt": "1462746390", "route_id": "Red", "arr_dt": "1462746925", "direction": "0", "travel_time_sec": "535", "benchmark_travel_time_sec": "600"}, {"dep_dt": "1462746980", "route_id": "Red", "arr_dt": "1462747529", "direction": "0", "travel_time_sec": "549", "benchmark_travel_time_sec": "600"}, {"dep_dt": "1462747580", "route_id": "Red", "arr_dt": "1462748145", "direction": "0", "travel_time_sec": "565", "benchmark_travel_time_sec": "600"}, {"dep_dt": "1462748149", "route_id": "Red", "arr_dt": "1462748772", "direction": "0", "travel_time_sec": "623", "benchmark_travel_time_sec": "600"}, {"dep_dt": "1462748811", "route_id": "Red", "arr_dt": "1462749369", "direction": "0", "travel_time_sec": "558", "benchmark_travel_time_sec": "600"}, {"dep_dt": "1462749301", "route_id": "Red", "arr_dt": "1462749886", "direction": "0", "travel_time_sec": "585", "benchmark_travel_time_sec": "600"}, {"dep_dt": "1462749995", "route_id": "Red", "arr_dt": "1462750574", "direction": "0", "travel_time_sec": "579", "benchmark_travel_time_sec": "600"}, {"dep_dt": "1462750340", "route_id": "Red", "arr_dt": "1462750889", "direction": "0", "travel_time_sec": "549", "benchmark_travel_time_sec": "600"}, {"dep_dt": "1462750762", "route_id": "Red", "arr_dt": "1462751318", "direction": "0", "travel_time_sec": "556", "benchmark_travel_time_sec": "600"}, {"dep_dt": "1462751257", "route_id": "Red", "arr_dt": "1462751770", "direction": "0", "travel_time_sec": "513", "benchmark_travel_time_sec": "600"}, {"dep_dt": "1462751627", "route_id": "Red", "arr_dt": "1462752157", "direction": "0", "travel_time_sec": "530", "benchmark_travel_time_sec": "600"}, {"dep_dt": "1462752111", "route_id": "Red", "arr_dt": "1462752656", "direction": "0", "travel_time_sec": "545", "benchmark_travel_time_sec": "600"}, {"dep_dt": "1462752603", "route_id": "Red", "arr_dt": "1462753154", "direction": "0", "travel_time_sec": "551", "benchmark_travel_time_sec": "600"}, {"dep_dt": "1462752943", "route_id": "Red", "arr_dt": "1462753484", "direction": "0", "travel_time_sec": "541", "benchmark_travel_time_sec": "600"}, {"dep_dt": "1462753655", "route_id": "Red", "arr_dt": "1462754242", "direction": "0", "travel_time_sec": "587", "benchmark_travel_time_sec": "600"}, {"dep_dt": "1462754002", "route_id": "Red", "arr_dt": "1462754575", "direction": "0", "travel_time_sec": "573", "benchmark_travel_time_sec": "600"}, {"dep_dt": "1462754500", "route_id": "Red", "arr_dt": "1462755041", "direction": "0", "travel_time_sec": "541", "benchmark_travel_time_sec": "600"}, {"dep_dt": "1462755110", "route_id": "Red", "arr_dt": "1462755664", "direction": "0", "travel_time_sec": "554", "benchmark_travel_time_sec": "600"}, {"dep_dt": "1462755406", "route_id": "Red", "arr_dt": "1462755977", "direction": "0", "travel_time_sec": "571", "benchmark_travel_time_sec": "600"}, {"dep_dt": "1462755963", "route_id": "Red", "arr_dt": "1462756537", "direction": "0", "travel_time_sec": "574", "benchmark_travel_time_sec": "600"}, {"dep_dt": "1462756280", "route_id": "Red", "arr_dt": "1462756832", "direction": "0", "travel_time_sec": "552", "benchmark_travel_time_sec": "600"}, {"dep_dt": "1462756750", "route_id": "Red", "arr_dt": "1462757314", "direction": "0", "travel_time_sec": "564", "benchmark_travel_time_sec": "600"}, {"dep_dt": "1462757315", "route_id": "Red", "arr_dt": "1462757878", "direction": "0", "travel_time_sec": "563", "benchmark_travel_time_sec": "600"}, {"dep_dt": "1462757622", "route_id": "Red", "arr_dt": "1462758138", "direction": "0", "travel_time_sec": "516", "benchmark_travel_time_sec": "600"}, {"dep_dt": "1462758071", "route_id": "Red", "arr_dt": "1462758613", "direction": "0", "travel_time_sec": "542", "benchmark_travel_time_sec": "600"}, {"dep_dt": "1462758466", "route_id": "Red", "arr_dt": "1462759024", "direction": "0", "travel_time_sec": "558", "benchmark_travel_time_sec": "600"}, {"dep_dt": "1462758954", "route_id": "Red", "arr_dt": "1462759533", "direction": "0", "travel_time_sec": "579", "benchmark_travel_time_sec": "600"}, {"dep_dt": "1462759512", "route_id": "Red", "arr_dt": "1462760052", "direction": "0", "travel_time_sec": "540", "benchmark_travel_time_sec": "600"}, {"dep_dt": "1462759944", "route_id": "Red", "arr_dt": "1462760492", "direction": "0", "travel_time_sec": "548", "benchmark_travel_time_sec": "600"}, {"dep_dt": "1462760596", "route_id": "Red", "arr_dt": "1462761156", "direction": "0", "travel_time_sec": "560", "benchmark_travel_time_sec": "600"}, {"dep_dt": "1462760983", "route_id": "Red", "arr_dt": "1462761611", "direction": "0", "travel_time_sec": "628", "benchmark_travel_time_sec": "600"}, {"dep_dt": "1462761856", "route_id": "Red", "arr_dt": "1462762428", "direction": "0", "travel_time_sec": "572", "benchmark_travel_time_sec": "600"}, {"dep_dt": "1462762267", "route_id": "Red", "arr_dt": "1462762821", "direction": "0", "travel_time_sec": "554", "benchmark_travel_time_sec": "600"}, {"dep_dt": "1462762660", "route_id": "Red", "arr_dt": "1462763339", "direction": "0", "travel_time_sec": "679", "benchmark_travel_time_sec": "600"}, {"dep_dt": "1462763258", "route_id": "Red", "arr_dt": "1462763809", "direction": "0", "travel_time_sec": "551", "benchmark_travel_time_sec": "600"}, {"dep_dt": "1462763418", "route_id": "Red", "arr_dt": "1462763968", "direction": "0", "travel_time_sec": "550", "benchmark_travel_time_sec": "600"}, {"dep_dt": "1462763676", "route_id": "Red", "arr_dt": "1462764226", "direction": "0", "travel_time_sec": "550", "benchmark_travel_time_sec": "600"}, {"dep_dt": "1462764008", "route_id": "Red", "arr_dt": "1462764550", "direction": "0", "travel_time_sec": "542", "benchmark_travel_time_sec": "600"}, {"dep_dt": "1462764559", "route_id": "Red", "arr_dt": "1462765102", "direction": "0", "travel_time_sec": "543", "benchmark_travel_time_sec": "600"}, {"dep_dt": "1462764875", "route_id": "Red", "arr_dt": "1462765412", "direction": "0", "travel_time_sec": "537", "benchmark_travel_time_sec": "600"}, {"dep_dt": "1462765464", "route_id": "Red", "arr_dt": "1462766026", "direction": "0", "travel_time_sec": "562", "benchmark_travel_time_sec": "600"}]}