{"travel_times": [{"dep_dt": "1455512034", "route_id": "Red", "arr_dt": "1455512584", "direction": "0", "travel_time_sec": "550", "benchmark_travel_time_sec": "600"}, {"dep_dt": "1455512497", "route_id": "Red", "arr_dt": "1455513072", "direction": "0", "travel_time_sec": "575", "benchmark_travel_time_sec": "600"}, {"dep_dt": "1455512854", "route_id": "Red", "arr_dt": "1455513395", "direction": "0", "travel_time_sec": "541", "benchmark_travel_time_sec": "600"}, {"dep_dt": "1455513565", "route_id": "Red", "arr_dt": "1455514235", "direction": "0", "travel_time_sec": "670", "benchmark_travel_time_sec": "600"}, {"dep_dt": "1455513821", "route_id": "Red", "arr_dt": "1455514390", "direction": "0", "travel_time_sec": "569", "benchmark_travel_time_sec": "600"}, {"dep_dt": "1455514777", "route_id": "Red", "arr_dt": "1455515717", "direction": "0", "travel_time_sec": "940", "threshold_flag_1": "threshold_id_04", "benchmark_travel_time_sec": "600"}, {"dep_dt": "1455532075", "route_id": "Red", "arr_dt": "1455532616", "direction": "0", "travel_time_sec": "541", "benchmark_travel_time_sec": "540"}, {"dep_dt": "1455532425", "route_id": "Red", "arr_dt": "1455532974", "direction": "0", "travel_time_sec": "549", "benchmark_travel_time_sec": "540"}, {"dep_dt": "1455532770", "route_id": "Red", "arr_dt": "1455533337", "direction": "0", "travel_time_sec": "567", "benchmark_travel_time_sec": "540"}, {"dep_dt": "1455533137", "route_id": "Red", "arr_dt": "1455533676", "direction": "0", "travel_time_sec": "539", "benchmark_travel_time_sec": "540"}, {"dep_dt": "1455533570", "route_id": "Red", "arr_dt": "1455534143", "direction": "0", "travel_time_sec": "573", "benchmark_travel_time_sec": "540"}, {"dep_dt": "1455534106", "route_id": "Red", "arr_dt": "1455534663", "direction": "0", "travel_time_sec": "557", "benchmark_travel_time_sec": "540"}, {"dep_dt": "1455534585", "route_id": "Red", "arr_dt": "1455535169", "direction": "0", "travel_time_sec": "584", "benchmark_travel_time_sec": "540"}, {"dep_dt": "1455534953", "route_id": "Red", "arr_dt": "1455535494", "direction": "0", "travel_time_sec": "541", "benchmark_travel_time_sec": "540"}, {"dep_dt": "1455535305", "route_id": "Red", "arr_dt": "1455535801", "direction": "0", "travel_time_sec": "496", "benchmark_travel_time_sec": "540"}, {"dep_dt": "1455535758", "route_id": "Red", "arr_dt": "1455536338", "direction": "0", "travel_time_sec": "580", "benchmark_travel_time_sec": "540"}, {"dep_dt": "1455536388", "route_id": "Red", "arr_dt": "1455537028", "direction": "0", "travel_time_sec": "640", "benchmark_travel_time_sec": "540"}, {"dep_dt": "1455536904", "route_id": "Red", "arr_dt": "1455537466", "direction": "0", "travel_time_sec": "562", "benchmark_travel_time_sec": "540"}, {"dep_dt": "1455537046", "route_id": "Red", "arr_dt": "1455537646", "direction": "0", "travel_time_sec": "600", "benchmark_travel_time_sec": "540"}, {"dep_dt": "1455537388", "route_id": "Red", "arr_dt": "1455537916", "direction": "0", "travel_time_sec": "528", "benchmark_travel_time_sec": "540"}, {"dep_dt": "1455537774", "route_id": "Red", "arr_dt": "1455538331", "direction": "0", "travel_time_sec": "557", "benchmark_travel_time_sec": "540"}, {"dep_dt": "1455538600", "route_id": "Red", "arr_dt": "1455539183", "direction": "0", "travel_time_sec": "583", "benchmark_travel_time_sec": "540"}, {"dep_dt": "1455538749", "route_id": "Red", "arr_dt": "1455539375", "direction": "0", "travel_time_sec": "626", "benchmark_travel_time_sec": "540"}, {"dep_dt": "1455539070", "route_id": "Red", "arr_dt": "1455539645", "direction": "0", "travel_time_sec": "575", "benchmark_travel_time_sec": "540"}, {"dep_dt": "1455539417", "route_id": "Red", "arr_dt": "1455539996", "direction": "0", "travel_time_sec": "579", "benchmark_travel_time_sec": "540"}, {"dep_dt": "1455539877", "route_id": "Red", "arr_dt": "1455540429", "direction": "0", "travel_time_sec": "552", "benchmark_travel_time_sec": "540"}, {"dep_dt": "1455540386", "route_id": "Red", "arr_dt": "1455540974", "direction": "0", "travel_time_sec": "588", "benchmark_travel_time_sec": "540"}, {"dep_dt": "1455540715", "route_id": "Red", "arr_dt": "1455541259", "direction": "0", "travel_time_sec": "544", "benchmark_travel_time_sec": "540"}, {"dep_dt": "1455541048", "route_id": "Red", "arr_dt": "1455541603", "direction": "0", "travel_time_sec": "555", "benchmark_travel_time_sec": "540"}, {"dep_dt": "1455541779", "route_id": "Red", "arr_dt": "1455542358", "direction": "0", "travel_time_sec": "579", "benchmark_travel_time_sec": "540"}, {"dep_dt": "1455541997", "route_id": "Red", "arr_dt": "1455542584", "direction": "0", "travel_time_sec": "587", "benchmark_travel_time_sec": "540"}, {"dep_dt": "1455542587", "route_id": "Red", "arr_dt": "1455543170", "direction": "0", "travel_time_sec": "583", "benchmark_travel_time_sec": "540"}, {"dep_dt": "1455543155", "route_id": "Red", "arr_dt": "1455543781", "direction": "0", "travel_time_sec": "626", "benchmark_travel_time_sec": "540"}, {"dep_dt": "1455543709", "route_id": "Red", "arr_dt": "1455544300", "direction": "0", "travel_time_sec": "591", "benchmark_travel_time_sec": "540"}, {"dep_dt": "1455544004", "route_id": "Red", "arr_dt": "1455544581", "direction": "0", "travel_time_sec": "577", "benchmark_travel_time_sec": "540"}, {"dep_dt": "1455544561", "route_id": "Red", "arr_dt": "1455545127", "direction": "0", "travel_time_sec": "566", "benchmark_travel_time_sec": "540"}, {"dep_dt": "1455545383", "route_id": "Red", "arr_dt": "1455546023", "direction": "0", "travel_time_sec": "640", "benchmark_travel_time_sec": "540"}, {"dep_dt": "1455546180", "route_id": "Red", "arr_dt": "1455546768", "direction": "0", "travel_time_sec": "588", "benchmark_travel_time_sec": "540"}, {"dep_dt": "1455546335", "route_id": "Red", "arr_dt": "1455546943", "direction": "0", "travel_time_sec": "608", "benchmark_travel_time_sec": "540"}, {"dep_dt": "1455546575", "route_id": "Red", "arr_dt": "1455547136", "direction": "0", "travel_time_sec": "561", "benchmark_travel_time_sec": "540"}, {"dep_dt": "1455546765", "route_id": "Red", "arr_dt": "1455547367", "direction": "0", "travel_time_sec": "602", "benchmark_travel_time_sec": "540"}, {"dep_dt": "1455547166", "route_id": "Red", "arr_dt": "1455547798", "direction": "0", "travel_time_sec": "632", "benchmark_travel_time_sec": "540"}, {"dep_dt": "1455547311", "route_id": "Red", "arr_dt": "1455547980", "direction": "0", "travel_time_sec": "669", "benchmark_travel_time_sec": "540"}, {"dep_dt": "1455547488", "route_id": "Red", "arr_dt": "1455548159", "direction": "0", "travel_time_sec": "671", "benchmark_travel_time_sec": "540"}, {"dep_dt": "1455548059", "route_id": "Red", "arr_dt": "1455548651", "direction": "0", "travel_time_sec": "592", "benchmark_travel_time_sec": "600"}, {"dep_dt": "1455548607", "route_id": "Red", "arr_dt": "1455549152", "direction": "0", "travel_time_sec": "545", "benchmark_travel_time_sec": "600"}, {"dep_dt": "1455549174", "route_id": "Red", "arr_dt": "1455549764", "direction": "0", "travel_time_sec": "590", "benchmark_travel_time_sec": "600"}, {"dep_dt": "1455549436", "route_id": "Red", "arr_dt": "1455549998", "direction": "0", "travel_time_sec": "562", "benchmark_travel_time_sec": "600"}, {"dep_dt": "1455549867", "route_id": "Red", "arr_dt": "1455550505", "direction": "0", "travel_time_sec": "638", "benchmark_travel_time_sec": "600"}, {"dep_dt": "1455550625", "route_id": "Red", "arr_dt": "1455551247", "direction": "0", "travel_time_sec": "622", "benchmark_travel_time_sec": "600"}, {"dep_dt": "1455551075", "route_id": "Red", "arr_dt": "1455551646", "direction": "0", "travel_time_sec": "571", "benchmark_travel_time_sec": "600"}, {"dep_dt": "1455551534", "route_id": "Red", "arr_dt": "1455552062", "direction": "0", "travel_time_sec": "528", "benchmark_travel_time_sec": "600"}, {"dep_dt": "1455552411", "route_id": "Red", "arr_dt": "1455553057", "direction": "0", "travel_time_sec": "646", "benchmark_travel_time_sec": "600"}, {"dep_dt": "1455552565", "route_id": "Red", "arr_dt": "1455553258", "direction": "0", "travel_time_sec": "693", "benchmark_travel_time_sec": "600"}, {"dep_dt": "1455552753", "route_id": "Red", "arr_dt": "1455553436", "direction": "0", "travel_time_sec": "683", "benchmark_travel_time_sec": "600"}, {"dep_dt": "1455552911", "route_id": "Red", "arr_dt": "1455553611", "direction": "0", "travel_time_sec": "700", "benchmark_travel_time_sec": "600"}, {"dep_dt": "1455553157", "route_id": "Red", "arr_dt": "1455553784", "direction": "0", "travel_time_sec": "627", "benchmark_travel_time_sec": "600"}, {"dep_dt": "1455553554", "route_id": "Red", "arr_dt": "1455554143", "direction": "0", "travel_time_sec": "589", "benchmark_travel_time_sec": "600"}, {"dep_dt": "1455554025", "route_id": "Red", "arr_dt": "1455554646", "direction": "0", "travel_time_sec": "621", "benchmark_travel_time_sec": "600"}, {"dep_dt": "1455554419", "route_id": "Red", "arr_dt": "1455554983", "direction": "0", "travel_time_sec": "564", "benchmark_travel_time_sec": "600"}, {"dep_dt": "1455554908", "route_id": "Red", "arr_dt": "1455555484", "direction": "0", "travel_time_sec": "576", "benchmark_travel_time_sec": "600"}, {"dep_dt": "1455555511", "route_id": "Red", "arr_dt": "1455556193", "direction": "0", "travel_time_sec": "682", "benchmark_travel_time_sec": "600"}, {"dep_dt": "1455556207", "route_id": "Red", "arr_dt": "1455556839", "direction": "0", "travel_time_sec": "632", "benchmark_travel_time_sec": "600"}, {"dep_dt": "1455556701", "route_id": "Red", "arr_dt": "1455557278", "direction": "0", "travel_time_sec": "577", "benchmark_travel_time_sec": "600"}, {"dep_dt": "1455557051", "route_id": "Red", "arr_dt": "1455557626", "direction": "0", "travel_time_sec": "575", "benchmark_travel_time_sec": "600"}, {"dep_dt": "1455557238", "route_id": "Red", "arr_dt": "1455557811", "direction": "0", "travel_time_sec": "573", "benchmark_travel_time_sec": "600"}, {"dep_dt": "1455557848", "route_id": "Red", "arr_dt": "1455558425", "direction": "0", "travel_time_sec": "577", "benchmark_travel_time_sec": "600"}, {"dep_dt": "1455558218", "route_id": "Red", "arr_dt": "1455558822", "direction": "0", "travel_time_sec": "604", "benchmark_travel_time_sec": "600"}, {"dep_dt": "1455558522", "route_id": "Red", "arr_dt": "1455559091", "direction": "0", "travel_time_sec": "569", "benchmark_travel_time_sec": "600"}, {"dep_dt": "1455558828", "route_id": "Red", "arr_dt": "1455559399", "direction": "0", "travel_time_sec": "571", "benchmark_travel_time_sec": "600"}, {"dep_dt": "1455559205", "route_id": "Red", "arr_dt": "1455559743", "direction": "0", "travel_time_sec": "538", "benchmark_travel_time_sec": "600"}, {"dep_dt": "1455559765", "route_id": "Red", "arr_dt": "1455560385", "direction": "0", "travel_time_sec": "620", "benchmark_travel_time_sec": "600"}, {"dep_dt": "1455560063", "route_id": "Red", "arr_dt": "1455560662", "direction": "0", "travel_time_sec": "599", "benchmark_travel_time_sec": "600"}, {"dep_dt": "1455560339", "route_id": "Red", "arr_dt": "1455560933", "direction": "0", "travel_time_sec": "594", "benchmark_travel_time_sec": "600"}, {"dep_dt": "1455560773", "route_id": "Red", "arr_dt": "1455561358", "direction": "0", "travel_time_sec": "585", "benchmark_travel_time_sec": "600"}, {"dep_dt": "1455561186", "route_id": "Red", "arr_dt": "1455561812", "direction": "0", "travel_time_sec": "626", "benchmark_travel_time_sec": "600"}, {"dep_dt": "1455561614", "route_id": "Red", "arr_dt": "1455562205", "direction": "0", "travel_time_sec": "591", "benchmark_travel_time_sec": "600"}, {"dep_dt": "1455562015", "route_id": "Red", "arr_dt": "1455562606", "direction": "0", "travel_time_sec": "591", "benchmark_travel_time_sec": "600"}, {"dep_dt": "1455562451", "route_id": "Red", "arr_dt": "1455563089", "direction": "0", "travel_time_sec": "638", "benchmark_travel_time_sec": "600"}, {"dep_dt": "1455562855", "route_id": "Red", "arr_dt": "1455563410", "direction": "0", "travel_time_sec": "555", "benchmark_travel_time_sec": "600"}, {"dep_dt": "1455563206", "route_id": "Red", "arr_dt": "1455563740", "direction": "0", "travel_time_sec": "534", "benchmark_travel_time_sec": "600"}, {"dep_dt": "1455563626", "route_id": "Red", "arr_dt": "1455564203", "direction": "0", "travel_time_sec": "577", "benchmark_travel_time_sec": "600"}, {"dep_dt": "1455564033", "route_id": "Red", "arr_dt": "1455564614", "direction": "0", "travel_time_sec": "581", "benchmark_travel_time_sec": "600"}, {"dep_dt": "1455564707", "route_id": "Red", "arr_dt": "1455565334", "direction": "0", "travel_time_sec": "627", "benchmark_travel_time_sec": "600"}, {"dep_dt": "1455565048", "route_id": "Red", "arr_dt": "1455565593", "direction": "0", "travel_time_sec": "545", "benchmark_travel_time_sec": "600"}, {"dep_dt": "1455565666", "route_id": "Red", "arr_dt": "1455566241", "direction": "0", "travel_time_sec": "575", "benchmark_travel_time_sec": "600"}, {"dep_dt": "1455566229", "route_id": "Red", "arr_dt": "1455566849", "direction": "0", "travel_time_sec": "620", "benchmark_travel_time_sec": "600"}, {"dep_dt": "1455566459", "route_id": "Red", "arr_dt": "1455567067", "direction": "0", "travel_time_sec": "608", "benchmark_travel_time_sec": "600"}, {"dep_dt": "1455566952", "route_id": "Red", "arr_dt": "1455567591", "direction": "0", "travel_time_sec": "639", "benchmark_travel_time_sec": "600"}, {"dep_dt": "1455567230", "route_id": "Red", "arr_dt": "1455568224", "direction": "0", "threshold_flag_2": "threshold_id_05", "travel_time_sec": "994", "threshold_flag_1": "threshold_id_04", "benchmark_travel_time_sec": "600"}, {"dep_dt": "1455567648", "route_id": "Red", "arr_dt": "1455568401", "direction": "0", "travel_time_sec": "753", "benchmark_travel_time_sec": "600"}, {"dep_dt": "1455567986", "route_id": "Red", "arr_dt": "1455568604", "direction": "0", "travel_time_sec": "618", "benchmark_travel_time_sec": "600"}, {"dep_dt": "1455568490", "route_id": "Red", "arr_dt": "1455569135", "direction": "0", "travel_time_sec": "645", "benchmark_travel_time_sec": "600"}, {"dep_dt": "1455568655", "route_id": "Red", "arr_dt": "1455569335", "direction": "0", "travel_time_sec": "680", "benchmark_travel_time_sec": "600"}, {"dep_dt": "1455569145", "route_id": "Red", "arr_dt": "1455569727", "direction": "0", "travel_time_sec": "582", "benchmark_travel_time_sec": "600"}, {"dep_dt": "1455569745", "route_id": "Red", "arr_dt": "1455570367", "direction": "0", "travel_time_sec": "622", "benchmark_travel_time_sec": "600"}, {"dep_dt": "1455570195", "route_id": "Red", "arr_dt": "1455570942", "direction": "0", "travel_time_sec": "747", "benchmark_travel_time_sec": "600"}, {"dep_dt": "1455570667", "route_id": "Red", "arr_dt": "1455571244", "direction": "0", "travel_time_sec": "577", "benchmark_travel_time_sec": "600"}, {"dep_dt": "1455571118", "route_id": "Red", "arr_dt": "1455571670", "direction": "0", "travel_time_sec": "552", "benchmark_travel_time_sec": "600"}, {"dep_dt": "1455571844", "route_id": "Red", "arr_dt": "1455572562", "direction": "0", "travel_time_sec": "718", "benchmark_travel_time_sec": "600"}, {"dep_dt": "1455572121", "route_id": "Red", "arr_dt": "1455572775", "direction": "0", "travel_time_sec": "654", "benchmark_travel_time_sec": "600"}, {"dep_dt": "1455572507", "route_id": "Red", "arr_dt": "1455573101", "direction": "0", "travel_time_sec": "594", "benchmark_travel_time_sec": "600"}, {"dep_dt": "1455572847", "route_id": "Red", "arr_dt": "1455573425", "direction": "0", "travel_time_sec": "578", "benchmark_travel_time_sec": "600"}, {"dep_dt": "1455573218", "route_id": "Red", "arr_dt": "1455573835", "direction": "0", "travel_time_sec": "617", "benchmark_travel_time_sec": "600"}, {"dep_dt": "1455573728", "route_id": "Red", "arr_dt": "1455574316", "direction": "0", "travel_time_sec": "588", "benchmark_travel_time_sec": "600"}, {"dep_dt": "1455574119", "route_id": "Red", "arr_dt": "1455574760", "direction": "0", "travel_time_sec": "641", "benchmark_travel_time_sec": "600"}, {"dep_dt": "1455574287", "route_id": "Red", "arr_dt": "1455574964", "direction": "0", "travel_time_sec": "677", "benchmark_travel_time_sec": "600"}, {"dep_dt": "1455574895", "route_id": "Red", "arr_dt": "1455575467", "direction": "0", "travel_time_sec": "572", "benchmark_travel_time_sec": "600"}, {"dep_dt": "1455575347", "route_id": "Red", "arr_dt": "1455575938", "direction": "0", "travel_time_sec": "591", "benchmark_travel_time_sec": "600"}, {"dep_dt": "1455575870", "route_id": "Red", "arr_dt": "1455576455", "direction": "0", "travel_time_sec": "585", "benchmark_travel_time_sec": "600"}, {"dep_dt": "1455576305", "route_id": "Red", "arr_dt": "1455576878", "direction": "0", "travel_time_sec": "573", "benchmark_travel_time_sec": "600"}, {"dep_dt": "1455576607", "route_id": "Red", "arr_dt": "1455577168", "direction": "0", "travel_time_sec": "561", "benchmark_travel_time_sec": "600"}, {"dep_dt": "1455577187", "route_id": "Red", "arr_dt": "1455577801", "direction": "0", "travel_time_sec": "614", "benchmark_travel_time_sec": "600"}, {"dep_dt": "1455577483", "route_id": "Red", "arr_dt": "1455578079", "direction": "0", "travel_time_sec": "596", "benchmark_travel_time_sec": "600"}, {"dep_dt": "1455577792", "route_id": "Red", "arr_dt": "1455578375", "direction": "0", "travel_time_sec": "583", "benchmark_travel_time_sec": "600"}, {"dep_dt": "1455578115", "route_id": "Red", "arr_dt": "1455578720", "direction": "0", "travel_time_sec": "605", "benchmark_travel_time_sec": "600"}, {"dep_dt": "1455578889", "route_id": "Red", "arr_dt": "1455579476", "direction": "0", "travel_time_sec": "587", "benchmark_travel_time_sec": "600"}, {"dep_dt": "1455579338", "route_id": "Red", "arr_dt": "1455579923", "direction": "0", "travel_time_sec": "585", "benchmark_travel_time_sec": "600"}, {"dep_dt": "1455579684", "route_id": "Red", "arr_dt": "1455580242", "direction": "0", "travel_time_sec": "558", "benchmark_travel_time_sec": "600"}, {"dep_dt": "1455579972", "route_id": "Red", "arr_dt": "1455580548", "direction": "0", "travel_time_sec": "576", "benchmark_travel_time_sec": "600"}, {"dep_dt": "1455580542", "route_id": "Red", "arr_dt": "1455581164", "direction": "0", "travel_time_sec": "622", "benchmark_travel_time_sec": "600"}, {"dep_dt": "1455580738", "route_id": "Red", "arr_dt": "1455581342", "direction": "0", "travel_time_sec": "604", "benchmark_travel_time_sec": "600"}, {"dep_dt": "1455581512", "route_id": "Red", "arr_dt": "1455582141", "direction": "0", "travel_time_sec": "629", "benchmark_travel_time_sec": "600"}, {"dep_dt": "1455581682", "route_id": "Red", "arr_dt": "1455582361", "direction": "0", "travel_time_sec": "679", "benchmark_travel_time_sec": "600"}, {"dep_dt": "1455582294", "route_id": "Red", "arr_dt": "1455582920", "direction": "0", "travel_time_sec": "626", "benchmark_travel_time_sec": "600"}, {"dep_dt": "1455582918", "route_id": "Red", "arr_dt": "1455583463", "direction": "0", "travel_time_sec": "545", "benchmark_travel_time_sec": "600"}, {"dep_dt": "1455583259", "route_id": "Red", "arr_dt": "1455583843", "direction": "0", "travel_time_sec": "584", "benchmark_travel_time_sec": "600"}, {"dep_dt": "1455583648", "route_id": "Red", "arr_dt": "1455584246", "direction": "0", "travel_time_sec": "598", "benchmark_travel_time_sec": "600"}, {"dep_dt": "1455584472", "route_id": "Red", "arr_dt": "1455585108", "direction": "0", "travel_time_sec": "636", "benchmark_travel_time_sec": "600"}, {"dep_dt": "1455584705", "route_id": "Red", "arr_dt": "1455585310", "direction": "0", "travel_time_sec": "605", "benchmark_travel_time_sec": "600"}, {"dep_dt": "1455585045", "route_id": "Red", "arr_dt": "1455585584", "direction": "0", "travel_time_sec": "539", "benchmark_travel_time_sec": "600"}, {"dep_dt": "1455585415", "route_id": "Red", "arr_dt": "1455586022", "direction": "0", "travel_time_sec": "607", "benchmark_travel_time_sec": "600"}, {"dep_dt": "1455585860", "route_id": "Red", "arr_dt": "1455586437", "direction": "0", "travel_time_sec": "577", "benchmark_travel_time_sec": "600"}, {"dep_dt": "1455586335", "route_id": "Red", "arr_dt": "1455586922", "direction": "0", "travel_time_sec": "587", "benchmark_travel_time_sec": "600"}, {"dep_dt": "1455586644", "route_id": "Red", "arr_dt": "1455587190", "direction": "0", "travel_time_sec": "546", "benchmark_travel_time_sec": "600"}, {"dep_dt": "1455587357", "route_id": "Red", "arr_dt": "1455587931", "direction": "0", "travel_time_sec": "574", "benchmark_travel_time_sec": "600"}, {"dep_dt": "1455587628", "route_id": "Red", "arr_dt": "1455588199", "direction": "0", "travel_time_sec": "571", "benchmark_travel_time_sec": "600"}, {"dep_dt": "1455587855", "route_id": "Red", "arr_dt": "1455588445", "direction": "0", "travel_time_sec": "590", "benchmark_travel_time_sec": "600"}, {"dep_dt": "1455588195", "route_id": "Red", "arr_dt": "1455588730", "direction": "0", "travel_time_sec": "535", "benchmark_travel_time_sec": "600"}, {"dep_dt": "1455589054", "route_id": "Red", "arr_dt": "1455589623", "direction": "0", "travel_time_sec": "569", "benchmark_travel_time_sec": "600"}, {"dep_dt": "1455589526", "route_id": "Red", "arr_dt": "1455590110", "direction": "0", "travel_time_sec": "584", "benchmark_travel_time_sec": "600"}, {"dep_dt": "1455589786", "route_id": "Red", "arr_dt": "1455590382", "direction": "0", "travel_time_sec": "596", "benchmark_travel_time_sec": "600"}, {"dep_dt": "1455590124", "route_id": "Red", "arr_dt": "1455590668", "direction": "0", "travel_time_sec": "544", "benchmark_travel_time_sec": "600"}, {"dep_dt": "1455590593", "route_id": "Red", "arr_dt": "1455591137", "direction": "0", "travel_time_sec": "544", "benchmark_travel_time_sec": "600"}, {"dep_dt": "1455590743", "route_id": "Red", "arr_dt": "1455591305", "direction": "0", "travel_time_sec": "562", "benchmark_travel_time_sec": "600"}, {"dep_dt": "1455591396", "route_id": "Red", "arr_dt": "1455591977", "direction": "0", "travel_time_sec": "581", "benchmark_travel_time_sec": "600"}, {"dep_dt": "1455591666", "route_id": "Red", "arr_dt": "1455592215", "direction": "0", "travel_time_sec": "549", "benchmark_travel_time_sec": "600"}, {"dep_dt": "1455592467", "route_id": "Red", "arr_dt": "1455593017", "direction": "0", "travel_time_sec": "550", "benchmark_travel_time_sec": "600"}, {"dep_dt": "1455593241", "route_id": "Red", "arr_dt": "1455593854", "direction": "0", "travel_time_sec": "613", "benchmark_travel_time_sec": "600"}, {"dep_dt": "1455593628", "route_id": "Red", "arr_dt": "1455594218", "direction": "0", "travel_time_sec": "590", "benchmark_travel_time_sec": "600"}, {"dep_dt": "1455594140", "route_id": "Red", "arr_dt": "1455594719", "direction": "0", "travel_time_sec": "579", "benchmark_travel_time_sec": "600"}, {"dep_dt": "1455594715", "route_id": "Red", "arr_dt": "1455595247", "direction": "0", "travel_time_sec": "532", "benchmark_travel_time_sec": "600"}, {"dep_dt": "1455595068", "route_id": "Red", "arr_dt": "1455595628", "direction": "0", "travel_time_sec": "560", "benchmark_travel_time_sec": "600"}, {"dep_dt": "1455595960", "route_id": "Red", "arr_dt": "1455596544", "direction": "0", "travel_time_sec": "584", "benchmark_travel_time_sec": "600"}, {"dep_dt": "1455596615", "route_id": "Red", "arr_dt": "1455597205", "direction": "0", "travel_time_sec": "590", "benchmark_travel_time_sec": "600"}, {"dep_dt": "1455597077", "route_id": "Red", "arr_dt": "1455597629", "direction": "0", "travel_time_sec": "552", "benchmark_travel_time_sec": "600"}, {"dep_dt": "1455597488", "route_id": "Red", "arr_dt": "1455598035", "direction": "0", "travel_time_sec": "547", "benchmark_travel_time_sec": "600"}, {"dep_dt": "1455597855", "route_id": "Red", "arr_dt": "1455598402", "direction": "0", "travel_time_sec": "547", "benchmark_travel_time_sec": "600"}]}