{"travel_times": [{"dep_dt": "1461902259", "route_id": "Red", "arr_dt": "1461902821", "direction": "0", "travel_time_sec": "562", "benchmark_travel_time_sec": "540"}, {"dep_dt": "1461902828", "route_id": "Red", "arr_dt": "1461903377", "direction": "0", "travel_time_sec": "549", "benchmark_travel_time_sec": "540"}, {"dep_dt": "1461903466", "route_id": "Red", "arr_dt": "1461904028", "direction": "0", "travel_time_sec": "562", "benchmark_travel_time_sec": "540"}, {"dep_dt": "1461904115", "route_id": "Red", "arr_dt": "1461904703", "direction": "0", "travel_time_sec": "588", "benchmark_travel_time_sec": "540"}, {"dep_dt": "1461904731", "route_id": "Red", "arr_dt": "1461905525", "direction": "0", "travel_time_sec": "794", "threshold_flag_1": "threshold_id_04", "benchmark_travel_time_sec": "540"}, {"dep_dt": "1461921819", "route_id": "Red", "arr_dt": "1461922360", "direction": "0", "travel_time_sec": "541", "benchmark_travel_time_sec": "540"}, {"dep_dt": "1461922406", "route_id": "Red", "arr_dt": "1461922951", "direction": "0", "travel_time_sec": "545", "benchmark_travel_time_sec": "540"}, {"dep_dt": "1461922655", "route_id": "Red", "arr_dt": "1461923215", "direction": "0", "travel_time_sec": "560", "benchmark_travel_time_sec": "540"}, {"dep_dt": "1461923088", "route_id": "Red", "arr_dt": "1461923638", "direction": "0", "travel_time_sec": "550", "benchmark_travel_time_sec": "540"}, {"dep_dt": "1461923468", "route_id": "Red", "arr_dt": "1461924013", "direction": "0", "travel_time_sec": "545", "benchmark_travel_time_sec": "540"}, {"dep_dt": "1461924117", "route_id": "Red", "arr_dt": "1461924651", "direction": "0", "travel_time_sec": "534", "benchmark_travel_time_sec": "540"}, {"dep_dt": "1461924581", "route_id": "Red", "arr_dt": "1461925151", "direction": "0", "travel_time_sec": "570", "benchmark_travel_time_sec": "540"}, {"dep_dt": "1461925006", "route_id": "Red", "arr_dt": "1461925566", "direction": "0", "travel_time_sec": "560", "benchmark_travel_time_sec": "540"}, {"dep_dt": "1461925374", "route_id": "Red", "arr_dt": "1461925898", "direction": "0", "travel_time_sec": "524", "benchmark_travel_time_sec": "540"}, {"dep_dt": "1461925565", "route_id": "Red", "arr_dt": "1461926082", "direction": "0", "travel_time_sec": "517", "benchmark_travel_time_sec": "540"}, {"dep_dt": "1461925935", "route_id": "Red", "arr_dt": "1461926493", "direction": "0", "travel_time_sec": "558", "benchmark_travel_time_sec": "540"}, {"dep_dt": "1461926203", "route_id": "Red", "arr_dt": "1461926757", "direction": "0", "travel_time_sec": "554", "benchmark_travel_time_sec": "540"}, {"dep_dt": "1461926628", "route_id": "Red", "arr_dt": "1461927192", "direction": "0", "travel_time_sec": "564", "benchmark_travel_time_sec": "540"}, {"dep_dt": "1461926982", "route_id": "Red", "arr_dt": "1461927572", "direction": "0", "travel_time_sec": "590", "benchmark_travel_time_sec": "540"}, {"dep_dt": "1461927225", "route_id": "Red", "arr_dt": "1461927787", "direction": "0", "travel_time_sec": "562", "benchmark_travel_time_sec": "651"}, {"dep_dt": "1461927501", "route_id": "Red", "arr_dt": "1461928074", "direction": "0", "travel_time_sec": "573", "benchmark_travel_time_sec": "651"}, {"dep_dt": "1461927668", "route_id": "Red", "arr_dt": "1461928259", "direction": "0", "travel_time_sec": "591", "benchmark_travel_time_sec": "651"}, {"dep_dt": "1461928027", "route_id": "Red", "arr_dt": "1461928647", "direction": "0", "travel_time_sec": "620", "benchmark_travel_time_sec": "651"}, {"dep_dt": "1461928394", "route_id": "Red", "arr_dt": "1461928980", "direction": "0", "travel_time_sec": "586", "benchmark_travel_time_sec": "651"}, {"dep_dt": "1461928558", "route_id": "Red", "arr_dt": "1461929160", "direction": "0", "travel_time_sec": "602", "benchmark_travel_time_sec": "651"}, {"dep_dt": "1461928787", "route_id": "Red", "arr_dt": "1461929355", "direction": "0", "travel_time_sec": "568", "benchmark_travel_time_sec": "651"}, {"dep_dt": "1461928935", "route_id": "Red", "arr_dt": "1461929526", "direction": "0", "travel_time_sec": "591", "benchmark_travel_time_sec": "660"}, {"dep_dt": "1461929205", "route_id": "Red", "arr_dt": "1461929779", "direction": "0", "travel_time_sec": "574", "benchmark_travel_time_sec": "660"}, {"dep_dt": "1461929370", "route_id": "Red", "arr_dt": "1461929955", "direction": "0", "travel_time_sec": "585", "benchmark_travel_time_sec": "660"}, {"dep_dt": "1461929660", "route_id": "Red", "arr_dt": "1461930216", "direction": "0", "travel_time_sec": "556", "benchmark_travel_time_sec": "660"}, {"dep_dt": "1461929826", "route_id": "Red", "arr_dt": "1461930402", "direction": "0", "travel_time_sec": "576", "benchmark_travel_time_sec": "660"}, {"dep_dt": "1461930086", "route_id": "Red", "arr_dt": "1461930689", "direction": "0", "travel_time_sec": "603", "benchmark_travel_time_sec": "660"}, {"dep_dt": "1461930296", "route_id": "Red", "arr_dt": "1461930890", "direction": "0", "travel_time_sec": "594", "benchmark_travel_time_sec": "660"}, {"dep_dt": "1461930482", "route_id": "Red", "arr_dt": "1461931072", "direction": "0", "travel_time_sec": "590", "benchmark_travel_time_sec": "660"}, {"dep_dt": "1461930684", "route_id": "Red", "arr_dt": "1461931297", "direction": "0", "travel_time_sec": "613", "benchmark_travel_time_sec": "660"}, {"dep_dt": "1461930988", "route_id": "Red", "arr_dt": "1461931537", "direction": "0", "travel_time_sec": "549", "benchmark_travel_time_sec": "660"}, {"dep_dt": "1461931184", "route_id": "Red", "arr_dt": "1461931760", "direction": "0", "travel_time_sec": "576", "benchmark_travel_time_sec": "660"}, {"dep_dt": "1461931480", "route_id": "Red", "arr_dt": "1461932072", "direction": "0", "travel_time_sec": "592", "benchmark_travel_time_sec": "660"}, {"dep_dt": "1461931667", "route_id": "Red", "arr_dt": "1461932270", "direction": "0", "travel_time_sec": "603", "benchmark_travel_time_sec": "660"}, {"dep_dt": "1461932077", "route_id": "Red", "arr_dt": "1461932713", "direction": "0", "travel_time_sec": "636", "benchmark_travel_time_sec": "660"}, {"dep_dt": "1461932429", "route_id": "Red", "arr_dt": "1461933132", "direction": "0", "travel_time_sec": "703", "benchmark_travel_time_sec": "660"}, {"dep_dt": "1461932608", "route_id": "Red", "arr_dt": "1461933336", "direction": "0", "travel_time_sec": "728", "benchmark_travel_time_sec": "660"}, {"dep_dt": "1461932744", "route_id": "Red", "arr_dt": "1461933561", "direction": "0", "travel_time_sec": "817", "benchmark_travel_time_sec": "660"}, {"dep_dt": "1461933107", "route_id": "Red", "arr_dt": "1461933774", "direction": "0", "travel_time_sec": "667", "benchmark_travel_time_sec": "660"}, {"dep_dt": "1461933268", "route_id": "Red", "arr_dt": "1461933961", "direction": "0", "travel_time_sec": "693", "benchmark_travel_time_sec": "660"}, {"dep_dt": "1461933545", "route_id": "Red", "arr_dt": "1461934176", "direction": "0", "travel_time_sec": "631", "benchmark_travel_time_sec": "660"}, {"dep_dt": "1461933719", "route_id": "Red", "arr_dt": "1461934392", "direction": "0", "travel_time_sec": "673", "benchmark_travel_time_sec": "660"}, {"dep_dt": "1461934100", "route_id": "Red", "arr_dt": "1461934734", "direction": "0", "travel_time_sec": "634", "benchmark_travel_time_sec": "660"}, {"dep_dt": "1461934324", "route_id": "Red", "arr_dt": "1461934962", "direction": "0", "travel_time_sec": "638", "benchmark_travel_time_sec": "660"}, {"dep_dt": "1461934477", "route_id": "Red", "arr_dt": "1461935138", "direction": "0", "travel_time_sec": "661", "benchmark_travel_time_sec": "660"}, {"dep_dt": "1461934644", "route_id": "Red", "arr_dt": "1461935338", "direction": "0", "travel_time_sec": "694", "benchmark_travel_time_sec": "660"}, {"dep_dt": "1461934865", "route_id": "Red", "arr_dt": "1461935498", "direction": "0", "travel_time_sec": "633", "benchmark_travel_time_sec": "660"}, {"dep_dt": "1461935049", "route_id": "Red", "arr_dt": "1461935702", "direction": "0", "travel_time_sec": "653", "benchmark_travel_time_sec": "660"}, {"dep_dt": "1461935343", "route_id": "Red", "arr_dt": "1461935933", "direction": "0", "travel_time_sec": "590", "benchmark_travel_time_sec": "660"}, {"dep_dt": "1461935937", "route_id": "Red", "arr_dt": "1461936526", "direction": "0", "travel_time_sec": "589", "benchmark_travel_time_sec": "660"}, {"dep_dt": "1461936372", "route_id": "Red", "arr_dt": "1461937040", "direction": "0", "travel_time_sec": "668", "benchmark_travel_time_sec": "615"}, {"dep_dt": "1461936895", "route_id": "Red", "arr_dt": "1461937471", "direction": "0", "travel_time_sec": "576", "benchmark_travel_time_sec": "615"}, {"dep_dt": "1461937055", "route_id": "Red", "arr_dt": "1461937660", "direction": "0", "travel_time_sec": "605", "benchmark_travel_time_sec": "615"}, {"dep_dt": "1461937281", "route_id": "Red", "arr_dt": "1461937875", "direction": "0", "travel_time_sec": "594", "benchmark_travel_time_sec": "615"}, {"dep_dt": "1461937441", "route_id": "Red", "arr_dt": "1461938249", "direction": "0", "travel_time_sec": "808", "threshold_flag_1": "threshold_id_04", "benchmark_travel_time_sec": "615"}, {"dep_dt": "1461937761", "route_id": "Red", "arr_dt": "1461938444", "direction": "0", "travel_time_sec": "683", "benchmark_travel_time_sec": "600"}, {"dep_dt": "1461937918", "route_id": "Red", "arr_dt": "1461938631", "direction": "0", "travel_time_sec": "713", "benchmark_travel_time_sec": "600"}, {"dep_dt": "1461938275", "route_id": "Red", "arr_dt": "1461938852", "direction": "0", "travel_time_sec": "577", "benchmark_travel_time_sec": "600"}, {"dep_dt": "1461938590", "route_id": "Red", "arr_dt": "1461939212", "direction": "0", "travel_time_sec": "622", "benchmark_travel_time_sec": "600"}, {"dep_dt": "1461938763", "route_id": "Red", "arr_dt": "1461939404", "direction": "0", "travel_time_sec": "641", "benchmark_travel_time_sec": "600"}, {"dep_dt": "1461938991", "route_id": "Red", "arr_dt": "1461939592", "direction": "0", "travel_time_sec": "601", "benchmark_travel_time_sec": "600"}, {"dep_dt": "1461939164", "route_id": "Red", "arr_dt": "1461939802", "direction": "0", "travel_time_sec": "638", "benchmark_travel_time_sec": "600"}, {"dep_dt": "1461939402", "route_id": "Red", "arr_dt": "1461939980", "direction": "0", "travel_time_sec": "578", "benchmark_travel_time_sec": "600"}, {"dep_dt": "1461939562", "route_id": "Red", "arr_dt": "1461940166", "direction": "0", "travel_time_sec": "604", "benchmark_travel_time_sec": "600"}, {"dep_dt": "1461939868", "route_id": "Red", "arr_dt": "1461940437", "direction": "0", "travel_time_sec": "569", "benchmark_travel_time_sec": "600"}, {"dep_dt": "1461940035", "route_id": "Red", "arr_dt": "1461940608", "direction": "0", "travel_time_sec": "573", "benchmark_travel_time_sec": "600"}, {"dep_dt": "1461940352", "route_id": "Red", "arr_dt": "1461940892", "direction": "0", "travel_time_sec": "540", "benchmark_travel_time_sec": "600"}, {"dep_dt": "1461941029", "route_id": "Red", "arr_dt": "1461941641", "direction": "0", "travel_time_sec": "612", "benchmark_travel_time_sec": "600"}, {"dep_dt": "1461941190", "route_id": "Red", "arr_dt": "1461941835", "direction": "0", "travel_time_sec": "645", "benchmark_travel_time_sec": "600"}, {"dep_dt": "1461941416", "route_id": "Red", "arr_dt": "1461942013", "direction": "0", "travel_time_sec": "597", "benchmark_travel_time_sec": "600"}, {"dep_dt": "1461941587", "route_id": "Red", "arr_dt": "1461942168", "direction": "0", "travel_time_sec": "581", "benchmark_travel_time_sec": "600"}, {"dep_dt": "1461942388", "route_id": "Red", "arr_dt": "1461943130", "direction": "0", "travel_time_sec": "742", "benchmark_travel_time_sec": "600"}, {"dep_dt": "1461942531", "route_id": "Red", "arr_dt": "1461943353", "direction": "0", "travel_time_sec": "822", "threshold_flag_1": "threshold_id_04", "benchmark_travel_time_sec": "600"}, {"dep_dt": "1461942996", "route_id": "Red", "arr_dt": "1461943550", "direction": "0", "travel_time_sec": "554", "benchmark_travel_time_sec": "600"}, {"dep_dt": "1461943227", "route_id": "Red", "arr_dt": "1461943764", "direction": "0", "travel_time_sec": "537", "benchmark_travel_time_sec": "600"}, {"dep_dt": "1461943697", "route_id": "Red", "arr_dt": "1461944261", "direction": "0", "travel_time_sec": "564", "benchmark_travel_time_sec": "600"}, {"dep_dt": "1461944188", "route_id": "Red", "arr_dt": "1461944816", "direction": "0", "travel_time_sec": "628", "benchmark_travel_time_sec": "600"}, {"dep_dt": "1461944640", "route_id": "Red", "arr_dt": "1461945202", "direction": "0", "travel_time_sec": "562", "benchmark_travel_time_sec": "600"}, {"dep_dt": "1461945093", "route_id": "Red", "arr_dt": "1461945662", "direction": "0", "travel_time_sec": "569", "benchmark_travel_time_sec": "600"}, {"dep_dt": "1461945345", "route_id": "Red", "arr_dt": "1461945899", "direction": "0", "travel_time_sec": "554", "benchmark_travel_time_sec": "600"}, {"dep_dt": "1461945803", "route_id": "Red", "arr_dt": "1461946418", "direction": "0", "travel_time_sec": "615", "benchmark_travel_time_sec": "600"}, {"dep_dt": "1461946238", "route_id": "Red", "arr_dt": "1461946835", "direction": "0", "travel_time_sec": "597", "benchmark_travel_time_sec": "600"}, {"dep_dt": "1461946677", "route_id": "Red", "arr_dt": "1461947226", "direction": "0", "travel_time_sec": "549", "benchmark_travel_time_sec": "600"}, {"dep_dt": "1461947108", "route_id": "Red", "arr_dt": "1461947691", "direction": "0", "travel_time_sec": "583", "benchmark_travel_time_sec": "600"}, {"dep_dt": "1461947696", "route_id": "Red", "arr_dt": "1461948259", "direction": "0", "travel_time_sec": "563", "benchmark_travel_time_sec": "600"}, {"dep_dt": "1461948267", "route_id": "Red", "arr_dt": "1461948880", "direction": "0", "travel_time_sec": "613", "benchmark_travel_time_sec": "600"}, {"dep_dt": "1461948577", "route_id": "Red", "arr_dt": "1461949161", "direction": "0", "travel_time_sec": "584", "benchmark_travel_time_sec": "600"}, {"dep_dt": "1461949027", "route_id": "Red", "arr_dt": "1461949601", "direction": "0", "travel_time_sec": "574", "benchmark_travel_time_sec": "600"}, {"dep_dt": "1461949388", "route_id": "Red", "arr_dt": "1461949950", "direction": "0", "travel_time_sec": "562", "benchmark_travel_time_sec": "600"}, {"dep_dt": "1461949685", "route_id": "Red", "arr_dt": "1461950251", "direction": "0", "travel_time_sec": "566", "benchmark_travel_time_sec": "600"}, {"dep_dt": "1461950075", "route_id": "Red", "arr_dt": "1461950647", "direction": "0", "travel_time_sec": "572", "benchmark_travel_time_sec": "600"}, {"dep_dt": "1461950664", "route_id": "Red", "arr_dt": "1461951290", "direction": "0", "travel_time_sec": "626", "benchmark_travel_time_sec": "600"}, {"dep_dt": "1461950917", "route_id": "Red", "arr_dt": "1461951483", "direction": "0", "travel_time_sec": "566", "benchmark_travel_time_sec": "600"}, {"dep_dt": "1461951519", "route_id": "Red", "arr_dt": "1461952102", "direction": "0", "travel_time_sec": "583", "benchmark_travel_time_sec": "600"}, {"dep_dt": "1461951681", "route_id": "Red", "arr_dt": "1461952295", "direction": "0", "travel_time_sec": "614", "benchmark_travel_time_sec": "600"}, {"dep_dt": "1461952346", "route_id": "Red", "arr_dt": "1461952969", "direction": "0", "travel_time_sec": "623", "benchmark_travel_time_sec": "600"}, {"dep_dt": "1461952658", "route_id": "Red", "arr_dt": "1461953236", "direction": "0", "travel_time_sec": "578", "benchmark_travel_time_sec": "600"}, {"dep_dt": "1461953177", "route_id": "Red", "arr_dt": "1461953739", "direction": "0", "travel_time_sec": "562", "benchmark_travel_time_sec": "600"}, {"dep_dt": "1461953712", "route_id": "Red", "arr_dt": "1461954299", "direction": "0", "travel_time_sec": "587", "benchmark_travel_time_sec": "600"}, {"dep_dt": "1461954055", "route_id": "Red", "arr_dt": "1461954635", "direction": "0", "travel_time_sec": "580", "benchmark_travel_time_sec": "600"}, {"dep_dt": "1461954333", "route_id": "Red", "arr_dt": "1461954909", "direction": "0", "travel_time_sec": "576", "benchmark_travel_time_sec": "600"}, {"dep_dt": "1461954957", "route_id": "Red", "arr_dt": "1461955570", "direction": "0", "travel_time_sec": "613", "benchmark_travel_time_sec": "600"}, {"dep_dt": "1461955263", "route_id": "Red", "arr_dt": "1461955848", "direction": "0", "travel_time_sec": "585", "benchmark_travel_time_sec": "600"}, {"dep_dt": "1461955424", "route_id": "Red", "arr_dt": "1461956280", "direction": "0", "travel_time_sec": "856", "threshold_flag_1": "threshold_id_04", "benchmark_travel_time_sec": "600"}, {"dep_dt": "1461956275", "route_id": "Red", "arr_dt": "1461956909", "direction": "0", "travel_time_sec": "634", "benchmark_travel_time_sec": "600"}, {"dep_dt": "1461956868", "route_id": "Red", "arr_dt": "1461957500", "direction": "0", "travel_time_sec": "632", "benchmark_travel_time_sec": "600"}, {"dep_dt": "1461957207", "route_id": "Red", "arr_dt": "1461957806", "direction": "0", "travel_time_sec": "599", "benchmark_travel_time_sec": "600"}, {"dep_dt": "1461957788", "route_id": "Red", "arr_dt": "1461958613", "direction": "0", "travel_time_sec": "825", "threshold_flag_1": "threshold_id_04", "benchmark_travel_time_sec": "600"}, {"dep_dt": "1461958102", "route_id": "Red", "arr_dt": "1461958827", "direction": "0", "travel_time_sec": "725", "benchmark_travel_time_sec": "600"}, {"dep_dt": "1461958326", "route_id": "Red", "arr_dt": "1461959059", "direction": "0", "travel_time_sec": "733", "benchmark_travel_time_sec": "600"}, {"dep_dt": "1461958481", "route_id": "Red", "arr_dt": "1461959275", "direction": "0", "travel_time_sec": "794", "threshold_flag_1": "threshold_id_04", "benchmark_travel_time_sec": "600"}, {"dep_dt": "1461958775", "route_id": "Red", "arr_dt": "1461959457", "direction": "0", "travel_time_sec": "682", "benchmark_travel_time_sec": "600"}, {"dep_dt": "1461959008", "route_id": "Red", "arr_dt": "1461959662", "direction": "0", "travel_time_sec": "654", "benchmark_travel_time_sec": "600"}, {"dep_dt": "1461959306", "route_id": "Red", "arr_dt": "1461959913", "direction": "0", "travel_time_sec": "607", "benchmark_travel_time_sec": "600"}, {"dep_dt": "1461959813", "route_id": "Red", "arr_dt": "1461960420", "direction": "0", "travel_time_sec": "607", "benchmark_travel_time_sec": "700"}, {"dep_dt": "1461960153", "route_id": "Red", "arr_dt": "1461960781", "direction": "0", "travel_time_sec": "628", "benchmark_travel_time_sec": "700"}, {"dep_dt": "1461960532", "route_id": "Red", "arr_dt": "1461961241", "direction": "0", "travel_time_sec": "709", "benchmark_travel_time_sec": "700"}, {"dep_dt": "1461960800", "route_id": "Red", "arr_dt": "1461961444", "direction": "0", "travel_time_sec": "644", "benchmark_travel_time_sec": "700"}, {"dep_dt": "1461960977", "route_id": "Red", "arr_dt": "1461961690", "direction": "0", "travel_time_sec": "713", "benchmark_travel_time_sec": "700"}, {"dep_dt": "1461961348", "route_id": "Red", "arr_dt": "1461961952", "direction": "0", "travel_time_sec": "604", "benchmark_travel_time_sec": "720"}, {"dep_dt": "1461961518", "route_id": "Red", "arr_dt": "1461962141", "direction": "0", "travel_time_sec": "623", "benchmark_travel_time_sec": "720"}, {"dep_dt": "1461961726", "route_id": "Red", "arr_dt": "1461962357", "direction": "0", "travel_time_sec": "631", "benchmark_travel_time_sec": "720"}, {"dep_dt": "1461961886", "route_id": "Red", "arr_dt": "1461962548", "direction": "0", "travel_time_sec": "662", "benchmark_travel_time_sec": "720"}, {"dep_dt": "1461962258", "route_id": "Red", "arr_dt": "1461962866", "direction": "0", "travel_time_sec": "608", "benchmark_travel_time_sec": "720"}, {"dep_dt": "1461962585", "route_id": "Red", "arr_dt": "1461963190", "direction": "0", "travel_time_sec": "605", "benchmark_travel_time_sec": "720"}, {"dep_dt": "1461962793", "route_id": "Red", "arr_dt": "1461963393", "direction": "0", "travel_time_sec": "600", "benchmark_travel_time_sec": "720"}, {"dep_dt": "1461963215", "route_id": "Red", "arr_dt": "1461963879", "direction": "0", "travel_time_sec": "664", "benchmark_travel_time_sec": "720"}, {"dep_dt": "1461963451", "route_id": "Red", "arr_dt": "1461964118", "direction": "0", "travel_time_sec": "667", "benchmark_travel_time_sec": "720"}, {"dep_dt": "1461963696", "route_id": "Red", "arr_dt": "1461964426", "direction": "0", "travel_time_sec": "730", "benchmark_travel_time_sec": "720"}, {"dep_dt": "1461963908", "route_id": "Red", "arr_dt": "1461964659", "direction": "0", "travel_time_sec": "751", "benchmark_travel_time_sec": "720"}, {"dep_dt": "1461964107", "route_id": "Red", "arr_dt": "1461964923", "direction": "0", "travel_time_sec": "816", "benchmark_travel_time_sec": "720"}, {"dep_dt": "1461964281", "route_id": "Red", "arr_dt": "1461965122", "direction": "0", "travel_time_sec": "841", "benchmark_travel_time_sec": "720"}, {"dep_dt": "1461964496", "route_id": "Red", "arr_dt": "1461965351", "direction": "0", "travel_time_sec": "855", "benchmark_travel_time_sec": "720"}, {"dep_dt": "1461964729", "route_id": "Red", "arr_dt": "1461965576", "direction": "0", "travel_time_sec": "847", "benchmark_travel_time_sec": "720"}, {"dep_dt": "1461964868", "route_id": "Red", "arr_dt": "1461965770", "direction": "0", "travel_time_sec": "902", "threshold_flag_1": "threshold_id_04", "benchmark_travel_time_sec": "720"}, {"dep_dt": "1461965338", "route_id": "Red", "arr_dt": "1461966150", "direction": "0", "travel_time_sec": "812", "benchmark_travel_time_sec": "720"}, {"dep_dt": "1461965596", "route_id": "Red", "arr_dt": "1461966336", "direction": "0", "travel_time_sec": "740", "benchmark_travel_time_sec": "720"}, {"dep_dt": "1461965795", "route_id": "Red", "arr_dt": "1461966573", "direction": "0", "travel_time_sec": "778", "benchmark_travel_time_sec": "720"}, {"dep_dt": "1461966258", "route_id": "Red", "arr_dt": "1461967085", "direction": "0", "travel_time_sec": "827", "benchmark_travel_time_sec": "720"}, {"dep_dt": "1461966521", "route_id": "Red", "arr_dt": "1461967278", "direction": "0", "travel_time_sec": "757", "benchmark_travel_time_sec": "668"}, {"dep_dt": "1461966864", "route_id": "Red", "arr_dt": "1461967470", "direction": "0", "travel_time_sec": "606", "benchmark_travel_time_sec": "668"}, {"dep_dt": "1461967074", "route_id": "Red", "arr_dt": "1461967721", "direction": "0", "travel_time_sec": "647", "benchmark_travel_time_sec": "668"}, {"dep_dt": "1461967237", "route_id": "Red", "arr_dt": "1461967962", "direction": "0", "travel_time_sec": "725", "benchmark_travel_time_sec": "668"}, {"dep_dt": "1461967454", "route_id": "Red", "arr_dt": "1461968146", "direction": "0", "travel_time_sec": "692", "benchmark_travel_time_sec": "668"}, {"dep_dt": "1461967663", "route_id": "Red", "arr_dt": "1461968354", "direction": "0", "travel_time_sec": "691", "benchmark_travel_time_sec": "668"}, {"dep_dt": "1461967938", "route_id": "Red", "arr_dt": "1461968559", "direction": "0", "travel_time_sec": "621", "benchmark_travel_time_sec": "668"}, {"dep_dt": "1461968197", "route_id": "Red", "arr_dt": "1461968766", "direction": "0", "travel_time_sec": "569", "benchmark_travel_time_sec": "668"}, {"dep_dt": "1461968422", "route_id": "Red", "arr_dt": "1461968987", "direction": "0", "travel_time_sec": "565", "benchmark_travel_time_sec": "668"}, {"dep_dt": "1461968593", "route_id": "Red", "arr_dt": "1461969176", "direction": "0", "travel_time_sec": "583", "benchmark_travel_time_sec": "660"}, {"dep_dt": "1461968779", "route_id": "Red", "arr_dt": "1461969350", "direction": "0", "travel_time_sec": "571", "benchmark_travel_time_sec": "660"}, {"dep_dt": "1461969252", "route_id": "Red", "arr_dt": "1461969842", "direction": "0", "travel_time_sec": "590", "benchmark_travel_time_sec": "660"}, {"dep_dt": "1461969579", "route_id": "Red", "arr_dt": "1461970148", "direction": "0", "travel_time_sec": "569", "benchmark_travel_time_sec": "660"}, {"dep_dt": "1461970015", "route_id": "Red", "arr_dt": "1461970606", "direction": "0", "travel_time_sec": "591", "benchmark_travel_time_sec": "660"}, {"dep_dt": "1461970416", "route_id": "Red", "arr_dt": "1461971067", "direction": "0", "travel_time_sec": "651", "benchmark_travel_time_sec": "660"}, {"dep_dt": "1461970895", "route_id": "Red", "arr_dt": "1461971537", "direction": "0", "travel_time_sec": "642", "benchmark_travel_time_sec": "660"}, {"dep_dt": "1461971031", "route_id": "Red", "arr_dt": "1461971724", "direction": "0", "travel_time_sec": "693", "benchmark_travel_time_sec": "660"}, {"dep_dt": "1461971210", "route_id": "Red", "arr_dt": "1461971955", "direction": "0", "travel_time_sec": "745", "benchmark_travel_time_sec": "660"}, {"dep_dt": "1461971472", "route_id": "Red", "arr_dt": "1461972146", "direction": "0", "travel_time_sec": "674", "benchmark_travel_time_sec": "660"}, {"dep_dt": "1461971678", "route_id": "Red", "arr_dt": "1461972336", "direction": "0", "travel_time_sec": "658", "benchmark_travel_time_sec": "660"}, {"dep_dt": "1461971833", "route_id": "Red", "arr_dt": "1461972513", "direction": "0", "travel_time_sec": "680", "benchmark_travel_time_sec": "660"}, {"dep_dt": "1461972125", "route_id": "Red", "arr_dt": "1461972707", "direction": "0", "travel_time_sec": "582", "benchmark_travel_time_sec": "660"}, {"dep_dt": "1461972303", "route_id": "Red", "arr_dt": "1461972916", "direction": "0", "travel_time_sec": "613", "benchmark_travel_time_sec": "660"}, {"dep_dt": "1461972528", "route_id": "Red", "arr_dt": "1461973105", "direction": "0", "travel_time_sec": "577", "benchmark_travel_time_sec": "660"}, {"dep_dt": "1461972707", "route_id": "Red", "arr_dt": "1461973292", "direction": "0", "travel_time_sec": "585", "benchmark_travel_time_sec": "660"}, {"dep_dt": "1461972964", "route_id": "Red", "arr_dt": "1461973502", "direction": "0", "travel_time_sec": "538", "benchmark_travel_time_sec": "660"}, {"dep_dt": "1461973216", "route_id": "Red", "arr_dt": "1461973832", "direction": "0", "travel_time_sec": "616", "benchmark_travel_time_sec": "660"}, {"dep_dt": "1461973484", "route_id": "Red", "arr_dt": "1461974059", "direction": "0", "travel_time_sec": "575", "benchmark_travel_time_sec": "660"}, {"dep_dt": "1461973684", "route_id": "Red", "arr_dt": "1461974261", "direction": "0", "travel_time_sec": "577", "benchmark_travel_time_sec": "660"}, {"dep_dt": "1461973956", "route_id": "Red", "arr_dt": "1461974542", "direction": "0", "travel_time_sec": "586", "benchmark_travel_time_sec": "550"}, {"dep_dt": "1461974384", "route_id": "Red", "arr_dt": "1461974956", "direction": "0", "travel_time_sec": "572", "benchmark_travel_time_sec": "550"}, {"dep_dt": "1461974738", "route_id": "Red", "arr_dt": "1461975304", "direction": "0", "travel_time_sec": "566", "benchmark_travel_time_sec": "550"}, {"dep_dt": "1461974887", "route_id": "Red", "arr_dt": "1461975489", "direction": "0", "travel_time_sec": "602", "benchmark_travel_time_sec": "550"}, {"dep_dt": "1461975189", "route_id": "Red", "arr_dt": "1461975760", "direction": "0", "travel_time_sec": "571", "benchmark_travel_time_sec": "550"}, {"dep_dt": "1461975507", "route_id": "Red", "arr_dt": "1461976044", "direction": "0", "travel_time_sec": "537", "benchmark_travel_time_sec": "550"}, {"dep_dt": "1461975854", "route_id": "Red", "arr_dt": "1461976399", "direction": "0", "travel_time_sec": "545", "benchmark_travel_time_sec": "540"}, {"dep_dt": "1461976085", "route_id": "Red", "arr_dt": "1461976669", "direction": "0", "travel_time_sec": "584", "benchmark_travel_time_sec": "540"}, {"dep_dt": "1461976674", "route_id": "Red", "arr_dt": "1461977251", "direction": "0", "travel_time_sec": "577", "benchmark_travel_time_sec": "540"}, {"dep_dt": "1461976889", "route_id": "Red", "arr_dt": "1461977458", "direction": "0", "travel_time_sec": "569", "benchmark_travel_time_sec": "540"}, {"dep_dt": "1461977308", "route_id": "Red", "arr_dt": "1461977875", "direction": "0", "travel_time_sec": "567", "benchmark_travel_time_sec": "540"}, {"dep_dt": "1461978374", "route_id": "Red", "arr_dt": "1461978964", "direction": "0", "travel_time_sec": "590", "benchmark_travel_time_sec": "540"}, {"dep_dt": "1461978585", "route_id": "Red", "arr_dt": "1461979160", "direction": "0", "travel_time_sec": "575", "benchmark_travel_time_sec": "540"}, {"dep_dt": "1461978956", "route_id": "Red", "arr_dt": "1461979518", "direction": "0", "travel_time_sec": "562", "benchmark_travel_time_sec": "540"}, {"dep_dt": "1461979217", "route_id": "Red", "arr_dt": "1461979781", "direction": "0", "travel_time_sec": "564", "benchmark_travel_time_sec": "540"}, {"dep_dt": "1461979525", "route_id": "Red", "arr_dt": "1461980081", "direction": "0", "travel_time_sec": "556", "benchmark_travel_time_sec": "540"}, {"dep_dt": "1461979900", "route_id": "Red", "arr_dt": "1461980514", "direction": "0", "travel_time_sec": "614", "benchmark_travel_time_sec": "540"}, {"dep_dt": "1461980223", "route_id": "Red", "arr_dt": "1461980791", "direction": "0", "travel_time_sec": "568", "benchmark_travel_time_sec": "540"}, {"dep_dt": "1461980638", "route_id": "Red", "arr_dt": "1461981184", "direction": "0", "travel_time_sec": "546", "benchmark_travel_time_sec": "540"}, {"dep_dt": "1461980869", "route_id": "Red", "arr_dt": "1461981460", "direction": "0", "travel_time_sec": "591", "benchmark_travel_time_sec": "540"}, {"dep_dt": "1461981143", "route_id": "Red", "arr_dt": "1461981678", "direction": "0", "travel_time_sec": "535", "benchmark_travel_time_sec": "540"}, {"dep_dt": "1461981572", "route_id": "Red", "arr_dt": "1461982171", "direction": "0", "travel_time_sec": "599", "benchmark_travel_time_sec": "540"}, {"dep_dt": "1461981875", "route_id": "Red", "arr_dt": "1461982451", "direction": "0", "travel_time_sec": "576", "benchmark_travel_time_sec": "540"}, {"dep_dt": "1461982285", "route_id": "Red", "arr_dt": "1461982855", "direction": "0", "travel_time_sec": "570", "benchmark_travel_time_sec": "540"}, {"dep_dt": "1461982726", "route_id": "Red", "arr_dt": "1461983299", "direction": "0", "travel_time_sec": "573", "benchmark_travel_time_sec": "540"}, {"dep_dt": "1461983284", "route_id": "Red", "arr_dt": "1461983869", "direction": "0", "travel_time_sec": "585", "benchmark_travel_time_sec": "540"}, {"dep_dt": "1461983470", "route_id": "Red", "arr_dt": "1461984071", "direction": "0", "travel_time_sec": "601", "benchmark_travel_time_sec": "540"}, {"dep_dt": "1461983859", "route_id": "Red", "arr_dt": "1461984396", "direction": "0", "travel_time_sec": "537", "benchmark_travel_time_sec": "540"}, {"dep_dt": "1461984221", "route_id": "Red", "arr_dt": "1461984787", "direction": "0", "travel_time_sec": "566", "benchmark_travel_time_sec": "540"}, {"dep_dt": "1461984750", "route_id": "Red", "arr_dt": "1461985340", "direction": "0", "travel_time_sec": "590", "benchmark_travel_time_sec": "540"}, {"dep_dt": "1461985130", "route_id": "Red", "arr_dt": "1461985694", "direction": "0", "travel_time_sec": "564", "benchmark_travel_time_sec": "540"}, {"dep_dt": "1461985485", "route_id": "Red", "arr_dt": "1461986044", "direction": "0", "travel_time_sec": "559", "benchmark_travel_time_sec": "540"}, {"dep_dt": "1461985999", "route_id": "Red", "arr_dt": "1461986578", "direction": "0", "travel_time_sec": "579", "benchmark_travel_time_sec": "540"}, {"dep_dt": "1461986200", "route_id": "Red", "arr_dt": "1461986780", "direction": "0", "travel_time_sec": "580", "benchmark_travel_time_sec": "540"}, {"dep_dt": "1461986607", "route_id": "Red", "arr_dt": "1461987170", "direction": "0", "travel_time_sec": "563", "benchmark_travel_time_sec": "540"}, {"dep_dt": "1461986779", "route_id": "Red", "arr_dt": "1461987365", "direction": "0", "travel_time_sec": "586", "benchmark_travel_time_sec": "540"}, {"dep_dt": "1461987256", "route_id": "Red", "arr_dt": "1461987807", "direction": "0", "travel_time_sec": "551", "benchmark_travel_time_sec": "540"}, {"dep_dt": "1461987435", "route_id": "Red", "arr_dt": "1461987989", "direction": "0", "travel_time_sec": "554", "benchmark_travel_time_sec": "540"}, {"dep_dt": "1461987793", "route_id": "Red", "arr_dt": "1461988377", "direction": "0", "travel_time_sec": "584", "benchmark_travel_time_sec": "540"}]}