{"travel_times": [{"dep_dt": "1456117270", "route_id": "Red", "arr_dt": "1456117828", "direction": "0", "travel_time_sec": "558", "benchmark_travel_time_sec": "600"}, {"dep_dt": "1456117666", "route_id": "Red", "arr_dt": "1456118191", "direction": "0", "travel_time_sec": "525", "benchmark_travel_time_sec": "600"}, {"dep_dt": "1456118341", "route_id": "Red", "arr_dt": "1456118865", "direction": "0", "travel_time_sec": "524", "benchmark_travel_time_sec": "600"}, {"dep_dt": "1456118574", "route_id": "Red", "arr_dt": "1456119133", "direction": "0", "travel_time_sec": "559", "benchmark_travel_time_sec": "600"}, {"dep_dt": "1456119319", "route_id": "Red", "arr_dt": "1456120486", "direction": "0", "threshold_flag_2": "threshold_id_05", "travel_time_sec": "1167", "threshold_flag_1": "threshold_id_04", "benchmark_travel_time_sec": "600"}, {"dep_dt": "1456136658", "route_id": "Red", "arr_dt": "1456137201", "direction": "0", "travel_time_sec": "543", "benchmark_travel_time_sec": "540"}, {"dep_dt": "1456137230", "route_id": "Red", "arr_dt": "1456137769", "direction": "0", "travel_time_sec": "539", "benchmark_travel_time_sec": "540"}, {"dep_dt": "1456137478", "route_id": "Red", "arr_dt": "1456138019", "direction": "0", "travel_time_sec": "541", "benchmark_travel_time_sec": "540"}, {"dep_dt": "1456137923", "route_id": "Red", "arr_dt": "1456138483", "direction": "0", "travel_time_sec": "560", "benchmark_travel_time_sec": "540"}, {"dep_dt": "1456138463", "route_id": "Red", "arr_dt": "1456139033", "direction": "0", "travel_time_sec": "570", "benchmark_travel_time_sec": "540"}, {"dep_dt": "1456138933", "route_id": "Red", "arr_dt": "1456139486", "direction": "0", "travel_time_sec": "553", "benchmark_travel_time_sec": "540"}, {"dep_dt": "1456139478", "route_id": "Red", "arr_dt": "1456140056", "direction": "0", "travel_time_sec": "578", "benchmark_travel_time_sec": "540"}, {"dep_dt": "1456139901", "route_id": "Red", "arr_dt": "1456140444", "direction": "0", "travel_time_sec": "543", "benchmark_travel_time_sec": "540"}, {"dep_dt": "1456140184", "route_id": "Red", "arr_dt": "1456140748", "direction": "0", "travel_time_sec": "564", "benchmark_travel_time_sec": "540"}, {"dep_dt": "1456140585", "route_id": "Red", "arr_dt": "1456141158", "direction": "0", "travel_time_sec": "573", "benchmark_travel_time_sec": "540"}, {"dep_dt": "1456140767", "route_id": "Red", "arr_dt": "1456141335", "direction": "0", "travel_time_sec": "568", "benchmark_travel_time_sec": "540"}, {"dep_dt": "1456141144", "route_id": "Red", "arr_dt": "1456141719", "direction": "0", "travel_time_sec": "575", "benchmark_travel_time_sec": "540"}, {"dep_dt": "1456141584", "route_id": "Red", "arr_dt": "1456142182", "direction": "0", "travel_time_sec": "598", "benchmark_travel_time_sec": "540"}, {"dep_dt": "1456141936", "route_id": "Red", "arr_dt": "1456142529", "direction": "0", "travel_time_sec": "593", "benchmark_travel_time_sec": "651"}, {"dep_dt": "1456142103", "route_id": "Red", "arr_dt": "1456142704", "direction": "0", "travel_time_sec": "601", "benchmark_travel_time_sec": "651"}, {"dep_dt": "1456142395", "route_id": "Red", "arr_dt": "1456143040", "direction": "0", "travel_time_sec": "645", "benchmark_travel_time_sec": "651"}, {"dep_dt": "1456142555", "route_id": "Red", "arr_dt": "1456143235", "direction": "0", "travel_time_sec": "680", "benchmark_travel_time_sec": "651"}, {"dep_dt": "1456142885", "route_id": "Red", "arr_dt": "1456143453", "direction": "0", "travel_time_sec": "568", "benchmark_travel_time_sec": "651"}, {"dep_dt": "1456143050", "route_id": "Red", "arr_dt": "1456143628", "direction": "0", "travel_time_sec": "578", "benchmark_travel_time_sec": "651"}, {"dep_dt": "1456143264", "route_id": "Red", "arr_dt": "1456143816", "direction": "0", "travel_time_sec": "552", "benchmark_travel_time_sec": "651"}, {"dep_dt": "1456143437", "route_id": "Red", "arr_dt": "1456144091", "direction": "0", "travel_time_sec": "654", "benchmark_travel_time_sec": "651"}, {"dep_dt": "1456143747", "route_id": "Red", "arr_dt": "1456144329", "direction": "0", "travel_time_sec": "582", "benchmark_travel_time_sec": "660"}, {"dep_dt": "1456144019", "route_id": "Red", "arr_dt": "1456144620", "direction": "0", "travel_time_sec": "601", "benchmark_travel_time_sec": "660"}, {"dep_dt": "1456144547", "route_id": "Red", "arr_dt": "1456145459", "direction": "0", "travel_time_sec": "912", "threshold_flag_1": "threshold_id_04", "benchmark_travel_time_sec": "660"}, {"dep_dt": "1456144724", "route_id": "Red", "arr_dt": "1456145679", "direction": "0", "travel_time_sec": "955", "threshold_flag_1": "threshold_id_04", "benchmark_travel_time_sec": "660"}, {"dep_dt": "1456144861", "route_id": "Red", "arr_dt": "1456145968", "direction": "0", "threshold_flag_2": "threshold_id_05", "travel_time_sec": "1107", "threshold_flag_1": "threshold_id_04", "benchmark_travel_time_sec": "660"}, {"dep_dt": "1456145124", "route_id": "Red", "arr_dt": "1456146308", "direction": "0", "threshold_flag_2": "threshold_id_05", "travel_time_sec": "1184", "threshold_flag_1": "threshold_id_04", "benchmark_travel_time_sec": "660"}, {"dep_dt": "1456145307", "route_id": "Red", "arr_dt": "1456146496", "direction": "0", "threshold_flag_2": "threshold_id_05", "travel_time_sec": "1189", "threshold_flag_1": "threshold_id_04", "benchmark_travel_time_sec": "660"}, {"dep_dt": "1456145626", "route_id": "Red", "arr_dt": "1456146690", "direction": "0", "threshold_flag_2": "threshold_id_05", "travel_time_sec": "1064", "threshold_flag_1": "threshold_id_04", "benchmark_travel_time_sec": "660"}, {"dep_dt": "1456145886", "route_id": "Red", "arr_dt": "1456147069", "direction": "0", "threshold_flag_2": "threshold_id_05", "travel_time_sec": "1183", "threshold_flag_1": "threshold_id_04", "benchmark_travel_time_sec": "660"}, {"dep_dt": "1456146039", "route_id": "Red", "arr_dt": "1456147262", "direction": "0", "threshold_flag_2": "threshold_id_05", "travel_time_sec": "1223", "threshold_flag_1": "threshold_id_04", "benchmark_travel_time_sec": "660"}, {"dep_dt": "1456146295", "route_id": "Red", "arr_dt": "1456147479", "direction": "0", "threshold_flag_2": "threshold_id_05", "travel_time_sec": "1184", "threshold_flag_1": "threshold_id_04", "benchmark_travel_time_sec": "660"}, {"dep_dt": "1456146464", "threshold_flag_3": "threshold_id_06", "route_id": "Red", "arr_dt": "1456147837", "direction": "0", "threshold_flag_2": "threshold_id_05", "travel_time_sec": "1373", "threshold_flag_1": "threshold_id_04", "benchmark_travel_time_sec": "660"}, {"dep_dt": "1456146967", "route_id": "Red", "arr_dt": "1456148061", "direction": "0", "threshold_flag_2": "threshold_id_05", "travel_time_sec": "1094", "threshold_flag_1": "threshold_id_04", "benchmark_travel_time_sec": "660"}, {"dep_dt": "1456147208", "route_id": "Red", "arr_dt": "1456148318", "direction": "0", "threshold_flag_2": "threshold_id_05", "travel_time_sec": "1110", "threshold_flag_1": "threshold_id_04", "benchmark_travel_time_sec": "660"}, {"dep_dt": "1456147426", "route_id": "Red", "arr_dt": "1456148577", "direction": "0", "threshold_flag_2": "threshold_id_05", "travel_time_sec": "1151", "threshold_flag_1": "threshold_id_04", "benchmark_travel_time_sec": "660"}, {"dep_dt": "1456147689", "route_id": "Red", "arr_dt": "1456148795", "direction": "0", "threshold_flag_2": "threshold_id_05", "travel_time_sec": "1106", "threshold_flag_1": "threshold_id_04", "benchmark_travel_time_sec": "660"}, {"dep_dt": "1456147938", "route_id": "Red", "arr_dt": "1456149026", "direction": "0", "threshold_flag_2": "threshold_id_05", "travel_time_sec": "1088", "threshold_flag_1": "threshold_id_04", "benchmark_travel_time_sec": "660"}, {"dep_dt": "1456148105", "route_id": "Red", "arr_dt": "1456149233", "direction": "0", "threshold_flag_2": "threshold_id_05", "travel_time_sec": "1128", "threshold_flag_1": "threshold_id_04", "benchmark_travel_time_sec": "660"}, {"dep_dt": "1456148438", "route_id": "Red", "arr_dt": "1456149429", "direction": "0", "travel_time_sec": "991", "threshold_flag_1": "threshold_id_04", "benchmark_travel_time_sec": "660"}, {"dep_dt": "1456148624", "route_id": "Red", "arr_dt": "1456149637", "direction": "0", "travel_time_sec": "1013", "threshold_flag_1": "threshold_id_04", "benchmark_travel_time_sec": "660"}, {"dep_dt": "1456148935", "route_id": "Red", "arr_dt": "1456149964", "direction": "0", "threshold_flag_2": "threshold_id_05", "travel_time_sec": "1029", "threshold_flag_1": "threshold_id_04", "benchmark_travel_time_sec": "660"}, {"dep_dt": "1456149117", "route_id": "Red", "arr_dt": "1456150190", "direction": "0", "threshold_flag_2": "threshold_id_05", "travel_time_sec": "1073", "threshold_flag_1": "threshold_id_04", "benchmark_travel_time_sec": "660"}, {"dep_dt": "1456149526", "route_id": "Red", "arr_dt": "1456150384", "direction": "0", "travel_time_sec": "858", "threshold_flag_1": "threshold_id_04", "benchmark_travel_time_sec": "660"}, {"dep_dt": "1456149765", "route_id": "Red", "arr_dt": "1456150583", "direction": "0", "travel_time_sec": "818", "benchmark_travel_time_sec": "660"}, {"dep_dt": "1456150020", "route_id": "Red", "arr_dt": "1456150792", "direction": "0", "travel_time_sec": "772", "benchmark_travel_time_sec": "660"}, {"dep_dt": "1456150484", "route_id": "Red", "arr_dt": "1456151148", "direction": "0", "travel_time_sec": "664", "benchmark_travel_time_sec": "660"}, {"dep_dt": "1456150778", "route_id": "Red", "arr_dt": "1456151427", "direction": "0", "travel_time_sec": "649", "benchmark_travel_time_sec": "615"}, {"dep_dt": "1456151022", "route_id": "Red", "arr_dt": "1456151644", "direction": "0", "travel_time_sec": "622", "benchmark_travel_time_sec": "615"}, {"dep_dt": "1456151203", "route_id": "Red", "arr_dt": "1456151818", "direction": "0", "travel_time_sec": "615", "benchmark_travel_time_sec": "615"}, {"dep_dt": "1456151497", "route_id": "Red", "arr_dt": "1456152069", "direction": "0", "travel_time_sec": "572", "benchmark_travel_time_sec": "615"}, {"dep_dt": "1456151762", "route_id": "Red", "arr_dt": "1456152323", "direction": "0", "travel_time_sec": "561", "benchmark_travel_time_sec": "615"}, {"dep_dt": "1456152016", "route_id": "Red", "arr_dt": "1456152630", "direction": "0", "travel_time_sec": "614", "benchmark_travel_time_sec": "615"}, {"dep_dt": "1456152239", "route_id": "Red", "arr_dt": "1456152805", "direction": "0", "travel_time_sec": "566", "benchmark_travel_time_sec": "615"}, {"dep_dt": "1456152464", "route_id": "Red", "arr_dt": "1456153031", "direction": "0", "travel_time_sec": "567", "benchmark_travel_time_sec": "615"}, {"dep_dt": "1456152707", "route_id": "Red", "arr_dt": "1456153261", "direction": "0", "travel_time_sec": "554", "benchmark_travel_time_sec": "600"}, {"dep_dt": "1456152975", "route_id": "Red", "arr_dt": "1456153551", "direction": "0", "travel_time_sec": "576", "benchmark_travel_time_sec": "600"}, {"dep_dt": "1456153197", "route_id": "Red", "arr_dt": "1456153758", "direction": "0", "travel_time_sec": "561", "benchmark_travel_time_sec": "600"}, {"dep_dt": "1456153706", "route_id": "Red", "arr_dt": "1456154304", "direction": "0", "travel_time_sec": "598", "benchmark_travel_time_sec": "600"}, {"dep_dt": "1456154006", "route_id": "Red", "arr_dt": "1456154579", "direction": "0", "travel_time_sec": "573", "benchmark_travel_time_sec": "600"}, {"dep_dt": "1456154224", "route_id": "Red", "arr_dt": "1456154810", "direction": "0", "travel_time_sec": "586", "benchmark_travel_time_sec": "600"}, {"dep_dt": "1456154528", "route_id": "Red", "arr_dt": "1456155152", "direction": "0", "travel_time_sec": "624", "benchmark_travel_time_sec": "600"}, {"dep_dt": "1456154708", "route_id": "Red", "arr_dt": "1456155421", "direction": "0", "travel_time_sec": "713", "benchmark_travel_time_sec": "600"}, {"dep_dt": "1456155021", "route_id": "Red", "arr_dt": "1456155582", "direction": "0", "travel_time_sec": "561", "benchmark_travel_time_sec": "600"}, {"dep_dt": "1456155229", "route_id": "Red", "arr_dt": "1456155804", "direction": "0", "travel_time_sec": "575", "benchmark_travel_time_sec": "600"}, {"dep_dt": "1456155597", "route_id": "Red", "arr_dt": "1456156174", "direction": "0", "travel_time_sec": "577", "benchmark_travel_time_sec": "600"}, {"dep_dt": "1456155935", "route_id": "Red", "arr_dt": "1456156492", "direction": "0", "travel_time_sec": "557", "benchmark_travel_time_sec": "600"}, {"dep_dt": "1456156557", "route_id": "Red", "arr_dt": "1456157166", "direction": "0", "travel_time_sec": "609", "benchmark_travel_time_sec": "600"}, {"dep_dt": "1456157096", "route_id": "Red", "arr_dt": "1456157659", "direction": "0", "travel_time_sec": "563", "benchmark_travel_time_sec": "600"}, {"dep_dt": "1456157314", "route_id": "Red", "arr_dt": "1456157879", "direction": "0", "travel_time_sec": "565", "benchmark_travel_time_sec": "600"}, {"dep_dt": "1456157880", "route_id": "Red", "arr_dt": "1456158474", "direction": "0", "travel_time_sec": "594", "benchmark_travel_time_sec": "600"}, {"dep_dt": "1456158131", "route_id": "Red", "arr_dt": "1456158702", "direction": "0", "travel_time_sec": "571", "benchmark_travel_time_sec": "600"}, {"dep_dt": "1456158505", "route_id": "Red", "arr_dt": "1456159113", "direction": "0", "travel_time_sec": "608", "benchmark_travel_time_sec": "600"}, {"dep_dt": "1456158735", "route_id": "Red", "arr_dt": "1456159340", "direction": "0", "travel_time_sec": "605", "benchmark_travel_time_sec": "600"}, {"dep_dt": "1456159133", "route_id": "Red", "arr_dt": "1456159715", "direction": "0", "travel_time_sec": "582", "benchmark_travel_time_sec": "600"}, {"dep_dt": "1456159285", "route_id": "Red", "arr_dt": "1456159897", "direction": "0", "travel_time_sec": "612", "benchmark_travel_time_sec": "600"}, {"dep_dt": "1456159777", "route_id": "Red", "arr_dt": "1456160330", "direction": "0", "travel_time_sec": "553", "benchmark_travel_time_sec": "600"}, {"dep_dt": "1456160395", "route_id": "Red", "arr_dt": "1456160977", "direction": "0", "travel_time_sec": "582", "benchmark_travel_time_sec": "600"}, {"dep_dt": "1456160691", "route_id": "Red", "arr_dt": "1456161248", "direction": "0", "travel_time_sec": "557", "benchmark_travel_time_sec": "600"}, {"dep_dt": "1456161156", "route_id": "Red", "arr_dt": "1456161708", "direction": "0", "travel_time_sec": "552", "benchmark_travel_time_sec": "600"}, {"dep_dt": "1456161515", "route_id": "Red", "arr_dt": "1456162056", "direction": "0", "travel_time_sec": "541", "benchmark_travel_time_sec": "600"}, {"dep_dt": "1456162059", "route_id": "Red", "arr_dt": "1456162728", "direction": "0", "travel_time_sec": "669", "benchmark_travel_time_sec": "600"}, {"dep_dt": "1456162367", "route_id": "Red", "arr_dt": "1456163256", "direction": "0", "travel_time_sec": "889", "threshold_flag_1": "threshold_id_04", "benchmark_travel_time_sec": "600"}, {"dep_dt": "1456162945", "route_id": "Red", "arr_dt": "1456163523", "direction": "0", "travel_time_sec": "578", "benchmark_travel_time_sec": "600"}, {"dep_dt": "1456163405", "route_id": "Red", "arr_dt": "1456164182", "direction": "0", "travel_time_sec": "777", "benchmark_travel_time_sec": "600"}, {"dep_dt": "1456164288", "route_id": "Red", "arr_dt": "1456164860", "direction": "0", "travel_time_sec": "572", "benchmark_travel_time_sec": "600"}, {"dep_dt": "1456164462", "route_id": "Red", "arr_dt": "1456165073", "direction": "0", "travel_time_sec": "611", "benchmark_travel_time_sec": "600"}, {"dep_dt": "1456164611", "route_id": "Red", "arr_dt": "1456165259", "direction": "0", "travel_time_sec": "648", "benchmark_travel_time_sec": "600"}, {"dep_dt": "1456164953", "route_id": "Red", "arr_dt": "1456165565", "direction": "0", "travel_time_sec": "612", "benchmark_travel_time_sec": "600"}, {"dep_dt": "1456165263", "route_id": "Red", "arr_dt": "1456165824", "direction": "0", "travel_time_sec": "561", "benchmark_travel_time_sec": "600"}, {"dep_dt": "1456165859", "route_id": "Red", "arr_dt": "1456166450", "direction": "0", "travel_time_sec": "591", "benchmark_travel_time_sec": "600"}, {"dep_dt": "1456166275", "route_id": "Red", "arr_dt": "1456166804", "direction": "0", "travel_time_sec": "529", "benchmark_travel_time_sec": "600"}, {"dep_dt": "1456166858", "route_id": "Red", "arr_dt": "1456167436", "direction": "0", "travel_time_sec": "578", "benchmark_travel_time_sec": "600"}, {"dep_dt": "1456167069", "route_id": "Red", "arr_dt": "1456167628", "direction": "0", "travel_time_sec": "559", "benchmark_travel_time_sec": "600"}, {"dep_dt": "1456167502", "route_id": "Red", "arr_dt": "1456168056", "direction": "0", "travel_time_sec": "554", "benchmark_travel_time_sec": "600"}, {"dep_dt": "1456167715", "route_id": "Red", "arr_dt": "1456168233", "direction": "0", "travel_time_sec": "518", "benchmark_travel_time_sec": "600"}, {"dep_dt": "1456168597", "route_id": "Red", "arr_dt": "1456169220", "direction": "0", "travel_time_sec": "623", "benchmark_travel_time_sec": "600"}, {"dep_dt": "1456168900", "route_id": "Red", "arr_dt": "1456169512", "direction": "0", "travel_time_sec": "612", "benchmark_travel_time_sec": "600"}, {"dep_dt": "1456169288", "route_id": "Red", "arr_dt": "1456169868", "direction": "0", "travel_time_sec": "580", "benchmark_travel_time_sec": "600"}, {"dep_dt": "1456169904", "route_id": "Red", "arr_dt": "1456170661", "direction": "0", "travel_time_sec": "757", "benchmark_travel_time_sec": "600"}, {"dep_dt": "1456170333", "route_id": "Red", "arr_dt": "1456170917", "direction": "0", "travel_time_sec": "584", "benchmark_travel_time_sec": "600"}, {"dep_dt": "1456170648", "route_id": "Red", "arr_dt": "1456171204", "direction": "0", "travel_time_sec": "556", "benchmark_travel_time_sec": "600"}, {"dep_dt": "1456171227", "route_id": "Red", "arr_dt": "1456171816", "direction": "0", "travel_time_sec": "589", "benchmark_travel_time_sec": "600"}, {"dep_dt": "1456171506", "route_id": "Red", "arr_dt": "1456172080", "direction": "0", "travel_time_sec": "574", "benchmark_travel_time_sec": "600"}, {"dep_dt": "1456171679", "route_id": "Red", "arr_dt": "1456172277", "direction": "0", "travel_time_sec": "598", "benchmark_travel_time_sec": "600"}, {"dep_dt": "1456171976", "route_id": "Red", "arr_dt": "1456172545", "direction": "0", "travel_time_sec": "569", "benchmark_travel_time_sec": "600"}, {"dep_dt": "1456172178", "route_id": "Red", "arr_dt": "1456172775", "direction": "0", "travel_time_sec": "597", "benchmark_travel_time_sec": "600"}, {"dep_dt": "1456172596", "route_id": "Red", "arr_dt": "1456173274", "direction": "0", "travel_time_sec": "678", "benchmark_travel_time_sec": "600"}, {"dep_dt": "1456172762", "route_id": "Red", "arr_dt": "1456173471", "direction": "0", "travel_time_sec": "709", "benchmark_travel_time_sec": "600"}, {"dep_dt": "1456173097", "route_id": "Red", "arr_dt": "1456173680", "direction": "0", "travel_time_sec": "583", "benchmark_travel_time_sec": "600"}, {"dep_dt": "1456173602", "route_id": "Red", "arr_dt": "1456174242", "direction": "0", "travel_time_sec": "640", "benchmark_travel_time_sec": "600"}, {"dep_dt": "1456173921", "route_id": "Red", "arr_dt": "1456174502", "direction": "0", "travel_time_sec": "581", "benchmark_travel_time_sec": "600"}, {"dep_dt": "1456174356", "route_id": "Red", "arr_dt": "1456174973", "direction": "0", "travel_time_sec": "617", "benchmark_travel_time_sec": "700"}, {"dep_dt": "1456174840", "route_id": "Red", "arr_dt": "1456175484", "direction": "0", "travel_time_sec": "644", "benchmark_travel_time_sec": "700"}, {"dep_dt": "1456175055", "route_id": "Red", "arr_dt": "1456175699", "direction": "0", "travel_time_sec": "644", "benchmark_travel_time_sec": "700"}, {"dep_dt": "1456175295", "route_id": "Red", "arr_dt": "1456176024", "direction": "0", "travel_time_sec": "729", "benchmark_travel_time_sec": "700"}, {"dep_dt": "1456175576", "route_id": "Red", "arr_dt": "1456176221", "direction": "0", "travel_time_sec": "645", "benchmark_travel_time_sec": "700"}, {"dep_dt": "1456176309", "route_id": "Red", "arr_dt": "1456177031", "direction": "0", "travel_time_sec": "722", "benchmark_travel_time_sec": "720"}, {"dep_dt": "1456176458", "route_id": "Red", "arr_dt": "1456177359", "direction": "0", "travel_time_sec": "901", "threshold_flag_1": "threshold_id_04", "benchmark_travel_time_sec": "720"}, {"dep_dt": "1456176658", "route_id": "Red", "arr_dt": "1456177642", "direction": "0", "travel_time_sec": "984", "threshold_flag_1": "threshold_id_04", "benchmark_travel_time_sec": "720"}, {"dep_dt": "1456177140", "route_id": "Red", "arr_dt": "1456177884", "direction": "0", "travel_time_sec": "744", "benchmark_travel_time_sec": "720"}, {"dep_dt": "1456177280", "route_id": "Red", "arr_dt": "1456178151", "direction": "0", "travel_time_sec": "871", "benchmark_travel_time_sec": "720"}, {"dep_dt": "1456177501", "route_id": "Red", "arr_dt": "1456178421", "direction": "0", "travel_time_sec": "920", "threshold_flag_1": "threshold_id_04", "benchmark_travel_time_sec": "720"}, {"dep_dt": "1456177660", "route_id": "Red", "arr_dt": "1456178623", "direction": "0", "travel_time_sec": "963", "threshold_flag_1": "threshold_id_04", "benchmark_travel_time_sec": "720"}, {"dep_dt": "1456177866", "route_id": "Red", "arr_dt": "1456178873", "direction": "0", "travel_time_sec": "1007", "threshold_flag_1": "threshold_id_04", "benchmark_travel_time_sec": "720"}, {"dep_dt": "1456178307", "route_id": "Red", "arr_dt": "1456179563", "direction": "0", "threshold_flag_2": "threshold_id_05", "travel_time_sec": "1256", "threshold_flag_1": "threshold_id_04", "benchmark_travel_time_sec": "720"}, {"dep_dt": "1456178664", "route_id": "Red", "arr_dt": "1456179790", "direction": "0", "threshold_flag_2": "threshold_id_05", "travel_time_sec": "1126", "threshold_flag_1": "threshold_id_04", "benchmark_travel_time_sec": "720"}, {"dep_dt": "1456178841", "route_id": "Red", "arr_dt": "1456180084", "direction": "0", "threshold_flag_2": "threshold_id_05", "travel_time_sec": "1243", "threshold_flag_1": "threshold_id_04", "benchmark_travel_time_sec": "720"}, {"dep_dt": "1456178997", "threshold_flag_3": "threshold_id_06", "route_id": "Red", "arr_dt": "1456180407", "direction": "0", "threshold_flag_2": "threshold_id_05", "travel_time_sec": "1410", "threshold_flag_1": "threshold_id_04", "benchmark_travel_time_sec": "720"}, {"dep_dt": "1456179217", "threshold_flag_3": "threshold_id_06", "route_id": "Red", "arr_dt": "1456180599", "direction": "0", "threshold_flag_2": "threshold_id_05", "travel_time_sec": "1382", "threshold_flag_1": "threshold_id_04", "benchmark_travel_time_sec": "720"}, {"dep_dt": "1456179531", "route_id": "Red", "arr_dt": "1456180842", "direction": "0", "threshold_flag_2": "threshold_id_05", "travel_time_sec": "1311", "threshold_flag_1": "threshold_id_04", "benchmark_travel_time_sec": "720"}, {"dep_dt": "1456179827", "threshold_flag_3": "threshold_id_06", "route_id": "Red", "arr_dt": "1456181164", "direction": "0", "threshold_flag_2": "threshold_id_05", "travel_time_sec": "1337", "threshold_flag_1": "threshold_id_04", "benchmark_travel_time_sec": "720"}, {"dep_dt": "1456180008", "threshold_flag_3": "threshold_id_06", "route_id": "Red", "arr_dt": "1456181408", "direction": "0", "threshold_flag_2": "threshold_id_05", "travel_time_sec": "1400", "threshold_flag_1": "threshold_id_04", "benchmark_travel_time_sec": "720"}, {"dep_dt": "1456180196", "threshold_flag_3": "threshold_id_06", "route_id": "Red", "arr_dt": "1456181639", "direction": "0", "threshold_flag_2": "threshold_id_05", "travel_time_sec": "1443", "threshold_flag_1": "threshold_id_04", "benchmark_travel_time_sec": "720"}, {"dep_dt": "1456180665", "route_id": "Red", "arr_dt": "1456181835", "direction": "0", "threshold_flag_2": "threshold_id_05", "travel_time_sec": "1170", "threshold_flag_1": "threshold_id_04", "benchmark_travel_time_sec": "720"}, {"dep_dt": "1456181002", "route_id": "Red", "arr_dt": "1456182158", "direction": "0", "threshold_flag_2": "threshold_id_05", "travel_time_sec": "1156", "threshold_flag_1": "threshold_id_04", "benchmark_travel_time_sec": "668"}, {"dep_dt": "1456181281", "route_id": "Red", "arr_dt": "1456182360", "direction": "0", "threshold_flag_2": "threshold_id_05", "travel_time_sec": "1079", "threshold_flag_1": "threshold_id_04", "benchmark_travel_time_sec": "668"}, {"dep_dt": "1456181477", "route_id": "Red", "arr_dt": "1456182604", "direction": "0", "threshold_flag_2": "threshold_id_05", "travel_time_sec": "1127", "threshold_flag_1": "threshold_id_04", "benchmark_travel_time_sec": "668"}, {"dep_dt": "1456181619", "route_id": "Red", "arr_dt": "1456182809", "direction": "0", "threshold_flag_2": "threshold_id_05", "travel_time_sec": "1190", "threshold_flag_1": "threshold_id_04", "benchmark_travel_time_sec": "668"}, {"dep_dt": "1456181903", "route_id": "Red", "arr_dt": "1456183010", "direction": "0", "threshold_flag_2": "threshold_id_05", "travel_time_sec": "1107", "threshold_flag_1": "threshold_id_04", "benchmark_travel_time_sec": "668"}, {"dep_dt": "1456182585", "route_id": "Red", "arr_dt": "1456183422", "direction": "0", "travel_time_sec": "837", "benchmark_travel_time_sec": "668"}, {"dep_dt": "1456183125", "route_id": "Red", "arr_dt": "1456183747", "direction": "0", "travel_time_sec": "622", "benchmark_travel_time_sec": "668"}, {"dep_dt": "1456183318", "route_id": "Red", "arr_dt": "1456183965", "direction": "0", "travel_time_sec": "647", "benchmark_travel_time_sec": "660"}, {"dep_dt": "1456183504", "route_id": "Red", "arr_dt": "1456184183", "direction": "0", "travel_time_sec": "679", "benchmark_travel_time_sec": "660"}, {"dep_dt": "1456183812", "route_id": "Red", "arr_dt": "1456184426", "direction": "0", "travel_time_sec": "614", "benchmark_travel_time_sec": "660"}, {"dep_dt": "1456183952", "route_id": "Red", "arr_dt": "1456184616", "direction": "0", "travel_time_sec": "664", "benchmark_travel_time_sec": "660"}, {"dep_dt": "1456184168", "route_id": "Red", "arr_dt": "1456184783", "direction": "0", "travel_time_sec": "615", "benchmark_travel_time_sec": "660"}, {"dep_dt": "1456184363", "route_id": "Red", "arr_dt": "1456184975", "direction": "0", "travel_time_sec": "612", "benchmark_travel_time_sec": "660"}, {"dep_dt": "1456184719", "route_id": "Red", "arr_dt": "1456185268", "direction": "0", "travel_time_sec": "549", "benchmark_travel_time_sec": "660"}, {"dep_dt": "1456184901", "route_id": "Red", "arr_dt": "1456185454", "direction": "0", "travel_time_sec": "553", "benchmark_travel_time_sec": "660"}, {"dep_dt": "1456185324", "route_id": "Red", "arr_dt": "1456185922", "direction": "0", "travel_time_sec": "598", "benchmark_travel_time_sec": "660"}, {"dep_dt": "1456185627", "route_id": "Red", "arr_dt": "1456186188", "direction": "0", "travel_time_sec": "561", "benchmark_travel_time_sec": "660"}, {"dep_dt": "1456185918", "route_id": "Red", "arr_dt": "1456186530", "direction": "0", "travel_time_sec": "612", "benchmark_travel_time_sec": "660"}, {"dep_dt": "1456186093", "route_id": "Red", "arr_dt": "1456186732", "direction": "0", "travel_time_sec": "639", "benchmark_travel_time_sec": "660"}, {"dep_dt": "1456186282", "route_id": "Red", "arr_dt": "1456186908", "direction": "0", "travel_time_sec": "626", "benchmark_travel_time_sec": "660"}, {"dep_dt": "1456186443", "route_id": "Red", "arr_dt": "1456187072", "direction": "0", "travel_time_sec": "629", "benchmark_travel_time_sec": "660"}, {"dep_dt": "1456186737", "route_id": "Red", "arr_dt": "1456187317", "direction": "0", "travel_time_sec": "580", "benchmark_travel_time_sec": "660"}, {"dep_dt": "1456186946", "route_id": "Red", "arr_dt": "1456187508", "direction": "0", "travel_time_sec": "562", "benchmark_travel_time_sec": "660"}, {"dep_dt": "1456187223", "route_id": "Red", "arr_dt": "1456187794", "direction": "0", "travel_time_sec": "571", "benchmark_travel_time_sec": "660"}, {"dep_dt": "1456187443", "route_id": "Red", "arr_dt": "1456187994", "direction": "0", "travel_time_sec": "551", "benchmark_travel_time_sec": "660"}, {"dep_dt": "1456187656", "route_id": "Red", "arr_dt": "1456188209", "direction": "0", "travel_time_sec": "553", "benchmark_travel_time_sec": "660"}, {"dep_dt": "1456187827", "route_id": "Red", "arr_dt": "1456188388", "direction": "0", "travel_time_sec": "561", "benchmark_travel_time_sec": "660"}, {"dep_dt": "1456188209", "route_id": "Red", "arr_dt": "1456188809", "direction": "0", "travel_time_sec": "600", "benchmark_travel_time_sec": "660"}, {"dep_dt": "1456188380", "route_id": "Red", "arr_dt": "1456188993", "direction": "0", "travel_time_sec": "613", "benchmark_travel_time_sec": "660"}, {"dep_dt": "1456188879", "route_id": "Red", "arr_dt": "1456189478", "direction": "0", "travel_time_sec": "599", "benchmark_travel_time_sec": "550"}, {"dep_dt": "1456189067", "route_id": "Red", "arr_dt": "1456189674", "direction": "0", "travel_time_sec": "607", "benchmark_travel_time_sec": "550"}, {"dep_dt": "1456189687", "route_id": "Red", "arr_dt": "1456190255", "direction": "0", "travel_time_sec": "568", "benchmark_travel_time_sec": "550"}, {"dep_dt": "1456189881", "route_id": "Red", "arr_dt": "1456190446", "direction": "0", "travel_time_sec": "565", "benchmark_travel_time_sec": "550"}, {"dep_dt": "1456190175", "route_id": "Red", "arr_dt": "1456190721", "direction": "0", "travel_time_sec": "546", "benchmark_travel_time_sec": "550"}, {"dep_dt": "1456190477", "route_id": "Red", "arr_dt": "1456191025", "direction": "0", "travel_time_sec": "548", "benchmark_travel_time_sec": "540"}, {"dep_dt": "1456190808", "route_id": "Red", "arr_dt": "1456191364", "direction": "0", "travel_time_sec": "556", "benchmark_travel_time_sec": "540"}, {"dep_dt": "1456190952", "route_id": "Red", "arr_dt": "1456191546", "direction": "0", "travel_time_sec": "594", "benchmark_travel_time_sec": "540"}, {"dep_dt": "1456191273", "route_id": "Red", "arr_dt": "1456191810", "direction": "0", "travel_time_sec": "537", "benchmark_travel_time_sec": "540"}, {"dep_dt": "1456191745", "route_id": "Red", "arr_dt": "1456192290", "direction": "0", "travel_time_sec": "545", "benchmark_travel_time_sec": "540"}, {"dep_dt": "1456192160", "route_id": "Red", "arr_dt": "1456192714", "direction": "0", "travel_time_sec": "554", "benchmark_travel_time_sec": "540"}, {"dep_dt": "1456192592", "route_id": "Red", "arr_dt": "1456193149", "direction": "0", "travel_time_sec": "557", "benchmark_travel_time_sec": "540"}, {"dep_dt": "1456193053", "route_id": "Red", "arr_dt": "1456193593", "direction": "0", "travel_time_sec": "540", "benchmark_travel_time_sec": "540"}, {"dep_dt": "1456193317", "route_id": "Red", "arr_dt": "1456193837", "direction": "0", "travel_time_sec": "520", "benchmark_travel_time_sec": "540"}, {"dep_dt": "1456193606", "route_id": "Red", "arr_dt": "1456194161", "direction": "0", "travel_time_sec": "555", "benchmark_travel_time_sec": "540"}, {"dep_dt": "1456193838", "route_id": "Red", "arr_dt": "1456194394", "direction": "0", "travel_time_sec": "556", "benchmark_travel_time_sec": "540"}, {"dep_dt": "1456194494", "route_id": "Red", "arr_dt": "1456195048", "direction": "0", "travel_time_sec": "554", "benchmark_travel_time_sec": "540"}, {"dep_dt": "1456194646", "route_id": "Red", "arr_dt": "1456195280", "direction": "0", "travel_time_sec": "634", "benchmark_travel_time_sec": "540"}, {"dep_dt": "1456195279", "route_id": "Red", "arr_dt": "1456195852", "direction": "0", "travel_time_sec": "573", "benchmark_travel_time_sec": "540"}, {"dep_dt": "1456195498", "route_id": "Red", "arr_dt": "1456196077", "direction": "0", "travel_time_sec": "579", "benchmark_travel_time_sec": "540"}, {"dep_dt": "1456195668", "route_id": "Red", "arr_dt": "1456196257", "direction": "0", "travel_time_sec": "589", "benchmark_travel_time_sec": "540"}, {"dep_dt": "1456195973", "route_id": "Red", "arr_dt": "1456196510", "direction": "0", "travel_time_sec": "537", "benchmark_travel_time_sec": "540"}, {"dep_dt": "1456196318", "route_id": "Red", "arr_dt": "1456196891", "direction": "0", "travel_time_sec": "573", "benchmark_travel_time_sec": "540"}, {"dep_dt": "1456196836", "route_id": "Red", "arr_dt": "1456197391", "direction": "0", "travel_time_sec": "555", "benchmark_travel_time_sec": "540"}, {"dep_dt": "1456197071", "route_id": "Red", "arr_dt": "1456197608", "direction": "0", "travel_time_sec": "537", "benchmark_travel_time_sec": "540"}, {"dep_dt": "1456197387", "route_id": "Red", "arr_dt": "1456198052", "direction": "0", "travel_time_sec": "665", "benchmark_travel_time_sec": "540"}, {"dep_dt": "1456197789", "route_id": "Red", "arr_dt": "1456198346", "direction": "0", "travel_time_sec": "557", "benchmark_travel_time_sec": "540"}, {"dep_dt": "1456198097", "route_id": "Red", "arr_dt": "1456198678", "direction": "0", "travel_time_sec": "581", "benchmark_travel_time_sec": "540"}, {"dep_dt": "1456198445", "route_id": "Red", "arr_dt": "1456198990", "direction": "0", "travel_time_sec": "545", "benchmark_travel_time_sec": "540"}, {"dep_dt": "1456198635", "route_id": "Red", "arr_dt": "1456199147", "direction": "0", "travel_time_sec": "512", "benchmark_travel_time_sec": "540"}, {"dep_dt": "1456199203", "route_id": "Red", "arr_dt": "1456199738", "direction": "0", "travel_time_sec": "535", "benchmark_travel_time_sec": "540"}, {"dep_dt": "1456199431", "route_id": "Red", "arr_dt": "1456199996", "direction": "0", "travel_time_sec": "565", "benchmark_travel_time_sec": "540"}, {"dep_dt": "1456199983", "route_id": "Red", "arr_dt": "1456200553", "direction": "0", "travel_time_sec": "570", "benchmark_travel_time_sec": "540"}, {"dep_dt": "1456200337", "route_id": "Red", "arr_dt": "1456200992", "direction": "0", "travel_time_sec": "655", "benchmark_travel_time_sec": "540"}, {"dep_dt": "1456201081", "route_id": "Red", "arr_dt": "1456201681", "direction": "0", "travel_time_sec": "600", "benchmark_travel_time_sec": "540"}, {"dep_dt": "1456201338", "route_id": "Red", "arr_dt": "1456201871", "direction": "0", "travel_time_sec": "533", "benchmark_travel_time_sec": "540"}, {"dep_dt": "1456201772", "route_id": "Red", "arr_dt": "1456202311", "direction": "0", "travel_time_sec": "539", "benchmark_travel_time_sec": "540"}, {"dep_dt": "1456201916", "route_id": "Red", "arr_dt": "1456202462", "direction": "0", "travel_time_sec": "546", "benchmark_travel_time_sec": "540"}, {"dep_dt": "1456202086", "route_id": "Red", "arr_dt": "1456202625", "direction": "0", "travel_time_sec": "539", "benchmark_travel_time_sec": "540"}, {"dep_dt": "1456202252", "route_id": "Red", "arr_dt": "1456202802", "direction": "0", "travel_time_sec": "550", "benchmark_travel_time_sec": "540"}, {"dep_dt": "1456202718", "route_id": "Red", "arr_dt": "1456203264", "direction": "0", "travel_time_sec": "546", "benchmark_travel_time_sec": "540"}, {"dep_dt": "1456203001", "route_id": "Red", "arr_dt": "1456203558", "direction": "0", "travel_time_sec": "557", "benchmark_travel_time_sec": "540"}]}