{"travel_times": [{"dep_dt": "1455166298", "route_id": "Red", "arr_dt": "1455166956", "direction": "0", "travel_time_sec": "658", "benchmark_travel_time_sec": "540"}, {"dep_dt": "1455166965", "route_id": "Red", "arr_dt": "1455167497", "direction": "0", "travel_time_sec": "532", "benchmark_travel_time_sec": "540"}, {"dep_dt": "1455167335", "route_id": "Red", "arr_dt": "1455167869", "direction": "0", "travel_time_sec": "534", "benchmark_travel_time_sec": "540"}, {"dep_dt": "1455167737", "route_id": "Red", "arr_dt": "1455168263", "direction": "0", "travel_time_sec": "526", "benchmark_travel_time_sec": "540"}, {"dep_dt": "1455168028", "route_id": "Red", "arr_dt": "1455168549", "direction": "0", "travel_time_sec": "521", "benchmark_travel_time_sec": "540"}, {"dep_dt": "1455168446", "route_id": "Red", "arr_dt": "1455168974", "direction": "0", "travel_time_sec": "528", "benchmark_travel_time_sec": "540"}, {"dep_dt": "1455169260", "route_id": "Red", "arr_dt": "1455170329", "direction": "0", "threshold_flag_2": "threshold_id_05", "travel_time_sec": "1069", "threshold_flag_1": "threshold_id_04", "benchmark_travel_time_sec": "540"}, {"dep_dt": "1455186160", "route_id": "Red", "arr_dt": "1455186718", "direction": "0", "travel_time_sec": "558", "benchmark_travel_time_sec": "540"}, {"dep_dt": "1455186763", "route_id": "Red", "arr_dt": "1455187347", "direction": "0", "travel_time_sec": "584", "benchmark_travel_time_sec": "540"}, {"dep_dt": "1455187069", "route_id": "Red", "arr_dt": "1455187636", "direction": "0", "travel_time_sec": "567", "benchmark_travel_time_sec": "540"}, {"dep_dt": "1455187477", "route_id": "Red", "arr_dt": "1455188014", "direction": "0", "travel_time_sec": "537", "benchmark_travel_time_sec": "540"}, {"dep_dt": "1455187899", "route_id": "Red", "arr_dt": "1455188531", "direction": "0", "travel_time_sec": "632", "benchmark_travel_time_sec": "540"}, {"dep_dt": "1455188510", "route_id": "Red", "arr_dt": "1455189098", "direction": "0", "travel_time_sec": "588", "benchmark_travel_time_sec": "540"}, {"dep_dt": "1455188949", "route_id": "Red", "arr_dt": "1455189517", "direction": "0", "travel_time_sec": "568", "benchmark_travel_time_sec": "540"}, {"dep_dt": "1455189312", "route_id": "Red", "arr_dt": "1455189877", "direction": "0", "travel_time_sec": "565", "benchmark_travel_time_sec": "540"}, {"dep_dt": "1455189708", "route_id": "Red", "arr_dt": "1455190283", "direction": "0", "travel_time_sec": "575", "benchmark_travel_time_sec": "540"}, {"dep_dt": "1455189937", "route_id": "Red", "arr_dt": "1455190461", "direction": "0", "travel_time_sec": "524", "benchmark_travel_time_sec": "540"}, {"dep_dt": "1455190388", "route_id": "Red", "arr_dt": "1455190913", "direction": "0", "travel_time_sec": "525", "benchmark_travel_time_sec": "540"}, {"dep_dt": "1455190837", "route_id": "Red", "arr_dt": "1455191416", "direction": "0", "travel_time_sec": "579", "benchmark_travel_time_sec": "540"}, {"dep_dt": "1455191106", "route_id": "Red", "arr_dt": "1455191702", "direction": "0", "travel_time_sec": "596", "benchmark_travel_time_sec": "540"}, {"dep_dt": "1455191727", "route_id": "Red", "arr_dt": "1455192360", "direction": "0", "travel_time_sec": "633", "benchmark_travel_time_sec": "651"}, {"dep_dt": "1455191882", "route_id": "Red", "arr_dt": "1455192539", "direction": "0", "travel_time_sec": "657", "benchmark_travel_time_sec": "651"}, {"dep_dt": "1455192028", "route_id": "Red", "arr_dt": "1455192734", "direction": "0", "travel_time_sec": "706", "benchmark_travel_time_sec": "651"}, {"dep_dt": "1455192203", "route_id": "Red", "arr_dt": "1455192915", "direction": "0", "travel_time_sec": "712", "benchmark_travel_time_sec": "651"}, {"dep_dt": "1455192399", "route_id": "Red", "arr_dt": "1455193121", "direction": "0", "travel_time_sec": "722", "benchmark_travel_time_sec": "651"}, {"dep_dt": "1455192805", "route_id": "Red", "arr_dt": "1455193407", "direction": "0", "travel_time_sec": "602", "benchmark_travel_time_sec": "651"}, {"dep_dt": "1455193183", "route_id": "Red", "arr_dt": "1455193759", "direction": "0", "travel_time_sec": "576", "benchmark_travel_time_sec": "651"}, {"dep_dt": "1455193355", "route_id": "Red", "arr_dt": "1455193984", "direction": "0", "travel_time_sec": "629", "benchmark_travel_time_sec": "660"}, {"dep_dt": "1455193664", "route_id": "Red", "arr_dt": "1455194288", "direction": "0", "travel_time_sec": "624", "benchmark_travel_time_sec": "660"}, {"dep_dt": "1455193845", "route_id": "Red", "arr_dt": "1455194498", "direction": "0", "travel_time_sec": "653", "benchmark_travel_time_sec": "660"}, {"dep_dt": "1455194036", "route_id": "Red", "arr_dt": "1455194665", "direction": "0", "travel_time_sec": "629", "benchmark_travel_time_sec": "660"}, {"dep_dt": "1455194185", "route_id": "Red", "arr_dt": "1455194857", "direction": "0", "travel_time_sec": "672", "benchmark_travel_time_sec": "660"}, {"dep_dt": "1455194363", "route_id": "Red", "arr_dt": "1455195042", "direction": "0", "travel_time_sec": "679", "benchmark_travel_time_sec": "660"}, {"dep_dt": "1455194533", "route_id": "Red", "arr_dt": "1455195206", "direction": "0", "travel_time_sec": "673", "benchmark_travel_time_sec": "660"}, {"dep_dt": "1455194726", "route_id": "Red", "arr_dt": "1455195389", "direction": "0", "travel_time_sec": "663", "benchmark_travel_time_sec": "660"}, {"dep_dt": "1455195266", "route_id": "Red", "arr_dt": "1455195916", "direction": "0", "travel_time_sec": "650", "benchmark_travel_time_sec": "660"}, {"dep_dt": "1455195779", "route_id": "Red", "arr_dt": "1455196441", "direction": "0", "travel_time_sec": "662", "benchmark_travel_time_sec": "660"}, {"dep_dt": "1455195989", "route_id": "Red", "arr_dt": "1455196629", "direction": "0", "travel_time_sec": "640", "benchmark_travel_time_sec": "660"}, {"dep_dt": "1455196426", "route_id": "Red", "arr_dt": "1455197204", "direction": "0", "travel_time_sec": "778", "benchmark_travel_time_sec": "660"}, {"dep_dt": "1455196626", "route_id": "Red", "arr_dt": "1455197464", "direction": "0", "travel_time_sec": "838", "benchmark_travel_time_sec": "660"}, {"dep_dt": "1455196884", "route_id": "Red", "arr_dt": "1455197717", "direction": "0", "travel_time_sec": "833", "benchmark_travel_time_sec": "660"}, {"dep_dt": "1455197080", "route_id": "Red", "arr_dt": "1455197919", "direction": "0", "travel_time_sec": "839", "benchmark_travel_time_sec": "660"}, {"dep_dt": "1455197445", "route_id": "Red", "arr_dt": "1455198144", "direction": "0", "travel_time_sec": "699", "benchmark_travel_time_sec": "660"}, {"dep_dt": "1455197609", "route_id": "Red", "arr_dt": "1455198356", "direction": "0", "travel_time_sec": "747", "benchmark_travel_time_sec": "660"}, {"dep_dt": "1455198005", "route_id": "Red", "arr_dt": "1455198707", "direction": "0", "travel_time_sec": "702", "benchmark_travel_time_sec": "660"}, {"dep_dt": "1455198427", "route_id": "Red", "arr_dt": "1455199080", "direction": "0", "travel_time_sec": "653", "benchmark_travel_time_sec": "660"}, {"dep_dt": "1455198731", "route_id": "Red", "arr_dt": "1455199402", "direction": "0", "travel_time_sec": "671", "benchmark_travel_time_sec": "660"}, {"dep_dt": "1455199008", "route_id": "Red", "arr_dt": "1455199698", "direction": "0", "travel_time_sec": "690", "benchmark_travel_time_sec": "660"}, {"dep_dt": "1455199283", "route_id": "Red", "arr_dt": "1455199968", "direction": "0", "travel_time_sec": "685", "benchmark_travel_time_sec": "660"}, {"dep_dt": "1455199460", "route_id": "Red", "arr_dt": "1455200166", "direction": "0", "travel_time_sec": "706", "benchmark_travel_time_sec": "660"}, {"dep_dt": "1455199625", "route_id": "Red", "arr_dt": "1455200344", "direction": "0", "travel_time_sec": "719", "benchmark_travel_time_sec": "660"}, {"dep_dt": "1455199824", "route_id": "Red", "arr_dt": "1455200527", "direction": "0", "travel_time_sec": "703", "benchmark_travel_time_sec": "660"}, {"dep_dt": "1455200128", "route_id": "Red", "arr_dt": "1455200748", "direction": "0", "travel_time_sec": "620", "benchmark_travel_time_sec": "660"}, {"dep_dt": "1455200307", "route_id": "Red", "arr_dt": "1455200948", "direction": "0", "travel_time_sec": "641", "benchmark_travel_time_sec": "660"}, {"dep_dt": "1455200456", "route_id": "Red", "arr_dt": "1455201109", "direction": "0", "travel_time_sec": "653", "benchmark_travel_time_sec": "615"}, {"dep_dt": "1455200602", "route_id": "Red", "arr_dt": "1455201291", "direction": "0", "travel_time_sec": "689", "benchmark_travel_time_sec": "615"}, {"dep_dt": "1455200874", "route_id": "Red", "arr_dt": "1455201469", "direction": "0", "travel_time_sec": "595", "benchmark_travel_time_sec": "615"}, {"dep_dt": "1455201160", "route_id": "Red", "arr_dt": "1455201756", "direction": "0", "travel_time_sec": "596", "benchmark_travel_time_sec": "615"}, {"dep_dt": "1455201296", "route_id": "Red", "arr_dt": "1455201936", "direction": "0", "travel_time_sec": "640", "benchmark_travel_time_sec": "615"}, {"dep_dt": "1455201466", "route_id": "Red", "arr_dt": "1455202115", "direction": "0", "travel_time_sec": "649", "benchmark_travel_time_sec": "615"}, {"dep_dt": "1455201654", "route_id": "Red", "arr_dt": "1455202268", "direction": "0", "travel_time_sec": "614", "benchmark_travel_time_sec": "615"}, {"dep_dt": "1455201854", "route_id": "Red", "arr_dt": "1455202461", "direction": "0", "travel_time_sec": "607", "benchmark_travel_time_sec": "615"}, {"dep_dt": "1455202047", "route_id": "Red", "arr_dt": "1455202644", "direction": "0", "travel_time_sec": "597", "benchmark_travel_time_sec": "615"}, {"dep_dt": "1455202201", "route_id": "Red", "arr_dt": "1455202812", "direction": "0", "travel_time_sec": "611", "benchmark_travel_time_sec": "600"}, {"dep_dt": "1455202547", "route_id": "Red", "arr_dt": "1455203151", "direction": "0", "travel_time_sec": "604", "benchmark_travel_time_sec": "600"}, {"dep_dt": "1455202697", "route_id": "Red", "arr_dt": "1455203350", "direction": "0", "travel_time_sec": "653", "benchmark_travel_time_sec": "600"}, {"dep_dt": "1455202974", "route_id": "Red", "arr_dt": "1455203550", "direction": "0", "travel_time_sec": "576", "benchmark_travel_time_sec": "600"}, {"dep_dt": "1455203211", "route_id": "Red", "arr_dt": "1455203766", "direction": "0", "travel_time_sec": "555", "benchmark_travel_time_sec": "600"}, {"dep_dt": "1455203585", "route_id": "Red", "arr_dt": "1455204157", "direction": "0", "travel_time_sec": "572", "benchmark_travel_time_sec": "600"}, {"dep_dt": "1455203788", "route_id": "Red", "arr_dt": "1455204387", "direction": "0", "travel_time_sec": "599", "benchmark_travel_time_sec": "600"}, {"dep_dt": "1455204129", "route_id": "Red", "arr_dt": "1455204711", "direction": "0", "travel_time_sec": "582", "benchmark_travel_time_sec": "600"}, {"dep_dt": "1455204345", "route_id": "Red", "arr_dt": "1455204917", "direction": "0", "travel_time_sec": "572", "benchmark_travel_time_sec": "600"}, {"dep_dt": "1455204795", "route_id": "Red", "arr_dt": "1455205385", "direction": "0", "travel_time_sec": "590", "benchmark_travel_time_sec": "600"}, {"dep_dt": "1455205059", "route_id": "Red", "arr_dt": "1455205647", "direction": "0", "travel_time_sec": "588", "benchmark_travel_time_sec": "600"}, {"dep_dt": "1455205230", "route_id": "Red", "arr_dt": "1455205818", "direction": "0", "travel_time_sec": "588", "benchmark_travel_time_sec": "600"}, {"dep_dt": "1455205699", "route_id": "Red", "arr_dt": "1455206332", "direction": "0", "travel_time_sec": "633", "benchmark_travel_time_sec": "600"}, {"dep_dt": "1455205967", "route_id": "Red", "arr_dt": "1455206529", "direction": "0", "travel_time_sec": "562", "benchmark_travel_time_sec": "600"}, {"dep_dt": "1455206418", "route_id": "Red", "arr_dt": "1455206991", "direction": "0", "travel_time_sec": "573", "benchmark_travel_time_sec": "600"}, {"dep_dt": "1455206821", "route_id": "Red", "arr_dt": "1455207391", "direction": "0", "travel_time_sec": "570", "benchmark_travel_time_sec": "600"}, {"dep_dt": "1455207413", "route_id": "Red", "arr_dt": "1455208005", "direction": "0", "travel_time_sec": "592", "benchmark_travel_time_sec": "600"}, {"dep_dt": "1455207565", "route_id": "Red", "arr_dt": "1455208188", "direction": "0", "travel_time_sec": "623", "benchmark_travel_time_sec": "600"}, {"dep_dt": "1455207837", "route_id": "Red", "arr_dt": "1455208401", "direction": "0", "travel_time_sec": "564", "benchmark_travel_time_sec": "600"}, {"dep_dt": "1455208221", "route_id": "Red", "arr_dt": "1455208818", "direction": "0", "travel_time_sec": "597", "benchmark_travel_time_sec": "600"}, {"dep_dt": "1455208704", "route_id": "Red", "arr_dt": "1455209291", "direction": "0", "travel_time_sec": "587", "benchmark_travel_time_sec": "600"}, {"dep_dt": "1455208988", "route_id": "Red", "arr_dt": "1455209565", "direction": "0", "travel_time_sec": "577", "benchmark_travel_time_sec": "600"}, {"dep_dt": "1455209545", "route_id": "Red", "arr_dt": "1455210105", "direction": "0", "travel_time_sec": "560", "benchmark_travel_time_sec": "600"}, {"dep_dt": "1455209804", "route_id": "Red", "arr_dt": "1455210354", "direction": "0", "travel_time_sec": "550", "benchmark_travel_time_sec": "600"}, {"dep_dt": "1455210415", "route_id": "Red", "arr_dt": "1455211038", "direction": "0", "travel_time_sec": "623", "benchmark_travel_time_sec": "600"}, {"dep_dt": "1455210695", "route_id": "Red", "arr_dt": "1455211249", "direction": "0", "travel_time_sec": "554", "benchmark_travel_time_sec": "600"}, {"dep_dt": "1455211155", "route_id": "Red", "arr_dt": "1455211752", "direction": "0", "travel_time_sec": "597", "benchmark_travel_time_sec": "600"}, {"dep_dt": "1455211588", "route_id": "Red", "arr_dt": "1455212127", "direction": "0", "travel_time_sec": "539", "benchmark_travel_time_sec": "600"}, {"dep_dt": "1455212009", "route_id": "Red", "arr_dt": "1455212579", "direction": "0", "travel_time_sec": "570", "benchmark_travel_time_sec": "600"}, {"dep_dt": "1455212399", "route_id": "Red", "arr_dt": "1455212960", "direction": "0", "travel_time_sec": "561", "benchmark_travel_time_sec": "600"}, {"dep_dt": "1455212815", "route_id": "Red", "arr_dt": "1455213389", "direction": "0", "travel_time_sec": "574", "benchmark_travel_time_sec": "600"}, {"dep_dt": "1455213267", "route_id": "Red", "arr_dt": "1455213809", "direction": "0", "travel_time_sec": "542", "benchmark_travel_time_sec": "600"}, {"dep_dt": "1455213771", "route_id": "Red", "arr_dt": "1455214364", "direction": "0", "travel_time_sec": "593", "benchmark_travel_time_sec": "600"}, {"dep_dt": "1455214187", "route_id": "Red", "arr_dt": "1455214788", "direction": "0", "travel_time_sec": "601", "benchmark_travel_time_sec": "600"}, {"dep_dt": "1455214728", "route_id": "Red", "arr_dt": "1455215303", "direction": "0", "travel_time_sec": "575", "benchmark_travel_time_sec": "600"}, {"dep_dt": "1455214923", "route_id": "Red", "arr_dt": "1455215501", "direction": "0", "travel_time_sec": "578", "benchmark_travel_time_sec": "600"}, {"dep_dt": "1455215354", "route_id": "Red", "arr_dt": "1455215944", "direction": "0", "travel_time_sec": "590", "benchmark_travel_time_sec": "600"}, {"dep_dt": "1455215796", "route_id": "Red", "arr_dt": "1455216375", "direction": "0", "travel_time_sec": "579", "benchmark_travel_time_sec": "600"}, {"dep_dt": "1455216181", "route_id": "Red", "arr_dt": "1455216751", "direction": "0", "travel_time_sec": "570", "benchmark_travel_time_sec": "600"}, {"dep_dt": "1455216708", "route_id": "Red", "arr_dt": "1455217299", "direction": "0", "travel_time_sec": "591", "benchmark_travel_time_sec": "600"}, {"dep_dt": "1455216995", "route_id": "Red", "arr_dt": "1455217542", "direction": "0", "travel_time_sec": "547", "benchmark_travel_time_sec": "600"}, {"dep_dt": "1455217536", "route_id": "Red", "arr_dt": "1455218109", "direction": "0", "travel_time_sec": "573", "benchmark_travel_time_sec": "600"}, {"dep_dt": "1455217878", "route_id": "Red", "arr_dt": "1455218442", "direction": "0", "travel_time_sec": "564", "benchmark_travel_time_sec": "600"}, {"dep_dt": "1455218392", "route_id": "Red", "arr_dt": "1455219025", "direction": "0", "travel_time_sec": "633", "benchmark_travel_time_sec": "600"}, {"dep_dt": "1455218715", "route_id": "Red", "arr_dt": "1455219277", "direction": "0", "travel_time_sec": "562", "benchmark_travel_time_sec": "600"}, {"dep_dt": "1455219147", "route_id": "Red", "arr_dt": "1455219732", "direction": "0", "travel_time_sec": "585", "benchmark_travel_time_sec": "600"}, {"dep_dt": "1455219801", "route_id": "Red", "arr_dt": "1455220417", "direction": "0", "travel_time_sec": "616", "benchmark_travel_time_sec": "600"}, {"dep_dt": "1455220295", "route_id": "Red", "arr_dt": "1455220935", "direction": "0", "travel_time_sec": "640", "benchmark_travel_time_sec": "600"}, {"dep_dt": "1455220969", "route_id": "Red", "arr_dt": "1455221553", "direction": "0", "travel_time_sec": "584", "benchmark_travel_time_sec": "600"}, {"dep_dt": "1455221546", "route_id": "Red", "arr_dt": "1455222179", "direction": "0", "travel_time_sec": "633", "benchmark_travel_time_sec": "600"}, {"dep_dt": "1455221877", "route_id": "Red", "arr_dt": "1455222463", "direction": "0", "travel_time_sec": "586", "benchmark_travel_time_sec": "600"}, {"dep_dt": "1455222154", "route_id": "Red", "arr_dt": "1455222734", "direction": "0", "travel_time_sec": "580", "benchmark_travel_time_sec": "600"}, {"dep_dt": "1455222409", "route_id": "Red", "arr_dt": "1455222971", "direction": "0", "travel_time_sec": "562", "benchmark_travel_time_sec": "600"}, {"dep_dt": "1455222657", "route_id": "Red", "arr_dt": "1455223255", "direction": "0", "travel_time_sec": "598", "benchmark_travel_time_sec": "600"}, {"dep_dt": "1455223356", "route_id": "Red", "arr_dt": "1455224158", "direction": "0", "travel_time_sec": "802", "threshold_flag_1": "threshold_id_04", "benchmark_travel_time_sec": "600"}, {"dep_dt": "1455223779", "route_id": "Red", "arr_dt": "1455224428", "direction": "0", "travel_time_sec": "649", "benchmark_travel_time_sec": "700"}, {"dep_dt": "1455224026", "route_id": "Red", "arr_dt": "1455224708", "direction": "0", "travel_time_sec": "682", "benchmark_travel_time_sec": "700"}, {"dep_dt": "1455224298", "route_id": "Red", "arr_dt": "1455224933", "direction": "0", "travel_time_sec": "635", "benchmark_travel_time_sec": "700"}, {"dep_dt": "1455224865", "route_id": "Red", "arr_dt": "1455225567", "direction": "0", "travel_time_sec": "702", "benchmark_travel_time_sec": "700"}, {"dep_dt": "1455225040", "route_id": "Red", "arr_dt": "1455226006", "direction": "0", "travel_time_sec": "966", "threshold_flag_1": "threshold_id_04", "benchmark_travel_time_sec": "700"}, {"dep_dt": "1455225288", "route_id": "Red", "arr_dt": "1455226268", "direction": "0", "travel_time_sec": "980", "threshold_flag_1": "threshold_id_04", "benchmark_travel_time_sec": "720"}, {"dep_dt": "1455225435", "route_id": "Red", "arr_dt": "1455226491", "direction": "0", "travel_time_sec": "1056", "threshold_flag_1": "threshold_id_04", "benchmark_travel_time_sec": "720"}, {"dep_dt": "1455225747", "route_id": "Red", "arr_dt": "1455226680", "direction": "0", "travel_time_sec": "933", "threshold_flag_1": "threshold_id_04", "benchmark_travel_time_sec": "720"}, {"dep_dt": "1455225882", "route_id": "Red", "arr_dt": "1455226898", "direction": "0", "travel_time_sec": "1016", "threshold_flag_1": "threshold_id_04", "benchmark_travel_time_sec": "720"}, {"dep_dt": "1455226185", "route_id": "Red", "arr_dt": "1455227167", "direction": "0", "travel_time_sec": "982", "threshold_flag_1": "threshold_id_04", "benchmark_travel_time_sec": "720"}, {"dep_dt": "1455226527", "route_id": "Red", "arr_dt": "1455227372", "direction": "0", "travel_time_sec": "845", "benchmark_travel_time_sec": "720"}, {"dep_dt": "1455226844", "route_id": "Red", "arr_dt": "1455227560", "direction": "0", "travel_time_sec": "716", "benchmark_travel_time_sec": "720"}, {"dep_dt": "1455227002", "route_id": "Red", "arr_dt": "1455227757", "direction": "0", "travel_time_sec": "755", "benchmark_travel_time_sec": "720"}, {"dep_dt": "1455227273", "route_id": "Red", "arr_dt": "1455228010", "direction": "0", "travel_time_sec": "737", "benchmark_travel_time_sec": "720"}, {"dep_dt": "1455227458", "route_id": "Red", "arr_dt": "1455228207", "direction": "0", "travel_time_sec": "749", "benchmark_travel_time_sec": "720"}, {"dep_dt": "1455227708", "route_id": "Red", "arr_dt": "1455228657", "direction": "0", "travel_time_sec": "949", "threshold_flag_1": "threshold_id_04", "benchmark_travel_time_sec": "720"}, {"dep_dt": "1455228059", "route_id": "Red", "arr_dt": "1455228885", "direction": "0", "travel_time_sec": "826", "benchmark_travel_time_sec": "720"}, {"dep_dt": "1455228215", "route_id": "Red", "arr_dt": "1455229113", "direction": "0", "travel_time_sec": "898", "benchmark_travel_time_sec": "720"}, {"dep_dt": "1455228402", "route_id": "Red", "arr_dt": "1455229360", "direction": "0", "travel_time_sec": "958", "threshold_flag_1": "threshold_id_04", "benchmark_travel_time_sec": "720"}, {"dep_dt": "1455228687", "route_id": "Red", "arr_dt": "1455229591", "direction": "0", "travel_time_sec": "904", "threshold_flag_1": "threshold_id_04", "benchmark_travel_time_sec": "720"}, {"dep_dt": "1455228964", "route_id": "Red", "arr_dt": "1455229804", "direction": "0", "travel_time_sec": "840", "benchmark_travel_time_sec": "720"}, {"dep_dt": "1455229155", "route_id": "Red", "arr_dt": "1455230031", "direction": "0", "travel_time_sec": "876", "benchmark_travel_time_sec": "720"}, {"dep_dt": "1455229346", "route_id": "Red", "arr_dt": "1455230250", "direction": "0", "travel_time_sec": "904", "threshold_flag_1": "threshold_id_04", "benchmark_travel_time_sec": "720"}, {"dep_dt": "1455229538", "route_id": "Red", "arr_dt": "1455230502", "direction": "0", "travel_time_sec": "964", "threshold_flag_1": "threshold_id_04", "benchmark_travel_time_sec": "720"}, {"dep_dt": "1455229898", "route_id": "Red", "arr_dt": "1455230724", "direction": "0", "travel_time_sec": "826", "benchmark_travel_time_sec": "720"}, {"dep_dt": "1455230057", "route_id": "Red", "arr_dt": "1455230947", "direction": "0", "travel_time_sec": "890", "benchmark_travel_time_sec": "720"}, {"dep_dt": "1455230365", "route_id": "Red", "arr_dt": "1455231176", "direction": "0", "travel_time_sec": "811", "benchmark_travel_time_sec": "720"}, {"dep_dt": "1455230565", "route_id": "Red", "arr_dt": "1455231404", "direction": "0", "travel_time_sec": "839", "benchmark_travel_time_sec": "720"}, {"dep_dt": "1455231066", "route_id": "Red", "arr_dt": "1455231818", "direction": "0", "travel_time_sec": "752", "benchmark_travel_time_sec": "668"}, {"dep_dt": "1455231235", "route_id": "Red", "arr_dt": "1455232063", "direction": "0", "travel_time_sec": "828", "benchmark_travel_time_sec": "668"}, {"dep_dt": "1455231406", "route_id": "Red", "arr_dt": "1455232351", "direction": "0", "travel_time_sec": "945", "threshold_flag_1": "threshold_id_04", "benchmark_travel_time_sec": "668"}, {"dep_dt": "1455231580", "route_id": "Red", "arr_dt": "1455232540", "direction": "0", "travel_time_sec": "960", "threshold_flag_1": "threshold_id_04", "benchmark_travel_time_sec": "668"}, {"dep_dt": "1455232045", "route_id": "Red", "arr_dt": "1455232757", "direction": "0", "travel_time_sec": "712", "benchmark_travel_time_sec": "668"}, {"dep_dt": "1455232203", "route_id": "Red", "arr_dt": "1455232958", "direction": "0", "travel_time_sec": "755", "benchmark_travel_time_sec": "668"}, {"dep_dt": "1455232693", "route_id": "Red", "arr_dt": "1455233311", "direction": "0", "travel_time_sec": "618", "benchmark_travel_time_sec": "668"}, {"dep_dt": "1455232896", "route_id": "Red", "arr_dt": "1455233539", "direction": "0", "travel_time_sec": "643", "benchmark_travel_time_sec": "660"}, {"dep_dt": "1455233248", "route_id": "Red", "arr_dt": "1455233846", "direction": "0", "travel_time_sec": "598", "benchmark_travel_time_sec": "660"}, {"dep_dt": "1455233445", "route_id": "Red", "arr_dt": "1455234046", "direction": "0", "travel_time_sec": "601", "benchmark_travel_time_sec": "660"}, {"dep_dt": "1455233599", "route_id": "Red", "arr_dt": "1455234236", "direction": "0", "travel_time_sec": "637", "benchmark_travel_time_sec": "660"}, {"dep_dt": "1455233806", "route_id": "Red", "arr_dt": "1455234421", "direction": "0", "travel_time_sec": "615", "benchmark_travel_time_sec": "660"}, {"dep_dt": "1455234064", "route_id": "Red", "arr_dt": "1455234659", "direction": "0", "travel_time_sec": "595", "benchmark_travel_time_sec": "660"}, {"dep_dt": "1455234297", "route_id": "Red", "arr_dt": "1455234887", "direction": "0", "travel_time_sec": "590", "benchmark_travel_time_sec": "660"}, {"dep_dt": "1455234679", "route_id": "Red", "arr_dt": "1455235273", "direction": "0", "travel_time_sec": "594", "benchmark_travel_time_sec": "660"}, {"dep_dt": "1455234868", "route_id": "Red", "arr_dt": "1455235468", "direction": "0", "travel_time_sec": "600", "benchmark_travel_time_sec": "660"}, {"dep_dt": "1455235120", "route_id": "Red", "arr_dt": "1455235687", "direction": "0", "travel_time_sec": "567", "benchmark_travel_time_sec": "660"}, {"dep_dt": "1455235296", "route_id": "Red", "arr_dt": "1455235913", "direction": "0", "travel_time_sec": "617", "benchmark_travel_time_sec": "660"}, {"dep_dt": "1455235516", "route_id": "Red", "arr_dt": "1455236094", "direction": "0", "travel_time_sec": "578", "benchmark_travel_time_sec": "660"}, {"dep_dt": "1455235777", "route_id": "Red", "arr_dt": "1455236349", "direction": "0", "travel_time_sec": "572", "benchmark_travel_time_sec": "660"}, {"dep_dt": "1455236048", "route_id": "Red", "arr_dt": "1455236616", "direction": "0", "travel_time_sec": "568", "benchmark_travel_time_sec": "660"}, {"dep_dt": "1455236323", "route_id": "Red", "arr_dt": "1455236857", "direction": "0", "travel_time_sec": "534", "benchmark_travel_time_sec": "660"}, {"dep_dt": "1455236667", "route_id": "Red", "arr_dt": "1455237244", "direction": "0", "travel_time_sec": "577", "benchmark_travel_time_sec": "660"}, {"dep_dt": "1455236948", "route_id": "Red", "arr_dt": "1455237556", "direction": "0", "travel_time_sec": "608", "benchmark_travel_time_sec": "660"}, {"dep_dt": "1455237101", "route_id": "Red", "arr_dt": "1455237724", "direction": "0", "travel_time_sec": "623", "benchmark_travel_time_sec": "660"}, {"dep_dt": "1455237461", "route_id": "Red", "arr_dt": "1455238250", "direction": "0", "travel_time_sec": "789", "benchmark_travel_time_sec": "660"}, {"dep_dt": "1455237615", "route_id": "Red", "arr_dt": "1455238424", "direction": "0", "travel_time_sec": "809", "benchmark_travel_time_sec": "660"}, {"dep_dt": "1455237793", "route_id": "Red", "arr_dt": "1455238594", "direction": "0", "travel_time_sec": "801", "benchmark_travel_time_sec": "660"}, {"dep_dt": "1455237937", "route_id": "Red", "arr_dt": "1455238766", "direction": "0", "travel_time_sec": "829", "benchmark_travel_time_sec": "660"}, {"dep_dt": "1455238511", "route_id": "Red", "arr_dt": "1455239164", "direction": "0", "travel_time_sec": "653", "benchmark_travel_time_sec": "550"}, {"dep_dt": "1455239017", "route_id": "Red", "arr_dt": "1455239621", "direction": "0", "travel_time_sec": "604", "benchmark_travel_time_sec": "550"}, {"dep_dt": "1455239184", "route_id": "Red", "arr_dt": "1455239799", "direction": "0", "travel_time_sec": "615", "benchmark_travel_time_sec": "550"}, {"dep_dt": "1455239483", "route_id": "Red", "arr_dt": "1455240067", "direction": "0", "travel_time_sec": "584", "benchmark_travel_time_sec": "550"}, {"dep_dt": "1455239922", "route_id": "Red", "arr_dt": "1455240513", "direction": "0", "travel_time_sec": "591", "benchmark_travel_time_sec": "550"}, {"dep_dt": "1455240149", "route_id": "Red", "arr_dt": "1455240729", "direction": "0", "travel_time_sec": "580", "benchmark_travel_time_sec": "540"}, {"dep_dt": "1455240476", "route_id": "Red", "arr_dt": "1455241034", "direction": "0", "travel_time_sec": "558", "benchmark_travel_time_sec": "540"}, {"dep_dt": "1455240949", "route_id": "Red", "arr_dt": "1455241576", "direction": "0", "travel_time_sec": "627", "benchmark_travel_time_sec": "540"}, {"dep_dt": "1455241311", "route_id": "Red", "arr_dt": "1455241881", "direction": "0", "travel_time_sec": "570", "benchmark_travel_time_sec": "540"}, {"dep_dt": "1455241650", "route_id": "Red", "arr_dt": "1455242220", "direction": "0", "travel_time_sec": "570", "benchmark_travel_time_sec": "540"}, {"dep_dt": "1455242054", "route_id": "Red", "arr_dt": "1455242600", "direction": "0", "travel_time_sec": "546", "benchmark_travel_time_sec": "540"}, {"dep_dt": "1455242358", "route_id": "Red", "arr_dt": "1455242892", "direction": "0", "travel_time_sec": "534", "benchmark_travel_time_sec": "540"}, {"dep_dt": "1455242546", "route_id": "Red", "arr_dt": "1455243112", "direction": "0", "travel_time_sec": "566", "benchmark_travel_time_sec": "540"}, {"dep_dt": "1455242998", "route_id": "Red", "arr_dt": "1455243565", "direction": "0", "travel_time_sec": "567", "benchmark_travel_time_sec": "540"}, {"dep_dt": "1455243407", "route_id": "Red", "arr_dt": "1455243950", "direction": "0", "travel_time_sec": "543", "benchmark_travel_time_sec": "540"}, {"dep_dt": "1455243737", "route_id": "Red", "arr_dt": "1455244277", "direction": "0", "travel_time_sec": "540", "benchmark_travel_time_sec": "540"}, {"dep_dt": "1455244211", "route_id": "Red", "arr_dt": "1455244848", "direction": "0", "travel_time_sec": "637", "benchmark_travel_time_sec": "540"}, {"dep_dt": "1455244361", "route_id": "Red", "arr_dt": "1455245073", "direction": "0", "travel_time_sec": "712", "benchmark_travel_time_sec": "540"}, {"dep_dt": "1455244727", "route_id": "Red", "arr_dt": "1455245308", "direction": "0", "travel_time_sec": "581", "benchmark_travel_time_sec": "540"}, {"dep_dt": "1455245171", "route_id": "Red", "arr_dt": "1455245758", "direction": "0", "travel_time_sec": "587", "benchmark_travel_time_sec": "540"}, {"dep_dt": "1455245545", "route_id": "Red", "arr_dt": "1455246127", "direction": "0", "travel_time_sec": "582", "benchmark_travel_time_sec": "540"}, {"dep_dt": "1455245828", "route_id": "Red", "arr_dt": "1455246376", "direction": "0", "travel_time_sec": "548", "benchmark_travel_time_sec": "540"}, {"dep_dt": "1455246275", "route_id": "Red", "arr_dt": "1455246825", "direction": "0", "travel_time_sec": "550", "benchmark_travel_time_sec": "540"}, {"dep_dt": "1455246618", "route_id": "Red", "arr_dt": "1455247173", "direction": "0", "travel_time_sec": "555", "benchmark_travel_time_sec": "540"}, {"dep_dt": "1455247190", "route_id": "Red", "arr_dt": "1455247757", "direction": "0", "travel_time_sec": "567", "benchmark_travel_time_sec": "540"}, {"dep_dt": "1455247469", "route_id": "Red", "arr_dt": "1455248037", "direction": "0", "travel_time_sec": "568", "benchmark_travel_time_sec": "540"}, {"dep_dt": "1455247765", "route_id": "Red", "arr_dt": "1455248369", "direction": "0", "travel_time_sec": "604", "benchmark_travel_time_sec": "540"}, {"dep_dt": "1455248099", "route_id": "Red", "arr_dt": "1455248800", "direction": "0", "travel_time_sec": "701", "benchmark_travel_time_sec": "540"}, {"dep_dt": "1455248658", "route_id": "Red", "arr_dt": "1455249194", "direction": "0", "travel_time_sec": "536", "benchmark_travel_time_sec": "540"}, {"dep_dt": "1455248988", "route_id": "Red", "arr_dt": "1455249570", "direction": "0", "travel_time_sec": "582", "benchmark_travel_time_sec": "540"}, {"dep_dt": "1455249519", "route_id": "Red", "arr_dt": "1455250077", "direction": "0", "travel_time_sec": "558", "benchmark_travel_time_sec": "540"}, {"dep_dt": "1455250169", "route_id": "Red", "arr_dt": "1455250761", "direction": "0", "travel_time_sec": "592", "benchmark_travel_time_sec": "540"}, {"dep_dt": "1455250502", "route_id": "Red", "arr_dt": "1455251116", "direction": "0", "travel_time_sec": "614", "benchmark_travel_time_sec": "540"}, {"dep_dt": "1455250660", "route_id": "Red", "arr_dt": "1455251457", "direction": "0", "travel_time_sec": "797", "threshold_flag_1": "threshold_id_04", "benchmark_travel_time_sec": "540"}, {"dep_dt": "1455251132", "route_id": "Red", "arr_dt": "1455251702", "direction": "0", "travel_time_sec": "570", "benchmark_travel_time_sec": "540"}, {"dep_dt": "1455251422", "route_id": "Red", "arr_dt": "1455251957", "direction": "0", "travel_time_sec": "535", "benchmark_travel_time_sec": "540"}, {"dep_dt": "1455251759", "route_id": "Red", "arr_dt": "1455252310", "direction": "0", "travel_time_sec": "551", "benchmark_travel_time_sec": "540"}, {"dep_dt": "1455252232", "route_id": "Red", "arr_dt": "1455252773", "direction": "0", "travel_time_sec": "541", "benchmark_travel_time_sec": "540"}, {"dep_dt": "1455252616", "route_id": "Red", "arr_dt": "1455253161", "direction": "0", "travel_time_sec": "545", "benchmark_travel_time_sec": "540"}]}