{"travel_times": [{"dep_dt": "1462852732", "route_id": "Red", "arr_dt": "1462853306", "direction": "0", "travel_time_sec": "574", "benchmark_travel_time_sec": "540"}, {"dep_dt": "1462853193", "route_id": "Red", "arr_dt": "1462853797", "direction": "0", "travel_time_sec": "604", "benchmark_travel_time_sec": "540"}, {"dep_dt": "1462853504", "route_id": "Red", "arr_dt": "1462854041", "direction": "0", "travel_time_sec": "537", "benchmark_travel_time_sec": "540"}, {"dep_dt": "1462853762", "route_id": "Red", "arr_dt": "1462854311", "direction": "0", "travel_time_sec": "549", "benchmark_travel_time_sec": "540"}, {"dep_dt": "1462854225", "route_id": "Red", "arr_dt": "1462854763", "direction": "0", "travel_time_sec": "538", "benchmark_travel_time_sec": "540"}, {"dep_dt": "1462854548", "route_id": "Red", "arr_dt": "1462855094", "direction": "0", "travel_time_sec": "546", "benchmark_travel_time_sec": "540"}, {"dep_dt": "1462855307", "route_id": "Red", "arr_dt": "1462855940", "direction": "0", "travel_time_sec": "633", "benchmark_travel_time_sec": "540"}, {"dep_dt": "1462872266", "route_id": "Red", "arr_dt": "1462872815", "direction": "0", "travel_time_sec": "549", "benchmark_travel_time_sec": "540"}, {"dep_dt": "1462872797", "route_id": "Red", "arr_dt": "1462873367", "direction": "0", "travel_time_sec": "570", "benchmark_travel_time_sec": "540"}, {"dep_dt": "1462873083", "route_id": "Red", "arr_dt": "1462873647", "direction": "0", "travel_time_sec": "564", "benchmark_travel_time_sec": "540"}, {"dep_dt": "1462873568", "route_id": "Red", "arr_dt": "1462874097", "direction": "0", "travel_time_sec": "529", "benchmark_travel_time_sec": "540"}, {"dep_dt": "1462873955", "route_id": "Red", "arr_dt": "1462874497", "direction": "0", "travel_time_sec": "542", "benchmark_travel_time_sec": "540"}, {"dep_dt": "1462874561", "route_id": "Red", "arr_dt": "1462875096", "direction": "0", "travel_time_sec": "535", "benchmark_travel_time_sec": "540"}, {"dep_dt": "1462874991", "route_id": "Red", "arr_dt": "1462875532", "direction": "0", "travel_time_sec": "541", "benchmark_travel_time_sec": "540"}, {"dep_dt": "1462875436", "route_id": "Red", "arr_dt": "1462875980", "direction": "0", "travel_time_sec": "544", "benchmark_travel_time_sec": "540"}, {"dep_dt": "1462875885", "route_id": "Red", "arr_dt": "1462876450", "direction": "0", "travel_time_sec": "565", "benchmark_travel_time_sec": "540"}, {"dep_dt": "1462876020", "route_id": "Red", "arr_dt": "1462876617", "direction": "0", "travel_time_sec": "597", "benchmark_travel_time_sec": "540"}, {"dep_dt": "1462876457", "route_id": "Red", "arr_dt": "1462877042", "direction": "0", "travel_time_sec": "585", "benchmark_travel_time_sec": "540"}, {"dep_dt": "1462876758", "route_id": "Red", "arr_dt": "1462877283", "direction": "0", "travel_time_sec": "525", "benchmark_travel_time_sec": "540"}, {"dep_dt": "1462877236", "route_id": "Red", "arr_dt": "1462877811", "direction": "0", "travel_time_sec": "575", "benchmark_travel_time_sec": "540"}, {"dep_dt": "1462877598", "route_id": "Red", "arr_dt": "1462878183", "direction": "0", "travel_time_sec": "585", "benchmark_travel_time_sec": "651"}, {"dep_dt": "1462877842", "route_id": "Red", "arr_dt": "1462878407", "direction": "0", "travel_time_sec": "565", "benchmark_travel_time_sec": "651"}, {"dep_dt": "1462878209", "route_id": "Red", "arr_dt": "1462878756", "direction": "0", "travel_time_sec": "547", "benchmark_travel_time_sec": "651"}, {"dep_dt": "1462878803", "route_id": "Red", "arr_dt": "1462879450", "direction": "0", "travel_time_sec": "647", "benchmark_travel_time_sec": "651"}, {"dep_dt": "1462879135", "route_id": "Red", "arr_dt": "1462879870", "direction": "0", "travel_time_sec": "735", "benchmark_travel_time_sec": "660"}, {"dep_dt": "1462879392", "route_id": "Red", "arr_dt": "1462880053", "direction": "0", "travel_time_sec": "661", "benchmark_travel_time_sec": "660"}, {"dep_dt": "1462879522", "route_id": "Red", "arr_dt": "1462880247", "direction": "0", "travel_time_sec": "725", "benchmark_travel_time_sec": "660"}, {"dep_dt": "1462879795", "route_id": "Red", "arr_dt": "1462880461", "direction": "0", "travel_time_sec": "666", "benchmark_travel_time_sec": "660"}, {"dep_dt": "1462879939", "route_id": "Red", "arr_dt": "1462880637", "direction": "0", "travel_time_sec": "698", "benchmark_travel_time_sec": "660"}, {"dep_dt": "1462880250", "route_id": "Red", "arr_dt": "1462880897", "direction": "0", "travel_time_sec": "647", "benchmark_travel_time_sec": "660"}, {"dep_dt": "1462880416", "route_id": "Red", "arr_dt": "1462881087", "direction": "0", "travel_time_sec": "671", "benchmark_travel_time_sec": "660"}, {"dep_dt": "1462880684", "route_id": "Red", "arr_dt": "1462881298", "direction": "0", "travel_time_sec": "614", "benchmark_travel_time_sec": "660"}, {"dep_dt": "1462880836", "route_id": "Red", "arr_dt": "1462881473", "direction": "0", "travel_time_sec": "637", "benchmark_travel_time_sec": "660"}, {"dep_dt": "1462881042", "route_id": "Red", "arr_dt": "1462881651", "direction": "0", "travel_time_sec": "609", "benchmark_travel_time_sec": "660"}, {"dep_dt": "1462881221", "route_id": "Red", "arr_dt": "1462881947", "direction": "0", "travel_time_sec": "726", "benchmark_travel_time_sec": "660"}, {"dep_dt": "1462881983", "route_id": "Red", "arr_dt": "1462882704", "direction": "0", "travel_time_sec": "721", "benchmark_travel_time_sec": "660"}, {"dep_dt": "1462882149", "route_id": "Red", "arr_dt": "1462882923", "direction": "0", "travel_time_sec": "774", "benchmark_travel_time_sec": "660"}, {"dep_dt": "1462882318", "route_id": "Red", "arr_dt": "1462883209", "direction": "0", "travel_time_sec": "891", "threshold_flag_1": "threshold_id_04", "benchmark_travel_time_sec": "660"}, {"dep_dt": "1462882481", "route_id": "Red", "arr_dt": "1462883447", "direction": "0", "travel_time_sec": "966", "threshold_flag_1": "threshold_id_04", "benchmark_travel_time_sec": "660"}, {"dep_dt": "1462882660", "route_id": "Red", "arr_dt": "1462883632", "direction": "0", "travel_time_sec": "972", "threshold_flag_1": "threshold_id_04", "benchmark_travel_time_sec": "660"}, {"dep_dt": "1462883056", "route_id": "Red", "arr_dt": "1462883850", "direction": "0", "travel_time_sec": "794", "benchmark_travel_time_sec": "660"}, {"dep_dt": "1462883536", "route_id": "Red", "arr_dt": "1462884239", "direction": "0", "travel_time_sec": "703", "benchmark_travel_time_sec": "660"}, {"dep_dt": "1462883754", "route_id": "Red", "arr_dt": "1462884454", "direction": "0", "travel_time_sec": "700", "benchmark_travel_time_sec": "660"}, {"dep_dt": "1462883914", "route_id": "Red", "arr_dt": "1462884705", "direction": "0", "travel_time_sec": "791", "benchmark_travel_time_sec": "660"}, {"dep_dt": "1462884088", "route_id": "Red", "arr_dt": "1462884886", "direction": "0", "travel_time_sec": "798", "benchmark_travel_time_sec": "660"}, {"dep_dt": "1462884273", "route_id": "Red", "arr_dt": "1462885076", "direction": "0", "travel_time_sec": "803", "benchmark_travel_time_sec": "660"}, {"dep_dt": "1462884572", "route_id": "Red", "arr_dt": "1462885256", "direction": "0", "travel_time_sec": "684", "benchmark_travel_time_sec": "660"}, {"dep_dt": "1462884706", "route_id": "Red", "arr_dt": "1462885454", "direction": "0", "travel_time_sec": "748", "benchmark_travel_time_sec": "660"}, {"dep_dt": "1462884988", "route_id": "Red", "arr_dt": "1462885673", "direction": "0", "travel_time_sec": "685", "benchmark_travel_time_sec": "660"}, {"dep_dt": "1462885153", "route_id": "Red", "arr_dt": "1462885860", "direction": "0", "travel_time_sec": "707", "benchmark_travel_time_sec": "660"}, {"dep_dt": "1462885799", "route_id": "Red", "arr_dt": "1462886465", "direction": "0", "travel_time_sec": "666", "benchmark_travel_time_sec": "660"}, {"dep_dt": "1462885972", "route_id": "Red", "arr_dt": "1462886677", "direction": "0", "travel_time_sec": "705", "benchmark_travel_time_sec": "660"}, {"dep_dt": "1462886144", "route_id": "Red", "arr_dt": "1462886844", "direction": "0", "travel_time_sec": "700", "benchmark_travel_time_sec": "660"}, {"dep_dt": "1462886366", "route_id": "Red", "arr_dt": "1462887026", "direction": "0", "travel_time_sec": "660", "benchmark_travel_time_sec": "615"}, {"dep_dt": "1462886539", "route_id": "Red", "arr_dt": "1462887220", "direction": "0", "travel_time_sec": "681", "benchmark_travel_time_sec": "615"}, {"dep_dt": "1462886786", "route_id": "Red", "arr_dt": "1462887429", "direction": "0", "travel_time_sec": "643", "benchmark_travel_time_sec": "615"}, {"dep_dt": "1462886953", "route_id": "Red", "arr_dt": "1462887608", "direction": "0", "travel_time_sec": "655", "benchmark_travel_time_sec": "615"}, {"dep_dt": "1462887227", "route_id": "Red", "arr_dt": "1462887870", "direction": "0", "travel_time_sec": "643", "benchmark_travel_time_sec": "615"}, {"dep_dt": "1462887369", "route_id": "Red", "arr_dt": "1462888039", "direction": "0", "travel_time_sec": "670", "benchmark_travel_time_sec": "615"}, {"dep_dt": "1462887602", "route_id": "Red", "arr_dt": "1462888219", "direction": "0", "travel_time_sec": "617", "benchmark_travel_time_sec": "615"}, {"dep_dt": "1462887787", "route_id": "Red", "arr_dt": "1462888427", "direction": "0", "travel_time_sec": "640", "benchmark_travel_time_sec": "615"}, {"dep_dt": "1462888049", "route_id": "Red", "arr_dt": "1462888634", "direction": "0", "travel_time_sec": "585", "benchmark_travel_time_sec": "615"}, {"dep_dt": "1462888290", "route_id": "Red", "arr_dt": "1462888890", "direction": "0", "travel_time_sec": "600", "benchmark_travel_time_sec": "600"}, {"dep_dt": "1462888535", "route_id": "Red", "arr_dt": "1462889097", "direction": "0", "travel_time_sec": "562", "benchmark_travel_time_sec": "600"}, {"dep_dt": "1462888865", "route_id": "Red", "arr_dt": "1462889427", "direction": "0", "travel_time_sec": "562", "benchmark_travel_time_sec": "600"}, {"dep_dt": "1462889121", "route_id": "Red", "arr_dt": "1462889724", "direction": "0", "travel_time_sec": "603", "benchmark_travel_time_sec": "600"}, {"dep_dt": "1462889283", "route_id": "Red", "arr_dt": "1462889915", "direction": "0", "travel_time_sec": "632", "benchmark_travel_time_sec": "600"}, {"dep_dt": "1462889627", "route_id": "Red", "arr_dt": "1462890206", "direction": "0", "travel_time_sec": "579", "benchmark_travel_time_sec": "600"}, {"dep_dt": "1462889778", "route_id": "Red", "arr_dt": "1462890397", "direction": "0", "travel_time_sec": "619", "benchmark_travel_time_sec": "600"}, {"dep_dt": "1462889992", "route_id": "Red", "arr_dt": "1462890576", "direction": "0", "travel_time_sec": "584", "benchmark_travel_time_sec": "600"}, {"dep_dt": "1462890152", "route_id": "Red", "arr_dt": "1462890751", "direction": "0", "travel_time_sec": "599", "benchmark_travel_time_sec": "600"}, {"dep_dt": "1462890450", "route_id": "Red", "arr_dt": "1462890994", "direction": "0", "travel_time_sec": "544", "benchmark_travel_time_sec": "600"}, {"dep_dt": "1462890667", "route_id": "Red", "arr_dt": "1462891197", "direction": "0", "travel_time_sec": "530", "benchmark_travel_time_sec": "600"}, {"dep_dt": "1462891062", "route_id": "Red", "arr_dt": "1462891593", "direction": "0", "travel_time_sec": "531", "benchmark_travel_time_sec": "600"}, {"dep_dt": "1462891431", "route_id": "Red", "arr_dt": "1462891990", "direction": "0", "travel_time_sec": "559", "benchmark_travel_time_sec": "600"}, {"dep_dt": "1462891762", "route_id": "Red", "arr_dt": "1462892346", "direction": "0", "travel_time_sec": "584", "benchmark_travel_time_sec": "600"}, {"dep_dt": "1462892316", "route_id": "Red", "arr_dt": "1462892918", "direction": "0", "travel_time_sec": "602", "benchmark_travel_time_sec": "600"}, {"dep_dt": "1462892549", "route_id": "Red", "arr_dt": "1462893147", "direction": "0", "travel_time_sec": "598", "benchmark_travel_time_sec": "600"}, {"dep_dt": "1462893060", "route_id": "Red", "arr_dt": "1462893691", "direction": "0", "travel_time_sec": "631", "benchmark_travel_time_sec": "600"}, {"dep_dt": "1462893493", "route_id": "Red", "arr_dt": "1462894059", "direction": "0", "travel_time_sec": "566", "benchmark_travel_time_sec": "600"}, {"dep_dt": "1462893755", "route_id": "Red", "arr_dt": "1462894325", "direction": "0", "travel_time_sec": "570", "benchmark_travel_time_sec": "600"}, {"dep_dt": "1462893952", "route_id": "Red", "arr_dt": "1462894548", "direction": "0", "travel_time_sec": "596", "benchmark_travel_time_sec": "600"}, {"dep_dt": "1462894275", "route_id": "Red", "arr_dt": "1462894905", "direction": "0", "travel_time_sec": "630", "benchmark_travel_time_sec": "600"}, {"dep_dt": "1462894841", "route_id": "Red", "arr_dt": "1462895516", "direction": "0", "travel_time_sec": "675", "benchmark_travel_time_sec": "600"}, {"dep_dt": "1462895108", "route_id": "Red", "arr_dt": "1462895695", "direction": "0", "travel_time_sec": "587", "benchmark_travel_time_sec": "600"}, {"dep_dt": "1462895642", "route_id": "Red", "arr_dt": "1462896201", "direction": "0", "travel_time_sec": "559", "benchmark_travel_time_sec": "600"}, {"dep_dt": "1462896078", "route_id": "Red", "arr_dt": "1462896697", "direction": "0", "travel_time_sec": "619", "benchmark_travel_time_sec": "600"}, {"dep_dt": "1462896596", "route_id": "Red", "arr_dt": "1462897230", "direction": "0", "travel_time_sec": "634", "benchmark_travel_time_sec": "600"}, {"dep_dt": "1462896760", "route_id": "Red", "arr_dt": "1462897440", "direction": "0", "travel_time_sec": "680", "benchmark_travel_time_sec": "600"}, {"dep_dt": "1462897080", "route_id": "Red", "arr_dt": "1462897646", "direction": "0", "travel_time_sec": "566", "benchmark_travel_time_sec": "600"}, {"dep_dt": "1462897510", "route_id": "Red", "arr_dt": "1462898083", "direction": "0", "travel_time_sec": "573", "benchmark_travel_time_sec": "600"}, {"dep_dt": "1462898007", "route_id": "Red", "arr_dt": "1462898572", "direction": "0", "travel_time_sec": "565", "benchmark_travel_time_sec": "600"}, {"dep_dt": "1462898422", "route_id": "Red", "arr_dt": "1462898967", "direction": "0", "travel_time_sec": "545", "benchmark_travel_time_sec": "600"}, {"dep_dt": "1462898895", "route_id": "Red", "arr_dt": "1462899532", "direction": "0", "travel_time_sec": "637", "benchmark_travel_time_sec": "600"}, {"dep_dt": "1462899268", "route_id": "Red", "arr_dt": "1462899838", "direction": "0", "travel_time_sec": "570", "benchmark_travel_time_sec": "600"}, {"dep_dt": "1462899773", "route_id": "Red", "arr_dt": "1462900332", "direction": "0", "travel_time_sec": "559", "benchmark_travel_time_sec": "600"}, {"dep_dt": "1462900072", "route_id": "Red", "arr_dt": "1462900659", "direction": "0", "travel_time_sec": "587", "benchmark_travel_time_sec": "600"}, {"dep_dt": "1462900410", "route_id": "Red", "arr_dt": "1462901071", "direction": "0", "travel_time_sec": "661", "benchmark_travel_time_sec": "600"}, {"dep_dt": "1462900798", "route_id": "Red", "arr_dt": "1462901375", "direction": "0", "travel_time_sec": "577", "benchmark_travel_time_sec": "600"}, {"dep_dt": "1462901234", "route_id": "Red", "arr_dt": "1462901793", "direction": "0", "travel_time_sec": "559", "benchmark_travel_time_sec": "600"}, {"dep_dt": "1462901656", "route_id": "Red", "arr_dt": "1462902221", "direction": "0", "travel_time_sec": "565", "benchmark_travel_time_sec": "600"}, {"dep_dt": "1462902083", "route_id": "Red", "arr_dt": "1462902661", "direction": "0", "travel_time_sec": "578", "benchmark_travel_time_sec": "600"}, {"dep_dt": "1462902548", "route_id": "Red", "arr_dt": "1462903109", "direction": "0", "travel_time_sec": "561", "benchmark_travel_time_sec": "600"}, {"dep_dt": "1462903124", "route_id": "Red", "arr_dt": "1462903673", "direction": "0", "travel_time_sec": "549", "benchmark_travel_time_sec": "600"}, {"dep_dt": "1462903385", "route_id": "Red", "arr_dt": "1462903980", "direction": "0", "travel_time_sec": "595", "benchmark_travel_time_sec": "600"}, {"dep_dt": "1462903840", "route_id": "Red", "arr_dt": "1462904438", "direction": "0", "travel_time_sec": "598", "benchmark_travel_time_sec": "600"}, {"dep_dt": "1462904239", "route_id": "Red", "arr_dt": "1462904772", "direction": "0", "travel_time_sec": "533", "benchmark_travel_time_sec": "600"}, {"dep_dt": "1462904596", "route_id": "Red", "arr_dt": "1462905244", "direction": "0", "travel_time_sec": "648", "benchmark_travel_time_sec": "600"}, {"dep_dt": "1462905167", "route_id": "Red", "arr_dt": "1462905764", "direction": "0", "travel_time_sec": "597", "benchmark_travel_time_sec": "600"}, {"dep_dt": "1462905368", "route_id": "Red", "arr_dt": "1462905960", "direction": "0", "travel_time_sec": "592", "benchmark_travel_time_sec": "600"}, {"dep_dt": "1462905891", "route_id": "Red", "arr_dt": "1462906490", "direction": "0", "travel_time_sec": "599", "benchmark_travel_time_sec": "600"}, {"dep_dt": "1462906360", "route_id": "Red", "arr_dt": "1462906950", "direction": "0", "travel_time_sec": "590", "benchmark_travel_time_sec": "600"}, {"dep_dt": "1462906659", "route_id": "Red", "arr_dt": "1462907218", "direction": "0", "travel_time_sec": "559", "benchmark_travel_time_sec": "600"}, {"dep_dt": "1462907237", "route_id": "Red", "arr_dt": "1462907864", "direction": "0", "travel_time_sec": "627", "benchmark_travel_time_sec": "600"}, {"dep_dt": "1462907543", "route_id": "Red", "arr_dt": "1462908111", "direction": "0", "travel_time_sec": "568", "benchmark_travel_time_sec": "600"}, {"dep_dt": "1462907811", "route_id": "Red", "arr_dt": "1462908362", "direction": "0", "travel_time_sec": "551", "benchmark_travel_time_sec": "600"}, {"dep_dt": "1462908132", "route_id": "Red", "arr_dt": "1462908726", "direction": "0", "travel_time_sec": "594", "benchmark_travel_time_sec": "600"}, {"dep_dt": "1462908491", "route_id": "Red", "arr_dt": "1462909100", "direction": "0", "travel_time_sec": "609", "benchmark_travel_time_sec": "600"}, {"dep_dt": "1462909004", "route_id": "Red", "arr_dt": "1462909628", "direction": "0", "travel_time_sec": "624", "benchmark_travel_time_sec": "600"}, {"dep_dt": "1462909330", "route_id": "Red", "arr_dt": "1462909911", "direction": "0", "travel_time_sec": "581", "benchmark_travel_time_sec": "600"}, {"dep_dt": "1462909782", "route_id": "Red", "arr_dt": "1462910382", "direction": "0", "travel_time_sec": "600", "benchmark_travel_time_sec": "600"}, {"dep_dt": "1462910007", "route_id": "Red", "arr_dt": "1462910587", "direction": "0", "travel_time_sec": "580", "benchmark_travel_time_sec": "700"}, {"dep_dt": "1462910298", "route_id": "Red", "arr_dt": "1462910912", "direction": "0", "travel_time_sec": "614", "benchmark_travel_time_sec": "700"}, {"dep_dt": "1462910654", "route_id": "Red", "arr_dt": "1462911183", "direction": "0", "travel_time_sec": "529", "benchmark_travel_time_sec": "700"}, {"dep_dt": "1462911041", "route_id": "Red", "arr_dt": "1462911665", "direction": "0", "travel_time_sec": "624", "benchmark_travel_time_sec": "700"}, {"dep_dt": "1462911363", "route_id": "Red", "arr_dt": "1462911980", "direction": "0", "travel_time_sec": "617", "benchmark_travel_time_sec": "700"}, {"dep_dt": "1462911796", "route_id": "Red", "arr_dt": "1462912433", "direction": "0", "travel_time_sec": "637", "benchmark_travel_time_sec": "720"}, {"dep_dt": "1462912046", "route_id": "Red", "arr_dt": "1462912661", "direction": "0", "travel_time_sec": "615", "benchmark_travel_time_sec": "720"}, {"dep_dt": "1462912241", "route_id": "Red", "arr_dt": "1462912948", "direction": "0", "travel_time_sec": "707", "benchmark_travel_time_sec": "720"}, {"dep_dt": "1462912454", "route_id": "Red", "arr_dt": "1462913131", "direction": "0", "travel_time_sec": "677", "benchmark_travel_time_sec": "720"}, {"dep_dt": "1462912602", "route_id": "Red", "arr_dt": "1462913318", "direction": "0", "travel_time_sec": "716", "benchmark_travel_time_sec": "720"}, {"dep_dt": "1462912951", "route_id": "Red", "arr_dt": "1462913638", "direction": "0", "travel_time_sec": "687", "benchmark_travel_time_sec": "720"}, {"dep_dt": "1462913140", "route_id": "Red", "arr_dt": "1462913867", "direction": "0", "travel_time_sec": "727", "benchmark_travel_time_sec": "720"}, {"dep_dt": "1462913301", "route_id": "Red", "arr_dt": "1462914098", "direction": "0", "travel_time_sec": "797", "benchmark_travel_time_sec": "720"}, {"dep_dt": "1462913595", "route_id": "Red", "arr_dt": "1462914310", "direction": "0", "travel_time_sec": "715", "benchmark_travel_time_sec": "720"}, {"dep_dt": "1462913746", "route_id": "Red", "arr_dt": "1462914502", "direction": "0", "travel_time_sec": "756", "benchmark_travel_time_sec": "720"}, {"dep_dt": "1462914025", "route_id": "Red", "arr_dt": "1462914708", "direction": "0", "travel_time_sec": "683", "benchmark_travel_time_sec": "720"}, {"dep_dt": "1462914193", "route_id": "Red", "arr_dt": "1462915000", "direction": "0", "travel_time_sec": "807", "benchmark_travel_time_sec": "720"}, {"dep_dt": "1462914494", "route_id": "Red", "arr_dt": "1462915216", "direction": "0", "travel_time_sec": "722", "benchmark_travel_time_sec": "720"}, {"dep_dt": "1462914723", "route_id": "Red", "arr_dt": "1462915433", "direction": "0", "travel_time_sec": "710", "benchmark_travel_time_sec": "720"}, {"dep_dt": "1462914930", "route_id": "Red", "arr_dt": "1462915686", "direction": "0", "travel_time_sec": "756", "benchmark_travel_time_sec": "720"}, {"dep_dt": "1462915134", "route_id": "Red", "arr_dt": "1462915913", "direction": "0", "travel_time_sec": "779", "benchmark_travel_time_sec": "720"}, {"dep_dt": "1462915419", "route_id": "Red", "arr_dt": "1462916115", "direction": "0", "travel_time_sec": "696", "benchmark_travel_time_sec": "720"}, {"dep_dt": "1462915587", "route_id": "Red", "arr_dt": "1462916360", "direction": "0", "travel_time_sec": "773", "benchmark_travel_time_sec": "720"}, {"dep_dt": "1462915757", "route_id": "Red", "arr_dt": "1462916647", "direction": "0", "travel_time_sec": "890", "benchmark_travel_time_sec": "720"}, {"dep_dt": "1462916148", "route_id": "Red", "arr_dt": "1462916835", "direction": "0", "travel_time_sec": "687", "benchmark_travel_time_sec": "720"}, {"dep_dt": "1462916603", "route_id": "Red", "arr_dt": "1462917216", "direction": "0", "travel_time_sec": "613", "benchmark_travel_time_sec": "720"}, {"dep_dt": "1462916948", "route_id": "Red", "arr_dt": "1462917528", "direction": "0", "travel_time_sec": "580", "benchmark_travel_time_sec": "720"}, {"dep_dt": "1462917116", "route_id": "Red", "arr_dt": "1462917725", "direction": "0", "travel_time_sec": "609", "benchmark_travel_time_sec": "668"}, {"dep_dt": "1462917375", "route_id": "Red", "arr_dt": "1462917954", "direction": "0", "travel_time_sec": "579", "benchmark_travel_time_sec": "668"}, {"dep_dt": "1462917515", "route_id": "Red", "arr_dt": "1462918115", "direction": "0", "travel_time_sec": "600", "benchmark_travel_time_sec": "668"}, {"dep_dt": "1462917853", "route_id": "Red", "arr_dt": "1462918418", "direction": "0", "travel_time_sec": "565", "benchmark_travel_time_sec": "668"}, {"dep_dt": "1462918028", "route_id": "Red", "arr_dt": "1462918629", "direction": "0", "travel_time_sec": "601", "benchmark_travel_time_sec": "668"}, {"dep_dt": "1462918241", "route_id": "Red", "arr_dt": "1462918953", "direction": "0", "travel_time_sec": "712", "benchmark_travel_time_sec": "668"}, {"dep_dt": "1462918529", "route_id": "Red", "arr_dt": "1462919345", "direction": "0", "travel_time_sec": "816", "benchmark_travel_time_sec": "668"}, {"dep_dt": "1462918745", "route_id": "Red", "arr_dt": "1462919544", "direction": "0", "travel_time_sec": "799", "benchmark_travel_time_sec": "660"}, {"dep_dt": "1462918907", "route_id": "Red", "arr_dt": "1462919740", "direction": "0", "travel_time_sec": "833", "benchmark_travel_time_sec": "660"}, {"dep_dt": "1462919311", "route_id": "Red", "arr_dt": "1462919966", "direction": "0", "travel_time_sec": "655", "benchmark_travel_time_sec": "660"}, {"dep_dt": "1462919526", "route_id": "Red", "arr_dt": "1462920148", "direction": "0", "travel_time_sec": "622", "benchmark_travel_time_sec": "660"}, {"dep_dt": "1462919817", "route_id": "Red", "arr_dt": "1462920367", "direction": "0", "travel_time_sec": "550", "benchmark_travel_time_sec": "660"}, {"dep_dt": "1462920012", "route_id": "Red", "arr_dt": "1462920563", "direction": "0", "travel_time_sec": "551", "benchmark_travel_time_sec": "660"}, {"dep_dt": "1462920415", "route_id": "Red", "arr_dt": "1462921058", "direction": "0", "travel_time_sec": "643", "benchmark_travel_time_sec": "660"}, {"dep_dt": "1462920572", "route_id": "Red", "arr_dt": "1462921287", "direction": "0", "travel_time_sec": "715", "benchmark_travel_time_sec": "660"}, {"dep_dt": "1462920755", "route_id": "Red", "arr_dt": "1462921457", "direction": "0", "travel_time_sec": "702", "benchmark_travel_time_sec": "660"}, {"dep_dt": "1462920970", "route_id": "Red", "arr_dt": "1462921636", "direction": "0", "travel_time_sec": "666", "benchmark_travel_time_sec": "660"}, {"dep_dt": "1462921210", "route_id": "Red", "arr_dt": "1462921832", "direction": "0", "travel_time_sec": "622", "benchmark_travel_time_sec": "660"}, {"dep_dt": "1462921370", "route_id": "Red", "arr_dt": "1462922009", "direction": "0", "travel_time_sec": "639", "benchmark_travel_time_sec": "660"}, {"dep_dt": "1462921707", "route_id": "Red", "arr_dt": "1462922299", "direction": "0", "travel_time_sec": "592", "benchmark_travel_time_sec": "660"}, {"dep_dt": "1462921887", "route_id": "Red", "arr_dt": "1462922488", "direction": "0", "travel_time_sec": "601", "benchmark_travel_time_sec": "660"}, {"dep_dt": "1462922241", "route_id": "Red", "arr_dt": "1462922804", "direction": "0", "travel_time_sec": "563", "benchmark_travel_time_sec": "660"}, {"dep_dt": "1462922447", "route_id": "Red", "arr_dt": "1462923036", "direction": "0", "travel_time_sec": "589", "benchmark_travel_time_sec": "660"}, {"dep_dt": "1462922673", "route_id": "Red", "arr_dt": "1462923254", "direction": "0", "travel_time_sec": "581", "benchmark_travel_time_sec": "660"}, {"dep_dt": "1462922971", "route_id": "Red", "arr_dt": "1462923528", "direction": "0", "travel_time_sec": "557", "benchmark_travel_time_sec": "660"}, {"dep_dt": "1462923334", "route_id": "Red", "arr_dt": "1462923915", "direction": "0", "travel_time_sec": "581", "benchmark_travel_time_sec": "660"}, {"dep_dt": "1462923492", "route_id": "Red", "arr_dt": "1462924091", "direction": "0", "travel_time_sec": "599", "benchmark_travel_time_sec": "660"}, {"dep_dt": "1462923784", "route_id": "Red", "arr_dt": "1462924487", "direction": "0", "travel_time_sec": "703", "benchmark_travel_time_sec": "660"}, {"dep_dt": "1462924390", "route_id": "Red", "arr_dt": "1462924986", "direction": "0", "travel_time_sec": "596", "benchmark_travel_time_sec": "550"}, {"dep_dt": "1462924601", "route_id": "Red", "arr_dt": "1462925188", "direction": "0", "travel_time_sec": "587", "benchmark_travel_time_sec": "550"}, {"dep_dt": "1462924777", "route_id": "Red", "arr_dt": "1462925377", "direction": "0", "travel_time_sec": "600", "benchmark_travel_time_sec": "550"}, {"dep_dt": "1462925098", "route_id": "Red", "arr_dt": "1462925649", "direction": "0", "travel_time_sec": "551", "benchmark_travel_time_sec": "550"}, {"dep_dt": "1462925313", "route_id": "Red", "arr_dt": "1462925870", "direction": "0", "travel_time_sec": "557", "benchmark_travel_time_sec": "550"}, {"dep_dt": "1462925831", "route_id": "Red", "arr_dt": "1462926371", "direction": "0", "travel_time_sec": "540", "benchmark_travel_time_sec": "550"}, {"dep_dt": "1462926011", "route_id": "Red", "arr_dt": "1462926560", "direction": "0", "travel_time_sec": "549", "benchmark_travel_time_sec": "550"}, {"dep_dt": "1462926416", "route_id": "Red", "arr_dt": "1462927020", "direction": "0", "travel_time_sec": "604", "benchmark_travel_time_sec": "540"}, {"dep_dt": "1462926808", "route_id": "Red", "arr_dt": "1462927409", "direction": "0", "travel_time_sec": "601", "benchmark_travel_time_sec": "540"}, {"dep_dt": "1462927007", "route_id": "Red", "arr_dt": "1462927588", "direction": "0", "travel_time_sec": "581", "benchmark_travel_time_sec": "540"}, {"dep_dt": "1462927348", "route_id": "Red", "arr_dt": "1462927953", "direction": "0", "travel_time_sec": "605", "benchmark_travel_time_sec": "540"}, {"dep_dt": "1462927609", "route_id": "Red", "arr_dt": "1462928152", "direction": "0", "travel_time_sec": "543", "benchmark_travel_time_sec": "540"}, {"dep_dt": "1462928071", "route_id": "Red", "arr_dt": "1462928620", "direction": "0", "travel_time_sec": "549", "benchmark_travel_time_sec": "540"}, {"dep_dt": "1462928371", "route_id": "Red", "arr_dt": "1462928968", "direction": "0", "travel_time_sec": "597", "benchmark_travel_time_sec": "540"}, {"dep_dt": "1462929138", "route_id": "Red", "arr_dt": "1462929681", "direction": "0", "travel_time_sec": "543", "benchmark_travel_time_sec": "540"}, {"dep_dt": "1462929522", "route_id": "Red", "arr_dt": "1462930080", "direction": "0", "travel_time_sec": "558", "benchmark_travel_time_sec": "540"}, {"dep_dt": "1462929985", "route_id": "Red", "arr_dt": "1462930574", "direction": "0", "travel_time_sec": "589", "benchmark_travel_time_sec": "540"}, {"dep_dt": "1462930260", "route_id": "Red", "arr_dt": "1462931001", "direction": "0", "travel_time_sec": "741", "threshold_flag_1": "threshold_id_04", "benchmark_travel_time_sec": "540"}, {"dep_dt": "1462930410", "route_id": "Red", "arr_dt": "1462931200", "direction": "0", "travel_time_sec": "790", "threshold_flag_1": "threshold_id_04", "benchmark_travel_time_sec": "540"}, {"dep_dt": "1462930953", "route_id": "Red", "arr_dt": "1462931488", "direction": "0", "travel_time_sec": "535", "benchmark_travel_time_sec": "540"}, {"dep_dt": "1462931104", "route_id": "Red", "arr_dt": "1462931675", "direction": "0", "travel_time_sec": "571", "benchmark_travel_time_sec": "540"}, {"dep_dt": "1462931426", "route_id": "Red", "arr_dt": "1462932053", "direction": "0", "travel_time_sec": "627", "benchmark_travel_time_sec": "540"}, {"dep_dt": "1462931854", "route_id": "Red", "arr_dt": "1462932424", "direction": "0", "travel_time_sec": "570", "benchmark_travel_time_sec": "540"}, {"dep_dt": "1462932248", "route_id": "Red", "arr_dt": "1462932807", "direction": "0", "travel_time_sec": "559", "benchmark_travel_time_sec": "540"}, {"dep_dt": "1462932570", "route_id": "Red", "arr_dt": "1462933116", "direction": "0", "travel_time_sec": "546", "benchmark_travel_time_sec": "540"}, {"dep_dt": "1462933002", "route_id": "Red", "arr_dt": "1462933587", "direction": "0", "travel_time_sec": "585", "benchmark_travel_time_sec": "540"}, {"dep_dt": "1462933325", "route_id": "Red", "arr_dt": "1462933881", "direction": "0", "travel_time_sec": "556", "benchmark_travel_time_sec": "540"}, {"dep_dt": "1462933601", "route_id": "Red", "arr_dt": "1462934167", "direction": "0", "travel_time_sec": "566", "benchmark_travel_time_sec": "540"}, {"dep_dt": "1462933994", "route_id": "Red", "arr_dt": "1462934530", "direction": "0", "travel_time_sec": "536", "benchmark_travel_time_sec": "540"}, {"dep_dt": "1462934436", "route_id": "Red", "arr_dt": "1462935074", "direction": "0", "travel_time_sec": "638", "benchmark_travel_time_sec": "540"}, {"dep_dt": "1462935195", "route_id": "Red", "arr_dt": "1462935816", "direction": "0", "travel_time_sec": "621", "benchmark_travel_time_sec": "540"}, {"dep_dt": "1462935472", "route_id": "Red", "arr_dt": "1462936098", "direction": "0", "travel_time_sec": "626", "benchmark_travel_time_sec": "540"}, {"dep_dt": "1462935886", "route_id": "Red", "arr_dt": "1462936425", "direction": "0", "travel_time_sec": "539", "benchmark_travel_time_sec": "540"}, {"dep_dt": "1462936134", "route_id": "Red", "arr_dt": "1462936699", "direction": "0", "travel_time_sec": "565", "benchmark_travel_time_sec": "540"}, {"dep_dt": "1462936290", "route_id": "Red", "arr_dt": "1462937119", "direction": "0", "travel_time_sec": "829", "threshold_flag_1": "threshold_id_04", "benchmark_travel_time_sec": "540"}, {"dep_dt": "1462936811", "route_id": "Red", "arr_dt": "1462937371", "direction": "0", "travel_time_sec": "560", "benchmark_travel_time_sec": "540"}, {"dep_dt": "1462936949", "route_id": "Red", "arr_dt": "1462937542", "direction": "0", "travel_time_sec": "593", "benchmark_travel_time_sec": "540"}, {"dep_dt": "1462937549", "route_id": "Red", "arr_dt": "1462938097", "direction": "0", "travel_time_sec": "548", "benchmark_travel_time_sec": "540"}, {"dep_dt": "1462937711", "route_id": "Red", "arr_dt": "1462938279", "direction": "0", "travel_time_sec": "568", "benchmark_travel_time_sec": "540"}, {"dep_dt": "1462938328", "route_id": "Red", "arr_dt": "1462938863", "direction": "0", "travel_time_sec": "535", "benchmark_travel_time_sec": "540"}]}