{"travel_times": [{"dep_dt": "1455857747", "route_id": "Red", "arr_dt": "1455858305", "direction": "0", "travel_time_sec": "558", "benchmark_travel_time_sec": "540"}, {"dep_dt": "1455858231", "route_id": "Red", "arr_dt": "1455858816", "direction": "0", "travel_time_sec": "585", "benchmark_travel_time_sec": "540"}, {"dep_dt": "1455858679", "route_id": "Red", "arr_dt": "1455859222", "direction": "0", "travel_time_sec": "543", "benchmark_travel_time_sec": "540"}, {"dep_dt": "1455858977", "route_id": "Red", "arr_dt": "1455859513", "direction": "0", "travel_time_sec": "536", "benchmark_travel_time_sec": "540"}, {"dep_dt": "1455859476", "route_id": "Red", "arr_dt": "1455860254", "direction": "0", "travel_time_sec": "778", "threshold_flag_1": "threshold_id_04", "benchmark_travel_time_sec": "540"}, {"dep_dt": "1455860025", "route_id": "Red", "arr_dt": "1455860598", "direction": "0", "travel_time_sec": "573", "benchmark_travel_time_sec": "540"}, {"dep_dt": "1455877475", "route_id": "Red", "arr_dt": "1455878025", "direction": "0", "travel_time_sec": "550", "benchmark_travel_time_sec": "540"}, {"dep_dt": "1455878234", "route_id": "Red", "arr_dt": "1455878801", "direction": "0", "travel_time_sec": "567", "benchmark_travel_time_sec": "540"}, {"dep_dt": "1455878388", "route_id": "Red", "arr_dt": "1455878982", "direction": "0", "travel_time_sec": "594", "benchmark_travel_time_sec": "540"}, {"dep_dt": "1455878844", "route_id": "Red", "arr_dt": "1455879385", "direction": "0", "travel_time_sec": "541", "benchmark_travel_time_sec": "540"}, {"dep_dt": "1455879306", "route_id": "Red", "arr_dt": "1455879844", "direction": "0", "travel_time_sec": "538", "benchmark_travel_time_sec": "540"}, {"dep_dt": "1455879816", "route_id": "Red", "arr_dt": "1455880337", "direction": "0", "travel_time_sec": "521", "benchmark_travel_time_sec": "540"}, {"dep_dt": "1455880356", "route_id": "Red", "arr_dt": "1455880906", "direction": "0", "travel_time_sec": "550", "benchmark_travel_time_sec": "540"}, {"dep_dt": "1455880756", "route_id": "Red", "arr_dt": "1455881326", "direction": "0", "travel_time_sec": "570", "benchmark_travel_time_sec": "540"}, {"dep_dt": "1455881279", "route_id": "Red", "arr_dt": "1455881894", "direction": "0", "travel_time_sec": "615", "benchmark_travel_time_sec": "540"}, {"dep_dt": "1455881429", "route_id": "Red", "arr_dt": "1455882075", "direction": "0", "travel_time_sec": "646", "benchmark_travel_time_sec": "540"}, {"dep_dt": "1455881735", "route_id": "Red", "arr_dt": "1455882284", "direction": "0", "travel_time_sec": "549", "benchmark_travel_time_sec": "540"}, {"dep_dt": "1455881898", "route_id": "Red", "arr_dt": "1455882455", "direction": "0", "travel_time_sec": "557", "benchmark_travel_time_sec": "540"}, {"dep_dt": "1455882440", "route_id": "Red", "arr_dt": "1455883050", "direction": "0", "travel_time_sec": "610", "benchmark_travel_time_sec": "540"}, {"dep_dt": "1455882702", "route_id": "Red", "arr_dt": "1455883431", "direction": "0", "travel_time_sec": "729", "benchmark_travel_time_sec": "651"}, {"dep_dt": "1455882972", "route_id": "Red", "arr_dt": "1455883607", "direction": "0", "travel_time_sec": "635", "benchmark_travel_time_sec": "651"}, {"dep_dt": "1455883511", "route_id": "Red", "arr_dt": "1455884137", "direction": "0", "travel_time_sec": "626", "benchmark_travel_time_sec": "651"}, {"dep_dt": "1455883645", "route_id": "Red", "arr_dt": "1455884307", "direction": "0", "travel_time_sec": "662", "benchmark_travel_time_sec": "651"}, {"dep_dt": "1455883876", "route_id": "Red", "arr_dt": "1455884484", "direction": "0", "travel_time_sec": "608", "benchmark_travel_time_sec": "651"}, {"dep_dt": "1455884115", "route_id": "Red", "arr_dt": "1455884682", "direction": "0", "travel_time_sec": "567", "benchmark_travel_time_sec": "651"}, {"dep_dt": "1455884540", "route_id": "Red", "arr_dt": "1455885132", "direction": "0", "travel_time_sec": "592", "benchmark_travel_time_sec": "660"}, {"dep_dt": "1455884716", "route_id": "Red", "arr_dt": "1455885352", "direction": "0", "travel_time_sec": "636", "benchmark_travel_time_sec": "660"}, {"dep_dt": "1455884997", "route_id": "Red", "arr_dt": "1455885595", "direction": "0", "travel_time_sec": "598", "benchmark_travel_time_sec": "660"}, {"dep_dt": "1455885163", "route_id": "Red", "arr_dt": "1455885771", "direction": "0", "travel_time_sec": "608", "benchmark_travel_time_sec": "660"}, {"dep_dt": "1455885381", "route_id": "Red", "arr_dt": "1455885978", "direction": "0", "travel_time_sec": "597", "benchmark_travel_time_sec": "660"}, {"dep_dt": "1455885533", "route_id": "Red", "arr_dt": "1455886169", "direction": "0", "travel_time_sec": "636", "benchmark_travel_time_sec": "660"}, {"dep_dt": "1455885815", "route_id": "Red", "arr_dt": "1455886420", "direction": "0", "travel_time_sec": "605", "benchmark_travel_time_sec": "660"}, {"dep_dt": "1455885979", "route_id": "Red", "arr_dt": "1455886603", "direction": "0", "travel_time_sec": "624", "benchmark_travel_time_sec": "660"}, {"dep_dt": "1455886435", "route_id": "Red", "arr_dt": "1455887066", "direction": "0", "travel_time_sec": "631", "benchmark_travel_time_sec": "660"}, {"dep_dt": "1455886964", "route_id": "Red", "arr_dt": "1455887677", "direction": "0", "travel_time_sec": "713", "benchmark_travel_time_sec": "660"}, {"dep_dt": "1455887127", "route_id": "Red", "arr_dt": "1455887919", "direction": "0", "travel_time_sec": "792", "benchmark_travel_time_sec": "660"}, {"dep_dt": "1455887263", "route_id": "Red", "arr_dt": "1455888160", "direction": "0", "travel_time_sec": "897", "threshold_flag_1": "threshold_id_04", "benchmark_travel_time_sec": "660"}, {"dep_dt": "1455887425", "route_id": "Red", "arr_dt": "1455888336", "direction": "0", "travel_time_sec": "911", "threshold_flag_1": "threshold_id_04", "benchmark_travel_time_sec": "660"}, {"dep_dt": "1455887876", "route_id": "Red", "arr_dt": "1455888650", "direction": "0", "travel_time_sec": "774", "benchmark_travel_time_sec": "660"}, {"dep_dt": "1455888056", "route_id": "Red", "arr_dt": "1455889081", "direction": "0", "threshold_flag_2": "threshold_id_05", "travel_time_sec": "1025", "threshold_flag_1": "threshold_id_04", "benchmark_travel_time_sec": "660"}, {"dep_dt": "1455888216", "route_id": "Red", "arr_dt": "1455889290", "direction": "0", "threshold_flag_2": "threshold_id_05", "travel_time_sec": "1074", "threshold_flag_1": "threshold_id_04", "benchmark_travel_time_sec": "660"}, {"dep_dt": "1455888477", "route_id": "Red", "arr_dt": "1455889504", "direction": "0", "threshold_flag_2": "threshold_id_05", "travel_time_sec": "1027", "threshold_flag_1": "threshold_id_04", "benchmark_travel_time_sec": "660"}, {"dep_dt": "1455888644", "route_id": "Red", "arr_dt": "1455889725", "direction": "0", "threshold_flag_2": "threshold_id_05", "travel_time_sec": "1081", "threshold_flag_1": "threshold_id_04", "benchmark_travel_time_sec": "660"}, {"dep_dt": "1455889043", "route_id": "Red", "arr_dt": "1455889939", "direction": "0", "travel_time_sec": "896", "threshold_flag_1": "threshold_id_04", "benchmark_travel_time_sec": "660"}, {"dep_dt": "1455889228", "route_id": "Red", "arr_dt": "1455890140", "direction": "0", "travel_time_sec": "912", "threshold_flag_1": "threshold_id_04", "benchmark_travel_time_sec": "660"}, {"dep_dt": "1455889378", "route_id": "Red", "arr_dt": "1455890319", "direction": "0", "travel_time_sec": "941", "threshold_flag_1": "threshold_id_04", "benchmark_travel_time_sec": "660"}, {"dep_dt": "1455889546", "route_id": "Red", "arr_dt": "1455890492", "direction": "0", "travel_time_sec": "946", "threshold_flag_1": "threshold_id_04", "benchmark_travel_time_sec": "660"}, {"dep_dt": "1455889883", "route_id": "Red", "arr_dt": "1455890679", "direction": "0", "travel_time_sec": "796", "benchmark_travel_time_sec": "660"}, {"dep_dt": "1455890146", "route_id": "Red", "arr_dt": "1455890874", "direction": "0", "travel_time_sec": "728", "benchmark_travel_time_sec": "660"}, {"dep_dt": "1455890393", "route_id": "Red", "arr_dt": "1455891059", "direction": "0", "travel_time_sec": "666", "benchmark_travel_time_sec": "660"}, {"dep_dt": "1455890546", "route_id": "Red", "arr_dt": "1455891241", "direction": "0", "travel_time_sec": "695", "benchmark_travel_time_sec": "660"}, {"dep_dt": "1455890805", "route_id": "Red", "arr_dt": "1455891418", "direction": "0", "travel_time_sec": "613", "benchmark_travel_time_sec": "660"}, {"dep_dt": "1455891007", "route_id": "Red", "arr_dt": "1455891623", "direction": "0", "travel_time_sec": "616", "benchmark_travel_time_sec": "660"}, {"dep_dt": "1455891308", "route_id": "Red", "arr_dt": "1455891911", "direction": "0", "travel_time_sec": "603", "benchmark_travel_time_sec": "660"}, {"dep_dt": "1455891626", "route_id": "Red", "arr_dt": "1455892189", "direction": "0", "travel_time_sec": "563", "benchmark_travel_time_sec": "660"}, {"dep_dt": "1455891969", "route_id": "Red", "arr_dt": "1455892537", "direction": "0", "travel_time_sec": "568", "benchmark_travel_time_sec": "615"}, {"dep_dt": "1455892134", "route_id": "Red", "arr_dt": "1455892713", "direction": "0", "travel_time_sec": "579", "benchmark_travel_time_sec": "615"}, {"dep_dt": "1455892376", "route_id": "Red", "arr_dt": "1455892937", "direction": "0", "travel_time_sec": "561", "benchmark_travel_time_sec": "615"}, {"dep_dt": "1455892572", "route_id": "Red", "arr_dt": "1455893155", "direction": "0", "travel_time_sec": "583", "benchmark_travel_time_sec": "615"}, {"dep_dt": "1455892807", "route_id": "Red", "arr_dt": "1455893430", "direction": "0", "travel_time_sec": "623", "benchmark_travel_time_sec": "615"}, {"dep_dt": "1455892968", "route_id": "Red", "arr_dt": "1455893605", "direction": "0", "travel_time_sec": "637", "benchmark_travel_time_sec": "615"}, {"dep_dt": "1455893175", "route_id": "Red", "arr_dt": "1455893802", "direction": "0", "travel_time_sec": "627", "benchmark_travel_time_sec": "615"}, {"dep_dt": "1455893398", "route_id": "Red", "arr_dt": "1455894033", "direction": "0", "travel_time_sec": "635", "benchmark_travel_time_sec": "600"}, {"dep_dt": "1455893766", "route_id": "Red", "arr_dt": "1455894328", "direction": "0", "travel_time_sec": "562", "benchmark_travel_time_sec": "600"}, {"dep_dt": "1455894007", "route_id": "Red", "arr_dt": "1455894654", "direction": "0", "travel_time_sec": "647", "benchmark_travel_time_sec": "600"}, {"dep_dt": "1455894744", "route_id": "Red", "arr_dt": "1455895400", "direction": "0", "travel_time_sec": "656", "benchmark_travel_time_sec": "600"}, {"dep_dt": "1455894913", "route_id": "Red", "arr_dt": "1455895617", "direction": "0", "travel_time_sec": "704", "benchmark_travel_time_sec": "600"}, {"dep_dt": "1455895086", "route_id": "Red", "arr_dt": "1455895811", "direction": "0", "travel_time_sec": "725", "benchmark_travel_time_sec": "600"}, {"dep_dt": "1455895313", "route_id": "Red", "arr_dt": "1455895973", "direction": "0", "travel_time_sec": "660", "benchmark_travel_time_sec": "600"}, {"dep_dt": "1455895472", "route_id": "Red", "arr_dt": "1455896177", "direction": "0", "travel_time_sec": "705", "benchmark_travel_time_sec": "600"}, {"dep_dt": "1455895753", "route_id": "Red", "arr_dt": "1455896345", "direction": "0", "travel_time_sec": "592", "benchmark_travel_time_sec": "600"}, {"dep_dt": "1455895899", "route_id": "Red", "arr_dt": "1455896512", "direction": "0", "travel_time_sec": "613", "benchmark_travel_time_sec": "600"}, {"dep_dt": "1455896180", "route_id": "Red", "arr_dt": "1455896751", "direction": "0", "travel_time_sec": "571", "benchmark_travel_time_sec": "600"}, {"dep_dt": "1455896504", "route_id": "Red", "arr_dt": "1455897111", "direction": "0", "travel_time_sec": "607", "benchmark_travel_time_sec": "600"}, {"dep_dt": "1455896707", "route_id": "Red", "arr_dt": "1455897289", "direction": "0", "travel_time_sec": "582", "benchmark_travel_time_sec": "600"}, {"dep_dt": "1455896979", "route_id": "Red", "arr_dt": "1455897558", "direction": "0", "travel_time_sec": "579", "benchmark_travel_time_sec": "600"}, {"dep_dt": "1455897330", "route_id": "Red", "arr_dt": "1455897893", "direction": "0", "travel_time_sec": "563", "benchmark_travel_time_sec": "600"}, {"dep_dt": "1455897496", "route_id": "Red", "arr_dt": "1455898067", "direction": "0", "travel_time_sec": "571", "benchmark_travel_time_sec": "600"}, {"dep_dt": "1455897651", "route_id": "Red", "arr_dt": "1455898231", "direction": "0", "travel_time_sec": "580", "benchmark_travel_time_sec": "600"}, {"dep_dt": "1455898832", "route_id": "Red", "arr_dt": "1455899428", "direction": "0", "travel_time_sec": "596", "benchmark_travel_time_sec": "600"}, {"dep_dt": "1455899417", "route_id": "Red", "arr_dt": "1455899992", "direction": "0", "travel_time_sec": "575", "benchmark_travel_time_sec": "600"}, {"dep_dt": "1455899586", "route_id": "Red", "arr_dt": "1455900183", "direction": "0", "travel_time_sec": "597", "benchmark_travel_time_sec": "600"}, {"dep_dt": "1455899754", "route_id": "Red", "arr_dt": "1455900350", "direction": "0", "travel_time_sec": "596", "benchmark_travel_time_sec": "600"}, {"dep_dt": "1455900424", "route_id": "Red", "arr_dt": "1455900983", "direction": "0", "travel_time_sec": "559", "benchmark_travel_time_sec": "600"}, {"dep_dt": "1455900585", "route_id": "Red", "arr_dt": "1455901154", "direction": "0", "travel_time_sec": "569", "benchmark_travel_time_sec": "600"}, {"dep_dt": "1455901244", "route_id": "Red", "arr_dt": "1455901843", "direction": "0", "travel_time_sec": "599", "benchmark_travel_time_sec": "600"}, {"dep_dt": "1455901977", "route_id": "Red", "arr_dt": "1455902643", "direction": "0", "travel_time_sec": "666", "benchmark_travel_time_sec": "600"}, {"dep_dt": "1455902259", "route_id": "Red", "arr_dt": "1455902867", "direction": "0", "travel_time_sec": "608", "benchmark_travel_time_sec": "600"}, {"dep_dt": "1455902408", "route_id": "Red", "arr_dt": "1455903074", "direction": "0", "travel_time_sec": "666", "benchmark_travel_time_sec": "600"}, {"dep_dt": "1455902906", "route_id": "Red", "arr_dt": "1455903496", "direction": "0", "travel_time_sec": "590", "benchmark_travel_time_sec": "600"}, {"dep_dt": "1455903347", "route_id": "Red", "arr_dt": "1455903969", "direction": "0", "travel_time_sec": "622", "benchmark_travel_time_sec": "600"}, {"dep_dt": "1455903520", "route_id": "Red", "arr_dt": "1455904148", "direction": "0", "travel_time_sec": "628", "benchmark_travel_time_sec": "600"}, {"dep_dt": "1455904076", "route_id": "Red", "arr_dt": "1455904738", "direction": "0", "travel_time_sec": "662", "benchmark_travel_time_sec": "600"}, {"dep_dt": "1455904849", "route_id": "Red", "arr_dt": "1455905502", "direction": "0", "travel_time_sec": "653", "benchmark_travel_time_sec": "600"}, {"dep_dt": "1455905320", "route_id": "Red", "arr_dt": "1455905944", "direction": "0", "travel_time_sec": "624", "benchmark_travel_time_sec": "600"}, {"dep_dt": "1455905514", "route_id": "Red", "arr_dt": "1455906152", "direction": "0", "travel_time_sec": "638", "benchmark_travel_time_sec": "600"}, {"dep_dt": "1455906011", "route_id": "Red", "arr_dt": "1455906577", "direction": "0", "travel_time_sec": "566", "benchmark_travel_time_sec": "600"}, {"dep_dt": "1455906306", "route_id": "Red", "arr_dt": "1455906847", "direction": "0", "travel_time_sec": "541", "benchmark_travel_time_sec": "600"}, {"dep_dt": "1455906745", "route_id": "Red", "arr_dt": "1455907357", "direction": "0", "travel_time_sec": "612", "benchmark_travel_time_sec": "600"}, {"dep_dt": "1455906956", "route_id": "Red", "arr_dt": "1455907551", "direction": "0", "travel_time_sec": "595", "benchmark_travel_time_sec": "600"}, {"dep_dt": "1455907451", "route_id": "Red", "arr_dt": "1455908056", "direction": "0", "travel_time_sec": "605", "benchmark_travel_time_sec": "600"}, {"dep_dt": "1455907827", "route_id": "Red", "arr_dt": "1455908431", "direction": "0", "travel_time_sec": "604", "benchmark_travel_time_sec": "600"}, {"dep_dt": "1455908266", "route_id": "Red", "arr_dt": "1455908823", "direction": "0", "travel_time_sec": "557", "benchmark_travel_time_sec": "600"}, {"dep_dt": "1455908646", "route_id": "Red", "arr_dt": "1455909219", "direction": "0", "travel_time_sec": "573", "benchmark_travel_time_sec": "600"}, {"dep_dt": "1455909118", "route_id": "Red", "arr_dt": "1455909760", "direction": "0", "travel_time_sec": "642", "benchmark_travel_time_sec": "600"}, {"dep_dt": "1455909547", "route_id": "Red", "arr_dt": "1455910130", "direction": "0", "travel_time_sec": "583", "benchmark_travel_time_sec": "600"}, {"dep_dt": "1455910336", "route_id": "Red", "arr_dt": "1455910927", "direction": "0", "travel_time_sec": "591", "benchmark_travel_time_sec": "600"}, {"dep_dt": "1455910709", "route_id": "Red", "arr_dt": "1455911284", "direction": "0", "travel_time_sec": "575", "benchmark_travel_time_sec": "600"}, {"dep_dt": "1455911299", "route_id": "Red", "arr_dt": "1455911869", "direction": "0", "travel_time_sec": "570", "benchmark_travel_time_sec": "600"}, {"dep_dt": "1455911503", "route_id": "Red", "arr_dt": "1455912091", "direction": "0", "travel_time_sec": "588", "benchmark_travel_time_sec": "600"}, {"dep_dt": "1455912056", "route_id": "Red", "arr_dt": "1455912712", "direction": "0", "travel_time_sec": "656", "benchmark_travel_time_sec": "600"}, {"dep_dt": "1455912385", "route_id": "Red", "arr_dt": "1455912978", "direction": "0", "travel_time_sec": "593", "benchmark_travel_time_sec": "600"}, {"dep_dt": "1455912874", "route_id": "Red", "arr_dt": "1455913317", "direction": "0", "travel_time_sec": "443", "benchmark_travel_time_sec": "600"}, {"dep_dt": "1455913126", "route_id": "Red", "arr_dt": "1455913870", "direction": "0", "travel_time_sec": "744", "benchmark_travel_time_sec": "600"}, {"dep_dt": "1455913426", "route_id": "Red", "arr_dt": "1455914101", "direction": "0", "travel_time_sec": "675", "benchmark_travel_time_sec": "600"}, {"dep_dt": "1455913842", "route_id": "Red", "arr_dt": "1455914491", "direction": "0", "travel_time_sec": "649", "benchmark_travel_time_sec": "600"}, {"dep_dt": "1455914004", "route_id": "Red", "arr_dt": "1455914698", "direction": "0", "travel_time_sec": "694", "benchmark_travel_time_sec": "600"}, {"dep_dt": "1455914395", "route_id": "Red", "arr_dt": "1455915000", "direction": "0", "travel_time_sec": "605", "benchmark_travel_time_sec": "600"}, {"dep_dt": "1455914768", "route_id": "Red", "arr_dt": "1455915409", "direction": "0", "travel_time_sec": "641", "benchmark_travel_time_sec": "600"}, {"dep_dt": "1455915057", "route_id": "Red", "arr_dt": "1455915642", "direction": "0", "travel_time_sec": "585", "benchmark_travel_time_sec": "700"}, {"dep_dt": "1455915513", "route_id": "Red", "arr_dt": "1455916185", "direction": "0", "travel_time_sec": "672", "benchmark_travel_time_sec": "700"}, {"dep_dt": "1455915838", "route_id": "Red", "arr_dt": "1455916462", "direction": "0", "travel_time_sec": "624", "benchmark_travel_time_sec": "700"}, {"dep_dt": "1455916048", "route_id": "Red", "arr_dt": "1455916646", "direction": "0", "travel_time_sec": "598", "benchmark_travel_time_sec": "700"}, {"dep_dt": "1455916363", "route_id": "Red", "arr_dt": "1455916955", "direction": "0", "travel_time_sec": "592", "benchmark_travel_time_sec": "700"}, {"dep_dt": "1455916666", "route_id": "Red", "arr_dt": "1455917240", "direction": "0", "travel_time_sec": "574", "benchmark_travel_time_sec": "700"}, {"dep_dt": "1455916854", "route_id": "Red", "arr_dt": "1455917437", "direction": "0", "travel_time_sec": "583", "benchmark_travel_time_sec": "720"}, {"dep_dt": "1455917247", "route_id": "Red", "arr_dt": "1455917814", "direction": "0", "travel_time_sec": "567", "benchmark_travel_time_sec": "720"}, {"dep_dt": "1455917501", "route_id": "Red", "arr_dt": "1455918112", "direction": "0", "travel_time_sec": "611", "benchmark_travel_time_sec": "720"}, {"dep_dt": "1455917826", "route_id": "Red", "arr_dt": "1455918446", "direction": "0", "travel_time_sec": "620", "benchmark_travel_time_sec": "720"}, {"dep_dt": "1455917977", "route_id": "Red", "arr_dt": "1455918667", "direction": "0", "travel_time_sec": "690", "benchmark_travel_time_sec": "720"}, {"dep_dt": "1455918296", "route_id": "Red", "arr_dt": "1455918947", "direction": "0", "travel_time_sec": "651", "benchmark_travel_time_sec": "720"}, {"dep_dt": "1455918564", "route_id": "Red", "arr_dt": "1455919175", "direction": "0", "travel_time_sec": "611", "benchmark_travel_time_sec": "720"}, {"dep_dt": "1455918776", "route_id": "Red", "arr_dt": "1455919386", "direction": "0", "travel_time_sec": "610", "benchmark_travel_time_sec": "720"}, {"dep_dt": "1455919104", "route_id": "Red", "arr_dt": "1455919787", "direction": "0", "travel_time_sec": "683", "benchmark_travel_time_sec": "720"}, {"dep_dt": "1455919255", "route_id": "Red", "arr_dt": "1455920000", "direction": "0", "travel_time_sec": "745", "benchmark_travel_time_sec": "720"}, {"dep_dt": "1455919414", "route_id": "Red", "arr_dt": "1455920224", "direction": "0", "travel_time_sec": "810", "benchmark_travel_time_sec": "720"}, {"dep_dt": "1455919573", "route_id": "Red", "arr_dt": "1455920434", "direction": "0", "travel_time_sec": "861", "benchmark_travel_time_sec": "720"}, {"dep_dt": "1455919894", "route_id": "Red", "arr_dt": "1455920646", "direction": "0", "travel_time_sec": "752", "benchmark_travel_time_sec": "720"}, {"dep_dt": "1455920133", "route_id": "Red", "arr_dt": "1455920849", "direction": "0", "travel_time_sec": "716", "benchmark_travel_time_sec": "720"}, {"dep_dt": "1455920631", "route_id": "Red", "arr_dt": "1455921340", "direction": "0", "travel_time_sec": "709", "benchmark_travel_time_sec": "720"}, {"dep_dt": "1455921183", "route_id": "Red", "arr_dt": "1455921932", "direction": "0", "travel_time_sec": "749", "benchmark_travel_time_sec": "720"}, {"dep_dt": "1455921378", "route_id": "Red", "arr_dt": "1455922132", "direction": "0", "travel_time_sec": "754", "benchmark_travel_time_sec": "720"}, {"dep_dt": "1455921794", "route_id": "Red", "arr_dt": "1455922383", "direction": "0", "travel_time_sec": "589", "benchmark_travel_time_sec": "720"}, {"dep_dt": "1455921873", "route_id": "Red", "arr_dt": "1455922604", "direction": "0", "travel_time_sec": "731", "benchmark_travel_time_sec": "720"}, {"dep_dt": "1455922045", "route_id": "Red", "arr_dt": "1455922819", "direction": "0", "travel_time_sec": "774", "benchmark_travel_time_sec": "668"}, {"dep_dt": "1455922300", "route_id": "Red", "arr_dt": "1455923017", "direction": "0", "travel_time_sec": "717", "benchmark_travel_time_sec": "668"}, {"dep_dt": "1455922467", "route_id": "Red", "arr_dt": "1455923215", "direction": "0", "travel_time_sec": "748", "benchmark_travel_time_sec": "668"}, {"dep_dt": "1455922681", "route_id": "Red", "arr_dt": "1455923397", "direction": "0", "travel_time_sec": "716", "benchmark_travel_time_sec": "668"}, {"dep_dt": "1455922838", "route_id": "Red", "arr_dt": "1455923588", "direction": "0", "travel_time_sec": "750", "benchmark_travel_time_sec": "668"}, {"dep_dt": "1455923118", "route_id": "Red", "arr_dt": "1455923752", "direction": "0", "travel_time_sec": "634", "benchmark_travel_time_sec": "668"}, {"dep_dt": "1455923280", "route_id": "Red", "arr_dt": "1455923956", "direction": "0", "travel_time_sec": "676", "benchmark_travel_time_sec": "668"}, {"dep_dt": "1455923469", "route_id": "Red", "arr_dt": "1455924147", "direction": "0", "travel_time_sec": "678", "benchmark_travel_time_sec": "668"}, {"dep_dt": "1455923628", "route_id": "Red", "arr_dt": "1455924335", "direction": "0", "travel_time_sec": "707", "benchmark_travel_time_sec": "668"}, {"dep_dt": "1455923902", "route_id": "Red", "arr_dt": "1455924521", "direction": "0", "travel_time_sec": "619", "benchmark_travel_time_sec": "668"}, {"dep_dt": "1455924276", "route_id": "Red", "arr_dt": "1455924813", "direction": "0", "travel_time_sec": "537", "benchmark_travel_time_sec": "660"}, {"dep_dt": "1455924477", "route_id": "Red", "arr_dt": "1455925070", "direction": "0", "travel_time_sec": "593", "benchmark_travel_time_sec": "660"}, {"dep_dt": "1455924729", "route_id": "Red", "arr_dt": "1455925400", "direction": "0", "travel_time_sec": "671", "benchmark_travel_time_sec": "660"}, {"dep_dt": "1455924964", "route_id": "Red", "arr_dt": "1455925602", "direction": "0", "travel_time_sec": "638", "benchmark_travel_time_sec": "660"}, {"dep_dt": "1455925299", "route_id": "Red", "arr_dt": "1455925851", "direction": "0", "travel_time_sec": "552", "benchmark_travel_time_sec": "660"}, {"dep_dt": "1455925578", "route_id": "Red", "arr_dt": "1455926170", "direction": "0", "travel_time_sec": "592", "benchmark_travel_time_sec": "660"}, {"dep_dt": "1455925738", "route_id": "Red", "arr_dt": "1455926366", "direction": "0", "travel_time_sec": "628", "benchmark_travel_time_sec": "660"}, {"dep_dt": "1455926325", "route_id": "Red", "arr_dt": "1455926977", "direction": "0", "travel_time_sec": "652", "benchmark_travel_time_sec": "660"}, {"dep_dt": "1455926728", "route_id": "Red", "arr_dt": "1455927319", "direction": "0", "travel_time_sec": "591", "benchmark_travel_time_sec": "660"}, {"dep_dt": "1455926926", "route_id": "Red", "arr_dt": "1455927504", "direction": "0", "travel_time_sec": "578", "benchmark_travel_time_sec": "660"}, {"dep_dt": "1455927258", "route_id": "Red", "arr_dt": "1455927802", "direction": "0", "travel_time_sec": "544", "benchmark_travel_time_sec": "660"}, {"dep_dt": "1455927607", "route_id": "Red", "arr_dt": "1455928160", "direction": "0", "travel_time_sec": "553", "benchmark_travel_time_sec": "660"}, {"dep_dt": "1455927798", "route_id": "Red", "arr_dt": "1455928370", "direction": "0", "travel_time_sec": "572", "benchmark_travel_time_sec": "660"}, {"dep_dt": "1455928368", "route_id": "Red", "arr_dt": "1455929003", "direction": "0", "travel_time_sec": "635", "benchmark_travel_time_sec": "660"}, {"dep_dt": "1455928646", "route_id": "Red", "arr_dt": "1455929245", "direction": "0", "travel_time_sec": "599", "benchmark_travel_time_sec": "660"}, {"dep_dt": "1455929074", "route_id": "Red", "arr_dt": "1455929628", "direction": "0", "travel_time_sec": "554", "benchmark_travel_time_sec": "660"}, {"dep_dt": "1455929325", "route_id": "Red", "arr_dt": "1455929884", "direction": "0", "travel_time_sec": "559", "benchmark_travel_time_sec": "660"}, {"dep_dt": "1455929615", "route_id": "Red", "arr_dt": "1455930168", "direction": "0", "travel_time_sec": "553", "benchmark_travel_time_sec": "550"}, {"dep_dt": "1455929774", "route_id": "Red", "arr_dt": "1455930351", "direction": "0", "travel_time_sec": "577", "benchmark_travel_time_sec": "550"}, {"dep_dt": "1455929970", "route_id": "Red", "arr_dt": "1455930543", "direction": "0", "travel_time_sec": "573", "benchmark_travel_time_sec": "550"}, {"dep_dt": "1455930163", "route_id": "Red", "arr_dt": "1455930721", "direction": "0", "travel_time_sec": "558", "benchmark_travel_time_sec": "550"}, {"dep_dt": "1455930348", "route_id": "Red", "arr_dt": "1455930903", "direction": "0", "travel_time_sec": "555", "benchmark_travel_time_sec": "550"}, {"dep_dt": "1455930671", "route_id": "Red", "arr_dt": "1455931247", "direction": "0", "travel_time_sec": "576", "benchmark_travel_time_sec": "550"}, {"dep_dt": "1455931038", "route_id": "Red", "arr_dt": "1455931600", "direction": "0", "travel_time_sec": "562", "benchmark_travel_time_sec": "550"}, {"dep_dt": "1455931243", "route_id": "Red", "arr_dt": "1455931809", "direction": "0", "travel_time_sec": "566", "benchmark_travel_time_sec": "540"}, {"dep_dt": "1455931627", "route_id": "Red", "arr_dt": "1455932175", "direction": "0", "travel_time_sec": "548", "benchmark_travel_time_sec": "540"}, {"dep_dt": "1455931953", "route_id": "Red", "arr_dt": "1455932535", "direction": "0", "travel_time_sec": "582", "benchmark_travel_time_sec": "540"}, {"dep_dt": "1455932415", "route_id": "Red", "arr_dt": "1455933023", "direction": "0", "travel_time_sec": "608", "benchmark_travel_time_sec": "540"}, {"dep_dt": "1455932623", "route_id": "Red", "arr_dt": "1455933248", "direction": "0", "travel_time_sec": "625", "benchmark_travel_time_sec": "540"}, {"dep_dt": "1455933257", "route_id": "Red", "arr_dt": "1455933882", "direction": "0", "travel_time_sec": "625", "benchmark_travel_time_sec": "540"}, {"dep_dt": "1455933692", "route_id": "Red", "arr_dt": "1455934324", "direction": "0", "travel_time_sec": "632", "benchmark_travel_time_sec": "540"}, {"dep_dt": "1455934416", "route_id": "Red", "arr_dt": "1455935008", "direction": "0", "travel_time_sec": "592", "benchmark_travel_time_sec": "540"}, {"dep_dt": "1455934663", "route_id": "Red", "arr_dt": "1455935312", "direction": "0", "travel_time_sec": "649", "benchmark_travel_time_sec": "540"}, {"dep_dt": "1455935202", "route_id": "Red", "arr_dt": "1455935789", "direction": "0", "travel_time_sec": "587", "benchmark_travel_time_sec": "540"}, {"dep_dt": "1455935545", "route_id": "Red", "arr_dt": "1455936142", "direction": "0", "travel_time_sec": "597", "benchmark_travel_time_sec": "540"}, {"dep_dt": "1455935718", "route_id": "Red", "arr_dt": "1455936336", "direction": "0", "travel_time_sec": "618", "benchmark_travel_time_sec": "540"}, {"dep_dt": "1455935919", "route_id": "Red", "arr_dt": "1455936534", "direction": "0", "travel_time_sec": "615", "benchmark_travel_time_sec": "540"}, {"dep_dt": "1455936399", "route_id": "Red", "arr_dt": "1455936999", "direction": "0", "travel_time_sec": "600", "benchmark_travel_time_sec": "540"}, {"dep_dt": "1455936653", "route_id": "Red", "arr_dt": "1455937214", "direction": "0", "travel_time_sec": "561", "benchmark_travel_time_sec": "540"}, {"dep_dt": "1455936807", "route_id": "Red", "arr_dt": "1455937387", "direction": "0", "travel_time_sec": "580", "benchmark_travel_time_sec": "540"}, {"dep_dt": "1455937231", "route_id": "Red", "arr_dt": "1455937758", "direction": "0", "travel_time_sec": "527", "benchmark_travel_time_sec": "540"}, {"dep_dt": "1455937527", "route_id": "Red", "arr_dt": "1455938097", "direction": "0", "travel_time_sec": "570", "benchmark_travel_time_sec": "540"}, {"dep_dt": "1455937916", "route_id": "Red", "arr_dt": "1455938494", "direction": "0", "travel_time_sec": "578", "benchmark_travel_time_sec": "540"}, {"dep_dt": "1455938185", "route_id": "Red", "arr_dt": "1455938722", "direction": "0", "travel_time_sec": "537", "benchmark_travel_time_sec": "540"}, {"dep_dt": "1455938681", "route_id": "Red", "arr_dt": "1455939281", "direction": "0", "travel_time_sec": "600", "benchmark_travel_time_sec": "540"}, {"dep_dt": "1455938983", "route_id": "Red", "arr_dt": "1455939569", "direction": "0", "travel_time_sec": "586", "benchmark_travel_time_sec": "540"}, {"dep_dt": "1455939502", "route_id": "Red", "arr_dt": "1455940100", "direction": "0", "travel_time_sec": "598", "benchmark_travel_time_sec": "540"}, {"dep_dt": "1455939672", "route_id": "Red", "arr_dt": "1455940296", "direction": "0", "travel_time_sec": "624", "benchmark_travel_time_sec": "540"}, {"dep_dt": "1455940056", "route_id": "Red", "arr_dt": "1455940584", "direction": "0", "travel_time_sec": "528", "benchmark_travel_time_sec": "540"}, {"dep_dt": "1455940556", "route_id": "Red", "arr_dt": "1455941162", "direction": "0", "travel_time_sec": "606", "benchmark_travel_time_sec": "540"}, {"dep_dt": "1455941098", "route_id": "Red", "arr_dt": "1455941658", "direction": "0", "travel_time_sec": "560", "benchmark_travel_time_sec": "540"}, {"dep_dt": "1455941424", "route_id": "Red", "arr_dt": "1455941976", "direction": "0", "travel_time_sec": "552", "benchmark_travel_time_sec": "540"}, {"dep_dt": "1455941673", "route_id": "Red", "arr_dt": "1455942275", "direction": "0", "travel_time_sec": "602", "benchmark_travel_time_sec": "540"}, {"dep_dt": "1455941980", "route_id": "Red", "arr_dt": "1455942583", "direction": "0", "travel_time_sec": "603", "benchmark_travel_time_sec": "540"}, {"dep_dt": "1455942172", "route_id": "Red", "arr_dt": "1455942768", "direction": "0", "travel_time_sec": "596", "benchmark_travel_time_sec": "540"}, {"dep_dt": "1455942575", "route_id": "Red", "arr_dt": "1455943133", "direction": "0", "travel_time_sec": "558", "benchmark_travel_time_sec": "540"}, {"dep_dt": "1455943124", "route_id": "Red", "arr_dt": "1455943663", "direction": "0", "travel_time_sec": "539", "benchmark_travel_time_sec": "540"}, {"dep_dt": "1455943405", "route_id": "Red", "arr_dt": "1455943936", "direction": "0", "travel_time_sec": "531", "benchmark_travel_time_sec": "540"}, {"dep_dt": "1455943614", "route_id": "Red", "arr_dt": "1455944173", "direction": "0", "travel_time_sec": "559", "benchmark_travel_time_sec": "540"}]}