{"travel_times": [{"dep_dt": "1454388996", "route_id": "Red", "arr_dt": "1454389552", "direction": "0", "travel_time_sec": "556", "benchmark_travel_time_sec": "540"}, {"dep_dt": "1454389376", "route_id": "Red", "arr_dt": "1454389917", "direction": "0", "travel_time_sec": "541", "benchmark_travel_time_sec": "540"}, {"dep_dt": "1454389743", "route_id": "Red", "arr_dt": "1454390294", "direction": "0", "travel_time_sec": "551", "benchmark_travel_time_sec": "540"}, {"dep_dt": "1454390454", "route_id": "Red", "arr_dt": "1454390989", "direction": "0", "travel_time_sec": "535", "benchmark_travel_time_sec": "540"}, {"dep_dt": "1454390825", "route_id": "Red", "arr_dt": "1454391364", "direction": "0", "travel_time_sec": "539", "benchmark_travel_time_sec": "540"}, {"dep_dt": "1454391551", "route_id": "Red", "arr_dt": "1454392436", "direction": "0", "travel_time_sec": "885", "threshold_flag_1": "threshold_id_04", "benchmark_travel_time_sec": "540"}, {"dep_dt": "1454408648", "route_id": "Red", "arr_dt": "1454409186", "direction": "0", "travel_time_sec": "538", "benchmark_travel_time_sec": "540"}, {"dep_dt": "1454409165", "route_id": "Red", "arr_dt": "1454409730", "direction": "0", "travel_time_sec": "565", "benchmark_travel_time_sec": "540"}, {"dep_dt": "1454409548", "route_id": "Red", "arr_dt": "1454410111", "direction": "0", "travel_time_sec": "563", "benchmark_travel_time_sec": "540"}, {"dep_dt": "1454409905", "route_id": "Red", "arr_dt": "1454410593", "direction": "0", "travel_time_sec": "688", "benchmark_travel_time_sec": "540"}, {"dep_dt": "1454410258", "route_id": "Red", "arr_dt": "1454410805", "direction": "0", "travel_time_sec": "547", "benchmark_travel_time_sec": "540"}, {"dep_dt": "1454410923", "route_id": "Red", "arr_dt": "1454411462", "direction": "0", "travel_time_sec": "539", "benchmark_travel_time_sec": "540"}, {"dep_dt": "1454411389", "route_id": "Red", "arr_dt": "1454411992", "direction": "0", "travel_time_sec": "603", "benchmark_travel_time_sec": "540"}, {"dep_dt": "1454411775", "route_id": "Red", "arr_dt": "1454412305", "direction": "0", "travel_time_sec": "530", "benchmark_travel_time_sec": "540"}, {"dep_dt": "1454412255", "route_id": "Red", "arr_dt": "1454412799", "direction": "0", "travel_time_sec": "544", "benchmark_travel_time_sec": "540"}, {"dep_dt": "1454412406", "route_id": "Red", "arr_dt": "1454413003", "direction": "0", "travel_time_sec": "597", "benchmark_travel_time_sec": "540"}, {"dep_dt": "1454413148", "route_id": "Red", "arr_dt": "1454413708", "direction": "0", "travel_time_sec": "560", "benchmark_travel_time_sec": "540"}, {"dep_dt": "1454413708", "route_id": "Red", "arr_dt": "1454414277", "direction": "0", "travel_time_sec": "569", "benchmark_travel_time_sec": "540"}, {"dep_dt": "1454413982", "route_id": "Red", "arr_dt": "1454414566", "direction": "0", "travel_time_sec": "584", "benchmark_travel_time_sec": "651"}, {"dep_dt": "1454414375", "route_id": "Red", "arr_dt": "1454414954", "direction": "0", "travel_time_sec": "579", "benchmark_travel_time_sec": "651"}, {"dep_dt": "1454414545", "route_id": "Red", "arr_dt": "1454415126", "direction": "0", "travel_time_sec": "581", "benchmark_travel_time_sec": "651"}, {"dep_dt": "1454414809", "route_id": "Red", "arr_dt": "1454415501", "direction": "0", "travel_time_sec": "692", "benchmark_travel_time_sec": "651"}, {"dep_dt": "1454415077", "route_id": "Red", "arr_dt": "1454415689", "direction": "0", "travel_time_sec": "612", "benchmark_travel_time_sec": "651"}, {"dep_dt": "1454415502", "route_id": "Red", "arr_dt": "1454416075", "direction": "0", "travel_time_sec": "573", "benchmark_travel_time_sec": "651"}, {"dep_dt": "1454415686", "route_id": "Red", "arr_dt": "1454416314", "direction": "0", "travel_time_sec": "628", "benchmark_travel_time_sec": "660"}, {"dep_dt": "1454416100", "route_id": "Red", "arr_dt": "1454416750", "direction": "0", "travel_time_sec": "650", "benchmark_travel_time_sec": "660"}, {"dep_dt": "1454416359", "route_id": "Red", "arr_dt": "1454417052", "direction": "0", "travel_time_sec": "693", "benchmark_travel_time_sec": "660"}, {"dep_dt": "1454416538", "route_id": "Red", "arr_dt": "1454417244", "direction": "0", "travel_time_sec": "706", "benchmark_travel_time_sec": "660"}, {"dep_dt": "1454416728", "route_id": "Red", "arr_dt": "1454417456", "direction": "0", "travel_time_sec": "728", "benchmark_travel_time_sec": "660"}, {"dep_dt": "1454417067", "route_id": "Red", "arr_dt": "1454417740", "direction": "0", "travel_time_sec": "673", "benchmark_travel_time_sec": "660"}, {"dep_dt": "1454417278", "route_id": "Red", "arr_dt": "1454417951", "direction": "0", "travel_time_sec": "673", "benchmark_travel_time_sec": "660"}, {"dep_dt": "1454417466", "route_id": "Red", "arr_dt": "1454418151", "direction": "0", "travel_time_sec": "685", "benchmark_travel_time_sec": "660"}, {"dep_dt": "1454417677", "route_id": "Red", "arr_dt": "1454418342", "direction": "0", "travel_time_sec": "665", "benchmark_travel_time_sec": "660"}, {"dep_dt": "1454418088", "route_id": "Red", "arr_dt": "1454418735", "direction": "0", "travel_time_sec": "647", "benchmark_travel_time_sec": "660"}, {"dep_dt": "1454418588", "route_id": "Red", "arr_dt": "1454419223", "direction": "0", "travel_time_sec": "635", "benchmark_travel_time_sec": "660"}, {"dep_dt": "1454418756", "route_id": "Red", "arr_dt": "1454419430", "direction": "0", "travel_time_sec": "674", "benchmark_travel_time_sec": "660"}, {"dep_dt": "1454419040", "route_id": "Red", "arr_dt": "1454419624", "direction": "0", "travel_time_sec": "584", "benchmark_travel_time_sec": "660"}, {"dep_dt": "1454419146", "route_id": "Red", "arr_dt": "1454419859", "direction": "0", "travel_time_sec": "713", "benchmark_travel_time_sec": "660"}, {"dep_dt": "1454419404", "route_id": "Red", "arr_dt": "1454420229", "direction": "0", "travel_time_sec": "825", "benchmark_travel_time_sec": "660"}, {"dep_dt": "1454419564", "route_id": "Red", "arr_dt": "1454420433", "direction": "0", "travel_time_sec": "869", "threshold_flag_1": "threshold_id_04", "benchmark_travel_time_sec": "660"}, {"dep_dt": "1454419800", "route_id": "Red", "arr_dt": "1454420629", "direction": "0", "travel_time_sec": "829", "benchmark_travel_time_sec": "660"}, {"dep_dt": "1454420104", "route_id": "Red", "arr_dt": "1454420805", "direction": "0", "travel_time_sec": "701", "benchmark_travel_time_sec": "660"}, {"dep_dt": "1454420361", "route_id": "Red", "arr_dt": "1454421056", "direction": "0", "travel_time_sec": "695", "benchmark_travel_time_sec": "660"}, {"dep_dt": "1454420625", "route_id": "Red", "arr_dt": "1454421278", "direction": "0", "travel_time_sec": "653", "benchmark_travel_time_sec": "660"}, {"dep_dt": "1454420924", "route_id": "Red", "arr_dt": "1454421523", "direction": "0", "travel_time_sec": "599", "benchmark_travel_time_sec": "660"}, {"dep_dt": "1454421206", "route_id": "Red", "arr_dt": "1454421837", "direction": "0", "travel_time_sec": "631", "benchmark_travel_time_sec": "660"}, {"dep_dt": "1454421500", "route_id": "Red", "arr_dt": "1454422113", "direction": "0", "travel_time_sec": "613", "benchmark_travel_time_sec": "660"}, {"dep_dt": "1454421667", "route_id": "Red", "arr_dt": "1454422305", "direction": "0", "travel_time_sec": "638", "benchmark_travel_time_sec": "660"}, {"dep_dt": "1454422022", "route_id": "Red", "arr_dt": "1454422673", "direction": "0", "travel_time_sec": "651", "benchmark_travel_time_sec": "660"}, {"dep_dt": "1454422260", "route_id": "Red", "arr_dt": "1454422891", "direction": "0", "travel_time_sec": "631", "benchmark_travel_time_sec": "660"}, {"dep_dt": "1454422444", "route_id": "Red", "arr_dt": "1454423319", "direction": "0", "travel_time_sec": "875", "threshold_flag_1": "threshold_id_04", "benchmark_travel_time_sec": "660"}, {"dep_dt": "1454422717", "route_id": "Red", "arr_dt": "1454423860", "direction": "0", "threshold_flag_2": "threshold_id_05", "travel_time_sec": "1143", "threshold_flag_1": "threshold_id_04", "benchmark_travel_time_sec": "615"}, {"dep_dt": "1454422954", "route_id": "Red", "arr_dt": "1454424133", "direction": "0", "threshold_flag_2": "threshold_id_05", "travel_time_sec": "1179", "threshold_flag_1": "threshold_id_04", "benchmark_travel_time_sec": "615"}, {"dep_dt": "1454423208", "route_id": "Red", "arr_dt": "1454424318", "direction": "0", "threshold_flag_2": "threshold_id_05", "travel_time_sec": "1110", "threshold_flag_1": "threshold_id_04", "benchmark_travel_time_sec": "615"}, {"dep_dt": "1454423767", "route_id": "Red", "arr_dt": "1454424505", "direction": "0", "travel_time_sec": "738", "benchmark_travel_time_sec": "615"}, {"dep_dt": "1454423919", "route_id": "Red", "arr_dt": "1454424696", "direction": "0", "travel_time_sec": "777", "benchmark_travel_time_sec": "615"}, {"dep_dt": "1454424147", "route_id": "Red", "arr_dt": "1454424885", "direction": "0", "travel_time_sec": "738", "benchmark_travel_time_sec": "615"}, {"dep_dt": "1454424409", "route_id": "Red", "arr_dt": "1454425057", "direction": "0", "travel_time_sec": "648", "benchmark_travel_time_sec": "615"}, {"dep_dt": "1454424565", "route_id": "Red", "arr_dt": "1454425226", "direction": "0", "travel_time_sec": "661", "benchmark_travel_time_sec": "600"}, {"dep_dt": "1454424868", "route_id": "Red", "arr_dt": "1454425502", "direction": "0", "travel_time_sec": "634", "benchmark_travel_time_sec": "600"}, {"dep_dt": "1454425025", "route_id": "Red", "arr_dt": "1454425698", "direction": "0", "travel_time_sec": "673", "benchmark_travel_time_sec": "600"}, {"dep_dt": "1454425463", "route_id": "Red", "arr_dt": "1454426048", "direction": "0", "travel_time_sec": "585", "benchmark_travel_time_sec": "600"}, {"dep_dt": "1454425762", "route_id": "Red", "arr_dt": "1454426442", "direction": "0", "travel_time_sec": "680", "benchmark_travel_time_sec": "600"}, {"dep_dt": "1454425937", "route_id": "Red", "arr_dt": "1454426732", "direction": "0", "travel_time_sec": "795", "threshold_flag_1": "threshold_id_04", "benchmark_travel_time_sec": "600"}, {"dep_dt": "1454426146", "route_id": "Red", "arr_dt": "1454426905", "direction": "0", "travel_time_sec": "759", "benchmark_travel_time_sec": "600"}, {"dep_dt": "1454426465", "route_id": "Red", "arr_dt": "1454427108", "direction": "0", "travel_time_sec": "643", "benchmark_travel_time_sec": "600"}, {"dep_dt": "1454426750", "route_id": "Red", "arr_dt": "1454427317", "direction": "0", "travel_time_sec": "567", "benchmark_travel_time_sec": "600"}, {"dep_dt": "1454426917", "route_id": "Red", "arr_dt": "1454427493", "direction": "0", "travel_time_sec": "576", "benchmark_travel_time_sec": "600"}, {"dep_dt": "1454427243", "route_id": "Red", "arr_dt": "1454427786", "direction": "0", "travel_time_sec": "543", "benchmark_travel_time_sec": "600"}, {"dep_dt": "1454428108", "route_id": "Red", "arr_dt": "1454428677", "direction": "0", "travel_time_sec": "569", "benchmark_travel_time_sec": "600"}, {"dep_dt": "1454428607", "route_id": "Red", "arr_dt": "1454429194", "direction": "0", "travel_time_sec": "587", "benchmark_travel_time_sec": "600"}, {"dep_dt": "1454428898", "route_id": "Red", "arr_dt": "1454429529", "direction": "0", "travel_time_sec": "631", "benchmark_travel_time_sec": "600"}, {"dep_dt": "1454429381", "route_id": "Red", "arr_dt": "1454429955", "direction": "0", "travel_time_sec": "574", "benchmark_travel_time_sec": "600"}, {"dep_dt": "1454429708", "route_id": "Red", "arr_dt": "1454430291", "direction": "0", "travel_time_sec": "583", "benchmark_travel_time_sec": "600"}, {"dep_dt": "1454429908", "route_id": "Red", "arr_dt": "1454430478", "direction": "0", "travel_time_sec": "570", "benchmark_travel_time_sec": "600"}, {"dep_dt": "1454430231", "route_id": "Red", "arr_dt": "1454430808", "direction": "0", "travel_time_sec": "577", "benchmark_travel_time_sec": "600"}, {"dep_dt": "1454431347", "route_id": "Red", "arr_dt": "1454431939", "direction": "0", "travel_time_sec": "592", "benchmark_travel_time_sec": "600"}, {"dep_dt": "1454431547", "route_id": "Red", "arr_dt": "1454432132", "direction": "0", "travel_time_sec": "585", "benchmark_travel_time_sec": "600"}, {"dep_dt": "1454431997", "route_id": "Red", "arr_dt": "1454432550", "direction": "0", "travel_time_sec": "553", "benchmark_travel_time_sec": "600"}, {"dep_dt": "1454432321", "route_id": "Red", "arr_dt": "1454432860", "direction": "0", "travel_time_sec": "539", "benchmark_travel_time_sec": "600"}, {"dep_dt": "1454433066", "route_id": "Red", "arr_dt": "1454433680", "direction": "0", "travel_time_sec": "614", "benchmark_travel_time_sec": "600"}, {"dep_dt": "1454433308", "route_id": "Red", "arr_dt": "1454433891", "direction": "0", "travel_time_sec": "583", "benchmark_travel_time_sec": "600"}, {"dep_dt": "1454433768", "route_id": "Red", "arr_dt": "1454434352", "direction": "0", "travel_time_sec": "584", "benchmark_travel_time_sec": "600"}, {"dep_dt": "1454433931", "route_id": "Red", "arr_dt": "1454434528", "direction": "0", "travel_time_sec": "597", "benchmark_travel_time_sec": "600"}, {"dep_dt": "1454434477", "route_id": "Red", "arr_dt": "1454435099", "direction": "0", "travel_time_sec": "622", "benchmark_travel_time_sec": "600"}, {"dep_dt": "1454434747", "route_id": "Red", "arr_dt": "1454435302", "direction": "0", "travel_time_sec": "555", "benchmark_travel_time_sec": "600"}, {"dep_dt": "1454435229", "route_id": "Red", "arr_dt": "1454435795", "direction": "0", "travel_time_sec": "566", "benchmark_travel_time_sec": "600"}, {"dep_dt": "1454435656", "route_id": "Red", "arr_dt": "1454436244", "direction": "0", "travel_time_sec": "588", "benchmark_travel_time_sec": "600"}, {"dep_dt": "1454436162", "route_id": "Red", "arr_dt": "1454436726", "direction": "0", "travel_time_sec": "564", "benchmark_travel_time_sec": "600"}, {"dep_dt": "1454436555", "route_id": "Red", "arr_dt": "1454437107", "direction": "0", "travel_time_sec": "552", "benchmark_travel_time_sec": "600"}, {"dep_dt": "1454436913", "route_id": "Red", "arr_dt": "1454437461", "direction": "0", "travel_time_sec": "548", "benchmark_travel_time_sec": "600"}, {"dep_dt": "1454437398", "route_id": "Red", "arr_dt": "1454437971", "direction": "0", "travel_time_sec": "573", "benchmark_travel_time_sec": "600"}, {"dep_dt": "1454437746", "route_id": "Red", "arr_dt": "1454438530", "direction": "0", "travel_time_sec": "784", "threshold_flag_1": "threshold_id_04", "benchmark_travel_time_sec": "600"}, {"dep_dt": "1454438205", "route_id": "Red", "arr_dt": "1454438757", "direction": "0", "travel_time_sec": "552", "benchmark_travel_time_sec": "600"}, {"dep_dt": "1454438761", "route_id": "Red", "arr_dt": "1454439407", "direction": "0", "travel_time_sec": "646", "benchmark_travel_time_sec": "600"}, {"dep_dt": "1454439044", "route_id": "Red", "arr_dt": "1454439613", "direction": "0", "travel_time_sec": "569", "benchmark_travel_time_sec": "600"}, {"dep_dt": "1454439360", "route_id": "Red", "arr_dt": "1454439911", "direction": "0", "travel_time_sec": "551", "benchmark_travel_time_sec": "600"}, {"dep_dt": "1454439978", "route_id": "Red", "arr_dt": "1454440612", "direction": "0", "travel_time_sec": "634", "benchmark_travel_time_sec": "600"}, {"dep_dt": "1454440226", "route_id": "Red", "arr_dt": "1454440833", "direction": "0", "travel_time_sec": "607", "benchmark_travel_time_sec": "600"}, {"dep_dt": "1454440798", "route_id": "Red", "arr_dt": "1454441410", "direction": "0", "travel_time_sec": "612", "benchmark_travel_time_sec": "600"}, {"dep_dt": "1454441193", "route_id": "Red", "arr_dt": "1454441755", "direction": "0", "travel_time_sec": "562", "benchmark_travel_time_sec": "600"}, {"dep_dt": "1454441608", "route_id": "Red", "arr_dt": "1454442214", "direction": "0", "travel_time_sec": "606", "benchmark_travel_time_sec": "600"}, {"dep_dt": "1454441787", "route_id": "Red", "arr_dt": "1454442398", "direction": "0", "travel_time_sec": "611", "benchmark_travel_time_sec": "600"}, {"dep_dt": "1454442236", "route_id": "Red", "arr_dt": "1454442798", "direction": "0", "travel_time_sec": "562", "benchmark_travel_time_sec": "600"}, {"dep_dt": "1454442619", "route_id": "Red", "arr_dt": "1454443164", "direction": "0", "travel_time_sec": "545", "benchmark_travel_time_sec": "600"}, {"dep_dt": "1454443315", "route_id": "Red", "arr_dt": "1454443919", "direction": "0", "travel_time_sec": "604", "benchmark_travel_time_sec": "600"}, {"dep_dt": "1454443619", "route_id": "Red", "arr_dt": "1454444200", "direction": "0", "travel_time_sec": "581", "benchmark_travel_time_sec": "600"}, {"dep_dt": "1454444160", "route_id": "Red", "arr_dt": "1454444792", "direction": "0", "travel_time_sec": "632", "benchmark_travel_time_sec": "600"}, {"dep_dt": "1454444345", "route_id": "Red", "arr_dt": "1454444976", "direction": "0", "travel_time_sec": "631", "benchmark_travel_time_sec": "600"}, {"dep_dt": "1454444820", "route_id": "Red", "arr_dt": "1454445405", "direction": "0", "travel_time_sec": "585", "benchmark_travel_time_sec": "600"}, {"dep_dt": "1454445087", "route_id": "Red", "arr_dt": "1454445669", "direction": "0", "travel_time_sec": "582", "benchmark_travel_time_sec": "600"}, {"dep_dt": "1454445380", "route_id": "Red", "arr_dt": "1454445973", "direction": "0", "travel_time_sec": "593", "benchmark_travel_time_sec": "600"}, {"dep_dt": "1454445934", "route_id": "Red", "arr_dt": "1454446623", "direction": "0", "travel_time_sec": "689", "benchmark_travel_time_sec": "600"}, {"dep_dt": "1454446131", "route_id": "Red", "arr_dt": "1454446847", "direction": "0", "travel_time_sec": "716", "benchmark_travel_time_sec": "700"}, {"dep_dt": "1454446347", "route_id": "Red", "arr_dt": "1454447073", "direction": "0", "travel_time_sec": "726", "benchmark_travel_time_sec": "700"}, {"dep_dt": "1454446662", "route_id": "Red", "arr_dt": "1454447282", "direction": "0", "travel_time_sec": "620", "benchmark_travel_time_sec": "700"}, {"dep_dt": "1454446959", "route_id": "Red", "arr_dt": "1454447545", "direction": "0", "travel_time_sec": "586", "benchmark_travel_time_sec": "700"}, {"dep_dt": "1454447248", "route_id": "Red", "arr_dt": "1454447853", "direction": "0", "travel_time_sec": "605", "benchmark_travel_time_sec": "700"}, {"dep_dt": "1454447501", "route_id": "Red", "arr_dt": "1454448127", "direction": "0", "travel_time_sec": "626", "benchmark_travel_time_sec": "700"}, {"dep_dt": "1454447864", "route_id": "Red", "arr_dt": "1454448470", "direction": "0", "travel_time_sec": "606", "benchmark_travel_time_sec": "700"}, {"dep_dt": "1454448100", "route_id": "Red", "arr_dt": "1454448707", "direction": "0", "travel_time_sec": "607", "benchmark_travel_time_sec": "720"}, {"dep_dt": "1454448426", "route_id": "Red", "arr_dt": "1454449003", "direction": "0", "travel_time_sec": "577", "benchmark_travel_time_sec": "720"}, {"dep_dt": "1454448869", "route_id": "Red", "arr_dt": "1454449464", "direction": "0", "travel_time_sec": "595", "benchmark_travel_time_sec": "720"}, {"dep_dt": "1454449063", "route_id": "Red", "arr_dt": "1454449746", "direction": "0", "travel_time_sec": "683", "benchmark_travel_time_sec": "720"}, {"dep_dt": "1454449506", "route_id": "Red", "arr_dt": "1454450184", "direction": "0", "travel_time_sec": "678", "benchmark_travel_time_sec": "720"}, {"dep_dt": "1454449747", "route_id": "Red", "arr_dt": "1454450403", "direction": "0", "travel_time_sec": "656", "benchmark_travel_time_sec": "720"}, {"dep_dt": "1454450025", "route_id": "Red", "arr_dt": "1454450643", "direction": "0", "travel_time_sec": "618", "benchmark_travel_time_sec": "720"}, {"dep_dt": "1454450322", "route_id": "Red", "arr_dt": "1454450951", "direction": "0", "travel_time_sec": "629", "benchmark_travel_time_sec": "720"}, {"dep_dt": "1454450505", "route_id": "Red", "arr_dt": "1454451164", "direction": "0", "travel_time_sec": "659", "benchmark_travel_time_sec": "720"}, {"dep_dt": "1454450686", "route_id": "Red", "arr_dt": "1454451412", "direction": "0", "travel_time_sec": "726", "benchmark_travel_time_sec": "720"}, {"dep_dt": "1454450987", "route_id": "Red", "arr_dt": "1454451609", "direction": "0", "travel_time_sec": "622", "benchmark_travel_time_sec": "720"}, {"dep_dt": "1454451141", "route_id": "Red", "arr_dt": "1454451819", "direction": "0", "travel_time_sec": "678", "benchmark_travel_time_sec": "720"}, {"dep_dt": "1454451543", "route_id": "Red", "arr_dt": "1454452165", "direction": "0", "travel_time_sec": "622", "benchmark_travel_time_sec": "720"}, {"dep_dt": "1454451713", "route_id": "Red", "arr_dt": "1454452387", "direction": "0", "travel_time_sec": "674", "benchmark_travel_time_sec": "720"}, {"dep_dt": "1454451938", "route_id": "Red", "arr_dt": "1454452650", "direction": "0", "travel_time_sec": "712", "benchmark_travel_time_sec": "720"}, {"dep_dt": "1454452096", "route_id": "Red", "arr_dt": "1454452856", "direction": "0", "travel_time_sec": "760", "benchmark_travel_time_sec": "720"}, {"dep_dt": "1454452609", "route_id": "Red", "arr_dt": "1454453420", "direction": "0", "travel_time_sec": "811", "benchmark_travel_time_sec": "720"}, {"dep_dt": "1454452862", "route_id": "Red", "arr_dt": "1454453612", "direction": "0", "travel_time_sec": "750", "benchmark_travel_time_sec": "720"}, {"dep_dt": "1454453227", "route_id": "Red", "arr_dt": "1454453830", "direction": "0", "travel_time_sec": "603", "benchmark_travel_time_sec": "720"}, {"dep_dt": "1454453545", "route_id": "Red", "arr_dt": "1454454162", "direction": "0", "travel_time_sec": "617", "benchmark_travel_time_sec": "668"}, {"dep_dt": "1454453724", "route_id": "Red", "arr_dt": "1454454371", "direction": "0", "travel_time_sec": "647", "benchmark_travel_time_sec": "668"}, {"dep_dt": "1454453962", "route_id": "Red", "arr_dt": "1454454578", "direction": "0", "travel_time_sec": "616", "benchmark_travel_time_sec": "668"}, {"dep_dt": "1454454144", "route_id": "Red", "arr_dt": "1454454785", "direction": "0", "travel_time_sec": "641", "benchmark_travel_time_sec": "668"}, {"dep_dt": "1454454504", "route_id": "Red", "arr_dt": "1454455121", "direction": "0", "travel_time_sec": "617", "benchmark_travel_time_sec": "668"}, {"dep_dt": "1454454755", "route_id": "Red", "arr_dt": "1454455360", "direction": "0", "travel_time_sec": "605", "benchmark_travel_time_sec": "668"}, {"dep_dt": "1454455027", "route_id": "Red", "arr_dt": "1454455632", "direction": "0", "travel_time_sec": "605", "benchmark_travel_time_sec": "668"}, {"dep_dt": "1454455197", "route_id": "Red", "arr_dt": "1454455823", "direction": "0", "travel_time_sec": "626", "benchmark_travel_time_sec": "660"}, {"dep_dt": "1454455539", "route_id": "Red", "arr_dt": "1454456121", "direction": "0", "travel_time_sec": "582", "benchmark_travel_time_sec": "660"}, {"dep_dt": "1454455703", "route_id": "Red", "arr_dt": "1454456305", "direction": "0", "travel_time_sec": "602", "benchmark_travel_time_sec": "660"}, {"dep_dt": "1454455879", "route_id": "Red", "arr_dt": "1454456484", "direction": "0", "travel_time_sec": "605", "benchmark_travel_time_sec": "660"}, {"dep_dt": "1454456497", "route_id": "Red", "arr_dt": "1454457172", "direction": "0", "travel_time_sec": "675", "benchmark_travel_time_sec": "660"}, {"dep_dt": "1454456640", "route_id": "Red", "arr_dt": "1454457362", "direction": "0", "travel_time_sec": "722", "benchmark_travel_time_sec": "660"}, {"dep_dt": "1454457003", "route_id": "Red", "arr_dt": "1454457592", "direction": "0", "travel_time_sec": "589", "benchmark_travel_time_sec": "660"}, {"dep_dt": "1454457164", "route_id": "Red", "arr_dt": "1454457870", "direction": "0", "travel_time_sec": "706", "benchmark_travel_time_sec": "660"}, {"dep_dt": "1454457626", "route_id": "Red", "arr_dt": "1454458204", "direction": "0", "travel_time_sec": "578", "benchmark_travel_time_sec": "660"}, {"dep_dt": "1454457896", "route_id": "Red", "arr_dt": "1454458475", "direction": "0", "travel_time_sec": "579", "benchmark_travel_time_sec": "660"}, {"dep_dt": "1454458349", "route_id": "Red", "arr_dt": "1454458929", "direction": "0", "travel_time_sec": "580", "benchmark_travel_time_sec": "660"}, {"dep_dt": "1454458744", "route_id": "Red", "arr_dt": "1454459329", "direction": "0", "travel_time_sec": "585", "benchmark_travel_time_sec": "660"}, {"dep_dt": "1454459148", "route_id": "Red", "arr_dt": "1454459714", "direction": "0", "travel_time_sec": "566", "benchmark_travel_time_sec": "660"}, {"dep_dt": "1454459482", "route_id": "Red", "arr_dt": "1454460046", "direction": "0", "travel_time_sec": "564", "benchmark_travel_time_sec": "660"}, {"dep_dt": "1454459731", "route_id": "Red", "arr_dt": "1454460283", "direction": "0", "travel_time_sec": "552", "benchmark_travel_time_sec": "660"}, {"dep_dt": "1454460165", "route_id": "Red", "arr_dt": "1454460728", "direction": "0", "travel_time_sec": "563", "benchmark_travel_time_sec": "660"}, {"dep_dt": "1454460384", "route_id": "Red", "arr_dt": "1454460991", "direction": "0", "travel_time_sec": "607", "benchmark_travel_time_sec": "660"}, {"dep_dt": "1454460747", "route_id": "Red", "arr_dt": "1454461332", "direction": "0", "travel_time_sec": "585", "benchmark_travel_time_sec": "550"}, {"dep_dt": "1454461001", "route_id": "Red", "arr_dt": "1454461671", "direction": "0", "travel_time_sec": "670", "benchmark_travel_time_sec": "550"}, {"dep_dt": "1454461163", "route_id": "Red", "arr_dt": "1454461867", "direction": "0", "travel_time_sec": "704", "benchmark_travel_time_sec": "550"}, {"dep_dt": "1454461423", "route_id": "Red", "arr_dt": "1454462057", "direction": "0", "travel_time_sec": "634", "benchmark_travel_time_sec": "550"}, {"dep_dt": "1454461572", "route_id": "Red", "arr_dt": "1454462233", "direction": "0", "travel_time_sec": "661", "benchmark_travel_time_sec": "550"}, {"dep_dt": "1454461825", "route_id": "Red", "arr_dt": "1454462420", "direction": "0", "travel_time_sec": "595", "benchmark_travel_time_sec": "550"}, {"dep_dt": "1454461968", "route_id": "Red", "arr_dt": "1454462582", "direction": "0", "travel_time_sec": "614", "benchmark_travel_time_sec": "550"}, {"dep_dt": "1454462406", "route_id": "Red", "arr_dt": "1454462975", "direction": "0", "travel_time_sec": "569", "benchmark_travel_time_sec": "550"}, {"dep_dt": "1454462635", "route_id": "Red", "arr_dt": "1454463231", "direction": "0", "travel_time_sec": "596", "benchmark_travel_time_sec": "540"}, {"dep_dt": "1454463144", "route_id": "Red", "arr_dt": "1454463808", "direction": "0", "travel_time_sec": "664", "benchmark_travel_time_sec": "540"}, {"dep_dt": "1454463341", "route_id": "Red", "arr_dt": "1454464037", "direction": "0", "travel_time_sec": "696", "benchmark_travel_time_sec": "540"}, {"dep_dt": "1454463884", "route_id": "Red", "arr_dt": "1454464528", "direction": "0", "travel_time_sec": "644", "benchmark_travel_time_sec": "540"}, {"dep_dt": "1454464279", "route_id": "Red", "arr_dt": "1454464954", "direction": "0", "travel_time_sec": "675", "benchmark_travel_time_sec": "540"}, {"dep_dt": "1454464574", "route_id": "Red", "arr_dt": "1454465230", "direction": "0", "travel_time_sec": "656", "benchmark_travel_time_sec": "540"}, {"dep_dt": "1454465006", "route_id": "Red", "arr_dt": "1454465659", "direction": "0", "travel_time_sec": "653", "benchmark_travel_time_sec": "540"}, {"dep_dt": "1454465156", "route_id": "Red", "arr_dt": "1454465836", "direction": "0", "travel_time_sec": "680", "benchmark_travel_time_sec": "540"}, {"dep_dt": "1454465546", "route_id": "Red", "arr_dt": "1454466154", "direction": "0", "travel_time_sec": "608", "benchmark_travel_time_sec": "540"}, {"dep_dt": "1454465774", "route_id": "Red", "arr_dt": "1454466381", "direction": "0", "travel_time_sec": "607", "benchmark_travel_time_sec": "540"}, {"dep_dt": "1454466395", "route_id": "Red", "arr_dt": "1454466969", "direction": "0", "travel_time_sec": "574", "benchmark_travel_time_sec": "540"}, {"dep_dt": "1454466606", "route_id": "Red", "arr_dt": "1454467176", "direction": "0", "travel_time_sec": "570", "benchmark_travel_time_sec": "540"}, {"dep_dt": "1454467132", "route_id": "Red", "arr_dt": "1454467694", "direction": "0", "travel_time_sec": "562", "benchmark_travel_time_sec": "540"}, {"dep_dt": "1454467690", "route_id": "Red", "arr_dt": "1454468245", "direction": "0", "travel_time_sec": "555", "benchmark_travel_time_sec": "540"}, {"dep_dt": "1454467889", "route_id": "Red", "arr_dt": "1454468449", "direction": "0", "travel_time_sec": "560", "benchmark_travel_time_sec": "540"}, {"dep_dt": "1454468098", "route_id": "Red", "arr_dt": "1454468661", "direction": "0", "travel_time_sec": "563", "benchmark_travel_time_sec": "540"}, {"dep_dt": "1454468445", "route_id": "Red", "arr_dt": "1454469015", "direction": "0", "travel_time_sec": "570", "benchmark_travel_time_sec": "540"}, {"dep_dt": "1454468695", "route_id": "Red", "arr_dt": "1454469273", "direction": "0", "travel_time_sec": "578", "benchmark_travel_time_sec": "540"}, {"dep_dt": "1454469186", "route_id": "Red", "arr_dt": "1454469749", "direction": "0", "travel_time_sec": "563", "benchmark_travel_time_sec": "540"}, {"dep_dt": "1454469384", "route_id": "Red", "arr_dt": "1454469963", "direction": "0", "travel_time_sec": "579", "benchmark_travel_time_sec": "540"}, {"dep_dt": "1454469891", "route_id": "Red", "arr_dt": "1454470437", "direction": "0", "travel_time_sec": "546", "benchmark_travel_time_sec": "540"}, {"dep_dt": "1454470112", "route_id": "Red", "arr_dt": "1454470655", "direction": "0", "travel_time_sec": "543", "benchmark_travel_time_sec": "540"}, {"dep_dt": "1454470548", "route_id": "Red", "arr_dt": "1454471116", "direction": "0", "travel_time_sec": "568", "benchmark_travel_time_sec": "540"}, {"dep_dt": "1454470962", "route_id": "Red", "arr_dt": "1454471490", "direction": "0", "travel_time_sec": "528", "benchmark_travel_time_sec": "540"}, {"dep_dt": "1454471517", "route_id": "Red", "arr_dt": "1454472063", "direction": "0", "travel_time_sec": "546", "benchmark_travel_time_sec": "540"}, {"dep_dt": "1454471994", "route_id": "Red", "arr_dt": "1454472554", "direction": "0", "travel_time_sec": "560", "benchmark_travel_time_sec": "540"}, {"dep_dt": "1454472288", "route_id": "Red", "arr_dt": "1454472829", "direction": "0", "travel_time_sec": "541", "benchmark_travel_time_sec": "540"}, {"dep_dt": "1454472514", "route_id": "Red", "arr_dt": "1454473057", "direction": "0", "travel_time_sec": "543", "benchmark_travel_time_sec": "540"}, {"dep_dt": "1454472864", "route_id": "Red", "arr_dt": "1454473429", "direction": "0", "travel_time_sec": "565", "benchmark_travel_time_sec": "540"}, {"dep_dt": "1454473487", "route_id": "Red", "arr_dt": "1454474048", "direction": "0", "travel_time_sec": "561", "benchmark_travel_time_sec": "540"}, {"dep_dt": "1454473857", "route_id": "Red", "arr_dt": "1454474419", "direction": "0", "travel_time_sec": "562", "benchmark_travel_time_sec": "540"}, {"dep_dt": "1454474366", "route_id": "Red", "arr_dt": "1454474916", "direction": "0", "travel_time_sec": "550", "benchmark_travel_time_sec": "540"}, {"dep_dt": "1454474730", "route_id": "Red", "arr_dt": "1454475301", "direction": "0", "travel_time_sec": "571", "benchmark_travel_time_sec": "540"}, {"dep_dt": "1454474926", "route_id": "Red", "arr_dt": "1454475469", "direction": "0", "travel_time_sec": "543", "benchmark_travel_time_sec": "540"}]}