{"travel_times": [{"dep_dt": "1455944041", "route_id": "Red", "arr_dt": "1455944572", "direction": "0", "travel_time_sec": "531", "benchmark_travel_time_sec": "540"}, {"dep_dt": "1455944477", "route_id": "Red", "arr_dt": "1455945000", "direction": "0", "travel_time_sec": "523", "benchmark_travel_time_sec": "540"}, {"dep_dt": "1455944946", "route_id": "Red", "arr_dt": "1455945490", "direction": "0", "travel_time_sec": "544", "benchmark_travel_time_sec": "540"}, {"dep_dt": "1455945256", "route_id": "Red", "arr_dt": "1455945797", "direction": "0", "travel_time_sec": "541", "benchmark_travel_time_sec": "540"}, {"dep_dt": "1455945857", "route_id": "Red", "arr_dt": "1455946439", "direction": "0", "travel_time_sec": "582", "benchmark_travel_time_sec": "540"}, {"dep_dt": "1455946524", "route_id": "Red", "arr_dt": "1455947135", "direction": "0", "travel_time_sec": "611", "benchmark_travel_time_sec": "540"}, {"dep_dt": "1455947154", "route_id": "Red", "arr_dt": "1455947701", "direction": "0", "travel_time_sec": "547", "benchmark_travel_time_sec": "540"}, {"dep_dt": "1455948121", "route_id": "Red", "arr_dt": "1455948757", "direction": "0", "travel_time_sec": "636", "benchmark_travel_time_sec": "540"}, {"dep_dt": "1455948517", "route_id": "Red", "arr_dt": "1455949073", "direction": "0", "travel_time_sec": "556", "benchmark_travel_time_sec": "540"}, {"dep_dt": "1455949118", "route_id": "Red", "arr_dt": "1455949687", "direction": "0", "travel_time_sec": "569", "benchmark_travel_time_sec": "540"}, {"dep_dt": "1455949939", "route_id": "Red", "arr_dt": "1455950491", "direction": "0", "travel_time_sec": "552", "benchmark_travel_time_sec": "540"}, {"dep_dt": "1455950414", "route_id": "Red", "arr_dt": "1455950954", "direction": "0", "travel_time_sec": "540", "benchmark_travel_time_sec": "540"}, {"dep_dt": "1455963913", "route_id": "Red", "arr_dt": "1455964456", "direction": "0", "travel_time_sec": "543", "benchmark_travel_time_sec": "540"}, {"dep_dt": "1455964388", "route_id": "Red", "arr_dt": "1455964910", "direction": "0", "travel_time_sec": "522", "benchmark_travel_time_sec": "540"}, {"dep_dt": "1455964699", "route_id": "Red", "arr_dt": "1455965213", "direction": "0", "travel_time_sec": "514", "benchmark_travel_time_sec": "540"}, {"dep_dt": "1455965178", "route_id": "Red", "arr_dt": "1455965747", "direction": "0", "travel_time_sec": "569", "benchmark_travel_time_sec": "540"}, {"dep_dt": "1455965572", "route_id": "Red", "arr_dt": "1455966116", "direction": "0", "travel_time_sec": "544", "benchmark_travel_time_sec": "540"}, {"dep_dt": "1455966248", "route_id": "Red", "arr_dt": "1455966784", "direction": "0", "travel_time_sec": "536", "benchmark_travel_time_sec": "540"}, {"dep_dt": "1455966585", "route_id": "Red", "arr_dt": "1455967132", "direction": "0", "travel_time_sec": "547", "benchmark_travel_time_sec": "540"}, {"dep_dt": "1455966908", "route_id": "Red", "arr_dt": "1455967426", "direction": "0", "travel_time_sec": "518", "benchmark_travel_time_sec": "540"}, {"dep_dt": "1455967496", "route_id": "Red", "arr_dt": "1455968055", "direction": "0", "travel_time_sec": "559", "benchmark_travel_time_sec": "540"}, {"dep_dt": "1455967884", "route_id": "Red", "arr_dt": "1455968400", "direction": "0", "travel_time_sec": "516", "benchmark_travel_time_sec": "540"}, {"dep_dt": "1455968086", "route_id": "Red", "arr_dt": "1455968613", "direction": "0", "travel_time_sec": "527", "benchmark_travel_time_sec": "540"}, {"dep_dt": "1455968535", "route_id": "Red", "arr_dt": "1455969088", "direction": "0", "travel_time_sec": "553", "benchmark_travel_time_sec": "540"}, {"dep_dt": "1455968987", "route_id": "Red", "arr_dt": "1455969564", "direction": "0", "travel_time_sec": "577", "benchmark_travel_time_sec": "540"}, {"dep_dt": "1455969479", "route_id": "Red", "arr_dt": "1455970055", "direction": "0", "travel_time_sec": "576", "benchmark_travel_time_sec": "540"}, {"dep_dt": "1455969935", "route_id": "Red", "arr_dt": "1455970467", "direction": "0", "travel_time_sec": "532", "benchmark_travel_time_sec": "540"}, {"dep_dt": "1455970237", "route_id": "Red", "arr_dt": "1455970759", "direction": "0", "travel_time_sec": "522", "benchmark_travel_time_sec": "540"}, {"dep_dt": "1455970528", "route_id": "Red", "arr_dt": "1455971061", "direction": "0", "travel_time_sec": "533", "benchmark_travel_time_sec": "540"}, {"dep_dt": "1455970999", "route_id": "Red", "arr_dt": "1455971525", "direction": "0", "travel_time_sec": "526", "benchmark_travel_time_sec": "540"}, {"dep_dt": "1455971428", "route_id": "Red", "arr_dt": "1455971987", "direction": "0", "travel_time_sec": "559", "benchmark_travel_time_sec": "540"}, {"dep_dt": "1455971876", "route_id": "Red", "arr_dt": "1455972420", "direction": "0", "travel_time_sec": "544", "benchmark_travel_time_sec": "540"}, {"dep_dt": "1455972257", "route_id": "Red", "arr_dt": "1455972793", "direction": "0", "travel_time_sec": "536", "benchmark_travel_time_sec": "540"}, {"dep_dt": "1455972828", "route_id": "Red", "arr_dt": "1455973374", "direction": "0", "travel_time_sec": "546", "benchmark_travel_time_sec": "540"}, {"dep_dt": "1455973214", "route_id": "Red", "arr_dt": "1455973790", "direction": "0", "travel_time_sec": "576", "benchmark_travel_time_sec": "540"}, {"dep_dt": "1455973526", "route_id": "Red", "arr_dt": "1455974033", "direction": "0", "travel_time_sec": "507", "benchmark_travel_time_sec": "540"}, {"dep_dt": "1455973909", "route_id": "Red", "arr_dt": "1455974460", "direction": "0", "travel_time_sec": "551", "benchmark_travel_time_sec": "540"}, {"dep_dt": "1455974364", "route_id": "Red", "arr_dt": "1455974888", "direction": "0", "travel_time_sec": "524", "benchmark_travel_time_sec": "540"}, {"dep_dt": "1455974866", "route_id": "Red", "arr_dt": "1455975464", "direction": "0", "travel_time_sec": "598", "benchmark_travel_time_sec": "540"}, {"dep_dt": "1455975239", "route_id": "Red", "arr_dt": "1455975793", "direction": "0", "travel_time_sec": "554", "benchmark_travel_time_sec": "540"}, {"dep_dt": "1455975617", "route_id": "Red", "arr_dt": "1455976159", "direction": "0", "travel_time_sec": "542", "benchmark_travel_time_sec": "540"}, {"dep_dt": "1455976193", "route_id": "Red", "arr_dt": "1455976771", "direction": "0", "travel_time_sec": "578", "benchmark_travel_time_sec": "540"}, {"dep_dt": "1455976457", "route_id": "Red", "arr_dt": "1455976995", "direction": "0", "travel_time_sec": "538", "benchmark_travel_time_sec": "540"}, {"dep_dt": "1455976853", "route_id": "Red", "arr_dt": "1455977378", "direction": "0", "travel_time_sec": "525", "benchmark_travel_time_sec": "540"}, {"dep_dt": "1455977295", "route_id": "Red", "arr_dt": "1455977822", "direction": "0", "travel_time_sec": "527", "benchmark_travel_time_sec": "540"}, {"dep_dt": "1455977774", "route_id": "Red", "arr_dt": "1455978317", "direction": "0", "travel_time_sec": "543", "benchmark_travel_time_sec": "540"}, {"dep_dt": "1455978194", "route_id": "Red", "arr_dt": "1455978740", "direction": "0", "travel_time_sec": "546", "benchmark_travel_time_sec": "540"}, {"dep_dt": "1455978688", "route_id": "Red", "arr_dt": "1455979254", "direction": "0", "travel_time_sec": "566", "benchmark_travel_time_sec": "540"}, {"dep_dt": "1455979097", "route_id": "Red", "arr_dt": "1455979739", "direction": "0", "travel_time_sec": "642", "benchmark_travel_time_sec": "540"}, {"dep_dt": "1455979595", "route_id": "Red", "arr_dt": "1455980135", "direction": "0", "travel_time_sec": "540", "benchmark_travel_time_sec": "540"}, {"dep_dt": "1455979987", "route_id": "Red", "arr_dt": "1455980527", "direction": "0", "travel_time_sec": "540", "benchmark_travel_time_sec": "600"}, {"dep_dt": "1455980298", "route_id": "Red", "arr_dt": "1455980823", "direction": "0", "travel_time_sec": "525", "benchmark_travel_time_sec": "600"}, {"dep_dt": "1455980720", "route_id": "Red", "arr_dt": "1455981276", "direction": "0", "travel_time_sec": "556", "benchmark_travel_time_sec": "600"}, {"dep_dt": "1455981106", "route_id": "Red", "arr_dt": "1455981630", "direction": "0", "travel_time_sec": "524", "benchmark_travel_time_sec": "600"}, {"dep_dt": "1455981537", "route_id": "Red", "arr_dt": "1455982115", "direction": "0", "travel_time_sec": "578", "benchmark_travel_time_sec": "600"}, {"dep_dt": "1455982089", "route_id": "Red", "arr_dt": "1455982673", "direction": "0", "travel_time_sec": "584", "benchmark_travel_time_sec": "600"}, {"dep_dt": "1455982331", "route_id": "Red", "arr_dt": "1455982880", "direction": "0", "travel_time_sec": "549", "benchmark_travel_time_sec": "600"}, {"dep_dt": "1455982792", "route_id": "Red", "arr_dt": "1455983346", "direction": "0", "travel_time_sec": "554", "benchmark_travel_time_sec": "600"}, {"dep_dt": "1455983249", "route_id": "Red", "arr_dt": "1455983786", "direction": "0", "travel_time_sec": "537", "benchmark_travel_time_sec": "600"}, {"dep_dt": "1455983665", "route_id": "Red", "arr_dt": "1455984223", "direction": "0", "travel_time_sec": "558", "benchmark_travel_time_sec": "600"}, {"dep_dt": "1455984039", "route_id": "Red", "arr_dt": "1455984577", "direction": "0", "travel_time_sec": "538", "benchmark_travel_time_sec": "600"}, {"dep_dt": "1455984436", "route_id": "Red", "arr_dt": "1455984973", "direction": "0", "travel_time_sec": "537", "benchmark_travel_time_sec": "600"}, {"dep_dt": "1455985061", "route_id": "Red", "arr_dt": "1455985656", "direction": "0", "travel_time_sec": "595", "benchmark_travel_time_sec": "600"}, {"dep_dt": "1455985374", "route_id": "Red", "arr_dt": "1455985944", "direction": "0", "travel_time_sec": "570", "benchmark_travel_time_sec": "600"}, {"dep_dt": "1455985787", "route_id": "Red", "arr_dt": "1455986331", "direction": "0", "travel_time_sec": "544", "benchmark_travel_time_sec": "600"}, {"dep_dt": "1455986286", "route_id": "Red", "arr_dt": "1455986862", "direction": "0", "travel_time_sec": "576", "benchmark_travel_time_sec": "600"}, {"dep_dt": "1455986615", "route_id": "Red", "arr_dt": "1455987171", "direction": "0", "travel_time_sec": "556", "benchmark_travel_time_sec": "600"}, {"dep_dt": "1455987013", "route_id": "Red", "arr_dt": "1455987562", "direction": "0", "travel_time_sec": "549", "benchmark_travel_time_sec": "600"}, {"dep_dt": "1455987425", "route_id": "Red", "arr_dt": "1455987987", "direction": "0", "travel_time_sec": "562", "benchmark_travel_time_sec": "600"}, {"dep_dt": "1455988062", "route_id": "Red", "arr_dt": "1455988661", "direction": "0", "travel_time_sec": "599", "benchmark_travel_time_sec": "600"}, {"dep_dt": "1455988299", "route_id": "Red", "arr_dt": "1455988860", "direction": "0", "travel_time_sec": "561", "benchmark_travel_time_sec": "600"}, {"dep_dt": "1455988734", "route_id": "Red", "arr_dt": "1455989299", "direction": "0", "travel_time_sec": "565", "benchmark_travel_time_sec": "600"}, {"dep_dt": "1455989135", "route_id": "Red", "arr_dt": "1455989677", "direction": "0", "travel_time_sec": "542", "benchmark_travel_time_sec": "600"}, {"dep_dt": "1455989662", "route_id": "Red", "arr_dt": "1455990230", "direction": "0", "travel_time_sec": "568", "benchmark_travel_time_sec": "600"}, {"dep_dt": "1455989989", "route_id": "Red", "arr_dt": "1455990532", "direction": "0", "travel_time_sec": "543", "benchmark_travel_time_sec": "600"}, {"dep_dt": "1455990389", "route_id": "Red", "arr_dt": "1455990946", "direction": "0", "travel_time_sec": "557", "benchmark_travel_time_sec": "600"}, {"dep_dt": "1455991113", "route_id": "Red", "arr_dt": "1455991693", "direction": "0", "travel_time_sec": "580", "benchmark_travel_time_sec": "600"}, {"dep_dt": "1455991262", "route_id": "Red", "arr_dt": "1455991873", "direction": "0", "travel_time_sec": "611", "benchmark_travel_time_sec": "600"}, {"dep_dt": "1455991735", "route_id": "Red", "arr_dt": "1455992285", "direction": "0", "travel_time_sec": "550", "benchmark_travel_time_sec": "600"}, {"dep_dt": "1455992269", "route_id": "Red", "arr_dt": "1455992874", "direction": "0", "travel_time_sec": "605", "benchmark_travel_time_sec": "600"}, {"dep_dt": "1455992576", "route_id": "Red", "arr_dt": "1455993137", "direction": "0", "travel_time_sec": "561", "benchmark_travel_time_sec": "600"}, {"dep_dt": "1455993070", "route_id": "Red", "arr_dt": "1455993661", "direction": "0", "travel_time_sec": "591", "benchmark_travel_time_sec": "600"}, {"dep_dt": "1455993213", "route_id": "Red", "arr_dt": "1455993857", "direction": "0", "travel_time_sec": "644", "benchmark_travel_time_sec": "600"}, {"dep_dt": "1455993829", "route_id": "Red", "arr_dt": "1455994368", "direction": "0", "travel_time_sec": "539", "benchmark_travel_time_sec": "600"}, {"dep_dt": "1455994277", "route_id": "Red", "arr_dt": "1455994838", "direction": "0", "travel_time_sec": "561", "benchmark_travel_time_sec": "600"}, {"dep_dt": "1455994768", "route_id": "Red", "arr_dt": "1455995346", "direction": "0", "travel_time_sec": "578", "benchmark_travel_time_sec": "600"}, {"dep_dt": "1455995007", "route_id": "Red", "arr_dt": "1455995566", "direction": "0", "travel_time_sec": "559", "benchmark_travel_time_sec": "600"}, {"dep_dt": "1455995410", "route_id": "Red", "arr_dt": "1455996018", "direction": "0", "travel_time_sec": "608", "benchmark_travel_time_sec": "600"}, {"dep_dt": "1455995826", "route_id": "Red", "arr_dt": "1455996379", "direction": "0", "travel_time_sec": "553", "benchmark_travel_time_sec": "600"}, {"dep_dt": "1455996241", "route_id": "Red", "arr_dt": "1455996834", "direction": "0", "travel_time_sec": "593", "benchmark_travel_time_sec": "600"}, {"dep_dt": "1455996692", "route_id": "Red", "arr_dt": "1455997255", "direction": "0", "travel_time_sec": "563", "benchmark_travel_time_sec": "600"}, {"dep_dt": "1455997284", "route_id": "Red", "arr_dt": "1455997871", "direction": "0", "travel_time_sec": "587", "benchmark_travel_time_sec": "600"}, {"dep_dt": "1455997546", "route_id": "Red", "arr_dt": "1455998156", "direction": "0", "travel_time_sec": "610", "benchmark_travel_time_sec": "600"}, {"dep_dt": "1455997979", "route_id": "Red", "arr_dt": "1455998562", "direction": "0", "travel_time_sec": "583", "benchmark_travel_time_sec": "600"}, {"dep_dt": "1455998361", "route_id": "Red", "arr_dt": "1455998964", "direction": "0", "travel_time_sec": "603", "benchmark_travel_time_sec": "600"}, {"dep_dt": "1455998892", "route_id": "Red", "arr_dt": "1455999538", "direction": "0", "travel_time_sec": "646", "benchmark_travel_time_sec": "600"}, {"dep_dt": "1455999321", "route_id": "Red", "arr_dt": "1456000068", "direction": "0", "travel_time_sec": "747", "benchmark_travel_time_sec": "600"}, {"dep_dt": "1455999962", "route_id": "Red", "arr_dt": "1456000557", "direction": "0", "travel_time_sec": "595", "benchmark_travel_time_sec": "600"}, {"dep_dt": "1456000463", "route_id": "Red", "arr_dt": "1456001029", "direction": "0", "travel_time_sec": "566", "benchmark_travel_time_sec": "600"}, {"dep_dt": "1456000647", "route_id": "Red", "arr_dt": "1456001209", "direction": "0", "travel_time_sec": "562", "benchmark_travel_time_sec": "600"}, {"dep_dt": "1456000982", "route_id": "Red", "arr_dt": "1456001549", "direction": "0", "travel_time_sec": "567", "benchmark_travel_time_sec": "600"}, {"dep_dt": "1456001517", "route_id": "Red", "arr_dt": "1456002087", "direction": "0", "travel_time_sec": "570", "benchmark_travel_time_sec": "600"}, {"dep_dt": "1456001736", "route_id": "Red", "arr_dt": "1456002291", "direction": "0", "travel_time_sec": "555", "benchmark_travel_time_sec": "600"}, {"dep_dt": "1456002086", "route_id": "Red", "arr_dt": "1456002661", "direction": "0", "travel_time_sec": "575", "benchmark_travel_time_sec": "600"}, {"dep_dt": "1456002565", "route_id": "Red", "arr_dt": "1456003112", "direction": "0", "travel_time_sec": "547", "benchmark_travel_time_sec": "600"}, {"dep_dt": "1456003166", "route_id": "Red", "arr_dt": "1456003751", "direction": "0", "travel_time_sec": "585", "benchmark_travel_time_sec": "600"}, {"dep_dt": "1456003368", "route_id": "Red", "arr_dt": "1456003950", "direction": "0", "travel_time_sec": "582", "benchmark_travel_time_sec": "600"}, {"dep_dt": "1456003897", "route_id": "Red", "arr_dt": "1456004472", "direction": "0", "travel_time_sec": "575", "benchmark_travel_time_sec": "600"}, {"dep_dt": "1456004256", "route_id": "Red", "arr_dt": "1456004825", "direction": "0", "travel_time_sec": "569", "benchmark_travel_time_sec": "600"}, {"dep_dt": "1456004775", "route_id": "Red", "arr_dt": "1456005374", "direction": "0", "travel_time_sec": "599", "benchmark_travel_time_sec": "600"}, {"dep_dt": "1456005114", "route_id": "Red", "arr_dt": "1456005695", "direction": "0", "travel_time_sec": "581", "benchmark_travel_time_sec": "600"}, {"dep_dt": "1456005916", "route_id": "Red", "arr_dt": "1456006540", "direction": "0", "travel_time_sec": "624", "benchmark_travel_time_sec": "600"}, {"dep_dt": "1456006128", "route_id": "Red", "arr_dt": "1456006893", "direction": "0", "travel_time_sec": "765", "benchmark_travel_time_sec": "600"}, {"dep_dt": "1456006593", "route_id": "Red", "arr_dt": "1456007126", "direction": "0", "travel_time_sec": "533", "benchmark_travel_time_sec": "600"}, {"dep_dt": "1456007125", "route_id": "Red", "arr_dt": "1456007700", "direction": "0", "travel_time_sec": "575", "benchmark_travel_time_sec": "600"}, {"dep_dt": "1456007744", "route_id": "Red", "arr_dt": "1456008385", "direction": "0", "travel_time_sec": "641", "benchmark_travel_time_sec": "600"}, {"dep_dt": "1456008108", "route_id": "Red", "arr_dt": "1456008671", "direction": "0", "travel_time_sec": "563", "benchmark_travel_time_sec": "600"}, {"dep_dt": "1456008396", "route_id": "Red", "arr_dt": "1456008950", "direction": "0", "travel_time_sec": "554", "benchmark_travel_time_sec": "600"}, {"dep_dt": "1456008800", "route_id": "Red", "arr_dt": "1456009356", "direction": "0", "travel_time_sec": "556", "benchmark_travel_time_sec": "600"}, {"dep_dt": "1456009361", "route_id": "Red", "arr_dt": "1456009939", "direction": "0", "travel_time_sec": "578", "benchmark_travel_time_sec": "600"}, {"dep_dt": "1456009622", "route_id": "Red", "arr_dt": "1456010158", "direction": "0", "travel_time_sec": "536", "benchmark_travel_time_sec": "600"}, {"dep_dt": "1456010118", "route_id": "Red", "arr_dt": "1456010707", "direction": "0", "travel_time_sec": "589", "benchmark_travel_time_sec": "600"}, {"dep_dt": "1456010355", "route_id": "Red", "arr_dt": "1456010927", "direction": "0", "travel_time_sec": "572", "benchmark_travel_time_sec": "600"}, {"dep_dt": "1456010784", "route_id": "Red", "arr_dt": "1456011347", "direction": "0", "travel_time_sec": "563", "benchmark_travel_time_sec": "600"}, {"dep_dt": "1456011274", "route_id": "Red", "arr_dt": "1456011857", "direction": "0", "travel_time_sec": "583", "benchmark_travel_time_sec": "600"}, {"dep_dt": "1456011738", "route_id": "Red", "arr_dt": "1456012323", "direction": "0", "travel_time_sec": "585", "benchmark_travel_time_sec": "600"}, {"dep_dt": "1456012584", "route_id": "Red", "arr_dt": "1456013163", "direction": "0", "travel_time_sec": "579", "benchmark_travel_time_sec": "600"}, {"dep_dt": "1456012996", "route_id": "Red", "arr_dt": "1456013564", "direction": "0", "travel_time_sec": "568", "benchmark_travel_time_sec": "600"}, {"dep_dt": "1456013417", "route_id": "Red", "arr_dt": "1456013992", "direction": "0", "travel_time_sec": "575", "benchmark_travel_time_sec": "600"}, {"dep_dt": "1456013656", "route_id": "Red", "arr_dt": "1456014192", "direction": "0", "travel_time_sec": "536", "benchmark_travel_time_sec": "600"}, {"dep_dt": "1456013829", "route_id": "Red", "arr_dt": "1456014396", "direction": "0", "travel_time_sec": "567", "benchmark_travel_time_sec": "600"}, {"dep_dt": "1456014231", "route_id": "Red", "arr_dt": "1456014801", "direction": "0", "travel_time_sec": "570", "benchmark_travel_time_sec": "600"}, {"dep_dt": "1456014672", "route_id": "Red", "arr_dt": "1456015291", "direction": "0", "travel_time_sec": "619", "benchmark_travel_time_sec": "600"}, {"dep_dt": "1456015501", "route_id": "Red", "arr_dt": "1456016223", "direction": "0", "travel_time_sec": "722", "benchmark_travel_time_sec": "600"}, {"dep_dt": "1456016247", "route_id": "Red", "arr_dt": "1456016845", "direction": "0", "travel_time_sec": "598", "benchmark_travel_time_sec": "600"}, {"dep_dt": "1456016505", "route_id": "Red", "arr_dt": "1456017081", "direction": "0", "travel_time_sec": "576", "benchmark_travel_time_sec": "600"}, {"dep_dt": "1456016938", "route_id": "Red", "arr_dt": "1456017507", "direction": "0", "travel_time_sec": "569", "benchmark_travel_time_sec": "600"}, {"dep_dt": "1456017267", "route_id": "Red", "arr_dt": "1456017851", "direction": "0", "travel_time_sec": "584", "benchmark_travel_time_sec": "600"}, {"dep_dt": "1456017616", "route_id": "Red", "arr_dt": "1456018207", "direction": "0", "travel_time_sec": "591", "benchmark_travel_time_sec": "600"}, {"dep_dt": "1456017754", "route_id": "Red", "arr_dt": "1456018378", "direction": "0", "travel_time_sec": "624", "benchmark_travel_time_sec": "600"}, {"dep_dt": "1456018289", "route_id": "Red", "arr_dt": "1456018865", "direction": "0", "travel_time_sec": "576", "benchmark_travel_time_sec": "600"}, {"dep_dt": "1456018674", "route_id": "Red", "arr_dt": "1456019240", "direction": "0", "travel_time_sec": "566", "benchmark_travel_time_sec": "600"}, {"dep_dt": "1456019018", "route_id": "Red", "arr_dt": "1456019563", "direction": "0", "travel_time_sec": "545", "benchmark_travel_time_sec": "600"}, {"dep_dt": "1456019365", "route_id": "Red", "arr_dt": "1456019901", "direction": "0", "travel_time_sec": "536", "benchmark_travel_time_sec": "600"}, {"dep_dt": "1456019875", "route_id": "Red", "arr_dt": "1456020404", "direction": "0", "travel_time_sec": "529", "benchmark_travel_time_sec": "600"}, {"dep_dt": "1456020226", "route_id": "Red", "arr_dt": "1456020766", "direction": "0", "travel_time_sec": "540", "benchmark_travel_time_sec": "600"}, {"dep_dt": "1456020867", "route_id": "Red", "arr_dt": "1456021448", "direction": "0", "travel_time_sec": "581", "benchmark_travel_time_sec": "600"}, {"dep_dt": "1456021273", "route_id": "Red", "arr_dt": "1456021888", "direction": "0", "travel_time_sec": "615", "benchmark_travel_time_sec": "600"}, {"dep_dt": "1456021522", "route_id": "Red", "arr_dt": "1456022108", "direction": "0", "travel_time_sec": "586", "benchmark_travel_time_sec": "600"}, {"dep_dt": "1456022093", "route_id": "Red", "arr_dt": "1456022653", "direction": "0", "travel_time_sec": "560", "benchmark_travel_time_sec": "600"}, {"dep_dt": "1456022328", "route_id": "Red", "arr_dt": "1456022884", "direction": "0", "travel_time_sec": "556", "benchmark_travel_time_sec": "600"}, {"dep_dt": "1456022975", "route_id": "Red", "arr_dt": "1456023552", "direction": "0", "travel_time_sec": "577", "benchmark_travel_time_sec": "600"}, {"dep_dt": "1456023795", "route_id": "Red", "arr_dt": "1456024363", "direction": "0", "travel_time_sec": "568", "benchmark_travel_time_sec": "600"}, {"dep_dt": "1456024101", "route_id": "Red", "arr_dt": "1456024781", "direction": "0", "travel_time_sec": "680", "benchmark_travel_time_sec": "600"}, {"dep_dt": "1456024540", "route_id": "Red", "arr_dt": "1456025113", "direction": "0", "travel_time_sec": "573", "benchmark_travel_time_sec": "600"}, {"dep_dt": "1456024987", "route_id": "Red", "arr_dt": "1456025574", "direction": "0", "travel_time_sec": "587", "benchmark_travel_time_sec": "600"}, {"dep_dt": "1456025295", "route_id": "Red", "arr_dt": "1456025877", "direction": "0", "travel_time_sec": "582", "benchmark_travel_time_sec": "600"}, {"dep_dt": "1456025642", "route_id": "Red", "arr_dt": "1456026188", "direction": "0", "travel_time_sec": "546", "benchmark_travel_time_sec": "600"}, {"dep_dt": "1456025837", "route_id": "Red", "arr_dt": "1456026366", "direction": "0", "travel_time_sec": "529", "benchmark_travel_time_sec": "600"}, {"dep_dt": "1456026333", "route_id": "Red", "arr_dt": "1456026889", "direction": "0", "travel_time_sec": "556", "benchmark_travel_time_sec": "600"}, {"dep_dt": "1456026596", "route_id": "Red", "arr_dt": "1456027137", "direction": "0", "travel_time_sec": "541", "benchmark_travel_time_sec": "600"}, {"dep_dt": "1456027155", "route_id": "Red", "arr_dt": "1456027758", "direction": "0", "travel_time_sec": "603", "benchmark_travel_time_sec": "600"}, {"dep_dt": "1456027621", "route_id": "Red", "arr_dt": "1456028158", "direction": "0", "travel_time_sec": "537", "benchmark_travel_time_sec": "600"}, {"dep_dt": "1456028012", "route_id": "Red", "arr_dt": "1456028615", "direction": "0", "travel_time_sec": "603", "benchmark_travel_time_sec": "600"}, {"dep_dt": "1456028247", "route_id": "Red", "arr_dt": "1456028837", "direction": "0", "travel_time_sec": "590", "benchmark_travel_time_sec": "600"}, {"dep_dt": "1456028817", "route_id": "Red", "arr_dt": "1456029346", "direction": "0", "travel_time_sec": "529", "benchmark_travel_time_sec": "600"}, {"dep_dt": "1456029056", "route_id": "Red", "arr_dt": "1456029613", "direction": "0", "travel_time_sec": "557", "benchmark_travel_time_sec": "600"}, {"dep_dt": "1456029604", "route_id": "Red", "arr_dt": "1456030154", "direction": "0", "travel_time_sec": "550", "benchmark_travel_time_sec": "600"}, {"dep_dt": "1456029945", "route_id": "Red", "arr_dt": "1456030498", "direction": "0", "travel_time_sec": "553", "benchmark_travel_time_sec": "600"}]}