{"travel_times": [{"dep_dt": "1453870399", "route_id": "Red", "arr_dt": "1453871021", "direction": "0", "travel_time_sec": "622", "benchmark_travel_time_sec": "540"}, {"dep_dt": "1453870727", "route_id": "Red", "arr_dt": "1453871325", "direction": "0", "travel_time_sec": "598", "benchmark_travel_time_sec": "540"}, {"dep_dt": "1453870943", "route_id": "Red", "arr_dt": "1453871553", "direction": "0", "travel_time_sec": "610", "benchmark_travel_time_sec": "540"}, {"dep_dt": "1453871449", "route_id": "Red", "arr_dt": "1453872064", "direction": "0", "travel_time_sec": "615", "benchmark_travel_time_sec": "540"}, {"dep_dt": "1453871819", "route_id": "Red", "arr_dt": "1453872394", "direction": "0", "travel_time_sec": "575", "benchmark_travel_time_sec": "540"}, {"dep_dt": "1453872338", "route_id": "Red", "arr_dt": "1453872925", "direction": "0", "travel_time_sec": "587", "benchmark_travel_time_sec": "540"}, {"dep_dt": "1453872555", "route_id": "Red", "arr_dt": "1453873196", "direction": "0", "travel_time_sec": "641", "benchmark_travel_time_sec": "540"}, {"dep_dt": "1453873028", "route_id": "Red", "arr_dt": "1453874019", "direction": "0", "threshold_flag_2": "threshold_id_05", "travel_time_sec": "991", "threshold_flag_1": "threshold_id_04", "benchmark_travel_time_sec": "540"}, {"dep_dt": "1453890825", "route_id": "Red", "arr_dt": "1453891384", "direction": "0", "travel_time_sec": "559", "benchmark_travel_time_sec": "540"}, {"dep_dt": "1453891012", "route_id": "Red", "arr_dt": "1453891617", "direction": "0", "travel_time_sec": "605", "benchmark_travel_time_sec": "540"}, {"dep_dt": "1453891554", "route_id": "Red", "arr_dt": "1453892093", "direction": "0", "travel_time_sec": "539", "benchmark_travel_time_sec": "540"}, {"dep_dt": "1453891934", "route_id": "Red", "arr_dt": "1453892469", "direction": "0", "travel_time_sec": "535", "benchmark_travel_time_sec": "540"}, {"dep_dt": "1453892600", "route_id": "Red", "arr_dt": "1453893154", "direction": "0", "travel_time_sec": "554", "benchmark_travel_time_sec": "540"}, {"dep_dt": "1453893002", "route_id": "Red", "arr_dt": "1453893558", "direction": "0", "travel_time_sec": "556", "benchmark_travel_time_sec": "540"}, {"dep_dt": "1453893506", "route_id": "Red", "arr_dt": "1453894090", "direction": "0", "travel_time_sec": "584", "benchmark_travel_time_sec": "540"}, {"dep_dt": "1453893846", "route_id": "Red", "arr_dt": "1453894409", "direction": "0", "travel_time_sec": "563", "benchmark_travel_time_sec": "540"}, {"dep_dt": "1453894208", "route_id": "Red", "arr_dt": "1453894778", "direction": "0", "travel_time_sec": "570", "benchmark_travel_time_sec": "540"}, {"dep_dt": "1453894563", "route_id": "Red", "arr_dt": "1453895175", "direction": "0", "travel_time_sec": "612", "benchmark_travel_time_sec": "540"}, {"dep_dt": "1453894877", "route_id": "Red", "arr_dt": "1453895466", "direction": "0", "travel_time_sec": "589", "benchmark_travel_time_sec": "540"}, {"dep_dt": "1453895246", "route_id": "Red", "arr_dt": "1453895824", "direction": "0", "travel_time_sec": "578", "benchmark_travel_time_sec": "540"}, {"dep_dt": "1453895495", "route_id": "Red", "arr_dt": "1453896093", "direction": "0", "travel_time_sec": "598", "benchmark_travel_time_sec": "651"}, {"dep_dt": "1453895864", "route_id": "Red", "arr_dt": "1453896487", "direction": "0", "travel_time_sec": "623", "benchmark_travel_time_sec": "651"}, {"dep_dt": "1453896216", "route_id": "Red", "arr_dt": "1453896837", "direction": "0", "travel_time_sec": "621", "benchmark_travel_time_sec": "651"}, {"dep_dt": "1453896341", "route_id": "Red", "arr_dt": "1453897030", "direction": "0", "travel_time_sec": "689", "benchmark_travel_time_sec": "651"}, {"dep_dt": "1453896583", "route_id": "Red", "arr_dt": "1453897216", "direction": "0", "travel_time_sec": "633", "benchmark_travel_time_sec": "651"}, {"dep_dt": "1453896767", "route_id": "Red", "arr_dt": "1453897399", "direction": "0", "travel_time_sec": "632", "benchmark_travel_time_sec": "651"}, {"dep_dt": "1453897031", "route_id": "Red", "arr_dt": "1453897622", "direction": "0", "travel_time_sec": "591", "benchmark_travel_time_sec": "651"}, {"dep_dt": "1453897376", "route_id": "Red", "arr_dt": "1453898010", "direction": "0", "travel_time_sec": "634", "benchmark_travel_time_sec": "660"}, {"dep_dt": "1453897547", "route_id": "Red", "arr_dt": "1453898210", "direction": "0", "travel_time_sec": "663", "benchmark_travel_time_sec": "660"}, {"dep_dt": "1453897767", "route_id": "Red", "arr_dt": "1453898446", "direction": "0", "travel_time_sec": "679", "benchmark_travel_time_sec": "660"}, {"dep_dt": "1453898081", "route_id": "Red", "arr_dt": "1453898700", "direction": "0", "travel_time_sec": "619", "benchmark_travel_time_sec": "660"}, {"dep_dt": "1453898267", "route_id": "Red", "arr_dt": "1453898887", "direction": "0", "travel_time_sec": "620", "benchmark_travel_time_sec": "660"}, {"dep_dt": "1453898416", "route_id": "Red", "arr_dt": "1453899094", "direction": "0", "travel_time_sec": "678", "benchmark_travel_time_sec": "660"}, {"dep_dt": "1453898585", "route_id": "Red", "arr_dt": "1453899264", "direction": "0", "travel_time_sec": "679", "benchmark_travel_time_sec": "660"}, {"dep_dt": "1453898768", "route_id": "Red", "arr_dt": "1453899431", "direction": "0", "travel_time_sec": "663", "benchmark_travel_time_sec": "660"}, {"dep_dt": "1453899015", "route_id": "Red", "arr_dt": "1453899672", "direction": "0", "travel_time_sec": "657", "benchmark_travel_time_sec": "660"}, {"dep_dt": "1453899324", "route_id": "Red", "arr_dt": "1453899902", "direction": "0", "travel_time_sec": "578", "benchmark_travel_time_sec": "660"}, {"dep_dt": "1453899468", "route_id": "Red", "arr_dt": "1453900096", "direction": "0", "travel_time_sec": "628", "benchmark_travel_time_sec": "660"}, {"dep_dt": "1453899768", "route_id": "Red", "arr_dt": "1453900384", "direction": "0", "travel_time_sec": "616", "benchmark_travel_time_sec": "660"}, {"dep_dt": "1453899918", "route_id": "Red", "arr_dt": "1453900565", "direction": "0", "travel_time_sec": "647", "benchmark_travel_time_sec": "660"}, {"dep_dt": "1453900246", "route_id": "Red", "arr_dt": "1453900905", "direction": "0", "travel_time_sec": "659", "benchmark_travel_time_sec": "660"}, {"dep_dt": "1453900634", "route_id": "Red", "arr_dt": "1453901325", "direction": "0", "travel_time_sec": "691", "benchmark_travel_time_sec": "660"}, {"dep_dt": "1453900863", "route_id": "Red", "arr_dt": "1453901546", "direction": "0", "travel_time_sec": "683", "benchmark_travel_time_sec": "660"}, {"dep_dt": "1453901143", "route_id": "Red", "arr_dt": "1453901834", "direction": "0", "travel_time_sec": "691", "benchmark_travel_time_sec": "660"}, {"dep_dt": "1453901481", "route_id": "Red", "arr_dt": "1453902121", "direction": "0", "travel_time_sec": "640", "benchmark_travel_time_sec": "660"}, {"dep_dt": "1453901802", "route_id": "Red", "arr_dt": "1453902501", "direction": "0", "travel_time_sec": "699", "benchmark_travel_time_sec": "660"}, {"dep_dt": "1453902197", "route_id": "Red", "arr_dt": "1453902899", "direction": "0", "travel_time_sec": "702", "benchmark_travel_time_sec": "660"}, {"dep_dt": "1453902367", "route_id": "Red", "arr_dt": "1453903104", "direction": "0", "travel_time_sec": "737", "benchmark_travel_time_sec": "660"}, {"dep_dt": "1453902602", "route_id": "Red", "arr_dt": "1453903323", "direction": "0", "travel_time_sec": "721", "benchmark_travel_time_sec": "660"}, {"dep_dt": "1453902756", "route_id": "Red", "arr_dt": "1453903517", "direction": "0", "travel_time_sec": "761", "benchmark_travel_time_sec": "660"}, {"dep_dt": "1453902921", "route_id": "Red", "arr_dt": "1453903755", "direction": "0", "travel_time_sec": "834", "benchmark_travel_time_sec": "660"}, {"dep_dt": "1453903100", "route_id": "Red", "arr_dt": "1453903953", "direction": "0", "travel_time_sec": "853", "threshold_flag_1": "threshold_id_04", "benchmark_travel_time_sec": "660"}, {"dep_dt": "1453903508", "route_id": "Red", "arr_dt": "1453904153", "direction": "0", "travel_time_sec": "645", "benchmark_travel_time_sec": "660"}, {"dep_dt": "1453903683", "route_id": "Red", "arr_dt": "1453904342", "direction": "0", "travel_time_sec": "659", "benchmark_travel_time_sec": "660"}, {"dep_dt": "1453903907", "route_id": "Red", "arr_dt": "1453904571", "direction": "0", "travel_time_sec": "664", "benchmark_travel_time_sec": "660"}, {"dep_dt": "1453904080", "route_id": "Red", "arr_dt": "1453904747", "direction": "0", "travel_time_sec": "667", "benchmark_travel_time_sec": "660"}, {"dep_dt": "1453904265", "route_id": "Red", "arr_dt": "1453904920", "direction": "0", "travel_time_sec": "655", "benchmark_travel_time_sec": "660"}, {"dep_dt": "1453904468", "route_id": "Red", "arr_dt": "1453905114", "direction": "0", "travel_time_sec": "646", "benchmark_travel_time_sec": "615"}, {"dep_dt": "1453904724", "route_id": "Red", "arr_dt": "1453905335", "direction": "0", "travel_time_sec": "611", "benchmark_travel_time_sec": "615"}, {"dep_dt": "1453904858", "route_id": "Red", "arr_dt": "1453905517", "direction": "0", "travel_time_sec": "659", "benchmark_travel_time_sec": "615"}, {"dep_dt": "1453905056", "route_id": "Red", "arr_dt": "1453905693", "direction": "0", "travel_time_sec": "637", "benchmark_travel_time_sec": "615"}, {"dep_dt": "1453905243", "route_id": "Red", "arr_dt": "1453905857", "direction": "0", "travel_time_sec": "614", "benchmark_travel_time_sec": "615"}, {"dep_dt": "1453905476", "route_id": "Red", "arr_dt": "1453906051", "direction": "0", "travel_time_sec": "575", "benchmark_travel_time_sec": "615"}, {"dep_dt": "1453905734", "route_id": "Red", "arr_dt": "1453906325", "direction": "0", "travel_time_sec": "591", "benchmark_travel_time_sec": "615"}, {"dep_dt": "1453905974", "route_id": "Red", "arr_dt": "1453906557", "direction": "0", "travel_time_sec": "583", "benchmark_travel_time_sec": "615"}, {"dep_dt": "1453906161", "route_id": "Red", "arr_dt": "1453906727", "direction": "0", "travel_time_sec": "566", "benchmark_travel_time_sec": "615"}, {"dep_dt": "1453906446", "route_id": "Red", "arr_dt": "1453907030", "direction": "0", "travel_time_sec": "584", "benchmark_travel_time_sec": "600"}, {"dep_dt": "1453906728", "route_id": "Red", "arr_dt": "1453907352", "direction": "0", "travel_time_sec": "624", "benchmark_travel_time_sec": "600"}, {"dep_dt": "1453906988", "route_id": "Red", "arr_dt": "1453907564", "direction": "0", "travel_time_sec": "576", "benchmark_travel_time_sec": "600"}, {"dep_dt": "1453907166", "route_id": "Red", "arr_dt": "1453907728", "direction": "0", "travel_time_sec": "562", "benchmark_travel_time_sec": "600"}, {"dep_dt": "1453907616", "route_id": "Red", "arr_dt": "1453908263", "direction": "0", "travel_time_sec": "647", "benchmark_travel_time_sec": "600"}, {"dep_dt": "1453907838", "route_id": "Red", "arr_dt": "1453908448", "direction": "0", "travel_time_sec": "610", "benchmark_travel_time_sec": "600"}, {"dep_dt": "1453908158", "route_id": "Red", "arr_dt": "1453908694", "direction": "0", "travel_time_sec": "536", "benchmark_travel_time_sec": "600"}, {"dep_dt": "1453908315", "route_id": "Red", "arr_dt": "1453908878", "direction": "0", "travel_time_sec": "563", "benchmark_travel_time_sec": "600"}, {"dep_dt": "1453908681", "route_id": "Red", "arr_dt": "1453909273", "direction": "0", "travel_time_sec": "592", "benchmark_travel_time_sec": "600"}, {"dep_dt": "1453909095", "route_id": "Red", "arr_dt": "1453909724", "direction": "0", "travel_time_sec": "629", "benchmark_travel_time_sec": "600"}, {"dep_dt": "1453909256", "route_id": "Red", "arr_dt": "1453909923", "direction": "0", "travel_time_sec": "667", "benchmark_travel_time_sec": "600"}, {"dep_dt": "1453909572", "route_id": "Red", "arr_dt": "1453910218", "direction": "0", "travel_time_sec": "646", "benchmark_travel_time_sec": "600"}, {"dep_dt": "1453909775", "route_id": "Red", "arr_dt": "1453910395", "direction": "0", "travel_time_sec": "620", "benchmark_travel_time_sec": "600"}, {"dep_dt": "1453910226", "route_id": "Red", "arr_dt": "1453910859", "direction": "0", "travel_time_sec": "633", "benchmark_travel_time_sec": "600"}, {"dep_dt": "1453910792", "route_id": "Red", "arr_dt": "1453911456", "direction": "0", "travel_time_sec": "664", "benchmark_travel_time_sec": "600"}, {"dep_dt": "1453911065", "route_id": "Red", "arr_dt": "1453911642", "direction": "0", "travel_time_sec": "577", "benchmark_travel_time_sec": "600"}, {"dep_dt": "1453911501", "route_id": "Red", "arr_dt": "1453912099", "direction": "0", "travel_time_sec": "598", "benchmark_travel_time_sec": "600"}, {"dep_dt": "1453911966", "route_id": "Red", "arr_dt": "1453912518", "direction": "0", "travel_time_sec": "552", "benchmark_travel_time_sec": "600"}, {"dep_dt": "1453912344", "route_id": "Red", "arr_dt": "1453913004", "direction": "0", "travel_time_sec": "660", "benchmark_travel_time_sec": "600"}, {"dep_dt": "1453912754", "route_id": "Red", "arr_dt": "1453913340", "direction": "0", "travel_time_sec": "586", "benchmark_travel_time_sec": "600"}, {"dep_dt": "1453913035", "route_id": "Red", "arr_dt": "1453913618", "direction": "0", "travel_time_sec": "583", "benchmark_travel_time_sec": "600"}, {"dep_dt": "1453913327", "route_id": "Red", "arr_dt": "1453913900", "direction": "0", "travel_time_sec": "573", "benchmark_travel_time_sec": "600"}, {"dep_dt": "1453913726", "route_id": "Red", "arr_dt": "1453914329", "direction": "0", "travel_time_sec": "603", "benchmark_travel_time_sec": "600"}, {"dep_dt": "1453914194", "route_id": "Red", "arr_dt": "1453914797", "direction": "0", "travel_time_sec": "603", "benchmark_travel_time_sec": "600"}, {"dep_dt": "1453914624", "route_id": "Red", "arr_dt": "1453915191", "direction": "0", "travel_time_sec": "567", "benchmark_travel_time_sec": "600"}, {"dep_dt": "1453914942", "route_id": "Red", "arr_dt": "1453915466", "direction": "0", "travel_time_sec": "524", "benchmark_travel_time_sec": "600"}, {"dep_dt": "1453915466", "route_id": "Red", "arr_dt": "1453916064", "direction": "0", "travel_time_sec": "598", "benchmark_travel_time_sec": "600"}, {"dep_dt": "1453915824", "route_id": "Red", "arr_dt": "1453916410", "direction": "0", "travel_time_sec": "586", "benchmark_travel_time_sec": "600"}, {"dep_dt": "1453916387", "route_id": "Red", "arr_dt": "1453916958", "direction": "0", "travel_time_sec": "571", "benchmark_travel_time_sec": "600"}, {"dep_dt": "1453916804", "route_id": "Red", "arr_dt": "1453917380", "direction": "0", "travel_time_sec": "576", "benchmark_travel_time_sec": "600"}, {"dep_dt": "1453917263", "route_id": "Red", "arr_dt": "1453917854", "direction": "0", "travel_time_sec": "591", "benchmark_travel_time_sec": "600"}, {"dep_dt": "1453917885", "route_id": "Red", "arr_dt": "1453918459", "direction": "0", "travel_time_sec": "574", "benchmark_travel_time_sec": "600"}, {"dep_dt": "1453918064", "route_id": "Red", "arr_dt": "1453918642", "direction": "0", "travel_time_sec": "578", "benchmark_travel_time_sec": "600"}, {"dep_dt": "1453918574", "route_id": "Red", "arr_dt": "1453919119", "direction": "0", "travel_time_sec": "545", "benchmark_travel_time_sec": "600"}, {"dep_dt": "1453918938", "route_id": "Red", "arr_dt": "1453919547", "direction": "0", "travel_time_sec": "609", "benchmark_travel_time_sec": "600"}, {"dep_dt": "1453919163", "route_id": "Red", "arr_dt": "1453919742", "direction": "0", "travel_time_sec": "579", "benchmark_travel_time_sec": "600"}, {"dep_dt": "1453919626", "route_id": "Red", "arr_dt": "1453920191", "direction": "0", "travel_time_sec": "565", "benchmark_travel_time_sec": "600"}, {"dep_dt": "1453920014", "route_id": "Red", "arr_dt": "1453920600", "direction": "0", "travel_time_sec": "586", "benchmark_travel_time_sec": "600"}, {"dep_dt": "1453920554", "route_id": "Red", "arr_dt": "1453921186", "direction": "0", "travel_time_sec": "632", "benchmark_travel_time_sec": "600"}, {"dep_dt": "1453920830", "route_id": "Red", "arr_dt": "1453921405", "direction": "0", "travel_time_sec": "575", "benchmark_travel_time_sec": "600"}, {"dep_dt": "1453921278", "route_id": "Red", "arr_dt": "1453921828", "direction": "0", "travel_time_sec": "550", "benchmark_travel_time_sec": "600"}, {"dep_dt": "1453921788", "route_id": "Red", "arr_dt": "1453922937", "direction": "0", "threshold_flag_2": "threshold_id_05", "travel_time_sec": "1149", "threshold_flag_1": "threshold_id_04", "benchmark_travel_time_sec": "600"}, {"dep_dt": "1453922156", "route_id": "Red", "arr_dt": "1453923179", "direction": "0", "threshold_flag_2": "threshold_id_05", "travel_time_sec": "1023", "threshold_flag_1": "threshold_id_04", "benchmark_travel_time_sec": "600"}, {"dep_dt": "1453922842", "route_id": "Red", "arr_dt": "1453923441", "direction": "0", "travel_time_sec": "599", "benchmark_travel_time_sec": "600"}, {"dep_dt": "1453923064", "route_id": "Red", "arr_dt": "1453923673", "direction": "0", "travel_time_sec": "609", "benchmark_travel_time_sec": "600"}, {"dep_dt": "1453923442", "route_id": "Red", "arr_dt": "1453924028", "direction": "0", "travel_time_sec": "586", "benchmark_travel_time_sec": "600"}, {"dep_dt": "1453923909", "route_id": "Red", "arr_dt": "1453924500", "direction": "0", "travel_time_sec": "591", "benchmark_travel_time_sec": "600"}, {"dep_dt": "1453924296", "route_id": "Red", "arr_dt": "1453924855", "direction": "0", "travel_time_sec": "559", "benchmark_travel_time_sec": "600"}, {"dep_dt": "1453924716", "route_id": "Red", "arr_dt": "1453925310", "direction": "0", "travel_time_sec": "594", "benchmark_travel_time_sec": "600"}, {"dep_dt": "1453925148", "route_id": "Red", "arr_dt": "1453925841", "direction": "0", "travel_time_sec": "693", "benchmark_travel_time_sec": "600"}, {"dep_dt": "1453925512", "route_id": "Red", "arr_dt": "1453926141", "direction": "0", "travel_time_sec": "629", "benchmark_travel_time_sec": "600"}, {"dep_dt": "1453926036", "route_id": "Red", "arr_dt": "1453926641", "direction": "0", "travel_time_sec": "605", "benchmark_travel_time_sec": "600"}, {"dep_dt": "1453926254", "route_id": "Red", "arr_dt": "1453926887", "direction": "0", "travel_time_sec": "633", "benchmark_travel_time_sec": "600"}, {"dep_dt": "1453926848", "route_id": "Red", "arr_dt": "1453927429", "direction": "0", "travel_time_sec": "581", "benchmark_travel_time_sec": "600"}, {"dep_dt": "1453926985", "route_id": "Red", "arr_dt": "1453927668", "direction": "0", "travel_time_sec": "683", "benchmark_travel_time_sec": "600"}, {"dep_dt": "1453927404", "route_id": "Red", "arr_dt": "1453928096", "direction": "0", "travel_time_sec": "692", "benchmark_travel_time_sec": "600"}, {"dep_dt": "1453927684", "route_id": "Red", "arr_dt": "1453928314", "direction": "0", "travel_time_sec": "630", "benchmark_travel_time_sec": "600"}, {"dep_dt": "1453928065", "route_id": "Red", "arr_dt": "1453928602", "direction": "0", "travel_time_sec": "537", "benchmark_travel_time_sec": "700"}, {"dep_dt": "1453928417", "route_id": "Red", "arr_dt": "1453929069", "direction": "0", "travel_time_sec": "652", "benchmark_travel_time_sec": "700"}, {"dep_dt": "1453928662", "route_id": "Red", "arr_dt": "1453929281", "direction": "0", "travel_time_sec": "619", "benchmark_travel_time_sec": "700"}, {"dep_dt": "1453928807", "route_id": "Red", "arr_dt": "1453929579", "direction": "0", "travel_time_sec": "772", "benchmark_travel_time_sec": "700"}, {"dep_dt": "1453929227", "route_id": "Red", "arr_dt": "1453929840", "direction": "0", "travel_time_sec": "613", "benchmark_travel_time_sec": "700"}, {"dep_dt": "1453929458", "route_id": "Red", "arr_dt": "1453930083", "direction": "0", "travel_time_sec": "625", "benchmark_travel_time_sec": "700"}, {"dep_dt": "1453929717", "route_id": "Red", "arr_dt": "1453930425", "direction": "0", "travel_time_sec": "708", "benchmark_travel_time_sec": "720"}, {"dep_dt": "1453929888", "route_id": "Red", "arr_dt": "1453930651", "direction": "0", "travel_time_sec": "763", "benchmark_travel_time_sec": "720"}, {"dep_dt": "1453930165", "route_id": "Red", "arr_dt": "1453930836", "direction": "0", "travel_time_sec": "671", "benchmark_travel_time_sec": "720"}, {"dep_dt": "1453930366", "route_id": "Red", "arr_dt": "1453931035", "direction": "0", "travel_time_sec": "669", "benchmark_travel_time_sec": "720"}, {"dep_dt": "1453930745", "route_id": "Red", "arr_dt": "1453931391", "direction": "0", "travel_time_sec": "646", "benchmark_travel_time_sec": "720"}, {"dep_dt": "1453930984", "route_id": "Red", "arr_dt": "1453931583", "direction": "0", "travel_time_sec": "599", "benchmark_travel_time_sec": "720"}, {"dep_dt": "1453931327", "route_id": "Red", "arr_dt": "1453932007", "direction": "0", "travel_time_sec": "680", "benchmark_travel_time_sec": "720"}, {"dep_dt": "1453931488", "route_id": "Red", "arr_dt": "1453932221", "direction": "0", "travel_time_sec": "733", "benchmark_travel_time_sec": "720"}, {"dep_dt": "1453931668", "route_id": "Red", "arr_dt": "1453932487", "direction": "0", "travel_time_sec": "819", "benchmark_travel_time_sec": "720"}, {"dep_dt": "1453931924", "route_id": "Red", "arr_dt": "1453932694", "direction": "0", "travel_time_sec": "770", "benchmark_travel_time_sec": "720"}, {"dep_dt": "1453932088", "route_id": "Red", "arr_dt": "1453932898", "direction": "0", "travel_time_sec": "810", "benchmark_travel_time_sec": "720"}, {"dep_dt": "1453932282", "route_id": "Red", "arr_dt": "1453933093", "direction": "0", "travel_time_sec": "811", "benchmark_travel_time_sec": "720"}, {"dep_dt": "1453932549", "route_id": "Red", "arr_dt": "1453933331", "direction": "0", "travel_time_sec": "782", "benchmark_travel_time_sec": "720"}, {"dep_dt": "1453932744", "route_id": "Red", "arr_dt": "1453933550", "direction": "0", "travel_time_sec": "806", "benchmark_travel_time_sec": "720"}, {"dep_dt": "1453932965", "route_id": "Red", "arr_dt": "1453933739", "direction": "0", "travel_time_sec": "774", "benchmark_travel_time_sec": "720"}, {"dep_dt": "1453933117", "route_id": "Red", "arr_dt": "1453933994", "direction": "0", "travel_time_sec": "877", "benchmark_travel_time_sec": "720"}, {"dep_dt": "1453933347", "route_id": "Red", "arr_dt": "1453934205", "direction": "0", "travel_time_sec": "858", "benchmark_travel_time_sec": "720"}, {"dep_dt": "1453933522", "route_id": "Red", "arr_dt": "1453934464", "direction": "0", "travel_time_sec": "942", "threshold_flag_1": "threshold_id_04", "benchmark_travel_time_sec": "720"}, {"dep_dt": "1453933839", "route_id": "Red", "arr_dt": "1453934661", "direction": "0", "travel_time_sec": "822", "benchmark_travel_time_sec": "720"}, {"dep_dt": "1453934316", "route_id": "Red", "arr_dt": "1453935008", "direction": "0", "travel_time_sec": "692", "benchmark_travel_time_sec": "720"}, {"dep_dt": "1453934598", "route_id": "Red", "arr_dt": "1453935253", "direction": "0", "travel_time_sec": "655", "benchmark_travel_time_sec": "720"}, {"dep_dt": "1453934751", "route_id": "Red", "arr_dt": "1453935476", "direction": "0", "travel_time_sec": "725", "benchmark_travel_time_sec": "720"}, {"dep_dt": "1453935106", "route_id": "Red", "arr_dt": "1453935710", "direction": "0", "travel_time_sec": "604", "benchmark_travel_time_sec": "668"}, {"dep_dt": "1453935457", "route_id": "Red", "arr_dt": "1453936081", "direction": "0", "travel_time_sec": "624", "benchmark_travel_time_sec": "668"}, {"dep_dt": "1453935692", "route_id": "Red", "arr_dt": "1453936297", "direction": "0", "travel_time_sec": "605", "benchmark_travel_time_sec": "668"}, {"dep_dt": "1453935848", "route_id": "Red", "arr_dt": "1453936499", "direction": "0", "travel_time_sec": "651", "benchmark_travel_time_sec": "668"}, {"dep_dt": "1453936207", "route_id": "Red", "arr_dt": "1453936869", "direction": "0", "travel_time_sec": "662", "benchmark_travel_time_sec": "668"}, {"dep_dt": "1453936365", "route_id": "Red", "arr_dt": "1453937068", "direction": "0", "travel_time_sec": "703", "benchmark_travel_time_sec": "668"}, {"dep_dt": "1453936603", "route_id": "Red", "arr_dt": "1453937285", "direction": "0", "travel_time_sec": "682", "benchmark_travel_time_sec": "668"}, {"dep_dt": "1453936767", "route_id": "Red", "arr_dt": "1453937467", "direction": "0", "travel_time_sec": "700", "benchmark_travel_time_sec": "660"}, {"dep_dt": "1453937036", "route_id": "Red", "arr_dt": "1453937643", "direction": "0", "travel_time_sec": "607", "benchmark_travel_time_sec": "660"}, {"dep_dt": "1453937287", "route_id": "Red", "arr_dt": "1453937854", "direction": "0", "travel_time_sec": "567", "benchmark_travel_time_sec": "660"}, {"dep_dt": "1453937649", "route_id": "Red", "arr_dt": "1453938230", "direction": "0", "travel_time_sec": "581", "benchmark_travel_time_sec": "660"}, {"dep_dt": "1453937968", "route_id": "Red", "arr_dt": "1453938549", "direction": "0", "travel_time_sec": "581", "benchmark_travel_time_sec": "660"}, {"dep_dt": "1453938263", "route_id": "Red", "arr_dt": "1453938842", "direction": "0", "travel_time_sec": "579", "benchmark_travel_time_sec": "660"}, {"dep_dt": "1453938438", "route_id": "Red", "arr_dt": "1453939042", "direction": "0", "travel_time_sec": "604", "benchmark_travel_time_sec": "660"}, {"dep_dt": "1453938649", "route_id": "Red", "arr_dt": "1453939236", "direction": "0", "travel_time_sec": "587", "benchmark_travel_time_sec": "660"}, {"dep_dt": "1453938797", "route_id": "Red", "arr_dt": "1453939417", "direction": "0", "travel_time_sec": "620", "benchmark_travel_time_sec": "660"}, {"dep_dt": "1453938975", "route_id": "Red", "arr_dt": "1453939619", "direction": "0", "travel_time_sec": "644", "benchmark_travel_time_sec": "660"}, {"dep_dt": "1453939141", "route_id": "Red", "arr_dt": "1453939862", "direction": "0", "travel_time_sec": "721", "benchmark_travel_time_sec": "660"}, {"dep_dt": "1453939453", "route_id": "Red", "arr_dt": "1453940042", "direction": "0", "travel_time_sec": "589", "benchmark_travel_time_sec": "660"}, {"dep_dt": "1453939697", "route_id": "Red", "arr_dt": "1453940257", "direction": "0", "travel_time_sec": "560", "benchmark_travel_time_sec": "660"}, {"dep_dt": "1453940127", "route_id": "Red", "arr_dt": "1453940749", "direction": "0", "travel_time_sec": "622", "benchmark_travel_time_sec": "660"}, {"dep_dt": "1453940314", "route_id": "Red", "arr_dt": "1453940968", "direction": "0", "travel_time_sec": "654", "benchmark_travel_time_sec": "660"}, {"dep_dt": "1453940545", "route_id": "Red", "arr_dt": "1453941176", "direction": "0", "travel_time_sec": "631", "benchmark_travel_time_sec": "660"}, {"dep_dt": "1453940818", "route_id": "Red", "arr_dt": "1453941375", "direction": "0", "travel_time_sec": "557", "benchmark_travel_time_sec": "660"}, {"dep_dt": "1453941126", "route_id": "Red", "arr_dt": "1453941721", "direction": "0", "travel_time_sec": "595", "benchmark_travel_time_sec": "660"}, {"dep_dt": "1453941378", "route_id": "Red", "arr_dt": "1453941953", "direction": "0", "travel_time_sec": "575", "benchmark_travel_time_sec": "660"}, {"dep_dt": "1453941655", "route_id": "Red", "arr_dt": "1453942200", "direction": "0", "travel_time_sec": "545", "benchmark_travel_time_sec": "660"}, {"dep_dt": "1453941827", "route_id": "Red", "arr_dt": "1453942425", "direction": "0", "travel_time_sec": "598", "benchmark_travel_time_sec": "660"}, {"dep_dt": "1453942157", "route_id": "Red", "arr_dt": "1453942693", "direction": "0", "travel_time_sec": "536", "benchmark_travel_time_sec": "660"}, {"dep_dt": "1453942510", "route_id": "Red", "arr_dt": "1453943091", "direction": "0", "travel_time_sec": "581", "benchmark_travel_time_sec": "550"}, {"dep_dt": "1453942734", "route_id": "Red", "arr_dt": "1453943299", "direction": "0", "travel_time_sec": "565", "benchmark_travel_time_sec": "550"}, {"dep_dt": "1453943055", "route_id": "Red", "arr_dt": "1453943622", "direction": "0", "travel_time_sec": "567", "benchmark_travel_time_sec": "550"}, {"dep_dt": "1453943502", "route_id": "Red", "arr_dt": "1453944084", "direction": "0", "travel_time_sec": "582", "benchmark_travel_time_sec": "550"}, {"dep_dt": "1453943825", "route_id": "Red", "arr_dt": "1453944398", "direction": "0", "travel_time_sec": "573", "benchmark_travel_time_sec": "550"}, {"dep_dt": "1453944229", "route_id": "Red", "arr_dt": "1453944802", "direction": "0", "travel_time_sec": "573", "benchmark_travel_time_sec": "540"}, {"dep_dt": "1453944500", "route_id": "Red", "arr_dt": "1453945071", "direction": "0", "travel_time_sec": "571", "benchmark_travel_time_sec": "540"}, {"dep_dt": "1453944869", "route_id": "Red", "arr_dt": "1453945416", "direction": "0", "travel_time_sec": "547", "benchmark_travel_time_sec": "540"}, {"dep_dt": "1453945193", "route_id": "Red", "arr_dt": "1453945782", "direction": "0", "travel_time_sec": "589", "benchmark_travel_time_sec": "540"}, {"dep_dt": "1453945683", "route_id": "Red", "arr_dt": "1453946252", "direction": "0", "travel_time_sec": "569", "benchmark_travel_time_sec": "540"}, {"dep_dt": "1453946057", "route_id": "Red", "arr_dt": "1453946623", "direction": "0", "travel_time_sec": "566", "benchmark_travel_time_sec": "540"}, {"dep_dt": "1453946396", "route_id": "Red", "arr_dt": "1453947084", "direction": "0", "travel_time_sec": "688", "benchmark_travel_time_sec": "540"}, {"dep_dt": "1453946681", "route_id": "Red", "arr_dt": "1453947280", "direction": "0", "travel_time_sec": "599", "benchmark_travel_time_sec": "540"}, {"dep_dt": "1453947038", "route_id": "Red", "arr_dt": "1453947623", "direction": "0", "travel_time_sec": "585", "benchmark_travel_time_sec": "540"}, {"dep_dt": "1453947232", "route_id": "Red", "arr_dt": "1453947830", "direction": "0", "travel_time_sec": "598", "benchmark_travel_time_sec": "540"}, {"dep_dt": "1453947889", "route_id": "Red", "arr_dt": "1453948459", "direction": "0", "travel_time_sec": "570", "benchmark_travel_time_sec": "540"}, {"dep_dt": "1453948357", "route_id": "Red", "arr_dt": "1453948972", "direction": "0", "travel_time_sec": "615", "benchmark_travel_time_sec": "540"}, {"dep_dt": "1453948542", "route_id": "Red", "arr_dt": "1453949154", "direction": "0", "travel_time_sec": "612", "benchmark_travel_time_sec": "540"}, {"dep_dt": "1453948754", "route_id": "Red", "arr_dt": "1453949338", "direction": "0", "travel_time_sec": "584", "benchmark_travel_time_sec": "540"}, {"dep_dt": "1453949083", "route_id": "Red", "arr_dt": "1453949633", "direction": "0", "travel_time_sec": "550", "benchmark_travel_time_sec": "540"}, {"dep_dt": "1453949420", "route_id": "Red", "arr_dt": "1453949956", "direction": "0", "travel_time_sec": "536", "benchmark_travel_time_sec": "540"}, {"dep_dt": "1453949777", "route_id": "Red", "arr_dt": "1453950376", "direction": "0", "travel_time_sec": "599", "benchmark_travel_time_sec": "540"}, {"dep_dt": "1453950263", "route_id": "Red", "arr_dt": "1453950842", "direction": "0", "travel_time_sec": "579", "benchmark_travel_time_sec": "540"}, {"dep_dt": "1453950834", "route_id": "Red", "arr_dt": "1453951378", "direction": "0", "travel_time_sec": "544", "benchmark_travel_time_sec": "540"}, {"dep_dt": "1453951669", "route_id": "Red", "arr_dt": "1453952290", "direction": "0", "travel_time_sec": "621", "benchmark_travel_time_sec": "540"}, {"dep_dt": "1453952137", "route_id": "Red", "arr_dt": "1453952726", "direction": "0", "travel_time_sec": "589", "benchmark_travel_time_sec": "540"}, {"dep_dt": "1453952316", "route_id": "Red", "arr_dt": "1453952908", "direction": "0", "travel_time_sec": "592", "benchmark_travel_time_sec": "540"}, {"dep_dt": "1453952786", "route_id": "Red", "arr_dt": "1453953382", "direction": "0", "travel_time_sec": "596", "benchmark_travel_time_sec": "540"}, {"dep_dt": "1453953143", "route_id": "Red", "arr_dt": "1453953708", "direction": "0", "travel_time_sec": "565", "benchmark_travel_time_sec": "540"}, {"dep_dt": "1453953737", "route_id": "Red", "arr_dt": "1453954304", "direction": "0", "travel_time_sec": "567", "benchmark_travel_time_sec": "540"}, {"dep_dt": "1453954104", "route_id": "Red", "arr_dt": "1453954664", "direction": "0", "travel_time_sec": "560", "benchmark_travel_time_sec": "540"}, {"dep_dt": "1453954632", "route_id": "Red", "arr_dt": "1453955187", "direction": "0", "travel_time_sec": "555", "benchmark_travel_time_sec": "540"}, {"dep_dt": "1453954868", "route_id": "Red", "arr_dt": "1453955406", "direction": "0", "travel_time_sec": "538", "benchmark_travel_time_sec": "540"}, {"dep_dt": "1453955026", "route_id": "Red", "arr_dt": "1453955560", "direction": "0", "travel_time_sec": "534", "benchmark_travel_time_sec": "540"}, {"dep_dt": "1453955519", "route_id": "Red", "arr_dt": "1453956073", "direction": "0", "travel_time_sec": "554", "benchmark_travel_time_sec": "540"}, {"dep_dt": "1453955669", "route_id": "Red", "arr_dt": "1453956237", "direction": "0", "travel_time_sec": "568", "benchmark_travel_time_sec": "540"}, {"dep_dt": "1453956150", "route_id": "Red", "arr_dt": "1453956701", "direction": "0", "travel_time_sec": "551", "benchmark_travel_time_sec": "540"}, {"dep_dt": "1453956446", "route_id": "Red", "arr_dt": "1453957040", "direction": "0", "travel_time_sec": "594", "benchmark_travel_time_sec": "540"}]}