{"travel_times": [{"dep_dt": "1456462407", "route_id": "Red", "arr_dt": "1456462945", "direction": "0", "travel_time_sec": "538", "benchmark_travel_time_sec": "540"}, {"dep_dt": "1456462834", "route_id": "Red", "arr_dt": "1456463367", "direction": "0", "travel_time_sec": "533", "benchmark_travel_time_sec": "540"}, {"dep_dt": "1456463094", "route_id": "Red", "arr_dt": "1456463658", "direction": "0", "travel_time_sec": "564", "benchmark_travel_time_sec": "540"}, {"dep_dt": "1456463598", "route_id": "Red", "arr_dt": "1456464127", "direction": "0", "travel_time_sec": "529", "benchmark_travel_time_sec": "540"}, {"dep_dt": "1456463943", "route_id": "Red", "arr_dt": "1456464447", "direction": "0", "travel_time_sec": "504", "benchmark_travel_time_sec": "540"}, {"dep_dt": "1456464348", "route_id": "Red", "arr_dt": "1456464893", "direction": "0", "travel_time_sec": "545", "benchmark_travel_time_sec": "540"}, {"dep_dt": "1456465181", "route_id": "Red", "arr_dt": "1456465940", "direction": "0", "travel_time_sec": "759", "threshold_flag_1": "threshold_id_04", "benchmark_travel_time_sec": "540"}, {"dep_dt": "1456482231", "route_id": "Red", "arr_dt": "1456482770", "direction": "0", "travel_time_sec": "539", "benchmark_travel_time_sec": "540"}, {"dep_dt": "1456482939", "route_id": "Red", "arr_dt": "1456483501", "direction": "0", "travel_time_sec": "562", "benchmark_travel_time_sec": "540"}, {"dep_dt": "1456483158", "route_id": "Red", "arr_dt": "1456483745", "direction": "0", "travel_time_sec": "587", "benchmark_travel_time_sec": "540"}, {"dep_dt": "1456483617", "route_id": "Red", "arr_dt": "1456484141", "direction": "0", "travel_time_sec": "524", "benchmark_travel_time_sec": "540"}, {"dep_dt": "1456483897", "route_id": "Red", "arr_dt": "1456484425", "direction": "0", "travel_time_sec": "528", "benchmark_travel_time_sec": "540"}, {"dep_dt": "1456484644", "route_id": "Red", "arr_dt": "1456485247", "direction": "0", "travel_time_sec": "603", "benchmark_travel_time_sec": "540"}, {"dep_dt": "1456484864", "route_id": "Red", "arr_dt": "1456485460", "direction": "0", "travel_time_sec": "596", "benchmark_travel_time_sec": "540"}, {"dep_dt": "1456485395", "route_id": "Red", "arr_dt": "1456485955", "direction": "0", "travel_time_sec": "560", "benchmark_travel_time_sec": "540"}, {"dep_dt": "1456485757", "route_id": "Red", "arr_dt": "1456486345", "direction": "0", "travel_time_sec": "588", "benchmark_travel_time_sec": "540"}, {"dep_dt": "1456485920", "route_id": "Red", "arr_dt": "1456486507", "direction": "0", "travel_time_sec": "587", "benchmark_travel_time_sec": "540"}, {"dep_dt": "1456486368", "route_id": "Red", "arr_dt": "1456486933", "direction": "0", "travel_time_sec": "565", "benchmark_travel_time_sec": "540"}, {"dep_dt": "1456486764", "route_id": "Red", "arr_dt": "1456487320", "direction": "0", "travel_time_sec": "556", "benchmark_travel_time_sec": "540"}, {"dep_dt": "1456487129", "route_id": "Red", "arr_dt": "1456487735", "direction": "0", "travel_time_sec": "606", "benchmark_travel_time_sec": "540"}, {"dep_dt": "1456487325", "route_id": "Red", "arr_dt": "1456487912", "direction": "0", "travel_time_sec": "587", "benchmark_travel_time_sec": "540"}, {"dep_dt": "1456487705", "route_id": "Red", "arr_dt": "1456488247", "direction": "0", "travel_time_sec": "542", "benchmark_travel_time_sec": "651"}, {"dep_dt": "1456488203", "route_id": "Red", "arr_dt": "1456488826", "direction": "0", "travel_time_sec": "623", "benchmark_travel_time_sec": "651"}, {"dep_dt": "1456488344", "route_id": "Red", "arr_dt": "1456489022", "direction": "0", "travel_time_sec": "678", "benchmark_travel_time_sec": "651"}, {"dep_dt": "1456488587", "route_id": "Red", "arr_dt": "1456489231", "direction": "0", "travel_time_sec": "644", "benchmark_travel_time_sec": "651"}, {"dep_dt": "1456488727", "route_id": "Red", "arr_dt": "1456489402", "direction": "0", "travel_time_sec": "675", "benchmark_travel_time_sec": "651"}, {"dep_dt": "1456489017", "route_id": "Red", "arr_dt": "1456489622", "direction": "0", "travel_time_sec": "605", "benchmark_travel_time_sec": "651"}, {"dep_dt": "1456489175", "route_id": "Red", "arr_dt": "1456489816", "direction": "0", "travel_time_sec": "641", "benchmark_travel_time_sec": "660"}, {"dep_dt": "1456489405", "route_id": "Red", "arr_dt": "1456490039", "direction": "0", "travel_time_sec": "634", "benchmark_travel_time_sec": "660"}, {"dep_dt": "1456489567", "route_id": "Red", "arr_dt": "1456490225", "direction": "0", "travel_time_sec": "658", "benchmark_travel_time_sec": "660"}, {"dep_dt": "1456489828", "route_id": "Red", "arr_dt": "1456490428", "direction": "0", "travel_time_sec": "600", "benchmark_travel_time_sec": "660"}, {"dep_dt": "1456489985", "route_id": "Red", "arr_dt": "1456490608", "direction": "0", "travel_time_sec": "623", "benchmark_travel_time_sec": "660"}, {"dep_dt": "1456490197", "route_id": "Red", "arr_dt": "1456490795", "direction": "0", "travel_time_sec": "598", "benchmark_travel_time_sec": "660"}, {"dep_dt": "1456490428", "route_id": "Red", "arr_dt": "1456491036", "direction": "0", "travel_time_sec": "608", "benchmark_travel_time_sec": "660"}, {"dep_dt": "1456490606", "route_id": "Red", "arr_dt": "1456491224", "direction": "0", "travel_time_sec": "618", "benchmark_travel_time_sec": "660"}, {"dep_dt": "1456490979", "route_id": "Red", "arr_dt": "1456491629", "direction": "0", "travel_time_sec": "650", "benchmark_travel_time_sec": "660"}, {"dep_dt": "1456491502", "route_id": "Red", "arr_dt": "1456492243", "direction": "0", "travel_time_sec": "741", "benchmark_travel_time_sec": "660"}, {"dep_dt": "1456491652", "route_id": "Red", "arr_dt": "1456492473", "direction": "0", "travel_time_sec": "821", "benchmark_travel_time_sec": "660"}, {"dep_dt": "1456491807", "route_id": "Red", "arr_dt": "1456492731", "direction": "0", "travel_time_sec": "924", "threshold_flag_1": "threshold_id_04", "benchmark_travel_time_sec": "660"}, {"dep_dt": "1456491979", "route_id": "Red", "arr_dt": "1456492909", "direction": "0", "travel_time_sec": "930", "threshold_flag_1": "threshold_id_04", "benchmark_travel_time_sec": "660"}, {"dep_dt": "1456492278", "route_id": "Red", "arr_dt": "1456493103", "direction": "0", "travel_time_sec": "825", "benchmark_travel_time_sec": "660"}, {"dep_dt": "1456492728", "route_id": "Red", "arr_dt": "1456493431", "direction": "0", "travel_time_sec": "703", "benchmark_travel_time_sec": "660"}, {"dep_dt": "1456492906", "route_id": "Red", "arr_dt": "1456493659", "direction": "0", "travel_time_sec": "753", "benchmark_travel_time_sec": "660"}, {"dep_dt": "1456493260", "route_id": "Red", "arr_dt": "1456493975", "direction": "0", "travel_time_sec": "715", "benchmark_travel_time_sec": "660"}, {"dep_dt": "1456493476", "route_id": "Red", "arr_dt": "1456494184", "direction": "0", "travel_time_sec": "708", "benchmark_travel_time_sec": "660"}, {"dep_dt": "1456493641", "route_id": "Red", "arr_dt": "1456494387", "direction": "0", "travel_time_sec": "746", "benchmark_travel_time_sec": "660"}, {"dep_dt": "1456493947", "route_id": "Red", "arr_dt": "1456494618", "direction": "0", "travel_time_sec": "671", "benchmark_travel_time_sec": "660"}, {"dep_dt": "1456494125", "route_id": "Red", "arr_dt": "1456494840", "direction": "0", "travel_time_sec": "715", "benchmark_travel_time_sec": "660"}, {"dep_dt": "1456494363", "route_id": "Red", "arr_dt": "1456495044", "direction": "0", "travel_time_sec": "681", "benchmark_travel_time_sec": "660"}, {"dep_dt": "1456494547", "route_id": "Red", "arr_dt": "1456495265", "direction": "0", "travel_time_sec": "718", "benchmark_travel_time_sec": "660"}, {"dep_dt": "1456494804", "route_id": "Red", "arr_dt": "1456495457", "direction": "0", "travel_time_sec": "653", "benchmark_travel_time_sec": "660"}, {"dep_dt": "1456494957", "route_id": "Red", "arr_dt": "1456495640", "direction": "0", "travel_time_sec": "683", "benchmark_travel_time_sec": "660"}, {"dep_dt": "1456495175", "route_id": "Red", "arr_dt": "1456495815", "direction": "0", "travel_time_sec": "640", "benchmark_travel_time_sec": "660"}, {"dep_dt": "1456495762", "route_id": "Red", "arr_dt": "1456496417", "direction": "0", "travel_time_sec": "655", "benchmark_travel_time_sec": "660"}, {"dep_dt": "1456495926", "route_id": "Red", "arr_dt": "1456496616", "direction": "0", "travel_time_sec": "690", "benchmark_travel_time_sec": "660"}, {"dep_dt": "1456496083", "route_id": "Red", "arr_dt": "1456497088", "direction": "0", "threshold_flag_2": "threshold_id_05", "travel_time_sec": "1005", "threshold_flag_1": "threshold_id_04", "benchmark_travel_time_sec": "615"}, {"dep_dt": "1456496255", "route_id": "Red", "arr_dt": "1456497290", "direction": "0", "threshold_flag_2": "threshold_id_05", "travel_time_sec": "1035", "threshold_flag_1": "threshold_id_04", "benchmark_travel_time_sec": "615"}, {"dep_dt": "1456496568", "route_id": "Red", "arr_dt": "1456497458", "direction": "0", "travel_time_sec": "890", "threshold_flag_1": "threshold_id_04", "benchmark_travel_time_sec": "615"}, {"dep_dt": "1456496716", "route_id": "Red", "arr_dt": "1456497632", "direction": "0", "travel_time_sec": "916", "threshold_flag_1": "threshold_id_04", "benchmark_travel_time_sec": "615"}, {"dep_dt": "1456497003", "route_id": "Red", "arr_dt": "1456497806", "direction": "0", "travel_time_sec": "803", "threshold_flag_1": "threshold_id_04", "benchmark_travel_time_sec": "615"}, {"dep_dt": "1456497312", "route_id": "Red", "arr_dt": "1456497993", "direction": "0", "travel_time_sec": "681", "benchmark_travel_time_sec": "615"}, {"dep_dt": "1456497454", "route_id": "Red", "arr_dt": "1456498170", "direction": "0", "travel_time_sec": "716", "benchmark_travel_time_sec": "615"}, {"dep_dt": "1456497981", "route_id": "Red", "arr_dt": "1456498619", "direction": "0", "travel_time_sec": "638", "benchmark_travel_time_sec": "615"}, {"dep_dt": "1456498166", "route_id": "Red", "arr_dt": "1456498820", "direction": "0", "travel_time_sec": "654", "benchmark_travel_time_sec": "600"}, {"dep_dt": "1456498460", "route_id": "Red", "arr_dt": "1456499014", "direction": "0", "travel_time_sec": "554", "benchmark_travel_time_sec": "600"}, {"dep_dt": "1456498778", "route_id": "Red", "arr_dt": "1456499457", "direction": "0", "travel_time_sec": "679", "benchmark_travel_time_sec": "600"}, {"dep_dt": "1456499420", "route_id": "Red", "arr_dt": "1456500129", "direction": "0", "travel_time_sec": "709", "benchmark_travel_time_sec": "600"}, {"dep_dt": "1456499645", "route_id": "Red", "arr_dt": "1456500345", "direction": "0", "travel_time_sec": "700", "benchmark_travel_time_sec": "600"}, {"dep_dt": "1456499920", "route_id": "Red", "arr_dt": "1456500525", "direction": "0", "travel_time_sec": "605", "benchmark_travel_time_sec": "600"}, {"dep_dt": "1456500076", "route_id": "Red", "arr_dt": "1456500694", "direction": "0", "travel_time_sec": "618", "benchmark_travel_time_sec": "600"}, {"dep_dt": "1456500244", "route_id": "Red", "arr_dt": "1456500877", "direction": "0", "travel_time_sec": "633", "benchmark_travel_time_sec": "600"}, {"dep_dt": "1456500427", "route_id": "Red", "arr_dt": "1456501032", "direction": "0", "travel_time_sec": "605", "benchmark_travel_time_sec": "600"}, {"dep_dt": "1456500574", "route_id": "Red", "arr_dt": "1456501193", "direction": "0", "travel_time_sec": "619", "benchmark_travel_time_sec": "600"}, {"dep_dt": "1456500805", "route_id": "Red", "arr_dt": "1456501397", "direction": "0", "travel_time_sec": "592", "benchmark_travel_time_sec": "600"}, {"dep_dt": "1456501147", "route_id": "Red", "arr_dt": "1456501719", "direction": "0", "travel_time_sec": "572", "benchmark_travel_time_sec": "600"}, {"dep_dt": "1456501296", "route_id": "Red", "arr_dt": "1456501883", "direction": "0", "travel_time_sec": "587", "benchmark_travel_time_sec": "600"}, {"dep_dt": "1456501667", "route_id": "Red", "arr_dt": "1456502257", "direction": "0", "travel_time_sec": "590", "benchmark_travel_time_sec": "600"}, {"dep_dt": "1456501966", "route_id": "Red", "arr_dt": "1456502522", "direction": "0", "travel_time_sec": "556", "benchmark_travel_time_sec": "600"}, {"dep_dt": "1456502538", "route_id": "Red", "arr_dt": "1456503125", "direction": "0", "travel_time_sec": "587", "benchmark_travel_time_sec": "600"}, {"dep_dt": "1456502781", "route_id": "Red", "arr_dt": "1456503671", "direction": "0", "travel_time_sec": "890", "threshold_flag_1": "threshold_id_04", "benchmark_travel_time_sec": "600"}, {"dep_dt": "1456503561", "route_id": "Red", "arr_dt": "1456504138", "direction": "0", "travel_time_sec": "577", "benchmark_travel_time_sec": "600"}, {"dep_dt": "1456503787", "route_id": "Red", "arr_dt": "1456504321", "direction": "0", "travel_time_sec": "534", "benchmark_travel_time_sec": "600"}, {"dep_dt": "1456503944", "route_id": "Red", "arr_dt": "1456504496", "direction": "0", "travel_time_sec": "552", "benchmark_travel_time_sec": "600"}, {"dep_dt": "1456504467", "route_id": "Red", "arr_dt": "1456505052", "direction": "0", "travel_time_sec": "585", "benchmark_travel_time_sec": "600"}, {"dep_dt": "1456504729", "route_id": "Red", "arr_dt": "1456505310", "direction": "0", "travel_time_sec": "581", "benchmark_travel_time_sec": "600"}, {"dep_dt": "1456505337", "route_id": "Red", "arr_dt": "1456505978", "direction": "0", "travel_time_sec": "641", "benchmark_travel_time_sec": "600"}, {"dep_dt": "1456505596", "route_id": "Red", "arr_dt": "1456506179", "direction": "0", "travel_time_sec": "583", "benchmark_travel_time_sec": "600"}, {"dep_dt": "1456506036", "route_id": "Red", "arr_dt": "1456506678", "direction": "0", "travel_time_sec": "642", "benchmark_travel_time_sec": "600"}, {"dep_dt": "1456506767", "route_id": "Red", "arr_dt": "1456507460", "direction": "0", "travel_time_sec": "693", "benchmark_travel_time_sec": "600"}, {"dep_dt": "1456506995", "route_id": "Red", "arr_dt": "1456507667", "direction": "0", "travel_time_sec": "672", "benchmark_travel_time_sec": "600"}, {"dep_dt": "1456507139", "route_id": "Red", "arr_dt": "1456507860", "direction": "0", "travel_time_sec": "721", "benchmark_travel_time_sec": "600"}, {"dep_dt": "1456507962", "route_id": "Red", "arr_dt": "1456508564", "direction": "0", "travel_time_sec": "602", "benchmark_travel_time_sec": "600"}, {"dep_dt": "1456508315", "route_id": "Red", "arr_dt": "1456508879", "direction": "0", "travel_time_sec": "564", "benchmark_travel_time_sec": "600"}, {"dep_dt": "1456508488", "route_id": "Red", "arr_dt": "1456509069", "direction": "0", "travel_time_sec": "581", "benchmark_travel_time_sec": "600"}, {"dep_dt": "1456508777", "route_id": "Red", "arr_dt": "1456509340", "direction": "0", "travel_time_sec": "563", "benchmark_travel_time_sec": "600"}, {"dep_dt": "1456509063", "route_id": "Red", "arr_dt": "1456509574", "direction": "0", "travel_time_sec": "511", "benchmark_travel_time_sec": "600"}, {"dep_dt": "1456509567", "route_id": "Red", "arr_dt": "1456510130", "direction": "0", "travel_time_sec": "563", "benchmark_travel_time_sec": "600"}, {"dep_dt": "1456509994", "route_id": "Red", "arr_dt": "1456510607", "direction": "0", "travel_time_sec": "613", "benchmark_travel_time_sec": "600"}, {"dep_dt": "1456510463", "route_id": "Red", "arr_dt": "1456511032", "direction": "0", "travel_time_sec": "569", "benchmark_travel_time_sec": "600"}, {"dep_dt": "1456510973", "route_id": "Red", "arr_dt": "1456511598", "direction": "0", "travel_time_sec": "625", "benchmark_travel_time_sec": "600"}, {"dep_dt": "1456511432", "route_id": "Red", "arr_dt": "1456512037", "direction": "0", "travel_time_sec": "605", "benchmark_travel_time_sec": "600"}, {"dep_dt": "1456511845", "route_id": "Red", "arr_dt": "1456512387", "direction": "0", "travel_time_sec": "542", "benchmark_travel_time_sec": "600"}, {"dep_dt": "1456512211", "route_id": "Red", "arr_dt": "1456512772", "direction": "0", "travel_time_sec": "561", "benchmark_travel_time_sec": "600"}, {"dep_dt": "1456512617", "route_id": "Red", "arr_dt": "1456513254", "direction": "0", "travel_time_sec": "637", "benchmark_travel_time_sec": "600"}, {"dep_dt": "1456513098", "route_id": "Red", "arr_dt": "1456513637", "direction": "0", "travel_time_sec": "539", "benchmark_travel_time_sec": "600"}, {"dep_dt": "1456513635", "route_id": "Red", "arr_dt": "1456514207", "direction": "0", "travel_time_sec": "572", "benchmark_travel_time_sec": "600"}, {"dep_dt": "1456514227", "route_id": "Red", "arr_dt": "1456514925", "direction": "0", "travel_time_sec": "698", "benchmark_travel_time_sec": "600"}, {"dep_dt": "1456514867", "route_id": "Red", "arr_dt": "1456515433", "direction": "0", "travel_time_sec": "566", "benchmark_travel_time_sec": "600"}, {"dep_dt": "1456515147", "route_id": "Red", "arr_dt": "1456515705", "direction": "0", "travel_time_sec": "558", "benchmark_travel_time_sec": "600"}, {"dep_dt": "1456515366", "route_id": "Red", "arr_dt": "1456515918", "direction": "0", "travel_time_sec": "552", "benchmark_travel_time_sec": "600"}, {"dep_dt": "1456515643", "route_id": "Red", "arr_dt": "1456516186", "direction": "0", "travel_time_sec": "543", "benchmark_travel_time_sec": "600"}, {"dep_dt": "1456516104", "route_id": "Red", "arr_dt": "1456516744", "direction": "0", "travel_time_sec": "640", "benchmark_travel_time_sec": "600"}, {"dep_dt": "1456516414", "route_id": "Red", "arr_dt": "1456516992", "direction": "0", "travel_time_sec": "578", "benchmark_travel_time_sec": "600"}, {"dep_dt": "1456516871", "route_id": "Red", "arr_dt": "1456517455", "direction": "0", "travel_time_sec": "584", "benchmark_travel_time_sec": "600"}, {"dep_dt": "1456517304", "route_id": "Red", "arr_dt": "1456517876", "direction": "0", "travel_time_sec": "572", "benchmark_travel_time_sec": "600"}, {"dep_dt": "1456517927", "route_id": "Red", "arr_dt": "1456518605", "direction": "0", "travel_time_sec": "678", "benchmark_travel_time_sec": "600"}, {"dep_dt": "1456518108", "route_id": "Red", "arr_dt": "1456518840", "direction": "0", "travel_time_sec": "732", "benchmark_travel_time_sec": "600"}, {"dep_dt": "1456518315", "route_id": "Red", "arr_dt": "1456519119", "direction": "0", "travel_time_sec": "804", "threshold_flag_1": "threshold_id_04", "benchmark_travel_time_sec": "600"}, {"dep_dt": "1456518616", "route_id": "Red", "arr_dt": "1456519330", "direction": "0", "travel_time_sec": "714", "benchmark_travel_time_sec": "600"}, {"dep_dt": "1456519012", "route_id": "Red", "arr_dt": "1456519578", "direction": "0", "travel_time_sec": "566", "benchmark_travel_time_sec": "600"}, {"dep_dt": "1456519322", "route_id": "Red", "arr_dt": "1456519935", "direction": "0", "travel_time_sec": "613", "benchmark_travel_time_sec": "600"}, {"dep_dt": "1456519825", "route_id": "Red", "arr_dt": "1456520446", "direction": "0", "travel_time_sec": "621", "benchmark_travel_time_sec": "700"}, {"dep_dt": "1456520065", "route_id": "Red", "arr_dt": "1456520661", "direction": "0", "travel_time_sec": "596", "benchmark_travel_time_sec": "700"}, {"dep_dt": "1456520468", "route_id": "Red", "arr_dt": "1456521128", "direction": "0", "travel_time_sec": "660", "benchmark_travel_time_sec": "700"}, {"dep_dt": "1456520626", "route_id": "Red", "arr_dt": "1456521332", "direction": "0", "travel_time_sec": "706", "benchmark_travel_time_sec": "700"}, {"dep_dt": "1456520938", "route_id": "Red", "arr_dt": "1456521551", "direction": "0", "travel_time_sec": "613", "benchmark_travel_time_sec": "700"}, {"dep_dt": "1456521196", "route_id": "Red", "arr_dt": "1456521788", "direction": "0", "travel_time_sec": "592", "benchmark_travel_time_sec": "700"}, {"dep_dt": "1456521578", "route_id": "Red", "arr_dt": "1456522205", "direction": "0", "travel_time_sec": "627", "benchmark_travel_time_sec": "720"}, {"dep_dt": "1456521849", "route_id": "Red", "arr_dt": "1456522481", "direction": "0", "travel_time_sec": "632", "benchmark_travel_time_sec": "720"}, {"dep_dt": "1456522040", "route_id": "Red", "arr_dt": "1456522716", "direction": "0", "travel_time_sec": "676", "benchmark_travel_time_sec": "720"}, {"dep_dt": "1456522325", "route_id": "Red", "arr_dt": "1456522969", "direction": "0", "travel_time_sec": "644", "benchmark_travel_time_sec": "720"}, {"dep_dt": "1456522590", "route_id": "Red", "arr_dt": "1456523209", "direction": "0", "travel_time_sec": "619", "benchmark_travel_time_sec": "720"}, {"dep_dt": "1456522732", "route_id": "Red", "arr_dt": "1456523391", "direction": "0", "travel_time_sec": "659", "benchmark_travel_time_sec": "720"}, {"dep_dt": "1456523096", "route_id": "Red", "arr_dt": "1456523744", "direction": "0", "travel_time_sec": "648", "benchmark_travel_time_sec": "720"}, {"dep_dt": "1456523276", "route_id": "Red", "arr_dt": "1456523932", "direction": "0", "travel_time_sec": "656", "benchmark_travel_time_sec": "720"}, {"dep_dt": "1456523549", "route_id": "Red", "arr_dt": "1456524200", "direction": "0", "travel_time_sec": "651", "benchmark_travel_time_sec": "720"}, {"dep_dt": "1456523807", "route_id": "Red", "arr_dt": "1456524455", "direction": "0", "travel_time_sec": "648", "benchmark_travel_time_sec": "720"}, {"dep_dt": "1456523985", "route_id": "Red", "arr_dt": "1456524786", "direction": "0", "travel_time_sec": "801", "benchmark_travel_time_sec": "720"}, {"dep_dt": "1456524266", "threshold_flag_3": "threshold_id_06", "route_id": "Red", "arr_dt": "1456526138", "direction": "0", "threshold_flag_2": "threshold_id_05", "travel_time_sec": "1872", "threshold_flag_1": "threshold_id_04", "benchmark_travel_time_sec": "720"}, {"dep_dt": "1456524524", "threshold_flag_3": "threshold_id_06", "route_id": "Red", "arr_dt": "1456526382", "direction": "0", "threshold_flag_2": "threshold_id_05", "travel_time_sec": "1858", "threshold_flag_1": "threshold_id_04", "benchmark_travel_time_sec": "720"}, {"dep_dt": "1456524706", "threshold_flag_3": "threshold_id_06", "route_id": "Red", "arr_dt": "1456526698", "direction": "0", "threshold_flag_2": "threshold_id_05", "travel_time_sec": "1992", "threshold_flag_1": "threshold_id_04", "benchmark_travel_time_sec": "720"}, {"dep_dt": "1456525861", "route_id": "Red", "arr_dt": "1456527060", "direction": "0", "threshold_flag_2": "threshold_id_05", "travel_time_sec": "1199", "threshold_flag_1": "threshold_id_04", "benchmark_travel_time_sec": "720"}, {"dep_dt": "1456526104", "route_id": "Red", "arr_dt": "1456527353", "direction": "0", "threshold_flag_2": "threshold_id_05", "travel_time_sec": "1249", "threshold_flag_1": "threshold_id_04", "benchmark_travel_time_sec": "720"}, {"dep_dt": "1456526249", "threshold_flag_3": "threshold_id_06", "route_id": "Red", "arr_dt": "1456527595", "direction": "0", "threshold_flag_2": "threshold_id_05", "travel_time_sec": "1346", "threshold_flag_1": "threshold_id_04", "benchmark_travel_time_sec": "720"}, {"dep_dt": "1456526426", "threshold_flag_3": "threshold_id_06", "route_id": "Red", "arr_dt": "1456527897", "direction": "0", "threshold_flag_2": "threshold_id_05", "travel_time_sec": "1471", "threshold_flag_1": "threshold_id_04", "benchmark_travel_time_sec": "668"}, {"dep_dt": "1456527106", "threshold_flag_3": "threshold_id_06", "route_id": "Red", "arr_dt": "1456529191", "direction": "0", "threshold_flag_2": "threshold_id_05", "travel_time_sec": "2085", "threshold_flag_1": "threshold_id_04", "benchmark_travel_time_sec": "668"}, {"dep_dt": "1456527291", "threshold_flag_3": "threshold_id_06", "route_id": "Red", "arr_dt": "1456529464", "direction": "0", "threshold_flag_2": "threshold_id_05", "travel_time_sec": "2173", "threshold_flag_1": "threshold_id_04", "benchmark_travel_time_sec": "660"}, {"dep_dt": "1456527533", "threshold_flag_3": "threshold_id_06", "route_id": "Red", "arr_dt": "1456529653", "direction": "0", "threshold_flag_2": "threshold_id_05", "travel_time_sec": "2120", "threshold_flag_1": "threshold_id_04", "benchmark_travel_time_sec": "660"}, {"dep_dt": "1456527856", "threshold_flag_3": "threshold_id_06", "route_id": "Red", "arr_dt": "1456529855", "direction": "0", "threshold_flag_2": "threshold_id_05", "travel_time_sec": "1999", "threshold_flag_1": "threshold_id_04", "benchmark_travel_time_sec": "660"}, {"dep_dt": "1456528088", "threshold_flag_3": "threshold_id_06", "route_id": "Red", "arr_dt": "1456530039", "direction": "0", "threshold_flag_2": "threshold_id_05", "travel_time_sec": "1951", "threshold_flag_1": "threshold_id_04", "benchmark_travel_time_sec": "660"}, {"dep_dt": "1456529187", "route_id": "Red", "arr_dt": "1456530260", "direction": "0", "threshold_flag_2": "threshold_id_05", "travel_time_sec": "1073", "threshold_flag_1": "threshold_id_04", "benchmark_travel_time_sec": "660"}, {"dep_dt": "1456529363", "route_id": "Red", "arr_dt": "1456530450", "direction": "0", "threshold_flag_2": "threshold_id_05", "travel_time_sec": "1087", "threshold_flag_1": "threshold_id_04", "benchmark_travel_time_sec": "660"}, {"dep_dt": "1456529541", "route_id": "Red", "arr_dt": "1456530630", "direction": "0", "threshold_flag_2": "threshold_id_05", "travel_time_sec": "1089", "threshold_flag_1": "threshold_id_04", "benchmark_travel_time_sec": "660"}, {"dep_dt": "1456529784", "route_id": "Red", "arr_dt": "1456530837", "direction": "0", "threshold_flag_2": "threshold_id_05", "travel_time_sec": "1053", "threshold_flag_1": "threshold_id_04", "benchmark_travel_time_sec": "660"}, {"dep_dt": "1456530061", "route_id": "Red", "arr_dt": "1456531021", "direction": "0", "travel_time_sec": "960", "threshold_flag_1": "threshold_id_04", "benchmark_travel_time_sec": "660"}, {"dep_dt": "1456530216", "route_id": "Red", "arr_dt": "1456531227", "direction": "0", "travel_time_sec": "1011", "threshold_flag_1": "threshold_id_04", "benchmark_travel_time_sec": "660"}, {"dep_dt": "1456530490", "route_id": "Red", "arr_dt": "1456531388", "direction": "0", "travel_time_sec": "898", "threshold_flag_1": "threshold_id_04", "benchmark_travel_time_sec": "660"}, {"dep_dt": "1456530742", "route_id": "Red", "arr_dt": "1456531594", "direction": "0", "travel_time_sec": "852", "threshold_flag_1": "threshold_id_04", "benchmark_travel_time_sec": "660"}, {"dep_dt": "1456530988", "route_id": "Red", "arr_dt": "1456531809", "direction": "0", "travel_time_sec": "821", "benchmark_travel_time_sec": "660"}, {"dep_dt": "1456531366", "route_id": "Red", "arr_dt": "1456532010", "direction": "0", "travel_time_sec": "644", "benchmark_travel_time_sec": "660"}, {"dep_dt": "1456531629", "route_id": "Red", "arr_dt": "1456532250", "direction": "0", "travel_time_sec": "621", "benchmark_travel_time_sec": "660"}, {"dep_dt": "1456531799", "route_id": "Red", "arr_dt": "1456532434", "direction": "0", "travel_time_sec": "635", "benchmark_travel_time_sec": "660"}, {"dep_dt": "1456532086", "route_id": "Red", "arr_dt": "1456532652", "direction": "0", "travel_time_sec": "566", "benchmark_travel_time_sec": "660"}, {"dep_dt": "1456532243", "route_id": "Red", "arr_dt": "1456532842", "direction": "0", "travel_time_sec": "599", "benchmark_travel_time_sec": "660"}, {"dep_dt": "1456532475", "route_id": "Red", "arr_dt": "1456533058", "direction": "0", "travel_time_sec": "583", "benchmark_travel_time_sec": "660"}, {"dep_dt": "1456532787", "route_id": "Red", "arr_dt": "1456533333", "direction": "0", "travel_time_sec": "546", "benchmark_travel_time_sec": "660"}, {"dep_dt": "1456533345", "route_id": "Red", "arr_dt": "1456533943", "direction": "0", "travel_time_sec": "598", "benchmark_travel_time_sec": "660"}, {"dep_dt": "1456533534", "route_id": "Red", "arr_dt": "1456534129", "direction": "0", "travel_time_sec": "595", "benchmark_travel_time_sec": "660"}, {"dep_dt": "1456533983", "route_id": "Red", "arr_dt": "1456534617", "direction": "0", "travel_time_sec": "634", "benchmark_travel_time_sec": "660"}, {"dep_dt": "1456534255", "route_id": "Red", "arr_dt": "1456534913", "direction": "0", "travel_time_sec": "658", "benchmark_travel_time_sec": "550"}, {"dep_dt": "1456534604", "route_id": "Red", "arr_dt": "1456535182", "direction": "0", "travel_time_sec": "578", "benchmark_travel_time_sec": "550"}, {"dep_dt": "1456534794", "route_id": "Red", "arr_dt": "1456535428", "direction": "0", "travel_time_sec": "634", "benchmark_travel_time_sec": "550"}, {"dep_dt": "1456535193", "route_id": "Red", "arr_dt": "1456535851", "direction": "0", "travel_time_sec": "658", "benchmark_travel_time_sec": "550"}, {"dep_dt": "1456535558", "route_id": "Red", "arr_dt": "1456536149", "direction": "0", "travel_time_sec": "591", "benchmark_travel_time_sec": "550"}, {"dep_dt": "1456535956", "route_id": "Red", "arr_dt": "1456536492", "direction": "0", "travel_time_sec": "536", "benchmark_travel_time_sec": "550"}, {"dep_dt": "1456536406", "route_id": "Red", "arr_dt": "1456536991", "direction": "0", "travel_time_sec": "585", "benchmark_travel_time_sec": "540"}, {"dep_dt": "1456536773", "route_id": "Red", "arr_dt": "1456537418", "direction": "0", "travel_time_sec": "645", "benchmark_travel_time_sec": "540"}, {"dep_dt": "1456537244", "route_id": "Red", "arr_dt": "1456537904", "direction": "0", "travel_time_sec": "660", "benchmark_travel_time_sec": "540"}, {"dep_dt": "1456537467", "route_id": "Red", "arr_dt": "1456538070", "direction": "0", "travel_time_sec": "603", "benchmark_travel_time_sec": "540"}, {"dep_dt": "1456537737", "route_id": "Red", "arr_dt": "1456538321", "direction": "0", "travel_time_sec": "584", "benchmark_travel_time_sec": "540"}, {"dep_dt": "1456538345", "route_id": "Red", "arr_dt": "1456539041", "direction": "0", "travel_time_sec": "696", "benchmark_travel_time_sec": "540"}, {"dep_dt": "1456538497", "route_id": "Red", "arr_dt": "1456539238", "direction": "0", "travel_time_sec": "741", "threshold_flag_1": "threshold_id_04", "benchmark_travel_time_sec": "540"}, {"dep_dt": "1456538905", "route_id": "Red", "arr_dt": "1456539484", "direction": "0", "travel_time_sec": "579", "benchmark_travel_time_sec": "540"}, {"dep_dt": "1456539143", "route_id": "Red", "arr_dt": "1456539729", "direction": "0", "travel_time_sec": "586", "benchmark_travel_time_sec": "540"}, {"dep_dt": "1456539552", "route_id": "Red", "arr_dt": "1456540128", "direction": "0", "travel_time_sec": "576", "benchmark_travel_time_sec": "540"}, {"dep_dt": "1456539758", "route_id": "Red", "arr_dt": "1456540322", "direction": "0", "travel_time_sec": "564", "benchmark_travel_time_sec": "540"}, {"dep_dt": "1456540212", "route_id": "Red", "arr_dt": "1456540899", "direction": "0", "travel_time_sec": "687", "benchmark_travel_time_sec": "540"}, {"dep_dt": "1456540519", "route_id": "Red", "arr_dt": "1456541102", "direction": "0", "travel_time_sec": "583", "benchmark_travel_time_sec": "540"}, {"dep_dt": "1456540988", "route_id": "Red", "arr_dt": "1456541566", "direction": "0", "travel_time_sec": "578", "benchmark_travel_time_sec": "540"}, {"dep_dt": "1456541216", "route_id": "Red", "arr_dt": "1456541775", "direction": "0", "travel_time_sec": "559", "benchmark_travel_time_sec": "540"}, {"dep_dt": "1456541597", "route_id": "Red", "arr_dt": "1456542133", "direction": "0", "travel_time_sec": "536", "benchmark_travel_time_sec": "540"}, {"dep_dt": "1456542037", "route_id": "Red", "arr_dt": "1456542593", "direction": "0", "travel_time_sec": "556", "benchmark_travel_time_sec": "540"}, {"dep_dt": "1456542323", "route_id": "Red", "arr_dt": "1456542877", "direction": "0", "travel_time_sec": "554", "benchmark_travel_time_sec": "540"}, {"dep_dt": "1456542738", "route_id": "Red", "arr_dt": "1456543299", "direction": "0", "travel_time_sec": "561", "benchmark_travel_time_sec": "540"}, {"dep_dt": "1456543033", "route_id": "Red", "arr_dt": "1456543800", "direction": "0", "travel_time_sec": "767", "threshold_flag_1": "threshold_id_04", "benchmark_travel_time_sec": "540"}, {"dep_dt": "1456543721", "route_id": "Red", "arr_dt": "1456544369", "direction": "0", "travel_time_sec": "648", "benchmark_travel_time_sec": "540"}, {"dep_dt": "1456544055", "route_id": "Red", "arr_dt": "1456544635", "direction": "0", "travel_time_sec": "580", "benchmark_travel_time_sec": "540"}, {"dep_dt": "1456544413", "route_id": "Red", "arr_dt": "1456544966", "direction": "0", "travel_time_sec": "553", "benchmark_travel_time_sec": "540"}, {"dep_dt": "1456544692", "route_id": "Red", "arr_dt": "1456545267", "direction": "0", "travel_time_sec": "575", "benchmark_travel_time_sec": "540"}, {"dep_dt": "1456545096", "route_id": "Red", "arr_dt": "1456545641", "direction": "0", "travel_time_sec": "545", "benchmark_travel_time_sec": "540"}, {"dep_dt": "1456545265", "route_id": "Red", "arr_dt": "1456545821", "direction": "0", "travel_time_sec": "556", "benchmark_travel_time_sec": "540"}, {"dep_dt": "1456545749", "route_id": "Red", "arr_dt": "1456546327", "direction": "0", "travel_time_sec": "578", "benchmark_travel_time_sec": "540"}, {"dep_dt": "1456545914", "route_id": "Red", "arr_dt": "1456546508", "direction": "0", "travel_time_sec": "594", "benchmark_travel_time_sec": "540"}, {"dep_dt": "1456546410", "route_id": "Red", "arr_dt": "1456546983", "direction": "0", "travel_time_sec": "573", "benchmark_travel_time_sec": "540"}, {"dep_dt": "1456546705", "route_id": "Red", "arr_dt": "1456547283", "direction": "0", "travel_time_sec": "578", "benchmark_travel_time_sec": "540"}, {"dep_dt": "1456546851", "route_id": "Red", "arr_dt": "1456547458", "direction": "0", "travel_time_sec": "607", "benchmark_travel_time_sec": "540"}, {"dep_dt": "1456547167", "route_id": "Red", "arr_dt": "1456547716", "direction": "0", "travel_time_sec": "549", "benchmark_travel_time_sec": "540"}, {"dep_dt": "1456547659", "route_id": "Red", "arr_dt": "1456548204", "direction": "0", "travel_time_sec": "545", "benchmark_travel_time_sec": "540"}, {"dep_dt": "1456547891", "route_id": "Red", "arr_dt": "1456548445", "direction": "0", "travel_time_sec": "554", "benchmark_travel_time_sec": "540"}, {"dep_dt": "1456548259", "route_id": "Red", "arr_dt": "1456548809", "direction": "0", "travel_time_sec": "550", "benchmark_travel_time_sec": "540"}, {"dep_dt": "1456548654", "route_id": "Red", "arr_dt": "1456549189", "direction": "0", "travel_time_sec": "535", "benchmark_travel_time_sec": "540"}]}