{"travel_times": [{"dep_dt": "1460692610", "route_id": "Red", "arr_dt": "1460693163", "direction": "0", "travel_time_sec": "553", "benchmark_travel_time_sec": "540"}, {"dep_dt": "1460692779", "route_id": "Red", "arr_dt": "1460693331", "direction": "0", "travel_time_sec": "552", "benchmark_travel_time_sec": "540"}, {"dep_dt": "1460693184", "route_id": "Red", "arr_dt": "1460693735", "direction": "0", "travel_time_sec": "551", "benchmark_travel_time_sec": "540"}, {"dep_dt": "1460693546", "route_id": "Red", "arr_dt": "1460694079", "direction": "0", "travel_time_sec": "533", "benchmark_travel_time_sec": "540"}, {"dep_dt": "1460694088", "route_id": "Red", "arr_dt": "1460694625", "direction": "0", "travel_time_sec": "537", "benchmark_travel_time_sec": "540"}, {"dep_dt": "1460694352", "route_id": "Red", "arr_dt": "1460694885", "direction": "0", "travel_time_sec": "533", "benchmark_travel_time_sec": "540"}, {"dep_dt": "1460712295", "route_id": "Red", "arr_dt": "1460712829", "direction": "0", "travel_time_sec": "534", "benchmark_travel_time_sec": "540"}, {"dep_dt": "1460712748", "route_id": "Red", "arr_dt": "1460713310", "direction": "0", "travel_time_sec": "562", "benchmark_travel_time_sec": "540"}, {"dep_dt": "1460713196", "route_id": "Red", "arr_dt": "1460713761", "direction": "0", "travel_time_sec": "565", "benchmark_travel_time_sec": "540"}, {"dep_dt": "1460713726", "route_id": "Red", "arr_dt": "1460714279", "direction": "0", "travel_time_sec": "553", "benchmark_travel_time_sec": "540"}, {"dep_dt": "1460714205", "route_id": "Red", "arr_dt": "1460714791", "direction": "0", "travel_time_sec": "586", "benchmark_travel_time_sec": "540"}, {"dep_dt": "1460714729", "route_id": "Red", "arr_dt": "1460715258", "direction": "0", "travel_time_sec": "529", "benchmark_travel_time_sec": "540"}, {"dep_dt": "1460714932", "route_id": "Red", "arr_dt": "1460715456", "direction": "0", "travel_time_sec": "524", "benchmark_travel_time_sec": "540"}, {"dep_dt": "1460715320", "route_id": "Red", "arr_dt": "1460715862", "direction": "0", "travel_time_sec": "542", "benchmark_travel_time_sec": "540"}, {"dep_dt": "1460715858", "route_id": "Red", "arr_dt": "1460716411", "direction": "0", "travel_time_sec": "553", "benchmark_travel_time_sec": "540"}, {"dep_dt": "1460715982", "route_id": "Red", "arr_dt": "1460716575", "direction": "0", "travel_time_sec": "593", "benchmark_travel_time_sec": "540"}, {"dep_dt": "1460716436", "route_id": "Red", "arr_dt": "1460717006", "direction": "0", "travel_time_sec": "570", "benchmark_travel_time_sec": "540"}, {"dep_dt": "1460716606", "route_id": "Red", "arr_dt": "1460717184", "direction": "0", "travel_time_sec": "578", "benchmark_travel_time_sec": "540"}, {"dep_dt": "1460717048", "route_id": "Red", "arr_dt": "1460717609", "direction": "0", "travel_time_sec": "561", "benchmark_travel_time_sec": "540"}, {"dep_dt": "1460717466", "route_id": "Red", "arr_dt": "1460718050", "direction": "0", "travel_time_sec": "584", "benchmark_travel_time_sec": "651"}, {"dep_dt": "1460717739", "route_id": "Red", "arr_dt": "1460718302", "direction": "0", "travel_time_sec": "563", "benchmark_travel_time_sec": "651"}, {"dep_dt": "1460718049", "route_id": "Red", "arr_dt": "1460718574", "direction": "0", "travel_time_sec": "525", "benchmark_travel_time_sec": "651"}, {"dep_dt": "1460718262", "route_id": "Red", "arr_dt": "1460718836", "direction": "0", "travel_time_sec": "574", "benchmark_travel_time_sec": "651"}, {"dep_dt": "1460718662", "route_id": "Red", "arr_dt": "1460719273", "direction": "0", "travel_time_sec": "611", "benchmark_travel_time_sec": "651"}, {"dep_dt": "1460719045", "route_id": "Red", "arr_dt": "1460719653", "direction": "0", "travel_time_sec": "608", "benchmark_travel_time_sec": "651"}, {"dep_dt": "1460719236", "route_id": "Red", "arr_dt": "1460719819", "direction": "0", "travel_time_sec": "583", "benchmark_travel_time_sec": "660"}, {"dep_dt": "1460719653", "route_id": "Red", "arr_dt": "1460720277", "direction": "0", "travel_time_sec": "624", "benchmark_travel_time_sec": "660"}, {"dep_dt": "1460719827", "route_id": "Red", "arr_dt": "1460720482", "direction": "0", "travel_time_sec": "655", "benchmark_travel_time_sec": "660"}, {"dep_dt": "1460720016", "route_id": "Red", "arr_dt": "1460720679", "direction": "0", "travel_time_sec": "663", "benchmark_travel_time_sec": "660"}, {"dep_dt": "1460720175", "route_id": "Red", "arr_dt": "1460720857", "direction": "0", "travel_time_sec": "682", "benchmark_travel_time_sec": "660"}, {"dep_dt": "1460720387", "route_id": "Red", "arr_dt": "1460721038", "direction": "0", "travel_time_sec": "651", "benchmark_travel_time_sec": "660"}, {"dep_dt": "1460720608", "route_id": "Red", "arr_dt": "1460721224", "direction": "0", "travel_time_sec": "616", "benchmark_travel_time_sec": "660"}, {"dep_dt": "1460720816", "route_id": "Red", "arr_dt": "1460721418", "direction": "0", "travel_time_sec": "602", "benchmark_travel_time_sec": "660"}, {"dep_dt": "1460720984", "route_id": "Red", "arr_dt": "1460721581", "direction": "0", "travel_time_sec": "597", "benchmark_travel_time_sec": "660"}, {"dep_dt": "1460721405", "route_id": "Red", "arr_dt": "1460722083", "direction": "0", "travel_time_sec": "678", "benchmark_travel_time_sec": "660"}, {"dep_dt": "1460721668", "route_id": "Red", "arr_dt": "1460722310", "direction": "0", "travel_time_sec": "642", "benchmark_travel_time_sec": "660"}, {"dep_dt": "1460721868", "route_id": "Red", "arr_dt": "1460722510", "direction": "0", "travel_time_sec": "642", "benchmark_travel_time_sec": "660"}, {"dep_dt": "1460722161", "route_id": "Red", "arr_dt": "1460722796", "direction": "0", "travel_time_sec": "635", "benchmark_travel_time_sec": "660"}, {"dep_dt": "1460722403", "route_id": "Red", "arr_dt": "1460723006", "direction": "0", "travel_time_sec": "603", "benchmark_travel_time_sec": "660"}, {"dep_dt": "1460722747", "route_id": "Red", "arr_dt": "1460723322", "direction": "0", "travel_time_sec": "575", "benchmark_travel_time_sec": "660"}, {"dep_dt": "1460722917", "route_id": "Red", "arr_dt": "1460723522", "direction": "0", "travel_time_sec": "605", "benchmark_travel_time_sec": "660"}, {"dep_dt": "1460723087", "route_id": "Red", "arr_dt": "1460723722", "direction": "0", "travel_time_sec": "635", "benchmark_travel_time_sec": "660"}, {"dep_dt": "1460723511", "route_id": "Red", "arr_dt": "1460724173", "direction": "0", "travel_time_sec": "662", "benchmark_travel_time_sec": "660"}, {"dep_dt": "1460723705", "route_id": "Red", "arr_dt": "1460724382", "direction": "0", "travel_time_sec": "677", "benchmark_travel_time_sec": "660"}, {"dep_dt": "1460724021", "route_id": "Red", "arr_dt": "1460724715", "direction": "0", "travel_time_sec": "694", "benchmark_travel_time_sec": "660"}, {"dep_dt": "1460724261", "route_id": "Red", "arr_dt": "1460724956", "direction": "0", "travel_time_sec": "695", "benchmark_travel_time_sec": "660"}, {"dep_dt": "1460724784", "route_id": "Red", "arr_dt": "1460725522", "direction": "0", "travel_time_sec": "738", "benchmark_travel_time_sec": "660"}, {"dep_dt": "1460725156", "route_id": "Red", "arr_dt": "1460725992", "direction": "0", "travel_time_sec": "836", "benchmark_travel_time_sec": "660"}, {"dep_dt": "1460725380", "route_id": "Red", "arr_dt": "1460726204", "direction": "0", "travel_time_sec": "824", "benchmark_travel_time_sec": "660"}, {"dep_dt": "1460725746", "route_id": "Red", "arr_dt": "1460726375", "direction": "0", "travel_time_sec": "629", "benchmark_travel_time_sec": "660"}, {"dep_dt": "1460726069", "route_id": "Red", "arr_dt": "1460726658", "direction": "0", "travel_time_sec": "589", "benchmark_travel_time_sec": "660"}, {"dep_dt": "1460726204", "route_id": "Red", "arr_dt": "1460726852", "direction": "0", "travel_time_sec": "648", "benchmark_travel_time_sec": "660"}, {"dep_dt": "1460726388", "route_id": "Red", "arr_dt": "1460727033", "direction": "0", "travel_time_sec": "645", "benchmark_travel_time_sec": "615"}, {"dep_dt": "1460726687", "route_id": "Red", "arr_dt": "1460727313", "direction": "0", "travel_time_sec": "626", "benchmark_travel_time_sec": "615"}, {"dep_dt": "1460726956", "route_id": "Red", "arr_dt": "1460727552", "direction": "0", "travel_time_sec": "596", "benchmark_travel_time_sec": "615"}, {"dep_dt": "1460727148", "route_id": "Red", "arr_dt": "1460727728", "direction": "0", "travel_time_sec": "580", "benchmark_travel_time_sec": "615"}, {"dep_dt": "1460727409", "route_id": "Red", "arr_dt": "1460728009", "direction": "0", "travel_time_sec": "600", "benchmark_travel_time_sec": "615"}, {"dep_dt": "1460727617", "route_id": "Red", "arr_dt": "1460728254", "direction": "0", "travel_time_sec": "637", "benchmark_travel_time_sec": "615"}, {"dep_dt": "1460727908", "route_id": "Red", "arr_dt": "1460728510", "direction": "0", "travel_time_sec": "602", "benchmark_travel_time_sec": "615"}, {"dep_dt": "1460728357", "route_id": "Red", "arr_dt": "1460728926", "direction": "0", "travel_time_sec": "569", "benchmark_travel_time_sec": "600"}, {"dep_dt": "1460728537", "route_id": "Red", "arr_dt": "1460729114", "direction": "0", "travel_time_sec": "577", "benchmark_travel_time_sec": "600"}, {"dep_dt": "1460728993", "route_id": "Red", "arr_dt": "1460729676", "direction": "0", "travel_time_sec": "683", "benchmark_travel_time_sec": "600"}, {"dep_dt": "1460729153", "route_id": "Red", "arr_dt": "1460729910", "direction": "0", "travel_time_sec": "757", "benchmark_travel_time_sec": "600"}, {"dep_dt": "1460729305", "route_id": "Red", "arr_dt": "1460730104", "direction": "0", "travel_time_sec": "799", "threshold_flag_1": "threshold_id_04", "benchmark_travel_time_sec": "600"}, {"dep_dt": "1460729594", "route_id": "Red", "arr_dt": "1460730267", "direction": "0", "travel_time_sec": "673", "benchmark_travel_time_sec": "600"}, {"dep_dt": "1460729796", "route_id": "Red", "arr_dt": "1460730461", "direction": "0", "travel_time_sec": "665", "benchmark_travel_time_sec": "600"}, {"dep_dt": "1460729945", "route_id": "Red", "arr_dt": "1460730616", "direction": "0", "travel_time_sec": "671", "benchmark_travel_time_sec": "600"}, {"dep_dt": "1460730294", "route_id": "Red", "arr_dt": "1460730836", "direction": "0", "travel_time_sec": "542", "benchmark_travel_time_sec": "600"}, {"dep_dt": "1460730555", "route_id": "Red", "arr_dt": "1460731108", "direction": "0", "travel_time_sec": "553", "benchmark_travel_time_sec": "600"}, {"dep_dt": "1460730927", "route_id": "Red", "arr_dt": "1460731486", "direction": "0", "travel_time_sec": "559", "benchmark_travel_time_sec": "600"}, {"dep_dt": "1460731414", "route_id": "Red", "arr_dt": "1460731972", "direction": "0", "travel_time_sec": "558", "benchmark_travel_time_sec": "600"}, {"dep_dt": "1460731675", "route_id": "Red", "arr_dt": "1460732274", "direction": "0", "travel_time_sec": "599", "benchmark_travel_time_sec": "600"}, {"dep_dt": "1460731846", "route_id": "Red", "arr_dt": "1460732437", "direction": "0", "travel_time_sec": "591", "benchmark_travel_time_sec": "600"}, {"dep_dt": "1460732145", "route_id": "Red", "arr_dt": "1460732705", "direction": "0", "travel_time_sec": "560", "benchmark_travel_time_sec": "600"}, {"dep_dt": "1460732493", "route_id": "Red", "arr_dt": "1460733090", "direction": "0", "travel_time_sec": "597", "benchmark_travel_time_sec": "600"}, {"dep_dt": "1460733186", "route_id": "Red", "arr_dt": "1460733809", "direction": "0", "travel_time_sec": "623", "benchmark_travel_time_sec": "600"}, {"dep_dt": "1460733491", "route_id": "Red", "arr_dt": "1460734125", "direction": "0", "travel_time_sec": "634", "benchmark_travel_time_sec": "600"}, {"dep_dt": "1460733927", "route_id": "Red", "arr_dt": "1460734464", "direction": "0", "travel_time_sec": "537", "benchmark_travel_time_sec": "600"}, {"dep_dt": "1460734385", "route_id": "Red", "arr_dt": "1460734978", "direction": "0", "travel_time_sec": "593", "benchmark_travel_time_sec": "600"}, {"dep_dt": "1460734907", "route_id": "Red", "arr_dt": "1460735473", "direction": "0", "travel_time_sec": "566", "benchmark_travel_time_sec": "600"}, {"dep_dt": "1460735090", "route_id": "Red", "arr_dt": "1460735676", "direction": "0", "travel_time_sec": "586", "benchmark_travel_time_sec": "600"}, {"dep_dt": "1460735777", "route_id": "Red", "arr_dt": "1460736389", "direction": "0", "travel_time_sec": "612", "benchmark_travel_time_sec": "600"}, {"dep_dt": "1460736137", "route_id": "Red", "arr_dt": "1460736720", "direction": "0", "travel_time_sec": "583", "benchmark_travel_time_sec": "600"}, {"dep_dt": "1460736369", "route_id": "Red", "arr_dt": "1460736950", "direction": "0", "travel_time_sec": "581", "benchmark_travel_time_sec": "600"}, {"dep_dt": "1460736669", "route_id": "Red", "arr_dt": "1460737234", "direction": "0", "travel_time_sec": "565", "benchmark_travel_time_sec": "600"}, {"dep_dt": "1460737086", "route_id": "Red", "arr_dt": "1460737649", "direction": "0", "travel_time_sec": "563", "benchmark_travel_time_sec": "600"}, {"dep_dt": "1460737633", "route_id": "Red", "arr_dt": "1460738212", "direction": "0", "travel_time_sec": "579", "benchmark_travel_time_sec": "600"}, {"dep_dt": "1460738356", "route_id": "Red", "arr_dt": "1460739281", "direction": "0", "travel_time_sec": "925", "threshold_flag_1": "threshold_id_04", "benchmark_travel_time_sec": "600"}, {"dep_dt": "1460738793", "route_id": "Red", "arr_dt": "1460739486", "direction": "0", "travel_time_sec": "693", "benchmark_travel_time_sec": "600"}, {"dep_dt": "1460739115", "route_id": "Red", "arr_dt": "1460739688", "direction": "0", "travel_time_sec": "573", "benchmark_travel_time_sec": "600"}, {"dep_dt": "1460739505", "route_id": "Red", "arr_dt": "1460740083", "direction": "0", "travel_time_sec": "578", "benchmark_travel_time_sec": "600"}, {"dep_dt": "1460740096", "route_id": "Red", "arr_dt": "1460740696", "direction": "0", "travel_time_sec": "600", "benchmark_travel_time_sec": "600"}, {"dep_dt": "1460740365", "route_id": "Red", "arr_dt": "1460740961", "direction": "0", "travel_time_sec": "596", "benchmark_travel_time_sec": "600"}, {"dep_dt": "1460740982", "route_id": "Red", "arr_dt": "1460741621", "direction": "0", "travel_time_sec": "639", "benchmark_travel_time_sec": "600"}, {"dep_dt": "1460741496", "route_id": "Red", "arr_dt": "1460741869", "direction": "0", "travel_time_sec": "373", "benchmark_travel_time_sec": "600"}, {"dep_dt": "1460741925", "route_id": "Red", "arr_dt": "1460742480", "direction": "0", "travel_time_sec": "555", "benchmark_travel_time_sec": "600"}, {"dep_dt": "1460742122", "route_id": "Red", "arr_dt": "1460742713", "direction": "0", "travel_time_sec": "591", "benchmark_travel_time_sec": "600"}, {"dep_dt": "1460742640", "route_id": "Red", "arr_dt": "1460743264", "direction": "0", "travel_time_sec": "624", "benchmark_travel_time_sec": "600"}, {"dep_dt": "1460742996", "route_id": "Red", "arr_dt": "1460743544", "direction": "0", "travel_time_sec": "548", "benchmark_travel_time_sec": "600"}, {"dep_dt": "1460743451", "route_id": "Red", "arr_dt": "1460743998", "direction": "0", "travel_time_sec": "547", "benchmark_travel_time_sec": "600"}, {"dep_dt": "1460743929", "route_id": "Red", "arr_dt": "1460744552", "direction": "0", "travel_time_sec": "623", "benchmark_travel_time_sec": "600"}, {"dep_dt": "1460744245", "route_id": "Red", "arr_dt": "1460744837", "direction": "0", "travel_time_sec": "592", "benchmark_travel_time_sec": "600"}, {"dep_dt": "1460745148", "route_id": "Red", "arr_dt": "1460745732", "direction": "0", "travel_time_sec": "584", "benchmark_travel_time_sec": "600"}, {"dep_dt": "1460745397", "route_id": "Red", "arr_dt": "1460745967", "direction": "0", "travel_time_sec": "570", "benchmark_travel_time_sec": "600"}, {"dep_dt": "1460745895", "route_id": "Red", "arr_dt": "1460746530", "direction": "0", "travel_time_sec": "635", "benchmark_travel_time_sec": "600"}, {"dep_dt": "1460746380", "route_id": "Red", "arr_dt": "1460746994", "direction": "0", "travel_time_sec": "614", "benchmark_travel_time_sec": "600"}, {"dep_dt": "1460746688", "route_id": "Red", "arr_dt": "1460747320", "direction": "0", "travel_time_sec": "632", "benchmark_travel_time_sec": "600"}, {"dep_dt": "1460747123", "route_id": "Red", "arr_dt": "1460747695", "direction": "0", "travel_time_sec": "572", "benchmark_travel_time_sec": "600"}, {"dep_dt": "1460747483", "route_id": "Red", "arr_dt": "1460748095", "direction": "0", "travel_time_sec": "612", "benchmark_travel_time_sec": "600"}, {"dep_dt": "1460748054", "route_id": "Red", "arr_dt": "1460748737", "direction": "0", "travel_time_sec": "683", "benchmark_travel_time_sec": "600"}, {"dep_dt": "1460748327", "route_id": "Red", "arr_dt": "1460749009", "direction": "0", "travel_time_sec": "682", "benchmark_travel_time_sec": "600"}, {"dep_dt": "1460748657", "route_id": "Red", "arr_dt": "1460749242", "direction": "0", "travel_time_sec": "585", "benchmark_travel_time_sec": "600"}, {"dep_dt": "1460749118", "route_id": "Red", "arr_dt": "1460749756", "direction": "0", "travel_time_sec": "638", "benchmark_travel_time_sec": "600"}, {"dep_dt": "1460749738", "route_id": "Red", "arr_dt": "1460750338", "direction": "0", "travel_time_sec": "600", "benchmark_travel_time_sec": "600"}, {"dep_dt": "1460749888", "route_id": "Red", "arr_dt": "1460750519", "direction": "0", "travel_time_sec": "631", "benchmark_travel_time_sec": "700"}, {"dep_dt": "1460750639", "route_id": "Red", "arr_dt": "1460751273", "direction": "0", "travel_time_sec": "634", "benchmark_travel_time_sec": "700"}, {"dep_dt": "1460750969", "route_id": "Red", "arr_dt": "1460751570", "direction": "0", "travel_time_sec": "601", "benchmark_travel_time_sec": "700"}, {"dep_dt": "1460751568", "route_id": "Red", "arr_dt": "1460752286", "direction": "0", "travel_time_sec": "718", "benchmark_travel_time_sec": "720"}, {"dep_dt": "1460751913", "route_id": "Red", "arr_dt": "1460753161", "direction": "0", "threshold_flag_2": "threshold_id_05", "travel_time_sec": "1248", "threshold_flag_1": "threshold_id_04", "benchmark_travel_time_sec": "720"}, {"dep_dt": "1460752317", "route_id": "Red", "arr_dt": "1460753363", "direction": "0", "travel_time_sec": "1046", "threshold_flag_1": "threshold_id_04", "benchmark_travel_time_sec": "720"}, {"dep_dt": "1460752470", "route_id": "Red", "arr_dt": "1460753578", "direction": "0", "threshold_flag_2": "threshold_id_05", "travel_time_sec": "1108", "threshold_flag_1": "threshold_id_04", "benchmark_travel_time_sec": "720"}, {"dep_dt": "1460752832", "route_id": "Red", "arr_dt": "1460753833", "direction": "0", "travel_time_sec": "1001", "threshold_flag_1": "threshold_id_04", "benchmark_travel_time_sec": "720"}, {"dep_dt": "1460753196", "route_id": "Red", "arr_dt": "1460754095", "direction": "0", "travel_time_sec": "899", "benchmark_travel_time_sec": "720"}, {"dep_dt": "1460753371", "route_id": "Red", "arr_dt": "1460754320", "direction": "0", "travel_time_sec": "949", "threshold_flag_1": "threshold_id_04", "benchmark_travel_time_sec": "720"}, {"dep_dt": "1460753601", "route_id": "Red", "arr_dt": "1460754895", "direction": "0", "threshold_flag_2": "threshold_id_05", "travel_time_sec": "1294", "threshold_flag_1": "threshold_id_04", "benchmark_travel_time_sec": "720"}, {"dep_dt": "1460753757", "threshold_flag_3": "threshold_id_06", "route_id": "Red", "arr_dt": "1460755179", "direction": "0", "threshold_flag_2": "threshold_id_05", "travel_time_sec": "1422", "threshold_flag_1": "threshold_id_04", "benchmark_travel_time_sec": "720"}, {"dep_dt": "1460753925", "threshold_flag_3": "threshold_id_06", "route_id": "Red", "arr_dt": "1460755451", "direction": "0", "threshold_flag_2": "threshold_id_05", "travel_time_sec": "1526", "threshold_flag_1": "threshold_id_04", "benchmark_travel_time_sec": "720"}, {"dep_dt": "1460754204", "threshold_flag_3": "threshold_id_06", "route_id": "Red", "arr_dt": "1460755640", "direction": "0", "threshold_flag_2": "threshold_id_05", "travel_time_sec": "1436", "threshold_flag_1": "threshold_id_04", "benchmark_travel_time_sec": "720"}, {"dep_dt": "1460754367", "threshold_flag_3": "threshold_id_06", "route_id": "Red", "arr_dt": "1460755832", "direction": "0", "threshold_flag_2": "threshold_id_05", "travel_time_sec": "1465", "threshold_flag_1": "threshold_id_04", "benchmark_travel_time_sec": "720"}, {"dep_dt": "1460754587", "threshold_flag_3": "threshold_id_06", "route_id": "Red", "arr_dt": "1460756061", "direction": "0", "threshold_flag_2": "threshold_id_05", "travel_time_sec": "1474", "threshold_flag_1": "threshold_id_04", "benchmark_travel_time_sec": "720"}, {"dep_dt": "1460755056", "route_id": "Red", "arr_dt": "1460756273", "direction": "0", "threshold_flag_2": "threshold_id_05", "travel_time_sec": "1217", "threshold_flag_1": "threshold_id_04", "benchmark_travel_time_sec": "720"}, {"dep_dt": "1460755503", "route_id": "Red", "arr_dt": "1460756479", "direction": "0", "travel_time_sec": "976", "threshold_flag_1": "threshold_id_04", "benchmark_travel_time_sec": "720"}, {"dep_dt": "1460755716", "route_id": "Red", "arr_dt": "1460756688", "direction": "0", "travel_time_sec": "972", "threshold_flag_1": "threshold_id_04", "benchmark_travel_time_sec": "720"}, {"dep_dt": "1460756252", "route_id": "Red", "arr_dt": "1460756901", "direction": "0", "travel_time_sec": "649", "benchmark_travel_time_sec": "720"}, {"dep_dt": "1460756393", "route_id": "Red", "arr_dt": "1460757120", "direction": "0", "travel_time_sec": "727", "benchmark_travel_time_sec": "720"}, {"dep_dt": "1460756555", "route_id": "Red", "arr_dt": "1460757333", "direction": "0", "travel_time_sec": "778", "benchmark_travel_time_sec": "720"}, {"dep_dt": "1460756710", "route_id": "Red", "arr_dt": "1460757521", "direction": "0", "travel_time_sec": "811", "benchmark_travel_time_sec": "720"}, {"dep_dt": "1460756887", "route_id": "Red", "arr_dt": "1460757757", "direction": "0", "travel_time_sec": "870", "threshold_flag_1": "threshold_id_04", "benchmark_travel_time_sec": "668"}, {"dep_dt": "1460757024", "route_id": "Red", "arr_dt": "1460757937", "direction": "0", "travel_time_sec": "913", "threshold_flag_1": "threshold_id_04", "benchmark_travel_time_sec": "668"}, {"dep_dt": "1460757186", "route_id": "Red", "arr_dt": "1460758122", "direction": "0", "travel_time_sec": "936", "threshold_flag_1": "threshold_id_04", "benchmark_travel_time_sec": "668"}, {"dep_dt": "1460757384", "route_id": "Red", "arr_dt": "1460758309", "direction": "0", "travel_time_sec": "925", "threshold_flag_1": "threshold_id_04", "benchmark_travel_time_sec": "668"}, {"dep_dt": "1460757596", "route_id": "Red", "arr_dt": "1460758505", "direction": "0", "travel_time_sec": "909", "threshold_flag_1": "threshold_id_04", "benchmark_travel_time_sec": "668"}, {"dep_dt": "1460758036", "route_id": "Red", "arr_dt": "1460758675", "direction": "0", "travel_time_sec": "639", "benchmark_travel_time_sec": "668"}, {"dep_dt": "1460758214", "route_id": "Red", "arr_dt": "1460758857", "direction": "0", "travel_time_sec": "643", "benchmark_travel_time_sec": "668"}, {"dep_dt": "1460758729", "route_id": "Red", "arr_dt": "1460759587", "direction": "0", "travel_time_sec": "858", "threshold_flag_1": "threshold_id_04", "benchmark_travel_time_sec": "660"}, {"dep_dt": "1460759083", "route_id": "Red", "arr_dt": "1460759815", "direction": "0", "travel_time_sec": "732", "benchmark_travel_time_sec": "660"}, {"dep_dt": "1460759995", "route_id": "Red", "arr_dt": "1460760729", "direction": "0", "travel_time_sec": "734", "benchmark_travel_time_sec": "660"}, {"dep_dt": "1460760346", "route_id": "Red", "arr_dt": "1460761133", "direction": "0", "travel_time_sec": "787", "benchmark_travel_time_sec": "660"}, {"dep_dt": "1460760585", "route_id": "Red", "arr_dt": "1460761312", "direction": "0", "travel_time_sec": "727", "benchmark_travel_time_sec": "660"}, {"dep_dt": "1460760987", "route_id": "Red", "arr_dt": "1460761554", "direction": "0", "travel_time_sec": "567", "benchmark_travel_time_sec": "660"}, {"dep_dt": "1460761571", "route_id": "Red", "arr_dt": "1460762286", "direction": "0", "travel_time_sec": "715", "benchmark_travel_time_sec": "660"}, {"dep_dt": "1460761727", "route_id": "Red", "arr_dt": "1460762518", "direction": "0", "travel_time_sec": "791", "benchmark_travel_time_sec": "660"}, {"dep_dt": "1460761918", "route_id": "Red", "arr_dt": "1460762748", "direction": "0", "travel_time_sec": "830", "benchmark_travel_time_sec": "660"}, {"dep_dt": "1460762093", "route_id": "Red", "arr_dt": "1460762932", "direction": "0", "travel_time_sec": "839", "benchmark_travel_time_sec": "660"}, {"dep_dt": "1460762573", "route_id": "Red", "arr_dt": "1460763159", "direction": "0", "travel_time_sec": "586", "benchmark_travel_time_sec": "660"}, {"dep_dt": "1460762751", "route_id": "Red", "arr_dt": "1460763366", "direction": "0", "travel_time_sec": "615", "benchmark_travel_time_sec": "660"}, {"dep_dt": "1460763057", "route_id": "Red", "arr_dt": "1460763638", "direction": "0", "travel_time_sec": "581", "benchmark_travel_time_sec": "660"}, {"dep_dt": "1460763247", "route_id": "Red", "arr_dt": "1460763828", "direction": "0", "travel_time_sec": "581", "benchmark_travel_time_sec": "660"}, {"dep_dt": "1460763516", "route_id": "Red", "arr_dt": "1460764059", "direction": "0", "travel_time_sec": "543", "benchmark_travel_time_sec": "660"}, {"dep_dt": "1460763683", "route_id": "Red", "arr_dt": "1460764236", "direction": "0", "travel_time_sec": "553", "benchmark_travel_time_sec": "660"}, {"dep_dt": "1460763952", "route_id": "Red", "arr_dt": "1460764510", "direction": "0", "travel_time_sec": "558", "benchmark_travel_time_sec": "660"}, {"dep_dt": "1460764117", "route_id": "Red", "arr_dt": "1460764688", "direction": "0", "travel_time_sec": "571", "benchmark_travel_time_sec": "660"}, {"dep_dt": "1460764402", "route_id": "Red", "arr_dt": "1460764949", "direction": "0", "travel_time_sec": "547", "benchmark_travel_time_sec": "550"}, {"dep_dt": "1460764556", "route_id": "Red", "arr_dt": "1460765146", "direction": "0", "travel_time_sec": "590", "benchmark_travel_time_sec": "550"}, {"dep_dt": "1460764932", "route_id": "Red", "arr_dt": "1460765526", "direction": "0", "travel_time_sec": "594", "benchmark_travel_time_sec": "550"}, {"dep_dt": "1460765245", "route_id": "Red", "arr_dt": "1460765819", "direction": "0", "travel_time_sec": "574", "benchmark_travel_time_sec": "550"}, {"dep_dt": "1460765569", "route_id": "Red", "arr_dt": "1460766137", "direction": "0", "travel_time_sec": "568", "benchmark_travel_time_sec": "550"}, {"dep_dt": "1460766047", "route_id": "Red", "arr_dt": "1460766586", "direction": "0", "travel_time_sec": "539", "benchmark_travel_time_sec": "550"}, {"dep_dt": "1460766307", "route_id": "Red", "arr_dt": "1460766839", "direction": "0", "travel_time_sec": "532", "benchmark_travel_time_sec": "540"}, {"dep_dt": "1460766469", "route_id": "Red", "arr_dt": "1460767041", "direction": "0", "travel_time_sec": "572", "benchmark_travel_time_sec": "540"}, {"dep_dt": "1460766706", "route_id": "Red", "arr_dt": "1460767269", "direction": "0", "travel_time_sec": "563", "benchmark_travel_time_sec": "540"}, {"dep_dt": "1460767235", "route_id": "Red", "arr_dt": "1460767787", "direction": "0", "travel_time_sec": "552", "benchmark_travel_time_sec": "540"}, {"dep_dt": "1460768137", "route_id": "Red", "arr_dt": "1460768714", "direction": "0", "travel_time_sec": "577", "benchmark_travel_time_sec": "540"}, {"dep_dt": "1460768339", "route_id": "Red", "arr_dt": "1460768916", "direction": "0", "travel_time_sec": "577", "benchmark_travel_time_sec": "540"}, {"dep_dt": "1460768650", "route_id": "Red", "arr_dt": "1460769219", "direction": "0", "travel_time_sec": "569", "benchmark_travel_time_sec": "540"}, {"dep_dt": "1460768986", "route_id": "Red", "arr_dt": "1460769567", "direction": "0", "travel_time_sec": "581", "benchmark_travel_time_sec": "540"}, {"dep_dt": "1460769345", "route_id": "Red", "arr_dt": "1460770141", "direction": "0", "travel_time_sec": "796", "threshold_flag_1": "threshold_id_04", "benchmark_travel_time_sec": "540"}, {"dep_dt": "1460769944", "route_id": "Red", "arr_dt": "1460770507", "direction": "0", "travel_time_sec": "563", "benchmark_travel_time_sec": "540"}, {"dep_dt": "1460770107", "route_id": "Red", "arr_dt": "1460770686", "direction": "0", "travel_time_sec": "579", "benchmark_travel_time_sec": "540"}, {"dep_dt": "1460770459", "route_id": "Red", "arr_dt": "1460771017", "direction": "0", "travel_time_sec": "558", "benchmark_travel_time_sec": "540"}, {"dep_dt": "1460770608", "route_id": "Red", "arr_dt": "1460771213", "direction": "0", "travel_time_sec": "605", "benchmark_travel_time_sec": "540"}, {"dep_dt": "1460770890", "route_id": "Red", "arr_dt": "1460771453", "direction": "0", "travel_time_sec": "563", "benchmark_travel_time_sec": "540"}, {"dep_dt": "1460771419", "route_id": "Red", "arr_dt": "1460771961", "direction": "0", "travel_time_sec": "542", "benchmark_travel_time_sec": "540"}, {"dep_dt": "1460771676", "route_id": "Red", "arr_dt": "1460772225", "direction": "0", "travel_time_sec": "549", "benchmark_travel_time_sec": "540"}, {"dep_dt": "1460772162", "route_id": "Red", "arr_dt": "1460772753", "direction": "0", "travel_time_sec": "591", "benchmark_travel_time_sec": "540"}, {"dep_dt": "1460772475", "route_id": "Red", "arr_dt": "1460773070", "direction": "0", "travel_time_sec": "595", "benchmark_travel_time_sec": "540"}, {"dep_dt": "1460772640", "route_id": "Red", "arr_dt": "1460773262", "direction": "0", "travel_time_sec": "622", "benchmark_travel_time_sec": "540"}, {"dep_dt": "1460773127", "route_id": "Red", "arr_dt": "1460773696", "direction": "0", "travel_time_sec": "569", "benchmark_travel_time_sec": "540"}, {"dep_dt": "1460773626", "route_id": "Red", "arr_dt": "1460774181", "direction": "0", "travel_time_sec": "555", "benchmark_travel_time_sec": "540"}, {"dep_dt": "1460773874", "route_id": "Red", "arr_dt": "1460774428", "direction": "0", "travel_time_sec": "554", "benchmark_travel_time_sec": "540"}, {"dep_dt": "1460774337", "route_id": "Red", "arr_dt": "1460774903", "direction": "0", "travel_time_sec": "566", "benchmark_travel_time_sec": "540"}, {"dep_dt": "1460774559", "route_id": "Red", "arr_dt": "1460775113", "direction": "0", "travel_time_sec": "554", "benchmark_travel_time_sec": "540"}, {"dep_dt": "1460774866", "route_id": "Red", "arr_dt": "1460775423", "direction": "0", "travel_time_sec": "557", "benchmark_travel_time_sec": "540"}, {"dep_dt": "1460775223", "route_id": "Red", "arr_dt": "1460775819", "direction": "0", "travel_time_sec": "596", "benchmark_travel_time_sec": "540"}, {"dep_dt": "1460775802", "route_id": "Red", "arr_dt": "1460776352", "direction": "0", "travel_time_sec": "550", "benchmark_travel_time_sec": "540"}, {"dep_dt": "1460775953", "route_id": "Red", "arr_dt": "1460776564", "direction": "0", "travel_time_sec": "611", "benchmark_travel_time_sec": "540"}, {"dep_dt": "1460776305", "route_id": "Red", "arr_dt": "1460776846", "direction": "0", "travel_time_sec": "541", "benchmark_travel_time_sec": "540"}, {"dep_dt": "1460776756", "route_id": "Red", "arr_dt": "1460777330", "direction": "0", "travel_time_sec": "574", "benchmark_travel_time_sec": "540"}, {"dep_dt": "1460777107", "route_id": "Red", "arr_dt": "1460777664", "direction": "0", "travel_time_sec": "557", "benchmark_travel_time_sec": "540"}, {"dep_dt": "1460777435", "route_id": "Red", "arr_dt": "1460777973", "direction": "0", "travel_time_sec": "538", "benchmark_travel_time_sec": "540"}, {"dep_dt": "1460778036", "route_id": "Red", "arr_dt": "1460778611", "direction": "0", "travel_time_sec": "575", "benchmark_travel_time_sec": "540"}]}