{"travel_times": [{"dep_dt": "1460951769", "route_id": "Red", "arr_dt": "1460952324", "direction": "0", "travel_time_sec": "555", "benchmark_travel_time_sec": "600"}, {"dep_dt": "1460952473", "route_id": "Red", "arr_dt": "1460953040", "direction": "0", "travel_time_sec": "567", "benchmark_travel_time_sec": "600"}, {"dep_dt": "1460952649", "route_id": "Red", "arr_dt": "1460953221", "direction": "0", "travel_time_sec": "572", "benchmark_travel_time_sec": "600"}, {"dep_dt": "1460953147", "route_id": "Red", "arr_dt": "1460953699", "direction": "0", "travel_time_sec": "552", "benchmark_travel_time_sec": "600"}, {"dep_dt": "1460953493", "route_id": "Red", "arr_dt": "1460954022", "direction": "0", "travel_time_sec": "529", "benchmark_travel_time_sec": "600"}, {"dep_dt": "1460953831", "route_id": "Red", "arr_dt": "1460954744", "direction": "0", "travel_time_sec": "913", "threshold_flag_1": "threshold_id_04", "benchmark_travel_time_sec": "600"}, {"dep_dt": "1460971479", "route_id": "Red", "arr_dt": "1460972051", "direction": "0", "travel_time_sec": "572", "benchmark_travel_time_sec": "540"}, {"dep_dt": "1460972017", "route_id": "Red", "arr_dt": "1460972583", "direction": "0", "travel_time_sec": "566", "benchmark_travel_time_sec": "540"}, {"dep_dt": "1460972273", "route_id": "Red", "arr_dt": "1460972808", "direction": "0", "travel_time_sec": "535", "benchmark_travel_time_sec": "540"}, {"dep_dt": "1460972804", "route_id": "Red", "arr_dt": "1460973392", "direction": "0", "travel_time_sec": "588", "benchmark_travel_time_sec": "540"}, {"dep_dt": "1460973130", "route_id": "Red", "arr_dt": "1460973666", "direction": "0", "travel_time_sec": "536", "benchmark_travel_time_sec": "540"}, {"dep_dt": "1460973764", "route_id": "Red", "arr_dt": "1460974331", "direction": "0", "travel_time_sec": "567", "benchmark_travel_time_sec": "540"}, {"dep_dt": "1460974162", "route_id": "Red", "arr_dt": "1460974730", "direction": "0", "travel_time_sec": "568", "benchmark_travel_time_sec": "540"}, {"dep_dt": "1460974574", "route_id": "Red", "arr_dt": "1460975099", "direction": "0", "travel_time_sec": "525", "benchmark_travel_time_sec": "540"}, {"dep_dt": "1460975118", "route_id": "Red", "arr_dt": "1460975713", "direction": "0", "travel_time_sec": "595", "benchmark_travel_time_sec": "540"}, {"dep_dt": "1460975269", "route_id": "Red", "arr_dt": "1460975888", "direction": "0", "travel_time_sec": "619", "benchmark_travel_time_sec": "540"}, {"dep_dt": "1460975625", "route_id": "Red", "arr_dt": "1460976185", "direction": "0", "travel_time_sec": "560", "benchmark_travel_time_sec": "540"}, {"dep_dt": "1460975785", "route_id": "Red", "arr_dt": "1460976353", "direction": "0", "travel_time_sec": "568", "benchmark_travel_time_sec": "540"}, {"dep_dt": "1460976218", "route_id": "Red", "arr_dt": "1460976824", "direction": "0", "travel_time_sec": "606", "benchmark_travel_time_sec": "540"}, {"dep_dt": "1460976545", "route_id": "Red", "arr_dt": "1460977097", "direction": "0", "travel_time_sec": "552", "benchmark_travel_time_sec": "540"}, {"dep_dt": "1460977018", "route_id": "Red", "arr_dt": "1460977583", "direction": "0", "travel_time_sec": "565", "benchmark_travel_time_sec": "651"}, {"dep_dt": "1460977435", "route_id": "Red", "arr_dt": "1460978000", "direction": "0", "travel_time_sec": "565", "benchmark_travel_time_sec": "651"}, {"dep_dt": "1460977637", "route_id": "Red", "arr_dt": "1460978233", "direction": "0", "travel_time_sec": "596", "benchmark_travel_time_sec": "651"}, {"dep_dt": "1460977825", "route_id": "Red", "arr_dt": "1460978408", "direction": "0", "travel_time_sec": "583", "benchmark_travel_time_sec": "651"}, {"dep_dt": "1460978139", "route_id": "Red", "arr_dt": "1460978712", "direction": "0", "travel_time_sec": "573", "benchmark_travel_time_sec": "651"}, {"dep_dt": "1460978306", "route_id": "Red", "arr_dt": "1460978894", "direction": "0", "travel_time_sec": "588", "benchmark_travel_time_sec": "651"}, {"dep_dt": "1460978483", "route_id": "Red", "arr_dt": "1460979075", "direction": "0", "travel_time_sec": "592", "benchmark_travel_time_sec": "660"}, {"dep_dt": "1460978666", "route_id": "Red", "arr_dt": "1460979249", "direction": "0", "travel_time_sec": "583", "benchmark_travel_time_sec": "660"}, {"dep_dt": "1460979027", "route_id": "Red", "arr_dt": "1460979603", "direction": "0", "travel_time_sec": "576", "benchmark_travel_time_sec": "660"}, {"dep_dt": "1460979205", "route_id": "Red", "arr_dt": "1460979796", "direction": "0", "travel_time_sec": "591", "benchmark_travel_time_sec": "660"}, {"dep_dt": "1460979567", "route_id": "Red", "arr_dt": "1460980122", "direction": "0", "travel_time_sec": "555", "benchmark_travel_time_sec": "660"}, {"dep_dt": "1460979695", "route_id": "Red", "arr_dt": "1460980301", "direction": "0", "travel_time_sec": "606", "benchmark_travel_time_sec": "660"}, {"dep_dt": "1460980018", "route_id": "Red", "arr_dt": "1460980580", "direction": "0", "travel_time_sec": "562", "benchmark_travel_time_sec": "660"}, {"dep_dt": "1460980203", "route_id": "Red", "arr_dt": "1460980802", "direction": "0", "travel_time_sec": "599", "benchmark_travel_time_sec": "660"}, {"dep_dt": "1460980419", "route_id": "Red", "arr_dt": "1460981000", "direction": "0", "travel_time_sec": "581", "benchmark_travel_time_sec": "660"}, {"dep_dt": "1460980619", "route_id": "Red", "arr_dt": "1460981243", "direction": "0", "travel_time_sec": "624", "benchmark_travel_time_sec": "660"}, {"dep_dt": "1460980903", "route_id": "Red", "arr_dt": "1460981468", "direction": "0", "travel_time_sec": "565", "benchmark_travel_time_sec": "660"}, {"dep_dt": "1460981081", "route_id": "Red", "arr_dt": "1460981665", "direction": "0", "travel_time_sec": "584", "benchmark_travel_time_sec": "660"}, {"dep_dt": "1460981284", "route_id": "Red", "arr_dt": "1460981862", "direction": "0", "travel_time_sec": "578", "benchmark_travel_time_sec": "660"}, {"dep_dt": "1460981423", "route_id": "Red", "arr_dt": "1460982035", "direction": "0", "travel_time_sec": "612", "benchmark_travel_time_sec": "660"}, {"dep_dt": "1460981808", "route_id": "Red", "arr_dt": "1460982433", "direction": "0", "travel_time_sec": "625", "benchmark_travel_time_sec": "660"}, {"dep_dt": "1460981969", "route_id": "Red", "arr_dt": "1460982620", "direction": "0", "travel_time_sec": "651", "benchmark_travel_time_sec": "660"}, {"dep_dt": "1460982265", "route_id": "Red", "arr_dt": "1460982865", "direction": "0", "travel_time_sec": "600", "benchmark_travel_time_sec": "660"}, {"dep_dt": "1460982451", "route_id": "Red", "arr_dt": "1460983064", "direction": "0", "travel_time_sec": "613", "benchmark_travel_time_sec": "660"}, {"dep_dt": "1460982785", "route_id": "Red", "arr_dt": "1460983350", "direction": "0", "travel_time_sec": "565", "benchmark_travel_time_sec": "660"}, {"dep_dt": "1460982924", "route_id": "Red", "arr_dt": "1460983546", "direction": "0", "travel_time_sec": "622", "benchmark_travel_time_sec": "660"}, {"dep_dt": "1460983264", "route_id": "Red", "arr_dt": "1460983824", "direction": "0", "travel_time_sec": "560", "benchmark_travel_time_sec": "660"}, {"dep_dt": "1460983462", "route_id": "Red", "arr_dt": "1460984129", "direction": "0", "travel_time_sec": "667", "benchmark_travel_time_sec": "660"}, {"dep_dt": "1460983788", "route_id": "Red", "arr_dt": "1460984399", "direction": "0", "travel_time_sec": "611", "benchmark_travel_time_sec": "660"}, {"dep_dt": "1460983945", "route_id": "Red", "arr_dt": "1460984585", "direction": "0", "travel_time_sec": "640", "benchmark_travel_time_sec": "660"}, {"dep_dt": "1460984135", "route_id": "Red", "arr_dt": "1460984777", "direction": "0", "travel_time_sec": "642", "benchmark_travel_time_sec": "660"}, {"dep_dt": "1460984410", "route_id": "Red", "arr_dt": "1460984981", "direction": "0", "travel_time_sec": "571", "benchmark_travel_time_sec": "660"}, {"dep_dt": "1460984718", "route_id": "Red", "arr_dt": "1460985280", "direction": "0", "travel_time_sec": "562", "benchmark_travel_time_sec": "660"}, {"dep_dt": "1460984875", "route_id": "Red", "arr_dt": "1460985463", "direction": "0", "travel_time_sec": "588", "benchmark_travel_time_sec": "660"}, {"dep_dt": "1460985159", "route_id": "Red", "arr_dt": "1460985705", "direction": "0", "travel_time_sec": "546", "benchmark_travel_time_sec": "660"}, {"dep_dt": "1460985371", "route_id": "Red", "arr_dt": "1460985952", "direction": "0", "travel_time_sec": "581", "benchmark_travel_time_sec": "660"}, {"dep_dt": "1460985676", "route_id": "Red", "arr_dt": "1460986223", "direction": "0", "travel_time_sec": "547", "benchmark_travel_time_sec": "615"}, {"dep_dt": "1460985880", "route_id": "Red", "arr_dt": "1460986488", "direction": "0", "travel_time_sec": "608", "benchmark_travel_time_sec": "615"}, {"dep_dt": "1460986265", "route_id": "Red", "arr_dt": "1460986860", "direction": "0", "travel_time_sec": "595", "benchmark_travel_time_sec": "615"}, {"dep_dt": "1460986466", "route_id": "Red", "arr_dt": "1460987060", "direction": "0", "travel_time_sec": "594", "benchmark_travel_time_sec": "615"}, {"dep_dt": "1460986922", "route_id": "Red", "arr_dt": "1460987530", "direction": "0", "travel_time_sec": "608", "benchmark_travel_time_sec": "615"}, {"dep_dt": "1460987086", "route_id": "Red", "arr_dt": "1460987716", "direction": "0", "travel_time_sec": "630", "benchmark_travel_time_sec": "615"}, {"dep_dt": "1460987232", "route_id": "Red", "arr_dt": "1460987888", "direction": "0", "travel_time_sec": "656", "benchmark_travel_time_sec": "615"}, {"dep_dt": "1460987402", "route_id": "Red", "arr_dt": "1460988079", "direction": "0", "travel_time_sec": "677", "benchmark_travel_time_sec": "600"}, {"dep_dt": "1460987786", "route_id": "Red", "arr_dt": "1460988364", "direction": "0", "travel_time_sec": "578", "benchmark_travel_time_sec": "600"}, {"dep_dt": "1460987967", "route_id": "Red", "arr_dt": "1460988567", "direction": "0", "travel_time_sec": "600", "benchmark_travel_time_sec": "600"}, {"dep_dt": "1460988247", "route_id": "Red", "arr_dt": "1460988855", "direction": "0", "travel_time_sec": "608", "benchmark_travel_time_sec": "600"}, {"dep_dt": "1460988416", "route_id": "Red", "arr_dt": "1460989062", "direction": "0", "travel_time_sec": "646", "benchmark_travel_time_sec": "600"}, {"dep_dt": "1460988853", "route_id": "Red", "arr_dt": "1460989400", "direction": "0", "travel_time_sec": "547", "benchmark_travel_time_sec": "600"}, {"dep_dt": "1460988983", "route_id": "Red", "arr_dt": "1460989621", "direction": "0", "travel_time_sec": "638", "benchmark_travel_time_sec": "600"}, {"dep_dt": "1460989206", "route_id": "Red", "arr_dt": "1460989782", "direction": "0", "travel_time_sec": "576", "benchmark_travel_time_sec": "600"}, {"dep_dt": "1460989406", "route_id": "Red", "arr_dt": "1460989960", "direction": "0", "travel_time_sec": "554", "benchmark_travel_time_sec": "600"}, {"dep_dt": "1460989899", "route_id": "Red", "arr_dt": "1460990523", "direction": "0", "travel_time_sec": "624", "benchmark_travel_time_sec": "600"}, {"dep_dt": "1460990540", "route_id": "Red", "arr_dt": "1460991126", "direction": "0", "travel_time_sec": "586", "benchmark_travel_time_sec": "600"}, {"dep_dt": "1460991106", "route_id": "Red", "arr_dt": "1460991692", "direction": "0", "travel_time_sec": "586", "benchmark_travel_time_sec": "600"}, {"dep_dt": "1460991278", "route_id": "Red", "arr_dt": "1460991859", "direction": "0", "travel_time_sec": "581", "benchmark_travel_time_sec": "600"}, {"dep_dt": "1460991696", "route_id": "Red", "arr_dt": "1460992283", "direction": "0", "travel_time_sec": "587", "benchmark_travel_time_sec": "600"}, {"dep_dt": "1460992567", "route_id": "Red", "arr_dt": "1460993129", "direction": "0", "travel_time_sec": "562", "benchmark_travel_time_sec": "600"}, {"dep_dt": "1460993183", "route_id": "Red", "arr_dt": "1460993751", "direction": "0", "travel_time_sec": "568", "benchmark_travel_time_sec": "600"}, {"dep_dt": "1460993546", "route_id": "Red", "arr_dt": "1460994127", "direction": "0", "travel_time_sec": "581", "benchmark_travel_time_sec": "600"}, {"dep_dt": "1460993908", "route_id": "Red", "arr_dt": "1460994475", "direction": "0", "travel_time_sec": "567", "benchmark_travel_time_sec": "600"}, {"dep_dt": "1460994244", "route_id": "Red", "arr_dt": "1460994832", "direction": "0", "travel_time_sec": "588", "benchmark_travel_time_sec": "600"}, {"dep_dt": "1460995168", "route_id": "Red", "arr_dt": "1460995741", "direction": "0", "travel_time_sec": "573", "benchmark_travel_time_sec": "600"}, {"dep_dt": "1460995560", "route_id": "Red", "arr_dt": "1460996122", "direction": "0", "travel_time_sec": "562", "benchmark_travel_time_sec": "600"}, {"dep_dt": "1460995992", "route_id": "Red", "arr_dt": "1460996646", "direction": "0", "travel_time_sec": "654", "benchmark_travel_time_sec": "600"}, {"dep_dt": "1460996565", "route_id": "Red", "arr_dt": "1460997229", "direction": "0", "travel_time_sec": "664", "benchmark_travel_time_sec": "600"}, {"dep_dt": "1460996974", "route_id": "Red", "arr_dt": "1460997555", "direction": "0", "travel_time_sec": "581", "benchmark_travel_time_sec": "600"}, {"dep_dt": "1460997157", "route_id": "Red", "arr_dt": "1460997738", "direction": "0", "travel_time_sec": "581", "benchmark_travel_time_sec": "600"}, {"dep_dt": "1460997554", "route_id": "Red", "arr_dt": "1460998097", "direction": "0", "travel_time_sec": "543", "benchmark_travel_time_sec": "600"}, {"dep_dt": "1460998181", "route_id": "Red", "arr_dt": "1460998782", "direction": "0", "travel_time_sec": "601", "benchmark_travel_time_sec": "600"}, {"dep_dt": "1460998678", "route_id": "Red", "arr_dt": "1460999213", "direction": "0", "travel_time_sec": "535", "benchmark_travel_time_sec": "600"}, {"dep_dt": "1460999147", "route_id": "Red", "arr_dt": "1460999703", "direction": "0", "travel_time_sec": "556", "benchmark_travel_time_sec": "600"}, {"dep_dt": "1460999476", "route_id": "Red", "arr_dt": "1461000079", "direction": "0", "travel_time_sec": "603", "benchmark_travel_time_sec": "600"}, {"dep_dt": "1461000056", "route_id": "Red", "arr_dt": "1461000643", "direction": "0", "travel_time_sec": "587", "benchmark_travel_time_sec": "600"}, {"dep_dt": "1461000711", "route_id": "Red", "arr_dt": "1461001270", "direction": "0", "travel_time_sec": "559", "benchmark_travel_time_sec": "600"}, {"dep_dt": "1461000985", "route_id": "Red", "arr_dt": "1461001560", "direction": "0", "travel_time_sec": "575", "benchmark_travel_time_sec": "600"}, {"dep_dt": "1461001365", "route_id": "Red", "arr_dt": "1461001888", "direction": "0", "travel_time_sec": "523", "benchmark_travel_time_sec": "600"}, {"dep_dt": "1461001954", "route_id": "Red", "arr_dt": "1461002571", "direction": "0", "travel_time_sec": "617", "benchmark_travel_time_sec": "600"}, {"dep_dt": "1461002446", "route_id": "Red", "arr_dt": "1461003000", "direction": "0", "travel_time_sec": "554", "benchmark_travel_time_sec": "600"}, {"dep_dt": "1461002604", "route_id": "Red", "arr_dt": "1461003198", "direction": "0", "travel_time_sec": "594", "benchmark_travel_time_sec": "600"}, {"dep_dt": "1461003176", "route_id": "Red", "arr_dt": "1461003785", "direction": "0", "travel_time_sec": "609", "benchmark_travel_time_sec": "600"}, {"dep_dt": "1461003356", "route_id": "Red", "arr_dt": "1461003982", "direction": "0", "travel_time_sec": "626", "benchmark_travel_time_sec": "600"}, {"dep_dt": "1461004317", "route_id": "Red", "arr_dt": "1461004891", "direction": "0", "travel_time_sec": "574", "benchmark_travel_time_sec": "600"}, {"dep_dt": "1461004529", "route_id": "Red", "arr_dt": "1461005098", "direction": "0", "travel_time_sec": "569", "benchmark_travel_time_sec": "600"}, {"dep_dt": "1461005025", "route_id": "Red", "arr_dt": "1461005705", "direction": "0", "travel_time_sec": "680", "benchmark_travel_time_sec": "600"}, {"dep_dt": "1461005302", "route_id": "Red", "arr_dt": "1461005913", "direction": "0", "travel_time_sec": "611", "benchmark_travel_time_sec": "600"}, {"dep_dt": "1461005464", "route_id": "Red", "arr_dt": "1461006091", "direction": "0", "travel_time_sec": "627", "benchmark_travel_time_sec": "600"}, {"dep_dt": "1461005877", "route_id": "Red", "arr_dt": "1461006462", "direction": "0", "travel_time_sec": "585", "benchmark_travel_time_sec": "600"}, {"dep_dt": "1461006417", "route_id": "Red", "arr_dt": "1461006995", "direction": "0", "travel_time_sec": "578", "benchmark_travel_time_sec": "600"}, {"dep_dt": "1461006680", "route_id": "Red", "arr_dt": "1461007227", "direction": "0", "travel_time_sec": "547", "benchmark_travel_time_sec": "600"}, {"dep_dt": "1461007149", "route_id": "Red", "arr_dt": "1461007741", "direction": "0", "travel_time_sec": "592", "benchmark_travel_time_sec": "600"}, {"dep_dt": "1461007479", "route_id": "Red", "arr_dt": "1461008101", "direction": "0", "travel_time_sec": "622", "benchmark_travel_time_sec": "600"}, {"dep_dt": "1461007684", "route_id": "Red", "arr_dt": "1461008325", "direction": "0", "travel_time_sec": "641", "benchmark_travel_time_sec": "600"}, {"dep_dt": "1461007916", "route_id": "Red", "arr_dt": "1461008602", "direction": "0", "travel_time_sec": "686", "benchmark_travel_time_sec": "600"}, {"dep_dt": "1461008407", "route_id": "Red", "arr_dt": "1461008983", "direction": "0", "travel_time_sec": "576", "benchmark_travel_time_sec": "600"}, {"dep_dt": "1461008781", "route_id": "Red", "arr_dt": "1461009418", "direction": "0", "travel_time_sec": "637", "benchmark_travel_time_sec": "600"}, {"dep_dt": "1461009246", "route_id": "Red", "arr_dt": "1461009858", "direction": "0", "travel_time_sec": "612", "benchmark_travel_time_sec": "700"}, {"dep_dt": "1461009378", "route_id": "Red", "arr_dt": "1461010090", "direction": "0", "travel_time_sec": "712", "benchmark_travel_time_sec": "700"}, {"dep_dt": "1461009782", "route_id": "Red", "arr_dt": "1461010386", "direction": "0", "travel_time_sec": "604", "benchmark_travel_time_sec": "700"}, {"dep_dt": "1461010128", "route_id": "Red", "arr_dt": "1461010723", "direction": "0", "travel_time_sec": "595", "benchmark_travel_time_sec": "700"}, {"dep_dt": "1461010461", "route_id": "Red", "arr_dt": "1461011101", "direction": "0", "travel_time_sec": "640", "benchmark_travel_time_sec": "700"}, {"dep_dt": "1461010635", "route_id": "Red", "arr_dt": "1461011364", "direction": "0", "travel_time_sec": "729", "benchmark_travel_time_sec": "700"}, {"dep_dt": "1461010848", "route_id": "Red", "arr_dt": "1461012022", "direction": "0", "threshold_flag_2": "threshold_id_05", "travel_time_sec": "1174", "threshold_flag_1": "threshold_id_04", "benchmark_travel_time_sec": "720"}, {"dep_dt": "1461011061", "route_id": "Red", "arr_dt": "1461012237", "direction": "0", "threshold_flag_2": "threshold_id_05", "travel_time_sec": "1176", "threshold_flag_1": "threshold_id_04", "benchmark_travel_time_sec": "720"}, {"dep_dt": "1461011365", "route_id": "Red", "arr_dt": "1461012483", "direction": "0", "threshold_flag_2": "threshold_id_05", "travel_time_sec": "1118", "threshold_flag_1": "threshold_id_04", "benchmark_travel_time_sec": "720"}, {"dep_dt": "1461011755", "route_id": "Red", "arr_dt": "1461012729", "direction": "0", "travel_time_sec": "974", "threshold_flag_1": "threshold_id_04", "benchmark_travel_time_sec": "720"}, {"dep_dt": "1461012046", "route_id": "Red", "arr_dt": "1461012929", "direction": "0", "travel_time_sec": "883", "benchmark_travel_time_sec": "720"}, {"dep_dt": "1461012206", "route_id": "Red", "arr_dt": "1461013185", "direction": "0", "travel_time_sec": "979", "threshold_flag_1": "threshold_id_04", "benchmark_travel_time_sec": "720"}, {"dep_dt": "1461012575", "route_id": "Red", "arr_dt": "1461013406", "direction": "0", "travel_time_sec": "831", "benchmark_travel_time_sec": "720"}, {"dep_dt": "1461012718", "route_id": "Red", "arr_dt": "1461013678", "direction": "0", "travel_time_sec": "960", "threshold_flag_1": "threshold_id_04", "benchmark_travel_time_sec": "720"}, {"dep_dt": "1461012918", "route_id": "Red", "arr_dt": "1461013875", "direction": "0", "travel_time_sec": "957", "threshold_flag_1": "threshold_id_04", "benchmark_travel_time_sec": "720"}, {"dep_dt": "1461013323", "route_id": "Red", "arr_dt": "1461014122", "direction": "0", "travel_time_sec": "799", "benchmark_travel_time_sec": "720"}, {"dep_dt": "1461013481", "route_id": "Red", "arr_dt": "1461014354", "direction": "0", "travel_time_sec": "873", "benchmark_travel_time_sec": "720"}, {"dep_dt": "1461013648", "route_id": "Red", "arr_dt": "1461014604", "direction": "0", "travel_time_sec": "956", "threshold_flag_1": "threshold_id_04", "benchmark_travel_time_sec": "720"}, {"dep_dt": "1461013907", "route_id": "Red", "arr_dt": "1461014814", "direction": "0", "travel_time_sec": "907", "threshold_flag_1": "threshold_id_04", "benchmark_travel_time_sec": "720"}, {"dep_dt": "1461014135", "route_id": "Red", "arr_dt": "1461015022", "direction": "0", "travel_time_sec": "887", "benchmark_travel_time_sec": "720"}, {"dep_dt": "1461014322", "route_id": "Red", "arr_dt": "1461015259", "direction": "0", "travel_time_sec": "937", "threshold_flag_1": "threshold_id_04", "benchmark_travel_time_sec": "720"}, {"dep_dt": "1461014515", "route_id": "Red", "arr_dt": "1461015502", "direction": "0", "travel_time_sec": "987", "threshold_flag_1": "threshold_id_04", "benchmark_travel_time_sec": "720"}, {"dep_dt": "1461014846", "route_id": "Red", "arr_dt": "1461015711", "direction": "0", "travel_time_sec": "865", "benchmark_travel_time_sec": "720"}, {"dep_dt": "1461014999", "route_id": "Red", "arr_dt": "1461015912", "direction": "0", "travel_time_sec": "913", "threshold_flag_1": "threshold_id_04", "benchmark_travel_time_sec": "720"}, {"dep_dt": "1461015203", "route_id": "Red", "arr_dt": "1461016139", "direction": "0", "travel_time_sec": "936", "threshold_flag_1": "threshold_id_04", "benchmark_travel_time_sec": "720"}, {"dep_dt": "1461015381", "route_id": "Red", "arr_dt": "1461016319", "direction": "0", "travel_time_sec": "938", "threshold_flag_1": "threshold_id_04", "benchmark_travel_time_sec": "720"}, {"dep_dt": "1461015659", "route_id": "Red", "arr_dt": "1461016518", "direction": "0", "travel_time_sec": "859", "benchmark_travel_time_sec": "720"}, {"dep_dt": "1461015808", "route_id": "Red", "arr_dt": "1461016736", "direction": "0", "travel_time_sec": "928", "threshold_flag_1": "threshold_id_04", "benchmark_travel_time_sec": "720"}, {"dep_dt": "1461016130", "route_id": "Red", "arr_dt": "1461016926", "direction": "0", "travel_time_sec": "796", "benchmark_travel_time_sec": "668"}, {"dep_dt": "1461016300", "route_id": "Red", "arr_dt": "1461017148", "direction": "0", "travel_time_sec": "848", "benchmark_travel_time_sec": "668"}, {"dep_dt": "1461016580", "route_id": "Red", "arr_dt": "1461017348", "direction": "0", "travel_time_sec": "768", "benchmark_travel_time_sec": "668"}, {"dep_dt": "1461016826", "route_id": "Red", "arr_dt": "1461017538", "direction": "0", "travel_time_sec": "712", "benchmark_travel_time_sec": "668"}, {"dep_dt": "1461017098", "route_id": "Red", "arr_dt": "1461017766", "direction": "0", "travel_time_sec": "668", "benchmark_travel_time_sec": "668"}, {"dep_dt": "1461017326", "route_id": "Red", "arr_dt": "1461018031", "direction": "0", "travel_time_sec": "705", "benchmark_travel_time_sec": "668"}, {"dep_dt": "1461017825", "route_id": "Red", "arr_dt": "1461018465", "direction": "0", "travel_time_sec": "640", "benchmark_travel_time_sec": "668"}, {"dep_dt": "1461018063", "route_id": "Red", "arr_dt": "1461018726", "direction": "0", "travel_time_sec": "663", "benchmark_travel_time_sec": "660"}, {"dep_dt": "1461018388", "route_id": "Red", "arr_dt": "1461018980", "direction": "0", "travel_time_sec": "592", "benchmark_travel_time_sec": "660"}, {"dep_dt": "1461018696", "route_id": "Red", "arr_dt": "1461019282", "direction": "0", "travel_time_sec": "586", "benchmark_travel_time_sec": "660"}, {"dep_dt": "1461019098", "route_id": "Red", "arr_dt": "1461019656", "direction": "0", "travel_time_sec": "558", "benchmark_travel_time_sec": "660"}, {"dep_dt": "1461019397", "route_id": "Red", "arr_dt": "1461019943", "direction": "0", "travel_time_sec": "546", "benchmark_travel_time_sec": "660"}, {"dep_dt": "1461019842", "route_id": "Red", "arr_dt": "1461020301", "direction": "0", "travel_time_sec": "459", "benchmark_travel_time_sec": "660"}, {"dep_dt": "1461019901", "route_id": "Red", "arr_dt": "1461020494", "direction": "0", "travel_time_sec": "593", "benchmark_travel_time_sec": "660"}, {"dep_dt": "1461020168", "route_id": "Red", "arr_dt": "1461020747", "direction": "0", "travel_time_sec": "579", "benchmark_travel_time_sec": "660"}, {"dep_dt": "1461020338", "route_id": "Red", "arr_dt": "1461020952", "direction": "0", "travel_time_sec": "614", "benchmark_travel_time_sec": "660"}, {"dep_dt": "1461020508", "route_id": "Red", "arr_dt": "1461021131", "direction": "0", "travel_time_sec": "623", "benchmark_travel_time_sec": "660"}, {"dep_dt": "1461020670", "route_id": "Red", "arr_dt": "1461021303", "direction": "0", "travel_time_sec": "633", "benchmark_travel_time_sec": "660"}, {"dep_dt": "1461021021", "route_id": "Red", "arr_dt": "1461021591", "direction": "0", "travel_time_sec": "570", "benchmark_travel_time_sec": "660"}, {"dep_dt": "1461021156", "route_id": "Red", "arr_dt": "1461021797", "direction": "0", "travel_time_sec": "641", "benchmark_travel_time_sec": "660"}, {"dep_dt": "1461021412", "route_id": "Red", "arr_dt": "1461021994", "direction": "0", "travel_time_sec": "582", "benchmark_travel_time_sec": "660"}, {"dep_dt": "1461021621", "route_id": "Red", "arr_dt": "1461022175", "direction": "0", "travel_time_sec": "554", "benchmark_travel_time_sec": "660"}, {"dep_dt": "1461021874", "route_id": "Red", "arr_dt": "1461022428", "direction": "0", "travel_time_sec": "554", "benchmark_travel_time_sec": "660"}, {"dep_dt": "1461022041", "route_id": "Red", "arr_dt": "1461022596", "direction": "0", "travel_time_sec": "555", "benchmark_travel_time_sec": "660"}, {"dep_dt": "1461022418", "route_id": "Red", "arr_dt": "1461023012", "direction": "0", "travel_time_sec": "594", "benchmark_travel_time_sec": "660"}, {"dep_dt": "1461022600", "route_id": "Red", "arr_dt": "1461023195", "direction": "0", "travel_time_sec": "595", "benchmark_travel_time_sec": "660"}, {"dep_dt": "1461022793", "route_id": "Red", "arr_dt": "1461023375", "direction": "0", "travel_time_sec": "582", "benchmark_travel_time_sec": "660"}, {"dep_dt": "1461023184", "route_id": "Red", "arr_dt": "1461023770", "direction": "0", "travel_time_sec": "586", "benchmark_travel_time_sec": "660"}, {"dep_dt": "1461023384", "route_id": "Red", "arr_dt": "1461024033", "direction": "0", "travel_time_sec": "649", "benchmark_travel_time_sec": "550"}, {"dep_dt": "1461023685", "route_id": "Red", "arr_dt": "1461024225", "direction": "0", "travel_time_sec": "540", "benchmark_travel_time_sec": "550"}, {"dep_dt": "1461023909", "route_id": "Red", "arr_dt": "1461024459", "direction": "0", "travel_time_sec": "550", "benchmark_travel_time_sec": "550"}, {"dep_dt": "1461024381", "route_id": "Red", "arr_dt": "1461024976", "direction": "0", "travel_time_sec": "595", "benchmark_travel_time_sec": "550"}, {"dep_dt": "1461024702", "route_id": "Red", "arr_dt": "1461025307", "direction": "0", "travel_time_sec": "605", "benchmark_travel_time_sec": "550"}, {"dep_dt": "1461024927", "route_id": "Red", "arr_dt": "1461025503", "direction": "0", "travel_time_sec": "576", "benchmark_travel_time_sec": "550"}, {"dep_dt": "1461025315", "route_id": "Red", "arr_dt": "1461025882", "direction": "0", "travel_time_sec": "567", "benchmark_travel_time_sec": "540"}, {"dep_dt": "1461025716", "route_id": "Red", "arr_dt": "1461026255", "direction": "0", "travel_time_sec": "539", "benchmark_travel_time_sec": "540"}, {"dep_dt": "1461026093", "route_id": "Red", "arr_dt": "1461026651", "direction": "0", "travel_time_sec": "558", "benchmark_travel_time_sec": "540"}, {"dep_dt": "1461026477", "route_id": "Red", "arr_dt": "1461027001", "direction": "0", "travel_time_sec": "524", "benchmark_travel_time_sec": "540"}, {"dep_dt": "1461027107", "route_id": "Red", "arr_dt": "1461027682", "direction": "0", "travel_time_sec": "575", "benchmark_travel_time_sec": "540"}, {"dep_dt": "1461027897", "route_id": "Red", "arr_dt": "1461028458", "direction": "0", "travel_time_sec": "561", "benchmark_travel_time_sec": "540"}, {"dep_dt": "1461028239", "route_id": "Red", "arr_dt": "1461028860", "direction": "0", "travel_time_sec": "621", "benchmark_travel_time_sec": "540"}, {"dep_dt": "1461028610", "route_id": "Red", "arr_dt": "1461029213", "direction": "0", "travel_time_sec": "603", "benchmark_travel_time_sec": "540"}, {"dep_dt": "1461029075", "route_id": "Red", "arr_dt": "1461029641", "direction": "0", "travel_time_sec": "566", "benchmark_travel_time_sec": "540"}, {"dep_dt": "1461029474", "route_id": "Red", "arr_dt": "1461030033", "direction": "0", "travel_time_sec": "559", "benchmark_travel_time_sec": "540"}, {"dep_dt": "1461029684", "route_id": "Red", "arr_dt": "1461030242", "direction": "0", "travel_time_sec": "558", "benchmark_travel_time_sec": "540"}, {"dep_dt": "1461030101", "route_id": "Red", "arr_dt": "1461030670", "direction": "0", "travel_time_sec": "569", "benchmark_travel_time_sec": "540"}, {"dep_dt": "1461030403", "route_id": "Red", "arr_dt": "1461030983", "direction": "0", "travel_time_sec": "580", "benchmark_travel_time_sec": "540"}, {"dep_dt": "1461030713", "route_id": "Red", "arr_dt": "1461031256", "direction": "0", "travel_time_sec": "543", "benchmark_travel_time_sec": "540"}, {"dep_dt": "1461031085", "route_id": "Red", "arr_dt": "1461031697", "direction": "0", "travel_time_sec": "612", "benchmark_travel_time_sec": "540"}, {"dep_dt": "1461031436", "route_id": "Red", "arr_dt": "1461032046", "direction": "0", "travel_time_sec": "610", "benchmark_travel_time_sec": "540"}, {"dep_dt": "1461031770", "route_id": "Red", "arr_dt": "1461032363", "direction": "0", "travel_time_sec": "593", "benchmark_travel_time_sec": "540"}, {"dep_dt": "1461032170", "route_id": "Red", "arr_dt": "1461032725", "direction": "0", "travel_time_sec": "555", "benchmark_travel_time_sec": "540"}, {"dep_dt": "1461032601", "route_id": "Red", "arr_dt": "1461033216", "direction": "0", "travel_time_sec": "615", "benchmark_travel_time_sec": "540"}, {"dep_dt": "1461032905", "route_id": "Red", "arr_dt": "1461033498", "direction": "0", "travel_time_sec": "593", "benchmark_travel_time_sec": "540"}, {"dep_dt": "1461033074", "route_id": "Red", "arr_dt": "1461033681", "direction": "0", "travel_time_sec": "607", "benchmark_travel_time_sec": "540"}, {"dep_dt": "1461033609", "route_id": "Red", "arr_dt": "1461034159", "direction": "0", "travel_time_sec": "550", "benchmark_travel_time_sec": "540"}, {"dep_dt": "1461033791", "route_id": "Red", "arr_dt": "1461034512", "direction": "0", "travel_time_sec": "721", "threshold_flag_1": "threshold_id_04", "benchmark_travel_time_sec": "540"}, {"dep_dt": "1461034329", "route_id": "Red", "arr_dt": "1461034892", "direction": "0", "travel_time_sec": "563", "benchmark_travel_time_sec": "540"}, {"dep_dt": "1461034885", "route_id": "Red", "arr_dt": "1461035445", "direction": "0", "travel_time_sec": "560", "benchmark_travel_time_sec": "540"}, {"dep_dt": "1461035145", "route_id": "Red", "arr_dt": "1461035706", "direction": "0", "travel_time_sec": "561", "benchmark_travel_time_sec": "540"}, {"dep_dt": "1461035386", "route_id": "Red", "arr_dt": "1461035936", "direction": "0", "travel_time_sec": "550", "benchmark_travel_time_sec": "540"}, {"dep_dt": "1461035666", "route_id": "Red", "arr_dt": "1461036236", "direction": "0", "travel_time_sec": "570", "benchmark_travel_time_sec": "540"}, {"dep_dt": "1461036054", "route_id": "Red", "arr_dt": "1461036574", "direction": "0", "travel_time_sec": "520", "benchmark_travel_time_sec": "540"}, {"dep_dt": "1461036337", "route_id": "Red", "arr_dt": "1461036870", "direction": "0", "travel_time_sec": "533", "benchmark_travel_time_sec": "540"}, {"dep_dt": "1461036713", "route_id": "Red", "arr_dt": "1461037273", "direction": "0", "travel_time_sec": "560", "benchmark_travel_time_sec": "540"}, {"dep_dt": "1461037102", "route_id": "Red", "arr_dt": "1461037620", "direction": "0", "travel_time_sec": "518", "benchmark_travel_time_sec": "540"}, {"dep_dt": "1461037794", "route_id": "Red", "arr_dt": "1461038355", "direction": "0", "travel_time_sec": "561", "benchmark_travel_time_sec": "540"}]}