{"travel_times": [{"dep_dt": "1456030448", "route_id": "Red", "arr_dt": "1456031030", "direction": "0", "travel_time_sec": "582", "benchmark_travel_time_sec": "600"}, {"dep_dt": "1456030802", "route_id": "Red", "arr_dt": "1456031370", "direction": "0", "travel_time_sec": "568", "benchmark_travel_time_sec": "600"}, {"dep_dt": "1456031227", "route_id": "Red", "arr_dt": "1456031813", "direction": "0", "travel_time_sec": "586", "benchmark_travel_time_sec": "600"}, {"dep_dt": "1456031701", "route_id": "Red", "arr_dt": "1456032270", "direction": "0", "travel_time_sec": "569", "benchmark_travel_time_sec": "600"}, {"dep_dt": "1456031918", "route_id": "Red", "arr_dt": "1456032470", "direction": "0", "travel_time_sec": "552", "benchmark_travel_time_sec": "600"}, {"dep_dt": "1456032352", "route_id": "Red", "arr_dt": "1456032931", "direction": "0", "travel_time_sec": "579", "benchmark_travel_time_sec": "600"}, {"dep_dt": "1456032807", "route_id": "Red", "arr_dt": "1456033435", "direction": "0", "travel_time_sec": "628", "benchmark_travel_time_sec": "600"}, {"dep_dt": "1456033558", "route_id": "Red", "arr_dt": "1456034109", "direction": "0", "travel_time_sec": "551", "benchmark_travel_time_sec": "600"}, {"dep_dt": "1456034038", "route_id": "Red", "arr_dt": "1456034562", "direction": "0", "travel_time_sec": "524", "benchmark_travel_time_sec": "600"}, {"dep_dt": "1456034786", "route_id": "Red", "arr_dt": "1456035346", "direction": "0", "travel_time_sec": "560", "benchmark_travel_time_sec": "600"}, {"dep_dt": "1456035046", "route_id": "Red", "arr_dt": "1456035624", "direction": "0", "travel_time_sec": "578", "benchmark_travel_time_sec": "600"}, {"dep_dt": "1456035524", "route_id": "Red", "arr_dt": "1456036237", "direction": "0", "travel_time_sec": "713", "benchmark_travel_time_sec": "600"}, {"dep_dt": "1456036661", "route_id": "Red", "arr_dt": "1456037203", "direction": "0", "travel_time_sec": "542", "benchmark_travel_time_sec": "600"}, {"dep_dt": "1456037256", "route_id": "Red", "arr_dt": "1456037808", "direction": "0", "travel_time_sec": "552", "benchmark_travel_time_sec": "600"}, {"dep_dt": "1456052959", "route_id": "Red", "arr_dt": "1456053493", "direction": "0", "travel_time_sec": "534", "benchmark_travel_time_sec": "540"}, {"dep_dt": "1456053399", "route_id": "Red", "arr_dt": "1456053936", "direction": "0", "travel_time_sec": "537", "benchmark_travel_time_sec": "540"}, {"dep_dt": "1456053802", "route_id": "Red", "arr_dt": "1456054333", "direction": "0", "travel_time_sec": "531", "benchmark_travel_time_sec": "540"}, {"dep_dt": "1456054347", "route_id": "Red", "arr_dt": "1456054883", "direction": "0", "travel_time_sec": "536", "benchmark_travel_time_sec": "540"}, {"dep_dt": "1456054759", "route_id": "Red", "arr_dt": "1456055299", "direction": "0", "travel_time_sec": "540", "benchmark_travel_time_sec": "540"}, {"dep_dt": "1456055479", "route_id": "Red", "arr_dt": "1456056031", "direction": "0", "travel_time_sec": "552", "benchmark_travel_time_sec": "540"}, {"dep_dt": "1456055883", "route_id": "Red", "arr_dt": "1456056398", "direction": "0", "travel_time_sec": "515", "benchmark_travel_time_sec": "540"}, {"dep_dt": "1456056246", "route_id": "Red", "arr_dt": "1456056795", "direction": "0", "travel_time_sec": "549", "benchmark_travel_time_sec": "540"}, {"dep_dt": "1456056621", "route_id": "Red", "arr_dt": "1456057145", "direction": "0", "travel_time_sec": "524", "benchmark_travel_time_sec": "540"}, {"dep_dt": "1456057247", "route_id": "Red", "arr_dt": "1456057759", "direction": "0", "travel_time_sec": "512", "benchmark_travel_time_sec": "540"}, {"dep_dt": "1456057750", "route_id": "Red", "arr_dt": "1456058398", "direction": "0", "travel_time_sec": "648", "benchmark_travel_time_sec": "540"}, {"dep_dt": "1456058096", "route_id": "Red", "arr_dt": "1456058720", "direction": "0", "travel_time_sec": "624", "benchmark_travel_time_sec": "540"}, {"dep_dt": "1456058506", "route_id": "Red", "arr_dt": "1456059059", "direction": "0", "travel_time_sec": "553", "benchmark_travel_time_sec": "540"}, {"dep_dt": "1456059032", "route_id": "Red", "arr_dt": "1456059729", "direction": "0", "travel_time_sec": "697", "benchmark_travel_time_sec": "540"}, {"dep_dt": "1456059461", "route_id": "Red", "arr_dt": "1456059989", "direction": "0", "travel_time_sec": "528", "benchmark_travel_time_sec": "540"}, {"dep_dt": "1456059997", "route_id": "Red", "arr_dt": "1456060555", "direction": "0", "travel_time_sec": "558", "benchmark_travel_time_sec": "540"}, {"dep_dt": "1456060328", "route_id": "Red", "arr_dt": "1456060867", "direction": "0", "travel_time_sec": "539", "benchmark_travel_time_sec": "540"}, {"dep_dt": "1456060972", "route_id": "Red", "arr_dt": "1456061508", "direction": "0", "travel_time_sec": "536", "benchmark_travel_time_sec": "540"}, {"dep_dt": "1456061345", "route_id": "Red", "arr_dt": "1456061884", "direction": "0", "travel_time_sec": "539", "benchmark_travel_time_sec": "540"}, {"dep_dt": "1456061777", "route_id": "Red", "arr_dt": "1456062331", "direction": "0", "travel_time_sec": "554", "benchmark_travel_time_sec": "540"}, {"dep_dt": "1456062414", "route_id": "Red", "arr_dt": "1456062948", "direction": "0", "travel_time_sec": "534", "benchmark_travel_time_sec": "540"}, {"dep_dt": "1456062654", "route_id": "Red", "arr_dt": "1456063203", "direction": "0", "travel_time_sec": "549", "benchmark_travel_time_sec": "540"}, {"dep_dt": "1456063266", "route_id": "Red", "arr_dt": "1456063808", "direction": "0", "travel_time_sec": "542", "benchmark_travel_time_sec": "540"}, {"dep_dt": "1456063515", "route_id": "Red", "arr_dt": "1456064045", "direction": "0", "travel_time_sec": "530", "benchmark_travel_time_sec": "540"}, {"dep_dt": "1456064154", "route_id": "Red", "arr_dt": "1456064662", "direction": "0", "travel_time_sec": "508", "benchmark_travel_time_sec": "540"}, {"dep_dt": "1456064646", "route_id": "Red", "arr_dt": "1456065233", "direction": "0", "travel_time_sec": "587", "benchmark_travel_time_sec": "540"}, {"dep_dt": "1456065155", "route_id": "Red", "arr_dt": "1456065696", "direction": "0", "travel_time_sec": "541", "benchmark_travel_time_sec": "540"}, {"dep_dt": "1456065485", "route_id": "Red", "arr_dt": "1456066049", "direction": "0", "travel_time_sec": "564", "benchmark_travel_time_sec": "540"}, {"dep_dt": "1456066020", "route_id": "Red", "arr_dt": "1456066568", "direction": "0", "travel_time_sec": "548", "benchmark_travel_time_sec": "540"}, {"dep_dt": "1456066527", "route_id": "Red", "arr_dt": "1456067085", "direction": "0", "travel_time_sec": "558", "benchmark_travel_time_sec": "585"}, {"dep_dt": "1456066946", "route_id": "Red", "arr_dt": "1456067477", "direction": "0", "travel_time_sec": "531", "benchmark_travel_time_sec": "585"}, {"dep_dt": "1456067297", "route_id": "Red", "arr_dt": "1456067847", "direction": "0", "travel_time_sec": "550", "benchmark_travel_time_sec": "585"}, {"dep_dt": "1456067981", "route_id": "Red", "arr_dt": "1456068533", "direction": "0", "travel_time_sec": "552", "benchmark_travel_time_sec": "585"}, {"dep_dt": "1456068327", "route_id": "Red", "arr_dt": "1456068851", "direction": "0", "travel_time_sec": "524", "benchmark_travel_time_sec": "600"}, {"dep_dt": "1456068986", "route_id": "Red", "arr_dt": "1456069550", "direction": "0", "travel_time_sec": "564", "benchmark_travel_time_sec": "600"}, {"dep_dt": "1456069131", "route_id": "Red", "arr_dt": "1456069735", "direction": "0", "travel_time_sec": "604", "benchmark_travel_time_sec": "600"}, {"dep_dt": "1456069717", "route_id": "Red", "arr_dt": "1456070272", "direction": "0", "travel_time_sec": "555", "benchmark_travel_time_sec": "600"}, {"dep_dt": "1456070178", "route_id": "Red", "arr_dt": "1456070748", "direction": "0", "travel_time_sec": "570", "benchmark_travel_time_sec": "600"}, {"dep_dt": "1456070677", "route_id": "Red", "arr_dt": "1456071204", "direction": "0", "travel_time_sec": "527", "benchmark_travel_time_sec": "600"}, {"dep_dt": "1456071120", "route_id": "Red", "arr_dt": "1456071691", "direction": "0", "travel_time_sec": "571", "benchmark_travel_time_sec": "600"}, {"dep_dt": "1456071618", "route_id": "Red", "arr_dt": "1456072165", "direction": "0", "travel_time_sec": "547", "benchmark_travel_time_sec": "600"}, {"dep_dt": "1456072101", "route_id": "Red", "arr_dt": "1456072677", "direction": "0", "travel_time_sec": "576", "benchmark_travel_time_sec": "600"}, {"dep_dt": "1456072606", "route_id": "Red", "arr_dt": "1456073135", "direction": "0", "travel_time_sec": "529", "benchmark_travel_time_sec": "600"}, {"dep_dt": "1456072891", "route_id": "Red", "arr_dt": "1456073454", "direction": "0", "travel_time_sec": "563", "benchmark_travel_time_sec": "600"}, {"dep_dt": "1456073416", "route_id": "Red", "arr_dt": "1456073979", "direction": "0", "travel_time_sec": "563", "benchmark_travel_time_sec": "600"}, {"dep_dt": "1456073889", "route_id": "Red", "arr_dt": "1456074445", "direction": "0", "travel_time_sec": "556", "benchmark_travel_time_sec": "600"}, {"dep_dt": "1456074448", "route_id": "Red", "arr_dt": "1456075006", "direction": "0", "travel_time_sec": "558", "benchmark_travel_time_sec": "600"}, {"dep_dt": "1456074909", "route_id": "Red", "arr_dt": "1456075475", "direction": "0", "travel_time_sec": "566", "benchmark_travel_time_sec": "600"}, {"dep_dt": "1456075285", "route_id": "Red", "arr_dt": "1456075867", "direction": "0", "travel_time_sec": "582", "benchmark_travel_time_sec": "600"}, {"dep_dt": "1456075745", "route_id": "Red", "arr_dt": "1456076285", "direction": "0", "travel_time_sec": "540", "benchmark_travel_time_sec": "600"}, {"dep_dt": "1456076216", "route_id": "Red", "arr_dt": "1456076741", "direction": "0", "travel_time_sec": "525", "benchmark_travel_time_sec": "600"}, {"dep_dt": "1456076680", "route_id": "Red", "arr_dt": "1456077273", "direction": "0", "travel_time_sec": "593", "benchmark_travel_time_sec": "600"}, {"dep_dt": "1456077197", "route_id": "Red", "arr_dt": "1456077744", "direction": "0", "travel_time_sec": "547", "benchmark_travel_time_sec": "600"}, {"dep_dt": "1456077555", "route_id": "Red", "arr_dt": "1456078106", "direction": "0", "travel_time_sec": "551", "benchmark_travel_time_sec": "600"}, {"dep_dt": "1456078129", "route_id": "Red", "arr_dt": "1456078654", "direction": "0", "travel_time_sec": "525", "benchmark_travel_time_sec": "600"}, {"dep_dt": "1456078600", "route_id": "Red", "arr_dt": "1456079174", "direction": "0", "travel_time_sec": "574", "benchmark_travel_time_sec": "600"}, {"dep_dt": "1456079076", "route_id": "Red", "arr_dt": "1456079630", "direction": "0", "travel_time_sec": "554", "benchmark_travel_time_sec": "600"}, {"dep_dt": "1456079491", "route_id": "Red", "arr_dt": "1456080037", "direction": "0", "travel_time_sec": "546", "benchmark_travel_time_sec": "600"}, {"dep_dt": "1456080015", "route_id": "Red", "arr_dt": "1456080581", "direction": "0", "travel_time_sec": "566", "benchmark_travel_time_sec": "600"}, {"dep_dt": "1456080288", "route_id": "Red", "arr_dt": "1456080835", "direction": "0", "travel_time_sec": "547", "benchmark_travel_time_sec": "600"}, {"dep_dt": "1456080889", "route_id": "Red", "arr_dt": "1456081472", "direction": "0", "travel_time_sec": "583", "benchmark_travel_time_sec": "600"}, {"dep_dt": "1456081266", "route_id": "Red", "arr_dt": "1456081818", "direction": "0", "travel_time_sec": "552", "benchmark_travel_time_sec": "600"}, {"dep_dt": "1456081789", "route_id": "Red", "arr_dt": "1456082353", "direction": "0", "travel_time_sec": "564", "benchmark_travel_time_sec": "600"}, {"dep_dt": "1456082288", "route_id": "Red", "arr_dt": "1456082839", "direction": "0", "travel_time_sec": "551", "benchmark_travel_time_sec": "600"}, {"dep_dt": "1456082698", "route_id": "Red", "arr_dt": "1456083246", "direction": "0", "travel_time_sec": "548", "benchmark_travel_time_sec": "600"}, {"dep_dt": "1456083225", "route_id": "Red", "arr_dt": "1456083790", "direction": "0", "travel_time_sec": "565", "benchmark_travel_time_sec": "600"}, {"dep_dt": "1456083696", "route_id": "Red", "arr_dt": "1456084235", "direction": "0", "travel_time_sec": "539", "benchmark_travel_time_sec": "600"}, {"dep_dt": "1456084138", "route_id": "Red", "arr_dt": "1456084683", "direction": "0", "travel_time_sec": "545", "benchmark_travel_time_sec": "600"}, {"dep_dt": "1456084673", "route_id": "Red", "arr_dt": "1456085274", "direction": "0", "travel_time_sec": "601", "benchmark_travel_time_sec": "600"}, {"dep_dt": "1456085158", "route_id": "Red", "arr_dt": "1456085740", "direction": "0", "travel_time_sec": "582", "benchmark_travel_time_sec": "600"}, {"dep_dt": "1456085611", "route_id": "Red", "arr_dt": "1456086203", "direction": "0", "travel_time_sec": "592", "benchmark_travel_time_sec": "600"}, {"dep_dt": "1456085978", "route_id": "Red", "arr_dt": "1456086531", "direction": "0", "travel_time_sec": "553", "benchmark_travel_time_sec": "600"}, {"dep_dt": "1456086467", "route_id": "Red", "arr_dt": "1456087045", "direction": "0", "travel_time_sec": "578", "benchmark_travel_time_sec": "600"}, {"dep_dt": "1456086972", "route_id": "Red", "arr_dt": "1456087537", "direction": "0", "travel_time_sec": "565", "benchmark_travel_time_sec": "600"}, {"dep_dt": "1456087543", "route_id": "Red", "arr_dt": "1456088127", "direction": "0", "travel_time_sec": "584", "benchmark_travel_time_sec": "600"}, {"dep_dt": "1456088295", "route_id": "Red", "arr_dt": "1456088820", "direction": "0", "travel_time_sec": "525", "benchmark_travel_time_sec": "600"}, {"dep_dt": "1456088937", "route_id": "Red", "arr_dt": "1456089547", "direction": "0", "travel_time_sec": "610", "benchmark_travel_time_sec": "600"}, {"dep_dt": "1456089349", "route_id": "Red", "arr_dt": "1456089889", "direction": "0", "travel_time_sec": "540", "benchmark_travel_time_sec": "600"}, {"dep_dt": "1456089798", "route_id": "Red", "arr_dt": "1456090369", "direction": "0", "travel_time_sec": "571", "benchmark_travel_time_sec": "600"}, {"dep_dt": "1456090277", "route_id": "Red", "arr_dt": "1456090865", "direction": "0", "travel_time_sec": "588", "benchmark_travel_time_sec": "600"}, {"dep_dt": "1456090636", "route_id": "Red", "arr_dt": "1456091173", "direction": "0", "travel_time_sec": "537", "benchmark_travel_time_sec": "600"}, {"dep_dt": "1456091300", "route_id": "Red", "arr_dt": "1456091885", "direction": "0", "travel_time_sec": "585", "benchmark_travel_time_sec": "600"}, {"dep_dt": "1456091773", "route_id": "Red", "arr_dt": "1456092416", "direction": "0", "travel_time_sec": "643", "benchmark_travel_time_sec": "600"}, {"dep_dt": "1456092184", "route_id": "Red", "arr_dt": "1456092762", "direction": "0", "travel_time_sec": "578", "benchmark_travel_time_sec": "600"}, {"dep_dt": "1456092615", "route_id": "Red", "arr_dt": "1456093145", "direction": "0", "travel_time_sec": "530", "benchmark_travel_time_sec": "600"}, {"dep_dt": "1456092965", "route_id": "Red", "arr_dt": "1456093502", "direction": "0", "travel_time_sec": "537", "benchmark_travel_time_sec": "600"}, {"dep_dt": "1456093465", "route_id": "Red", "arr_dt": "1456093997", "direction": "0", "travel_time_sec": "532", "benchmark_travel_time_sec": "600"}, {"dep_dt": "1456093855", "route_id": "Red", "arr_dt": "1456094409", "direction": "0", "travel_time_sec": "554", "benchmark_travel_time_sec": "600"}, {"dep_dt": "1456094408", "route_id": "Red", "arr_dt": "1456095077", "direction": "0", "travel_time_sec": "669", "benchmark_travel_time_sec": "600"}, {"dep_dt": "1456094953", "route_id": "Red", "arr_dt": "1456095542", "direction": "0", "travel_time_sec": "589", "benchmark_travel_time_sec": "600"}, {"dep_dt": "1456095533", "route_id": "Red", "arr_dt": "1456096098", "direction": "0", "travel_time_sec": "565", "benchmark_travel_time_sec": "600"}, {"dep_dt": "1456095999", "route_id": "Red", "arr_dt": "1456096567", "direction": "0", "travel_time_sec": "568", "benchmark_travel_time_sec": "600"}, {"dep_dt": "1456096318", "route_id": "Red", "arr_dt": "1456096841", "direction": "0", "travel_time_sec": "523", "benchmark_travel_time_sec": "600"}, {"dep_dt": "1456096933", "route_id": "Red", "arr_dt": "1456097469", "direction": "0", "travel_time_sec": "536", "benchmark_travel_time_sec": "600"}, {"dep_dt": "1456097209", "route_id": "Red", "arr_dt": "1456097762", "direction": "0", "travel_time_sec": "553", "benchmark_travel_time_sec": "600"}, {"dep_dt": "1456098075", "route_id": "Red", "arr_dt": "1456098665", "direction": "0", "travel_time_sec": "590", "benchmark_travel_time_sec": "600"}, {"dep_dt": "1456098676", "route_id": "Red", "arr_dt": "1456099263", "direction": "0", "travel_time_sec": "587", "benchmark_travel_time_sec": "600"}, {"dep_dt": "1456098879", "route_id": "Red", "arr_dt": "1456099454", "direction": "0", "travel_time_sec": "575", "benchmark_travel_time_sec": "600"}, {"dep_dt": "1456099112", "route_id": "Red", "arr_dt": "1456099651", "direction": "0", "travel_time_sec": "539", "benchmark_travel_time_sec": "600"}, {"dep_dt": "1456099698", "route_id": "Red", "arr_dt": "1456100228", "direction": "0", "travel_time_sec": "530", "benchmark_travel_time_sec": "600"}, {"dep_dt": "1456100075", "route_id": "Red", "arr_dt": "1456100644", "direction": "0", "travel_time_sec": "569", "benchmark_travel_time_sec": "600"}, {"dep_dt": "1456100480", "route_id": "Red", "arr_dt": "1456101012", "direction": "0", "travel_time_sec": "532", "benchmark_travel_time_sec": "600"}, {"dep_dt": "1456100986", "route_id": "Red", "arr_dt": "1456101568", "direction": "0", "travel_time_sec": "582", "benchmark_travel_time_sec": "600"}, {"dep_dt": "1456101479", "route_id": "Red", "arr_dt": "1456102032", "direction": "0", "travel_time_sec": "553", "benchmark_travel_time_sec": "600"}, {"dep_dt": "1456101943", "route_id": "Red", "arr_dt": "1456102531", "direction": "0", "travel_time_sec": "588", "benchmark_travel_time_sec": "600"}, {"dep_dt": "1456102309", "route_id": "Red", "arr_dt": "1456102856", "direction": "0", "travel_time_sec": "547", "benchmark_travel_time_sec": "600"}, {"dep_dt": "1456102767", "route_id": "Red", "arr_dt": "1456103354", "direction": "0", "travel_time_sec": "587", "benchmark_travel_time_sec": "600"}, {"dep_dt": "1456103336", "route_id": "Red", "arr_dt": "1456103834", "direction": "0", "travel_time_sec": "498", "benchmark_travel_time_sec": "600"}, {"dep_dt": "1456103776", "route_id": "Red", "arr_dt": "1456104328", "direction": "0", "travel_time_sec": "552", "benchmark_travel_time_sec": "600"}, {"dep_dt": "1456104060", "route_id": "Red", "arr_dt": "1456104563", "direction": "0", "travel_time_sec": "503", "benchmark_travel_time_sec": "600"}, {"dep_dt": "1456104635", "route_id": "Red", "arr_dt": "1456105199", "direction": "0", "travel_time_sec": "564", "benchmark_travel_time_sec": "600"}, {"dep_dt": "1456105051", "route_id": "Red", "arr_dt": "1456105586", "direction": "0", "travel_time_sec": "535", "benchmark_travel_time_sec": "600"}, {"dep_dt": "1456105475", "route_id": "Red", "arr_dt": "1456106012", "direction": "0", "travel_time_sec": "537", "benchmark_travel_time_sec": "600"}, {"dep_dt": "1456106158", "route_id": "Red", "arr_dt": "1456106705", "direction": "0", "travel_time_sec": "547", "benchmark_travel_time_sec": "600"}, {"dep_dt": "1456106756", "route_id": "Red", "arr_dt": "1456107320", "direction": "0", "travel_time_sec": "564", "benchmark_travel_time_sec": "600"}, {"dep_dt": "1456107200", "route_id": "Red", "arr_dt": "1456107731", "direction": "0", "travel_time_sec": "531", "benchmark_travel_time_sec": "600"}, {"dep_dt": "1456107599", "route_id": "Red", "arr_dt": "1456108155", "direction": "0", "travel_time_sec": "556", "benchmark_travel_time_sec": "600"}, {"dep_dt": "1456108128", "route_id": "Red", "arr_dt": "1456108715", "direction": "0", "travel_time_sec": "587", "benchmark_travel_time_sec": "600"}, {"dep_dt": "1456108458", "route_id": "Red", "arr_dt": "1456109014", "direction": "0", "travel_time_sec": "556", "benchmark_travel_time_sec": "600"}, {"dep_dt": "1456109085", "route_id": "Red", "arr_dt": "1456109656", "direction": "0", "travel_time_sec": "571", "benchmark_travel_time_sec": "600"}, {"dep_dt": "1456109508", "route_id": "Red", "arr_dt": "1456110063", "direction": "0", "travel_time_sec": "555", "benchmark_travel_time_sec": "600"}, {"dep_dt": "1456110024", "route_id": "Red", "arr_dt": "1456110554", "direction": "0", "travel_time_sec": "530", "benchmark_travel_time_sec": "600"}, {"dep_dt": "1456110415", "route_id": "Red", "arr_dt": "1456110977", "direction": "0", "travel_time_sec": "562", "benchmark_travel_time_sec": "600"}, {"dep_dt": "1456110643", "route_id": "Red", "arr_dt": "1456111163", "direction": "0", "travel_time_sec": "520", "benchmark_travel_time_sec": "600"}, {"dep_dt": "1456111161", "route_id": "Red", "arr_dt": "1456111700", "direction": "0", "travel_time_sec": "539", "benchmark_travel_time_sec": "600"}, {"dep_dt": "1456111768", "route_id": "Red", "arr_dt": "1456112313", "direction": "0", "travel_time_sec": "545", "benchmark_travel_time_sec": "600"}, {"dep_dt": "1456112083", "route_id": "Red", "arr_dt": "1456112622", "direction": "0", "travel_time_sec": "539", "benchmark_travel_time_sec": "600"}, {"dep_dt": "1456112678", "route_id": "Red", "arr_dt": "1456113217", "direction": "0", "travel_time_sec": "539", "benchmark_travel_time_sec": "600"}, {"dep_dt": "1456113288", "route_id": "Red", "arr_dt": "1456113874", "direction": "0", "travel_time_sec": "586", "benchmark_travel_time_sec": "600"}, {"dep_dt": "1456113638", "route_id": "Red", "arr_dt": "1456114170", "direction": "0", "travel_time_sec": "532", "benchmark_travel_time_sec": "600"}, {"dep_dt": "1456114175", "route_id": "Red", "arr_dt": "1456114745", "direction": "0", "travel_time_sec": "570", "benchmark_travel_time_sec": "600"}, {"dep_dt": "1456114507", "route_id": "Red", "arr_dt": "1456115063", "direction": "0", "travel_time_sec": "556", "benchmark_travel_time_sec": "600"}, {"dep_dt": "1456114895", "route_id": "Red", "arr_dt": "1456115443", "direction": "0", "travel_time_sec": "548", "benchmark_travel_time_sec": "600"}, {"dep_dt": "1456115360", "route_id": "Red", "arr_dt": "1456115879", "direction": "0", "travel_time_sec": "519", "benchmark_travel_time_sec": "600"}, {"dep_dt": "1456115667", "route_id": "Red", "arr_dt": "1456116212", "direction": "0", "travel_time_sec": "545", "benchmark_travel_time_sec": "600"}, {"dep_dt": "1456116248", "route_id": "Red", "arr_dt": "1456116802", "direction": "0", "travel_time_sec": "554", "benchmark_travel_time_sec": "600"}, {"dep_dt": "1456116641", "route_id": "Red", "arr_dt": "1456117197", "direction": "0", "travel_time_sec": "556", "benchmark_travel_time_sec": "600"}]}