{"travel_times": [{"dep_dt": "1457326386", "route_id": "Red", "arr_dt": "1457326941", "direction": "0", "travel_time_sec": "555", "benchmark_travel_time_sec": "600"}, {"dep_dt": "1457326991", "route_id": "Red", "arr_dt": "1457327551", "direction": "0", "travel_time_sec": "560", "benchmark_travel_time_sec": "600"}, {"dep_dt": "1457327193", "route_id": "Red", "arr_dt": "1457327715", "direction": "0", "travel_time_sec": "522", "benchmark_travel_time_sec": "600"}, {"dep_dt": "1457327866", "route_id": "Red", "arr_dt": "1457328439", "direction": "0", "travel_time_sec": "573", "benchmark_travel_time_sec": "600"}, {"dep_dt": "1457328215", "route_id": "Red", "arr_dt": "1457328748", "direction": "0", "travel_time_sec": "533", "benchmark_travel_time_sec": "600"}, {"dep_dt": "1457328641", "route_id": "Red", "arr_dt": "1457329691", "direction": "0", "threshold_flag_2": "threshold_id_05", "travel_time_sec": "1050", "threshold_flag_1": "threshold_id_04", "benchmark_travel_time_sec": "600"}, {"dep_dt": "1457346743", "route_id": "Red", "arr_dt": "1457347267", "direction": "0", "travel_time_sec": "524", "benchmark_travel_time_sec": "540"}, {"dep_dt": "1457347126", "route_id": "Red", "arr_dt": "1457347697", "direction": "0", "travel_time_sec": "571", "benchmark_travel_time_sec": "540"}, {"dep_dt": "1457347540", "route_id": "Red", "arr_dt": "1457348089", "direction": "0", "travel_time_sec": "549", "benchmark_travel_time_sec": "540"}, {"dep_dt": "1457347874", "route_id": "Red", "arr_dt": "1457348432", "direction": "0", "travel_time_sec": "558", "benchmark_travel_time_sec": "540"}, {"dep_dt": "1457348671", "route_id": "Red", "arr_dt": "1457349224", "direction": "0", "travel_time_sec": "553", "benchmark_travel_time_sec": "540"}, {"dep_dt": "1457348936", "route_id": "Red", "arr_dt": "1457349522", "direction": "0", "travel_time_sec": "586", "benchmark_travel_time_sec": "540"}, {"dep_dt": "1457349295", "route_id": "Red", "arr_dt": "1457349807", "direction": "0", "travel_time_sec": "512", "benchmark_travel_time_sec": "540"}, {"dep_dt": "1457349726", "route_id": "Red", "arr_dt": "1457350286", "direction": "0", "travel_time_sec": "560", "benchmark_travel_time_sec": "540"}, {"dep_dt": "1457350065", "route_id": "Red", "arr_dt": "1457350651", "direction": "0", "travel_time_sec": "586", "benchmark_travel_time_sec": "540"}, {"dep_dt": "1457350471", "route_id": "Red", "arr_dt": "1457351003", "direction": "0", "travel_time_sec": "532", "benchmark_travel_time_sec": "540"}, {"dep_dt": "1457350906", "route_id": "Red", "arr_dt": "1457351489", "direction": "0", "travel_time_sec": "583", "benchmark_travel_time_sec": "540"}, {"dep_dt": "1457351097", "route_id": "Red", "arr_dt": "1457351698", "direction": "0", "travel_time_sec": "601", "benchmark_travel_time_sec": "540"}, {"dep_dt": "1457351446", "route_id": "Red", "arr_dt": "1457352029", "direction": "0", "travel_time_sec": "583", "benchmark_travel_time_sec": "651"}, {"dep_dt": "1457351627", "route_id": "Red", "arr_dt": "1457352223", "direction": "0", "travel_time_sec": "596", "benchmark_travel_time_sec": "651"}, {"dep_dt": "1457351964", "route_id": "Red", "arr_dt": "1457352674", "direction": "0", "travel_time_sec": "710", "benchmark_travel_time_sec": "651"}, {"dep_dt": "1457352248", "route_id": "Red", "arr_dt": "1457352927", "direction": "0", "travel_time_sec": "679", "benchmark_travel_time_sec": "651"}, {"dep_dt": "1457352861", "route_id": "Red", "arr_dt": "1457353509", "direction": "0", "travel_time_sec": "648", "benchmark_travel_time_sec": "651"}, {"dep_dt": "1457353302", "route_id": "Red", "arr_dt": "1457353923", "direction": "0", "travel_time_sec": "621", "benchmark_travel_time_sec": "660"}, {"dep_dt": "1457353725", "route_id": "Red", "arr_dt": "1457354409", "direction": "0", "travel_time_sec": "684", "benchmark_travel_time_sec": "660"}, {"dep_dt": "1457353900", "route_id": "Red", "arr_dt": "1457354609", "direction": "0", "travel_time_sec": "709", "benchmark_travel_time_sec": "660"}, {"dep_dt": "1457354066", "route_id": "Red", "arr_dt": "1457354836", "direction": "0", "travel_time_sec": "770", "benchmark_travel_time_sec": "660"}, {"dep_dt": "1457354221", "route_id": "Red", "arr_dt": "1457355032", "direction": "0", "travel_time_sec": "811", "benchmark_travel_time_sec": "660"}, {"dep_dt": "1457354368", "route_id": "Red", "arr_dt": "1457355236", "direction": "0", "travel_time_sec": "868", "threshold_flag_1": "threshold_id_04", "benchmark_travel_time_sec": "660"}, {"dep_dt": "1457354545", "route_id": "Red", "arr_dt": "1457355418", "direction": "0", "travel_time_sec": "873", "threshold_flag_1": "threshold_id_04", "benchmark_travel_time_sec": "660"}, {"dep_dt": "1457354803", "route_id": "Red", "arr_dt": "1457355600", "direction": "0", "travel_time_sec": "797", "benchmark_travel_time_sec": "660"}, {"dep_dt": "1457355087", "route_id": "Red", "arr_dt": "1457355785", "direction": "0", "travel_time_sec": "698", "benchmark_travel_time_sec": "660"}, {"dep_dt": "1457355304", "route_id": "Red", "arr_dt": "1457355957", "direction": "0", "travel_time_sec": "653", "benchmark_travel_time_sec": "660"}, {"dep_dt": "1457355621", "route_id": "Red", "arr_dt": "1457356240", "direction": "0", "travel_time_sec": "619", "benchmark_travel_time_sec": "660"}, {"dep_dt": "1457355800", "route_id": "Red", "arr_dt": "1457356474", "direction": "0", "travel_time_sec": "674", "benchmark_travel_time_sec": "660"}, {"dep_dt": "1457355971", "route_id": "Red", "arr_dt": "1457356678", "direction": "0", "travel_time_sec": "707", "benchmark_travel_time_sec": "660"}, {"dep_dt": "1457356179", "route_id": "Red", "arr_dt": "1457356878", "direction": "0", "travel_time_sec": "699", "benchmark_travel_time_sec": "660"}, {"dep_dt": "1457356424", "route_id": "Red", "arr_dt": "1457357106", "direction": "0", "travel_time_sec": "682", "benchmark_travel_time_sec": "660"}, {"dep_dt": "1457356620", "route_id": "Red", "arr_dt": "1457357313", "direction": "0", "travel_time_sec": "693", "benchmark_travel_time_sec": "660"}, {"dep_dt": "1457356975", "route_id": "Red", "arr_dt": "1457357618", "direction": "0", "travel_time_sec": "643", "benchmark_travel_time_sec": "660"}, {"dep_dt": "1457357159", "route_id": "Red", "arr_dt": "1457357820", "direction": "0", "travel_time_sec": "661", "benchmark_travel_time_sec": "660"}, {"dep_dt": "1457357343", "route_id": "Red", "arr_dt": "1457358055", "direction": "0", "travel_time_sec": "712", "benchmark_travel_time_sec": "660"}, {"dep_dt": "1457357507", "route_id": "Red", "arr_dt": "1457358248", "direction": "0", "travel_time_sec": "741", "benchmark_travel_time_sec": "660"}, {"dep_dt": "1457357707", "route_id": "Red", "arr_dt": "1457358457", "direction": "0", "travel_time_sec": "750", "benchmark_travel_time_sec": "660"}, {"dep_dt": "1457357884", "route_id": "Red", "arr_dt": "1457358649", "direction": "0", "travel_time_sec": "765", "benchmark_travel_time_sec": "660"}, {"dep_dt": "1457358343", "route_id": "Red", "arr_dt": "1457358995", "direction": "0", "travel_time_sec": "652", "benchmark_travel_time_sec": "660"}, {"dep_dt": "1457358654", "route_id": "Red", "arr_dt": "1457359262", "direction": "0", "travel_time_sec": "608", "benchmark_travel_time_sec": "660"}, {"dep_dt": "1457359256", "route_id": "Red", "arr_dt": "1457359971", "direction": "0", "travel_time_sec": "715", "benchmark_travel_time_sec": "660"}, {"dep_dt": "1457359464", "route_id": "Red", "arr_dt": "1457360188", "direction": "0", "travel_time_sec": "724", "benchmark_travel_time_sec": "660"}, {"dep_dt": "1457359682", "route_id": "Red", "arr_dt": "1457360405", "direction": "0", "travel_time_sec": "723", "benchmark_travel_time_sec": "660"}, {"dep_dt": "1457359862", "route_id": "Red", "arr_dt": "1457360605", "direction": "0", "travel_time_sec": "743", "benchmark_travel_time_sec": "660"}, {"dep_dt": "1457360268", "route_id": "Red", "arr_dt": "1457360980", "direction": "0", "travel_time_sec": "712", "benchmark_travel_time_sec": "660"}, {"dep_dt": "1457360588", "route_id": "Red", "arr_dt": "1457361185", "direction": "0", "travel_time_sec": "597", "benchmark_travel_time_sec": "615"}, {"dep_dt": "1457360739", "route_id": "Red", "arr_dt": "1457361362", "direction": "0", "travel_time_sec": "623", "benchmark_travel_time_sec": "615"}, {"dep_dt": "1457360944", "route_id": "Red", "arr_dt": "1457361559", "direction": "0", "travel_time_sec": "615", "benchmark_travel_time_sec": "615"}, {"dep_dt": "1457361127", "route_id": "Red", "arr_dt": "1457361748", "direction": "0", "travel_time_sec": "621", "benchmark_travel_time_sec": "615"}, {"dep_dt": "1457361363", "route_id": "Red", "arr_dt": "1457361980", "direction": "0", "travel_time_sec": "617", "benchmark_travel_time_sec": "615"}, {"dep_dt": "1457361504", "route_id": "Red", "arr_dt": "1457362186", "direction": "0", "travel_time_sec": "682", "benchmark_travel_time_sec": "615"}, {"dep_dt": "1457361697", "route_id": "Red", "arr_dt": "1457362356", "direction": "0", "travel_time_sec": "659", "benchmark_travel_time_sec": "615"}, {"dep_dt": "1457362007", "route_id": "Red", "arr_dt": "1457362623", "direction": "0", "travel_time_sec": "616", "benchmark_travel_time_sec": "615"}, {"dep_dt": "1457362314", "route_id": "Red", "arr_dt": "1457362911", "direction": "0", "travel_time_sec": "597", "benchmark_travel_time_sec": "600"}, {"dep_dt": "1457362508", "route_id": "Red", "arr_dt": "1457363178", "direction": "0", "travel_time_sec": "670", "benchmark_travel_time_sec": "600"}, {"dep_dt": "1457362659", "route_id": "Red", "arr_dt": "1457363356", "direction": "0", "travel_time_sec": "697", "benchmark_travel_time_sec": "600"}, {"dep_dt": "1457363085", "route_id": "Red", "arr_dt": "1457363642", "direction": "0", "travel_time_sec": "557", "benchmark_travel_time_sec": "600"}, {"dep_dt": "1457363341", "route_id": "Red", "arr_dt": "1457363900", "direction": "0", "travel_time_sec": "559", "benchmark_travel_time_sec": "600"}, {"dep_dt": "1457363518", "route_id": "Red", "arr_dt": "1457364078", "direction": "0", "travel_time_sec": "560", "benchmark_travel_time_sec": "600"}, {"dep_dt": "1457363789", "route_id": "Red", "arr_dt": "1457364385", "direction": "0", "travel_time_sec": "596", "benchmark_travel_time_sec": "600"}, {"dep_dt": "1457363955", "route_id": "Red", "arr_dt": "1457364576", "direction": "0", "travel_time_sec": "621", "benchmark_travel_time_sec": "600"}, {"dep_dt": "1457364166", "route_id": "Red", "arr_dt": "1457364802", "direction": "0", "travel_time_sec": "636", "benchmark_travel_time_sec": "600"}, {"dep_dt": "1457364346", "route_id": "Red", "arr_dt": "1457365114", "direction": "0", "travel_time_sec": "768", "benchmark_travel_time_sec": "600"}, {"dep_dt": "1457364648", "route_id": "Red", "arr_dt": "1457365286", "direction": "0", "travel_time_sec": "638", "benchmark_travel_time_sec": "600"}, {"dep_dt": "1457365242", "route_id": "Red", "arr_dt": "1457365832", "direction": "0", "travel_time_sec": "590", "benchmark_travel_time_sec": "600"}, {"dep_dt": "1457365398", "route_id": "Red", "arr_dt": "1457366030", "direction": "0", "travel_time_sec": "632", "benchmark_travel_time_sec": "600"}, {"dep_dt": "1457365733", "route_id": "Red", "arr_dt": "1457366321", "direction": "0", "travel_time_sec": "588", "benchmark_travel_time_sec": "600"}, {"dep_dt": "1457365893", "route_id": "Red", "arr_dt": "1457366488", "direction": "0", "travel_time_sec": "595", "benchmark_travel_time_sec": "600"}, {"dep_dt": "1457366429", "route_id": "Red", "arr_dt": "1457366972", "direction": "0", "travel_time_sec": "543", "benchmark_travel_time_sec": "600"}, {"dep_dt": "1457367008", "route_id": "Red", "arr_dt": "1457367581", "direction": "0", "travel_time_sec": "573", "benchmark_travel_time_sec": "600"}, {"dep_dt": "1457367167", "route_id": "Red", "arr_dt": "1457367767", "direction": "0", "travel_time_sec": "600", "benchmark_travel_time_sec": "600"}, {"dep_dt": "1457367307", "route_id": "Red", "arr_dt": "1457367958", "direction": "0", "travel_time_sec": "651", "benchmark_travel_time_sec": "600"}, {"dep_dt": "1457367618", "route_id": "Red", "arr_dt": "1457368187", "direction": "0", "travel_time_sec": "569", "benchmark_travel_time_sec": "600"}, {"dep_dt": "1457367977", "route_id": "Red", "arr_dt": "1457368564", "direction": "0", "travel_time_sec": "587", "benchmark_travel_time_sec": "600"}, {"dep_dt": "1457368345", "route_id": "Red", "arr_dt": "1457368917", "direction": "0", "travel_time_sec": "572", "benchmark_travel_time_sec": "600"}, {"dep_dt": "1457368744", "route_id": "Red", "arr_dt": "1457369346", "direction": "0", "travel_time_sec": "602", "benchmark_travel_time_sec": "600"}, {"dep_dt": "1457369068", "route_id": "Red", "arr_dt": "1457369625", "direction": "0", "travel_time_sec": "557", "benchmark_travel_time_sec": "600"}, {"dep_dt": "1457369545", "route_id": "Red", "arr_dt": "1457370099", "direction": "0", "travel_time_sec": "554", "benchmark_travel_time_sec": "600"}, {"dep_dt": "1457369945", "route_id": "Red", "arr_dt": "1457370536", "direction": "0", "travel_time_sec": "591", "benchmark_travel_time_sec": "600"}, {"dep_dt": "1457370286", "route_id": "Red", "arr_dt": "1457370917", "direction": "0", "travel_time_sec": "631", "benchmark_travel_time_sec": "600"}, {"dep_dt": "1457370858", "route_id": "Red", "arr_dt": "1457371413", "direction": "0", "travel_time_sec": "555", "benchmark_travel_time_sec": "600"}, {"dep_dt": "1457371211", "route_id": "Red", "arr_dt": "1457371767", "direction": "0", "travel_time_sec": "556", "benchmark_travel_time_sec": "600"}, {"dep_dt": "1457371653", "route_id": "Red", "arr_dt": "1457372209", "direction": "0", "travel_time_sec": "556", "benchmark_travel_time_sec": "600"}, {"dep_dt": "1457372385", "route_id": "Red", "arr_dt": "1457373071", "direction": "0", "travel_time_sec": "686", "benchmark_travel_time_sec": "600"}, {"dep_dt": "1457372535", "route_id": "Red", "arr_dt": "1457373257", "direction": "0", "travel_time_sec": "722", "benchmark_travel_time_sec": "600"}, {"dep_dt": "1457372937", "route_id": "Red", "arr_dt": "1457373525", "direction": "0", "travel_time_sec": "588", "benchmark_travel_time_sec": "600"}, {"dep_dt": "1457373283", "route_id": "Red", "arr_dt": "1457373848", "direction": "0", "travel_time_sec": "565", "benchmark_travel_time_sec": "600"}, {"dep_dt": "1457373765", "route_id": "Red", "arr_dt": "1457374354", "direction": "0", "travel_time_sec": "589", "benchmark_travel_time_sec": "600"}, {"dep_dt": "1457374103", "route_id": "Red", "arr_dt": "1457374686", "direction": "0", "travel_time_sec": "583", "benchmark_travel_time_sec": "600"}, {"dep_dt": "1457374558", "route_id": "Red", "arr_dt": "1457375082", "direction": "0", "travel_time_sec": "524", "benchmark_travel_time_sec": "600"}, {"dep_dt": "1457374923", "route_id": "Red", "arr_dt": "1457375505", "direction": "0", "travel_time_sec": "582", "benchmark_travel_time_sec": "600"}, {"dep_dt": "1457375421", "route_id": "Red", "arr_dt": "1457376010", "direction": "0", "travel_time_sec": "589", "benchmark_travel_time_sec": "600"}, {"dep_dt": "1457375801", "route_id": "Red", "arr_dt": "1457376372", "direction": "0", "travel_time_sec": "571", "benchmark_travel_time_sec": "600"}, {"dep_dt": "1457376186", "route_id": "Red", "arr_dt": "1457376772", "direction": "0", "travel_time_sec": "586", "benchmark_travel_time_sec": "600"}, {"dep_dt": "1457376901", "route_id": "Red", "arr_dt": "1457377453", "direction": "0", "travel_time_sec": "552", "benchmark_travel_time_sec": "600"}, {"dep_dt": "1457377278", "route_id": "Red", "arr_dt": "1457377861", "direction": "0", "travel_time_sec": "583", "benchmark_travel_time_sec": "600"}, {"dep_dt": "1457377771", "route_id": "Red", "arr_dt": "1457378364", "direction": "0", "travel_time_sec": "593", "benchmark_travel_time_sec": "600"}, {"dep_dt": "1457378136", "route_id": "Red", "arr_dt": "1457378718", "direction": "0", "travel_time_sec": "582", "benchmark_travel_time_sec": "600"}, {"dep_dt": "1457378651", "route_id": "Red", "arr_dt": "1457379252", "direction": "0", "travel_time_sec": "601", "benchmark_travel_time_sec": "600"}, {"dep_dt": "1457379054", "route_id": "Red", "arr_dt": "1457379648", "direction": "0", "travel_time_sec": "594", "benchmark_travel_time_sec": "600"}, {"dep_dt": "1457379608", "route_id": "Red", "arr_dt": "1457380233", "direction": "0", "travel_time_sec": "625", "benchmark_travel_time_sec": "600"}, {"dep_dt": "1457379865", "route_id": "Red", "arr_dt": "1457380444", "direction": "0", "travel_time_sec": "579", "benchmark_travel_time_sec": "600"}, {"dep_dt": "1457380275", "route_id": "Red", "arr_dt": "1457380859", "direction": "0", "travel_time_sec": "584", "benchmark_travel_time_sec": "600"}, {"dep_dt": "1457380764", "route_id": "Red", "arr_dt": "1457381338", "direction": "0", "travel_time_sec": "574", "benchmark_travel_time_sec": "600"}, {"dep_dt": "1457381347", "route_id": "Red", "arr_dt": "1457381953", "direction": "0", "travel_time_sec": "606", "benchmark_travel_time_sec": "600"}, {"dep_dt": "1457381556", "route_id": "Red", "arr_dt": "1457382159", "direction": "0", "travel_time_sec": "603", "benchmark_travel_time_sec": "600"}, {"dep_dt": "1457381720", "route_id": "Red", "arr_dt": "1457382372", "direction": "0", "travel_time_sec": "652", "benchmark_travel_time_sec": "600"}, {"dep_dt": "1457382286", "route_id": "Red", "arr_dt": "1457382875", "direction": "0", "travel_time_sec": "589", "benchmark_travel_time_sec": "600"}, {"dep_dt": "1457383185", "route_id": "Red", "arr_dt": "1457383781", "direction": "0", "travel_time_sec": "596", "benchmark_travel_time_sec": "600"}, {"dep_dt": "1457383557", "route_id": "Red", "arr_dt": "1457384183", "direction": "0", "travel_time_sec": "626", "benchmark_travel_time_sec": "600"}, {"dep_dt": "1457383828", "route_id": "Red", "arr_dt": "1457384421", "direction": "0", "travel_time_sec": "593", "benchmark_travel_time_sec": "700"}, {"dep_dt": "1457384246", "route_id": "Red", "arr_dt": "1457384856", "direction": "0", "travel_time_sec": "610", "benchmark_travel_time_sec": "700"}, {"dep_dt": "1457384543", "route_id": "Red", "arr_dt": "1457385112", "direction": "0", "travel_time_sec": "569", "benchmark_travel_time_sec": "700"}, {"dep_dt": "1457384775", "route_id": "Red", "arr_dt": "1457385430", "direction": "0", "travel_time_sec": "655", "benchmark_travel_time_sec": "700"}, {"dep_dt": "1457385178", "route_id": "Red", "arr_dt": "1457385802", "direction": "0", "travel_time_sec": "624", "benchmark_travel_time_sec": "700"}, {"dep_dt": "1457385389", "route_id": "Red", "arr_dt": "1457386016", "direction": "0", "travel_time_sec": "627", "benchmark_travel_time_sec": "700"}, {"dep_dt": "1457386026", "route_id": "Red", "arr_dt": "1457386649", "direction": "0", "travel_time_sec": "623", "benchmark_travel_time_sec": "720"}, {"dep_dt": "1457386407", "route_id": "Red", "arr_dt": "1457387126", "direction": "0", "travel_time_sec": "719", "benchmark_travel_time_sec": "720"}, {"dep_dt": "1457386560", "route_id": "Red", "arr_dt": "1457387348", "direction": "0", "travel_time_sec": "788", "benchmark_travel_time_sec": "720"}, {"dep_dt": "1457386883", "route_id": "Red", "arr_dt": "1457387621", "direction": "0", "travel_time_sec": "738", "benchmark_travel_time_sec": "720"}, {"dep_dt": "1457387021", "route_id": "Red", "arr_dt": "1457387849", "direction": "0", "travel_time_sec": "828", "benchmark_travel_time_sec": "720"}, {"dep_dt": "1457387177", "route_id": "Red", "arr_dt": "1457388053", "direction": "0", "travel_time_sec": "876", "benchmark_travel_time_sec": "720"}, {"dep_dt": "1457387476", "route_id": "Red", "arr_dt": "1457388268", "direction": "0", "travel_time_sec": "792", "benchmark_travel_time_sec": "720"}, {"dep_dt": "1457387625", "route_id": "Red", "arr_dt": "1457388465", "direction": "0", "travel_time_sec": "840", "benchmark_travel_time_sec": "720"}, {"dep_dt": "1457388068", "route_id": "Red", "arr_dt": "1457388935", "direction": "0", "travel_time_sec": "867", "benchmark_travel_time_sec": "720"}, {"dep_dt": "1457388264", "route_id": "Red", "arr_dt": "1457389187", "direction": "0", "travel_time_sec": "923", "threshold_flag_1": "threshold_id_04", "benchmark_travel_time_sec": "720"}, {"dep_dt": "1457388549", "route_id": "Red", "arr_dt": "1457389384", "direction": "0", "travel_time_sec": "835", "benchmark_travel_time_sec": "720"}, {"dep_dt": "1457388825", "route_id": "Red", "arr_dt": "1457389609", "direction": "0", "travel_time_sec": "784", "benchmark_travel_time_sec": "720"}, {"dep_dt": "1457388928", "route_id": "Red", "arr_dt": "1457389816", "direction": "0", "travel_time_sec": "888", "benchmark_travel_time_sec": "720"}, {"dep_dt": "1457389087", "route_id": "Red", "arr_dt": "1457390092", "direction": "0", "travel_time_sec": "1005", "threshold_flag_1": "threshold_id_04", "benchmark_travel_time_sec": "720"}, {"dep_dt": "1457389376", "route_id": "Red", "arr_dt": "1457390271", "direction": "0", "travel_time_sec": "895", "benchmark_travel_time_sec": "720"}, {"dep_dt": "1457389546", "route_id": "Red", "arr_dt": "1457390466", "direction": "0", "travel_time_sec": "920", "threshold_flag_1": "threshold_id_04", "benchmark_travel_time_sec": "720"}, {"dep_dt": "1457389845", "route_id": "Red", "arr_dt": "1457390665", "direction": "0", "travel_time_sec": "820", "benchmark_travel_time_sec": "720"}, {"dep_dt": "1457390222", "route_id": "Red", "arr_dt": "1457390871", "direction": "0", "travel_time_sec": "649", "benchmark_travel_time_sec": "720"}, {"dep_dt": "1457390486", "route_id": "Red", "arr_dt": "1457391084", "direction": "0", "travel_time_sec": "598", "benchmark_travel_time_sec": "720"}, {"dep_dt": "1457390634", "route_id": "Red", "arr_dt": "1457391294", "direction": "0", "travel_time_sec": "660", "benchmark_travel_time_sec": "720"}, {"dep_dt": "1457390829", "route_id": "Red", "arr_dt": "1457391569", "direction": "0", "travel_time_sec": "740", "benchmark_travel_time_sec": "720"}, {"dep_dt": "1457391407", "route_id": "Red", "arr_dt": "1457391998", "direction": "0", "travel_time_sec": "591", "benchmark_travel_time_sec": "668"}, {"dep_dt": "1457391926", "route_id": "Red", "arr_dt": "1457392576", "direction": "0", "travel_time_sec": "650", "benchmark_travel_time_sec": "668"}, {"dep_dt": "1457392145", "route_id": "Red", "arr_dt": "1457392800", "direction": "0", "travel_time_sec": "655", "benchmark_travel_time_sec": "668"}, {"dep_dt": "1457392494", "route_id": "Red", "arr_dt": "1457393131", "direction": "0", "travel_time_sec": "637", "benchmark_travel_time_sec": "668"}, {"dep_dt": "1457392783", "route_id": "Red", "arr_dt": "1457393342", "direction": "0", "travel_time_sec": "559", "benchmark_travel_time_sec": "668"}, {"dep_dt": "1457392914", "route_id": "Red", "arr_dt": "1457393531", "direction": "0", "travel_time_sec": "617", "benchmark_travel_time_sec": "660"}, {"dep_dt": "1457393220", "route_id": "Red", "arr_dt": "1457393846", "direction": "0", "travel_time_sec": "626", "benchmark_travel_time_sec": "660"}, {"dep_dt": "1457393439", "route_id": "Red", "arr_dt": "1457394041", "direction": "0", "travel_time_sec": "602", "benchmark_travel_time_sec": "660"}, {"dep_dt": "1457393856", "route_id": "Red", "arr_dt": "1457394449", "direction": "0", "travel_time_sec": "593", "benchmark_travel_time_sec": "660"}, {"dep_dt": "1457394086", "route_id": "Red", "arr_dt": "1457394685", "direction": "0", "travel_time_sec": "599", "benchmark_travel_time_sec": "660"}, {"dep_dt": "1457394286", "route_id": "Red", "arr_dt": "1457394895", "direction": "0", "travel_time_sec": "609", "benchmark_travel_time_sec": "660"}, {"dep_dt": "1457394501", "route_id": "Red", "arr_dt": "1457395142", "direction": "0", "travel_time_sec": "641", "benchmark_travel_time_sec": "660"}, {"dep_dt": "1457394706", "route_id": "Red", "arr_dt": "1457395345", "direction": "0", "travel_time_sec": "639", "benchmark_travel_time_sec": "660"}, {"dep_dt": "1457394861", "route_id": "Red", "arr_dt": "1457395524", "direction": "0", "travel_time_sec": "663", "benchmark_travel_time_sec": "660"}, {"dep_dt": "1457395119", "route_id": "Red", "arr_dt": "1457395723", "direction": "0", "travel_time_sec": "604", "benchmark_travel_time_sec": "660"}, {"dep_dt": "1457395344", "route_id": "Red", "arr_dt": "1457395936", "direction": "0", "travel_time_sec": "592", "benchmark_travel_time_sec": "660"}, {"dep_dt": "1457395626", "route_id": "Red", "arr_dt": "1457396191", "direction": "0", "travel_time_sec": "565", "benchmark_travel_time_sec": "660"}, {"dep_dt": "1457395857", "route_id": "Red", "arr_dt": "1457396421", "direction": "0", "travel_time_sec": "564", "benchmark_travel_time_sec": "660"}, {"dep_dt": "1457396168", "route_id": "Red", "arr_dt": "1457396752", "direction": "0", "travel_time_sec": "584", "benchmark_travel_time_sec": "660"}, {"dep_dt": "1457396383", "route_id": "Red", "arr_dt": "1457396946", "direction": "0", "travel_time_sec": "563", "benchmark_travel_time_sec": "660"}, {"dep_dt": "1457396633", "route_id": "Red", "arr_dt": "1457397225", "direction": "0", "travel_time_sec": "592", "benchmark_travel_time_sec": "660"}, {"dep_dt": "1457396802", "route_id": "Red", "arr_dt": "1457397403", "direction": "0", "travel_time_sec": "601", "benchmark_travel_time_sec": "660"}, {"dep_dt": "1457397075", "route_id": "Red", "arr_dt": "1457397632", "direction": "0", "travel_time_sec": "557", "benchmark_travel_time_sec": "660"}, {"dep_dt": "1457397246", "route_id": "Red", "arr_dt": "1457397805", "direction": "0", "travel_time_sec": "559", "benchmark_travel_time_sec": "660"}, {"dep_dt": "1457397768", "route_id": "Red", "arr_dt": "1457398338", "direction": "0", "travel_time_sec": "570", "benchmark_travel_time_sec": "660"}, {"dep_dt": "1457398467", "route_id": "Red", "arr_dt": "1457399035", "direction": "0", "travel_time_sec": "568", "benchmark_travel_time_sec": "550"}, {"dep_dt": "1457398996", "route_id": "Red", "arr_dt": "1457399593", "direction": "0", "travel_time_sec": "597", "benchmark_travel_time_sec": "550"}, {"dep_dt": "1457399196", "route_id": "Red", "arr_dt": "1457399821", "direction": "0", "travel_time_sec": "625", "benchmark_travel_time_sec": "550"}, {"dep_dt": "1457399697", "route_id": "Red", "arr_dt": "1457400284", "direction": "0", "travel_time_sec": "587", "benchmark_travel_time_sec": "550"}, {"dep_dt": "1457400024", "route_id": "Red", "arr_dt": "1457400570", "direction": "0", "travel_time_sec": "546", "benchmark_travel_time_sec": "550"}, {"dep_dt": "1457400353", "route_id": "Red", "arr_dt": "1457400902", "direction": "0", "travel_time_sec": "549", "benchmark_travel_time_sec": "540"}, {"dep_dt": "1457400705", "route_id": "Red", "arr_dt": "1457401254", "direction": "0", "travel_time_sec": "549", "benchmark_travel_time_sec": "540"}, {"dep_dt": "1457400953", "route_id": "Red", "arr_dt": "1457401537", "direction": "0", "travel_time_sec": "584", "benchmark_travel_time_sec": "540"}, {"dep_dt": "1457401221", "route_id": "Red", "arr_dt": "1457401825", "direction": "0", "travel_time_sec": "604", "benchmark_travel_time_sec": "540"}, {"dep_dt": "1457401406", "route_id": "Red", "arr_dt": "1457401994", "direction": "0", "travel_time_sec": "588", "benchmark_travel_time_sec": "540"}, {"dep_dt": "1457401897", "route_id": "Red", "arr_dt": "1457402482", "direction": "0", "travel_time_sec": "585", "benchmark_travel_time_sec": "540"}, {"dep_dt": "1457402267", "route_id": "Red", "arr_dt": "1457402869", "direction": "0", "travel_time_sec": "602", "benchmark_travel_time_sec": "540"}, {"dep_dt": "1457402574", "route_id": "Red", "arr_dt": "1457403145", "direction": "0", "travel_time_sec": "571", "benchmark_travel_time_sec": "540"}, {"dep_dt": "1457402874", "route_id": "Red", "arr_dt": "1457403418", "direction": "0", "travel_time_sec": "544", "benchmark_travel_time_sec": "540"}, {"dep_dt": "1457403057", "route_id": "Red", "arr_dt": "1457403618", "direction": "0", "travel_time_sec": "561", "benchmark_travel_time_sec": "540"}, {"dep_dt": "1457403519", "route_id": "Red", "arr_dt": "1457404072", "direction": "0", "travel_time_sec": "553", "benchmark_travel_time_sec": "540"}, {"dep_dt": "1457403772", "route_id": "Red", "arr_dt": "1457404293", "direction": "0", "travel_time_sec": "521", "benchmark_travel_time_sec": "540"}, {"dep_dt": "1457404114", "route_id": "Red", "arr_dt": "1457404683", "direction": "0", "travel_time_sec": "569", "benchmark_travel_time_sec": "540"}, {"dep_dt": "1457404778", "route_id": "Red", "arr_dt": "1457405344", "direction": "0", "travel_time_sec": "566", "benchmark_travel_time_sec": "540"}, {"dep_dt": "1457405059", "route_id": "Red", "arr_dt": "1457405625", "direction": "0", "travel_time_sec": "566", "benchmark_travel_time_sec": "540"}, {"dep_dt": "1457405201", "route_id": "Red", "arr_dt": "1457405831", "direction": "0", "travel_time_sec": "630", "benchmark_travel_time_sec": "540"}, {"dep_dt": "1457405748", "route_id": "Red", "arr_dt": "1457406292", "direction": "0", "travel_time_sec": "544", "benchmark_travel_time_sec": "540"}, {"dep_dt": "1457406048", "route_id": "Red", "arr_dt": "1457406601", "direction": "0", "travel_time_sec": "553", "benchmark_travel_time_sec": "540"}, {"dep_dt": "1457406457", "route_id": "Red", "arr_dt": "1457407023", "direction": "0", "travel_time_sec": "566", "benchmark_travel_time_sec": "540"}, {"dep_dt": "1457406647", "route_id": "Red", "arr_dt": "1457407216", "direction": "0", "travel_time_sec": "569", "benchmark_travel_time_sec": "540"}, {"dep_dt": "1457407014", "route_id": "Red", "arr_dt": "1457407554", "direction": "0", "travel_time_sec": "540", "benchmark_travel_time_sec": "540"}, {"dep_dt": "1457407459", "route_id": "Red", "arr_dt": "1457408019", "direction": "0", "travel_time_sec": "560", "benchmark_travel_time_sec": "540"}, {"dep_dt": "1457407814", "route_id": "Red", "arr_dt": "1457408390", "direction": "0", "travel_time_sec": "576", "benchmark_travel_time_sec": "540"}, {"dep_dt": "1457408332", "route_id": "Red", "arr_dt": "1457408867", "direction": "0", "travel_time_sec": "535", "benchmark_travel_time_sec": "540"}, {"dep_dt": "1457409062", "route_id": "Red", "arr_dt": "1457409608", "direction": "0", "travel_time_sec": "546", "benchmark_travel_time_sec": "540"}, {"dep_dt": "1457409508", "route_id": "Red", "arr_dt": "1457410069", "direction": "0", "travel_time_sec": "561", "benchmark_travel_time_sec": "540"}, {"dep_dt": "1457409936", "route_id": "Red", "arr_dt": "1457410500", "direction": "0", "travel_time_sec": "564", "benchmark_travel_time_sec": "540"}, {"dep_dt": "1457410348", "route_id": "Red", "arr_dt": "1457410898", "direction": "0", "travel_time_sec": "550", "benchmark_travel_time_sec": "540"}, {"dep_dt": "1457410767", "route_id": "Red", "arr_dt": "1457411336", "direction": "0", "travel_time_sec": "569", "benchmark_travel_time_sec": "540"}, {"dep_dt": "1457411306", "route_id": "Red", "arr_dt": "1457411879", "direction": "0", "travel_time_sec": "573", "benchmark_travel_time_sec": "540"}, {"dep_dt": "1457411517", "route_id": "Red", "arr_dt": "1457412078", "direction": "0", "travel_time_sec": "561", "benchmark_travel_time_sec": "540"}, {"dep_dt": "1457411692", "route_id": "Red", "arr_dt": "1457412251", "direction": "0", "travel_time_sec": "559", "benchmark_travel_time_sec": "540"}, {"dep_dt": "1457412119", "route_id": "Red", "arr_dt": "1457412676", "direction": "0", "travel_time_sec": "557", "benchmark_travel_time_sec": "540"}, {"dep_dt": "1457412267", "route_id": "Red", "arr_dt": "1457412841", "direction": "0", "travel_time_sec": "574", "benchmark_travel_time_sec": "540"}]}