{"travel_times": [{"dep_dt": "1458100454", "route_id": "Red", "arr_dt": "1458100994", "direction": "0", "travel_time_sec": "540", "benchmark_travel_time_sec": "540"}, {"dep_dt": "1458100646", "route_id": "Red", "arr_dt": "1458101186", "direction": "0", "travel_time_sec": "540", "benchmark_travel_time_sec": "540"}, {"dep_dt": "1458101072", "route_id": "Red", "arr_dt": "1458101636", "direction": "0", "travel_time_sec": "564", "benchmark_travel_time_sec": "540"}, {"dep_dt": "1458101537", "route_id": "Red", "arr_dt": "1458102080", "direction": "0", "travel_time_sec": "543", "benchmark_travel_time_sec": "540"}, {"dep_dt": "1458102031", "route_id": "Red", "arr_dt": "1458102580", "direction": "0", "travel_time_sec": "549", "benchmark_travel_time_sec": "540"}, {"dep_dt": "1458120265", "route_id": "Red", "arr_dt": "1458120805", "direction": "0", "travel_time_sec": "540", "benchmark_travel_time_sec": "540"}, {"dep_dt": "1458120796", "route_id": "Red", "arr_dt": "1458121367", "direction": "0", "travel_time_sec": "571", "benchmark_travel_time_sec": "540"}, {"dep_dt": "1458121035", "route_id": "Red", "arr_dt": "1458121605", "direction": "0", "travel_time_sec": "570", "benchmark_travel_time_sec": "540"}, {"dep_dt": "1458121501", "route_id": "Red", "arr_dt": "1458122038", "direction": "0", "travel_time_sec": "537", "benchmark_travel_time_sec": "540"}, {"dep_dt": "1458121959", "route_id": "Red", "arr_dt": "1458122518", "direction": "0", "travel_time_sec": "559", "benchmark_travel_time_sec": "540"}, {"dep_dt": "1458122536", "route_id": "Red", "arr_dt": "1458123111", "direction": "0", "travel_time_sec": "575", "benchmark_travel_time_sec": "540"}, {"dep_dt": "1458122887", "route_id": "Red", "arr_dt": "1458123458", "direction": "0", "travel_time_sec": "571", "benchmark_travel_time_sec": "540"}, {"dep_dt": "1458123241", "route_id": "Red", "arr_dt": "1458123784", "direction": "0", "travel_time_sec": "543", "benchmark_travel_time_sec": "540"}, {"dep_dt": "1458123794", "route_id": "Red", "arr_dt": "1458124332", "direction": "0", "travel_time_sec": "538", "benchmark_travel_time_sec": "540"}, {"dep_dt": "1458124344", "route_id": "Red", "arr_dt": "1458124877", "direction": "0", "travel_time_sec": "533", "benchmark_travel_time_sec": "540"}, {"dep_dt": "1458125007", "route_id": "Red", "arr_dt": "1458125567", "direction": "0", "travel_time_sec": "560", "benchmark_travel_time_sec": "540"}, {"dep_dt": "1458125401", "route_id": "Red", "arr_dt": "1458126006", "direction": "0", "travel_time_sec": "605", "benchmark_travel_time_sec": "651"}, {"dep_dt": "1458125725", "route_id": "Red", "arr_dt": "1458126283", "direction": "0", "travel_time_sec": "558", "benchmark_travel_time_sec": "651"}, {"dep_dt": "1458126135", "route_id": "Red", "arr_dt": "1458126765", "direction": "0", "travel_time_sec": "630", "benchmark_travel_time_sec": "651"}, {"dep_dt": "1458126345", "route_id": "Red", "arr_dt": "1458126943", "direction": "0", "travel_time_sec": "598", "benchmark_travel_time_sec": "651"}, {"dep_dt": "1458126537", "route_id": "Red", "arr_dt": "1458127139", "direction": "0", "travel_time_sec": "602", "benchmark_travel_time_sec": "651"}, {"dep_dt": "1458126811", "route_id": "Red", "arr_dt": "1458127369", "direction": "0", "travel_time_sec": "558", "benchmark_travel_time_sec": "651"}, {"dep_dt": "1458126984", "route_id": "Red", "arr_dt": "1458127561", "direction": "0", "travel_time_sec": "577", "benchmark_travel_time_sec": "651"}, {"dep_dt": "1458127215", "route_id": "Red", "arr_dt": "1458127822", "direction": "0", "travel_time_sec": "607", "benchmark_travel_time_sec": "660"}, {"dep_dt": "1458127386", "route_id": "Red", "arr_dt": "1458128017", "direction": "0", "travel_time_sec": "631", "benchmark_travel_time_sec": "660"}, {"dep_dt": "1458127552", "route_id": "Red", "arr_dt": "1458128201", "direction": "0", "travel_time_sec": "649", "benchmark_travel_time_sec": "660"}, {"dep_dt": "1458127730", "route_id": "Red", "arr_dt": "1458128386", "direction": "0", "travel_time_sec": "656", "benchmark_travel_time_sec": "660"}, {"dep_dt": "1458128271", "route_id": "Red", "arr_dt": "1458128846", "direction": "0", "travel_time_sec": "575", "benchmark_travel_time_sec": "660"}, {"dep_dt": "1458128606", "route_id": "Red", "arr_dt": "1458129175", "direction": "0", "travel_time_sec": "569", "benchmark_travel_time_sec": "660"}, {"dep_dt": "1458128787", "route_id": "Red", "arr_dt": "1458129357", "direction": "0", "travel_time_sec": "570", "benchmark_travel_time_sec": "660"}, {"dep_dt": "1458129140", "route_id": "Red", "arr_dt": "1458129768", "direction": "0", "travel_time_sec": "628", "benchmark_travel_time_sec": "660"}, {"dep_dt": "1458129508", "route_id": "Red", "arr_dt": "1458130177", "direction": "0", "travel_time_sec": "669", "benchmark_travel_time_sec": "660"}, {"dep_dt": "1458129687", "route_id": "Red", "arr_dt": "1458130406", "direction": "0", "travel_time_sec": "719", "benchmark_travel_time_sec": "660"}, {"dep_dt": "1458129855", "route_id": "Red", "arr_dt": "1458130640", "direction": "0", "travel_time_sec": "785", "benchmark_travel_time_sec": "660"}, {"dep_dt": "1458130094", "route_id": "Red", "arr_dt": "1458130855", "direction": "0", "travel_time_sec": "761", "benchmark_travel_time_sec": "660"}, {"dep_dt": "1458130771", "route_id": "Red", "arr_dt": "1458131445", "direction": "0", "travel_time_sec": "674", "benchmark_travel_time_sec": "660"}, {"dep_dt": "1458131174", "route_id": "Red", "arr_dt": "1458131825", "direction": "0", "travel_time_sec": "651", "benchmark_travel_time_sec": "660"}, {"dep_dt": "1458131934", "route_id": "Red", "arr_dt": "1458132603", "direction": "0", "travel_time_sec": "669", "benchmark_travel_time_sec": "660"}, {"dep_dt": "1458132127", "route_id": "Red", "arr_dt": "1458132825", "direction": "0", "travel_time_sec": "698", "benchmark_travel_time_sec": "660"}, {"dep_dt": "1458132369", "route_id": "Red", "arr_dt": "1458133032", "direction": "0", "travel_time_sec": "663", "benchmark_travel_time_sec": "660"}, {"dep_dt": "1458132621", "route_id": "Red", "arr_dt": "1458133263", "direction": "0", "travel_time_sec": "642", "benchmark_travel_time_sec": "660"}, {"dep_dt": "1458133205", "route_id": "Red", "arr_dt": "1458133830", "direction": "0", "travel_time_sec": "625", "benchmark_travel_time_sec": "660"}, {"dep_dt": "1458133429", "route_id": "Red", "arr_dt": "1458134047", "direction": "0", "travel_time_sec": "618", "benchmark_travel_time_sec": "660"}, {"dep_dt": "1458133687", "route_id": "Red", "arr_dt": "1458134278", "direction": "0", "travel_time_sec": "591", "benchmark_travel_time_sec": "660"}, {"dep_dt": "1458133929", "route_id": "Red", "arr_dt": "1458134506", "direction": "0", "travel_time_sec": "577", "benchmark_travel_time_sec": "660"}, {"dep_dt": "1458134196", "route_id": "Red", "arr_dt": "1458134789", "direction": "0", "travel_time_sec": "593", "benchmark_travel_time_sec": "660"}, {"dep_dt": "1458134437", "route_id": "Red", "arr_dt": "1458135018", "direction": "0", "travel_time_sec": "581", "benchmark_travel_time_sec": "615"}, {"dep_dt": "1458134801", "route_id": "Red", "arr_dt": "1458135398", "direction": "0", "travel_time_sec": "597", "benchmark_travel_time_sec": "615"}, {"dep_dt": "1458135015", "route_id": "Red", "arr_dt": "1458135592", "direction": "0", "travel_time_sec": "577", "benchmark_travel_time_sec": "615"}, {"dep_dt": "1458135460", "route_id": "Red", "arr_dt": "1458136061", "direction": "0", "travel_time_sec": "601", "benchmark_travel_time_sec": "615"}, {"dep_dt": "1458135622", "route_id": "Red", "arr_dt": "1458136237", "direction": "0", "travel_time_sec": "615", "benchmark_travel_time_sec": "615"}, {"dep_dt": "1458135975", "route_id": "Red", "arr_dt": "1458136528", "direction": "0", "travel_time_sec": "553", "benchmark_travel_time_sec": "615"}, {"dep_dt": "1458136186", "route_id": "Red", "arr_dt": "1458136761", "direction": "0", "travel_time_sec": "575", "benchmark_travel_time_sec": "615"}, {"dep_dt": "1458136644", "route_id": "Red", "arr_dt": "1458137256", "direction": "0", "travel_time_sec": "612", "benchmark_travel_time_sec": "600"}, {"dep_dt": "1458136889", "route_id": "Red", "arr_dt": "1458137469", "direction": "0", "travel_time_sec": "580", "benchmark_travel_time_sec": "600"}, {"dep_dt": "1458137066", "route_id": "Red", "arr_dt": "1458137650", "direction": "0", "travel_time_sec": "584", "benchmark_travel_time_sec": "600"}, {"dep_dt": "1458137262", "route_id": "Red", "arr_dt": "1458137851", "direction": "0", "travel_time_sec": "589", "benchmark_travel_time_sec": "600"}, {"dep_dt": "1458137535", "route_id": "Red", "arr_dt": "1458138083", "direction": "0", "travel_time_sec": "548", "benchmark_travel_time_sec": "600"}, {"dep_dt": "1458137679", "route_id": "Red", "arr_dt": "1458138275", "direction": "0", "travel_time_sec": "596", "benchmark_travel_time_sec": "600"}, {"dep_dt": "1458138002", "route_id": "Red", "arr_dt": "1458138548", "direction": "0", "travel_time_sec": "546", "benchmark_travel_time_sec": "600"}, {"dep_dt": "1458138175", "route_id": "Red", "arr_dt": "1458138739", "direction": "0", "travel_time_sec": "564", "benchmark_travel_time_sec": "600"}, {"dep_dt": "1458138491", "route_id": "Red", "arr_dt": "1458139050", "direction": "0", "travel_time_sec": "559", "benchmark_travel_time_sec": "600"}, {"dep_dt": "1458139204", "route_id": "Red", "arr_dt": "1458139768", "direction": "0", "travel_time_sec": "564", "benchmark_travel_time_sec": "600"}, {"dep_dt": "1458141005", "route_id": "Red", "arr_dt": "1458141624", "direction": "0", "travel_time_sec": "619", "benchmark_travel_time_sec": "600"}, {"dep_dt": "1458141470", "route_id": "Red", "arr_dt": "1458142155", "direction": "0", "travel_time_sec": "685", "benchmark_travel_time_sec": "600"}, {"dep_dt": "1458142105", "route_id": "Red", "arr_dt": "1458142663", "direction": "0", "travel_time_sec": "558", "benchmark_travel_time_sec": "600"}, {"dep_dt": "1458142549", "route_id": "Red", "arr_dt": "1458143097", "direction": "0", "travel_time_sec": "548", "benchmark_travel_time_sec": "600"}, {"dep_dt": "1458144566", "route_id": "Red", "arr_dt": "1458145133", "direction": "0", "travel_time_sec": "567", "benchmark_travel_time_sec": "600"}, {"dep_dt": "1458145404", "route_id": "Red", "arr_dt": "1458145995", "direction": "0", "travel_time_sec": "591", "benchmark_travel_time_sec": "600"}, {"dep_dt": "1458146186", "route_id": "Red", "arr_dt": "1458146734", "direction": "0", "travel_time_sec": "548", "benchmark_travel_time_sec": "600"}, {"dep_dt": "1458147547", "route_id": "Red", "arr_dt": "1458148125", "direction": "0", "travel_time_sec": "578", "benchmark_travel_time_sec": "600"}, {"dep_dt": "1458148019", "route_id": "Red", "arr_dt": "1458148608", "direction": "0", "travel_time_sec": "589", "benchmark_travel_time_sec": "600"}, {"dep_dt": "1458148390", "route_id": "Red", "arr_dt": "1458148925", "direction": "0", "travel_time_sec": "535", "benchmark_travel_time_sec": "600"}, {"dep_dt": "1458149204", "route_id": "Red", "arr_dt": "1458149782", "direction": "0", "travel_time_sec": "578", "benchmark_travel_time_sec": "600"}, {"dep_dt": "1458149554", "route_id": "Red", "arr_dt": "1458150190", "direction": "0", "travel_time_sec": "636", "benchmark_travel_time_sec": "600"}, {"dep_dt": "1458151275", "route_id": "Red", "arr_dt": "1458151909", "direction": "0", "travel_time_sec": "634", "benchmark_travel_time_sec": "600"}, {"dep_dt": "1458151412", "route_id": "Red", "arr_dt": "1458152109", "direction": "0", "travel_time_sec": "697", "benchmark_travel_time_sec": "600"}, {"dep_dt": "1458151785", "route_id": "Red", "arr_dt": "1458152360", "direction": "0", "travel_time_sec": "575", "benchmark_travel_time_sec": "600"}, {"dep_dt": "1458152255", "route_id": "Red", "arr_dt": "1458152810", "direction": "0", "travel_time_sec": "555", "benchmark_travel_time_sec": "600"}, {"dep_dt": "1458152834", "route_id": "Red", "arr_dt": "1458153425", "direction": "0", "travel_time_sec": "591", "benchmark_travel_time_sec": "600"}, {"dep_dt": "1458153207", "route_id": "Red", "arr_dt": "1458153823", "direction": "0", "travel_time_sec": "616", "benchmark_travel_time_sec": "600"}, {"dep_dt": "1458153536", "route_id": "Red", "arr_dt": "1458154088", "direction": "0", "travel_time_sec": "552", "benchmark_travel_time_sec": "600"}, {"dep_dt": "1458153985", "route_id": "Red", "arr_dt": "1458154567", "direction": "0", "travel_time_sec": "582", "benchmark_travel_time_sec": "600"}, {"dep_dt": "1458154565", "route_id": "Red", "arr_dt": "1458155159", "direction": "0", "travel_time_sec": "594", "benchmark_travel_time_sec": "600"}, {"dep_dt": "1458154827", "route_id": "Red", "arr_dt": "1458155386", "direction": "0", "travel_time_sec": "559", "benchmark_travel_time_sec": "600"}, {"dep_dt": "1458155234", "route_id": "Red", "arr_dt": "1458155872", "direction": "0", "travel_time_sec": "638", "benchmark_travel_time_sec": "600"}, {"dep_dt": "1458155697", "route_id": "Red", "arr_dt": "1458156278", "direction": "0", "travel_time_sec": "581", "benchmark_travel_time_sec": "600"}, {"dep_dt": "1458155963", "route_id": "Red", "arr_dt": "1458156516", "direction": "0", "travel_time_sec": "553", "benchmark_travel_time_sec": "600"}, {"dep_dt": "1458156468", "route_id": "Red", "arr_dt": "1458157115", "direction": "0", "travel_time_sec": "647", "benchmark_travel_time_sec": "600"}, {"dep_dt": "1458156625", "route_id": "Red", "arr_dt": "1458157314", "direction": "0", "travel_time_sec": "689", "benchmark_travel_time_sec": "600"}, {"dep_dt": "1458156906", "route_id": "Red", "arr_dt": "1458157539", "direction": "0", "travel_time_sec": "633", "benchmark_travel_time_sec": "600"}, {"dep_dt": "1458157335", "route_id": "Red", "arr_dt": "1458157928", "direction": "0", "travel_time_sec": "593", "benchmark_travel_time_sec": "600"}, {"dep_dt": "1458157948", "route_id": "Red", "arr_dt": "1458158587", "direction": "0", "travel_time_sec": "639", "benchmark_travel_time_sec": "700"}, {"dep_dt": "1458158186", "route_id": "Red", "arr_dt": "1458158798", "direction": "0", "travel_time_sec": "612", "benchmark_travel_time_sec": "700"}, {"dep_dt": "1458158768", "route_id": "Red", "arr_dt": "1458159395", "direction": "0", "travel_time_sec": "627", "benchmark_travel_time_sec": "700"}, {"dep_dt": "1458159057", "route_id": "Red", "arr_dt": "1458159680", "direction": "0", "travel_time_sec": "623", "benchmark_travel_time_sec": "700"}, {"dep_dt": "1458159526", "route_id": "Red", "arr_dt": "1458160122", "direction": "0", "travel_time_sec": "596", "benchmark_travel_time_sec": "700"}, {"dep_dt": "1458159704", "route_id": "Red", "arr_dt": "1458160323", "direction": "0", "travel_time_sec": "619", "benchmark_travel_time_sec": "720"}, {"dep_dt": "1458160229", "route_id": "Red", "arr_dt": "1458160796", "direction": "0", "travel_time_sec": "567", "benchmark_travel_time_sec": "720"}, {"dep_dt": "1458160731", "route_id": "Red", "arr_dt": "1458161397", "direction": "0", "travel_time_sec": "666", "benchmark_travel_time_sec": "720"}, {"dep_dt": "1458160963", "route_id": "Red", "arr_dt": "1458161587", "direction": "0", "travel_time_sec": "624", "benchmark_travel_time_sec": "720"}, {"dep_dt": "1458161476", "route_id": "Red", "arr_dt": "1458162069", "direction": "0", "travel_time_sec": "593", "benchmark_travel_time_sec": "720"}, {"dep_dt": "1458161788", "route_id": "Red", "arr_dt": "1458162465", "direction": "0", "travel_time_sec": "677", "benchmark_travel_time_sec": "720"}, {"dep_dt": "1458161988", "route_id": "Red", "arr_dt": "1458162704", "direction": "0", "travel_time_sec": "716", "benchmark_travel_time_sec": "720"}, {"dep_dt": "1458162158", "route_id": "Red", "arr_dt": "1458162901", "direction": "0", "travel_time_sec": "743", "benchmark_travel_time_sec": "720"}, {"dep_dt": "1458162479", "route_id": "Red", "arr_dt": "1458163155", "direction": "0", "travel_time_sec": "676", "benchmark_travel_time_sec": "720"}, {"dep_dt": "1458162644", "route_id": "Red", "arr_dt": "1458163376", "direction": "0", "travel_time_sec": "732", "benchmark_travel_time_sec": "720"}, {"dep_dt": "1458162829", "threshold_flag_3": "threshold_id_06", "route_id": "Red", "arr_dt": "1458164216", "direction": "0", "threshold_flag_2": "threshold_id_05", "travel_time_sec": "1387", "threshold_flag_1": "threshold_id_04", "benchmark_travel_time_sec": "720"}, {"dep_dt": "1458163036", "threshold_flag_3": "threshold_id_06", "route_id": "Red", "arr_dt": "1458164454", "direction": "0", "threshold_flag_2": "threshold_id_05", "travel_time_sec": "1418", "threshold_flag_1": "threshold_id_04", "benchmark_travel_time_sec": "720"}, {"dep_dt": "1458163316", "threshold_flag_3": "threshold_id_06", "route_id": "Red", "arr_dt": "1458164772", "direction": "0", "threshold_flag_2": "threshold_id_05", "travel_time_sec": "1456", "threshold_flag_1": "threshold_id_04", "benchmark_travel_time_sec": "720"}, {"dep_dt": "1458164465", "route_id": "Red", "arr_dt": "1458165443", "direction": "0", "travel_time_sec": "978", "threshold_flag_1": "threshold_id_04", "benchmark_travel_time_sec": "720"}, {"dep_dt": "1458164860", "route_id": "Red", "arr_dt": "1458165644", "direction": "0", "travel_time_sec": "784", "benchmark_travel_time_sec": "668"}, {"dep_dt": "1458165063", "route_id": "Red", "arr_dt": "1458165847", "direction": "0", "travel_time_sec": "784", "benchmark_travel_time_sec": "668"}, {"dep_dt": "1458165698", "route_id": "Red", "arr_dt": "1458166305", "direction": "0", "travel_time_sec": "607", "benchmark_travel_time_sec": "668"}, {"dep_dt": "1458166062", "route_id": "Red", "arr_dt": "1458166674", "direction": "0", "travel_time_sec": "612", "benchmark_travel_time_sec": "668"}, {"dep_dt": "1458166478", "route_id": "Red", "arr_dt": "1458167083", "direction": "0", "travel_time_sec": "605", "benchmark_travel_time_sec": "668"}, {"dep_dt": "1458166666", "route_id": "Red", "arr_dt": "1458167287", "direction": "0", "travel_time_sec": "621", "benchmark_travel_time_sec": "668"}, {"dep_dt": "1458167104", "route_id": "Red", "arr_dt": "1458167698", "direction": "0", "travel_time_sec": "594", "benchmark_travel_time_sec": "660"}, {"dep_dt": "1458167746", "route_id": "Red", "arr_dt": "1458168317", "direction": "0", "travel_time_sec": "571", "benchmark_travel_time_sec": "660"}, {"dep_dt": "1458167956", "route_id": "Red", "arr_dt": "1458168510", "direction": "0", "travel_time_sec": "554", "benchmark_travel_time_sec": "660"}, {"dep_dt": "1458168188", "route_id": "Red", "arr_dt": "1458168732", "direction": "0", "travel_time_sec": "544", "benchmark_travel_time_sec": "660"}, {"dep_dt": "1458168373", "route_id": "Red", "arr_dt": "1458169016", "direction": "0", "travel_time_sec": "643", "benchmark_travel_time_sec": "660"}, {"dep_dt": "1458168557", "route_id": "Red", "arr_dt": "1458169197", "direction": "0", "travel_time_sec": "640", "benchmark_travel_time_sec": "660"}, {"dep_dt": "1458169086", "route_id": "Red", "arr_dt": "1458169647", "direction": "0", "travel_time_sec": "561", "benchmark_travel_time_sec": "660"}, {"dep_dt": "1458169907", "route_id": "Red", "arr_dt": "1458170561", "direction": "0", "travel_time_sec": "654", "benchmark_travel_time_sec": "660"}, {"dep_dt": "1458170167", "route_id": "Red", "arr_dt": "1458170777", "direction": "0", "travel_time_sec": "610", "benchmark_travel_time_sec": "660"}, {"dep_dt": "1458170375", "route_id": "Red", "arr_dt": "1458170958", "direction": "0", "travel_time_sec": "583", "benchmark_travel_time_sec": "660"}, {"dep_dt": "1458170647", "route_id": "Red", "arr_dt": "1458171236", "direction": "0", "travel_time_sec": "589", "benchmark_travel_time_sec": "660"}, {"dep_dt": "1458170897", "route_id": "Red", "arr_dt": "1458171450", "direction": "0", "travel_time_sec": "553", "benchmark_travel_time_sec": "660"}, {"dep_dt": "1458171184", "route_id": "Red", "arr_dt": "1458171713", "direction": "0", "travel_time_sec": "529", "benchmark_travel_time_sec": "660"}, {"dep_dt": "1458171760", "route_id": "Red", "arr_dt": "1458172342", "direction": "0", "travel_time_sec": "582", "benchmark_travel_time_sec": "660"}, {"dep_dt": "1458171994", "route_id": "Red", "arr_dt": "1458172547", "direction": "0", "travel_time_sec": "553", "benchmark_travel_time_sec": "660"}, {"dep_dt": "1458172445", "route_id": "Red", "arr_dt": "1458173026", "direction": "0", "travel_time_sec": "581", "benchmark_travel_time_sec": "550"}, {"dep_dt": "1458173056", "route_id": "Red", "arr_dt": "1458173628", "direction": "0", "travel_time_sec": "572", "benchmark_travel_time_sec": "550"}, {"dep_dt": "1458173299", "route_id": "Red", "arr_dt": "1458173856", "direction": "0", "travel_time_sec": "557", "benchmark_travel_time_sec": "550"}, {"dep_dt": "1458173927", "route_id": "Red", "arr_dt": "1458174495", "direction": "0", "travel_time_sec": "568", "benchmark_travel_time_sec": "550"}, {"dep_dt": "1458174726", "route_id": "Red", "arr_dt": "1458175278", "direction": "0", "travel_time_sec": "552", "benchmark_travel_time_sec": "540"}, {"dep_dt": "1458175001", "route_id": "Red", "arr_dt": "1458175585", "direction": "0", "travel_time_sec": "584", "benchmark_travel_time_sec": "540"}, {"dep_dt": "1458175180", "route_id": "Red", "arr_dt": "1458175790", "direction": "0", "travel_time_sec": "610", "benchmark_travel_time_sec": "540"}, {"dep_dt": "1458175639", "route_id": "Red", "arr_dt": "1458176206", "direction": "0", "travel_time_sec": "567", "benchmark_travel_time_sec": "540"}, {"dep_dt": "1458175998", "route_id": "Red", "arr_dt": "1458176563", "direction": "0", "travel_time_sec": "565", "benchmark_travel_time_sec": "540"}, {"dep_dt": "1458176485", "route_id": "Red", "arr_dt": "1458177091", "direction": "0", "travel_time_sec": "606", "benchmark_travel_time_sec": "540"}, {"dep_dt": "1458176767", "route_id": "Red", "arr_dt": "1458177329", "direction": "0", "travel_time_sec": "562", "benchmark_travel_time_sec": "540"}, {"dep_dt": "1458177115", "route_id": "Red", "arr_dt": "1458177711", "direction": "0", "travel_time_sec": "596", "benchmark_travel_time_sec": "540"}, {"dep_dt": "1458177797", "route_id": "Red", "arr_dt": "1458178426", "direction": "0", "travel_time_sec": "629", "benchmark_travel_time_sec": "540"}, {"dep_dt": "1458178128", "route_id": "Red", "arr_dt": "1458178675", "direction": "0", "travel_time_sec": "547", "benchmark_travel_time_sec": "540"}, {"dep_dt": "1458178293", "route_id": "Red", "arr_dt": "1458178883", "direction": "0", "travel_time_sec": "590", "benchmark_travel_time_sec": "540"}, {"dep_dt": "1458178525", "route_id": "Red", "arr_dt": "1458179077", "direction": "0", "travel_time_sec": "552", "benchmark_travel_time_sec": "540"}, {"dep_dt": "1458178682", "route_id": "Red", "arr_dt": "1458179248", "direction": "0", "travel_time_sec": "566", "benchmark_travel_time_sec": "540"}, {"dep_dt": "1458179153", "route_id": "Red", "arr_dt": "1458179751", "direction": "0", "travel_time_sec": "598", "benchmark_travel_time_sec": "540"}, {"dep_dt": "1458179477", "route_id": "Red", "arr_dt": "1458180042", "direction": "0", "travel_time_sec": "565", "benchmark_travel_time_sec": "540"}, {"dep_dt": "1458180157", "route_id": "Red", "arr_dt": "1458180743", "direction": "0", "travel_time_sec": "586", "benchmark_travel_time_sec": "540"}, {"dep_dt": "1458180439", "route_id": "Red", "arr_dt": "1458180979", "direction": "0", "travel_time_sec": "540", "benchmark_travel_time_sec": "540"}, {"dep_dt": "1458181093", "route_id": "Red", "arr_dt": "1458181650", "direction": "0", "travel_time_sec": "557", "benchmark_travel_time_sec": "540"}, {"dep_dt": "1458181848", "route_id": "Red", "arr_dt": "1458182455", "direction": "0", "travel_time_sec": "607", "benchmark_travel_time_sec": "540"}, {"dep_dt": "1458182513", "route_id": "Red", "arr_dt": "1458183089", "direction": "0", "travel_time_sec": "576", "benchmark_travel_time_sec": "540"}, {"dep_dt": "1458183013", "route_id": "Red", "arr_dt": "1458183651", "direction": "0", "travel_time_sec": "638", "benchmark_travel_time_sec": "540"}, {"dep_dt": "1458183484", "route_id": "Red", "arr_dt": "1458184039", "direction": "0", "travel_time_sec": "555", "benchmark_travel_time_sec": "540"}, {"dep_dt": "1458183885", "route_id": "Red", "arr_dt": "1458184533", "direction": "0", "travel_time_sec": "648", "benchmark_travel_time_sec": "540"}, {"dep_dt": "1458184163", "route_id": "Red", "arr_dt": "1458184742", "direction": "0", "travel_time_sec": "579", "benchmark_travel_time_sec": "540"}, {"dep_dt": "1458184799", "route_id": "Red", "arr_dt": "1458185361", "direction": "0", "travel_time_sec": "562", "benchmark_travel_time_sec": "540"}, {"dep_dt": "1458185776", "route_id": "Red", "arr_dt": "1458186323", "direction": "0", "travel_time_sec": "547", "benchmark_travel_time_sec": "540"}, {"dep_dt": "1458186315", "route_id": "Red", "arr_dt": "1458186862", "direction": "0", "travel_time_sec": "547", "benchmark_travel_time_sec": "540"}]}