{"travel_times": [{"dep_dt": "1461037969", "route_id": "Red", "arr_dt": "1461038531", "direction": "0", "travel_time_sec": "562", "benchmark_travel_time_sec": "540"}, {"dep_dt": "1461038421", "route_id": "Red", "arr_dt": "1461038977", "direction": "0", "travel_time_sec": "556", "benchmark_travel_time_sec": "540"}, {"dep_dt": "1461039331", "route_id": "Red", "arr_dt": "1461039714", "direction": "0", "travel_time_sec": "383", "benchmark_travel_time_sec": "540"}, {"dep_dt": "1461039655", "route_id": "Red", "arr_dt": "1461040210", "direction": "0", "travel_time_sec": "555", "benchmark_travel_time_sec": "540"}, {"dep_dt": "1461039888", "route_id": "Red", "arr_dt": "1461040413", "direction": "0", "travel_time_sec": "525", "benchmark_travel_time_sec": "540"}, {"dep_dt": "1461040357", "route_id": "Red", "arr_dt": "1461041164", "direction": "0", "travel_time_sec": "807", "threshold_flag_1": "threshold_id_04", "benchmark_travel_time_sec": "540"}, {"dep_dt": "1461057827", "route_id": "Red", "arr_dt": "1461058348", "direction": "0", "travel_time_sec": "521", "benchmark_travel_time_sec": "540"}, {"dep_dt": "1461058394", "route_id": "Red", "arr_dt": "1461058958", "direction": "0", "travel_time_sec": "564", "benchmark_travel_time_sec": "540"}, {"dep_dt": "1461058677", "route_id": "Red", "arr_dt": "1461059273", "direction": "0", "travel_time_sec": "596", "benchmark_travel_time_sec": "540"}, {"dep_dt": "1461059105", "route_id": "Red", "arr_dt": "1461059654", "direction": "0", "travel_time_sec": "549", "benchmark_travel_time_sec": "540"}, {"dep_dt": "1461059484", "route_id": "Red", "arr_dt": "1461060039", "direction": "0", "travel_time_sec": "555", "benchmark_travel_time_sec": "540"}, {"dep_dt": "1461060222", "route_id": "Red", "arr_dt": "1461060770", "direction": "0", "travel_time_sec": "548", "benchmark_travel_time_sec": "540"}, {"dep_dt": "1461060767", "route_id": "Red", "arr_dt": "1461061334", "direction": "0", "travel_time_sec": "567", "benchmark_travel_time_sec": "540"}, {"dep_dt": "1461061140", "route_id": "Red", "arr_dt": "1461061710", "direction": "0", "travel_time_sec": "570", "benchmark_travel_time_sec": "540"}, {"dep_dt": "1461061434", "route_id": "Red", "arr_dt": "1461062011", "direction": "0", "travel_time_sec": "577", "benchmark_travel_time_sec": "540"}, {"dep_dt": "1461061578", "route_id": "Red", "arr_dt": "1461062178", "direction": "0", "travel_time_sec": "600", "benchmark_travel_time_sec": "540"}, {"dep_dt": "1461062017", "route_id": "Red", "arr_dt": "1461062581", "direction": "0", "travel_time_sec": "564", "benchmark_travel_time_sec": "540"}, {"dep_dt": "1461062413", "route_id": "Red", "arr_dt": "1461062964", "direction": "0", "travel_time_sec": "551", "benchmark_travel_time_sec": "540"}, {"dep_dt": "1461062687", "route_id": "Red", "arr_dt": "1461063264", "direction": "0", "travel_time_sec": "577", "benchmark_travel_time_sec": "540"}, {"dep_dt": "1461063084", "route_id": "Red", "arr_dt": "1461063656", "direction": "0", "travel_time_sec": "572", "benchmark_travel_time_sec": "651"}, {"dep_dt": "1461063249", "route_id": "Red", "arr_dt": "1461063827", "direction": "0", "travel_time_sec": "578", "benchmark_travel_time_sec": "651"}, {"dep_dt": "1461063760", "route_id": "Red", "arr_dt": "1461064355", "direction": "0", "travel_time_sec": "595", "benchmark_travel_time_sec": "651"}, {"dep_dt": "1461063962", "route_id": "Red", "arr_dt": "1461064560", "direction": "0", "travel_time_sec": "598", "benchmark_travel_time_sec": "651"}, {"dep_dt": "1461064126", "route_id": "Red", "arr_dt": "1461064740", "direction": "0", "travel_time_sec": "614", "benchmark_travel_time_sec": "651"}, {"dep_dt": "1461064420", "route_id": "Red", "arr_dt": "1461065035", "direction": "0", "travel_time_sec": "615", "benchmark_travel_time_sec": "651"}, {"dep_dt": "1461064565", "route_id": "Red", "arr_dt": "1461065211", "direction": "0", "travel_time_sec": "646", "benchmark_travel_time_sec": "651"}, {"dep_dt": "1461064804", "route_id": "Red", "arr_dt": "1461065392", "direction": "0", "travel_time_sec": "588", "benchmark_travel_time_sec": "651"}, {"dep_dt": "1461064947", "route_id": "Red", "arr_dt": "1461065558", "direction": "0", "travel_time_sec": "611", "benchmark_travel_time_sec": "660"}, {"dep_dt": "1461065244", "route_id": "Red", "arr_dt": "1461065810", "direction": "0", "travel_time_sec": "566", "benchmark_travel_time_sec": "660"}, {"dep_dt": "1461065436", "route_id": "Red", "arr_dt": "1461066019", "direction": "0", "travel_time_sec": "583", "benchmark_travel_time_sec": "660"}, {"dep_dt": "1461065688", "route_id": "Red", "arr_dt": "1461066317", "direction": "0", "travel_time_sec": "629", "benchmark_travel_time_sec": "660"}, {"dep_dt": "1461065865", "route_id": "Red", "arr_dt": "1461066534", "direction": "0", "travel_time_sec": "669", "benchmark_travel_time_sec": "660"}, {"dep_dt": "1461066020", "route_id": "Red", "arr_dt": "1461066720", "direction": "0", "travel_time_sec": "700", "benchmark_travel_time_sec": "660"}, {"dep_dt": "1461066198", "route_id": "Red", "arr_dt": "1461066909", "direction": "0", "travel_time_sec": "711", "benchmark_travel_time_sec": "660"}, {"dep_dt": "1461066496", "route_id": "Red", "arr_dt": "1461067147", "direction": "0", "travel_time_sec": "651", "benchmark_travel_time_sec": "660"}, {"dep_dt": "1461066665", "route_id": "Red", "arr_dt": "1461067343", "direction": "0", "travel_time_sec": "678", "benchmark_travel_time_sec": "660"}, {"dep_dt": "1461067064", "route_id": "Red", "arr_dt": "1461067730", "direction": "0", "travel_time_sec": "666", "benchmark_travel_time_sec": "660"}, {"dep_dt": "1461067216", "route_id": "Red", "arr_dt": "1461068149", "direction": "0", "travel_time_sec": "933", "threshold_flag_1": "threshold_id_04", "benchmark_travel_time_sec": "660"}, {"dep_dt": "1461068218", "route_id": "Red", "arr_dt": "1461068927", "direction": "0", "travel_time_sec": "709", "benchmark_travel_time_sec": "660"}, {"dep_dt": "1461068407", "route_id": "Red", "arr_dt": "1461069151", "direction": "0", "travel_time_sec": "744", "benchmark_travel_time_sec": "660"}, {"dep_dt": "1461068580", "route_id": "Red", "arr_dt": "1461069492", "direction": "0", "travel_time_sec": "912", "threshold_flag_1": "threshold_id_04", "benchmark_travel_time_sec": "660"}, {"dep_dt": "1461068740", "route_id": "Red", "arr_dt": "1461069686", "direction": "0", "travel_time_sec": "946", "threshold_flag_1": "threshold_id_04", "benchmark_travel_time_sec": "660"}, {"dep_dt": "1461068920", "route_id": "Red", "arr_dt": "1461069893", "direction": "0", "travel_time_sec": "973", "threshold_flag_1": "threshold_id_04", "benchmark_travel_time_sec": "660"}, {"dep_dt": "1461069203", "route_id": "Red", "arr_dt": "1461070091", "direction": "0", "travel_time_sec": "888", "threshold_flag_1": "threshold_id_04", "benchmark_travel_time_sec": "660"}, {"dep_dt": "1461069397", "route_id": "Red", "arr_dt": "1461070320", "direction": "0", "travel_time_sec": "923", "threshold_flag_1": "threshold_id_04", "benchmark_travel_time_sec": "660"}, {"dep_dt": "1461069557", "route_id": "Red", "arr_dt": "1461070506", "direction": "0", "travel_time_sec": "949", "threshold_flag_1": "threshold_id_04", "benchmark_travel_time_sec": "660"}, {"dep_dt": "1461069794", "route_id": "Red", "arr_dt": "1461070694", "direction": "0", "travel_time_sec": "900", "threshold_flag_1": "threshold_id_04", "benchmark_travel_time_sec": "660"}, {"dep_dt": "1461070008", "route_id": "Red", "arr_dt": "1461070863", "direction": "0", "travel_time_sec": "855", "threshold_flag_1": "threshold_id_04", "benchmark_travel_time_sec": "660"}, {"dep_dt": "1461070321", "route_id": "Red", "arr_dt": "1461071050", "direction": "0", "travel_time_sec": "729", "benchmark_travel_time_sec": "660"}, {"dep_dt": "1461070500", "route_id": "Red", "arr_dt": "1461071231", "direction": "0", "travel_time_sec": "731", "benchmark_travel_time_sec": "660"}, {"dep_dt": "1461070685", "route_id": "Red", "arr_dt": "1461071441", "direction": "0", "travel_time_sec": "756", "benchmark_travel_time_sec": "660"}, {"dep_dt": "1461070886", "route_id": "Red", "arr_dt": "1461071618", "direction": "0", "travel_time_sec": "732", "benchmark_travel_time_sec": "660"}, {"dep_dt": "1461071161", "route_id": "Red", "arr_dt": "1461071803", "direction": "0", "travel_time_sec": "642", "benchmark_travel_time_sec": "660"}, {"dep_dt": "1461071343", "route_id": "Red", "arr_dt": "1461071996", "direction": "0", "travel_time_sec": "653", "benchmark_travel_time_sec": "660"}, {"dep_dt": "1461071506", "route_id": "Red", "arr_dt": "1461072203", "direction": "0", "travel_time_sec": "697", "benchmark_travel_time_sec": "660"}, {"dep_dt": "1461071728", "route_id": "Red", "arr_dt": "1461072413", "direction": "0", "travel_time_sec": "685", "benchmark_travel_time_sec": "660"}, {"dep_dt": "1461071901", "route_id": "Red", "arr_dt": "1461072583", "direction": "0", "travel_time_sec": "682", "benchmark_travel_time_sec": "660"}, {"dep_dt": "1461072186", "route_id": "Red", "arr_dt": "1461072805", "direction": "0", "travel_time_sec": "619", "benchmark_travel_time_sec": "615"}, {"dep_dt": "1461072453", "route_id": "Red", "arr_dt": "1461073033", "direction": "0", "travel_time_sec": "580", "benchmark_travel_time_sec": "615"}, {"dep_dt": "1461072713", "route_id": "Red", "arr_dt": "1461073296", "direction": "0", "travel_time_sec": "583", "benchmark_travel_time_sec": "615"}, {"dep_dt": "1461073038", "route_id": "Red", "arr_dt": "1461073631", "direction": "0", "travel_time_sec": "593", "benchmark_travel_time_sec": "615"}, {"dep_dt": "1461073346", "route_id": "Red", "arr_dt": "1461073948", "direction": "0", "travel_time_sec": "602", "benchmark_travel_time_sec": "615"}, {"dep_dt": "1461073607", "route_id": "Red", "arr_dt": "1461074235", "direction": "0", "travel_time_sec": "628", "benchmark_travel_time_sec": "615"}, {"dep_dt": "1461073775", "route_id": "Red", "arr_dt": "1461074418", "direction": "0", "travel_time_sec": "643", "benchmark_travel_time_sec": "600"}, {"dep_dt": "1461074127", "route_id": "Red", "arr_dt": "1461074729", "direction": "0", "travel_time_sec": "602", "benchmark_travel_time_sec": "600"}, {"dep_dt": "1461074355", "route_id": "Red", "arr_dt": "1461074961", "direction": "0", "travel_time_sec": "606", "benchmark_travel_time_sec": "600"}, {"dep_dt": "1461074740", "route_id": "Red", "arr_dt": "1461075307", "direction": "0", "travel_time_sec": "567", "benchmark_travel_time_sec": "600"}, {"dep_dt": "1461074902", "route_id": "Red", "arr_dt": "1461075490", "direction": "0", "travel_time_sec": "588", "benchmark_travel_time_sec": "600"}, {"dep_dt": "1461075097", "route_id": "Red", "arr_dt": "1461075670", "direction": "0", "travel_time_sec": "573", "benchmark_travel_time_sec": "600"}, {"dep_dt": "1461075246", "route_id": "Red", "arr_dt": "1461075857", "direction": "0", "travel_time_sec": "611", "benchmark_travel_time_sec": "600"}, {"dep_dt": "1461075545", "route_id": "Red", "arr_dt": "1461076104", "direction": "0", "travel_time_sec": "559", "benchmark_travel_time_sec": "600"}, {"dep_dt": "1461075675", "route_id": "Red", "arr_dt": "1461076269", "direction": "0", "travel_time_sec": "594", "benchmark_travel_time_sec": "600"}, {"dep_dt": "1461075975", "route_id": "Red", "arr_dt": "1461076520", "direction": "0", "travel_time_sec": "545", "benchmark_travel_time_sec": "600"}, {"dep_dt": "1461076121", "route_id": "Red", "arr_dt": "1461076714", "direction": "0", "travel_time_sec": "593", "benchmark_travel_time_sec": "600"}, {"dep_dt": "1461076467", "route_id": "Red", "arr_dt": "1461077051", "direction": "0", "travel_time_sec": "584", "benchmark_travel_time_sec": "600"}, {"dep_dt": "1461076896", "route_id": "Red", "arr_dt": "1461077500", "direction": "0", "travel_time_sec": "604", "benchmark_travel_time_sec": "600"}, {"dep_dt": "1461077245", "route_id": "Red", "arr_dt": "1461077827", "direction": "0", "travel_time_sec": "582", "benchmark_travel_time_sec": "600"}, {"dep_dt": "1461077494", "route_id": "Red", "arr_dt": "1461078124", "direction": "0", "travel_time_sec": "630", "benchmark_travel_time_sec": "600"}, {"dep_dt": "1461078048", "route_id": "Red", "arr_dt": "1461078601", "direction": "0", "travel_time_sec": "553", "benchmark_travel_time_sec": "600"}, {"dep_dt": "1461078451", "route_id": "Red", "arr_dt": "1461079047", "direction": "0", "travel_time_sec": "596", "benchmark_travel_time_sec": "600"}, {"dep_dt": "1461078887", "route_id": "Red", "arr_dt": "1461079428", "direction": "0", "travel_time_sec": "541", "benchmark_travel_time_sec": "600"}, {"dep_dt": "1461079316", "route_id": "Red", "arr_dt": "1461079941", "direction": "0", "travel_time_sec": "625", "benchmark_travel_time_sec": "600"}, {"dep_dt": "1461079659", "route_id": "Red", "arr_dt": "1461080216", "direction": "0", "travel_time_sec": "557", "benchmark_travel_time_sec": "600"}, {"dep_dt": "1461080244", "route_id": "Red", "arr_dt": "1461080820", "direction": "0", "travel_time_sec": "576", "benchmark_travel_time_sec": "600"}, {"dep_dt": "1461080561", "route_id": "Red", "arr_dt": "1461081174", "direction": "0", "travel_time_sec": "613", "benchmark_travel_time_sec": "600"}, {"dep_dt": "1461080748", "route_id": "Red", "arr_dt": "1461081383", "direction": "0", "travel_time_sec": "635", "benchmark_travel_time_sec": "600"}, {"dep_dt": "1461081247", "route_id": "Red", "arr_dt": "1461081820", "direction": "0", "travel_time_sec": "573", "benchmark_travel_time_sec": "600"}, {"dep_dt": "1461081561", "route_id": "Red", "arr_dt": "1461082143", "direction": "0", "travel_time_sec": "582", "benchmark_travel_time_sec": "600"}, {"dep_dt": "1461082172", "route_id": "Red", "arr_dt": "1461082775", "direction": "0", "travel_time_sec": "603", "benchmark_travel_time_sec": "600"}, {"dep_dt": "1461082420", "route_id": "Red", "arr_dt": "1461082994", "direction": "0", "travel_time_sec": "574", "benchmark_travel_time_sec": "600"}, {"dep_dt": "1461082714", "route_id": "Red", "arr_dt": "1461083266", "direction": "0", "travel_time_sec": "552", "benchmark_travel_time_sec": "600"}, {"dep_dt": "1461083188", "route_id": "Red", "arr_dt": "1461083771", "direction": "0", "travel_time_sec": "583", "benchmark_travel_time_sec": "600"}, {"dep_dt": "1461083734", "route_id": "Red", "arr_dt": "1461084312", "direction": "0", "travel_time_sec": "578", "benchmark_travel_time_sec": "600"}, {"dep_dt": "1461083979", "route_id": "Red", "arr_dt": "1461084591", "direction": "0", "travel_time_sec": "612", "benchmark_travel_time_sec": "600"}, {"dep_dt": "1461084510", "route_id": "Red", "arr_dt": "1461085123", "direction": "0", "travel_time_sec": "613", "benchmark_travel_time_sec": "600"}, {"dep_dt": "1461084950", "route_id": "Red", "arr_dt": "1461085559", "direction": "0", "travel_time_sec": "609", "benchmark_travel_time_sec": "600"}, {"dep_dt": "1461085387", "route_id": "Red", "arr_dt": "1461085947", "direction": "0", "travel_time_sec": "560", "benchmark_travel_time_sec": "600"}, {"dep_dt": "1461085663", "route_id": "Red", "arr_dt": "1461086262", "direction": "0", "travel_time_sec": "599", "benchmark_travel_time_sec": "600"}, {"dep_dt": "1461086188", "route_id": "Red", "arr_dt": "1461086758", "direction": "0", "travel_time_sec": "570", "benchmark_travel_time_sec": "600"}, {"dep_dt": "1461086484", "route_id": "Red", "arr_dt": "1461087057", "direction": "0", "travel_time_sec": "573", "benchmark_travel_time_sec": "600"}, {"dep_dt": "1461086833", "route_id": "Red", "arr_dt": "1461087389", "direction": "0", "travel_time_sec": "556", "benchmark_travel_time_sec": "600"}, {"dep_dt": "1461087242", "route_id": "Red", "arr_dt": "1461087797", "direction": "0", "travel_time_sec": "555", "benchmark_travel_time_sec": "600"}, {"dep_dt": "1461087775", "route_id": "Red", "arr_dt": "1461088359", "direction": "0", "travel_time_sec": "584", "benchmark_travel_time_sec": "600"}, {"dep_dt": "1461088366", "route_id": "Red", "arr_dt": "1461089030", "direction": "0", "travel_time_sec": "664", "benchmark_travel_time_sec": "600"}, {"dep_dt": "1461088521", "route_id": "Red", "arr_dt": "1461089221", "direction": "0", "travel_time_sec": "700", "benchmark_travel_time_sec": "600"}, {"dep_dt": "1461089035", "route_id": "Red", "arr_dt": "1461089635", "direction": "0", "travel_time_sec": "600", "benchmark_travel_time_sec": "600"}, {"dep_dt": "1461089428", "route_id": "Red", "arr_dt": "1461090044", "direction": "0", "travel_time_sec": "616", "benchmark_travel_time_sec": "600"}, {"dep_dt": "1461089925", "route_id": "Red", "arr_dt": "1461090491", "direction": "0", "travel_time_sec": "566", "benchmark_travel_time_sec": "600"}, {"dep_dt": "1461090425", "route_id": "Red", "arr_dt": "1461091013", "direction": "0", "travel_time_sec": "588", "benchmark_travel_time_sec": "600"}, {"dep_dt": "1461090706", "route_id": "Red", "arr_dt": "1461091283", "direction": "0", "travel_time_sec": "577", "benchmark_travel_time_sec": "600"}, {"dep_dt": "1461091181", "route_id": "Red", "arr_dt": "1461091763", "direction": "0", "travel_time_sec": "582", "benchmark_travel_time_sec": "600"}, {"dep_dt": "1461091586", "route_id": "Red", "arr_dt": "1461092177", "direction": "0", "travel_time_sec": "591", "benchmark_travel_time_sec": "600"}, {"dep_dt": "1461092088", "route_id": "Red", "arr_dt": "1461092665", "direction": "0", "travel_time_sec": "577", "benchmark_travel_time_sec": "600"}, {"dep_dt": "1461092366", "route_id": "Red", "arr_dt": "1461092950", "direction": "0", "travel_time_sec": "584", "benchmark_travel_time_sec": "600"}, {"dep_dt": "1461092965", "route_id": "Red", "arr_dt": "1461093552", "direction": "0", "travel_time_sec": "587", "benchmark_travel_time_sec": "600"}, {"dep_dt": "1461093206", "route_id": "Red", "arr_dt": "1461093773", "direction": "0", "travel_time_sec": "567", "benchmark_travel_time_sec": "600"}, {"dep_dt": "1461093548", "route_id": "Red", "arr_dt": "1461094103", "direction": "0", "travel_time_sec": "555", "benchmark_travel_time_sec": "600"}, {"dep_dt": "1461094045", "route_id": "Red", "arr_dt": "1461094696", "direction": "0", "travel_time_sec": "651", "benchmark_travel_time_sec": "600"}, {"dep_dt": "1461094325", "route_id": "Red", "arr_dt": "1461094914", "direction": "0", "travel_time_sec": "589", "benchmark_travel_time_sec": "600"}, {"dep_dt": "1461094519", "route_id": "Red", "arr_dt": "1461095163", "direction": "0", "travel_time_sec": "644", "benchmark_travel_time_sec": "600"}, {"dep_dt": "1461094862", "route_id": "Red", "arr_dt": "1461095467", "direction": "0", "travel_time_sec": "605", "benchmark_travel_time_sec": "600"}, {"dep_dt": "1461095186", "route_id": "Red", "arr_dt": "1461095787", "direction": "0", "travel_time_sec": "601", "benchmark_travel_time_sec": "600"}, {"dep_dt": "1461095615", "route_id": "Red", "arr_dt": "1461096186", "direction": "0", "travel_time_sec": "571", "benchmark_travel_time_sec": "700"}, {"dep_dt": "1461095835", "route_id": "Red", "arr_dt": "1461096439", "direction": "0", "travel_time_sec": "604", "benchmark_travel_time_sec": "700"}, {"dep_dt": "1461096255", "route_id": "Red", "arr_dt": "1461096866", "direction": "0", "travel_time_sec": "611", "benchmark_travel_time_sec": "700"}, {"dep_dt": "1461096485", "route_id": "Red", "arr_dt": "1461097122", "direction": "0", "travel_time_sec": "637", "benchmark_travel_time_sec": "700"}, {"dep_dt": "1461096925", "route_id": "Red", "arr_dt": "1461097578", "direction": "0", "travel_time_sec": "653", "benchmark_travel_time_sec": "700"}, {"dep_dt": "1461097105", "route_id": "Red", "arr_dt": "1461097775", "direction": "0", "travel_time_sec": "670", "benchmark_travel_time_sec": "700"}, {"dep_dt": "1461097424", "route_id": "Red", "arr_dt": "1461098043", "direction": "0", "travel_time_sec": "619", "benchmark_travel_time_sec": "720"}, {"dep_dt": "1461097608", "route_id": "Red", "arr_dt": "1461098227", "direction": "0", "travel_time_sec": "619", "benchmark_travel_time_sec": "720"}, {"dep_dt": "1461097880", "route_id": "Red", "arr_dt": "1461098448", "direction": "0", "travel_time_sec": "568", "benchmark_travel_time_sec": "720"}, {"dep_dt": "1461098187", "route_id": "Red", "arr_dt": "1461098826", "direction": "0", "travel_time_sec": "639", "benchmark_travel_time_sec": "720"}, {"dep_dt": "1461098486", "route_id": "Red", "arr_dt": "1461099094", "direction": "0", "travel_time_sec": "608", "benchmark_travel_time_sec": "720"}, {"dep_dt": "1461098647", "route_id": "Red", "arr_dt": "1461099281", "direction": "0", "travel_time_sec": "634", "benchmark_travel_time_sec": "720"}, {"dep_dt": "1461098988", "route_id": "Red", "arr_dt": "1461099661", "direction": "0", "travel_time_sec": "673", "benchmark_travel_time_sec": "720"}, {"dep_dt": "1461099178", "route_id": "Red", "arr_dt": "1461099867", "direction": "0", "travel_time_sec": "689", "benchmark_travel_time_sec": "720"}, {"dep_dt": "1461099340", "route_id": "Red", "arr_dt": "1461100094", "direction": "0", "travel_time_sec": "754", "benchmark_travel_time_sec": "720"}, {"dep_dt": "1461099642", "route_id": "Red", "arr_dt": "1461100400", "direction": "0", "travel_time_sec": "758", "benchmark_travel_time_sec": "720"}, {"dep_dt": "1461099889", "route_id": "Red", "arr_dt": "1461100696", "direction": "0", "travel_time_sec": "807", "benchmark_travel_time_sec": "720"}, {"dep_dt": "1461100035", "route_id": "Red", "arr_dt": "1461100926", "direction": "0", "travel_time_sec": "891", "benchmark_travel_time_sec": "720"}, {"dep_dt": "1461100226", "route_id": "Red", "arr_dt": "1461101155", "direction": "0", "travel_time_sec": "929", "threshold_flag_1": "threshold_id_04", "benchmark_travel_time_sec": "720"}, {"dep_dt": "1461100398", "route_id": "Red", "arr_dt": "1461101364", "direction": "0", "travel_time_sec": "966", "threshold_flag_1": "threshold_id_04", "benchmark_travel_time_sec": "720"}, {"dep_dt": "1461100631", "route_id": "Red", "arr_dt": "1461101571", "direction": "0", "travel_time_sec": "940", "threshold_flag_1": "threshold_id_04", "benchmark_travel_time_sec": "720"}, {"dep_dt": "1461100815", "route_id": "Red", "arr_dt": "1461101769", "direction": "0", "travel_time_sec": "954", "threshold_flag_1": "threshold_id_04", "benchmark_travel_time_sec": "720"}, {"dep_dt": "1461101061", "route_id": "Red", "arr_dt": "1461101975", "direction": "0", "travel_time_sec": "914", "threshold_flag_1": "threshold_id_04", "benchmark_travel_time_sec": "720"}, {"dep_dt": "1461101218", "route_id": "Red", "arr_dt": "1461102208", "direction": "0", "travel_time_sec": "990", "threshold_flag_1": "threshold_id_04", "benchmark_travel_time_sec": "720"}, {"dep_dt": "1461101478", "route_id": "Red", "arr_dt": "1461102364", "direction": "0", "travel_time_sec": "886", "benchmark_travel_time_sec": "720"}, {"dep_dt": "1461101725", "route_id": "Red", "arr_dt": "1461102545", "direction": "0", "travel_time_sec": "820", "benchmark_travel_time_sec": "720"}, {"dep_dt": "1461102313", "route_id": "Red", "arr_dt": "1461102982", "direction": "0", "travel_time_sec": "669", "benchmark_travel_time_sec": "720"}, {"dep_dt": "1461102484", "route_id": "Red", "arr_dt": "1461103196", "direction": "0", "travel_time_sec": "712", "benchmark_travel_time_sec": "720"}, {"dep_dt": "1461102646", "route_id": "Red", "arr_dt": "1461103432", "direction": "0", "travel_time_sec": "786", "benchmark_travel_time_sec": "668"}, {"dep_dt": "1461102799", "route_id": "Red", "arr_dt": "1461103667", "direction": "0", "travel_time_sec": "868", "threshold_flag_1": "threshold_id_04", "benchmark_travel_time_sec": "668"}, {"dep_dt": "1461103039", "route_id": "Red", "arr_dt": "1461103843", "direction": "0", "travel_time_sec": "804", "benchmark_travel_time_sec": "668"}, {"dep_dt": "1461103505", "route_id": "Red", "arr_dt": "1461104128", "direction": "0", "travel_time_sec": "623", "benchmark_travel_time_sec": "668"}, {"dep_dt": "1461103727", "route_id": "Red", "arr_dt": "1461104340", "direction": "0", "travel_time_sec": "613", "benchmark_travel_time_sec": "668"}, {"dep_dt": "1461103959", "route_id": "Red", "arr_dt": "1461104554", "direction": "0", "travel_time_sec": "595", "benchmark_travel_time_sec": "668"}, {"dep_dt": "1461104167", "route_id": "Red", "arr_dt": "1461104768", "direction": "0", "travel_time_sec": "601", "benchmark_travel_time_sec": "668"}, {"dep_dt": "1461104667", "route_id": "Red", "arr_dt": "1461105273", "direction": "0", "travel_time_sec": "606", "benchmark_travel_time_sec": "660"}, {"dep_dt": "1461104885", "route_id": "Red", "arr_dt": "1461105482", "direction": "0", "travel_time_sec": "597", "benchmark_travel_time_sec": "660"}, {"dep_dt": "1461105047", "route_id": "Red", "arr_dt": "1461105669", "direction": "0", "travel_time_sec": "622", "benchmark_travel_time_sec": "660"}, {"dep_dt": "1461105297", "route_id": "Red", "arr_dt": "1461105888", "direction": "0", "travel_time_sec": "591", "benchmark_travel_time_sec": "660"}, {"dep_dt": "1461105593", "route_id": "Red", "arr_dt": "1461106149", "direction": "0", "travel_time_sec": "556", "benchmark_travel_time_sec": "660"}, {"dep_dt": "1461105804", "route_id": "Red", "arr_dt": "1461106358", "direction": "0", "travel_time_sec": "554", "benchmark_travel_time_sec": "660"}, {"dep_dt": "1461106080", "route_id": "Red", "arr_dt": "1461106648", "direction": "0", "travel_time_sec": "568", "benchmark_travel_time_sec": "660"}, {"dep_dt": "1461106347", "route_id": "Red", "arr_dt": "1461106962", "direction": "0", "travel_time_sec": "615", "benchmark_travel_time_sec": "660"}, {"dep_dt": "1461106508", "route_id": "Red", "arr_dt": "1461107142", "direction": "0", "travel_time_sec": "634", "benchmark_travel_time_sec": "660"}, {"dep_dt": "1461106706", "route_id": "Red", "arr_dt": "1461107325", "direction": "0", "travel_time_sec": "619", "benchmark_travel_time_sec": "660"}, {"dep_dt": "1461106906", "route_id": "Red", "arr_dt": "1461107512", "direction": "0", "travel_time_sec": "606", "benchmark_travel_time_sec": "660"}, {"dep_dt": "1461107213", "route_id": "Red", "arr_dt": "1461107803", "direction": "0", "travel_time_sec": "590", "benchmark_travel_time_sec": "660"}, {"dep_dt": "1461107507", "route_id": "Red", "arr_dt": "1461108093", "direction": "0", "travel_time_sec": "586", "benchmark_travel_time_sec": "660"}, {"dep_dt": "1461107758", "route_id": "Red", "arr_dt": "1461108338", "direction": "0", "travel_time_sec": "580", "benchmark_travel_time_sec": "660"}, {"dep_dt": "1461107967", "route_id": "Red", "arr_dt": "1461108561", "direction": "0", "travel_time_sec": "594", "benchmark_travel_time_sec": "660"}, {"dep_dt": "1461108287", "route_id": "Red", "arr_dt": "1461108858", "direction": "0", "travel_time_sec": "571", "benchmark_travel_time_sec": "660"}, {"dep_dt": "1461108525", "route_id": "Red", "arr_dt": "1461109063", "direction": "0", "travel_time_sec": "538", "benchmark_travel_time_sec": "660"}, {"dep_dt": "1461108847", "route_id": "Red", "arr_dt": "1461109485", "direction": "0", "travel_time_sec": "638", "benchmark_travel_time_sec": "660"}, {"dep_dt": "1461109018", "route_id": "Red", "arr_dt": "1461109745", "direction": "0", "travel_time_sec": "727", "benchmark_travel_time_sec": "660"}, {"dep_dt": "1461109274", "route_id": "Red", "arr_dt": "1461109923", "direction": "0", "travel_time_sec": "649", "benchmark_travel_time_sec": "660"}, {"dep_dt": "1461109423", "route_id": "Red", "arr_dt": "1461110086", "direction": "0", "travel_time_sec": "663", "benchmark_travel_time_sec": "660"}, {"dep_dt": "1461109816", "route_id": "Red", "arr_dt": "1461110401", "direction": "0", "travel_time_sec": "585", "benchmark_travel_time_sec": "550"}, {"dep_dt": "1461110241", "route_id": "Red", "arr_dt": "1461110841", "direction": "0", "travel_time_sec": "600", "benchmark_travel_time_sec": "550"}, {"dep_dt": "1461110555", "route_id": "Red", "arr_dt": "1461111102", "direction": "0", "travel_time_sec": "547", "benchmark_travel_time_sec": "550"}, {"dep_dt": "1461110801", "route_id": "Red", "arr_dt": "1461111362", "direction": "0", "travel_time_sec": "561", "benchmark_travel_time_sec": "550"}, {"dep_dt": "1461111195", "route_id": "Red", "arr_dt": "1461111777", "direction": "0", "travel_time_sec": "582", "benchmark_travel_time_sec": "550"}, {"dep_dt": "1461111406", "route_id": "Red", "arr_dt": "1461111992", "direction": "0", "travel_time_sec": "586", "benchmark_travel_time_sec": "550"}, {"dep_dt": "1461111787", "route_id": "Red", "arr_dt": "1461112347", "direction": "0", "travel_time_sec": "560", "benchmark_travel_time_sec": "540"}, {"dep_dt": "1461112138", "route_id": "Red", "arr_dt": "1461112697", "direction": "0", "travel_time_sec": "559", "benchmark_travel_time_sec": "540"}, {"dep_dt": "1461112514", "route_id": "Red", "arr_dt": "1461113077", "direction": "0", "travel_time_sec": "563", "benchmark_travel_time_sec": "540"}, {"dep_dt": "1461112955", "route_id": "Red", "arr_dt": "1461113505", "direction": "0", "travel_time_sec": "550", "benchmark_travel_time_sec": "540"}, {"dep_dt": "1461113390", "route_id": "Red", "arr_dt": "1461113953", "direction": "0", "travel_time_sec": "563", "benchmark_travel_time_sec": "540"}, {"dep_dt": "1461113562", "route_id": "Red", "arr_dt": "1461114141", "direction": "0", "travel_time_sec": "579", "benchmark_travel_time_sec": "540"}, {"dep_dt": "1461113972", "route_id": "Red", "arr_dt": "1461114592", "direction": "0", "travel_time_sec": "620", "benchmark_travel_time_sec": "540"}, {"dep_dt": "1461114276", "route_id": "Red", "arr_dt": "1461114857", "direction": "0", "travel_time_sec": "581", "benchmark_travel_time_sec": "540"}, {"dep_dt": "1461114593", "route_id": "Red", "arr_dt": "1461115155", "direction": "0", "travel_time_sec": "562", "benchmark_travel_time_sec": "540"}, {"dep_dt": "1461114995", "route_id": "Red", "arr_dt": "1461115555", "direction": "0", "travel_time_sec": "560", "benchmark_travel_time_sec": "540"}, {"dep_dt": "1461115335", "route_id": "Red", "arr_dt": "1461115906", "direction": "0", "travel_time_sec": "571", "benchmark_travel_time_sec": "540"}, {"dep_dt": "1461115780", "route_id": "Red", "arr_dt": "1461116380", "direction": "0", "travel_time_sec": "600", "benchmark_travel_time_sec": "540"}, {"dep_dt": "1461115988", "route_id": "Red", "arr_dt": "1461116568", "direction": "0", "travel_time_sec": "580", "benchmark_travel_time_sec": "540"}, {"dep_dt": "1461116350", "route_id": "Red", "arr_dt": "1461116905", "direction": "0", "travel_time_sec": "555", "benchmark_travel_time_sec": "540"}, {"dep_dt": "1461116754", "route_id": "Red", "arr_dt": "1461117329", "direction": "0", "travel_time_sec": "575", "benchmark_travel_time_sec": "540"}, {"dep_dt": "1461116946", "route_id": "Red", "arr_dt": "1461117514", "direction": "0", "travel_time_sec": "568", "benchmark_travel_time_sec": "540"}, {"dep_dt": "1461117478", "route_id": "Red", "arr_dt": "1461118044", "direction": "0", "travel_time_sec": "566", "benchmark_travel_time_sec": "540"}, {"dep_dt": "1461117768", "route_id": "Red", "arr_dt": "1461118356", "direction": "0", "travel_time_sec": "588", "benchmark_travel_time_sec": "540"}, {"dep_dt": "1461118253", "route_id": "Red", "arr_dt": "1461118812", "direction": "0", "travel_time_sec": "559", "benchmark_travel_time_sec": "540"}, {"dep_dt": "1461118658", "route_id": "Red", "arr_dt": "1461119242", "direction": "0", "travel_time_sec": "584", "benchmark_travel_time_sec": "540"}, {"dep_dt": "1461118934", "route_id": "Red", "arr_dt": "1461119506", "direction": "0", "travel_time_sec": "572", "benchmark_travel_time_sec": "540"}, {"dep_dt": "1461119634", "route_id": "Red", "arr_dt": "1461120177", "direction": "0", "travel_time_sec": "543", "benchmark_travel_time_sec": "540"}, {"dep_dt": "1461120114", "route_id": "Red", "arr_dt": "1461120664", "direction": "0", "travel_time_sec": "550", "benchmark_travel_time_sec": "540"}, {"dep_dt": "1461120407", "route_id": "Red", "arr_dt": "1461120950", "direction": "0", "travel_time_sec": "543", "benchmark_travel_time_sec": "540"}, {"dep_dt": "1461120737", "route_id": "Red", "arr_dt": "1461121330", "direction": "0", "travel_time_sec": "593", "benchmark_travel_time_sec": "540"}, {"dep_dt": "1461121005", "route_id": "Red", "arr_dt": "1461121571", "direction": "0", "travel_time_sec": "566", "benchmark_travel_time_sec": "540"}, {"dep_dt": "1461121556", "route_id": "Red", "arr_dt": "1461122133", "direction": "0", "travel_time_sec": "577", "benchmark_travel_time_sec": "540"}, {"dep_dt": "1461121908", "route_id": "Red", "arr_dt": "1461122504", "direction": "0", "travel_time_sec": "596", "benchmark_travel_time_sec": "540"}, {"dep_dt": "1461122278", "route_id": "Red", "arr_dt": "1461122828", "direction": "0", "travel_time_sec": "550", "benchmark_travel_time_sec": "540"}, {"dep_dt": "1461122579", "route_id": "Red", "arr_dt": "1461123144", "direction": "0", "travel_time_sec": "565", "benchmark_travel_time_sec": "540"}, {"dep_dt": "1461123157", "route_id": "Red", "arr_dt": "1461123690", "direction": "0", "travel_time_sec": "533", "benchmark_travel_time_sec": "540"}, {"dep_dt": "1461123309", "route_id": "Red", "arr_dt": "1461123867", "direction": "0", "travel_time_sec": "558", "benchmark_travel_time_sec": "540"}, {"dep_dt": "1461123858", "route_id": "Red", "arr_dt": "1461124414", "direction": "0", "travel_time_sec": "556", "benchmark_travel_time_sec": "540"}]}