{"travel_times": [{"dep_dt": "1458359574", "route_id": "Red", "arr_dt": "1458360135", "direction": "0", "travel_time_sec": "561", "benchmark_travel_time_sec": "540"}, {"dep_dt": "1458359979", "route_id": "Red", "arr_dt": "1458360539", "direction": "0", "travel_time_sec": "560", "benchmark_travel_time_sec": "540"}, {"dep_dt": "1458360491", "route_id": "Red", "arr_dt": "1458361050", "direction": "0", "travel_time_sec": "559", "benchmark_travel_time_sec": "540"}, {"dep_dt": "1458361351", "route_id": "Red", "arr_dt": "1458361885", "direction": "0", "travel_time_sec": "534", "benchmark_travel_time_sec": "540"}, {"dep_dt": "1458361994", "route_id": "Red", "arr_dt": "1458362603", "direction": "0", "travel_time_sec": "609", "benchmark_travel_time_sec": "540"}, {"dep_dt": "1458362175", "route_id": "Red", "arr_dt": "1458362783", "direction": "0", "travel_time_sec": "608", "benchmark_travel_time_sec": "540"}, {"dep_dt": "1458362845", "route_id": "Red", "arr_dt": "1458363409", "direction": "0", "travel_time_sec": "564", "benchmark_travel_time_sec": "540"}, {"dep_dt": "1458363409", "route_id": "Red", "arr_dt": "1458363962", "direction": "0", "travel_time_sec": "553", "benchmark_travel_time_sec": "540"}, {"dep_dt": "1458363889", "route_id": "Red", "arr_dt": "1458364448", "direction": "0", "travel_time_sec": "559", "benchmark_travel_time_sec": "540"}, {"dep_dt": "1458364724", "route_id": "Red", "arr_dt": "1458365265", "direction": "0", "travel_time_sec": "541", "benchmark_travel_time_sec": "540"}, {"dep_dt": "1458365459", "route_id": "Red", "arr_dt": "1458365995", "direction": "0", "travel_time_sec": "536", "benchmark_travel_time_sec": "540"}, {"dep_dt": "1458365802", "route_id": "Red", "arr_dt": "1458366372", "direction": "0", "travel_time_sec": "570", "benchmark_travel_time_sec": "540"}, {"dep_dt": "1458379503", "route_id": "Red", "arr_dt": "1458380033", "direction": "0", "travel_time_sec": "530", "benchmark_travel_time_sec": "540"}, {"dep_dt": "1458380013", "route_id": "Red", "arr_dt": "1458380568", "direction": "0", "travel_time_sec": "555", "benchmark_travel_time_sec": "540"}, {"dep_dt": "1458380266", "route_id": "Red", "arr_dt": "1458380776", "direction": "0", "travel_time_sec": "510", "benchmark_travel_time_sec": "540"}, {"dep_dt": "1458380785", "route_id": "Red", "arr_dt": "1458381370", "direction": "0", "travel_time_sec": "585", "benchmark_travel_time_sec": "540"}, {"dep_dt": "1458381165", "route_id": "Red", "arr_dt": "1458381715", "direction": "0", "travel_time_sec": "550", "benchmark_travel_time_sec": "540"}, {"dep_dt": "1458381679", "route_id": "Red", "arr_dt": "1458382219", "direction": "0", "travel_time_sec": "540", "benchmark_travel_time_sec": "540"}, {"dep_dt": "1458382657", "route_id": "Red", "arr_dt": "1458383194", "direction": "0", "travel_time_sec": "537", "benchmark_travel_time_sec": "540"}, {"dep_dt": "1458382962", "route_id": "Red", "arr_dt": "1458383515", "direction": "0", "travel_time_sec": "553", "benchmark_travel_time_sec": "540"}, {"dep_dt": "1458383347", "route_id": "Red", "arr_dt": "1458383869", "direction": "0", "travel_time_sec": "522", "benchmark_travel_time_sec": "540"}, {"dep_dt": "1458383849", "route_id": "Red", "arr_dt": "1458384388", "direction": "0", "travel_time_sec": "539", "benchmark_travel_time_sec": "540"}, {"dep_dt": "1458384679", "route_id": "Red", "arr_dt": "1458385242", "direction": "0", "travel_time_sec": "563", "benchmark_travel_time_sec": "540"}, {"dep_dt": "1458384921", "route_id": "Red", "arr_dt": "1458385469", "direction": "0", "travel_time_sec": "548", "benchmark_travel_time_sec": "540"}, {"dep_dt": "1458385549", "route_id": "Red", "arr_dt": "1458386138", "direction": "0", "travel_time_sec": "589", "benchmark_travel_time_sec": "540"}, {"dep_dt": "1458385839", "route_id": "Red", "arr_dt": "1458386360", "direction": "0", "travel_time_sec": "521", "benchmark_travel_time_sec": "540"}, {"dep_dt": "1458386198", "route_id": "Red", "arr_dt": "1458386730", "direction": "0", "travel_time_sec": "532", "benchmark_travel_time_sec": "540"}, {"dep_dt": "1458386624", "route_id": "Red", "arr_dt": "1458387171", "direction": "0", "travel_time_sec": "547", "benchmark_travel_time_sec": "540"}, {"dep_dt": "1458387016", "route_id": "Red", "arr_dt": "1458387582", "direction": "0", "travel_time_sec": "566", "benchmark_travel_time_sec": "540"}, {"dep_dt": "1458387517", "route_id": "Red", "arr_dt": "1458388115", "direction": "0", "travel_time_sec": "598", "benchmark_travel_time_sec": "540"}, {"dep_dt": "1458387869", "route_id": "Red", "arr_dt": "1458388396", "direction": "0", "travel_time_sec": "527", "benchmark_travel_time_sec": "540"}, {"dep_dt": "1458388338", "route_id": "Red", "arr_dt": "1458388889", "direction": "0", "travel_time_sec": "551", "benchmark_travel_time_sec": "540"}, {"dep_dt": "1458388696", "route_id": "Red", "arr_dt": "1458389232", "direction": "0", "travel_time_sec": "536", "benchmark_travel_time_sec": "540"}, {"dep_dt": "1458389151", "route_id": "Red", "arr_dt": "1458389716", "direction": "0", "travel_time_sec": "565", "benchmark_travel_time_sec": "540"}, {"dep_dt": "1458389522", "route_id": "Red", "arr_dt": "1458390059", "direction": "0", "travel_time_sec": "537", "benchmark_travel_time_sec": "540"}, {"dep_dt": "1458389986", "route_id": "Red", "arr_dt": "1458390519", "direction": "0", "travel_time_sec": "533", "benchmark_travel_time_sec": "540"}, {"dep_dt": "1458390474", "route_id": "Red", "arr_dt": "1458391051", "direction": "0", "travel_time_sec": "577", "benchmark_travel_time_sec": "540"}, {"dep_dt": "1458391306", "route_id": "Red", "arr_dt": "1458391858", "direction": "0", "travel_time_sec": "552", "benchmark_travel_time_sec": "540"}, {"dep_dt": "1458391699", "route_id": "Red", "arr_dt": "1458392253", "direction": "0", "travel_time_sec": "554", "benchmark_travel_time_sec": "540"}, {"dep_dt": "1458392155", "route_id": "Red", "arr_dt": "1458392697", "direction": "0", "travel_time_sec": "542", "benchmark_travel_time_sec": "540"}, {"dep_dt": "1458392505", "route_id": "Red", "arr_dt": "1458393032", "direction": "0", "travel_time_sec": "527", "benchmark_travel_time_sec": "540"}, {"dep_dt": "1458392948", "route_id": "Red", "arr_dt": "1458393529", "direction": "0", "travel_time_sec": "581", "benchmark_travel_time_sec": "540"}, {"dep_dt": "1458393794", "route_id": "Red", "arr_dt": "1458394395", "direction": "0", "travel_time_sec": "601", "benchmark_travel_time_sec": "540"}, {"dep_dt": "1458394233", "route_id": "Red", "arr_dt": "1458394858", "direction": "0", "travel_time_sec": "625", "benchmark_travel_time_sec": "540"}, {"dep_dt": "1458394754", "route_id": "Red", "arr_dt": "1458395305", "direction": "0", "travel_time_sec": "551", "benchmark_travel_time_sec": "540"}, {"dep_dt": "1458395066", "route_id": "Red", "arr_dt": "1458395601", "direction": "0", "travel_time_sec": "535", "benchmark_travel_time_sec": "540"}, {"dep_dt": "1458395453", "route_id": "Red", "arr_dt": "1458395990", "direction": "0", "travel_time_sec": "537", "benchmark_travel_time_sec": "540"}, {"dep_dt": "1458395856", "route_id": "Red", "arr_dt": "1458396419", "direction": "0", "travel_time_sec": "563", "benchmark_travel_time_sec": "600"}, {"dep_dt": "1458396347", "route_id": "Red", "arr_dt": "1458396907", "direction": "0", "travel_time_sec": "560", "benchmark_travel_time_sec": "600"}, {"dep_dt": "1458396671", "route_id": "Red", "arr_dt": "1458397213", "direction": "0", "travel_time_sec": "542", "benchmark_travel_time_sec": "600"}, {"dep_dt": "1458397140", "route_id": "Red", "arr_dt": "1458397680", "direction": "0", "travel_time_sec": "540", "benchmark_travel_time_sec": "600"}, {"dep_dt": "1458397559", "route_id": "Red", "arr_dt": "1458398124", "direction": "0", "travel_time_sec": "565", "benchmark_travel_time_sec": "600"}, {"dep_dt": "1458397995", "route_id": "Red", "arr_dt": "1458398560", "direction": "0", "travel_time_sec": "565", "benchmark_travel_time_sec": "600"}, {"dep_dt": "1458398497", "route_id": "Red", "arr_dt": "1458399059", "direction": "0", "travel_time_sec": "562", "benchmark_travel_time_sec": "600"}, {"dep_dt": "1458399218", "route_id": "Red", "arr_dt": "1458399751", "direction": "0", "travel_time_sec": "533", "benchmark_travel_time_sec": "600"}, {"dep_dt": "1458399658", "route_id": "Red", "arr_dt": "1458400188", "direction": "0", "travel_time_sec": "530", "benchmark_travel_time_sec": "600"}, {"dep_dt": "1458400157", "route_id": "Red", "arr_dt": "1458400717", "direction": "0", "travel_time_sec": "560", "benchmark_travel_time_sec": "600"}, {"dep_dt": "1458400971", "route_id": "Red", "arr_dt": "1458401570", "direction": "0", "travel_time_sec": "599", "benchmark_travel_time_sec": "600"}, {"dep_dt": "1458401448", "route_id": "Red", "arr_dt": "1458402017", "direction": "0", "travel_time_sec": "569", "benchmark_travel_time_sec": "600"}, {"dep_dt": "1458401855", "route_id": "Red", "arr_dt": "1458402443", "direction": "0", "travel_time_sec": "588", "benchmark_travel_time_sec": "600"}, {"dep_dt": "1458402328", "route_id": "Red", "arr_dt": "1458402952", "direction": "0", "travel_time_sec": "624", "benchmark_travel_time_sec": "600"}, {"dep_dt": "1458402770", "route_id": "Red", "arr_dt": "1458403325", "direction": "0", "travel_time_sec": "555", "benchmark_travel_time_sec": "600"}, {"dep_dt": "1458403465", "route_id": "Red", "arr_dt": "1458404029", "direction": "0", "travel_time_sec": "564", "benchmark_travel_time_sec": "600"}, {"dep_dt": "1458403905", "route_id": "Red", "arr_dt": "1458404512", "direction": "0", "travel_time_sec": "607", "benchmark_travel_time_sec": "600"}, {"dep_dt": "1458404889", "route_id": "Red", "arr_dt": "1458405455", "direction": "0", "travel_time_sec": "566", "benchmark_travel_time_sec": "600"}, {"dep_dt": "1458405290", "route_id": "Red", "arr_dt": "1458405889", "direction": "0", "travel_time_sec": "599", "benchmark_travel_time_sec": "600"}, {"dep_dt": "1458405541", "route_id": "Red", "arr_dt": "1458406091", "direction": "0", "travel_time_sec": "550", "benchmark_travel_time_sec": "600"}, {"dep_dt": "1458406039", "route_id": "Red", "arr_dt": "1458406584", "direction": "0", "travel_time_sec": "545", "benchmark_travel_time_sec": "600"}, {"dep_dt": "1458406455", "route_id": "Red", "arr_dt": "1458407031", "direction": "0", "travel_time_sec": "576", "benchmark_travel_time_sec": "600"}, {"dep_dt": "1458407239", "route_id": "Red", "arr_dt": "1458407810", "direction": "0", "travel_time_sec": "571", "benchmark_travel_time_sec": "600"}, {"dep_dt": "1458408608", "route_id": "Red", "arr_dt": "1458409200", "direction": "0", "travel_time_sec": "592", "benchmark_travel_time_sec": "600"}, {"dep_dt": "1458408915", "route_id": "Red", "arr_dt": "1458409457", "direction": "0", "travel_time_sec": "542", "benchmark_travel_time_sec": "600"}, {"dep_dt": "1458409324", "route_id": "Red", "arr_dt": "1458409887", "direction": "0", "travel_time_sec": "563", "benchmark_travel_time_sec": "600"}, {"dep_dt": "1458409757", "route_id": "Red", "arr_dt": "1458410305", "direction": "0", "travel_time_sec": "548", "benchmark_travel_time_sec": "600"}, {"dep_dt": "1458410166", "route_id": "Red", "arr_dt": "1458410730", "direction": "0", "travel_time_sec": "564", "benchmark_travel_time_sec": "600"}, {"dep_dt": "1458410687", "route_id": "Red", "arr_dt": "1458411274", "direction": "0", "travel_time_sec": "587", "benchmark_travel_time_sec": "600"}, {"dep_dt": "1458411493", "route_id": "Red", "arr_dt": "1458412075", "direction": "0", "travel_time_sec": "582", "benchmark_travel_time_sec": "600"}, {"dep_dt": "1458411985", "route_id": "Red", "arr_dt": "1458412564", "direction": "0", "travel_time_sec": "579", "benchmark_travel_time_sec": "600"}, {"dep_dt": "1458412330", "route_id": "Red", "arr_dt": "1458412910", "direction": "0", "travel_time_sec": "580", "benchmark_travel_time_sec": "600"}, {"dep_dt": "1458412724", "route_id": "Red", "arr_dt": "1458413266", "direction": "0", "travel_time_sec": "542", "benchmark_travel_time_sec": "600"}, {"dep_dt": "1458413259", "route_id": "Red", "arr_dt": "1458413823", "direction": "0", "travel_time_sec": "564", "benchmark_travel_time_sec": "600"}, {"dep_dt": "1458413845", "route_id": "Red", "arr_dt": "1458414393", "direction": "0", "travel_time_sec": "548", "benchmark_travel_time_sec": "600"}, {"dep_dt": "1458414568", "route_id": "Red", "arr_dt": "1458415185", "direction": "0", "travel_time_sec": "617", "benchmark_travel_time_sec": "600"}, {"dep_dt": "1458415176", "route_id": "Red", "arr_dt": "1458415759", "direction": "0", "travel_time_sec": "583", "benchmark_travel_time_sec": "600"}, {"dep_dt": "1458415425", "route_id": "Red", "arr_dt": "1458415982", "direction": "0", "travel_time_sec": "557", "benchmark_travel_time_sec": "600"}, {"dep_dt": "1458415919", "route_id": "Red", "arr_dt": "1458416479", "direction": "0", "travel_time_sec": "560", "benchmark_travel_time_sec": "600"}, {"dep_dt": "1458416317", "route_id": "Red", "arr_dt": "1458416869", "direction": "0", "travel_time_sec": "552", "benchmark_travel_time_sec": "600"}, {"dep_dt": "1458416694", "route_id": "Red", "arr_dt": "1458417250", "direction": "0", "travel_time_sec": "556", "benchmark_travel_time_sec": "600"}, {"dep_dt": "1458416956", "route_id": "Red", "arr_dt": "1458417506", "direction": "0", "travel_time_sec": "550", "benchmark_travel_time_sec": "600"}, {"dep_dt": "1458417596", "route_id": "Red", "arr_dt": "1458418244", "direction": "0", "travel_time_sec": "648", "benchmark_travel_time_sec": "600"}, {"dep_dt": "1458417870", "route_id": "Red", "arr_dt": "1458418462", "direction": "0", "travel_time_sec": "592", "benchmark_travel_time_sec": "600"}, {"dep_dt": "1458418781", "route_id": "Red", "arr_dt": "1458419406", "direction": "0", "travel_time_sec": "625", "benchmark_travel_time_sec": "600"}, {"dep_dt": "1458419176", "route_id": "Red", "arr_dt": "1458419739", "direction": "0", "travel_time_sec": "563", "benchmark_travel_time_sec": "600"}, {"dep_dt": "1458419693", "route_id": "Red", "arr_dt": "1458420272", "direction": "0", "travel_time_sec": "579", "benchmark_travel_time_sec": "600"}, {"dep_dt": "1458420163", "route_id": "Red", "arr_dt": "1458420749", "direction": "0", "travel_time_sec": "586", "benchmark_travel_time_sec": "600"}, {"dep_dt": "1458421428", "route_id": "Red", "arr_dt": "1458422071", "direction": "0", "travel_time_sec": "643", "benchmark_travel_time_sec": "600"}, {"dep_dt": "1458421672", "route_id": "Red", "arr_dt": "1458422324", "direction": "0", "travel_time_sec": "652", "benchmark_travel_time_sec": "600"}, {"dep_dt": "1458422564", "route_id": "Red", "arr_dt": "1458423164", "direction": "0", "travel_time_sec": "600", "benchmark_travel_time_sec": "600"}, {"dep_dt": "1458422928", "route_id": "Red", "arr_dt": "1458423481", "direction": "0", "travel_time_sec": "553", "benchmark_travel_time_sec": "600"}, {"dep_dt": "1458423424", "route_id": "Red", "arr_dt": "1458424056", "direction": "0", "travel_time_sec": "632", "benchmark_travel_time_sec": "600"}, {"dep_dt": "1458423767", "route_id": "Red", "arr_dt": "1458424357", "direction": "0", "travel_time_sec": "590", "benchmark_travel_time_sec": "600"}, {"dep_dt": "1458424222", "route_id": "Red", "arr_dt": "1458424782", "direction": "0", "travel_time_sec": "560", "benchmark_travel_time_sec": "600"}, {"dep_dt": "1458424687", "route_id": "Red", "arr_dt": "1458425296", "direction": "0", "travel_time_sec": "609", "benchmark_travel_time_sec": "600"}, {"dep_dt": "1458425050", "route_id": "Red", "arr_dt": "1458425638", "direction": "0", "travel_time_sec": "588", "benchmark_travel_time_sec": "600"}, {"dep_dt": "1458425744", "route_id": "Red", "arr_dt": "1458426338", "direction": "0", "travel_time_sec": "594", "benchmark_travel_time_sec": "600"}, {"dep_dt": "1458425996", "route_id": "Red", "arr_dt": "1458426588", "direction": "0", "travel_time_sec": "592", "benchmark_travel_time_sec": "600"}, {"dep_dt": "1458426331", "route_id": "Red", "arr_dt": "1458426913", "direction": "0", "travel_time_sec": "582", "benchmark_travel_time_sec": "600"}, {"dep_dt": "1458426786", "route_id": "Red", "arr_dt": "1458427354", "direction": "0", "travel_time_sec": "568", "benchmark_travel_time_sec": "600"}, {"dep_dt": "1458427480", "route_id": "Red", "arr_dt": "1458428025", "direction": "0", "travel_time_sec": "545", "benchmark_travel_time_sec": "600"}, {"dep_dt": "1458428015", "route_id": "Red", "arr_dt": "1458428582", "direction": "0", "travel_time_sec": "567", "benchmark_travel_time_sec": "600"}, {"dep_dt": "1458428278", "route_id": "Red", "arr_dt": "1458428822", "direction": "0", "travel_time_sec": "544", "benchmark_travel_time_sec": "600"}, {"dep_dt": "1458428981", "route_id": "Red", "arr_dt": "1458429586", "direction": "0", "travel_time_sec": "605", "benchmark_travel_time_sec": "600"}, {"dep_dt": "1458429375", "route_id": "Red", "arr_dt": "1458429977", "direction": "0", "travel_time_sec": "602", "benchmark_travel_time_sec": "600"}, {"dep_dt": "1458429646", "route_id": "Red", "arr_dt": "1458430218", "direction": "0", "travel_time_sec": "572", "benchmark_travel_time_sec": "600"}, {"dep_dt": "1458429864", "route_id": "Red", "arr_dt": "1458430432", "direction": "0", "travel_time_sec": "568", "benchmark_travel_time_sec": "600"}, {"dep_dt": "1458430463", "route_id": "Red", "arr_dt": "1458431010", "direction": "0", "travel_time_sec": "547", "benchmark_travel_time_sec": "600"}, {"dep_dt": "1458430824", "route_id": "Red", "arr_dt": "1458431374", "direction": "0", "travel_time_sec": "550", "benchmark_travel_time_sec": "600"}, {"dep_dt": "1458431266", "route_id": "Red", "arr_dt": "1458431975", "direction": "0", "travel_time_sec": "709", "benchmark_travel_time_sec": "600"}, {"dep_dt": "1458431998", "route_id": "Red", "arr_dt": "1458432610", "direction": "0", "travel_time_sec": "612", "benchmark_travel_time_sec": "600"}, {"dep_dt": "1458432519", "route_id": "Red", "arr_dt": "1458433118", "direction": "0", "travel_time_sec": "599", "benchmark_travel_time_sec": "600"}, {"dep_dt": "1458432675", "route_id": "Red", "arr_dt": "1458433294", "direction": "0", "travel_time_sec": "619", "benchmark_travel_time_sec": "600"}, {"dep_dt": "1458432999", "route_id": "Red", "arr_dt": "1458433553", "direction": "0", "travel_time_sec": "554", "benchmark_travel_time_sec": "600"}, {"dep_dt": "1458433299", "route_id": "Red", "arr_dt": "1458433827", "direction": "0", "travel_time_sec": "528", "benchmark_travel_time_sec": "600"}, {"dep_dt": "1458433854", "route_id": "Red", "arr_dt": "1458434436", "direction": "0", "travel_time_sec": "582", "benchmark_travel_time_sec": "600"}, {"dep_dt": "1458434674", "route_id": "Red", "arr_dt": "1458435226", "direction": "0", "travel_time_sec": "552", "benchmark_travel_time_sec": "600"}, {"dep_dt": "1458435105", "route_id": "Red", "arr_dt": "1458435654", "direction": "0", "travel_time_sec": "549", "benchmark_travel_time_sec": "600"}, {"dep_dt": "1458436077", "route_id": "Red", "arr_dt": "1458436693", "direction": "0", "travel_time_sec": "616", "benchmark_travel_time_sec": "600"}, {"dep_dt": "1458436377", "route_id": "Red", "arr_dt": "1458436924", "direction": "0", "travel_time_sec": "547", "benchmark_travel_time_sec": "600"}, {"dep_dt": "1458436844", "route_id": "Red", "arr_dt": "1458437429", "direction": "0", "travel_time_sec": "585", "benchmark_travel_time_sec": "600"}, {"dep_dt": "1458437194", "route_id": "Red", "arr_dt": "1458437740", "direction": "0", "travel_time_sec": "546", "benchmark_travel_time_sec": "600"}, {"dep_dt": "1458437626", "route_id": "Red", "arr_dt": "1458438185", "direction": "0", "travel_time_sec": "559", "benchmark_travel_time_sec": "600"}, {"dep_dt": "1458438009", "route_id": "Red", "arr_dt": "1458438689", "direction": "0", "travel_time_sec": "680", "benchmark_travel_time_sec": "600"}, {"dep_dt": "1458438390", "route_id": "Red", "arr_dt": "1458438928", "direction": "0", "travel_time_sec": "538", "benchmark_travel_time_sec": "600"}, {"dep_dt": "1458438689", "route_id": "Red", "arr_dt": "1458439220", "direction": "0", "travel_time_sec": "531", "benchmark_travel_time_sec": "600"}, {"dep_dt": "1458439189", "route_id": "Red", "arr_dt": "1458439740", "direction": "0", "travel_time_sec": "551", "benchmark_travel_time_sec": "600"}, {"dep_dt": "1458439554", "route_id": "Red", "arr_dt": "1458440117", "direction": "0", "travel_time_sec": "563", "benchmark_travel_time_sec": "600"}, {"dep_dt": "1458440057", "route_id": "Red", "arr_dt": "1458440614", "direction": "0", "travel_time_sec": "557", "benchmark_travel_time_sec": "600"}, {"dep_dt": "1458440356", "route_id": "Red", "arr_dt": "1458440933", "direction": "0", "travel_time_sec": "577", "benchmark_travel_time_sec": "600"}, {"dep_dt": "1458440928", "route_id": "Red", "arr_dt": "1458441508", "direction": "0", "travel_time_sec": "580", "benchmark_travel_time_sec": "600"}, {"dep_dt": "1458441294", "route_id": "Red", "arr_dt": "1458441871", "direction": "0", "travel_time_sec": "577", "benchmark_travel_time_sec": "600"}, {"dep_dt": "1458441685", "route_id": "Red", "arr_dt": "1458442285", "direction": "0", "travel_time_sec": "600", "benchmark_travel_time_sec": "600"}, {"dep_dt": "1458442088", "route_id": "Red", "arr_dt": "1458442619", "direction": "0", "travel_time_sec": "531", "benchmark_travel_time_sec": "600"}, {"dep_dt": "1458442525", "route_id": "Red", "arr_dt": "1458443070", "direction": "0", "travel_time_sec": "545", "benchmark_travel_time_sec": "600"}, {"dep_dt": "1458443055", "route_id": "Red", "arr_dt": "1458443610", "direction": "0", "travel_time_sec": "555", "benchmark_travel_time_sec": "600"}, {"dep_dt": "1458443437", "route_id": "Red", "arr_dt": "1458444003", "direction": "0", "travel_time_sec": "566", "benchmark_travel_time_sec": "600"}, {"dep_dt": "1458443827", "route_id": "Red", "arr_dt": "1458444350", "direction": "0", "travel_time_sec": "523", "benchmark_travel_time_sec": "600"}, {"dep_dt": "1458444784", "route_id": "Red", "arr_dt": "1458445355", "direction": "0", "travel_time_sec": "571", "benchmark_travel_time_sec": "600"}, {"dep_dt": "1458445014", "route_id": "Red", "arr_dt": "1458445579", "direction": "0", "travel_time_sec": "565", "benchmark_travel_time_sec": "600"}, {"dep_dt": "1458445454", "route_id": "Red", "arr_dt": "1458446036", "direction": "0", "travel_time_sec": "582", "benchmark_travel_time_sec": "600"}]}