{"travel_times": [{"dep_dt": "1452660722", "route_id": "Red", "arr_dt": "1452661389", "direction": "0", "travel_time_sec": "667", "benchmark_travel_time_sec": "540"}, {"dep_dt": "1452661147", "route_id": "Red", "arr_dt": "1452661681", "direction": "0", "travel_time_sec": "534", "benchmark_travel_time_sec": "540"}, {"dep_dt": "1452661545", "route_id": "Red", "arr_dt": "1452662095", "direction": "0", "travel_time_sec": "550", "benchmark_travel_time_sec": "540"}, {"dep_dt": "1452661881", "route_id": "Red", "arr_dt": "1452662396", "direction": "0", "travel_time_sec": "515", "benchmark_travel_time_sec": "540"}, {"dep_dt": "1452662302", "route_id": "Red", "arr_dt": "1452662860", "direction": "0", "travel_time_sec": "558", "benchmark_travel_time_sec": "540"}, {"dep_dt": "1452662881", "route_id": "Red", "arr_dt": "1452663429", "direction": "0", "travel_time_sec": "548", "benchmark_travel_time_sec": "540"}, {"dep_dt": "1452663346", "route_id": "Red", "arr_dt": "1452664134", "direction": "0", "travel_time_sec": "788", "threshold_flag_1": "threshold_id_04", "benchmark_travel_time_sec": "540"}, {"dep_dt": "1452680614", "route_id": "Red", "arr_dt": "1452681238", "direction": "0", "travel_time_sec": "624", "benchmark_travel_time_sec": "540"}, {"dep_dt": "1452681178", "route_id": "Red", "arr_dt": "1452681750", "direction": "0", "travel_time_sec": "572", "benchmark_travel_time_sec": "540"}, {"dep_dt": "1452681465", "route_id": "Red", "arr_dt": "1452682032", "direction": "0", "travel_time_sec": "567", "benchmark_travel_time_sec": "540"}, {"dep_dt": "1452682030", "route_id": "Red", "arr_dt": "1452682613", "direction": "0", "travel_time_sec": "583", "benchmark_travel_time_sec": "540"}, {"dep_dt": "1452682401", "route_id": "Red", "arr_dt": "1452683032", "direction": "0", "travel_time_sec": "631", "benchmark_travel_time_sec": "540"}, {"dep_dt": "1452683077", "route_id": "Red", "arr_dt": "1452683621", "direction": "0", "travel_time_sec": "544", "benchmark_travel_time_sec": "540"}, {"dep_dt": "1452683437", "route_id": "Red", "arr_dt": "1452683976", "direction": "0", "travel_time_sec": "539", "benchmark_travel_time_sec": "540"}, {"dep_dt": "1452683853", "route_id": "Red", "arr_dt": "1452684408", "direction": "0", "travel_time_sec": "555", "benchmark_travel_time_sec": "540"}, {"dep_dt": "1452684186", "route_id": "Red", "arr_dt": "1452684725", "direction": "0", "travel_time_sec": "539", "benchmark_travel_time_sec": "540"}, {"dep_dt": "1452684741", "route_id": "Red", "arr_dt": "1452685293", "direction": "0", "travel_time_sec": "552", "benchmark_travel_time_sec": "540"}, {"dep_dt": "1452684976", "route_id": "Red", "arr_dt": "1452685536", "direction": "0", "travel_time_sec": "560", "benchmark_travel_time_sec": "540"}, {"dep_dt": "1452685357", "route_id": "Red", "arr_dt": "1452685959", "direction": "0", "travel_time_sec": "602", "benchmark_travel_time_sec": "540"}, {"dep_dt": "1452685737", "route_id": "Red", "arr_dt": "1452686365", "direction": "0", "travel_time_sec": "628", "benchmark_travel_time_sec": "540"}, {"dep_dt": "1452686437", "route_id": "Red", "arr_dt": "1452687082", "direction": "0", "travel_time_sec": "645", "benchmark_travel_time_sec": "651"}, {"dep_dt": "1452686606", "route_id": "Red", "arr_dt": "1452687271", "direction": "0", "travel_time_sec": "665", "benchmark_travel_time_sec": "651"}, {"dep_dt": "1452686766", "route_id": "Red", "arr_dt": "1452687501", "direction": "0", "travel_time_sec": "735", "benchmark_travel_time_sec": "651"}, {"dep_dt": "1452687054", "route_id": "Red", "arr_dt": "1452687688", "direction": "0", "travel_time_sec": "634", "benchmark_travel_time_sec": "651"}, {"dep_dt": "1452687496", "route_id": "Red", "arr_dt": "1452688117", "direction": "0", "travel_time_sec": "621", "benchmark_travel_time_sec": "651"}, {"dep_dt": "1452687643", "route_id": "Red", "arr_dt": "1452688331", "direction": "0", "travel_time_sec": "688", "benchmark_travel_time_sec": "660"}, {"dep_dt": "1452687897", "route_id": "Red", "arr_dt": "1452688512", "direction": "0", "travel_time_sec": "615", "benchmark_travel_time_sec": "660"}, {"dep_dt": "1452688148", "route_id": "Red", "arr_dt": "1452688763", "direction": "0", "travel_time_sec": "615", "benchmark_travel_time_sec": "660"}, {"dep_dt": "1452688505", "route_id": "Red", "arr_dt": "1452689084", "direction": "0", "travel_time_sec": "579", "benchmark_travel_time_sec": "660"}, {"dep_dt": "1452688689", "route_id": "Red", "arr_dt": "1452689283", "direction": "0", "travel_time_sec": "594", "benchmark_travel_time_sec": "660"}, {"dep_dt": "1452688845", "route_id": "Red", "arr_dt": "1452689469", "direction": "0", "travel_time_sec": "624", "benchmark_travel_time_sec": "660"}, {"dep_dt": "1452689024", "route_id": "Red", "arr_dt": "1452689682", "direction": "0", "travel_time_sec": "658", "benchmark_travel_time_sec": "660"}, {"dep_dt": "1452689212", "route_id": "Red", "arr_dt": "1452689920", "direction": "0", "travel_time_sec": "708", "benchmark_travel_time_sec": "660"}, {"dep_dt": "1452689365", "route_id": "Red", "arr_dt": "1452690097", "direction": "0", "travel_time_sec": "732", "benchmark_travel_time_sec": "660"}, {"dep_dt": "1452689585", "route_id": "Red", "arr_dt": "1452690300", "direction": "0", "travel_time_sec": "715", "benchmark_travel_time_sec": "660"}, {"dep_dt": "1452689745", "route_id": "Red", "arr_dt": "1452690507", "direction": "0", "travel_time_sec": "762", "benchmark_travel_time_sec": "660"}, {"dep_dt": "1452690075", "route_id": "Red", "arr_dt": "1452690758", "direction": "0", "travel_time_sec": "683", "benchmark_travel_time_sec": "660"}, {"dep_dt": "1452690225", "route_id": "Red", "arr_dt": "1452690967", "direction": "0", "travel_time_sec": "742", "benchmark_travel_time_sec": "660"}, {"dep_dt": "1452690436", "route_id": "Red", "arr_dt": "1452691197", "direction": "0", "travel_time_sec": "761", "benchmark_travel_time_sec": "660"}, {"dep_dt": "1452690619", "route_id": "Red", "arr_dt": "1452691409", "direction": "0", "travel_time_sec": "790", "benchmark_travel_time_sec": "660"}, {"dep_dt": "1452690945", "route_id": "Red", "arr_dt": "1452691607", "direction": "0", "travel_time_sec": "662", "benchmark_travel_time_sec": "660"}, {"dep_dt": "1452691148", "route_id": "Red", "arr_dt": "1452691839", "direction": "0", "travel_time_sec": "691", "benchmark_travel_time_sec": "660"}, {"dep_dt": "1452691416", "route_id": "Red", "arr_dt": "1452692048", "direction": "0", "travel_time_sec": "632", "benchmark_travel_time_sec": "660"}, {"dep_dt": "1452691593", "route_id": "Red", "arr_dt": "1452692252", "direction": "0", "travel_time_sec": "659", "benchmark_travel_time_sec": "660"}, {"dep_dt": "1452692023", "route_id": "Red", "arr_dt": "1452692682", "direction": "0", "travel_time_sec": "659", "benchmark_travel_time_sec": "660"}, {"dep_dt": "1452692266", "route_id": "Red", "arr_dt": "1452692931", "direction": "0", "travel_time_sec": "665", "benchmark_travel_time_sec": "660"}, {"dep_dt": "1452692708", "route_id": "Red", "arr_dt": "1452693426", "direction": "0", "travel_time_sec": "718", "benchmark_travel_time_sec": "660"}, {"dep_dt": "1452692870", "route_id": "Red", "arr_dt": "1452693651", "direction": "0", "travel_time_sec": "781", "benchmark_travel_time_sec": "660"}, {"dep_dt": "1452693177", "route_id": "Red", "arr_dt": "1452693944", "direction": "0", "travel_time_sec": "767", "benchmark_travel_time_sec": "660"}, {"dep_dt": "1452693411", "route_id": "Red", "arr_dt": "1452694163", "direction": "0", "travel_time_sec": "752", "benchmark_travel_time_sec": "660"}, {"dep_dt": "1452694093", "route_id": "Red", "arr_dt": "1452694822", "direction": "0", "travel_time_sec": "729", "benchmark_travel_time_sec": "660"}, {"dep_dt": "1452694421", "route_id": "Red", "arr_dt": "1452695212", "direction": "0", "travel_time_sec": "791", "benchmark_travel_time_sec": "660"}, {"dep_dt": "1452694628", "route_id": "Red", "arr_dt": "1452695422", "direction": "0", "travel_time_sec": "794", "benchmark_travel_time_sec": "615"}, {"dep_dt": "1452694817", "route_id": "Red", "arr_dt": "1452695636", "direction": "0", "travel_time_sec": "819", "threshold_flag_1": "threshold_id_04", "benchmark_travel_time_sec": "615"}, {"dep_dt": "1452695144", "route_id": "Red", "arr_dt": "1452695820", "direction": "0", "travel_time_sec": "676", "benchmark_travel_time_sec": "615"}, {"dep_dt": "1452695308", "route_id": "Red", "arr_dt": "1452696002", "direction": "0", "travel_time_sec": "694", "benchmark_travel_time_sec": "615"}, {"dep_dt": "1452695575", "route_id": "Red", "arr_dt": "1452696248", "direction": "0", "travel_time_sec": "673", "benchmark_travel_time_sec": "615"}, {"dep_dt": "1452695866", "route_id": "Red", "arr_dt": "1452696586", "direction": "0", "travel_time_sec": "720", "benchmark_travel_time_sec": "615"}, {"dep_dt": "1452696086", "route_id": "Red", "arr_dt": "1452696744", "direction": "0", "travel_time_sec": "658", "benchmark_travel_time_sec": "615"}, {"dep_dt": "1452696329", "route_id": "Red", "arr_dt": "1452696936", "direction": "0", "travel_time_sec": "607", "benchmark_travel_time_sec": "615"}, {"dep_dt": "1452696505", "route_id": "Red", "arr_dt": "1452697153", "direction": "0", "travel_time_sec": "648", "benchmark_travel_time_sec": "615"}, {"dep_dt": "1452696816", "route_id": "Red", "arr_dt": "1452697393", "direction": "0", "travel_time_sec": "577", "benchmark_travel_time_sec": "600"}, {"dep_dt": "1452696980", "route_id": "Red", "arr_dt": "1452697590", "direction": "0", "travel_time_sec": "610", "benchmark_travel_time_sec": "600"}, {"dep_dt": "1452697161", "route_id": "Red", "arr_dt": "1452697772", "direction": "0", "travel_time_sec": "611", "benchmark_travel_time_sec": "600"}, {"dep_dt": "1452697348", "route_id": "Red", "arr_dt": "1452697942", "direction": "0", "travel_time_sec": "594", "benchmark_travel_time_sec": "600"}, {"dep_dt": "1452697679", "route_id": "Red", "arr_dt": "1452698256", "direction": "0", "travel_time_sec": "577", "benchmark_travel_time_sec": "600"}, {"dep_dt": "1452697856", "route_id": "Red", "arr_dt": "1452698439", "direction": "0", "travel_time_sec": "583", "benchmark_travel_time_sec": "600"}, {"dep_dt": "1452698186", "route_id": "Red", "arr_dt": "1452698776", "direction": "0", "travel_time_sec": "590", "benchmark_travel_time_sec": "600"}, {"dep_dt": "1452698334", "route_id": "Red", "arr_dt": "1452698954", "direction": "0", "travel_time_sec": "620", "benchmark_travel_time_sec": "600"}, {"dep_dt": "1452698562", "route_id": "Red", "arr_dt": "1452699127", "direction": "0", "travel_time_sec": "565", "benchmark_travel_time_sec": "600"}, {"dep_dt": "1452698911", "route_id": "Red", "arr_dt": "1452699458", "direction": "0", "travel_time_sec": "547", "benchmark_travel_time_sec": "600"}, {"dep_dt": "1452699163", "route_id": "Red", "arr_dt": "1452699697", "direction": "0", "travel_time_sec": "534", "benchmark_travel_time_sec": "600"}, {"dep_dt": "1452699431", "route_id": "Red", "arr_dt": "1452700024", "direction": "0", "travel_time_sec": "593", "benchmark_travel_time_sec": "600"}, {"dep_dt": "1452699737", "route_id": "Red", "arr_dt": "1452700312", "direction": "0", "travel_time_sec": "575", "benchmark_travel_time_sec": "600"}, {"dep_dt": "1452700118", "route_id": "Red", "arr_dt": "1452700754", "direction": "0", "travel_time_sec": "636", "benchmark_travel_time_sec": "600"}, {"dep_dt": "1452700269", "route_id": "Red", "arr_dt": "1452700915", "direction": "0", "travel_time_sec": "646", "benchmark_travel_time_sec": "600"}, {"dep_dt": "1452700754", "route_id": "Red", "arr_dt": "1452701326", "direction": "0", "travel_time_sec": "572", "benchmark_travel_time_sec": "600"}, {"dep_dt": "1452701435", "route_id": "Red", "arr_dt": "1452702008", "direction": "0", "travel_time_sec": "573", "benchmark_travel_time_sec": "600"}, {"dep_dt": "1452702087", "route_id": "Red", "arr_dt": "1452702636", "direction": "0", "travel_time_sec": "549", "benchmark_travel_time_sec": "600"}, {"dep_dt": "1452702670", "route_id": "Red", "arr_dt": "1452703274", "direction": "0", "travel_time_sec": "604", "benchmark_travel_time_sec": "600"}, {"dep_dt": "1452703215", "route_id": "Red", "arr_dt": "1452703767", "direction": "0", "travel_time_sec": "552", "benchmark_travel_time_sec": "600"}, {"dep_dt": "1452703356", "route_id": "Red", "arr_dt": "1452703930", "direction": "0", "travel_time_sec": "574", "benchmark_travel_time_sec": "600"}, {"dep_dt": "1452703637", "route_id": "Red", "arr_dt": "1452704192", "direction": "0", "travel_time_sec": "555", "benchmark_travel_time_sec": "600"}, {"dep_dt": "1452703794", "route_id": "Red", "arr_dt": "1452704371", "direction": "0", "travel_time_sec": "577", "benchmark_travel_time_sec": "600"}, {"dep_dt": "1452704245", "route_id": "Red", "arr_dt": "1452704847", "direction": "0", "travel_time_sec": "602", "benchmark_travel_time_sec": "600"}, {"dep_dt": "1452704622", "route_id": "Red", "arr_dt": "1452705158", "direction": "0", "travel_time_sec": "536", "benchmark_travel_time_sec": "600"}, {"dep_dt": "1452704999", "route_id": "Red", "arr_dt": "1452705550", "direction": "0", "travel_time_sec": "551", "benchmark_travel_time_sec": "600"}, {"dep_dt": "1452705267", "route_id": "Red", "arr_dt": "1452705837", "direction": "0", "travel_time_sec": "570", "benchmark_travel_time_sec": "600"}, {"dep_dt": "1452705638", "route_id": "Red", "arr_dt": "1452706193", "direction": "0", "travel_time_sec": "555", "benchmark_travel_time_sec": "600"}, {"dep_dt": "1452706052", "route_id": "Red", "arr_dt": "1452706589", "direction": "0", "travel_time_sec": "537", "benchmark_travel_time_sec": "600"}, {"dep_dt": "1452706464", "route_id": "Red", "arr_dt": "1452707020", "direction": "0", "travel_time_sec": "556", "benchmark_travel_time_sec": "600"}, {"dep_dt": "1452706961", "route_id": "Red", "arr_dt": "1452707568", "direction": "0", "travel_time_sec": "607", "benchmark_travel_time_sec": "600"}, {"dep_dt": "1452707318", "route_id": "Red", "arr_dt": "1452707867", "direction": "0", "travel_time_sec": "549", "benchmark_travel_time_sec": "600"}, {"dep_dt": "1452707604", "route_id": "Red", "arr_dt": "1452708139", "direction": "0", "travel_time_sec": "535", "benchmark_travel_time_sec": "600"}, {"dep_dt": "1452708344", "route_id": "Red", "arr_dt": "1452708941", "direction": "0", "travel_time_sec": "597", "benchmark_travel_time_sec": "600"}, {"dep_dt": "1452708750", "route_id": "Red", "arr_dt": "1452709314", "direction": "0", "travel_time_sec": "564", "benchmark_travel_time_sec": "600"}, {"dep_dt": "1452709474", "route_id": "Red", "arr_dt": "1452710033", "direction": "0", "travel_time_sec": "559", "benchmark_travel_time_sec": "600"}, {"dep_dt": "1452709645", "route_id": "Red", "arr_dt": "1452710221", "direction": "0", "travel_time_sec": "576", "benchmark_travel_time_sec": "600"}, {"dep_dt": "1452709957", "route_id": "Red", "arr_dt": "1452710550", "direction": "0", "travel_time_sec": "593", "benchmark_travel_time_sec": "600"}, {"dep_dt": "1452710262", "route_id": "Red", "arr_dt": "1452710816", "direction": "0", "travel_time_sec": "554", "benchmark_travel_time_sec": "600"}, {"dep_dt": "1452710657", "route_id": "Red", "arr_dt": "1452711230", "direction": "0", "travel_time_sec": "573", "benchmark_travel_time_sec": "600"}, {"dep_dt": "1452710894", "route_id": "Red", "arr_dt": "1452711496", "direction": "0", "travel_time_sec": "602", "benchmark_travel_time_sec": "600"}, {"dep_dt": "1452711412", "route_id": "Red", "arr_dt": "1452711990", "direction": "0", "travel_time_sec": "578", "benchmark_travel_time_sec": "600"}, {"dep_dt": "1452711780", "route_id": "Red", "arr_dt": "1452712330", "direction": "0", "travel_time_sec": "550", "benchmark_travel_time_sec": "600"}, {"dep_dt": "1452712096", "route_id": "Red", "arr_dt": "1452712693", "direction": "0", "travel_time_sec": "597", "benchmark_travel_time_sec": "600"}, {"dep_dt": "1452712627", "route_id": "Red", "arr_dt": "1452713258", "direction": "0", "travel_time_sec": "631", "benchmark_travel_time_sec": "600"}, {"dep_dt": "1452713241", "route_id": "Red", "arr_dt": "1452713825", "direction": "0", "travel_time_sec": "584", "benchmark_travel_time_sec": "600"}, {"dep_dt": "1452713819", "route_id": "Red", "arr_dt": "1452714395", "direction": "0", "travel_time_sec": "576", "benchmark_travel_time_sec": "600"}, {"dep_dt": "1452714250", "route_id": "Red", "arr_dt": "1452714804", "direction": "0", "travel_time_sec": "554", "benchmark_travel_time_sec": "600"}, {"dep_dt": "1452714740", "route_id": "Red", "arr_dt": "1452715325", "direction": "0", "travel_time_sec": "585", "benchmark_travel_time_sec": "600"}, {"dep_dt": "1452715200", "route_id": "Red", "arr_dt": "1452715945", "direction": "0", "travel_time_sec": "745", "benchmark_travel_time_sec": "600"}, {"dep_dt": "1452716069", "route_id": "Red", "arr_dt": "1452716762", "direction": "0", "travel_time_sec": "693", "benchmark_travel_time_sec": "600"}, {"dep_dt": "1452716281", "route_id": "Red", "arr_dt": "1452716988", "direction": "0", "travel_time_sec": "707", "benchmark_travel_time_sec": "600"}, {"dep_dt": "1452716443", "route_id": "Red", "arr_dt": "1452717265", "direction": "0", "travel_time_sec": "822", "threshold_flag_1": "threshold_id_04", "benchmark_travel_time_sec": "600"}, {"dep_dt": "1452716988", "route_id": "Red", "arr_dt": "1452717528", "direction": "0", "travel_time_sec": "540", "benchmark_travel_time_sec": "600"}, {"dep_dt": "1452717045", "route_id": "Red", "arr_dt": "1452717707", "direction": "0", "travel_time_sec": "662", "benchmark_travel_time_sec": "600"}, {"dep_dt": "1452717337", "route_id": "Red", "arr_dt": "1452717973", "direction": "0", "travel_time_sec": "636", "benchmark_travel_time_sec": "600"}, {"dep_dt": "1452717708", "route_id": "Red", "arr_dt": "1452718317", "direction": "0", "travel_time_sec": "609", "benchmark_travel_time_sec": "600"}, {"dep_dt": "1452718003", "route_id": "Red", "arr_dt": "1452718615", "direction": "0", "travel_time_sec": "612", "benchmark_travel_time_sec": "600"}, {"dep_dt": "1452718185", "route_id": "Red", "arr_dt": "1452718852", "direction": "0", "travel_time_sec": "667", "benchmark_travel_time_sec": "700"}, {"dep_dt": "1452718719", "route_id": "Red", "arr_dt": "1452719395", "direction": "0", "travel_time_sec": "676", "benchmark_travel_time_sec": "700"}, {"dep_dt": "1452718885", "route_id": "Red", "arr_dt": "1452719603", "direction": "0", "travel_time_sec": "718", "benchmark_travel_time_sec": "700"}, {"dep_dt": "1452719214", "route_id": "Red", "arr_dt": "1452719833", "direction": "0", "travel_time_sec": "619", "benchmark_travel_time_sec": "700"}, {"dep_dt": "1452719481", "route_id": "Red", "arr_dt": "1452720132", "direction": "0", "travel_time_sec": "651", "benchmark_travel_time_sec": "700"}, {"dep_dt": "1452719944", "route_id": "Red", "arr_dt": "1452720534", "direction": "0", "travel_time_sec": "590", "benchmark_travel_time_sec": "700"}, {"dep_dt": "1452720166", "route_id": "Red", "arr_dt": "1452720779", "direction": "0", "travel_time_sec": "613", "benchmark_travel_time_sec": "720"}, {"dep_dt": "1452720417", "route_id": "Red", "arr_dt": "1452720982", "direction": "0", "travel_time_sec": "565", "benchmark_travel_time_sec": "720"}, {"dep_dt": "1452720604", "route_id": "Red", "arr_dt": "1452721251", "direction": "0", "travel_time_sec": "647", "benchmark_travel_time_sec": "720"}, {"dep_dt": "1452721066", "route_id": "Red", "arr_dt": "1452721684", "direction": "0", "travel_time_sec": "618", "benchmark_travel_time_sec": "720"}, {"dep_dt": "1452721327", "route_id": "Red", "arr_dt": "1452721956", "direction": "0", "travel_time_sec": "629", "benchmark_travel_time_sec": "720"}, {"dep_dt": "1452721712", "route_id": "Red", "arr_dt": "1452722363", "direction": "0", "travel_time_sec": "651", "benchmark_travel_time_sec": "720"}, {"dep_dt": "1452722165", "route_id": "Red", "arr_dt": "1452722834", "direction": "0", "travel_time_sec": "669", "benchmark_travel_time_sec": "720"}, {"dep_dt": "1452722388", "route_id": "Red", "arr_dt": "1452723084", "direction": "0", "travel_time_sec": "696", "benchmark_travel_time_sec": "720"}, {"dep_dt": "1452722646", "route_id": "Red", "arr_dt": "1452723372", "direction": "0", "travel_time_sec": "726", "benchmark_travel_time_sec": "720"}, {"dep_dt": "1452722900", "route_id": "Red", "arr_dt": "1452723586", "direction": "0", "travel_time_sec": "686", "benchmark_travel_time_sec": "720"}, {"dep_dt": "1452723169", "route_id": "Red", "arr_dt": "1452723907", "direction": "0", "travel_time_sec": "738", "benchmark_travel_time_sec": "720"}, {"dep_dt": "1452723361", "route_id": "Red", "arr_dt": "1452724177", "direction": "0", "travel_time_sec": "816", "benchmark_travel_time_sec": "720"}, {"dep_dt": "1452723785", "route_id": "Red", "arr_dt": "1452724476", "direction": "0", "travel_time_sec": "691", "benchmark_travel_time_sec": "720"}, {"dep_dt": "1452723983", "route_id": "Red", "arr_dt": "1452724716", "direction": "0", "travel_time_sec": "733", "benchmark_travel_time_sec": "720"}, {"dep_dt": "1452724454", "route_id": "Red", "arr_dt": "1452725234", "direction": "0", "travel_time_sec": "780", "benchmark_travel_time_sec": "720"}, {"dep_dt": "1452724623", "route_id": "Red", "arr_dt": "1452725536", "direction": "0", "travel_time_sec": "913", "threshold_flag_1": "threshold_id_04", "benchmark_travel_time_sec": "720"}, {"dep_dt": "1452724841", "route_id": "Red", "arr_dt": "1452725750", "direction": "0", "travel_time_sec": "909", "threshold_flag_1": "threshold_id_04", "benchmark_travel_time_sec": "720"}, {"dep_dt": "1452724995", "route_id": "Red", "arr_dt": "1452725963", "direction": "0", "travel_time_sec": "968", "threshold_flag_1": "threshold_id_04", "benchmark_travel_time_sec": "720"}, {"dep_dt": "1452725159", "route_id": "Red", "arr_dt": "1452726147", "direction": "0", "travel_time_sec": "988", "threshold_flag_1": "threshold_id_04", "benchmark_travel_time_sec": "668"}, {"dep_dt": "1452725680", "route_id": "Red", "arr_dt": "1452726532", "direction": "0", "travel_time_sec": "852", "threshold_flag_1": "threshold_id_04", "benchmark_travel_time_sec": "668"}, {"dep_dt": "1452725885", "route_id": "Red", "arr_dt": "1452726763", "direction": "0", "travel_time_sec": "878", "threshold_flag_1": "threshold_id_04", "benchmark_travel_time_sec": "668"}, {"dep_dt": "1452726229", "route_id": "Red", "arr_dt": "1452726944", "direction": "0", "travel_time_sec": "715", "benchmark_travel_time_sec": "668"}, {"dep_dt": "1452726646", "route_id": "Red", "arr_dt": "1452727323", "direction": "0", "travel_time_sec": "677", "benchmark_travel_time_sec": "668"}, {"dep_dt": "1452726815", "route_id": "Red", "arr_dt": "1452727507", "direction": "0", "travel_time_sec": "692", "benchmark_travel_time_sec": "668"}, {"dep_dt": "1452727184", "route_id": "Red", "arr_dt": "1452727791", "direction": "0", "travel_time_sec": "607", "benchmark_travel_time_sec": "668"}, {"dep_dt": "1452727347", "route_id": "Red", "arr_dt": "1452727983", "direction": "0", "travel_time_sec": "636", "benchmark_travel_time_sec": "660"}, {"dep_dt": "1452727775", "route_id": "Red", "arr_dt": "1452728363", "direction": "0", "travel_time_sec": "588", "benchmark_travel_time_sec": "660"}, {"dep_dt": "1452728025", "route_id": "Red", "arr_dt": "1452728587", "direction": "0", "travel_time_sec": "562", "benchmark_travel_time_sec": "660"}, {"dep_dt": "1452728296", "route_id": "Red", "arr_dt": "1452728865", "direction": "0", "travel_time_sec": "569", "benchmark_travel_time_sec": "660"}, {"dep_dt": "1452728610", "route_id": "Red", "arr_dt": "1452729222", "direction": "0", "travel_time_sec": "612", "benchmark_travel_time_sec": "660"}, {"dep_dt": "1452728831", "route_id": "Red", "arr_dt": "1452729415", "direction": "0", "travel_time_sec": "584", "benchmark_travel_time_sec": "660"}, {"dep_dt": "1452729205", "route_id": "Red", "arr_dt": "1452729802", "direction": "0", "travel_time_sec": "597", "benchmark_travel_time_sec": "660"}, {"dep_dt": "1452729398", "route_id": "Red", "arr_dt": "1452729979", "direction": "0", "travel_time_sec": "581", "benchmark_travel_time_sec": "660"}, {"dep_dt": "1452729780", "route_id": "Red", "arr_dt": "1452730395", "direction": "0", "travel_time_sec": "615", "benchmark_travel_time_sec": "660"}, {"dep_dt": "1452729966", "route_id": "Red", "arr_dt": "1452730598", "direction": "0", "travel_time_sec": "632", "benchmark_travel_time_sec": "660"}, {"dep_dt": "1452730263", "route_id": "Red", "arr_dt": "1452730819", "direction": "0", "travel_time_sec": "556", "benchmark_travel_time_sec": "660"}, {"dep_dt": "1452730576", "route_id": "Red", "arr_dt": "1452731173", "direction": "0", "travel_time_sec": "597", "benchmark_travel_time_sec": "660"}, {"dep_dt": "1452730830", "route_id": "Red", "arr_dt": "1452731428", "direction": "0", "travel_time_sec": "598", "benchmark_travel_time_sec": "660"}, {"dep_dt": "1452730995", "route_id": "Red", "arr_dt": "1452731621", "direction": "0", "travel_time_sec": "626", "benchmark_travel_time_sec": "660"}, {"dep_dt": "1452731179", "route_id": "Red", "arr_dt": "1452731807", "direction": "0", "travel_time_sec": "628", "benchmark_travel_time_sec": "660"}, {"dep_dt": "1452731366", "route_id": "Red", "arr_dt": "1452732003", "direction": "0", "travel_time_sec": "637", "benchmark_travel_time_sec": "660"}, {"dep_dt": "1452731575", "route_id": "Red", "arr_dt": "1452732212", "direction": "0", "travel_time_sec": "637", "benchmark_travel_time_sec": "660"}, {"dep_dt": "1452731922", "route_id": "Red", "arr_dt": "1452732518", "direction": "0", "travel_time_sec": "596", "benchmark_travel_time_sec": "660"}, {"dep_dt": "1452732099", "route_id": "Red", "arr_dt": "1452732710", "direction": "0", "travel_time_sec": "611", "benchmark_travel_time_sec": "660"}, {"dep_dt": "1452732288", "route_id": "Red", "arr_dt": "1452732887", "direction": "0", "travel_time_sec": "599", "benchmark_travel_time_sec": "660"}, {"dep_dt": "1452732638", "route_id": "Red", "arr_dt": "1452733197", "direction": "0", "travel_time_sec": "559", "benchmark_travel_time_sec": "660"}, {"dep_dt": "1452733016", "route_id": "Red", "arr_dt": "1452733600", "direction": "0", "travel_time_sec": "584", "benchmark_travel_time_sec": "550"}, {"dep_dt": "1452733408", "route_id": "Red", "arr_dt": "1452734077", "direction": "0", "travel_time_sec": "669", "benchmark_travel_time_sec": "550"}, {"dep_dt": "1452733928", "route_id": "Red", "arr_dt": "1452734506", "direction": "0", "travel_time_sec": "578", "benchmark_travel_time_sec": "550"}, {"dep_dt": "1452734388", "route_id": "Red", "arr_dt": "1452734954", "direction": "0", "travel_time_sec": "566", "benchmark_travel_time_sec": "550"}, {"dep_dt": "1452734634", "route_id": "Red", "arr_dt": "1452735204", "direction": "0", "travel_time_sec": "570", "benchmark_travel_time_sec": "540"}, {"dep_dt": "1452734815", "route_id": "Red", "arr_dt": "1452735369", "direction": "0", "travel_time_sec": "554", "benchmark_travel_time_sec": "540"}, {"dep_dt": "1452735174", "route_id": "Red", "arr_dt": "1452735766", "direction": "0", "travel_time_sec": "592", "benchmark_travel_time_sec": "540"}, {"dep_dt": "1452735466", "route_id": "Red", "arr_dt": "1452736105", "direction": "0", "travel_time_sec": "639", "benchmark_travel_time_sec": "540"}, {"dep_dt": "1452735796", "route_id": "Red", "arr_dt": "1452736343", "direction": "0", "travel_time_sec": "547", "benchmark_travel_time_sec": "540"}, {"dep_dt": "1452736116", "route_id": "Red", "arr_dt": "1452736744", "direction": "0", "travel_time_sec": "628", "benchmark_travel_time_sec": "540"}, {"dep_dt": "1452736365", "route_id": "Red", "arr_dt": "1452736955", "direction": "0", "travel_time_sec": "590", "benchmark_travel_time_sec": "540"}, {"dep_dt": "1452736786", "route_id": "Red", "arr_dt": "1452737358", "direction": "0", "travel_time_sec": "572", "benchmark_travel_time_sec": "540"}, {"dep_dt": "1452737047", "route_id": "Red", "arr_dt": "1452737631", "direction": "0", "travel_time_sec": "584", "benchmark_travel_time_sec": "540"}, {"dep_dt": "1452737477", "route_id": "Red", "arr_dt": "1452738065", "direction": "0", "travel_time_sec": "588", "benchmark_travel_time_sec": "540"}, {"dep_dt": "1452737659", "route_id": "Red", "arr_dt": "1452738252", "direction": "0", "travel_time_sec": "593", "benchmark_travel_time_sec": "540"}, {"dep_dt": "1452738379", "route_id": "Red", "arr_dt": "1452738974", "direction": "0", "travel_time_sec": "595", "benchmark_travel_time_sec": "540"}, {"dep_dt": "1452738705", "route_id": "Red", "arr_dt": "1452739253", "direction": "0", "travel_time_sec": "548", "benchmark_travel_time_sec": "540"}, {"dep_dt": "1452739115", "route_id": "Red", "arr_dt": "1452739723", "direction": "0", "travel_time_sec": "608", "benchmark_travel_time_sec": "540"}, {"dep_dt": "1452739478", "route_id": "Red", "arr_dt": "1452740074", "direction": "0", "travel_time_sec": "596", "benchmark_travel_time_sec": "540"}, {"dep_dt": "1452739832", "route_id": "Red", "arr_dt": "1452740376", "direction": "0", "travel_time_sec": "544", "benchmark_travel_time_sec": "540"}, {"dep_dt": "1452740135", "route_id": "Red", "arr_dt": "1452740694", "direction": "0", "travel_time_sec": "559", "benchmark_travel_time_sec": "540"}, {"dep_dt": "1452740738", "route_id": "Red", "arr_dt": "1452741338", "direction": "0", "travel_time_sec": "600", "benchmark_travel_time_sec": "540"}, {"dep_dt": "1452740905", "route_id": "Red", "arr_dt": "1452741527", "direction": "0", "travel_time_sec": "622", "benchmark_travel_time_sec": "540"}, {"dep_dt": "1452741163", "route_id": "Red", "arr_dt": "1452741729", "direction": "0", "travel_time_sec": "566", "benchmark_travel_time_sec": "540"}, {"dep_dt": "1452741884", "route_id": "Red", "arr_dt": "1452742449", "direction": "0", "travel_time_sec": "565", "benchmark_travel_time_sec": "540"}, {"dep_dt": "1452742193", "route_id": "Red", "arr_dt": "1452742748", "direction": "0", "travel_time_sec": "555", "benchmark_travel_time_sec": "540"}, {"dep_dt": "1452742560", "route_id": "Red", "arr_dt": "1452743128", "direction": "0", "travel_time_sec": "568", "benchmark_travel_time_sec": "540"}, {"dep_dt": "1452742776", "route_id": "Red", "arr_dt": "1452743319", "direction": "0", "travel_time_sec": "543", "benchmark_travel_time_sec": "540"}, {"dep_dt": "1452743247", "route_id": "Red", "arr_dt": "1452743834", "direction": "0", "travel_time_sec": "587", "benchmark_travel_time_sec": "540"}, {"dep_dt": "1452743437", "route_id": "Red", "arr_dt": "1452744025", "direction": "0", "travel_time_sec": "588", "benchmark_travel_time_sec": "540"}, {"dep_dt": "1452744088", "route_id": "Red", "arr_dt": "1452744664", "direction": "0", "travel_time_sec": "576", "benchmark_travel_time_sec": "540"}, {"dep_dt": "1452744458", "route_id": "Red", "arr_dt": "1452745012", "direction": "0", "travel_time_sec": "554", "benchmark_travel_time_sec": "540"}, {"dep_dt": "1452744903", "route_id": "Red", "arr_dt": "1452745440", "direction": "0", "travel_time_sec": "537", "benchmark_travel_time_sec": "540"}, {"dep_dt": "1452745111", "route_id": "Red", "arr_dt": "1452745723", "direction": "0", "travel_time_sec": "612", "benchmark_travel_time_sec": "540"}, {"dep_dt": "1452745430", "route_id": "Red", "arr_dt": "1452745981", "direction": "0", "travel_time_sec": "551", "benchmark_travel_time_sec": "540"}, {"dep_dt": "1452746012", "route_id": "Red", "arr_dt": "1452746565", "direction": "0", "travel_time_sec": "553", "benchmark_travel_time_sec": "540"}, {"dep_dt": "1452746179", "route_id": "Red", "arr_dt": "1452746739", "direction": "0", "travel_time_sec": "560", "benchmark_travel_time_sec": "540"}, {"dep_dt": "1452746614", "route_id": "Red", "arr_dt": "1452747133", "direction": "0", "travel_time_sec": "519", "benchmark_travel_time_sec": "540"}]}