{"travel_times": [{"dep_dt": "1452747397", "route_id": "Red", "arr_dt": "1452748004", "direction": "0", "travel_time_sec": "607", "benchmark_travel_time_sec": "540"}, {"dep_dt": "1452747583", "route_id": "Red", "arr_dt": "1452748184", "direction": "0", "travel_time_sec": "601", "benchmark_travel_time_sec": "540"}, {"dep_dt": "1452747988", "route_id": "Red", "arr_dt": "1452748545", "direction": "0", "travel_time_sec": "557", "benchmark_travel_time_sec": "540"}, {"dep_dt": "1452748206", "route_id": "Red", "arr_dt": "1452748758", "direction": "0", "travel_time_sec": "552", "benchmark_travel_time_sec": "540"}, {"dep_dt": "1452748566", "route_id": "Red", "arr_dt": "1452749114", "direction": "0", "travel_time_sec": "548", "benchmark_travel_time_sec": "540"}, {"dep_dt": "1452748836", "route_id": "Red", "arr_dt": "1452749373", "direction": "0", "travel_time_sec": "537", "benchmark_travel_time_sec": "540"}, {"dep_dt": "1452749443", "route_id": "Red", "arr_dt": "1452750043", "direction": "0", "travel_time_sec": "600", "benchmark_travel_time_sec": "540"}, {"dep_dt": "1452749828", "route_id": "Red", "arr_dt": "1452750610", "direction": "0", "travel_time_sec": "782", "threshold_flag_1": "threshold_id_04", "benchmark_travel_time_sec": "540"}, {"dep_dt": "1452767097", "route_id": "Red", "arr_dt": "1452767607", "direction": "0", "travel_time_sec": "510", "benchmark_travel_time_sec": "540"}, {"dep_dt": "1452767617", "route_id": "Red", "arr_dt": "1452768177", "direction": "0", "travel_time_sec": "560", "benchmark_travel_time_sec": "540"}, {"dep_dt": "1452768337", "route_id": "Red", "arr_dt": "1452768895", "direction": "0", "travel_time_sec": "558", "benchmark_travel_time_sec": "540"}, {"dep_dt": "1452768824", "route_id": "Red", "arr_dt": "1452769366", "direction": "0", "travel_time_sec": "542", "benchmark_travel_time_sec": "540"}, {"dep_dt": "1452769518", "route_id": "Red", "arr_dt": "1452770060", "direction": "0", "travel_time_sec": "542", "benchmark_travel_time_sec": "540"}, {"dep_dt": "1452770147", "route_id": "Red", "arr_dt": "1452770783", "direction": "0", "travel_time_sec": "636", "benchmark_travel_time_sec": "540"}, {"dep_dt": "1452770646", "route_id": "Red", "arr_dt": "1452771213", "direction": "0", "travel_time_sec": "567", "benchmark_travel_time_sec": "540"}, {"dep_dt": "1452770924", "route_id": "Red", "arr_dt": "1452771469", "direction": "0", "travel_time_sec": "545", "benchmark_travel_time_sec": "540"}, {"dep_dt": "1452771059", "route_id": "Red", "arr_dt": "1452771663", "direction": "0", "travel_time_sec": "604", "benchmark_travel_time_sec": "540"}, {"dep_dt": "1452771395", "route_id": "Red", "arr_dt": "1452771947", "direction": "0", "travel_time_sec": "552", "benchmark_travel_time_sec": "540"}, {"dep_dt": "1452771629", "route_id": "Red", "arr_dt": "1452772204", "direction": "0", "travel_time_sec": "575", "benchmark_travel_time_sec": "540"}, {"dep_dt": "1452772174", "route_id": "Red", "arr_dt": "1452772766", "direction": "0", "travel_time_sec": "592", "benchmark_travel_time_sec": "540"}, {"dep_dt": "1452772438", "route_id": "Red", "arr_dt": "1452773022", "direction": "0", "travel_time_sec": "584", "benchmark_travel_time_sec": "651"}, {"dep_dt": "1452772856", "route_id": "Red", "arr_dt": "1452773430", "direction": "0", "travel_time_sec": "574", "benchmark_travel_time_sec": "651"}, {"dep_dt": "1452773178", "route_id": "Red", "arr_dt": "1452773820", "direction": "0", "travel_time_sec": "642", "benchmark_travel_time_sec": "651"}, {"dep_dt": "1452773484", "route_id": "Red", "arr_dt": "1452774038", "direction": "0", "travel_time_sec": "554", "benchmark_travel_time_sec": "651"}, {"dep_dt": "1452773864", "route_id": "Red", "arr_dt": "1452774472", "direction": "0", "travel_time_sec": "608", "benchmark_travel_time_sec": "651"}, {"dep_dt": "1452774066", "route_id": "Red", "arr_dt": "1452774678", "direction": "0", "travel_time_sec": "612", "benchmark_travel_time_sec": "660"}, {"dep_dt": "1452774475", "route_id": "Red", "arr_dt": "1452775123", "direction": "0", "travel_time_sec": "648", "benchmark_travel_time_sec": "660"}, {"dep_dt": "1452774823", "route_id": "Red", "arr_dt": "1452775453", "direction": "0", "travel_time_sec": "630", "benchmark_travel_time_sec": "660"}, {"dep_dt": "1452774989", "route_id": "Red", "arr_dt": "1452775644", "direction": "0", "travel_time_sec": "655", "benchmark_travel_time_sec": "660"}, {"dep_dt": "1452775397", "route_id": "Red", "arr_dt": "1452776034", "direction": "0", "travel_time_sec": "637", "benchmark_travel_time_sec": "660"}, {"dep_dt": "1452775596", "route_id": "Red", "arr_dt": "1452776209", "direction": "0", "travel_time_sec": "613", "benchmark_travel_time_sec": "660"}, {"dep_dt": "1452775884", "route_id": "Red", "arr_dt": "1452776483", "direction": "0", "travel_time_sec": "599", "benchmark_travel_time_sec": "660"}, {"dep_dt": "1452776171", "route_id": "Red", "arr_dt": "1452776808", "direction": "0", "travel_time_sec": "637", "benchmark_travel_time_sec": "660"}, {"dep_dt": "1452776313", "route_id": "Red", "arr_dt": "1452777004", "direction": "0", "travel_time_sec": "691", "benchmark_travel_time_sec": "660"}, {"dep_dt": "1452776604", "route_id": "Red", "arr_dt": "1452777231", "direction": "0", "travel_time_sec": "627", "benchmark_travel_time_sec": "660"}, {"dep_dt": "1452776785", "route_id": "Red", "arr_dt": "1452777452", "direction": "0", "travel_time_sec": "667", "benchmark_travel_time_sec": "660"}, {"dep_dt": "1452777129", "route_id": "Red", "arr_dt": "1452777760", "direction": "0", "travel_time_sec": "631", "benchmark_travel_time_sec": "660"}, {"dep_dt": "1452777304", "route_id": "Red", "arr_dt": "1452778020", "direction": "0", "travel_time_sec": "716", "benchmark_travel_time_sec": "660"}, {"dep_dt": "1452777562", "route_id": "Red", "arr_dt": "1452778299", "direction": "0", "travel_time_sec": "737", "benchmark_travel_time_sec": "660"}, {"dep_dt": "1452777752", "route_id": "Red", "arr_dt": "1452778491", "direction": "0", "travel_time_sec": "739", "benchmark_travel_time_sec": "660"}, {"dep_dt": "1452778036", "route_id": "Red", "arr_dt": "1452778762", "direction": "0", "travel_time_sec": "726", "benchmark_travel_time_sec": "660"}, {"dep_dt": "1452778197", "route_id": "Red", "arr_dt": "1452779033", "direction": "0", "travel_time_sec": "836", "benchmark_travel_time_sec": "660"}, {"dep_dt": "1452778527", "route_id": "Red", "arr_dt": "1452779244", "direction": "0", "travel_time_sec": "717", "benchmark_travel_time_sec": "660"}, {"dep_dt": "1452778705", "route_id": "Red", "arr_dt": "1452779488", "direction": "0", "travel_time_sec": "783", "benchmark_travel_time_sec": "660"}, {"dep_dt": "1452778947", "route_id": "Red", "arr_dt": "1452779708", "direction": "0", "travel_time_sec": "761", "benchmark_travel_time_sec": "660"}, {"dep_dt": "1452779130", "route_id": "Red", "arr_dt": "1452779916", "direction": "0", "travel_time_sec": "786", "benchmark_travel_time_sec": "660"}, {"dep_dt": "1452779467", "route_id": "Red", "arr_dt": "1452780134", "direction": "0", "travel_time_sec": "667", "benchmark_travel_time_sec": "660"}, {"dep_dt": "1452779637", "route_id": "Red", "arr_dt": "1452780358", "direction": "0", "travel_time_sec": "721", "benchmark_travel_time_sec": "660"}, {"dep_dt": "1452780083", "route_id": "Red", "arr_dt": "1452780787", "direction": "0", "travel_time_sec": "704", "benchmark_travel_time_sec": "660"}, {"dep_dt": "1452780540", "route_id": "Red", "arr_dt": "1452781194", "direction": "0", "travel_time_sec": "654", "benchmark_travel_time_sec": "660"}, {"dep_dt": "1452781129", "route_id": "Red", "arr_dt": "1452781761", "direction": "0", "travel_time_sec": "632", "benchmark_travel_time_sec": "660"}, {"dep_dt": "1452781297", "route_id": "Red", "arr_dt": "1452781959", "direction": "0", "travel_time_sec": "662", "benchmark_travel_time_sec": "615"}, {"dep_dt": "1452781478", "route_id": "Red", "arr_dt": "1452782175", "direction": "0", "travel_time_sec": "697", "benchmark_travel_time_sec": "615"}, {"dep_dt": "1452781648", "route_id": "Red", "arr_dt": "1452782372", "direction": "0", "travel_time_sec": "724", "benchmark_travel_time_sec": "615"}, {"dep_dt": "1452781835", "route_id": "Red", "arr_dt": "1452782560", "direction": "0", "travel_time_sec": "725", "benchmark_travel_time_sec": "615"}, {"dep_dt": "1452781996", "route_id": "Red", "arr_dt": "1452782740", "direction": "0", "travel_time_sec": "744", "benchmark_travel_time_sec": "615"}, {"dep_dt": "1452782404", "route_id": "Red", "arr_dt": "1452783044", "direction": "0", "travel_time_sec": "640", "benchmark_travel_time_sec": "615"}, {"dep_dt": "1452782643", "route_id": "Red", "arr_dt": "1452783210", "direction": "0", "travel_time_sec": "567", "benchmark_travel_time_sec": "615"}, {"dep_dt": "1452782808", "route_id": "Red", "arr_dt": "1452783392", "direction": "0", "travel_time_sec": "584", "benchmark_travel_time_sec": "615"}, {"dep_dt": "1452783023", "route_id": "Red", "arr_dt": "1452783614", "direction": "0", "travel_time_sec": "591", "benchmark_travel_time_sec": "600"}, {"dep_dt": "1452783250", "route_id": "Red", "arr_dt": "1452783883", "direction": "0", "travel_time_sec": "633", "benchmark_travel_time_sec": "600"}, {"dep_dt": "1452783464", "route_id": "Red", "arr_dt": "1452784075", "direction": "0", "travel_time_sec": "611", "benchmark_travel_time_sec": "600"}, {"dep_dt": "1452783681", "route_id": "Red", "arr_dt": "1452784329", "direction": "0", "travel_time_sec": "648", "benchmark_travel_time_sec": "600"}, {"dep_dt": "1452783908", "route_id": "Red", "arr_dt": "1452784528", "direction": "0", "travel_time_sec": "620", "benchmark_travel_time_sec": "600"}, {"dep_dt": "1452784108", "route_id": "Red", "arr_dt": "1452784735", "direction": "0", "travel_time_sec": "627", "benchmark_travel_time_sec": "600"}, {"dep_dt": "1452784422", "route_id": "Red", "arr_dt": "1452784982", "direction": "0", "travel_time_sec": "560", "benchmark_travel_time_sec": "600"}, {"dep_dt": "1452784780", "route_id": "Red", "arr_dt": "1452785374", "direction": "0", "travel_time_sec": "594", "benchmark_travel_time_sec": "600"}, {"dep_dt": "1452784948", "route_id": "Red", "arr_dt": "1452785552", "direction": "0", "travel_time_sec": "604", "benchmark_travel_time_sec": "600"}, {"dep_dt": "1452785290", "route_id": "Red", "arr_dt": "1452785828", "direction": "0", "travel_time_sec": "538", "benchmark_travel_time_sec": "600"}, {"dep_dt": "1452785618", "route_id": "Red", "arr_dt": "1452786181", "direction": "0", "travel_time_sec": "563", "benchmark_travel_time_sec": "600"}, {"dep_dt": "1452786008", "route_id": "Red", "arr_dt": "1452786597", "direction": "0", "travel_time_sec": "589", "benchmark_travel_time_sec": "600"}, {"dep_dt": "1452786377", "route_id": "Red", "arr_dt": "1452786984", "direction": "0", "travel_time_sec": "607", "benchmark_travel_time_sec": "600"}, {"dep_dt": "1452786610", "route_id": "Red", "arr_dt": "1452787161", "direction": "0", "travel_time_sec": "551", "benchmark_travel_time_sec": "600"}, {"dep_dt": "1452786786", "route_id": "Red", "arr_dt": "1452787372", "direction": "0", "travel_time_sec": "586", "benchmark_travel_time_sec": "600"}, {"dep_dt": "1452787054", "route_id": "Red", "arr_dt": "1452787612", "direction": "0", "travel_time_sec": "558", "benchmark_travel_time_sec": "600"}, {"dep_dt": "1452787313", "route_id": "Red", "arr_dt": "1452787877", "direction": "0", "travel_time_sec": "564", "benchmark_travel_time_sec": "600"}, {"dep_dt": "1452787626", "route_id": "Red", "arr_dt": "1452788364", "direction": "0", "travel_time_sec": "738", "benchmark_travel_time_sec": "600"}, {"dep_dt": "1452788416", "route_id": "Red", "arr_dt": "1452789003", "direction": "0", "travel_time_sec": "587", "benchmark_travel_time_sec": "600"}, {"dep_dt": "1452788596", "route_id": "Red", "arr_dt": "1452789184", "direction": "0", "travel_time_sec": "588", "benchmark_travel_time_sec": "600"}, {"dep_dt": "1452788859", "route_id": "Red", "arr_dt": "1452789407", "direction": "0", "travel_time_sec": "548", "benchmark_travel_time_sec": "600"}, {"dep_dt": "1452789223", "route_id": "Red", "arr_dt": "1452789835", "direction": "0", "travel_time_sec": "612", "benchmark_travel_time_sec": "600"}, {"dep_dt": "1452789689", "route_id": "Red", "arr_dt": "1452790328", "direction": "0", "travel_time_sec": "639", "benchmark_travel_time_sec": "600"}, {"dep_dt": "1452789848", "route_id": "Red", "arr_dt": "1452790511", "direction": "0", "travel_time_sec": "663", "benchmark_travel_time_sec": "600"}, {"dep_dt": "1452790313", "route_id": "Red", "arr_dt": "1452790879", "direction": "0", "travel_time_sec": "566", "benchmark_travel_time_sec": "600"}, {"dep_dt": "1452790571", "route_id": "Red", "arr_dt": "1452791111", "direction": "0", "travel_time_sec": "540", "benchmark_travel_time_sec": "600"}, {"dep_dt": "1452791275", "route_id": "Red", "arr_dt": "1452791936", "direction": "0", "travel_time_sec": "661", "benchmark_travel_time_sec": "600"}, {"dep_dt": "1452791459", "route_id": "Red", "arr_dt": "1452792111", "direction": "0", "travel_time_sec": "652", "benchmark_travel_time_sec": "600"}, {"dep_dt": "1452791959", "route_id": "Red", "arr_dt": "1452792556", "direction": "0", "travel_time_sec": "597", "benchmark_travel_time_sec": "600"}, {"dep_dt": "1452792275", "route_id": "Red", "arr_dt": "1452792834", "direction": "0", "travel_time_sec": "559", "benchmark_travel_time_sec": "600"}, {"dep_dt": "1452792802", "route_id": "Red", "arr_dt": "1452793383", "direction": "0", "travel_time_sec": "581", "benchmark_travel_time_sec": "600"}, {"dep_dt": "1452793217", "route_id": "Red", "arr_dt": "1452793767", "direction": "0", "travel_time_sec": "550", "benchmark_travel_time_sec": "600"}, {"dep_dt": "1452793826", "route_id": "Red", "arr_dt": "1452794428", "direction": "0", "travel_time_sec": "602", "benchmark_travel_time_sec": "600"}, {"dep_dt": "1452794277", "route_id": "Red", "arr_dt": "1452794745", "direction": "0", "travel_time_sec": "468", "benchmark_travel_time_sec": "600"}, {"dep_dt": "1452794633", "route_id": "Red", "arr_dt": "1452795199", "direction": "0", "travel_time_sec": "566", "benchmark_travel_time_sec": "600"}, {"dep_dt": "1452794861", "route_id": "Red", "arr_dt": "1452795453", "direction": "0", "travel_time_sec": "592", "benchmark_travel_time_sec": "600"}, {"dep_dt": "1452795389", "route_id": "Red", "arr_dt": "1452795960", "direction": "0", "travel_time_sec": "571", "benchmark_travel_time_sec": "600"}, {"dep_dt": "1452795663", "route_id": "Red", "arr_dt": "1452796275", "direction": "0", "travel_time_sec": "612", "benchmark_travel_time_sec": "600"}, {"dep_dt": "1452796327", "route_id": "Red", "arr_dt": "1452796964", "direction": "0", "travel_time_sec": "637", "benchmark_travel_time_sec": "600"}, {"dep_dt": "1452796609", "route_id": "Red", "arr_dt": "1452797172", "direction": "0", "travel_time_sec": "563", "benchmark_travel_time_sec": "600"}, {"dep_dt": "1452797142", "route_id": "Red", "arr_dt": "1452797744", "direction": "0", "travel_time_sec": "602", "benchmark_travel_time_sec": "600"}, {"dep_dt": "1452797554", "route_id": "Red", "arr_dt": "1452798174", "direction": "0", "travel_time_sec": "620", "benchmark_travel_time_sec": "600"}, {"dep_dt": "1452797831", "route_id": "Red", "arr_dt": "1452798379", "direction": "0", "travel_time_sec": "548", "benchmark_travel_time_sec": "600"}, {"dep_dt": "1452798299", "route_id": "Red", "arr_dt": "1452798837", "direction": "0", "travel_time_sec": "538", "benchmark_travel_time_sec": "600"}, {"dep_dt": "1452798717", "route_id": "Red", "arr_dt": "1452799306", "direction": "0", "travel_time_sec": "589", "benchmark_travel_time_sec": "600"}, {"dep_dt": "1452799021", "route_id": "Red", "arr_dt": "1452799650", "direction": "0", "travel_time_sec": "629", "benchmark_travel_time_sec": "600"}, {"dep_dt": "1452799406", "route_id": "Red", "arr_dt": "1452800004", "direction": "0", "travel_time_sec": "598", "benchmark_travel_time_sec": "600"}, {"dep_dt": "1452800307", "route_id": "Red", "arr_dt": "1452800891", "direction": "0", "travel_time_sec": "584", "benchmark_travel_time_sec": "600"}, {"dep_dt": "1452800656", "route_id": "Red", "arr_dt": "1452801232", "direction": "0", "travel_time_sec": "576", "benchmark_travel_time_sec": "600"}, {"dep_dt": "1452801027", "route_id": "Red", "arr_dt": "1452801591", "direction": "0", "travel_time_sec": "564", "benchmark_travel_time_sec": "600"}, {"dep_dt": "1452801642", "route_id": "Red", "arr_dt": "1452802280", "direction": "0", "travel_time_sec": "638", "benchmark_travel_time_sec": "600"}, {"dep_dt": "1452802122", "route_id": "Red", "arr_dt": "1452802749", "direction": "0", "travel_time_sec": "627", "benchmark_travel_time_sec": "600"}, {"dep_dt": "1452802640", "route_id": "Red", "arr_dt": "1452803213", "direction": "0", "travel_time_sec": "573", "benchmark_travel_time_sec": "600"}, {"dep_dt": "1452803105", "route_id": "Red", "arr_dt": "1452803913", "direction": "0", "travel_time_sec": "808", "threshold_flag_1": "threshold_id_04", "benchmark_travel_time_sec": "600"}, {"dep_dt": "1452803278", "route_id": "Red", "arr_dt": "1452804206", "direction": "0", "travel_time_sec": "928", "threshold_flag_1": "threshold_id_04", "benchmark_travel_time_sec": "600"}, {"dep_dt": "1452803580", "route_id": "Red", "arr_dt": "1452804384", "direction": "0", "travel_time_sec": "804", "threshold_flag_1": "threshold_id_04", "benchmark_travel_time_sec": "600"}, {"dep_dt": "1452803776", "route_id": "Red", "arr_dt": "1452804615", "direction": "0", "travel_time_sec": "839", "threshold_flag_1": "threshold_id_04", "benchmark_travel_time_sec": "600"}, {"dep_dt": "1452804256", "route_id": "Red", "arr_dt": "1452804971", "direction": "0", "travel_time_sec": "715", "benchmark_travel_time_sec": "600"}, {"dep_dt": "1452804454", "route_id": "Red", "arr_dt": "1452805179", "direction": "0", "travel_time_sec": "725", "benchmark_travel_time_sec": "600"}, {"dep_dt": "1452804738", "route_id": "Red", "arr_dt": "1452805379", "direction": "0", "travel_time_sec": "641", "benchmark_travel_time_sec": "700"}, {"dep_dt": "1452805343", "route_id": "Red", "arr_dt": "1452806003", "direction": "0", "travel_time_sec": "660", "benchmark_travel_time_sec": "700"}, {"dep_dt": "1452805666", "route_id": "Red", "arr_dt": "1452806271", "direction": "0", "travel_time_sec": "605", "benchmark_travel_time_sec": "700"}, {"dep_dt": "1452805881", "route_id": "Red", "arr_dt": "1452806515", "direction": "0", "travel_time_sec": "634", "benchmark_travel_time_sec": "700"}, {"dep_dt": "1452806502", "route_id": "Red", "arr_dt": "1452807434", "direction": "0", "travel_time_sec": "932", "threshold_flag_1": "threshold_id_04", "benchmark_travel_time_sec": "720"}, {"dep_dt": "1452806740", "route_id": "Red", "arr_dt": "1452807690", "direction": "0", "travel_time_sec": "950", "threshold_flag_1": "threshold_id_04", "benchmark_travel_time_sec": "720"}, {"dep_dt": "1452806934", "route_id": "Red", "arr_dt": "1452807922", "direction": "0", "travel_time_sec": "988", "threshold_flag_1": "threshold_id_04", "benchmark_travel_time_sec": "720"}, {"dep_dt": "1452807117", "route_id": "Red", "arr_dt": "1452808119", "direction": "0", "travel_time_sec": "1002", "threshold_flag_1": "threshold_id_04", "benchmark_travel_time_sec": "720"}, {"dep_dt": "1452807316", "route_id": "Red", "arr_dt": "1452808314", "direction": "0", "travel_time_sec": "998", "threshold_flag_1": "threshold_id_04", "benchmark_travel_time_sec": "720"}, {"dep_dt": "1452807608", "route_id": "Red", "arr_dt": "1452808543", "direction": "0", "travel_time_sec": "935", "threshold_flag_1": "threshold_id_04", "benchmark_travel_time_sec": "720"}, {"dep_dt": "1452807735", "route_id": "Red", "arr_dt": "1452808756", "direction": "0", "travel_time_sec": "1021", "threshold_flag_1": "threshold_id_04", "benchmark_travel_time_sec": "720"}, {"dep_dt": "1452808139", "route_id": "Red", "arr_dt": "1452808965", "direction": "0", "travel_time_sec": "826", "benchmark_travel_time_sec": "720"}, {"dep_dt": "1452808299", "route_id": "Red", "arr_dt": "1452809361", "direction": "0", "travel_time_sec": "1062", "threshold_flag_1": "threshold_id_04", "benchmark_travel_time_sec": "720"}, {"dep_dt": "1452808503", "route_id": "Red", "arr_dt": "1452809553", "direction": "0", "travel_time_sec": "1050", "threshold_flag_1": "threshold_id_04", "benchmark_travel_time_sec": "720"}, {"dep_dt": "1452808962", "route_id": "Red", "arr_dt": "1452809800", "direction": "0", "travel_time_sec": "838", "benchmark_travel_time_sec": "720"}, {"dep_dt": "1452809124", "route_id": "Red", "arr_dt": "1452810072", "direction": "0", "travel_time_sec": "948", "threshold_flag_1": "threshold_id_04", "benchmark_travel_time_sec": "720"}, {"dep_dt": "1452809301", "route_id": "Red", "arr_dt": "1452810322", "direction": "0", "travel_time_sec": "1021", "threshold_flag_1": "threshold_id_04", "benchmark_travel_time_sec": "720"}, {"dep_dt": "1452809613", "route_id": "Red", "arr_dt": "1452810551", "direction": "0", "travel_time_sec": "938", "threshold_flag_1": "threshold_id_04", "benchmark_travel_time_sec": "720"}, {"dep_dt": "1452809692", "route_id": "Red", "arr_dt": "1452810755", "direction": "0", "travel_time_sec": "1063", "threshold_flag_1": "threshold_id_04", "benchmark_travel_time_sec": "720"}, {"dep_dt": "1452809928", "route_id": "Red", "arr_dt": "1452810980", "direction": "0", "travel_time_sec": "1052", "threshold_flag_1": "threshold_id_04", "benchmark_travel_time_sec": "720"}, {"dep_dt": "1452810073", "route_id": "Red", "arr_dt": "1452811284", "direction": "0", "threshold_flag_2": "threshold_id_05", "travel_time_sec": "1211", "threshold_flag_1": "threshold_id_04", "benchmark_travel_time_sec": "720"}, {"dep_dt": "1452810627", "route_id": "Red", "arr_dt": "1452811512", "direction": "0", "travel_time_sec": "885", "benchmark_travel_time_sec": "720"}, {"dep_dt": "1452810820", "route_id": "Red", "arr_dt": "1452811719", "direction": "0", "travel_time_sec": "899", "benchmark_travel_time_sec": "720"}, {"dep_dt": "1452811092", "route_id": "Red", "arr_dt": "1452811924", "direction": "0", "travel_time_sec": "832", "benchmark_travel_time_sec": "720"}, {"dep_dt": "1452811507", "route_id": "Red", "arr_dt": "1452812170", "direction": "0", "travel_time_sec": "663", "benchmark_travel_time_sec": "720"}, {"dep_dt": "1452811682", "route_id": "Red", "arr_dt": "1452812382", "direction": "0", "travel_time_sec": "700", "benchmark_travel_time_sec": "720"}, {"dep_dt": "1452811988", "route_id": "Red", "arr_dt": "1452812602", "direction": "0", "travel_time_sec": "614", "benchmark_travel_time_sec": "668"}, {"dep_dt": "1452812308", "route_id": "Red", "arr_dt": "1452812911", "direction": "0", "travel_time_sec": "603", "benchmark_travel_time_sec": "668"}, {"dep_dt": "1452812584", "route_id": "Red", "arr_dt": "1452813169", "direction": "0", "travel_time_sec": "585", "benchmark_travel_time_sec": "668"}, {"dep_dt": "1452812723", "route_id": "Red", "arr_dt": "1452813367", "direction": "0", "travel_time_sec": "644", "benchmark_travel_time_sec": "668"}, {"dep_dt": "1452812944", "route_id": "Red", "arr_dt": "1452813554", "direction": "0", "travel_time_sec": "610", "benchmark_travel_time_sec": "668"}, {"dep_dt": "1452813157", "route_id": "Red", "arr_dt": "1452813774", "direction": "0", "travel_time_sec": "617", "benchmark_travel_time_sec": "668"}, {"dep_dt": "1452813476", "route_id": "Red", "arr_dt": "1452814074", "direction": "0", "travel_time_sec": "598", "benchmark_travel_time_sec": "668"}, {"dep_dt": "1452813716", "route_id": "Red", "arr_dt": "1452814351", "direction": "0", "travel_time_sec": "635", "benchmark_travel_time_sec": "660"}, {"dep_dt": "1452814043", "route_id": "Red", "arr_dt": "1452814639", "direction": "0", "travel_time_sec": "596", "benchmark_travel_time_sec": "660"}, {"dep_dt": "1452814204", "route_id": "Red", "arr_dt": "1452814828", "direction": "0", "travel_time_sec": "624", "benchmark_travel_time_sec": "660"}, {"dep_dt": "1452814376", "route_id": "Red", "arr_dt": "1452815013", "direction": "0", "travel_time_sec": "637", "benchmark_travel_time_sec": "660"}, {"dep_dt": "1452814524", "route_id": "Red", "arr_dt": "1452815185", "direction": "0", "travel_time_sec": "661", "benchmark_travel_time_sec": "660"}, {"dep_dt": "1452814748", "route_id": "Red", "arr_dt": "1452815364", "direction": "0", "travel_time_sec": "616", "benchmark_travel_time_sec": "660"}, {"dep_dt": "1452815188", "route_id": "Red", "arr_dt": "1452815842", "direction": "0", "travel_time_sec": "654", "benchmark_travel_time_sec": "660"}, {"dep_dt": "1452815404", "route_id": "Red", "arr_dt": "1452816036", "direction": "0", "travel_time_sec": "632", "benchmark_travel_time_sec": "660"}, {"dep_dt": "1452815605", "route_id": "Red", "arr_dt": "1452816246", "direction": "0", "travel_time_sec": "641", "benchmark_travel_time_sec": "660"}, {"dep_dt": "1452815878", "route_id": "Red", "arr_dt": "1452816437", "direction": "0", "travel_time_sec": "559", "benchmark_travel_time_sec": "660"}, {"dep_dt": "1452816143", "route_id": "Red", "arr_dt": "1452816721", "direction": "0", "travel_time_sec": "578", "benchmark_travel_time_sec": "660"}, {"dep_dt": "1452816390", "route_id": "Red", "arr_dt": "1452816954", "direction": "0", "travel_time_sec": "564", "benchmark_travel_time_sec": "660"}, {"dep_dt": "1452816564", "route_id": "Red", "arr_dt": "1452817135", "direction": "0", "travel_time_sec": "571", "benchmark_travel_time_sec": "660"}, {"dep_dt": "1452816806", "route_id": "Red", "arr_dt": "1452817346", "direction": "0", "travel_time_sec": "540", "benchmark_travel_time_sec": "660"}, {"dep_dt": "1452817021", "route_id": "Red", "arr_dt": "1452817587", "direction": "0", "travel_time_sec": "566", "benchmark_travel_time_sec": "660"}, {"dep_dt": "1452817381", "route_id": "Red", "arr_dt": "1452818020", "direction": "0", "travel_time_sec": "639", "benchmark_travel_time_sec": "660"}, {"dep_dt": "1452817545", "route_id": "Red", "arr_dt": "1452818218", "direction": "0", "travel_time_sec": "673", "benchmark_travel_time_sec": "660"}, {"dep_dt": "1452817873", "route_id": "Red", "arr_dt": "1452818463", "direction": "0", "travel_time_sec": "590", "benchmark_travel_time_sec": "660"}, {"dep_dt": "1452818065", "route_id": "Red", "arr_dt": "1452818657", "direction": "0", "travel_time_sec": "592", "benchmark_travel_time_sec": "660"}, {"dep_dt": "1452818282", "route_id": "Red", "arr_dt": "1452818874", "direction": "0", "travel_time_sec": "592", "benchmark_travel_time_sec": "660"}, {"dep_dt": "1452818647", "route_id": "Red", "arr_dt": "1452819252", "direction": "0", "travel_time_sec": "605", "benchmark_travel_time_sec": "660"}, {"dep_dt": "1452818908", "route_id": "Red", "arr_dt": "1452819486", "direction": "0", "travel_time_sec": "578", "benchmark_travel_time_sec": "660"}, {"dep_dt": "1452819253", "route_id": "Red", "arr_dt": "1452819680", "direction": "0", "travel_time_sec": "427", "benchmark_travel_time_sec": "550"}, {"dep_dt": "1452819564", "route_id": "Red", "arr_dt": "1452820167", "direction": "0", "travel_time_sec": "603", "benchmark_travel_time_sec": "550"}, {"dep_dt": "1452819735", "route_id": "Red", "arr_dt": "1452820346", "direction": "0", "travel_time_sec": "611", "benchmark_travel_time_sec": "550"}, {"dep_dt": "1452820014", "route_id": "Red", "arr_dt": "1452820561", "direction": "0", "travel_time_sec": "547", "benchmark_travel_time_sec": "550"}, {"dep_dt": "1452820429", "route_id": "Red", "arr_dt": "1452820992", "direction": "0", "travel_time_sec": "563", "benchmark_travel_time_sec": "550"}, {"dep_dt": "1452820773", "route_id": "Red", "arr_dt": "1452821316", "direction": "0", "travel_time_sec": "543", "benchmark_travel_time_sec": "550"}, {"dep_dt": "1452821000", "route_id": "Red", "arr_dt": "1452821572", "direction": "0", "travel_time_sec": "572", "benchmark_travel_time_sec": "540"}, {"dep_dt": "1452821173", "route_id": "Red", "arr_dt": "1452821753", "direction": "0", "travel_time_sec": "580", "benchmark_travel_time_sec": "540"}, {"dep_dt": "1452821883", "route_id": "Red", "arr_dt": "1452822548", "direction": "0", "travel_time_sec": "665", "benchmark_travel_time_sec": "540"}, {"dep_dt": "1452822223", "route_id": "Red", "arr_dt": "1452822767", "direction": "0", "travel_time_sec": "544", "benchmark_travel_time_sec": "540"}, {"dep_dt": "1452822569", "route_id": "Red", "arr_dt": "1452823156", "direction": "0", "travel_time_sec": "587", "benchmark_travel_time_sec": "540"}, {"dep_dt": "1452822936", "route_id": "Red", "arr_dt": "1452823508", "direction": "0", "travel_time_sec": "572", "benchmark_travel_time_sec": "540"}, {"dep_dt": "1452823112", "route_id": "Red", "arr_dt": "1452823705", "direction": "0", "travel_time_sec": "593", "benchmark_travel_time_sec": "540"}, {"dep_dt": "1452823628", "route_id": "Red", "arr_dt": "1452824219", "direction": "0", "travel_time_sec": "591", "benchmark_travel_time_sec": "540"}, {"dep_dt": "1452823998", "route_id": "Red", "arr_dt": "1452824545", "direction": "0", "travel_time_sec": "547", "benchmark_travel_time_sec": "540"}, {"dep_dt": "1452824443", "route_id": "Red", "arr_dt": "1452824988", "direction": "0", "travel_time_sec": "545", "benchmark_travel_time_sec": "540"}, {"dep_dt": "1452824678", "route_id": "Red", "arr_dt": "1452825237", "direction": "0", "travel_time_sec": "559", "benchmark_travel_time_sec": "540"}, {"dep_dt": "1452825126", "route_id": "Red", "arr_dt": "1452825728", "direction": "0", "travel_time_sec": "602", "benchmark_travel_time_sec": "540"}, {"dep_dt": "1452825449", "route_id": "Red", "arr_dt": "1452826009", "direction": "0", "travel_time_sec": "560", "benchmark_travel_time_sec": "540"}, {"dep_dt": "1452825650", "route_id": "Red", "arr_dt": "1452826186", "direction": "0", "travel_time_sec": "536", "benchmark_travel_time_sec": "540"}, {"dep_dt": "1452826037", "route_id": "Red", "arr_dt": "1452826587", "direction": "0", "travel_time_sec": "550", "benchmark_travel_time_sec": "540"}, {"dep_dt": "1452826373", "route_id": "Red", "arr_dt": "1452826935", "direction": "0", "travel_time_sec": "562", "benchmark_travel_time_sec": "540"}, {"dep_dt": "1452826669", "route_id": "Red", "arr_dt": "1452827223", "direction": "0", "travel_time_sec": "554", "benchmark_travel_time_sec": "540"}, {"dep_dt": "1452827146", "route_id": "Red", "arr_dt": "1452827689", "direction": "0", "travel_time_sec": "543", "benchmark_travel_time_sec": "540"}, {"dep_dt": "1452827349", "route_id": "Red", "arr_dt": "1452827886", "direction": "0", "travel_time_sec": "537", "benchmark_travel_time_sec": "540"}, {"dep_dt": "1452827805", "route_id": "Red", "arr_dt": "1452828348", "direction": "0", "travel_time_sec": "543", "benchmark_travel_time_sec": "540"}, {"dep_dt": "1452828385", "route_id": "Red", "arr_dt": "1452828982", "direction": "0", "travel_time_sec": "597", "benchmark_travel_time_sec": "540"}, {"dep_dt": "1452828564", "route_id": "Red", "arr_dt": "1452829173", "direction": "0", "travel_time_sec": "609", "benchmark_travel_time_sec": "540"}, {"dep_dt": "1452829389", "route_id": "Red", "arr_dt": "1452829820", "direction": "0", "travel_time_sec": "431", "benchmark_travel_time_sec": "540"}, {"dep_dt": "1452829597", "route_id": "Red", "arr_dt": "1452830190", "direction": "0", "travel_time_sec": "593", "benchmark_travel_time_sec": "540"}, {"dep_dt": "1452830027", "route_id": "Red", "arr_dt": "1452830589", "direction": "0", "travel_time_sec": "562", "benchmark_travel_time_sec": "540"}, {"dep_dt": "1452830459", "route_id": "Red", "arr_dt": "1452831021", "direction": "0", "travel_time_sec": "562", "benchmark_travel_time_sec": "540"}, {"dep_dt": "1452830858", "route_id": "Red", "arr_dt": "1452831455", "direction": "0", "travel_time_sec": "597", "benchmark_travel_time_sec": "540"}, {"dep_dt": "1452831328", "route_id": "Red", "arr_dt": "1452832057", "direction": "0", "travel_time_sec": "729", "threshold_flag_1": "threshold_id_04", "benchmark_travel_time_sec": "540"}, {"dep_dt": "1452831510", "threshold_flag_3": "threshold_id_06", "route_id": "Red", "arr_dt": "1452833030", "direction": "0", "threshold_flag_2": "threshold_id_05", "travel_time_sec": "1520", "threshold_flag_1": "threshold_id_04", "benchmark_travel_time_sec": "540"}, {"dep_dt": "1452831856", "threshold_flag_3": "threshold_id_06", "route_id": "Red", "arr_dt": "1452833200", "direction": "0", "threshold_flag_2": "threshold_id_05", "travel_time_sec": "1344", "threshold_flag_1": "threshold_id_04", "benchmark_travel_time_sec": "540"}, {"dep_dt": "1452832382", "threshold_flag_3": "threshold_id_06", "route_id": "Red", "arr_dt": "1452833647", "direction": "0", "threshold_flag_2": "threshold_id_05", "travel_time_sec": "1265", "threshold_flag_1": "threshold_id_04", "benchmark_travel_time_sec": "540"}, {"dep_dt": "1452833036", "route_id": "Red", "arr_dt": "1452833827", "direction": "0", "travel_time_sec": "791", "threshold_flag_1": "threshold_id_04", "benchmark_travel_time_sec": "540"}]}