{"travel_times": [{"dep_dt": "1461815660", "route_id": "Red", "arr_dt": "1461816264", "direction": "0", "travel_time_sec": "604", "benchmark_travel_time_sec": "540"}, {"dep_dt": "1461815826", "route_id": "Red", "arr_dt": "1461816445", "direction": "0", "travel_time_sec": "619", "benchmark_travel_time_sec": "540"}, {"dep_dt": "1461816068", "route_id": "Red", "arr_dt": "1461816628", "direction": "0", "travel_time_sec": "560", "benchmark_travel_time_sec": "540"}, {"dep_dt": "1461816438", "route_id": "Red", "arr_dt": "1461816971", "direction": "0", "travel_time_sec": "533", "benchmark_travel_time_sec": "540"}, {"dep_dt": "1461816926", "threshold_flag_3": "threshold_id_06", "route_id": "Red", "arr_dt": "1461818341", "direction": "0", "threshold_flag_2": "threshold_id_05", "travel_time_sec": "1415", "threshold_flag_1": "threshold_id_04", "benchmark_travel_time_sec": "540"}, {"dep_dt": "1461818637", "route_id": "Red", "arr_dt": "1461819196", "direction": "0", "travel_time_sec": "559", "benchmark_travel_time_sec": "540"}, {"dep_dt": "1461835451", "route_id": "Red", "arr_dt": "1461835978", "direction": "0", "travel_time_sec": "527", "benchmark_travel_time_sec": "540"}, {"dep_dt": "1461836019", "route_id": "Red", "arr_dt": "1461836574", "direction": "0", "travel_time_sec": "555", "benchmark_travel_time_sec": "540"}, {"dep_dt": "1461836318", "route_id": "Red", "arr_dt": "1461836891", "direction": "0", "travel_time_sec": "573", "benchmark_travel_time_sec": "540"}, {"dep_dt": "1461836795", "route_id": "Red", "arr_dt": "1461837357", "direction": "0", "travel_time_sec": "562", "benchmark_travel_time_sec": "540"}, {"dep_dt": "1461837267", "route_id": "Red", "arr_dt": "1461837838", "direction": "0", "travel_time_sec": "571", "benchmark_travel_time_sec": "540"}, {"dep_dt": "1461837716", "route_id": "Red", "arr_dt": "1461838265", "direction": "0", "travel_time_sec": "549", "benchmark_travel_time_sec": "540"}, {"dep_dt": "1461838204", "route_id": "Red", "arr_dt": "1461838786", "direction": "0", "travel_time_sec": "582", "benchmark_travel_time_sec": "540"}, {"dep_dt": "1461838727", "route_id": "Red", "arr_dt": "1461839274", "direction": "0", "travel_time_sec": "547", "benchmark_travel_time_sec": "540"}, {"dep_dt": "1461839018", "route_id": "Red", "arr_dt": "1461839632", "direction": "0", "travel_time_sec": "614", "benchmark_travel_time_sec": "540"}, {"dep_dt": "1461839298", "route_id": "Red", "arr_dt": "1461839855", "direction": "0", "travel_time_sec": "557", "benchmark_travel_time_sec": "540"}, {"dep_dt": "1461839707", "route_id": "Red", "arr_dt": "1461840308", "direction": "0", "travel_time_sec": "601", "benchmark_travel_time_sec": "540"}, {"dep_dt": "1461839856", "route_id": "Red", "arr_dt": "1461840495", "direction": "0", "travel_time_sec": "639", "benchmark_travel_time_sec": "540"}, {"dep_dt": "1461840246", "route_id": "Red", "arr_dt": "1461840899", "direction": "0", "travel_time_sec": "653", "benchmark_travel_time_sec": "540"}, {"dep_dt": "1461840410", "route_id": "Red", "arr_dt": "1461841085", "direction": "0", "travel_time_sec": "675", "benchmark_travel_time_sec": "540"}, {"dep_dt": "1461840769", "route_id": "Red", "arr_dt": "1461841330", "direction": "0", "travel_time_sec": "561", "benchmark_travel_time_sec": "651"}, {"dep_dt": "1461841126", "route_id": "Red", "arr_dt": "1461841740", "direction": "0", "travel_time_sec": "614", "benchmark_travel_time_sec": "651"}, {"dep_dt": "1461841276", "route_id": "Red", "arr_dt": "1461841917", "direction": "0", "travel_time_sec": "641", "benchmark_travel_time_sec": "651"}, {"dep_dt": "1461841486", "route_id": "Red", "arr_dt": "1461842090", "direction": "0", "travel_time_sec": "604", "benchmark_travel_time_sec": "651"}, {"dep_dt": "1461841915", "route_id": "Red", "arr_dt": "1461842496", "direction": "0", "travel_time_sec": "581", "benchmark_travel_time_sec": "651"}, {"dep_dt": "1461842228", "route_id": "Red", "arr_dt": "1461842795", "direction": "0", "travel_time_sec": "567", "benchmark_travel_time_sec": "651"}, {"dep_dt": "1461842446", "route_id": "Red", "arr_dt": "1461843039", "direction": "0", "travel_time_sec": "593", "benchmark_travel_time_sec": "660"}, {"dep_dt": "1461842614", "route_id": "Red", "arr_dt": "1461843238", "direction": "0", "travel_time_sec": "624", "benchmark_travel_time_sec": "660"}, {"dep_dt": "1461842777", "route_id": "Red", "arr_dt": "1461843406", "direction": "0", "travel_time_sec": "629", "benchmark_travel_time_sec": "660"}, {"dep_dt": "1461843005", "route_id": "Red", "arr_dt": "1461843615", "direction": "0", "travel_time_sec": "610", "benchmark_travel_time_sec": "660"}, {"dep_dt": "1461843154", "route_id": "Red", "arr_dt": "1461843801", "direction": "0", "travel_time_sec": "647", "benchmark_travel_time_sec": "660"}, {"dep_dt": "1461843326", "route_id": "Red", "arr_dt": "1461843983", "direction": "0", "travel_time_sec": "657", "benchmark_travel_time_sec": "660"}, {"dep_dt": "1461843487", "route_id": "Red", "arr_dt": "1461844145", "direction": "0", "travel_time_sec": "658", "benchmark_travel_time_sec": "660"}, {"dep_dt": "1461843823", "route_id": "Red", "arr_dt": "1461844435", "direction": "0", "travel_time_sec": "612", "benchmark_travel_time_sec": "660"}, {"dep_dt": "1461844057", "route_id": "Red", "arr_dt": "1461844702", "direction": "0", "travel_time_sec": "645", "benchmark_travel_time_sec": "660"}, {"dep_dt": "1461844383", "route_id": "Red", "arr_dt": "1461844979", "direction": "0", "travel_time_sec": "596", "benchmark_travel_time_sec": "660"}, {"dep_dt": "1461844545", "route_id": "Red", "arr_dt": "1461845176", "direction": "0", "travel_time_sec": "631", "benchmark_travel_time_sec": "660"}, {"dep_dt": "1461844807", "route_id": "Red", "arr_dt": "1461845452", "direction": "0", "travel_time_sec": "645", "benchmark_travel_time_sec": "660"}, {"dep_dt": "1461845064", "route_id": "Red", "arr_dt": "1461845680", "direction": "0", "travel_time_sec": "616", "benchmark_travel_time_sec": "660"}, {"dep_dt": "1461845385", "route_id": "Red", "arr_dt": "1461845991", "direction": "0", "travel_time_sec": "606", "benchmark_travel_time_sec": "660"}, {"dep_dt": "1461845579", "route_id": "Red", "arr_dt": "1461846215", "direction": "0", "travel_time_sec": "636", "benchmark_travel_time_sec": "660"}, {"dep_dt": "1461845945", "route_id": "Red", "arr_dt": "1461846594", "direction": "0", "travel_time_sec": "649", "benchmark_travel_time_sec": "660"}, {"dep_dt": "1461846124", "route_id": "Red", "arr_dt": "1461846803", "direction": "0", "travel_time_sec": "679", "benchmark_travel_time_sec": "660"}, {"dep_dt": "1461846282", "route_id": "Red", "arr_dt": "1461846998", "direction": "0", "travel_time_sec": "716", "benchmark_travel_time_sec": "660"}, {"dep_dt": "1461846705", "route_id": "Red", "arr_dt": "1461847391", "direction": "0", "travel_time_sec": "686", "benchmark_travel_time_sec": "660"}, {"dep_dt": "1461846867", "route_id": "Red", "arr_dt": "1461847599", "direction": "0", "travel_time_sec": "732", "benchmark_travel_time_sec": "660"}, {"dep_dt": "1461847059", "route_id": "Red", "arr_dt": "1461847836", "direction": "0", "travel_time_sec": "777", "benchmark_travel_time_sec": "660"}, {"dep_dt": "1461847304", "route_id": "Red", "arr_dt": "1461848026", "direction": "0", "travel_time_sec": "722", "benchmark_travel_time_sec": "660"}, {"dep_dt": "1461847461", "route_id": "Red", "arr_dt": "1461848231", "direction": "0", "travel_time_sec": "770", "benchmark_travel_time_sec": "660"}, {"dep_dt": "1461847714", "route_id": "Red", "arr_dt": "1461848478", "direction": "0", "travel_time_sec": "764", "benchmark_travel_time_sec": "660"}, {"dep_dt": "1461848042", "route_id": "Red", "arr_dt": "1461848690", "direction": "0", "travel_time_sec": "648", "benchmark_travel_time_sec": "660"}, {"dep_dt": "1461848240", "route_id": "Red", "arr_dt": "1461848873", "direction": "0", "travel_time_sec": "633", "benchmark_travel_time_sec": "660"}, {"dep_dt": "1461848516", "route_id": "Red", "arr_dt": "1461849140", "direction": "0", "travel_time_sec": "624", "benchmark_travel_time_sec": "660"}, {"dep_dt": "1461848681", "route_id": "Red", "arr_dt": "1461849358", "direction": "0", "travel_time_sec": "677", "benchmark_travel_time_sec": "660"}, {"dep_dt": "1461848924", "route_id": "Red", "arr_dt": "1461849537", "direction": "0", "travel_time_sec": "613", "benchmark_travel_time_sec": "660"}, {"dep_dt": "1461849107", "route_id": "Red", "arr_dt": "1461849725", "direction": "0", "travel_time_sec": "618", "benchmark_travel_time_sec": "660"}, {"dep_dt": "1461849447", "route_id": "Red", "arr_dt": "1461849984", "direction": "0", "travel_time_sec": "537", "benchmark_travel_time_sec": "660"}, {"dep_dt": "1461849745", "route_id": "Red", "arr_dt": "1461850340", "direction": "0", "travel_time_sec": "595", "benchmark_travel_time_sec": "615"}, {"dep_dt": "1461849925", "route_id": "Red", "arr_dt": "1461850538", "direction": "0", "travel_time_sec": "613", "benchmark_travel_time_sec": "615"}, {"dep_dt": "1461850201", "route_id": "Red", "arr_dt": "1461850804", "direction": "0", "travel_time_sec": "603", "benchmark_travel_time_sec": "615"}, {"dep_dt": "1461850383", "route_id": "Red", "arr_dt": "1461851097", "direction": "0", "travel_time_sec": "714", "benchmark_travel_time_sec": "615"}, {"dep_dt": "1461850733", "route_id": "Red", "arr_dt": "1461851408", "direction": "0", "travel_time_sec": "675", "benchmark_travel_time_sec": "615"}, {"dep_dt": "1461850885", "route_id": "Red", "arr_dt": "1461851589", "direction": "0", "travel_time_sec": "704", "benchmark_travel_time_sec": "615"}, {"dep_dt": "1461851250", "route_id": "Red", "arr_dt": "1461851880", "direction": "0", "travel_time_sec": "630", "benchmark_travel_time_sec": "615"}, {"dep_dt": "1461851471", "route_id": "Red", "arr_dt": "1461852089", "direction": "0", "travel_time_sec": "618", "benchmark_travel_time_sec": "600"}, {"dep_dt": "1461851738", "route_id": "Red", "arr_dt": "1461852399", "direction": "0", "travel_time_sec": "661", "benchmark_travel_time_sec": "600"}, {"dep_dt": "1461851914", "route_id": "Red", "arr_dt": "1461852614", "direction": "0", "travel_time_sec": "700", "benchmark_travel_time_sec": "600"}, {"dep_dt": "1461852201", "route_id": "Red", "arr_dt": "1461852828", "direction": "0", "travel_time_sec": "627", "benchmark_travel_time_sec": "600"}, {"dep_dt": "1461852436", "route_id": "Red", "arr_dt": "1461853100", "direction": "0", "travel_time_sec": "664", "benchmark_travel_time_sec": "600"}, {"dep_dt": "1461852712", "route_id": "Red", "arr_dt": "1461853392", "direction": "0", "travel_time_sec": "680", "benchmark_travel_time_sec": "600"}, {"dep_dt": "1461852890", "route_id": "Red", "arr_dt": "1461853580", "direction": "0", "travel_time_sec": "690", "benchmark_travel_time_sec": "600"}, {"dep_dt": "1461853238", "route_id": "Red", "arr_dt": "1461853837", "direction": "0", "travel_time_sec": "599", "benchmark_travel_time_sec": "600"}, {"dep_dt": "1461853448", "route_id": "Red", "arr_dt": "1461854048", "direction": "0", "travel_time_sec": "600", "benchmark_travel_time_sec": "600"}, {"dep_dt": "1461854110", "route_id": "Red", "arr_dt": "1461854693", "direction": "0", "travel_time_sec": "583", "benchmark_travel_time_sec": "600"}, {"dep_dt": "1461854691", "route_id": "Red", "arr_dt": "1461855286", "direction": "0", "travel_time_sec": "595", "benchmark_travel_time_sec": "600"}, {"dep_dt": "1461854954", "route_id": "Red", "arr_dt": "1461855489", "direction": "0", "travel_time_sec": "535", "benchmark_travel_time_sec": "600"}, {"dep_dt": "1461855394", "route_id": "Red", "arr_dt": "1461855950", "direction": "0", "travel_time_sec": "556", "benchmark_travel_time_sec": "600"}, {"dep_dt": "1461855741", "route_id": "Red", "arr_dt": "1461856355", "direction": "0", "travel_time_sec": "614", "benchmark_travel_time_sec": "600"}, {"dep_dt": "1461856116", "route_id": "Red", "arr_dt": "1461856661", "direction": "0", "travel_time_sec": "545", "benchmark_travel_time_sec": "600"}, {"dep_dt": "1461856560", "route_id": "Red", "arr_dt": "1461857158", "direction": "0", "travel_time_sec": "598", "benchmark_travel_time_sec": "600"}, {"dep_dt": "1461857008", "route_id": "Red", "arr_dt": "1461857543", "direction": "0", "travel_time_sec": "535", "benchmark_travel_time_sec": "600"}, {"dep_dt": "1461857545", "route_id": "Red", "arr_dt": "1461858150", "direction": "0", "travel_time_sec": "605", "benchmark_travel_time_sec": "600"}, {"dep_dt": "1461857885", "route_id": "Red", "arr_dt": "1461858461", "direction": "0", "travel_time_sec": "576", "benchmark_travel_time_sec": "600"}, {"dep_dt": "1461858310", "route_id": "Red", "arr_dt": "1461858978", "direction": "0", "travel_time_sec": "668", "benchmark_travel_time_sec": "600"}, {"dep_dt": "1461858647", "route_id": "Red", "arr_dt": "1461859248", "direction": "0", "travel_time_sec": "601", "benchmark_travel_time_sec": "600"}, {"dep_dt": "1461858988", "route_id": "Red", "arr_dt": "1461859568", "direction": "0", "travel_time_sec": "580", "benchmark_travel_time_sec": "600"}, {"dep_dt": "1461859672", "route_id": "Red", "arr_dt": "1461860261", "direction": "0", "travel_time_sec": "589", "benchmark_travel_time_sec": "600"}, {"dep_dt": "1461859818", "route_id": "Red", "arr_dt": "1461860449", "direction": "0", "travel_time_sec": "631", "benchmark_travel_time_sec": "600"}, {"dep_dt": "1461860254", "route_id": "Red", "arr_dt": "1461860794", "direction": "0", "travel_time_sec": "540", "benchmark_travel_time_sec": "600"}, {"dep_dt": "1461860727", "route_id": "Red", "arr_dt": "1461861321", "direction": "0", "travel_time_sec": "594", "benchmark_travel_time_sec": "600"}, {"dep_dt": "1461861200", "route_id": "Red", "arr_dt": "1461861775", "direction": "0", "travel_time_sec": "575", "benchmark_travel_time_sec": "600"}, {"dep_dt": "1461861509", "route_id": "Red", "arr_dt": "1461862087", "direction": "0", "travel_time_sec": "578", "benchmark_travel_time_sec": "600"}, {"dep_dt": "1461861938", "route_id": "Red", "arr_dt": "1461862512", "direction": "0", "travel_time_sec": "574", "benchmark_travel_time_sec": "600"}, {"dep_dt": "1461862413", "route_id": "Red", "arr_dt": "1461862966", "direction": "0", "travel_time_sec": "553", "benchmark_travel_time_sec": "600"}, {"dep_dt": "1461862858", "route_id": "Red", "arr_dt": "1461863456", "direction": "0", "travel_time_sec": "598", "benchmark_travel_time_sec": "600"}, {"dep_dt": "1461863276", "route_id": "Red", "arr_dt": "1461863889", "direction": "0", "travel_time_sec": "613", "benchmark_travel_time_sec": "600"}, {"dep_dt": "1461863715", "route_id": "Red", "arr_dt": "1461864296", "direction": "0", "travel_time_sec": "581", "benchmark_travel_time_sec": "600"}, {"dep_dt": "1461864263", "route_id": "Red", "arr_dt": "1461864915", "direction": "0", "travel_time_sec": "652", "benchmark_travel_time_sec": "600"}, {"dep_dt": "1461864528", "route_id": "Red", "arr_dt": "1461865129", "direction": "0", "travel_time_sec": "601", "benchmark_travel_time_sec": "600"}, {"dep_dt": "1461864906", "route_id": "Red", "arr_dt": "1461865491", "direction": "0", "travel_time_sec": "585", "benchmark_travel_time_sec": "600"}, {"dep_dt": "1461865354", "route_id": "Red", "arr_dt": "1461865902", "direction": "0", "travel_time_sec": "548", "benchmark_travel_time_sec": "600"}, {"dep_dt": "1461865735", "route_id": "Red", "arr_dt": "1461866293", "direction": "0", "travel_time_sec": "558", "benchmark_travel_time_sec": "600"}, {"dep_dt": "1461866236", "route_id": "Red", "arr_dt": "1461866797", "direction": "0", "travel_time_sec": "561", "benchmark_travel_time_sec": "600"}, {"dep_dt": "1461866546", "route_id": "Red", "arr_dt": "1461867099", "direction": "0", "travel_time_sec": "553", "benchmark_travel_time_sec": "600"}, {"dep_dt": "1461866958", "route_id": "Red", "arr_dt": "1461867553", "direction": "0", "travel_time_sec": "595", "benchmark_travel_time_sec": "600"}, {"dep_dt": "1461867381", "route_id": "Red", "arr_dt": "1461867950", "direction": "0", "travel_time_sec": "569", "benchmark_travel_time_sec": "600"}, {"dep_dt": "1461867855", "route_id": "Red", "arr_dt": "1461868472", "direction": "0", "travel_time_sec": "617", "benchmark_travel_time_sec": "600"}, {"dep_dt": "1461868441", "route_id": "Red", "arr_dt": "1461869014", "direction": "0", "travel_time_sec": "573", "benchmark_travel_time_sec": "600"}, {"dep_dt": "1461868956", "route_id": "Red", "arr_dt": "1461869569", "direction": "0", "travel_time_sec": "613", "benchmark_travel_time_sec": "600"}, {"dep_dt": "1461869183", "route_id": "Red", "arr_dt": "1461869787", "direction": "0", "travel_time_sec": "604", "benchmark_travel_time_sec": "600"}, {"dep_dt": "1461869444", "route_id": "Red", "arr_dt": "1461869981", "direction": "0", "travel_time_sec": "537", "benchmark_travel_time_sec": "600"}, {"dep_dt": "1461869956", "route_id": "Red", "arr_dt": "1461870540", "direction": "0", "travel_time_sec": "584", "benchmark_travel_time_sec": "600"}, {"dep_dt": "1461870452", "route_id": "Red", "arr_dt": "1461871074", "direction": "0", "travel_time_sec": "622", "benchmark_travel_time_sec": "600"}, {"dep_dt": "1461870792", "route_id": "Red", "arr_dt": "1461871363", "direction": "0", "travel_time_sec": "571", "benchmark_travel_time_sec": "600"}, {"dep_dt": "1461871222", "route_id": "Red", "arr_dt": "1461871831", "direction": "0", "travel_time_sec": "609", "benchmark_travel_time_sec": "600"}, {"dep_dt": "1461871401", "route_id": "Red", "arr_dt": "1461872136", "direction": "0", "travel_time_sec": "735", "benchmark_travel_time_sec": "600"}, {"dep_dt": "1461871784", "route_id": "Red", "arr_dt": "1461872416", "direction": "0", "travel_time_sec": "632", "benchmark_travel_time_sec": "600"}, {"dep_dt": "1461872122", "route_id": "Red", "arr_dt": "1461872732", "direction": "0", "travel_time_sec": "610", "benchmark_travel_time_sec": "600"}, {"dep_dt": "1461872482", "route_id": "Red", "arr_dt": "1461873142", "direction": "0", "travel_time_sec": "660", "benchmark_travel_time_sec": "600"}, {"dep_dt": "1461872866", "route_id": "Red", "arr_dt": "1461873468", "direction": "0", "travel_time_sec": "602", "benchmark_travel_time_sec": "600"}, {"dep_dt": "1461873068", "route_id": "Red", "arr_dt": "1461873665", "direction": "0", "travel_time_sec": "597", "benchmark_travel_time_sec": "700"}, {"dep_dt": "1461873486", "route_id": "Red", "arr_dt": "1461874058", "direction": "0", "travel_time_sec": "572", "benchmark_travel_time_sec": "700"}, {"dep_dt": "1461874034", "route_id": "Red", "arr_dt": "1461874631", "direction": "0", "travel_time_sec": "597", "benchmark_travel_time_sec": "700"}, {"dep_dt": "1461874207", "route_id": "Red", "arr_dt": "1461874841", "direction": "0", "travel_time_sec": "634", "benchmark_travel_time_sec": "700"}, {"dep_dt": "1461874485", "route_id": "Red", "arr_dt": "1461875124", "direction": "0", "travel_time_sec": "639", "benchmark_travel_time_sec": "700"}, {"dep_dt": "1461874727", "route_id": "Red", "arr_dt": "1461875328", "direction": "0", "travel_time_sec": "601", "benchmark_travel_time_sec": "700"}, {"dep_dt": "1461875136", "route_id": "Red", "arr_dt": "1461875754", "direction": "0", "travel_time_sec": "618", "benchmark_travel_time_sec": "720"}, {"dep_dt": "1461875312", "route_id": "Red", "arr_dt": "1461875949", "direction": "0", "travel_time_sec": "637", "benchmark_travel_time_sec": "720"}, {"dep_dt": "1461875558", "route_id": "Red", "arr_dt": "1461876195", "direction": "0", "travel_time_sec": "637", "benchmark_travel_time_sec": "720"}, {"dep_dt": "1461875925", "route_id": "Red", "arr_dt": "1461876543", "direction": "0", "travel_time_sec": "618", "benchmark_travel_time_sec": "720"}, {"dep_dt": "1461876114", "route_id": "Red", "arr_dt": "1461876771", "direction": "0", "travel_time_sec": "657", "benchmark_travel_time_sec": "720"}, {"dep_dt": "1461876327", "route_id": "Red", "arr_dt": "1461876974", "direction": "0", "travel_time_sec": "647", "benchmark_travel_time_sec": "720"}, {"dep_dt": "1461876625", "route_id": "Red", "arr_dt": "1461877261", "direction": "0", "travel_time_sec": "636", "benchmark_travel_time_sec": "720"}, {"dep_dt": "1461876909", "route_id": "Red", "arr_dt": "1461877489", "direction": "0", "travel_time_sec": "580", "benchmark_travel_time_sec": "720"}, {"dep_dt": "1461877160", "route_id": "Red", "arr_dt": "1461877819", "direction": "0", "travel_time_sec": "659", "benchmark_travel_time_sec": "720"}, {"dep_dt": "1461877319", "route_id": "Red", "arr_dt": "1461878034", "direction": "0", "travel_time_sec": "715", "benchmark_travel_time_sec": "720"}, {"dep_dt": "1461877627", "route_id": "Red", "arr_dt": "1461878293", "direction": "0", "travel_time_sec": "666", "benchmark_travel_time_sec": "720"}, {"dep_dt": "1461877776", "route_id": "Red", "arr_dt": "1461878529", "direction": "0", "travel_time_sec": "753", "benchmark_travel_time_sec": "720"}, {"dep_dt": "1461877959", "route_id": "Red", "arr_dt": "1461878743", "direction": "0", "travel_time_sec": "784", "benchmark_travel_time_sec": "720"}, {"dep_dt": "1461878182", "route_id": "Red", "arr_dt": "1461878984", "direction": "0", "travel_time_sec": "802", "benchmark_travel_time_sec": "720"}, {"dep_dt": "1461878336", "route_id": "Red", "arr_dt": "1461879184", "direction": "0", "travel_time_sec": "848", "benchmark_travel_time_sec": "720"}, {"dep_dt": "1461878555", "route_id": "Red", "arr_dt": "1461879389", "direction": "0", "travel_time_sec": "834", "benchmark_travel_time_sec": "720"}, {"dep_dt": "1461878915", "route_id": "Red", "arr_dt": "1461879764", "direction": "0", "travel_time_sec": "849", "benchmark_travel_time_sec": "720"}, {"dep_dt": "1461879076", "route_id": "Red", "arr_dt": "1461879944", "direction": "0", "travel_time_sec": "868", "benchmark_travel_time_sec": "720"}, {"dep_dt": "1461879425", "route_id": "Red", "arr_dt": "1461880150", "direction": "0", "travel_time_sec": "725", "benchmark_travel_time_sec": "720"}, {"dep_dt": "1461879707", "route_id": "Red", "arr_dt": "1461880427", "direction": "0", "travel_time_sec": "720", "benchmark_travel_time_sec": "720"}, {"dep_dt": "1461880004", "route_id": "Red", "arr_dt": "1461880682", "direction": "0", "travel_time_sec": "678", "benchmark_travel_time_sec": "720"}, {"dep_dt": "1461880188", "route_id": "Red", "arr_dt": "1461880884", "direction": "0", "travel_time_sec": "696", "benchmark_travel_time_sec": "668"}, {"dep_dt": "1461880457", "route_id": "Red", "arr_dt": "1461881078", "direction": "0", "travel_time_sec": "621", "benchmark_travel_time_sec": "668"}, {"dep_dt": "1461880627", "route_id": "Red", "arr_dt": "1461881269", "direction": "0", "travel_time_sec": "642", "benchmark_travel_time_sec": "668"}, {"dep_dt": "1461880957", "route_id": "Red", "arr_dt": "1461881567", "direction": "0", "travel_time_sec": "610", "benchmark_travel_time_sec": "668"}, {"dep_dt": "1461881265", "route_id": "Red", "arr_dt": "1461881859", "direction": "0", "travel_time_sec": "594", "benchmark_travel_time_sec": "668"}, {"dep_dt": "1461881545", "route_id": "Red", "arr_dt": "1461882098", "direction": "0", "travel_time_sec": "553", "benchmark_travel_time_sec": "668"}, {"dep_dt": "1461881905", "route_id": "Red", "arr_dt": "1461882530", "direction": "0", "travel_time_sec": "625", "benchmark_travel_time_sec": "668"}, {"dep_dt": "1461882255", "route_id": "Red", "arr_dt": "1461882872", "direction": "0", "travel_time_sec": "617", "benchmark_travel_time_sec": "660"}, {"dep_dt": "1461882409", "route_id": "Red", "arr_dt": "1461883061", "direction": "0", "travel_time_sec": "652", "benchmark_travel_time_sec": "660"}, {"dep_dt": "1461882628", "route_id": "Red", "arr_dt": "1461883271", "direction": "0", "travel_time_sec": "643", "benchmark_travel_time_sec": "660"}, {"dep_dt": "1461882788", "route_id": "Red", "arr_dt": "1461883444", "direction": "0", "travel_time_sec": "656", "benchmark_travel_time_sec": "660"}, {"dep_dt": "1461883136", "route_id": "Red", "arr_dt": "1461883689", "direction": "0", "travel_time_sec": "553", "benchmark_travel_time_sec": "660"}, {"dep_dt": "1461883328", "route_id": "Red", "arr_dt": "1461883927", "direction": "0", "travel_time_sec": "599", "benchmark_travel_time_sec": "660"}, {"dep_dt": "1461883660", "route_id": "Red", "arr_dt": "1461884226", "direction": "0", "travel_time_sec": "566", "benchmark_travel_time_sec": "660"}, {"dep_dt": "1461883849", "route_id": "Red", "arr_dt": "1461884443", "direction": "0", "travel_time_sec": "594", "benchmark_travel_time_sec": "660"}, {"dep_dt": "1461884240", "route_id": "Red", "arr_dt": "1461884830", "direction": "0", "travel_time_sec": "590", "benchmark_travel_time_sec": "660"}, {"dep_dt": "1461884396", "route_id": "Red", "arr_dt": "1461885015", "direction": "0", "travel_time_sec": "619", "benchmark_travel_time_sec": "660"}, {"dep_dt": "1461884658", "route_id": "Red", "arr_dt": "1461885226", "direction": "0", "travel_time_sec": "568", "benchmark_travel_time_sec": "660"}, {"dep_dt": "1461884889", "route_id": "Red", "arr_dt": "1461885492", "direction": "0", "travel_time_sec": "603", "benchmark_travel_time_sec": "660"}, {"dep_dt": "1461885247", "route_id": "Red", "arr_dt": "1461885812", "direction": "0", "travel_time_sec": "565", "benchmark_travel_time_sec": "660"}, {"dep_dt": "1461885383", "route_id": "Red", "arr_dt": "1461885992", "direction": "0", "travel_time_sec": "609", "benchmark_travel_time_sec": "660"}, {"dep_dt": "1461885814", "route_id": "Red", "arr_dt": "1461886418", "direction": "0", "travel_time_sec": "604", "benchmark_travel_time_sec": "660"}, {"dep_dt": "1461885975", "route_id": "Red", "arr_dt": "1461886603", "direction": "0", "travel_time_sec": "628", "benchmark_travel_time_sec": "660"}, {"dep_dt": "1461886245", "route_id": "Red", "arr_dt": "1461886854", "direction": "0", "travel_time_sec": "609", "benchmark_travel_time_sec": "660"}, {"dep_dt": "1461886424", "route_id": "Red", "arr_dt": "1461887027", "direction": "0", "travel_time_sec": "603", "benchmark_travel_time_sec": "660"}, {"dep_dt": "1461886657", "route_id": "Red", "arr_dt": "1461887220", "direction": "0", "travel_time_sec": "563", "benchmark_travel_time_sec": "660"}, {"dep_dt": "1461886817", "route_id": "Red", "arr_dt": "1461887408", "direction": "0", "travel_time_sec": "591", "benchmark_travel_time_sec": "660"}, {"dep_dt": "1461887255", "route_id": "Red", "arr_dt": "1461887847", "direction": "0", "travel_time_sec": "592", "benchmark_travel_time_sec": "660"}, {"dep_dt": "1461887457", "route_id": "Red", "arr_dt": "1461888042", "direction": "0", "travel_time_sec": "585", "benchmark_travel_time_sec": "550"}, {"dep_dt": "1461887858", "route_id": "Red", "arr_dt": "1461888466", "direction": "0", "travel_time_sec": "608", "benchmark_travel_time_sec": "550"}, {"dep_dt": "1461888101", "route_id": "Red", "arr_dt": "1461888647", "direction": "0", "travel_time_sec": "546", "benchmark_travel_time_sec": "550"}, {"dep_dt": "1461888488", "route_id": "Red", "arr_dt": "1461889052", "direction": "0", "travel_time_sec": "564", "benchmark_travel_time_sec": "550"}, {"dep_dt": "1461889008", "route_id": "Red", "arr_dt": "1461889613", "direction": "0", "travel_time_sec": "605", "benchmark_travel_time_sec": "550"}, {"dep_dt": "1461889164", "route_id": "Red", "arr_dt": "1461889801", "direction": "0", "travel_time_sec": "637", "benchmark_travel_time_sec": "540"}, {"dep_dt": "1461889506", "route_id": "Red", "arr_dt": "1461890103", "direction": "0", "travel_time_sec": "597", "benchmark_travel_time_sec": "540"}, {"dep_dt": "1461889757", "route_id": "Red", "arr_dt": "1461890328", "direction": "0", "travel_time_sec": "571", "benchmark_travel_time_sec": "540"}, {"dep_dt": "1461890136", "route_id": "Red", "arr_dt": "1461890661", "direction": "0", "travel_time_sec": "525", "benchmark_travel_time_sec": "540"}, {"dep_dt": "1461890630", "route_id": "Red", "arr_dt": "1461891202", "direction": "0", "travel_time_sec": "572", "benchmark_travel_time_sec": "540"}, {"dep_dt": "1461891027", "route_id": "Red", "arr_dt": "1461891595", "direction": "0", "travel_time_sec": "568", "benchmark_travel_time_sec": "540"}, {"dep_dt": "1461891476", "route_id": "Red", "arr_dt": "1461892034", "direction": "0", "travel_time_sec": "558", "benchmark_travel_time_sec": "540"}, {"dep_dt": "1461891919", "route_id": "Red", "arr_dt": "1461892499", "direction": "0", "travel_time_sec": "580", "benchmark_travel_time_sec": "540"}, {"dep_dt": "1461892188", "route_id": "Red", "arr_dt": "1461892758", "direction": "0", "travel_time_sec": "570", "benchmark_travel_time_sec": "540"}, {"dep_dt": "1461892658", "route_id": "Red", "arr_dt": "1461893247", "direction": "0", "travel_time_sec": "589", "benchmark_travel_time_sec": "540"}, {"dep_dt": "1461892827", "route_id": "Red", "arr_dt": "1461893426", "direction": "0", "travel_time_sec": "599", "benchmark_travel_time_sec": "540"}, {"dep_dt": "1461893285", "route_id": "Red", "arr_dt": "1461893842", "direction": "0", "travel_time_sec": "557", "benchmark_travel_time_sec": "540"}, {"dep_dt": "1461893571", "route_id": "Red", "arr_dt": "1461894176", "direction": "0", "travel_time_sec": "605", "benchmark_travel_time_sec": "540"}, {"dep_dt": "1461894106", "route_id": "Red", "arr_dt": "1461894678", "direction": "0", "travel_time_sec": "572", "benchmark_travel_time_sec": "540"}, {"dep_dt": "1461894339", "route_id": "Red", "arr_dt": "1461894876", "direction": "0", "travel_time_sec": "537", "benchmark_travel_time_sec": "540"}, {"dep_dt": "1461895073", "route_id": "Red", "arr_dt": "1461895753", "direction": "0", "travel_time_sec": "680", "benchmark_travel_time_sec": "540"}, {"dep_dt": "1461895285", "route_id": "Red", "arr_dt": "1461895985", "direction": "0", "travel_time_sec": "700", "benchmark_travel_time_sec": "540"}, {"dep_dt": "1461895986", "route_id": "Red", "arr_dt": "1461896564", "direction": "0", "travel_time_sec": "578", "benchmark_travel_time_sec": "540"}, {"dep_dt": "1461896476", "route_id": "Red", "arr_dt": "1461897071", "direction": "0", "travel_time_sec": "595", "benchmark_travel_time_sec": "540"}, {"dep_dt": "1461896724", "route_id": "Red", "arr_dt": "1461897369", "direction": "0", "travel_time_sec": "645", "benchmark_travel_time_sec": "540"}, {"dep_dt": "1461897041", "route_id": "Red", "arr_dt": "1461897592", "direction": "0", "travel_time_sec": "551", "benchmark_travel_time_sec": "540"}, {"dep_dt": "1461897562", "route_id": "Red", "arr_dt": "1461898120", "direction": "0", "travel_time_sec": "558", "benchmark_travel_time_sec": "540"}, {"dep_dt": "1461897927", "route_id": "Red", "arr_dt": "1461898462", "direction": "0", "travel_time_sec": "535", "benchmark_travel_time_sec": "540"}, {"dep_dt": "1461898316", "route_id": "Red", "arr_dt": "1461898918", "direction": "0", "travel_time_sec": "602", "benchmark_travel_time_sec": "540"}, {"dep_dt": "1461898559", "route_id": "Red", "arr_dt": "1461899264", "direction": "0", "travel_time_sec": "705", "benchmark_travel_time_sec": "540"}, {"dep_dt": "1461898962", "route_id": "Red", "arr_dt": "1461899567", "direction": "0", "travel_time_sec": "605", "benchmark_travel_time_sec": "540"}, {"dep_dt": "1461899490", "route_id": "Red", "arr_dt": "1461900122", "direction": "0", "travel_time_sec": "632", "benchmark_travel_time_sec": "540"}, {"dep_dt": "1461899664", "route_id": "Red", "arr_dt": "1461900342", "direction": "0", "travel_time_sec": "678", "benchmark_travel_time_sec": "540"}, {"dep_dt": "1461899835", "route_id": "Red", "arr_dt": "1461900634", "direction": "0", "travel_time_sec": "799", "threshold_flag_1": "threshold_id_04", "benchmark_travel_time_sec": "540"}, {"dep_dt": "1461900319", "route_id": "Red", "arr_dt": "1461900851", "direction": "0", "travel_time_sec": "532", "benchmark_travel_time_sec": "540"}, {"dep_dt": "1461900524", "route_id": "Red", "arr_dt": "1461901060", "direction": "0", "travel_time_sec": "536", "benchmark_travel_time_sec": "540"}, {"dep_dt": "1461900933", "route_id": "Red", "arr_dt": "1461901514", "direction": "0", "travel_time_sec": "581", "benchmark_travel_time_sec": "540"}, {"dep_dt": "1461901309", "route_id": "Red", "arr_dt": "1461901881", "direction": "0", "travel_time_sec": "572", "benchmark_travel_time_sec": "540"}]}