{"travel_times": [{"dep_dt": "1462506711", "route_id": "Red", "arr_dt": "1462507265", "direction": "0", "travel_time_sec": "554", "benchmark_travel_time_sec": "540"}, {"dep_dt": "1462507263", "route_id": "Red", "arr_dt": "1462507839", "direction": "0", "travel_time_sec": "576", "benchmark_travel_time_sec": "540"}, {"dep_dt": "1462507700", "route_id": "Red", "arr_dt": "1462508324", "direction": "0", "travel_time_sec": "624", "benchmark_travel_time_sec": "540"}, {"dep_dt": "1462507869", "route_id": "Red", "arr_dt": "1462508499", "direction": "0", "travel_time_sec": "630", "benchmark_travel_time_sec": "540"}, {"dep_dt": "1462508239", "route_id": "Red", "arr_dt": "1462508787", "direction": "0", "travel_time_sec": "548", "benchmark_travel_time_sec": "540"}, {"dep_dt": "1462508534", "route_id": "Red", "arr_dt": "1462509071", "direction": "0", "travel_time_sec": "537", "benchmark_travel_time_sec": "540"}, {"dep_dt": "1462508949", "route_id": "Red", "arr_dt": "1462509478", "direction": "0", "travel_time_sec": "529", "benchmark_travel_time_sec": "540"}, {"dep_dt": "1462509342", "route_id": "Red", "arr_dt": "1462509872", "direction": "0", "travel_time_sec": "530", "benchmark_travel_time_sec": "540"}, {"dep_dt": "1462526635", "route_id": "Red", "arr_dt": "1462527176", "direction": "0", "travel_time_sec": "541", "benchmark_travel_time_sec": "540"}, {"dep_dt": "1462527219", "route_id": "Red", "arr_dt": "1462527771", "direction": "0", "travel_time_sec": "552", "benchmark_travel_time_sec": "540"}, {"dep_dt": "1462527447", "route_id": "Red", "arr_dt": "1462528016", "direction": "0", "travel_time_sec": "569", "benchmark_travel_time_sec": "540"}, {"dep_dt": "1462527992", "route_id": "Red", "arr_dt": "1462528559", "direction": "0", "travel_time_sec": "567", "benchmark_travel_time_sec": "540"}, {"dep_dt": "1462528505", "route_id": "Red", "arr_dt": "1462529237", "direction": "0", "travel_time_sec": "732", "threshold_flag_1": "threshold_id_04", "benchmark_travel_time_sec": "540"}, {"dep_dt": "1462529253", "route_id": "Red", "arr_dt": "1462529849", "direction": "0", "travel_time_sec": "596", "benchmark_travel_time_sec": "540"}, {"dep_dt": "1462529857", "route_id": "Red", "arr_dt": "1462530393", "direction": "0", "travel_time_sec": "536", "benchmark_travel_time_sec": "540"}, {"dep_dt": "1462530360", "route_id": "Red", "arr_dt": "1462530902", "direction": "0", "travel_time_sec": "542", "benchmark_travel_time_sec": "540"}, {"dep_dt": "1462530849", "route_id": "Red", "arr_dt": "1462531411", "direction": "0", "travel_time_sec": "562", "benchmark_travel_time_sec": "540"}, {"dep_dt": "1462530979", "route_id": "Red", "arr_dt": "1462531671", "direction": "0", "travel_time_sec": "692", "benchmark_travel_time_sec": "540"}, {"dep_dt": "1462531636", "route_id": "Red", "arr_dt": "1462532282", "direction": "0", "travel_time_sec": "646", "benchmark_travel_time_sec": "540"}, {"dep_dt": "1462531769", "route_id": "Red", "arr_dt": "1462532475", "direction": "0", "travel_time_sec": "706", "benchmark_travel_time_sec": "651"}, {"dep_dt": "1462532069", "route_id": "Red", "arr_dt": "1462532649", "direction": "0", "travel_time_sec": "580", "benchmark_travel_time_sec": "651"}, {"dep_dt": "1462532318", "route_id": "Red", "arr_dt": "1462532944", "direction": "0", "travel_time_sec": "626", "benchmark_travel_time_sec": "651"}, {"dep_dt": "1462532842", "route_id": "Red", "arr_dt": "1462533401", "direction": "0", "travel_time_sec": "559", "benchmark_travel_time_sec": "651"}, {"dep_dt": "1462533100", "route_id": "Red", "arr_dt": "1462533681", "direction": "0", "travel_time_sec": "581", "benchmark_travel_time_sec": "651"}, {"dep_dt": "1462533275", "route_id": "Red", "arr_dt": "1462533884", "direction": "0", "travel_time_sec": "609", "benchmark_travel_time_sec": "651"}, {"dep_dt": "1462533594", "route_id": "Red", "arr_dt": "1462534184", "direction": "0", "travel_time_sec": "590", "benchmark_travel_time_sec": "651"}, {"dep_dt": "1462533743", "route_id": "Red", "arr_dt": "1462534359", "direction": "0", "travel_time_sec": "616", "benchmark_travel_time_sec": "660"}, {"dep_dt": "1462534164", "route_id": "Red", "arr_dt": "1462534744", "direction": "0", "travel_time_sec": "580", "benchmark_travel_time_sec": "660"}, {"dep_dt": "1462534449", "route_id": "Red", "arr_dt": "1462535021", "direction": "0", "travel_time_sec": "572", "benchmark_travel_time_sec": "660"}, {"dep_dt": "1462534624", "route_id": "Red", "arr_dt": "1462535227", "direction": "0", "travel_time_sec": "603", "benchmark_travel_time_sec": "660"}, {"dep_dt": "1462534877", "route_id": "Red", "arr_dt": "1462535460", "direction": "0", "travel_time_sec": "583", "benchmark_travel_time_sec": "660"}, {"dep_dt": "1462535039", "route_id": "Red", "arr_dt": "1462535633", "direction": "0", "travel_time_sec": "594", "benchmark_travel_time_sec": "660"}, {"dep_dt": "1462535266", "route_id": "Red", "arr_dt": "1462535858", "direction": "0", "travel_time_sec": "592", "benchmark_travel_time_sec": "660"}, {"dep_dt": "1462535691", "route_id": "Red", "arr_dt": "1462536311", "direction": "0", "travel_time_sec": "620", "benchmark_travel_time_sec": "660"}, {"dep_dt": "1462535956", "route_id": "Red", "arr_dt": "1462536553", "direction": "0", "travel_time_sec": "597", "benchmark_travel_time_sec": "660"}, {"dep_dt": "1462536093", "route_id": "Red", "arr_dt": "1462536766", "direction": "0", "travel_time_sec": "673", "benchmark_travel_time_sec": "660"}, {"dep_dt": "1462536381", "route_id": "Red", "arr_dt": "1462536996", "direction": "0", "travel_time_sec": "615", "benchmark_travel_time_sec": "660"}, {"dep_dt": "1462536581", "route_id": "Red", "arr_dt": "1462537223", "direction": "0", "travel_time_sec": "642", "benchmark_travel_time_sec": "660"}, {"dep_dt": "1462536894", "route_id": "Red", "arr_dt": "1462537534", "direction": "0", "travel_time_sec": "640", "benchmark_travel_time_sec": "660"}, {"dep_dt": "1462537363", "route_id": "Red", "arr_dt": "1462538036", "direction": "0", "travel_time_sec": "673", "benchmark_travel_time_sec": "660"}, {"dep_dt": "1462537548", "route_id": "Red", "arr_dt": "1462538227", "direction": "0", "travel_time_sec": "679", "benchmark_travel_time_sec": "660"}, {"dep_dt": "1462537894", "route_id": "Red", "arr_dt": "1462538545", "direction": "0", "travel_time_sec": "651", "benchmark_travel_time_sec": "660"}, {"dep_dt": "1462538318", "route_id": "Red", "arr_dt": "1462538968", "direction": "0", "travel_time_sec": "650", "benchmark_travel_time_sec": "660"}, {"dep_dt": "1462538478", "route_id": "Red", "arr_dt": "1462539148", "direction": "0", "travel_time_sec": "670", "benchmark_travel_time_sec": "660"}, {"dep_dt": "1462538732", "route_id": "Red", "arr_dt": "1462539381", "direction": "0", "travel_time_sec": "649", "benchmark_travel_time_sec": "660"}, {"dep_dt": "1462538988", "route_id": "Red", "arr_dt": "1462539680", "direction": "0", "travel_time_sec": "692", "benchmark_travel_time_sec": "660"}, {"dep_dt": "1462539215", "route_id": "Red", "arr_dt": "1462539866", "direction": "0", "travel_time_sec": "651", "benchmark_travel_time_sec": "660"}, {"dep_dt": "1462539401", "route_id": "Red", "arr_dt": "1462540057", "direction": "0", "travel_time_sec": "656", "benchmark_travel_time_sec": "660"}, {"dep_dt": "1462539648", "route_id": "Red", "arr_dt": "1462540247", "direction": "0", "travel_time_sec": "599", "benchmark_travel_time_sec": "660"}, {"dep_dt": "1462539848", "route_id": "Red", "arr_dt": "1462540464", "direction": "0", "travel_time_sec": "616", "benchmark_travel_time_sec": "660"}, {"dep_dt": "1462540289", "route_id": "Red", "arr_dt": "1462540860", "direction": "0", "travel_time_sec": "571", "benchmark_travel_time_sec": "660"}, {"dep_dt": "1462540670", "route_id": "Red", "arr_dt": "1462541299", "direction": "0", "travel_time_sec": "629", "benchmark_travel_time_sec": "660"}, {"dep_dt": "1462540828", "route_id": "Red", "arr_dt": "1462541499", "direction": "0", "travel_time_sec": "671", "benchmark_travel_time_sec": "615"}, {"dep_dt": "1462541032", "route_id": "Red", "arr_dt": "1462541703", "direction": "0", "travel_time_sec": "671", "benchmark_travel_time_sec": "615"}, {"dep_dt": "1462541344", "route_id": "Red", "arr_dt": "1462541914", "direction": "0", "travel_time_sec": "570", "benchmark_travel_time_sec": "615"}, {"dep_dt": "1462541629", "route_id": "Red", "arr_dt": "1462542218", "direction": "0", "travel_time_sec": "589", "benchmark_travel_time_sec": "615"}, {"dep_dt": "1462541847", "route_id": "Red", "arr_dt": "1462542415", "direction": "0", "travel_time_sec": "568", "benchmark_travel_time_sec": "615"}, {"dep_dt": "1462542130", "route_id": "Red", "arr_dt": "1462542727", "direction": "0", "travel_time_sec": "597", "benchmark_travel_time_sec": "615"}, {"dep_dt": "1462542319", "route_id": "Red", "arr_dt": "1462542918", "direction": "0", "travel_time_sec": "599", "benchmark_travel_time_sec": "615"}, {"dep_dt": "1462542569", "route_id": "Red", "arr_dt": "1462543169", "direction": "0", "travel_time_sec": "600", "benchmark_travel_time_sec": "615"}, {"dep_dt": "1462542844", "route_id": "Red", "arr_dt": "1462543412", "direction": "0", "travel_time_sec": "568", "benchmark_travel_time_sec": "600"}, {"dep_dt": "1462543108", "route_id": "Red", "arr_dt": "1462543700", "direction": "0", "travel_time_sec": "592", "benchmark_travel_time_sec": "600"}, {"dep_dt": "1462543398", "route_id": "Red", "arr_dt": "1462544015", "direction": "0", "travel_time_sec": "617", "benchmark_travel_time_sec": "600"}, {"dep_dt": "1462543650", "route_id": "Red", "arr_dt": "1462544212", "direction": "0", "travel_time_sec": "562", "benchmark_travel_time_sec": "600"}, {"dep_dt": "1462543946", "route_id": "Red", "arr_dt": "1462544525", "direction": "0", "travel_time_sec": "579", "benchmark_travel_time_sec": "600"}, {"dep_dt": "1462544181", "route_id": "Red", "arr_dt": "1462544795", "direction": "0", "travel_time_sec": "614", "benchmark_travel_time_sec": "600"}, {"dep_dt": "1462544576", "route_id": "Red", "arr_dt": "1462545161", "direction": "0", "travel_time_sec": "585", "benchmark_travel_time_sec": "600"}, {"dep_dt": "1462544867", "route_id": "Red", "arr_dt": "1462545421", "direction": "0", "travel_time_sec": "554", "benchmark_travel_time_sec": "600"}, {"dep_dt": "1462545039", "route_id": "Red", "arr_dt": "1462545601", "direction": "0", "travel_time_sec": "562", "benchmark_travel_time_sec": "600"}, {"dep_dt": "1462545790", "route_id": "Red", "arr_dt": "1462546401", "direction": "0", "travel_time_sec": "611", "benchmark_travel_time_sec": "600"}, {"dep_dt": "1462545977", "route_id": "Red", "arr_dt": "1462546596", "direction": "0", "travel_time_sec": "619", "benchmark_travel_time_sec": "600"}, {"dep_dt": "1462546311", "route_id": "Red", "arr_dt": "1462546841", "direction": "0", "travel_time_sec": "530", "benchmark_travel_time_sec": "600"}, {"dep_dt": "1462546647", "route_id": "Red", "arr_dt": "1462547213", "direction": "0", "travel_time_sec": "566", "benchmark_travel_time_sec": "600"}, {"dep_dt": "1462547106", "route_id": "Red", "arr_dt": "1462547715", "direction": "0", "travel_time_sec": "609", "benchmark_travel_time_sec": "600"}, {"dep_dt": "1462547501", "route_id": "Red", "arr_dt": "1462548054", "direction": "0", "travel_time_sec": "553", "benchmark_travel_time_sec": "600"}, {"dep_dt": "1462547725", "route_id": "Red", "arr_dt": "1462548287", "direction": "0", "travel_time_sec": "562", "benchmark_travel_time_sec": "600"}, {"dep_dt": "1462548256", "route_id": "Red", "arr_dt": "1462548659", "direction": "0", "travel_time_sec": "403", "benchmark_travel_time_sec": "600"}, {"dep_dt": "1462548661", "route_id": "Red", "arr_dt": "1462549255", "direction": "0", "travel_time_sec": "594", "benchmark_travel_time_sec": "600"}, {"dep_dt": "1462548983", "route_id": "Red", "arr_dt": "1462549585", "direction": "0", "travel_time_sec": "602", "benchmark_travel_time_sec": "600"}, {"dep_dt": "1462549400", "route_id": "Red", "arr_dt": "1462550025", "direction": "0", "travel_time_sec": "625", "benchmark_travel_time_sec": "600"}, {"dep_dt": "1462549830", "route_id": "Red", "arr_dt": "1462550409", "direction": "0", "travel_time_sec": "579", "benchmark_travel_time_sec": "600"}, {"dep_dt": "1462550235", "route_id": "Red", "arr_dt": "1462550822", "direction": "0", "travel_time_sec": "587", "benchmark_travel_time_sec": "600"}, {"dep_dt": "1462550774", "route_id": "Red", "arr_dt": "1462551339", "direction": "0", "travel_time_sec": "565", "benchmark_travel_time_sec": "600"}, {"dep_dt": "1462551044", "route_id": "Red", "arr_dt": "1462551612", "direction": "0", "travel_time_sec": "568", "benchmark_travel_time_sec": "600"}, {"dep_dt": "1462551657", "route_id": "Red", "arr_dt": "1462552269", "direction": "0", "travel_time_sec": "612", "benchmark_travel_time_sec": "600"}, {"dep_dt": "1462551923", "route_id": "Red", "arr_dt": "1462552514", "direction": "0", "travel_time_sec": "591", "benchmark_travel_time_sec": "600"}, {"dep_dt": "1462552266", "route_id": "Red", "arr_dt": "1462552827", "direction": "0", "travel_time_sec": "561", "benchmark_travel_time_sec": "600"}, {"dep_dt": "1462552702", "route_id": "Red", "arr_dt": "1462553301", "direction": "0", "travel_time_sec": "599", "benchmark_travel_time_sec": "600"}, {"dep_dt": "1462553104", "route_id": "Red", "arr_dt": "1462553729", "direction": "0", "travel_time_sec": "625", "benchmark_travel_time_sec": "600"}, {"dep_dt": "1462553662", "route_id": "Red", "arr_dt": "1462554271", "direction": "0", "travel_time_sec": "609", "benchmark_travel_time_sec": "600"}, {"dep_dt": "1462554435", "route_id": "Red", "arr_dt": "1462555035", "direction": "0", "travel_time_sec": "600", "benchmark_travel_time_sec": "600"}, {"dep_dt": "1462554892", "route_id": "Red", "arr_dt": "1462555510", "direction": "0", "travel_time_sec": "618", "benchmark_travel_time_sec": "600"}, {"dep_dt": "1462555340", "route_id": "Red", "arr_dt": "1462555918", "direction": "0", "travel_time_sec": "578", "benchmark_travel_time_sec": "600"}, {"dep_dt": "1462555677", "route_id": "Red", "arr_dt": "1462556250", "direction": "0", "travel_time_sec": "573", "benchmark_travel_time_sec": "600"}, {"dep_dt": "1462556003", "route_id": "Red", "arr_dt": "1462556569", "direction": "0", "travel_time_sec": "566", "benchmark_travel_time_sec": "600"}, {"dep_dt": "1462556434", "route_id": "Red", "arr_dt": "1462557018", "direction": "0", "travel_time_sec": "584", "benchmark_travel_time_sec": "600"}, {"dep_dt": "1462556892", "threshold_flag_3": "threshold_id_06", "route_id": "Red", "arr_dt": "1462558526", "direction": "0", "threshold_flag_2": "threshold_id_05", "travel_time_sec": "1634", "threshold_flag_1": "threshold_id_04", "benchmark_travel_time_sec": "600"}, {"dep_dt": "1462558610", "route_id": "Red", "arr_dt": "1462559273", "direction": "0", "travel_time_sec": "663", "benchmark_travel_time_sec": "600"}, {"dep_dt": "1462558998", "route_id": "Red", "arr_dt": "1462559575", "direction": "0", "travel_time_sec": "577", "benchmark_travel_time_sec": "600"}, {"dep_dt": "1462559330", "route_id": "Red", "arr_dt": "1462559917", "direction": "0", "travel_time_sec": "587", "benchmark_travel_time_sec": "600"}, {"dep_dt": "1462559830", "route_id": "Red", "arr_dt": "1462560454", "direction": "0", "travel_time_sec": "624", "benchmark_travel_time_sec": "600"}, {"dep_dt": "1462560614", "route_id": "Red", "arr_dt": "1462561118", "direction": "0", "travel_time_sec": "504", "benchmark_travel_time_sec": "600"}, {"dep_dt": "1462560785", "route_id": "Red", "arr_dt": "1462561378", "direction": "0", "travel_time_sec": "593", "benchmark_travel_time_sec": "600"}, {"dep_dt": "1462561517", "route_id": "Red", "arr_dt": "1462562159", "direction": "0", "travel_time_sec": "642", "benchmark_travel_time_sec": "600"}, {"dep_dt": "1462561958", "route_id": "Red", "arr_dt": "1462562566", "direction": "0", "travel_time_sec": "608", "benchmark_travel_time_sec": "600"}, {"dep_dt": "1462562166", "route_id": "Red", "arr_dt": "1462563042", "direction": "0", "travel_time_sec": "876", "threshold_flag_1": "threshold_id_04", "benchmark_travel_time_sec": "600"}, {"dep_dt": "1462562837", "route_id": "Red", "arr_dt": "1462563493", "direction": "0", "travel_time_sec": "656", "benchmark_travel_time_sec": "600"}, {"dep_dt": "1462563208", "route_id": "Red", "arr_dt": "1462563838", "direction": "0", "travel_time_sec": "630", "benchmark_travel_time_sec": "600"}, {"dep_dt": "1462563605", "route_id": "Red", "arr_dt": "1462564272", "direction": "0", "travel_time_sec": "667", "benchmark_travel_time_sec": "600"}, {"dep_dt": "1462564097", "route_id": "Red", "arr_dt": "1462564679", "direction": "0", "travel_time_sec": "582", "benchmark_travel_time_sec": "600"}, {"dep_dt": "1462564484", "route_id": "Red", "arr_dt": "1462565049", "direction": "0", "travel_time_sec": "565", "benchmark_travel_time_sec": "700"}, {"dep_dt": "1462564649", "route_id": "Red", "arr_dt": "1462565320", "direction": "0", "travel_time_sec": "671", "benchmark_travel_time_sec": "700"}, {"dep_dt": "1462564974", "route_id": "Red", "arr_dt": "1462565553", "direction": "0", "travel_time_sec": "579", "benchmark_travel_time_sec": "700"}, {"dep_dt": "1462565173", "route_id": "Red", "arr_dt": "1462565781", "direction": "0", "travel_time_sec": "608", "benchmark_travel_time_sec": "700"}, {"dep_dt": "1462565371", "route_id": "Red", "arr_dt": "1462565963", "direction": "0", "travel_time_sec": "592", "benchmark_travel_time_sec": "700"}, {"dep_dt": "1462565767", "route_id": "Red", "arr_dt": "1462566377", "direction": "0", "travel_time_sec": "610", "benchmark_travel_time_sec": "700"}, {"dep_dt": "1462566033", "route_id": "Red", "arr_dt": "1462566687", "direction": "0", "travel_time_sec": "654", "benchmark_travel_time_sec": "720"}, {"dep_dt": "1462566655", "route_id": "Red", "arr_dt": "1462567194", "direction": "0", "travel_time_sec": "539", "benchmark_travel_time_sec": "720"}, {"dep_dt": "1462566888", "route_id": "Red", "arr_dt": "1462567520", "direction": "0", "travel_time_sec": "632", "benchmark_travel_time_sec": "720"}, {"dep_dt": "1462567157", "route_id": "Red", "arr_dt": "1462567789", "direction": "0", "travel_time_sec": "632", "benchmark_travel_time_sec": "720"}, {"dep_dt": "1462567479", "route_id": "Red", "arr_dt": "1462568070", "direction": "0", "travel_time_sec": "591", "benchmark_travel_time_sec": "720"}, {"dep_dt": "1462567822", "route_id": "Red", "arr_dt": "1462568430", "direction": "0", "travel_time_sec": "608", "benchmark_travel_time_sec": "720"}, {"dep_dt": "1462568089", "route_id": "Red", "arr_dt": "1462568748", "direction": "0", "travel_time_sec": "659", "benchmark_travel_time_sec": "720"}, {"dep_dt": "1462568609", "route_id": "Red", "arr_dt": "1462569274", "direction": "0", "travel_time_sec": "665", "benchmark_travel_time_sec": "720"}, {"dep_dt": "1462568812", "route_id": "Red", "arr_dt": "1462569510", "direction": "0", "travel_time_sec": "698", "benchmark_travel_time_sec": "720"}, {"dep_dt": "1462569085", "route_id": "Red", "arr_dt": "1462569805", "direction": "0", "travel_time_sec": "720", "benchmark_travel_time_sec": "720"}, {"dep_dt": "1462569788", "route_id": "Red", "arr_dt": "1462570463", "direction": "0", "travel_time_sec": "675", "benchmark_travel_time_sec": "720"}, {"dep_dt": "1462569924", "route_id": "Red", "arr_dt": "1462570689", "direction": "0", "travel_time_sec": "765", "benchmark_travel_time_sec": "720"}, {"dep_dt": "1462570188", "route_id": "Red", "arr_dt": "1462570878", "direction": "0", "travel_time_sec": "690", "benchmark_travel_time_sec": "720"}, {"dep_dt": "1462570589", "route_id": "Red", "arr_dt": "1462571207", "direction": "0", "travel_time_sec": "618", "benchmark_travel_time_sec": "720"}, {"dep_dt": "1462570913", "route_id": "Red", "arr_dt": "1462571522", "direction": "0", "travel_time_sec": "609", "benchmark_travel_time_sec": "720"}, {"dep_dt": "1462571071", "route_id": "Red", "arr_dt": "1462571705", "direction": "0", "travel_time_sec": "634", "benchmark_travel_time_sec": "720"}, {"dep_dt": "1462571424", "route_id": "Red", "arr_dt": "1462572183", "direction": "0", "travel_time_sec": "759", "benchmark_travel_time_sec": "668"}, {"dep_dt": "1462571921", "route_id": "Red", "arr_dt": "1462572621", "direction": "0", "travel_time_sec": "700", "benchmark_travel_time_sec": "668"}, {"dep_dt": "1462572489", "route_id": "Red", "arr_dt": "1462573185", "direction": "0", "travel_time_sec": "696", "benchmark_travel_time_sec": "668"}, {"dep_dt": "1462572737", "route_id": "Red", "arr_dt": "1462573374", "direction": "0", "travel_time_sec": "637", "benchmark_travel_time_sec": "668"}, {"dep_dt": "1462573206", "route_id": "Red", "arr_dt": "1462573765", "direction": "0", "travel_time_sec": "559", "benchmark_travel_time_sec": "668"}, {"dep_dt": "1462573277", "route_id": "Red", "arr_dt": "1462573962", "direction": "0", "travel_time_sec": "685", "benchmark_travel_time_sec": "660"}, {"dep_dt": "1462573572", "route_id": "Red", "arr_dt": "1462574191", "direction": "0", "travel_time_sec": "619", "benchmark_travel_time_sec": "660"}, {"dep_dt": "1462573736", "route_id": "Red", "arr_dt": "1462574391", "direction": "0", "travel_time_sec": "655", "benchmark_travel_time_sec": "660"}, {"dep_dt": "1462574077", "route_id": "Red", "arr_dt": "1462574639", "direction": "0", "travel_time_sec": "562", "benchmark_travel_time_sec": "660"}, {"dep_dt": "1462574411", "route_id": "Red", "arr_dt": "1462575016", "direction": "0", "travel_time_sec": "605", "benchmark_travel_time_sec": "660"}, {"dep_dt": "1462574794", "route_id": "Red", "arr_dt": "1462575354", "direction": "0", "travel_time_sec": "560", "benchmark_travel_time_sec": "660"}, {"dep_dt": "1462574988", "route_id": "Red", "arr_dt": "1462575640", "direction": "0", "travel_time_sec": "652", "benchmark_travel_time_sec": "660"}, {"dep_dt": "1462575388", "route_id": "Red", "arr_dt": "1462575995", "direction": "0", "travel_time_sec": "607", "benchmark_travel_time_sec": "660"}, {"dep_dt": "1462575550", "route_id": "Red", "arr_dt": "1462576194", "direction": "0", "travel_time_sec": "644", "benchmark_travel_time_sec": "660"}, {"dep_dt": "1462575794", "route_id": "Red", "arr_dt": "1462576389", "direction": "0", "travel_time_sec": "595", "benchmark_travel_time_sec": "660"}, {"dep_dt": "1462575968", "route_id": "Red", "arr_dt": "1462576556", "direction": "0", "travel_time_sec": "588", "benchmark_travel_time_sec": "660"}, {"dep_dt": "1462576342", "route_id": "Red", "arr_dt": "1462576927", "direction": "0", "travel_time_sec": "585", "benchmark_travel_time_sec": "660"}, {"dep_dt": "1462576593", "route_id": "Red", "arr_dt": "1462577153", "direction": "0", "travel_time_sec": "560", "benchmark_travel_time_sec": "660"}, {"dep_dt": "1462576962", "route_id": "Red", "arr_dt": "1462577536", "direction": "0", "travel_time_sec": "574", "benchmark_travel_time_sec": "660"}, {"dep_dt": "1462577117", "route_id": "Red", "arr_dt": "1462577699", "direction": "0", "travel_time_sec": "582", "benchmark_travel_time_sec": "660"}, {"dep_dt": "1462577669", "route_id": "Red", "arr_dt": "1462578224", "direction": "0", "travel_time_sec": "555", "benchmark_travel_time_sec": "660"}, {"dep_dt": "1462578075", "route_id": "Red", "arr_dt": "1462578658", "direction": "0", "travel_time_sec": "583", "benchmark_travel_time_sec": "660"}, {"dep_dt": "1462578436", "route_id": "Red", "arr_dt": "1462578862", "direction": "0", "travel_time_sec": "426", "benchmark_travel_time_sec": "660"}, {"dep_dt": "1462578487", "route_id": "Red", "arr_dt": "1462579064", "direction": "0", "travel_time_sec": "577", "benchmark_travel_time_sec": "660"}, {"dep_dt": "1462578821", "route_id": "Red", "arr_dt": "1462579401", "direction": "0", "travel_time_sec": "580", "benchmark_travel_time_sec": "550"}, {"dep_dt": "1462578984", "route_id": "Red", "arr_dt": "1462579584", "direction": "0", "travel_time_sec": "600", "benchmark_travel_time_sec": "550"}, {"dep_dt": "1462579344", "route_id": "Red", "arr_dt": "1462579897", "direction": "0", "travel_time_sec": "553", "benchmark_travel_time_sec": "550"}, {"dep_dt": "1462579608", "route_id": "Red", "arr_dt": "1462580149", "direction": "0", "travel_time_sec": "541", "benchmark_travel_time_sec": "550"}, {"dep_dt": "1462580076", "route_id": "Red", "arr_dt": "1462580652", "direction": "0", "travel_time_sec": "576", "benchmark_travel_time_sec": "550"}, {"dep_dt": "1462580318", "route_id": "Red", "arr_dt": "1462580868", "direction": "0", "travel_time_sec": "550", "benchmark_travel_time_sec": "550"}, {"dep_dt": "1462580696", "route_id": "Red", "arr_dt": "1462581263", "direction": "0", "travel_time_sec": "567", "benchmark_travel_time_sec": "540"}, {"dep_dt": "1462581212", "route_id": "Red", "arr_dt": "1462581848", "direction": "0", "travel_time_sec": "636", "benchmark_travel_time_sec": "540"}, {"dep_dt": "1462581670", "route_id": "Red", "arr_dt": "1462582222", "direction": "0", "travel_time_sec": "552", "benchmark_travel_time_sec": "540"}, {"dep_dt": "1462582007", "route_id": "Red", "arr_dt": "1462582566", "direction": "0", "travel_time_sec": "559", "benchmark_travel_time_sec": "540"}, {"dep_dt": "1462582342", "route_id": "Red", "arr_dt": "1462582938", "direction": "0", "travel_time_sec": "596", "benchmark_travel_time_sec": "540"}, {"dep_dt": "1462582669", "route_id": "Red", "arr_dt": "1462583242", "direction": "0", "travel_time_sec": "573", "benchmark_travel_time_sec": "540"}, {"dep_dt": "1462583123", "route_id": "Red", "arr_dt": "1462583698", "direction": "0", "travel_time_sec": "575", "benchmark_travel_time_sec": "540"}, {"dep_dt": "1462583539", "route_id": "Red", "arr_dt": "1462584102", "direction": "0", "travel_time_sec": "563", "benchmark_travel_time_sec": "540"}, {"dep_dt": "1462583771", "route_id": "Red", "arr_dt": "1462584304", "direction": "0", "travel_time_sec": "533", "benchmark_travel_time_sec": "540"}, {"dep_dt": "1462583908", "route_id": "Red", "arr_dt": "1462584482", "direction": "0", "travel_time_sec": "574", "benchmark_travel_time_sec": "540"}, {"dep_dt": "1462584324", "route_id": "Red", "arr_dt": "1462584868", "direction": "0", "travel_time_sec": "544", "benchmark_travel_time_sec": "540"}, {"dep_dt": "1462584623", "route_id": "Red", "arr_dt": "1462585206", "direction": "0", "travel_time_sec": "583", "benchmark_travel_time_sec": "540"}, {"dep_dt": "1462585093", "route_id": "Red", "arr_dt": "1462585670", "direction": "0", "travel_time_sec": "577", "benchmark_travel_time_sec": "540"}, {"dep_dt": "1462585531", "route_id": "Red", "arr_dt": "1462586106", "direction": "0", "travel_time_sec": "575", "benchmark_travel_time_sec": "540"}, {"dep_dt": "1462586045", "route_id": "Red", "arr_dt": "1462586642", "direction": "0", "travel_time_sec": "597", "benchmark_travel_time_sec": "540"}, {"dep_dt": "1462586263", "route_id": "Red", "arr_dt": "1462586836", "direction": "0", "travel_time_sec": "573", "benchmark_travel_time_sec": "540"}, {"dep_dt": "1462586645", "route_id": "Red", "arr_dt": "1462587214", "direction": "0", "travel_time_sec": "569", "benchmark_travel_time_sec": "540"}, {"dep_dt": "1462587026", "route_id": "Red", "arr_dt": "1462587631", "direction": "0", "travel_time_sec": "605", "benchmark_travel_time_sec": "540"}, {"dep_dt": "1462587187", "route_id": "Red", "arr_dt": "1462587802", "direction": "0", "travel_time_sec": "615", "benchmark_travel_time_sec": "540"}, {"dep_dt": "1462587602", "route_id": "Red", "arr_dt": "1462588214", "direction": "0", "travel_time_sec": "612", "benchmark_travel_time_sec": "540"}, {"dep_dt": "1462588112", "route_id": "Red", "arr_dt": "1462588729", "direction": "0", "travel_time_sec": "617", "benchmark_travel_time_sec": "540"}, {"dep_dt": "1462588356", "route_id": "Red", "arr_dt": "1462588922", "direction": "0", "travel_time_sec": "566", "benchmark_travel_time_sec": "540"}, {"dep_dt": "1462588603", "route_id": "Red", "arr_dt": "1462589150", "direction": "0", "travel_time_sec": "547", "benchmark_travel_time_sec": "540"}, {"dep_dt": "1462589112", "route_id": "Red", "arr_dt": "1462589669", "direction": "0", "travel_time_sec": "557", "benchmark_travel_time_sec": "540"}, {"dep_dt": "1462589295", "route_id": "Red", "arr_dt": "1462589856", "direction": "0", "travel_time_sec": "561", "benchmark_travel_time_sec": "540"}, {"dep_dt": "1462589711", "route_id": "Red", "arr_dt": "1462590310", "direction": "0", "travel_time_sec": "599", "benchmark_travel_time_sec": "540"}, {"dep_dt": "1462590165", "route_id": "Red", "arr_dt": "1462590740", "direction": "0", "travel_time_sec": "575", "benchmark_travel_time_sec": "540"}, {"dep_dt": "1462590411", "route_id": "Red", "arr_dt": "1462590977", "direction": "0", "travel_time_sec": "566", "benchmark_travel_time_sec": "540"}, {"dep_dt": "1462590986", "route_id": "Red", "arr_dt": "1462591534", "direction": "0", "travel_time_sec": "548", "benchmark_travel_time_sec": "540"}, {"dep_dt": "1462593093", "route_id": "Red", "arr_dt": "1462593501", "direction": "0", "travel_time_sec": "408", "benchmark_travel_time_sec": "540"}]}