{"travel_times": [{"dep_dt": "1459396323", "route_id": "Red", "arr_dt": "1459396865", "direction": "0", "travel_time_sec": "542", "benchmark_travel_time_sec": "540"}, {"dep_dt": "1459396717", "route_id": "Red", "arr_dt": "1459397268", "direction": "0", "travel_time_sec": "551", "benchmark_travel_time_sec": "540"}, {"dep_dt": "1459397068", "route_id": "Red", "arr_dt": "1459397607", "direction": "0", "travel_time_sec": "539", "benchmark_travel_time_sec": "540"}, {"dep_dt": "1459397562", "route_id": "Red", "arr_dt": "1459398093", "direction": "0", "travel_time_sec": "531", "benchmark_travel_time_sec": "540"}, {"dep_dt": "1459398104", "route_id": "Red", "arr_dt": "1459398658", "direction": "0", "travel_time_sec": "554", "benchmark_travel_time_sec": "540"}, {"dep_dt": "1459398746", "route_id": "Red", "arr_dt": "1459399300", "direction": "0", "travel_time_sec": "554", "benchmark_travel_time_sec": "540"}, {"dep_dt": "1459398970", "route_id": "Red", "arr_dt": "1459399490", "direction": "0", "travel_time_sec": "520", "benchmark_travel_time_sec": "540"}, {"dep_dt": "1459416276", "route_id": "Red", "arr_dt": "1459416801", "direction": "0", "travel_time_sec": "525", "benchmark_travel_time_sec": "540"}, {"dep_dt": "1459416752", "route_id": "Red", "arr_dt": "1459417317", "direction": "0", "travel_time_sec": "565", "benchmark_travel_time_sec": "540"}, {"dep_dt": "1459417180", "route_id": "Red", "arr_dt": "1459417747", "direction": "0", "travel_time_sec": "567", "benchmark_travel_time_sec": "540"}, {"dep_dt": "1459417624", "route_id": "Red", "arr_dt": "1459418199", "direction": "0", "travel_time_sec": "575", "benchmark_travel_time_sec": "540"}, {"dep_dt": "1459418106", "route_id": "Red", "arr_dt": "1459418667", "direction": "0", "travel_time_sec": "561", "benchmark_travel_time_sec": "540"}, {"dep_dt": "1459418534", "route_id": "Red", "arr_dt": "1459419087", "direction": "0", "travel_time_sec": "553", "benchmark_travel_time_sec": "540"}, {"dep_dt": "1459419135", "route_id": "Red", "arr_dt": "1459419752", "direction": "0", "travel_time_sec": "617", "benchmark_travel_time_sec": "540"}, {"dep_dt": "1459419538", "route_id": "Red", "arr_dt": "1459420096", "direction": "0", "travel_time_sec": "558", "benchmark_travel_time_sec": "540"}, {"dep_dt": "1459419810", "route_id": "Red", "arr_dt": "1459420368", "direction": "0", "travel_time_sec": "558", "benchmark_travel_time_sec": "540"}, {"dep_dt": "1459420049", "route_id": "Red", "arr_dt": "1459420598", "direction": "0", "travel_time_sec": "549", "benchmark_travel_time_sec": "540"}, {"dep_dt": "1459420397", "route_id": "Red", "arr_dt": "1459420940", "direction": "0", "travel_time_sec": "543", "benchmark_travel_time_sec": "540"}, {"dep_dt": "1459420579", "route_id": "Red", "arr_dt": "1459421139", "direction": "0", "travel_time_sec": "560", "benchmark_travel_time_sec": "540"}, {"dep_dt": "1459421006", "route_id": "Red", "arr_dt": "1459421589", "direction": "0", "travel_time_sec": "583", "benchmark_travel_time_sec": "540"}, {"dep_dt": "1459421404", "route_id": "Red", "arr_dt": "1459421961", "direction": "0", "travel_time_sec": "557", "benchmark_travel_time_sec": "540"}, {"dep_dt": "1459421690", "route_id": "Red", "arr_dt": "1459422301", "direction": "0", "travel_time_sec": "611", "benchmark_travel_time_sec": "651"}, {"dep_dt": "1459421866", "route_id": "Red", "arr_dt": "1459422476", "direction": "0", "travel_time_sec": "610", "benchmark_travel_time_sec": "651"}, {"dep_dt": "1459421993", "route_id": "Red", "arr_dt": "1459422665", "direction": "0", "travel_time_sec": "672", "benchmark_travel_time_sec": "651"}, {"dep_dt": "1459422519", "route_id": "Red", "arr_dt": "1459423133", "direction": "0", "travel_time_sec": "614", "benchmark_travel_time_sec": "651"}, {"dep_dt": "1459422892", "route_id": "Red", "arr_dt": "1459423494", "direction": "0", "travel_time_sec": "602", "benchmark_travel_time_sec": "651"}, {"dep_dt": "1459423366", "route_id": "Red", "arr_dt": "1459423985", "direction": "0", "travel_time_sec": "619", "benchmark_travel_time_sec": "660"}, {"dep_dt": "1459424063", "route_id": "Red", "arr_dt": "1459424766", "direction": "0", "travel_time_sec": "703", "benchmark_travel_time_sec": "660"}, {"dep_dt": "1459424241", "route_id": "Red", "arr_dt": "1459425000", "direction": "0", "travel_time_sec": "759", "benchmark_travel_time_sec": "660"}, {"dep_dt": "1459424467", "route_id": "Red", "arr_dt": "1459425250", "direction": "0", "travel_time_sec": "783", "benchmark_travel_time_sec": "660"}, {"dep_dt": "1459424665", "route_id": "Red", "arr_dt": "1459425473", "direction": "0", "travel_time_sec": "808", "benchmark_travel_time_sec": "660"}, {"dep_dt": "1459424906", "route_id": "Red", "arr_dt": "1459425676", "direction": "0", "travel_time_sec": "770", "benchmark_travel_time_sec": "660"}, {"dep_dt": "1459425089", "route_id": "Red", "arr_dt": "1459425862", "direction": "0", "travel_time_sec": "773", "benchmark_travel_time_sec": "660"}, {"dep_dt": "1459425287", "route_id": "Red", "arr_dt": "1459426028", "direction": "0", "travel_time_sec": "741", "benchmark_travel_time_sec": "660"}, {"dep_dt": "1459425455", "route_id": "Red", "arr_dt": "1459426236", "direction": "0", "travel_time_sec": "781", "benchmark_travel_time_sec": "660"}, {"dep_dt": "1459425720", "route_id": "Red", "arr_dt": "1459426411", "direction": "0", "travel_time_sec": "691", "benchmark_travel_time_sec": "660"}, {"dep_dt": "1459425974", "route_id": "Red", "arr_dt": "1459426621", "direction": "0", "travel_time_sec": "647", "benchmark_travel_time_sec": "660"}, {"dep_dt": "1459426181", "route_id": "Red", "arr_dt": "1459426860", "direction": "0", "travel_time_sec": "679", "benchmark_travel_time_sec": "660"}, {"dep_dt": "1459426349", "route_id": "Red", "arr_dt": "1459427079", "direction": "0", "travel_time_sec": "730", "benchmark_travel_time_sec": "660"}, {"dep_dt": "1459426565", "route_id": "Red", "arr_dt": "1459427261", "direction": "0", "travel_time_sec": "696", "benchmark_travel_time_sec": "660"}, {"dep_dt": "1459426722", "route_id": "Red", "arr_dt": "1459427498", "direction": "0", "travel_time_sec": "776", "benchmark_travel_time_sec": "660"}, {"dep_dt": "1459426996", "route_id": "Red", "arr_dt": "1459427700", "direction": "0", "travel_time_sec": "704", "benchmark_travel_time_sec": "660"}, {"dep_dt": "1459427174", "route_id": "Red", "arr_dt": "1459427902", "direction": "0", "travel_time_sec": "728", "benchmark_travel_time_sec": "660"}, {"dep_dt": "1459427388", "route_id": "Red", "arr_dt": "1459428126", "direction": "0", "travel_time_sec": "738", "benchmark_travel_time_sec": "660"}, {"dep_dt": "1459427602", "route_id": "Red", "arr_dt": "1459428315", "direction": "0", "travel_time_sec": "713", "benchmark_travel_time_sec": "660"}, {"dep_dt": "1459427905", "route_id": "Red", "arr_dt": "1459428549", "direction": "0", "travel_time_sec": "644", "benchmark_travel_time_sec": "660"}, {"dep_dt": "1459428064", "route_id": "Red", "arr_dt": "1459428746", "direction": "0", "travel_time_sec": "682", "benchmark_travel_time_sec": "660"}, {"dep_dt": "1459428323", "route_id": "Red", "arr_dt": "1459428974", "direction": "0", "travel_time_sec": "651", "benchmark_travel_time_sec": "660"}, {"dep_dt": "1459428571", "route_id": "Red", "arr_dt": "1459429194", "direction": "0", "travel_time_sec": "623", "benchmark_travel_time_sec": "660"}, {"dep_dt": "1459428784", "route_id": "Red", "arr_dt": "1459429404", "direction": "0", "travel_time_sec": "620", "benchmark_travel_time_sec": "660"}, {"dep_dt": "1459429224", "route_id": "Red", "arr_dt": "1459429864", "direction": "0", "travel_time_sec": "640", "benchmark_travel_time_sec": "660"}, {"dep_dt": "1459429456", "route_id": "Red", "arr_dt": "1459430089", "direction": "0", "travel_time_sec": "633", "benchmark_travel_time_sec": "660"}, {"dep_dt": "1459429753", "route_id": "Red", "arr_dt": "1459430365", "direction": "0", "travel_time_sec": "612", "benchmark_travel_time_sec": "660"}, {"dep_dt": "1459430158", "route_id": "Red", "arr_dt": "1459430814", "direction": "0", "travel_time_sec": "656", "benchmark_travel_time_sec": "660"}, {"dep_dt": "1459430398", "route_id": "Red", "arr_dt": "1459431007", "direction": "0", "travel_time_sec": "609", "benchmark_travel_time_sec": "615"}, {"dep_dt": "1459430567", "route_id": "Red", "arr_dt": "1459431205", "direction": "0", "travel_time_sec": "638", "benchmark_travel_time_sec": "615"}, {"dep_dt": "1459430946", "route_id": "Red", "arr_dt": "1459431557", "direction": "0", "travel_time_sec": "611", "benchmark_travel_time_sec": "615"}, {"dep_dt": "1459431168", "route_id": "Red", "arr_dt": "1459431779", "direction": "0", "travel_time_sec": "611", "benchmark_travel_time_sec": "615"}, {"dep_dt": "1459431405", "route_id": "Red", "arr_dt": "1459431978", "direction": "0", "travel_time_sec": "573", "benchmark_travel_time_sec": "615"}, {"dep_dt": "1459431784", "route_id": "Red", "arr_dt": "1459432273", "direction": "0", "travel_time_sec": "489", "benchmark_travel_time_sec": "615"}, {"dep_dt": "1459432047", "route_id": "Red", "arr_dt": "1459432661", "direction": "0", "travel_time_sec": "614", "benchmark_travel_time_sec": "615"}, {"dep_dt": "1459432256", "route_id": "Red", "arr_dt": "1459432857", "direction": "0", "travel_time_sec": "601", "benchmark_travel_time_sec": "600"}, {"dep_dt": "1459432597", "route_id": "Red", "arr_dt": "1459433228", "direction": "0", "travel_time_sec": "631", "benchmark_travel_time_sec": "600"}, {"dep_dt": "1459432777", "route_id": "Red", "arr_dt": "1459433391", "direction": "0", "travel_time_sec": "614", "benchmark_travel_time_sec": "600"}, {"dep_dt": "1459432944", "route_id": "Red", "arr_dt": "1459433587", "direction": "0", "travel_time_sec": "643", "benchmark_travel_time_sec": "600"}, {"dep_dt": "1459433226", "route_id": "Red", "arr_dt": "1459433878", "direction": "0", "travel_time_sec": "652", "benchmark_travel_time_sec": "600"}, {"dep_dt": "1459433415", "route_id": "Red", "arr_dt": "1459434081", "direction": "0", "travel_time_sec": "666", "benchmark_travel_time_sec": "600"}, {"dep_dt": "1459433644", "route_id": "Red", "arr_dt": "1459434272", "direction": "0", "travel_time_sec": "628", "benchmark_travel_time_sec": "600"}, {"dep_dt": "1459433953", "route_id": "Red", "arr_dt": "1459434604", "direction": "0", "travel_time_sec": "651", "benchmark_travel_time_sec": "600"}, {"dep_dt": "1459434223", "route_id": "Red", "arr_dt": "1459434781", "direction": "0", "travel_time_sec": "558", "benchmark_travel_time_sec": "600"}, {"dep_dt": "1459434326", "route_id": "Red", "arr_dt": "1459434941", "direction": "0", "travel_time_sec": "615", "benchmark_travel_time_sec": "600"}, {"dep_dt": "1459434533", "route_id": "Red", "arr_dt": "1459435131", "direction": "0", "travel_time_sec": "598", "benchmark_travel_time_sec": "600"}, {"dep_dt": "1459434879", "route_id": "Red", "arr_dt": "1459435431", "direction": "0", "travel_time_sec": "552", "benchmark_travel_time_sec": "600"}, {"dep_dt": "1459435198", "route_id": "Red", "arr_dt": "1459435754", "direction": "0", "travel_time_sec": "556", "benchmark_travel_time_sec": "600"}, {"dep_dt": "1459443123", "route_id": "Red", "arr_dt": "1459443667", "direction": "0", "travel_time_sec": "544", "benchmark_travel_time_sec": "600"}, {"dep_dt": "1459443555", "route_id": "Red", "arr_dt": "1459444148", "direction": "0", "travel_time_sec": "593", "benchmark_travel_time_sec": "600"}, {"dep_dt": "1459443932", "route_id": "Red", "arr_dt": "1459444508", "direction": "0", "travel_time_sec": "576", "benchmark_travel_time_sec": "600"}, {"dep_dt": "1459444408", "route_id": "Red", "arr_dt": "1459445024", "direction": "0", "travel_time_sec": "616", "benchmark_travel_time_sec": "600"}, {"dep_dt": "1459444826", "route_id": "Red", "arr_dt": "1459445401", "direction": "0", "travel_time_sec": "575", "benchmark_travel_time_sec": "600"}, {"dep_dt": "1459445306", "route_id": "Red", "arr_dt": "1459445875", "direction": "0", "travel_time_sec": "569", "benchmark_travel_time_sec": "600"}, {"dep_dt": "1459445647", "route_id": "Red", "arr_dt": "1459446208", "direction": "0", "travel_time_sec": "561", "benchmark_travel_time_sec": "600"}, {"dep_dt": "1459446054", "route_id": "Red", "arr_dt": "1459446634", "direction": "0", "travel_time_sec": "580", "benchmark_travel_time_sec": "600"}, {"dep_dt": "1459446558", "route_id": "Red", "arr_dt": "1459447157", "direction": "0", "travel_time_sec": "599", "benchmark_travel_time_sec": "600"}, {"dep_dt": "1459446877", "route_id": "Red", "arr_dt": "1459447412", "direction": "0", "travel_time_sec": "535", "benchmark_travel_time_sec": "600"}, {"dep_dt": "1459447319", "route_id": "Red", "arr_dt": "1459447887", "direction": "0", "travel_time_sec": "568", "benchmark_travel_time_sec": "600"}, {"dep_dt": "1459447828", "route_id": "Red", "arr_dt": "1459448370", "direction": "0", "travel_time_sec": "542", "benchmark_travel_time_sec": "600"}, {"dep_dt": "1459448247", "route_id": "Red", "arr_dt": "1459448827", "direction": "0", "travel_time_sec": "580", "benchmark_travel_time_sec": "600"}, {"dep_dt": "1459448568", "route_id": "Red", "arr_dt": "1459449111", "direction": "0", "travel_time_sec": "543", "benchmark_travel_time_sec": "600"}, {"dep_dt": "1459449122", "route_id": "Red", "arr_dt": "1459449746", "direction": "0", "travel_time_sec": "624", "benchmark_travel_time_sec": "600"}, {"dep_dt": "1459449380", "route_id": "Red", "arr_dt": "1459449976", "direction": "0", "travel_time_sec": "596", "benchmark_travel_time_sec": "600"}, {"dep_dt": "1459449841", "route_id": "Red", "arr_dt": "1459450444", "direction": "0", "travel_time_sec": "603", "benchmark_travel_time_sec": "600"}, {"dep_dt": "1459450266", "route_id": "Red", "arr_dt": "1459450815", "direction": "0", "travel_time_sec": "549", "benchmark_travel_time_sec": "600"}, {"dep_dt": "1459450793", "route_id": "Red", "arr_dt": "1459451423", "direction": "0", "travel_time_sec": "630", "benchmark_travel_time_sec": "600"}, {"dep_dt": "1459451264", "route_id": "Red", "arr_dt": "1459451885", "direction": "0", "travel_time_sec": "621", "benchmark_travel_time_sec": "600"}, {"dep_dt": "1459451743", "route_id": "Red", "arr_dt": "1459452354", "direction": "0", "travel_time_sec": "611", "benchmark_travel_time_sec": "600"}, {"dep_dt": "1459451980", "route_id": "Red", "arr_dt": "1459452602", "direction": "0", "travel_time_sec": "622", "benchmark_travel_time_sec": "600"}, {"dep_dt": "1459452187", "route_id": "Red", "arr_dt": "1459452860", "direction": "0", "travel_time_sec": "673", "benchmark_travel_time_sec": "600"}, {"dep_dt": "1459452671", "route_id": "Red", "arr_dt": "1459453131", "direction": "0", "travel_time_sec": "460", "benchmark_travel_time_sec": "600"}, {"dep_dt": "1459452994", "route_id": "Red", "arr_dt": "1459453569", "direction": "0", "travel_time_sec": "575", "benchmark_travel_time_sec": "600"}, {"dep_dt": "1459453251", "route_id": "Red", "arr_dt": "1459453831", "direction": "0", "travel_time_sec": "580", "benchmark_travel_time_sec": "600"}, {"dep_dt": "1459453636", "route_id": "Red", "arr_dt": "1459454298", "direction": "0", "travel_time_sec": "662", "benchmark_travel_time_sec": "600"}, {"dep_dt": "1459453904", "route_id": "Red", "arr_dt": "1459454497", "direction": "0", "travel_time_sec": "593", "benchmark_travel_time_sec": "700"}, {"dep_dt": "1459454140", "route_id": "Red", "arr_dt": "1459454761", "direction": "0", "travel_time_sec": "621", "benchmark_travel_time_sec": "700"}, {"dep_dt": "1459454728", "route_id": "Red", "arr_dt": "1459455531", "direction": "0", "travel_time_sec": "803", "benchmark_travel_time_sec": "700"}, {"dep_dt": "1459455101", "route_id": "Red", "arr_dt": "1459456063", "direction": "0", "travel_time_sec": "962", "threshold_flag_1": "threshold_id_04", "benchmark_travel_time_sec": "700"}, {"dep_dt": "1459455428", "route_id": "Red", "arr_dt": "1459456269", "direction": "0", "travel_time_sec": "841", "benchmark_travel_time_sec": "720"}, {"dep_dt": "1459455898", "route_id": "Red", "arr_dt": "1459456484", "direction": "0", "travel_time_sec": "586", "benchmark_travel_time_sec": "720"}, {"dep_dt": "1459455967", "route_id": "Red", "arr_dt": "1459456684", "direction": "0", "travel_time_sec": "717", "benchmark_travel_time_sec": "720"}, {"dep_dt": "1459456368", "route_id": "Red", "arr_dt": "1459456984", "direction": "0", "travel_time_sec": "616", "benchmark_travel_time_sec": "720"}, {"dep_dt": "1459456655", "route_id": "Red", "arr_dt": "1459457322", "direction": "0", "travel_time_sec": "667", "benchmark_travel_time_sec": "720"}, {"dep_dt": "1459456869", "route_id": "Red", "arr_dt": "1459457514", "direction": "0", "travel_time_sec": "645", "benchmark_travel_time_sec": "720"}, {"dep_dt": "1459457114", "route_id": "Red", "arr_dt": "1459457739", "direction": "0", "travel_time_sec": "625", "benchmark_travel_time_sec": "720"}, {"dep_dt": "1459457299", "route_id": "Red", "arr_dt": "1459457972", "direction": "0", "travel_time_sec": "673", "benchmark_travel_time_sec": "720"}, {"dep_dt": "1459457573", "route_id": "Red", "arr_dt": "1459458208", "direction": "0", "travel_time_sec": "635", "benchmark_travel_time_sec": "720"}, {"dep_dt": "1459457797", "route_id": "Red", "arr_dt": "1459458427", "direction": "0", "travel_time_sec": "630", "benchmark_travel_time_sec": "720"}, {"dep_dt": "1459458076", "route_id": "Red", "arr_dt": "1459458752", "direction": "0", "travel_time_sec": "676", "benchmark_travel_time_sec": "720"}, {"dep_dt": "1459458497", "route_id": "Red", "arr_dt": "1459459205", "direction": "0", "travel_time_sec": "708", "benchmark_travel_time_sec": "720"}, {"dep_dt": "1459458682", "route_id": "Red", "arr_dt": "1459459385", "direction": "0", "travel_time_sec": "703", "benchmark_travel_time_sec": "720"}, {"dep_dt": "1459458997", "route_id": "Red", "arr_dt": "1459459638", "direction": "0", "travel_time_sec": "641", "benchmark_travel_time_sec": "720"}, {"dep_dt": "1459459157", "route_id": "Red", "arr_dt": "1459459845", "direction": "0", "travel_time_sec": "688", "benchmark_travel_time_sec": "720"}, {"dep_dt": "1459459392", "route_id": "Red", "arr_dt": "1459460105", "direction": "0", "travel_time_sec": "713", "benchmark_travel_time_sec": "720"}, {"dep_dt": "1459459555", "route_id": "Red", "arr_dt": "1459460308", "direction": "0", "travel_time_sec": "753", "benchmark_travel_time_sec": "720"}, {"dep_dt": "1459459815", "route_id": "Red", "arr_dt": "1459460512", "direction": "0", "travel_time_sec": "697", "benchmark_travel_time_sec": "720"}, {"dep_dt": "1459459988", "route_id": "Red", "arr_dt": "1459460707", "direction": "0", "travel_time_sec": "719", "benchmark_travel_time_sec": "720"}, {"dep_dt": "1459460358", "route_id": "Red", "arr_dt": "1459461001", "direction": "0", "travel_time_sec": "643", "benchmark_travel_time_sec": "720"}, {"dep_dt": "1459460542", "route_id": "Red", "arr_dt": "1459461192", "direction": "0", "travel_time_sec": "650", "benchmark_travel_time_sec": "720"}, {"dep_dt": "1459460866", "route_id": "Red", "arr_dt": "1459461500", "direction": "0", "travel_time_sec": "634", "benchmark_travel_time_sec": "720"}, {"dep_dt": "1459461372", "route_id": "Red", "arr_dt": "1459462011", "direction": "0", "travel_time_sec": "639", "benchmark_travel_time_sec": "668"}, {"dep_dt": "1459461527", "route_id": "Red", "arr_dt": "1459462219", "direction": "0", "travel_time_sec": "692", "benchmark_travel_time_sec": "668"}, {"dep_dt": "1459461810", "route_id": "Red", "arr_dt": "1459462446", "direction": "0", "travel_time_sec": "636", "benchmark_travel_time_sec": "668"}, {"dep_dt": "1459462143", "route_id": "Red", "arr_dt": "1459462715", "direction": "0", "travel_time_sec": "572", "benchmark_travel_time_sec": "668"}, {"dep_dt": "1459462340", "route_id": "Red", "arr_dt": "1459462938", "direction": "0", "travel_time_sec": "598", "benchmark_travel_time_sec": "668"}, {"dep_dt": "1459462688", "route_id": "Red", "arr_dt": "1459463247", "direction": "0", "travel_time_sec": "559", "benchmark_travel_time_sec": "668"}, {"dep_dt": "1459463054", "route_id": "Red", "arr_dt": "1459463647", "direction": "0", "travel_time_sec": "593", "benchmark_travel_time_sec": "660"}, {"dep_dt": "1459463319", "route_id": "Red", "arr_dt": "1459463889", "direction": "0", "travel_time_sec": "570", "benchmark_travel_time_sec": "660"}, {"dep_dt": "1459463499", "route_id": "Red", "arr_dt": "1459464093", "direction": "0", "travel_time_sec": "594", "benchmark_travel_time_sec": "660"}, {"dep_dt": "1459463737", "route_id": "Red", "arr_dt": "1459464303", "direction": "0", "travel_time_sec": "566", "benchmark_travel_time_sec": "660"}, {"dep_dt": "1459463895", "route_id": "Red", "arr_dt": "1459464484", "direction": "0", "travel_time_sec": "589", "benchmark_travel_time_sec": "660"}, {"dep_dt": "1459464088", "route_id": "Red", "arr_dt": "1459464699", "direction": "0", "travel_time_sec": "611", "benchmark_travel_time_sec": "660"}, {"dep_dt": "1459464310", "route_id": "Red", "arr_dt": "1459464914", "direction": "0", "travel_time_sec": "604", "benchmark_travel_time_sec": "660"}, {"dep_dt": "1459464485", "route_id": "Red", "arr_dt": "1459465104", "direction": "0", "travel_time_sec": "619", "benchmark_travel_time_sec": "660"}, {"dep_dt": "1459464670", "route_id": "Red", "arr_dt": "1459465295", "direction": "0", "travel_time_sec": "625", "benchmark_travel_time_sec": "660"}, {"dep_dt": "1459464936", "route_id": "Red", "arr_dt": "1459465511", "direction": "0", "travel_time_sec": "575", "benchmark_travel_time_sec": "660"}, {"dep_dt": "1459465089", "route_id": "Red", "arr_dt": "1459465696", "direction": "0", "travel_time_sec": "607", "benchmark_travel_time_sec": "660"}, {"dep_dt": "1459465316", "route_id": "Red", "arr_dt": "1459465876", "direction": "0", "travel_time_sec": "560", "benchmark_travel_time_sec": "660"}, {"dep_dt": "1459465531", "route_id": "Red", "arr_dt": "1459466188", "direction": "0", "travel_time_sec": "657", "benchmark_travel_time_sec": "660"}, {"dep_dt": "1459466016", "route_id": "Red", "arr_dt": "1459466691", "direction": "0", "travel_time_sec": "675", "benchmark_travel_time_sec": "660"}, {"dep_dt": "1459466577", "route_id": "Red", "arr_dt": "1459467171", "direction": "0", "travel_time_sec": "594", "benchmark_travel_time_sec": "660"}, {"dep_dt": "1459466756", "route_id": "Red", "arr_dt": "1459467374", "direction": "0", "travel_time_sec": "618", "benchmark_travel_time_sec": "660"}, {"dep_dt": "1459467003", "route_id": "Red", "arr_dt": "1459467579", "direction": "0", "travel_time_sec": "576", "benchmark_travel_time_sec": "660"}, {"dep_dt": "1459467153", "route_id": "Red", "arr_dt": "1459467757", "direction": "0", "travel_time_sec": "604", "benchmark_travel_time_sec": "660"}, {"dep_dt": "1459467325", "route_id": "Red", "arr_dt": "1459467931", "direction": "0", "travel_time_sec": "606", "benchmark_travel_time_sec": "660"}, {"dep_dt": "1459467725", "route_id": "Red", "arr_dt": "1459468316", "direction": "0", "travel_time_sec": "591", "benchmark_travel_time_sec": "660"}, {"dep_dt": "1459468156", "route_id": "Red", "arr_dt": "1459468804", "direction": "0", "travel_time_sec": "648", "benchmark_travel_time_sec": "550"}, {"dep_dt": "1459468306", "route_id": "Red", "arr_dt": "1459468983", "direction": "0", "travel_time_sec": "677", "benchmark_travel_time_sec": "550"}, {"dep_dt": "1459468475", "route_id": "Red", "arr_dt": "1459469165", "direction": "0", "travel_time_sec": "690", "benchmark_travel_time_sec": "550"}, {"dep_dt": "1459468630", "route_id": "Red", "arr_dt": "1459469334", "direction": "0", "travel_time_sec": "704", "benchmark_travel_time_sec": "550"}, {"dep_dt": "1459468904", "route_id": "Red", "arr_dt": "1459469505", "direction": "0", "travel_time_sec": "601", "benchmark_travel_time_sec": "550"}, {"dep_dt": "1459469171", "route_id": "Red", "arr_dt": "1459469745", "direction": "0", "travel_time_sec": "574", "benchmark_travel_time_sec": "550"}, {"dep_dt": "1459469741", "route_id": "Red", "arr_dt": "1459470084", "direction": "0", "travel_time_sec": "343", "benchmark_travel_time_sec": "550"}, {"dep_dt": "1459469978", "route_id": "Red", "arr_dt": "1459470575", "direction": "0", "travel_time_sec": "597", "benchmark_travel_time_sec": "550"}, {"dep_dt": "1459470385", "route_id": "Red", "arr_dt": "1459470979", "direction": "0", "travel_time_sec": "594", "benchmark_travel_time_sec": "540"}, {"dep_dt": "1459470635", "route_id": "Red", "arr_dt": "1459471185", "direction": "0", "travel_time_sec": "550", "benchmark_travel_time_sec": "540"}, {"dep_dt": "1459471166", "route_id": "Red", "arr_dt": "1459471720", "direction": "0", "travel_time_sec": "554", "benchmark_travel_time_sec": "540"}, {"dep_dt": "1459471309", "route_id": "Red", "arr_dt": "1459471912", "direction": "0", "travel_time_sec": "603", "benchmark_travel_time_sec": "540"}, {"dep_dt": "1459471792", "route_id": "Red", "arr_dt": "1459472406", "direction": "0", "travel_time_sec": "614", "benchmark_travel_time_sec": "540"}, {"dep_dt": "1459472116", "route_id": "Red", "arr_dt": "1459472686", "direction": "0", "travel_time_sec": "570", "benchmark_travel_time_sec": "540"}, {"dep_dt": "1459472459", "route_id": "Red", "arr_dt": "1459473037", "direction": "0", "travel_time_sec": "578", "benchmark_travel_time_sec": "540"}, {"dep_dt": "1459472797", "route_id": "Red", "arr_dt": "1459473391", "direction": "0", "travel_time_sec": "594", "benchmark_travel_time_sec": "540"}, {"dep_dt": "1459473268", "route_id": "Red", "arr_dt": "1459473864", "direction": "0", "travel_time_sec": "596", "benchmark_travel_time_sec": "540"}, {"dep_dt": "1459473445", "route_id": "Red", "arr_dt": "1459474066", "direction": "0", "travel_time_sec": "621", "benchmark_travel_time_sec": "540"}, {"dep_dt": "1459473839", "route_id": "Red", "arr_dt": "1459474385", "direction": "0", "travel_time_sec": "546", "benchmark_travel_time_sec": "540"}, {"dep_dt": "1459474446", "route_id": "Red", "arr_dt": "1459475156", "direction": "0", "travel_time_sec": "710", "benchmark_travel_time_sec": "540"}, {"dep_dt": "1459475127", "route_id": "Red", "arr_dt": "1459475688", "direction": "0", "travel_time_sec": "561", "benchmark_travel_time_sec": "540"}, {"dep_dt": "1459475409", "route_id": "Red", "arr_dt": "1459475955", "direction": "0", "travel_time_sec": "546", "benchmark_travel_time_sec": "540"}, {"dep_dt": "1459475714", "route_id": "Red", "arr_dt": "1459476273", "direction": "0", "travel_time_sec": "559", "benchmark_travel_time_sec": "540"}, {"dep_dt": "1459475860", "route_id": "Red", "arr_dt": "1459476454", "direction": "0", "travel_time_sec": "594", "benchmark_travel_time_sec": "540"}, {"dep_dt": "1459476270", "route_id": "Red", "arr_dt": "1459476856", "direction": "0", "travel_time_sec": "586", "benchmark_travel_time_sec": "540"}, {"dep_dt": "1459476616", "route_id": "Red", "arr_dt": "1459477270", "direction": "0", "travel_time_sec": "654", "benchmark_travel_time_sec": "540"}, {"dep_dt": "1459476854", "route_id": "Red", "arr_dt": "1459477431", "direction": "0", "travel_time_sec": "577", "benchmark_travel_time_sec": "540"}, {"dep_dt": "1459477345", "route_id": "Red", "arr_dt": "1459477896", "direction": "0", "travel_time_sec": "551", "benchmark_travel_time_sec": "540"}, {"dep_dt": "1459477676", "route_id": "Red", "arr_dt": "1459478235", "direction": "0", "travel_time_sec": "559", "benchmark_travel_time_sec": "540"}, {"dep_dt": "1459477822", "route_id": "Red", "arr_dt": "1459478412", "direction": "0", "travel_time_sec": "590", "benchmark_travel_time_sec": "540"}, {"dep_dt": "1459478179", "route_id": "Red", "arr_dt": "1459478725", "direction": "0", "travel_time_sec": "546", "benchmark_travel_time_sec": "540"}, {"dep_dt": "1459478396", "route_id": "Red", "arr_dt": "1459478932", "direction": "0", "travel_time_sec": "536", "benchmark_travel_time_sec": "540"}, {"dep_dt": "1459478924", "route_id": "Red", "arr_dt": "1459479481", "direction": "0", "travel_time_sec": "557", "benchmark_travel_time_sec": "540"}, {"dep_dt": "1459479236", "route_id": "Red", "arr_dt": "1459479881", "direction": "0", "travel_time_sec": "645", "benchmark_travel_time_sec": "540"}, {"dep_dt": "1459480099", "route_id": "Red", "arr_dt": "1459480719", "direction": "0", "travel_time_sec": "620", "benchmark_travel_time_sec": "540"}, {"dep_dt": "1459480583", "route_id": "Red", "arr_dt": "1459481150", "direction": "0", "travel_time_sec": "567", "benchmark_travel_time_sec": "540"}, {"dep_dt": "1459480852", "route_id": "Red", "arr_dt": "1459481436", "direction": "0", "travel_time_sec": "584", "benchmark_travel_time_sec": "540"}, {"dep_dt": "1459481093", "route_id": "Red", "arr_dt": "1459481689", "direction": "0", "travel_time_sec": "596", "benchmark_travel_time_sec": "540"}, {"dep_dt": "1459481327", "route_id": "Red", "arr_dt": "1459481889", "direction": "0", "travel_time_sec": "562", "benchmark_travel_time_sec": "540"}, {"dep_dt": "1459481603", "route_id": "Red", "arr_dt": "1459482151", "direction": "0", "travel_time_sec": "548", "benchmark_travel_time_sec": "540"}, {"dep_dt": "1459482037", "route_id": "Red", "arr_dt": "1459482593", "direction": "0", "travel_time_sec": "556", "benchmark_travel_time_sec": "540"}, {"dep_dt": "1459482269", "route_id": "Red", "arr_dt": "1459482800", "direction": "0", "travel_time_sec": "531", "benchmark_travel_time_sec": "540"}]}